[2025-11-17T01:43:41.763+0000] {processor.py:161} INFO - Started process (PID=164) to work on /opt/airflow/dags/sodai_pipeline.py
[2025-11-17T01:43:41.764+0000] {processor.py:830} INFO - Processing file /opt/airflow/dags/sodai_pipeline.py for tasks to queue
[2025-11-17T01:43:41.767+0000] {logging_mixin.py:188} INFO - [2025-11-17T01:43:41.767+0000] {dagbag.py:545} INFO - Filling up the DagBag from /opt/airflow/dags/sodai_pipeline.py
[2025-11-17T01:43:41.782+0000] {processor.py:840} INFO - DAG(s) 'sodai_pipeline_dag' retrieved from /opt/airflow/dags/sodai_pipeline.py
[2025-11-17T01:43:41.856+0000] {logging_mixin.py:188} INFO - [2025-11-17T01:43:41.856+0000] {dag.py:3096} INFO - Sync 1 DAGs
[2025-11-17T01:43:41.878+0000] {processor.py:183} INFO - Processing /opt/airflow/dags/sodai_pipeline.py took 0.120 seconds
[2025-11-17T01:44:12.539+0000] {processor.py:161} INFO - Started process (PID=172) to work on /opt/airflow/dags/sodai_pipeline.py
[2025-11-17T01:44:12.541+0000] {processor.py:830} INFO - Processing file /opt/airflow/dags/sodai_pipeline.py for tasks to queue
[2025-11-17T01:44:12.560+0000] {logging_mixin.py:188} INFO - [2025-11-17T01:44:12.559+0000] {dagbag.py:545} INFO - Filling up the DagBag from /opt/airflow/dags/sodai_pipeline.py
[2025-11-17T01:44:12.609+0000] {processor.py:840} INFO - DAG(s) 'sodai_pipeline_dag' retrieved from /opt/airflow/dags/sodai_pipeline.py
[2025-11-17T01:44:12.711+0000] {logging_mixin.py:188} INFO - [2025-11-17T01:44:12.711+0000] {dag.py:3096} INFO - Sync 1 DAGs
[2025-11-17T01:44:12.756+0000] {processor.py:183} INFO - Processing /opt/airflow/dags/sodai_pipeline.py took 0.261 seconds
[2025-11-17T01:44:42.999+0000] {processor.py:161} INFO - Started process (PID=177) to work on /opt/airflow/dags/sodai_pipeline.py
[2025-11-17T01:44:43.000+0000] {processor.py:830} INFO - Processing file /opt/airflow/dags/sodai_pipeline.py for tasks to queue
[2025-11-17T01:44:43.006+0000] {logging_mixin.py:188} INFO - [2025-11-17T01:44:43.005+0000] {dagbag.py:545} INFO - Filling up the DagBag from /opt/airflow/dags/sodai_pipeline.py
[2025-11-17T01:44:43.022+0000] {processor.py:840} INFO - DAG(s) 'sodai_pipeline_dag' retrieved from /opt/airflow/dags/sodai_pipeline.py
[2025-11-17T01:44:43.056+0000] {logging_mixin.py:188} INFO - [2025-11-17T01:44:43.056+0000] {dag.py:3096} INFO - Sync 1 DAGs
[2025-11-17T01:44:43.083+0000] {processor.py:183} INFO - Processing /opt/airflow/dags/sodai_pipeline.py took 0.092 seconds
[2025-11-17T01:45:13.352+0000] {processor.py:161} INFO - Started process (PID=182) to work on /opt/airflow/dags/sodai_pipeline.py
[2025-11-17T01:45:13.353+0000] {processor.py:830} INFO - Processing file /opt/airflow/dags/sodai_pipeline.py for tasks to queue
[2025-11-17T01:45:13.358+0000] {logging_mixin.py:188} INFO - [2025-11-17T01:45:13.356+0000] {dagbag.py:545} INFO - Filling up the DagBag from /opt/airflow/dags/sodai_pipeline.py
[2025-11-17T01:45:13.376+0000] {processor.py:840} INFO - DAG(s) 'sodai_pipeline_dag' retrieved from /opt/airflow/dags/sodai_pipeline.py
[2025-11-17T01:45:13.399+0000] {logging_mixin.py:188} INFO - [2025-11-17T01:45:13.399+0000] {dag.py:3096} INFO - Sync 1 DAGs
[2025-11-17T01:45:13.423+0000] {processor.py:183} INFO - Processing /opt/airflow/dags/sodai_pipeline.py took 0.077 seconds
[2025-11-17T01:45:43.722+0000] {processor.py:161} INFO - Started process (PID=187) to work on /opt/airflow/dags/sodai_pipeline.py
[2025-11-17T01:45:43.725+0000] {processor.py:830} INFO - Processing file /opt/airflow/dags/sodai_pipeline.py for tasks to queue
[2025-11-17T01:45:43.729+0000] {logging_mixin.py:188} INFO - [2025-11-17T01:45:43.729+0000] {dagbag.py:545} INFO - Filling up the DagBag from /opt/airflow/dags/sodai_pipeline.py
[2025-11-17T01:45:43.750+0000] {processor.py:840} INFO - DAG(s) 'sodai_pipeline_dag' retrieved from /opt/airflow/dags/sodai_pipeline.py
[2025-11-17T01:45:43.773+0000] {logging_mixin.py:188} INFO - [2025-11-17T01:45:43.772+0000] {dag.py:3096} INFO - Sync 1 DAGs
[2025-11-17T01:45:43.796+0000] {processor.py:183} INFO - Processing /opt/airflow/dags/sodai_pipeline.py took 0.081 seconds
[2025-11-17T01:46:14.075+0000] {processor.py:161} INFO - Started process (PID=192) to work on /opt/airflow/dags/sodai_pipeline.py
[2025-11-17T01:46:14.076+0000] {processor.py:830} INFO - Processing file /opt/airflow/dags/sodai_pipeline.py for tasks to queue
[2025-11-17T01:46:14.078+0000] {logging_mixin.py:188} INFO - [2025-11-17T01:46:14.077+0000] {dagbag.py:545} INFO - Filling up the DagBag from /opt/airflow/dags/sodai_pipeline.py
[2025-11-17T01:46:14.101+0000] {processor.py:840} INFO - DAG(s) 'sodai_pipeline_dag' retrieved from /opt/airflow/dags/sodai_pipeline.py
[2025-11-17T01:46:14.127+0000] {logging_mixin.py:188} INFO - [2025-11-17T01:46:14.127+0000] {dag.py:3096} INFO - Sync 1 DAGs
[2025-11-17T01:46:14.152+0000] {processor.py:183} INFO - Processing /opt/airflow/dags/sodai_pipeline.py took 0.089 seconds
[2025-11-17T01:46:44.424+0000] {processor.py:161} INFO - Started process (PID=197) to work on /opt/airflow/dags/sodai_pipeline.py
[2025-11-17T01:46:44.425+0000] {processor.py:830} INFO - Processing file /opt/airflow/dags/sodai_pipeline.py for tasks to queue
[2025-11-17T01:46:44.428+0000] {logging_mixin.py:188} INFO - [2025-11-17T01:46:44.427+0000] {dagbag.py:545} INFO - Filling up the DagBag from /opt/airflow/dags/sodai_pipeline.py
[2025-11-17T01:46:44.449+0000] {processor.py:840} INFO - DAG(s) 'sodai_pipeline_dag' retrieved from /opt/airflow/dags/sodai_pipeline.py
[2025-11-17T01:46:44.480+0000] {logging_mixin.py:188} INFO - [2025-11-17T01:46:44.480+0000] {dag.py:3096} INFO - Sync 1 DAGs
[2025-11-17T01:46:44.505+0000] {processor.py:183} INFO - Processing /opt/airflow/dags/sodai_pipeline.py took 0.087 seconds
[2025-11-17T01:47:14.772+0000] {processor.py:161} INFO - Started process (PID=202) to work on /opt/airflow/dags/sodai_pipeline.py
[2025-11-17T01:47:14.773+0000] {processor.py:830} INFO - Processing file /opt/airflow/dags/sodai_pipeline.py for tasks to queue
[2025-11-17T01:47:14.777+0000] {logging_mixin.py:188} INFO - [2025-11-17T01:47:14.775+0000] {dagbag.py:545} INFO - Filling up the DagBag from /opt/airflow/dags/sodai_pipeline.py
[2025-11-17T01:47:14.795+0000] {processor.py:840} INFO - DAG(s) 'sodai_pipeline_dag' retrieved from /opt/airflow/dags/sodai_pipeline.py
[2025-11-17T01:47:14.819+0000] {logging_mixin.py:188} INFO - [2025-11-17T01:47:14.818+0000] {dag.py:3096} INFO - Sync 1 DAGs
[2025-11-17T01:47:14.839+0000] {processor.py:183} INFO - Processing /opt/airflow/dags/sodai_pipeline.py took 0.076 seconds
[2025-11-17T01:47:45.109+0000] {processor.py:161} INFO - Started process (PID=207) to work on /opt/airflow/dags/sodai_pipeline.py
[2025-11-17T01:47:45.112+0000] {processor.py:830} INFO - Processing file /opt/airflow/dags/sodai_pipeline.py for tasks to queue
[2025-11-17T01:47:45.116+0000] {logging_mixin.py:188} INFO - [2025-11-17T01:47:45.116+0000] {dagbag.py:545} INFO - Filling up the DagBag from /opt/airflow/dags/sodai_pipeline.py
[2025-11-17T01:47:45.136+0000] {processor.py:840} INFO - DAG(s) 'sodai_pipeline_dag' retrieved from /opt/airflow/dags/sodai_pipeline.py
[2025-11-17T01:47:45.160+0000] {logging_mixin.py:188} INFO - [2025-11-17T01:47:45.160+0000] {dag.py:3096} INFO - Sync 1 DAGs
[2025-11-17T01:47:45.179+0000] {processor.py:183} INFO - Processing /opt/airflow/dags/sodai_pipeline.py took 0.078 seconds
[2025-11-17T01:48:15.477+0000] {processor.py:161} INFO - Started process (PID=212) to work on /opt/airflow/dags/sodai_pipeline.py
[2025-11-17T01:48:15.478+0000] {processor.py:830} INFO - Processing file /opt/airflow/dags/sodai_pipeline.py for tasks to queue
[2025-11-17T01:48:15.480+0000] {logging_mixin.py:188} INFO - [2025-11-17T01:48:15.480+0000] {dagbag.py:545} INFO - Filling up the DagBag from /opt/airflow/dags/sodai_pipeline.py
[2025-11-17T01:48:15.496+0000] {processor.py:840} INFO - DAG(s) 'sodai_pipeline_dag' retrieved from /opt/airflow/dags/sodai_pipeline.py
[2025-11-17T01:48:15.525+0000] {logging_mixin.py:188} INFO - [2025-11-17T01:48:15.525+0000] {dag.py:3096} INFO - Sync 1 DAGs
[2025-11-17T01:48:15.546+0000] {processor.py:183} INFO - Processing /opt/airflow/dags/sodai_pipeline.py took 0.076 seconds
[2025-11-17T01:48:45.804+0000] {processor.py:161} INFO - Started process (PID=219) to work on /opt/airflow/dags/sodai_pipeline.py
[2025-11-17T01:48:45.807+0000] {processor.py:830} INFO - Processing file /opt/airflow/dags/sodai_pipeline.py for tasks to queue
[2025-11-17T01:48:45.808+0000] {logging_mixin.py:188} INFO - [2025-11-17T01:48:45.808+0000] {dagbag.py:545} INFO - Filling up the DagBag from /opt/airflow/dags/sodai_pipeline.py
[2025-11-17T01:48:45.818+0000] {processor.py:840} INFO - DAG(s) 'sodai_pipeline_dag' retrieved from /opt/airflow/dags/sodai_pipeline.py
[2025-11-17T01:48:45.835+0000] {logging_mixin.py:188} INFO - [2025-11-17T01:48:45.835+0000] {dag.py:3096} INFO - Sync 1 DAGs
[2025-11-17T01:48:45.853+0000] {processor.py:183} INFO - Processing /opt/airflow/dags/sodai_pipeline.py took 0.057 seconds
[2025-11-17T01:49:16.145+0000] {processor.py:161} INFO - Started process (PID=224) to work on /opt/airflow/dags/sodai_pipeline.py
[2025-11-17T01:49:16.147+0000] {processor.py:830} INFO - Processing file /opt/airflow/dags/sodai_pipeline.py for tasks to queue
[2025-11-17T01:49:16.150+0000] {logging_mixin.py:188} INFO - [2025-11-17T01:49:16.150+0000] {dagbag.py:545} INFO - Filling up the DagBag from /opt/airflow/dags/sodai_pipeline.py
[2025-11-17T01:49:16.172+0000] {processor.py:840} INFO - DAG(s) 'sodai_pipeline_dag' retrieved from /opt/airflow/dags/sodai_pipeline.py
[2025-11-17T01:49:16.198+0000] {logging_mixin.py:188} INFO - [2025-11-17T01:49:16.198+0000] {dag.py:3096} INFO - Sync 1 DAGs
[2025-11-17T01:49:16.214+0000] {logging_mixin.py:188} INFO - [2025-11-17T01:49:16.214+0000] {dag.py:3954} INFO - Setting next_dagrun for sodai_pipeline_dag to 2025-11-16 00:00:00+00:00, run_after=2025-11-23 00:00:00+00:00
[2025-11-17T01:49:16.222+0000] {processor.py:183} INFO - Processing /opt/airflow/dags/sodai_pipeline.py took 0.086 seconds
[2025-11-17T01:49:46.450+0000] {processor.py:161} INFO - Started process (PID=229) to work on /opt/airflow/dags/sodai_pipeline.py
[2025-11-17T01:49:46.450+0000] {processor.py:830} INFO - Processing file /opt/airflow/dags/sodai_pipeline.py for tasks to queue
[2025-11-17T01:49:46.453+0000] {logging_mixin.py:188} INFO - [2025-11-17T01:49:46.452+0000] {dagbag.py:545} INFO - Filling up the DagBag from /opt/airflow/dags/sodai_pipeline.py
[2025-11-17T01:49:46.470+0000] {processor.py:840} INFO - DAG(s) 'sodai_pipeline_dag' retrieved from /opt/airflow/dags/sodai_pipeline.py
[2025-11-17T01:49:46.494+0000] {logging_mixin.py:188} INFO - [2025-11-17T01:49:46.494+0000] {dag.py:3096} INFO - Sync 1 DAGs
[2025-11-17T01:49:46.510+0000] {logging_mixin.py:188} INFO - [2025-11-17T01:49:46.510+0000] {dag.py:3954} INFO - Setting next_dagrun for sodai_pipeline_dag to 2025-11-16 00:00:00+00:00, run_after=2025-11-23 00:00:00+00:00
[2025-11-17T01:49:46.519+0000] {processor.py:183} INFO - Processing /opt/airflow/dags/sodai_pipeline.py took 0.075 seconds
[2025-11-17T01:50:16.719+0000] {processor.py:161} INFO - Started process (PID=234) to work on /opt/airflow/dags/sodai_pipeline.py
[2025-11-17T01:50:16.721+0000] {processor.py:830} INFO - Processing file /opt/airflow/dags/sodai_pipeline.py for tasks to queue
[2025-11-17T01:50:16.723+0000] {logging_mixin.py:188} INFO - [2025-11-17T01:50:16.722+0000] {dagbag.py:545} INFO - Filling up the DagBag from /opt/airflow/dags/sodai_pipeline.py
[2025-11-17T01:50:16.742+0000] {processor.py:840} INFO - DAG(s) 'sodai_pipeline_dag' retrieved from /opt/airflow/dags/sodai_pipeline.py
[2025-11-17T01:50:16.774+0000] {logging_mixin.py:188} INFO - [2025-11-17T01:50:16.774+0000] {dag.py:3096} INFO - Sync 1 DAGs
[2025-11-17T01:50:16.788+0000] {logging_mixin.py:188} INFO - [2025-11-17T01:50:16.788+0000] {dag.py:3954} INFO - Setting next_dagrun for sodai_pipeline_dag to 2025-11-16 00:00:00+00:00, run_after=2025-11-23 00:00:00+00:00
[2025-11-17T01:50:16.797+0000] {processor.py:183} INFO - Processing /opt/airflow/dags/sodai_pipeline.py took 0.087 seconds
[2025-11-17T01:50:47.143+0000] {processor.py:161} INFO - Started process (PID=239) to work on /opt/airflow/dags/sodai_pipeline.py
[2025-11-17T01:50:47.145+0000] {processor.py:830} INFO - Processing file /opt/airflow/dags/sodai_pipeline.py for tasks to queue
[2025-11-17T01:50:47.148+0000] {logging_mixin.py:188} INFO - [2025-11-17T01:50:47.147+0000] {dagbag.py:545} INFO - Filling up the DagBag from /opt/airflow/dags/sodai_pipeline.py
[2025-11-17T01:50:47.169+0000] {processor.py:840} INFO - DAG(s) 'sodai_pipeline_dag' retrieved from /opt/airflow/dags/sodai_pipeline.py
[2025-11-17T01:50:47.201+0000] {logging_mixin.py:188} INFO - [2025-11-17T01:50:47.201+0000] {dag.py:3096} INFO - Sync 1 DAGs
[2025-11-17T01:50:47.218+0000] {logging_mixin.py:188} INFO - [2025-11-17T01:50:47.218+0000] {dag.py:3954} INFO - Setting next_dagrun for sodai_pipeline_dag to 2025-11-16 00:00:00+00:00, run_after=2025-11-23 00:00:00+00:00
[2025-11-17T01:50:47.227+0000] {processor.py:183} INFO - Processing /opt/airflow/dags/sodai_pipeline.py took 0.099 seconds
[2025-11-17T01:51:17.473+0000] {processor.py:161} INFO - Started process (PID=244) to work on /opt/airflow/dags/sodai_pipeline.py
[2025-11-17T01:51:17.474+0000] {processor.py:830} INFO - Processing file /opt/airflow/dags/sodai_pipeline.py for tasks to queue
[2025-11-17T01:51:17.476+0000] {logging_mixin.py:188} INFO - [2025-11-17T01:51:17.476+0000] {dagbag.py:545} INFO - Filling up the DagBag from /opt/airflow/dags/sodai_pipeline.py
[2025-11-17T01:51:17.489+0000] {processor.py:840} INFO - DAG(s) 'sodai_pipeline_dag' retrieved from /opt/airflow/dags/sodai_pipeline.py
[2025-11-17T01:51:17.516+0000] {logging_mixin.py:188} INFO - [2025-11-17T01:51:17.516+0000] {dag.py:3096} INFO - Sync 1 DAGs
[2025-11-17T01:51:17.539+0000] {logging_mixin.py:188} INFO - [2025-11-17T01:51:17.539+0000] {dag.py:3954} INFO - Setting next_dagrun for sodai_pipeline_dag to 2025-11-16 00:00:00+00:00, run_after=2025-11-23 00:00:00+00:00
[2025-11-17T01:51:17.547+0000] {processor.py:183} INFO - Processing /opt/airflow/dags/sodai_pipeline.py took 0.081 seconds
[2025-11-17T01:51:40.772+0000] {processor.py:161} INFO - Started process (PID=249) to work on /opt/airflow/dags/sodai_pipeline.py
[2025-11-17T01:51:40.775+0000] {processor.py:830} INFO - Processing file /opt/airflow/dags/sodai_pipeline.py for tasks to queue
[2025-11-17T01:51:40.779+0000] {logging_mixin.py:188} INFO - [2025-11-17T01:51:40.778+0000] {dagbag.py:545} INFO - Filling up the DagBag from /opt/airflow/dags/sodai_pipeline.py
[2025-11-17T01:51:40.810+0000] {processor.py:840} INFO - DAG(s) 'sodai_pipeline_dag' retrieved from /opt/airflow/dags/sodai_pipeline.py
[2025-11-17T01:51:40.866+0000] {logging_mixin.py:188} INFO - [2025-11-17T01:51:40.866+0000] {dag.py:3096} INFO - Sync 1 DAGs
[2025-11-17T01:51:40.892+0000] {logging_mixin.py:188} INFO - [2025-11-17T01:51:40.892+0000] {dag.py:3954} INFO - Setting next_dagrun for sodai_pipeline_dag to 2025-11-16 00:00:00+00:00, run_after=2025-11-23 00:00:00+00:00
[2025-11-17T01:51:40.904+0000] {processor.py:183} INFO - Processing /opt/airflow/dags/sodai_pipeline.py took 0.148 seconds
[2025-11-17T01:52:01.037+0000] {processor.py:161} INFO - Started process (PID=254) to work on /opt/airflow/dags/sodai_pipeline.py
[2025-11-17T01:52:01.039+0000] {processor.py:830} INFO - Processing file /opt/airflow/dags/sodai_pipeline.py for tasks to queue
[2025-11-17T01:52:01.041+0000] {logging_mixin.py:188} INFO - [2025-11-17T01:52:01.041+0000] {dagbag.py:545} INFO - Filling up the DagBag from /opt/airflow/dags/sodai_pipeline.py
[2025-11-17T01:52:01.059+0000] {processor.py:840} INFO - DAG(s) 'sodai_pipeline_dag' retrieved from /opt/airflow/dags/sodai_pipeline.py
[2025-11-17T01:52:01.091+0000] {logging_mixin.py:188} INFO - [2025-11-17T01:52:01.090+0000] {dag.py:3096} INFO - Sync 1 DAGs
[2025-11-17T01:52:01.108+0000] {logging_mixin.py:188} INFO - [2025-11-17T01:52:01.108+0000] {dag.py:3954} INFO - Setting next_dagrun for sodai_pipeline_dag to 2025-11-16 00:00:00+00:00, run_after=2025-11-23 00:00:00+00:00
[2025-11-17T01:52:01.122+0000] {processor.py:183} INFO - Processing /opt/airflow/dags/sodai_pipeline.py took 0.095 seconds
[2025-11-17T01:52:05.141+0000] {processor.py:161} INFO - Started process (PID=259) to work on /opt/airflow/dags/sodai_pipeline.py
[2025-11-17T01:52:05.142+0000] {processor.py:830} INFO - Processing file /opt/airflow/dags/sodai_pipeline.py for tasks to queue
[2025-11-17T01:52:05.144+0000] {logging_mixin.py:188} INFO - [2025-11-17T01:52:05.144+0000] {dagbag.py:545} INFO - Filling up the DagBag from /opt/airflow/dags/sodai_pipeline.py
[2025-11-17T01:52:05.160+0000] {processor.py:840} INFO - DAG(s) 'sodai_pipeline_dag' retrieved from /opt/airflow/dags/sodai_pipeline.py
[2025-11-17T01:52:05.174+0000] {logging_mixin.py:188} INFO - [2025-11-17T01:52:05.174+0000] {dag.py:3096} INFO - Sync 1 DAGs
[2025-11-17T01:52:05.183+0000] {logging_mixin.py:188} INFO - [2025-11-17T01:52:05.183+0000] {dag.py:3954} INFO - Setting next_dagrun for sodai_pipeline_dag to 2025-11-16 00:00:00+00:00, run_after=2025-11-23 00:00:00+00:00
[2025-11-17T01:52:05.193+0000] {processor.py:183} INFO - Processing /opt/airflow/dags/sodai_pipeline.py took 0.060 seconds
[2025-11-17T01:52:36.432+0000] {processor.py:161} INFO - Started process (PID=279) to work on /opt/airflow/dags/sodai_pipeline.py
[2025-11-17T01:52:36.444+0000] {processor.py:830} INFO - Processing file /opt/airflow/dags/sodai_pipeline.py for tasks to queue
[2025-11-17T01:52:36.477+0000] {logging_mixin.py:188} INFO - [2025-11-17T01:52:36.458+0000] {dagbag.py:545} INFO - Filling up the DagBag from /opt/airflow/dags/sodai_pipeline.py
[2025-11-17T01:52:36.835+0000] {processor.py:840} INFO - DAG(s) 'sodai_pipeline_dag' retrieved from /opt/airflow/dags/sodai_pipeline.py
[2025-11-17T01:52:37.427+0000] {logging_mixin.py:188} INFO - [2025-11-17T01:52:37.427+0000] {dag.py:3096} INFO - Sync 1 DAGs
[2025-11-17T01:52:37.646+0000] {processor.py:183} INFO - Processing /opt/airflow/dags/sodai_pipeline.py took 1.380 seconds
[2025-11-17T01:52:44.251+0000] {processor.py:161} INFO - Started process (PID=284) to work on /opt/airflow/dags/sodai_pipeline.py
[2025-11-17T01:52:44.251+0000] {processor.py:830} INFO - Processing file /opt/airflow/dags/sodai_pipeline.py for tasks to queue
[2025-11-17T01:52:44.253+0000] {logging_mixin.py:188} INFO - [2025-11-17T01:52:44.252+0000] {dagbag.py:545} INFO - Filling up the DagBag from /opt/airflow/dags/sodai_pipeline.py
[2025-11-17T01:52:44.260+0000] {processor.py:840} INFO - DAG(s) 'sodai_pipeline_dag' retrieved from /opt/airflow/dags/sodai_pipeline.py
[2025-11-17T01:52:44.294+0000] {logging_mixin.py:188} INFO - [2025-11-17T01:52:44.294+0000] {taskinstance.py:2907} ERROR - {'DAG Id': 'sodai_pipeline_dag', 'Task Id': 'build_weekly_features', 'Run Id': 'scheduled__2025-11-09T00:00:00+00:00', 'Hostname': 'fddcaabe9a09'}
[2025-11-17T01:52:44.328+0000] {logging_mixin.py:188} INFO - [2025-11-17T01:52:44.328+0000] {taskinstance.py:1206} INFO - Marking task as UP_FOR_RETRY. dag_id=sodai_pipeline_dag, task_id=build_weekly_features, run_id=scheduled__2025-11-09T00:00:00+00:00, execution_date=20251109T000000, start_date=20251117T015216, end_date=20251117T015244
[2025-11-17T01:52:44.339+0000] {processor.py:791} INFO - Executed failure callback for <TaskInstance: sodai_pipeline_dag.build_weekly_features scheduled__2025-11-09T00:00:00+00:00 [up_for_retry]> in state up_for_retry
[2025-11-17T01:52:44.348+0000] {logging_mixin.py:188} INFO - [2025-11-17T01:52:44.348+0000] {dag.py:3096} INFO - Sync 1 DAGs
[2025-11-17T01:52:44.361+0000] {processor.py:183} INFO - Processing /opt/airflow/dags/sodai_pipeline.py took 0.115 seconds
[2025-11-17T01:53:14.530+0000] {processor.py:161} INFO - Started process (PID=289) to work on /opt/airflow/dags/sodai_pipeline.py
[2025-11-17T01:53:14.531+0000] {processor.py:830} INFO - Processing file /opt/airflow/dags/sodai_pipeline.py for tasks to queue
[2025-11-17T01:53:14.533+0000] {logging_mixin.py:188} INFO - [2025-11-17T01:53:14.533+0000] {dagbag.py:545} INFO - Filling up the DagBag from /opt/airflow/dags/sodai_pipeline.py
[2025-11-17T01:53:14.548+0000] {processor.py:840} INFO - DAG(s) 'sodai_pipeline_dag' retrieved from /opt/airflow/dags/sodai_pipeline.py
[2025-11-17T01:53:14.570+0000] {logging_mixin.py:188} INFO - [2025-11-17T01:53:14.569+0000] {dag.py:3096} INFO - Sync 1 DAGs
[2025-11-17T01:53:14.589+0000] {processor.py:183} INFO - Processing /opt/airflow/dags/sodai_pipeline.py took 0.069 seconds
[2025-11-17T01:53:44.827+0000] {processor.py:161} INFO - Started process (PID=294) to work on /opt/airflow/dags/sodai_pipeline.py
[2025-11-17T01:53:44.829+0000] {processor.py:830} INFO - Processing file /opt/airflow/dags/sodai_pipeline.py for tasks to queue
[2025-11-17T01:53:44.831+0000] {logging_mixin.py:188} INFO - [2025-11-17T01:53:44.831+0000] {dagbag.py:545} INFO - Filling up the DagBag from /opt/airflow/dags/sodai_pipeline.py
[2025-11-17T01:53:44.846+0000] {processor.py:840} INFO - DAG(s) 'sodai_pipeline_dag' retrieved from /opt/airflow/dags/sodai_pipeline.py
[2025-11-17T01:53:44.869+0000] {logging_mixin.py:188} INFO - [2025-11-17T01:53:44.869+0000] {dag.py:3096} INFO - Sync 1 DAGs
[2025-11-17T01:53:44.889+0000] {processor.py:183} INFO - Processing /opt/airflow/dags/sodai_pipeline.py took 0.070 seconds
[2025-11-17T01:54:15.177+0000] {processor.py:161} INFO - Started process (PID=299) to work on /opt/airflow/dags/sodai_pipeline.py
[2025-11-17T01:54:15.179+0000] {processor.py:830} INFO - Processing file /opt/airflow/dags/sodai_pipeline.py for tasks to queue
[2025-11-17T01:54:15.182+0000] {logging_mixin.py:188} INFO - [2025-11-17T01:54:15.181+0000] {dagbag.py:545} INFO - Filling up the DagBag from /opt/airflow/dags/sodai_pipeline.py
[2025-11-17T01:54:15.201+0000] {processor.py:840} INFO - DAG(s) 'sodai_pipeline_dag' retrieved from /opt/airflow/dags/sodai_pipeline.py
[2025-11-17T01:54:15.225+0000] {logging_mixin.py:188} INFO - [2025-11-17T01:54:15.225+0000] {dag.py:3096} INFO - Sync 1 DAGs
[2025-11-17T01:54:15.244+0000] {processor.py:183} INFO - Processing /opt/airflow/dags/sodai_pipeline.py took 0.082 seconds
[2025-11-17T01:54:45.464+0000] {processor.py:161} INFO - Started process (PID=304) to work on /opt/airflow/dags/sodai_pipeline.py
[2025-11-17T01:54:45.467+0000] {processor.py:830} INFO - Processing file /opt/airflow/dags/sodai_pipeline.py for tasks to queue
[2025-11-17T01:54:45.469+0000] {logging_mixin.py:188} INFO - [2025-11-17T01:54:45.469+0000] {dagbag.py:545} INFO - Filling up the DagBag from /opt/airflow/dags/sodai_pipeline.py
[2025-11-17T01:54:45.483+0000] {processor.py:840} INFO - DAG(s) 'sodai_pipeline_dag' retrieved from /opt/airflow/dags/sodai_pipeline.py
[2025-11-17T01:54:45.502+0000] {logging_mixin.py:188} INFO - [2025-11-17T01:54:45.502+0000] {dag.py:3096} INFO - Sync 1 DAGs
[2025-11-17T01:54:45.522+0000] {processor.py:183} INFO - Processing /opt/airflow/dags/sodai_pipeline.py took 0.068 seconds
[2025-11-17T01:55:15.856+0000] {processor.py:161} INFO - Started process (PID=309) to work on /opt/airflow/dags/sodai_pipeline.py
[2025-11-17T01:55:15.857+0000] {processor.py:830} INFO - Processing file /opt/airflow/dags/sodai_pipeline.py for tasks to queue
[2025-11-17T01:55:15.860+0000] {logging_mixin.py:188} INFO - [2025-11-17T01:55:15.859+0000] {dagbag.py:545} INFO - Filling up the DagBag from /opt/airflow/dags/sodai_pipeline.py
[2025-11-17T01:55:15.875+0000] {processor.py:840} INFO - DAG(s) 'sodai_pipeline_dag' retrieved from /opt/airflow/dags/sodai_pipeline.py
[2025-11-17T01:55:15.895+0000] {logging_mixin.py:188} INFO - [2025-11-17T01:55:15.895+0000] {dag.py:3096} INFO - Sync 1 DAGs
[2025-11-17T01:55:15.914+0000] {processor.py:183} INFO - Processing /opt/airflow/dags/sodai_pipeline.py took 0.067 seconds
[2025-11-17T01:55:46.180+0000] {processor.py:161} INFO - Started process (PID=314) to work on /opt/airflow/dags/sodai_pipeline.py
[2025-11-17T01:55:46.182+0000] {processor.py:830} INFO - Processing file /opt/airflow/dags/sodai_pipeline.py for tasks to queue
[2025-11-17T01:55:46.184+0000] {logging_mixin.py:188} INFO - [2025-11-17T01:55:46.184+0000] {dagbag.py:545} INFO - Filling up the DagBag from /opt/airflow/dags/sodai_pipeline.py
[2025-11-17T01:55:46.198+0000] {processor.py:840} INFO - DAG(s) 'sodai_pipeline_dag' retrieved from /opt/airflow/dags/sodai_pipeline.py
[2025-11-17T01:55:46.219+0000] {logging_mixin.py:188} INFO - [2025-11-17T01:55:46.218+0000] {dag.py:3096} INFO - Sync 1 DAGs
[2025-11-17T01:55:46.237+0000] {processor.py:183} INFO - Processing /opt/airflow/dags/sodai_pipeline.py took 0.066 seconds
[2025-11-17T01:56:16.550+0000] {processor.py:161} INFO - Started process (PID=319) to work on /opt/airflow/dags/sodai_pipeline.py
[2025-11-17T01:56:16.552+0000] {processor.py:830} INFO - Processing file /opt/airflow/dags/sodai_pipeline.py for tasks to queue
[2025-11-17T01:56:16.555+0000] {logging_mixin.py:188} INFO - [2025-11-17T01:56:16.553+0000] {dagbag.py:545} INFO - Filling up the DagBag from /opt/airflow/dags/sodai_pipeline.py
[2025-11-17T01:56:16.568+0000] {processor.py:840} INFO - DAG(s) 'sodai_pipeline_dag' retrieved from /opt/airflow/dags/sodai_pipeline.py
[2025-11-17T01:56:16.594+0000] {logging_mixin.py:188} INFO - [2025-11-17T01:56:16.594+0000] {dag.py:3096} INFO - Sync 1 DAGs
[2025-11-17T01:56:16.628+0000] {processor.py:183} INFO - Processing /opt/airflow/dags/sodai_pipeline.py took 0.085 seconds
[2025-11-17T01:56:46.951+0000] {processor.py:161} INFO - Started process (PID=324) to work on /opt/airflow/dags/sodai_pipeline.py
[2025-11-17T01:56:46.952+0000] {processor.py:830} INFO - Processing file /opt/airflow/dags/sodai_pipeline.py for tasks to queue
[2025-11-17T01:56:46.954+0000] {logging_mixin.py:188} INFO - [2025-11-17T01:56:46.954+0000] {dagbag.py:545} INFO - Filling up the DagBag from /opt/airflow/dags/sodai_pipeline.py
[2025-11-17T01:56:46.967+0000] {processor.py:840} INFO - DAG(s) 'sodai_pipeline_dag' retrieved from /opt/airflow/dags/sodai_pipeline.py
[2025-11-17T01:56:46.990+0000] {logging_mixin.py:188} INFO - [2025-11-17T01:56:46.990+0000] {dag.py:3096} INFO - Sync 1 DAGs
[2025-11-17T01:56:47.011+0000] {processor.py:183} INFO - Processing /opt/airflow/dags/sodai_pipeline.py took 0.069 seconds
[2025-11-17T01:57:17.320+0000] {processor.py:161} INFO - Started process (PID=329) to work on /opt/airflow/dags/sodai_pipeline.py
[2025-11-17T01:57:17.322+0000] {processor.py:830} INFO - Processing file /opt/airflow/dags/sodai_pipeline.py for tasks to queue
[2025-11-17T01:57:17.325+0000] {logging_mixin.py:188} INFO - [2025-11-17T01:57:17.325+0000] {dagbag.py:545} INFO - Filling up the DagBag from /opt/airflow/dags/sodai_pipeline.py
[2025-11-17T01:57:17.341+0000] {processor.py:840} INFO - DAG(s) 'sodai_pipeline_dag' retrieved from /opt/airflow/dags/sodai_pipeline.py
[2025-11-17T01:57:17.361+0000] {logging_mixin.py:188} INFO - [2025-11-17T01:57:17.361+0000] {dag.py:3096} INFO - Sync 1 DAGs
[2025-11-17T01:57:17.379+0000] {processor.py:183} INFO - Processing /opt/airflow/dags/sodai_pipeline.py took 0.069 seconds
[2025-11-17T01:57:47.732+0000] {processor.py:161} INFO - Started process (PID=349) to work on /opt/airflow/dags/sodai_pipeline.py
[2025-11-17T01:57:47.735+0000] {processor.py:830} INFO - Processing file /opt/airflow/dags/sodai_pipeline.py for tasks to queue
[2025-11-17T01:57:47.742+0000] {logging_mixin.py:188} INFO - [2025-11-17T01:57:47.742+0000] {dagbag.py:545} INFO - Filling up the DagBag from /opt/airflow/dags/sodai_pipeline.py
[2025-11-17T01:57:47.774+0000] {processor.py:840} INFO - DAG(s) 'sodai_pipeline_dag' retrieved from /opt/airflow/dags/sodai_pipeline.py
[2025-11-17T01:57:47.844+0000] {logging_mixin.py:188} INFO - [2025-11-17T01:57:47.844+0000] {dag.py:3096} INFO - Sync 1 DAGs
[2025-11-17T01:57:47.904+0000] {processor.py:183} INFO - Processing /opt/airflow/dags/sodai_pipeline.py took 0.196 seconds
[2025-11-17T01:57:55.751+0000] {processor.py:161} INFO - Started process (PID=354) to work on /opt/airflow/dags/sodai_pipeline.py
[2025-11-17T01:57:55.752+0000] {processor.py:830} INFO - Processing file /opt/airflow/dags/sodai_pipeline.py for tasks to queue
[2025-11-17T01:57:55.759+0000] {logging_mixin.py:188} INFO - [2025-11-17T01:57:55.758+0000] {dagbag.py:545} INFO - Filling up the DagBag from /opt/airflow/dags/sodai_pipeline.py
[2025-11-17T01:57:55.796+0000] {processor.py:840} INFO - DAG(s) 'sodai_pipeline_dag' retrieved from /opt/airflow/dags/sodai_pipeline.py
[2025-11-17T01:57:55.829+0000] {logging_mixin.py:188} INFO - [2025-11-17T01:57:55.828+0000] {taskinstance.py:2907} ERROR - {'DAG Id': 'sodai_pipeline_dag', 'Task Id': 'build_weekly_features', 'Run Id': 'scheduled__2025-11-09T00:00:00+00:00', 'Hostname': 'fddcaabe9a09'}
[2025-11-17T01:57:55.842+0000] {logging_mixin.py:188} INFO - [2025-11-17T01:57:55.842+0000] {taskinstance.py:1206} INFO - Marking task as FAILED. dag_id=sodai_pipeline_dag, task_id=build_weekly_features, run_id=scheduled__2025-11-09T00:00:00+00:00, execution_date=20251109T000000, start_date=20251117T015745, end_date=20251117T015755
[2025-11-17T01:57:55.848+0000] {processor.py:791} INFO - Executed failure callback for <TaskInstance: sodai_pipeline_dag.build_weekly_features scheduled__2025-11-09T00:00:00+00:00 [failed]> in state failed
[2025-11-17T01:57:55.870+0000] {logging_mixin.py:188} INFO - [2025-11-17T01:57:55.870+0000] {dag.py:3096} INFO - Sync 1 DAGs
[2025-11-17T01:57:55.889+0000] {processor.py:183} INFO - Processing /opt/airflow/dags/sodai_pipeline.py took 0.159 seconds
[2025-11-17T01:58:26.094+0000] {processor.py:161} INFO - Started process (PID=359) to work on /opt/airflow/dags/sodai_pipeline.py
[2025-11-17T01:58:26.095+0000] {processor.py:830} INFO - Processing file /opt/airflow/dags/sodai_pipeline.py for tasks to queue
[2025-11-17T01:58:26.098+0000] {logging_mixin.py:188} INFO - [2025-11-17T01:58:26.097+0000] {dagbag.py:545} INFO - Filling up the DagBag from /opt/airflow/dags/sodai_pipeline.py
[2025-11-17T01:58:26.114+0000] {processor.py:840} INFO - DAG(s) 'sodai_pipeline_dag' retrieved from /opt/airflow/dags/sodai_pipeline.py
[2025-11-17T01:58:26.152+0000] {logging_mixin.py:188} INFO - [2025-11-17T01:58:26.152+0000] {dag.py:3096} INFO - Sync 1 DAGs
[2025-11-17T01:58:26.174+0000] {logging_mixin.py:188} INFO - [2025-11-17T01:58:26.174+0000] {dag.py:3954} INFO - Setting next_dagrun for sodai_pipeline_dag to 2025-11-16 00:00:00+00:00, run_after=2025-11-23 00:00:00+00:00
[2025-11-17T01:58:26.184+0000] {processor.py:183} INFO - Processing /opt/airflow/dags/sodai_pipeline.py took 0.108 seconds
[2025-11-17T01:58:56.524+0000] {processor.py:161} INFO - Started process (PID=364) to work on /opt/airflow/dags/sodai_pipeline.py
[2025-11-17T01:58:56.526+0000] {processor.py:830} INFO - Processing file /opt/airflow/dags/sodai_pipeline.py for tasks to queue
[2025-11-17T01:58:56.532+0000] {logging_mixin.py:188} INFO - [2025-11-17T01:58:56.530+0000] {dagbag.py:545} INFO - Filling up the DagBag from /opt/airflow/dags/sodai_pipeline.py
[2025-11-17T01:58:56.551+0000] {processor.py:840} INFO - DAG(s) 'sodai_pipeline_dag' retrieved from /opt/airflow/dags/sodai_pipeline.py
[2025-11-17T01:58:56.579+0000] {logging_mixin.py:188} INFO - [2025-11-17T01:58:56.579+0000] {dag.py:3096} INFO - Sync 1 DAGs
[2025-11-17T01:58:56.597+0000] {logging_mixin.py:188} INFO - [2025-11-17T01:58:56.597+0000] {dag.py:3954} INFO - Setting next_dagrun for sodai_pipeline_dag to 2025-11-16 00:00:00+00:00, run_after=2025-11-23 00:00:00+00:00
[2025-11-17T01:58:56.607+0000] {processor.py:183} INFO - Processing /opt/airflow/dags/sodai_pipeline.py took 0.091 seconds
[2025-11-17T01:59:26.922+0000] {processor.py:161} INFO - Started process (PID=369) to work on /opt/airflow/dags/sodai_pipeline.py
[2025-11-17T01:59:26.924+0000] {processor.py:830} INFO - Processing file /opt/airflow/dags/sodai_pipeline.py for tasks to queue
[2025-11-17T01:59:26.927+0000] {logging_mixin.py:188} INFO - [2025-11-17T01:59:26.927+0000] {dagbag.py:545} INFO - Filling up the DagBag from /opt/airflow/dags/sodai_pipeline.py
[2025-11-17T01:59:26.947+0000] {processor.py:840} INFO - DAG(s) 'sodai_pipeline_dag' retrieved from /opt/airflow/dags/sodai_pipeline.py
[2025-11-17T01:59:26.977+0000] {logging_mixin.py:188} INFO - [2025-11-17T01:59:26.976+0000] {dag.py:3096} INFO - Sync 1 DAGs
[2025-11-17T01:59:26.994+0000] {logging_mixin.py:188} INFO - [2025-11-17T01:59:26.994+0000] {dag.py:3954} INFO - Setting next_dagrun for sodai_pipeline_dag to 2025-11-16 00:00:00+00:00, run_after=2025-11-23 00:00:00+00:00
[2025-11-17T01:59:27.004+0000] {processor.py:183} INFO - Processing /opt/airflow/dags/sodai_pipeline.py took 0.093 seconds
[2025-11-17T01:59:57.329+0000] {processor.py:161} INFO - Started process (PID=374) to work on /opt/airflow/dags/sodai_pipeline.py
[2025-11-17T01:59:57.333+0000] {processor.py:830} INFO - Processing file /opt/airflow/dags/sodai_pipeline.py for tasks to queue
[2025-11-17T01:59:57.337+0000] {logging_mixin.py:188} INFO - [2025-11-17T01:59:57.337+0000] {dagbag.py:545} INFO - Filling up the DagBag from /opt/airflow/dags/sodai_pipeline.py
[2025-11-17T01:59:57.357+0000] {processor.py:840} INFO - DAG(s) 'sodai_pipeline_dag' retrieved from /opt/airflow/dags/sodai_pipeline.py
[2025-11-17T01:59:57.389+0000] {logging_mixin.py:188} INFO - [2025-11-17T01:59:57.389+0000] {dag.py:3096} INFO - Sync 1 DAGs
[2025-11-17T01:59:57.409+0000] {logging_mixin.py:188} INFO - [2025-11-17T01:59:57.408+0000] {dag.py:3954} INFO - Setting next_dagrun for sodai_pipeline_dag to 2025-11-16 00:00:00+00:00, run_after=2025-11-23 00:00:00+00:00
[2025-11-17T01:59:57.420+0000] {processor.py:183} INFO - Processing /opt/airflow/dags/sodai_pipeline.py took 0.104 seconds
[2025-11-17T02:00:27.715+0000] {processor.py:161} INFO - Started process (PID=379) to work on /opt/airflow/dags/sodai_pipeline.py
[2025-11-17T02:00:27.717+0000] {processor.py:830} INFO - Processing file /opt/airflow/dags/sodai_pipeline.py for tasks to queue
[2025-11-17T02:00:27.723+0000] {logging_mixin.py:188} INFO - [2025-11-17T02:00:27.720+0000] {dagbag.py:545} INFO - Filling up the DagBag from /opt/airflow/dags/sodai_pipeline.py
[2025-11-17T02:00:27.746+0000] {processor.py:840} INFO - DAG(s) 'sodai_pipeline_dag' retrieved from /opt/airflow/dags/sodai_pipeline.py
[2025-11-17T02:00:27.790+0000] {logging_mixin.py:188} INFO - [2025-11-17T02:00:27.789+0000] {dag.py:3096} INFO - Sync 1 DAGs
[2025-11-17T02:00:27.814+0000] {logging_mixin.py:188} INFO - [2025-11-17T02:00:27.814+0000] {dag.py:3954} INFO - Setting next_dagrun for sodai_pipeline_dag to 2025-11-16 00:00:00+00:00, run_after=2025-11-23 00:00:00+00:00
[2025-11-17T02:00:27.827+0000] {processor.py:183} INFO - Processing /opt/airflow/dags/sodai_pipeline.py took 0.124 seconds
[2025-11-17T02:00:58.047+0000] {processor.py:161} INFO - Started process (PID=384) to work on /opt/airflow/dags/sodai_pipeline.py
[2025-11-17T02:00:58.050+0000] {processor.py:830} INFO - Processing file /opt/airflow/dags/sodai_pipeline.py for tasks to queue
[2025-11-17T02:00:58.054+0000] {logging_mixin.py:188} INFO - [2025-11-17T02:00:58.053+0000] {dagbag.py:545} INFO - Filling up the DagBag from /opt/airflow/dags/sodai_pipeline.py
[2025-11-17T02:00:58.077+0000] {processor.py:840} INFO - DAG(s) 'sodai_pipeline_dag' retrieved from /opt/airflow/dags/sodai_pipeline.py
[2025-11-17T02:00:58.103+0000] {logging_mixin.py:188} INFO - [2025-11-17T02:00:58.103+0000] {dag.py:3096} INFO - Sync 1 DAGs
[2025-11-17T02:00:58.118+0000] {logging_mixin.py:188} INFO - [2025-11-17T02:00:58.118+0000] {dag.py:3954} INFO - Setting next_dagrun for sodai_pipeline_dag to 2025-11-16 00:00:00+00:00, run_after=2025-11-23 00:00:00+00:00
[2025-11-17T02:00:58.128+0000] {processor.py:183} INFO - Processing /opt/airflow/dags/sodai_pipeline.py took 0.099 seconds
[2025-11-17T02:01:28.435+0000] {processor.py:161} INFO - Started process (PID=389) to work on /opt/airflow/dags/sodai_pipeline.py
[2025-11-17T02:01:28.437+0000] {processor.py:830} INFO - Processing file /opt/airflow/dags/sodai_pipeline.py for tasks to queue
[2025-11-17T02:01:28.441+0000] {logging_mixin.py:188} INFO - [2025-11-17T02:01:28.440+0000] {dagbag.py:545} INFO - Filling up the DagBag from /opt/airflow/dags/sodai_pipeline.py
[2025-11-17T02:01:28.460+0000] {processor.py:840} INFO - DAG(s) 'sodai_pipeline_dag' retrieved from /opt/airflow/dags/sodai_pipeline.py
[2025-11-17T02:01:28.487+0000] {logging_mixin.py:188} INFO - [2025-11-17T02:01:28.487+0000] {dag.py:3096} INFO - Sync 1 DAGs
[2025-11-17T02:01:28.502+0000] {logging_mixin.py:188} INFO - [2025-11-17T02:01:28.502+0000] {dag.py:3954} INFO - Setting next_dagrun for sodai_pipeline_dag to 2025-11-16 00:00:00+00:00, run_after=2025-11-23 00:00:00+00:00
[2025-11-17T02:01:28.512+0000] {processor.py:183} INFO - Processing /opt/airflow/dags/sodai_pipeline.py took 0.092 seconds
[2025-11-17T02:01:58.771+0000] {processor.py:161} INFO - Started process (PID=394) to work on /opt/airflow/dags/sodai_pipeline.py
[2025-11-17T02:01:58.773+0000] {processor.py:830} INFO - Processing file /opt/airflow/dags/sodai_pipeline.py for tasks to queue
[2025-11-17T02:01:58.779+0000] {logging_mixin.py:188} INFO - [2025-11-17T02:01:58.778+0000] {dagbag.py:545} INFO - Filling up the DagBag from /opt/airflow/dags/sodai_pipeline.py
[2025-11-17T02:01:58.796+0000] {processor.py:840} INFO - DAG(s) 'sodai_pipeline_dag' retrieved from /opt/airflow/dags/sodai_pipeline.py
[2025-11-17T02:01:58.826+0000] {logging_mixin.py:188} INFO - [2025-11-17T02:01:58.826+0000] {dag.py:3096} INFO - Sync 1 DAGs
[2025-11-17T02:01:58.860+0000] {logging_mixin.py:188} INFO - [2025-11-17T02:01:58.860+0000] {dag.py:3954} INFO - Setting next_dagrun for sodai_pipeline_dag to 2025-11-16 00:00:00+00:00, run_after=2025-11-23 00:00:00+00:00
[2025-11-17T02:01:58.871+0000] {processor.py:183} INFO - Processing /opt/airflow/dags/sodai_pipeline.py took 0.112 seconds
[2025-11-17T02:02:29.145+0000] {processor.py:161} INFO - Started process (PID=399) to work on /opt/airflow/dags/sodai_pipeline.py
[2025-11-17T02:02:29.148+0000] {processor.py:830} INFO - Processing file /opt/airflow/dags/sodai_pipeline.py for tasks to queue
[2025-11-17T02:02:29.157+0000] {logging_mixin.py:188} INFO - [2025-11-17T02:02:29.156+0000] {dagbag.py:545} INFO - Filling up the DagBag from /opt/airflow/dags/sodai_pipeline.py
[2025-11-17T02:02:29.174+0000] {processor.py:840} INFO - DAG(s) 'sodai_pipeline_dag' retrieved from /opt/airflow/dags/sodai_pipeline.py
[2025-11-17T02:02:29.208+0000] {logging_mixin.py:188} INFO - [2025-11-17T02:02:29.208+0000] {dag.py:3096} INFO - Sync 1 DAGs
[2025-11-17T02:02:29.229+0000] {logging_mixin.py:188} INFO - [2025-11-17T02:02:29.229+0000] {dag.py:3954} INFO - Setting next_dagrun for sodai_pipeline_dag to 2025-11-16 00:00:00+00:00, run_after=2025-11-23 00:00:00+00:00
[2025-11-17T02:02:29.239+0000] {processor.py:183} INFO - Processing /opt/airflow/dags/sodai_pipeline.py took 0.109 seconds
[2025-11-17T02:02:59.515+0000] {processor.py:161} INFO - Started process (PID=404) to work on /opt/airflow/dags/sodai_pipeline.py
[2025-11-17T02:02:59.516+0000] {processor.py:830} INFO - Processing file /opt/airflow/dags/sodai_pipeline.py for tasks to queue
[2025-11-17T02:02:59.520+0000] {logging_mixin.py:188} INFO - [2025-11-17T02:02:59.519+0000] {dagbag.py:545} INFO - Filling up the DagBag from /opt/airflow/dags/sodai_pipeline.py
[2025-11-17T02:02:59.536+0000] {processor.py:840} INFO - DAG(s) 'sodai_pipeline_dag' retrieved from /opt/airflow/dags/sodai_pipeline.py
[2025-11-17T02:02:59.569+0000] {logging_mixin.py:188} INFO - [2025-11-17T02:02:59.569+0000] {dag.py:3096} INFO - Sync 1 DAGs
[2025-11-17T02:02:59.587+0000] {logging_mixin.py:188} INFO - [2025-11-17T02:02:59.587+0000] {dag.py:3954} INFO - Setting next_dagrun for sodai_pipeline_dag to 2025-11-16 00:00:00+00:00, run_after=2025-11-23 00:00:00+00:00
[2025-11-17T02:02:59.598+0000] {processor.py:183} INFO - Processing /opt/airflow/dags/sodai_pipeline.py took 0.089 seconds
[2025-11-17T02:03:29.979+0000] {processor.py:161} INFO - Started process (PID=409) to work on /opt/airflow/dags/sodai_pipeline.py
[2025-11-17T02:03:29.981+0000] {processor.py:830} INFO - Processing file /opt/airflow/dags/sodai_pipeline.py for tasks to queue
[2025-11-17T02:03:29.990+0000] {logging_mixin.py:188} INFO - [2025-11-17T02:03:29.987+0000] {dagbag.py:545} INFO - Filling up the DagBag from /opt/airflow/dags/sodai_pipeline.py
[2025-11-17T02:03:30.033+0000] {processor.py:840} INFO - DAG(s) 'sodai_pipeline_dag' retrieved from /opt/airflow/dags/sodai_pipeline.py
[2025-11-17T02:03:30.104+0000] {logging_mixin.py:188} INFO - [2025-11-17T02:03:30.104+0000] {dag.py:3096} INFO - Sync 1 DAGs
[2025-11-17T02:03:30.128+0000] {logging_mixin.py:188} INFO - [2025-11-17T02:03:30.128+0000] {dag.py:3954} INFO - Setting next_dagrun for sodai_pipeline_dag to 2025-11-16 00:00:00+00:00, run_after=2025-11-23 00:00:00+00:00
[2025-11-17T02:03:30.140+0000] {processor.py:183} INFO - Processing /opt/airflow/dags/sodai_pipeline.py took 0.195 seconds
[2025-11-17T02:04:00.331+0000] {processor.py:161} INFO - Started process (PID=414) to work on /opt/airflow/dags/sodai_pipeline.py
[2025-11-17T02:04:00.333+0000] {processor.py:830} INFO - Processing file /opt/airflow/dags/sodai_pipeline.py for tasks to queue
[2025-11-17T02:04:00.336+0000] {logging_mixin.py:188} INFO - [2025-11-17T02:04:00.336+0000] {dagbag.py:545} INFO - Filling up the DagBag from /opt/airflow/dags/sodai_pipeline.py
[2025-11-17T02:04:00.355+0000] {processor.py:840} INFO - DAG(s) 'sodai_pipeline_dag' retrieved from /opt/airflow/dags/sodai_pipeline.py
[2025-11-17T02:04:00.378+0000] {logging_mixin.py:188} INFO - [2025-11-17T02:04:00.378+0000] {dag.py:3096} INFO - Sync 1 DAGs
[2025-11-17T02:04:00.394+0000] {logging_mixin.py:188} INFO - [2025-11-17T02:04:00.394+0000] {dag.py:3954} INFO - Setting next_dagrun for sodai_pipeline_dag to 2025-11-16 00:00:00+00:00, run_after=2025-11-23 00:00:00+00:00
[2025-11-17T02:04:00.402+0000] {processor.py:183} INFO - Processing /opt/airflow/dags/sodai_pipeline.py took 0.087 seconds
[2025-11-17T02:04:30.746+0000] {processor.py:161} INFO - Started process (PID=419) to work on /opt/airflow/dags/sodai_pipeline.py
[2025-11-17T02:04:30.748+0000] {processor.py:830} INFO - Processing file /opt/airflow/dags/sodai_pipeline.py for tasks to queue
[2025-11-17T02:04:30.752+0000] {logging_mixin.py:188} INFO - [2025-11-17T02:04:30.752+0000] {dagbag.py:545} INFO - Filling up the DagBag from /opt/airflow/dags/sodai_pipeline.py
[2025-11-17T02:04:30.774+0000] {processor.py:840} INFO - DAG(s) 'sodai_pipeline_dag' retrieved from /opt/airflow/dags/sodai_pipeline.py
[2025-11-17T02:04:30.808+0000] {logging_mixin.py:188} INFO - [2025-11-17T02:04:30.808+0000] {dag.py:3096} INFO - Sync 1 DAGs
[2025-11-17T02:04:30.835+0000] {logging_mixin.py:188} INFO - [2025-11-17T02:04:30.835+0000] {dag.py:3954} INFO - Setting next_dagrun for sodai_pipeline_dag to 2025-11-16 00:00:00+00:00, run_after=2025-11-23 00:00:00+00:00
[2025-11-17T02:04:30.850+0000] {processor.py:183} INFO - Processing /opt/airflow/dags/sodai_pipeline.py took 0.115 seconds
[2025-11-17T02:05:01.212+0000] {processor.py:161} INFO - Started process (PID=424) to work on /opt/airflow/dags/sodai_pipeline.py
[2025-11-17T02:05:01.215+0000] {processor.py:830} INFO - Processing file /opt/airflow/dags/sodai_pipeline.py for tasks to queue
[2025-11-17T02:05:01.219+0000] {logging_mixin.py:188} INFO - [2025-11-17T02:05:01.218+0000] {dagbag.py:545} INFO - Filling up the DagBag from /opt/airflow/dags/sodai_pipeline.py
[2025-11-17T02:05:01.238+0000] {processor.py:840} INFO - DAG(s) 'sodai_pipeline_dag' retrieved from /opt/airflow/dags/sodai_pipeline.py
[2025-11-17T02:05:01.268+0000] {logging_mixin.py:188} INFO - [2025-11-17T02:05:01.268+0000] {dag.py:3096} INFO - Sync 1 DAGs
[2025-11-17T02:05:01.283+0000] {logging_mixin.py:188} INFO - [2025-11-17T02:05:01.282+0000] {dag.py:3954} INFO - Setting next_dagrun for sodai_pipeline_dag to 2025-11-16 00:00:00+00:00, run_after=2025-11-23 00:00:00+00:00
[2025-11-17T02:05:01.295+0000] {processor.py:183} INFO - Processing /opt/airflow/dags/sodai_pipeline.py took 0.101 seconds
[2025-11-17T02:05:31.566+0000] {processor.py:161} INFO - Started process (PID=429) to work on /opt/airflow/dags/sodai_pipeline.py
[2025-11-17T02:05:31.568+0000] {processor.py:830} INFO - Processing file /opt/airflow/dags/sodai_pipeline.py for tasks to queue
[2025-11-17T02:05:31.572+0000] {logging_mixin.py:188} INFO - [2025-11-17T02:05:31.571+0000] {dagbag.py:545} INFO - Filling up the DagBag from /opt/airflow/dags/sodai_pipeline.py
[2025-11-17T02:05:31.590+0000] {processor.py:840} INFO - DAG(s) 'sodai_pipeline_dag' retrieved from /opt/airflow/dags/sodai_pipeline.py
[2025-11-17T02:05:31.617+0000] {logging_mixin.py:188} INFO - [2025-11-17T02:05:31.617+0000] {dag.py:3096} INFO - Sync 1 DAGs
[2025-11-17T02:05:31.635+0000] {logging_mixin.py:188} INFO - [2025-11-17T02:05:31.635+0000] {dag.py:3954} INFO - Setting next_dagrun for sodai_pipeline_dag to 2025-11-16 00:00:00+00:00, run_after=2025-11-23 00:00:00+00:00
[2025-11-17T02:05:31.645+0000] {processor.py:183} INFO - Processing /opt/airflow/dags/sodai_pipeline.py took 0.090 seconds
[2025-11-17T02:06:01.966+0000] {processor.py:161} INFO - Started process (PID=434) to work on /opt/airflow/dags/sodai_pipeline.py
[2025-11-17T02:06:01.968+0000] {processor.py:830} INFO - Processing file /opt/airflow/dags/sodai_pipeline.py for tasks to queue
[2025-11-17T02:06:01.971+0000] {logging_mixin.py:188} INFO - [2025-11-17T02:06:01.970+0000] {dagbag.py:545} INFO - Filling up the DagBag from /opt/airflow/dags/sodai_pipeline.py
[2025-11-17T02:06:01.988+0000] {processor.py:840} INFO - DAG(s) 'sodai_pipeline_dag' retrieved from /opt/airflow/dags/sodai_pipeline.py
[2025-11-17T02:06:02.020+0000] {logging_mixin.py:188} INFO - [2025-11-17T02:06:02.020+0000] {dag.py:3096} INFO - Sync 1 DAGs
[2025-11-17T02:06:02.036+0000] {logging_mixin.py:188} INFO - [2025-11-17T02:06:02.036+0000] {dag.py:3954} INFO - Setting next_dagrun for sodai_pipeline_dag to 2025-11-16 00:00:00+00:00, run_after=2025-11-23 00:00:00+00:00
[2025-11-17T02:06:02.048+0000] {processor.py:183} INFO - Processing /opt/airflow/dags/sodai_pipeline.py took 0.094 seconds
[2025-11-17T02:06:32.355+0000] {processor.py:161} INFO - Started process (PID=439) to work on /opt/airflow/dags/sodai_pipeline.py
[2025-11-17T02:06:32.358+0000] {processor.py:830} INFO - Processing file /opt/airflow/dags/sodai_pipeline.py for tasks to queue
[2025-11-17T02:06:32.361+0000] {logging_mixin.py:188} INFO - [2025-11-17T02:06:32.361+0000] {dagbag.py:545} INFO - Filling up the DagBag from /opt/airflow/dags/sodai_pipeline.py
[2025-11-17T02:06:32.386+0000] {processor.py:840} INFO - DAG(s) 'sodai_pipeline_dag' retrieved from /opt/airflow/dags/sodai_pipeline.py
[2025-11-17T02:06:32.424+0000] {logging_mixin.py:188} INFO - [2025-11-17T02:06:32.424+0000] {dag.py:3096} INFO - Sync 1 DAGs
[2025-11-17T02:06:32.441+0000] {logging_mixin.py:188} INFO - [2025-11-17T02:06:32.441+0000] {dag.py:3954} INFO - Setting next_dagrun for sodai_pipeline_dag to 2025-11-16 00:00:00+00:00, run_after=2025-11-23 00:00:00+00:00
[2025-11-17T02:06:32.452+0000] {processor.py:183} INFO - Processing /opt/airflow/dags/sodai_pipeline.py took 0.110 seconds
[2025-11-17T02:07:02.797+0000] {processor.py:161} INFO - Started process (PID=444) to work on /opt/airflow/dags/sodai_pipeline.py
[2025-11-17T02:07:02.800+0000] {processor.py:830} INFO - Processing file /opt/airflow/dags/sodai_pipeline.py for tasks to queue
[2025-11-17T02:07:02.804+0000] {logging_mixin.py:188} INFO - [2025-11-17T02:07:02.803+0000] {dagbag.py:545} INFO - Filling up the DagBag from /opt/airflow/dags/sodai_pipeline.py
[2025-11-17T02:07:02.825+0000] {processor.py:840} INFO - DAG(s) 'sodai_pipeline_dag' retrieved from /opt/airflow/dags/sodai_pipeline.py
[2025-11-17T02:07:02.854+0000] {logging_mixin.py:188} INFO - [2025-11-17T02:07:02.854+0000] {dag.py:3096} INFO - Sync 1 DAGs
[2025-11-17T02:07:02.871+0000] {logging_mixin.py:188} INFO - [2025-11-17T02:07:02.871+0000] {dag.py:3954} INFO - Setting next_dagrun for sodai_pipeline_dag to 2025-11-16 00:00:00+00:00, run_after=2025-11-23 00:00:00+00:00
[2025-11-17T02:07:02.880+0000] {processor.py:183} INFO - Processing /opt/airflow/dags/sodai_pipeline.py took 0.098 seconds
[2025-11-17T02:07:33.138+0000] {processor.py:161} INFO - Started process (PID=449) to work on /opt/airflow/dags/sodai_pipeline.py
[2025-11-17T02:07:33.140+0000] {processor.py:830} INFO - Processing file /opt/airflow/dags/sodai_pipeline.py for tasks to queue
[2025-11-17T02:07:33.143+0000] {logging_mixin.py:188} INFO - [2025-11-17T02:07:33.142+0000] {dagbag.py:545} INFO - Filling up the DagBag from /opt/airflow/dags/sodai_pipeline.py
[2025-11-17T02:07:33.167+0000] {processor.py:840} INFO - DAG(s) 'sodai_pipeline_dag' retrieved from /opt/airflow/dags/sodai_pipeline.py
[2025-11-17T02:07:33.196+0000] {logging_mixin.py:188} INFO - [2025-11-17T02:07:33.195+0000] {dag.py:3096} INFO - Sync 1 DAGs
[2025-11-17T02:07:33.213+0000] {logging_mixin.py:188} INFO - [2025-11-17T02:07:33.213+0000] {dag.py:3954} INFO - Setting next_dagrun for sodai_pipeline_dag to 2025-11-16 00:00:00+00:00, run_after=2025-11-23 00:00:00+00:00
[2025-11-17T02:07:33.221+0000] {processor.py:183} INFO - Processing /opt/airflow/dags/sodai_pipeline.py took 0.097 seconds
[2025-11-17T02:08:03.466+0000] {processor.py:161} INFO - Started process (PID=454) to work on /opt/airflow/dags/sodai_pipeline.py
[2025-11-17T02:08:03.468+0000] {processor.py:830} INFO - Processing file /opt/airflow/dags/sodai_pipeline.py for tasks to queue
[2025-11-17T02:08:03.473+0000] {logging_mixin.py:188} INFO - [2025-11-17T02:08:03.471+0000] {dagbag.py:545} INFO - Filling up the DagBag from /opt/airflow/dags/sodai_pipeline.py
[2025-11-17T02:08:03.493+0000] {processor.py:840} INFO - DAG(s) 'sodai_pipeline_dag' retrieved from /opt/airflow/dags/sodai_pipeline.py
[2025-11-17T02:08:03.523+0000] {logging_mixin.py:188} INFO - [2025-11-17T02:08:03.523+0000] {dag.py:3096} INFO - Sync 1 DAGs
[2025-11-17T02:08:03.549+0000] {logging_mixin.py:188} INFO - [2025-11-17T02:08:03.549+0000] {dag.py:3954} INFO - Setting next_dagrun for sodai_pipeline_dag to 2025-11-16 00:00:00+00:00, run_after=2025-11-23 00:00:00+00:00
[2025-11-17T02:08:03.558+0000] {processor.py:183} INFO - Processing /opt/airflow/dags/sodai_pipeline.py took 0.106 seconds
[2025-11-17T02:08:33.853+0000] {processor.py:161} INFO - Started process (PID=459) to work on /opt/airflow/dags/sodai_pipeline.py
[2025-11-17T02:08:33.854+0000] {processor.py:830} INFO - Processing file /opt/airflow/dags/sodai_pipeline.py for tasks to queue
[2025-11-17T02:08:33.857+0000] {logging_mixin.py:188} INFO - [2025-11-17T02:08:33.857+0000] {dagbag.py:545} INFO - Filling up the DagBag from /opt/airflow/dags/sodai_pipeline.py
[2025-11-17T02:08:33.879+0000] {processor.py:840} INFO - DAG(s) 'sodai_pipeline_dag' retrieved from /opt/airflow/dags/sodai_pipeline.py
[2025-11-17T02:08:33.910+0000] {logging_mixin.py:188} INFO - [2025-11-17T02:08:33.910+0000] {dag.py:3096} INFO - Sync 1 DAGs
[2025-11-17T02:08:33.927+0000] {logging_mixin.py:188} INFO - [2025-11-17T02:08:33.927+0000] {dag.py:3954} INFO - Setting next_dagrun for sodai_pipeline_dag to 2025-11-16 00:00:00+00:00, run_after=2025-11-23 00:00:00+00:00
[2025-11-17T02:08:33.935+0000] {processor.py:183} INFO - Processing /opt/airflow/dags/sodai_pipeline.py took 0.093 seconds
[2025-11-17T02:09:04.206+0000] {processor.py:161} INFO - Started process (PID=464) to work on /opt/airflow/dags/sodai_pipeline.py
[2025-11-17T02:09:04.208+0000] {processor.py:830} INFO - Processing file /opt/airflow/dags/sodai_pipeline.py for tasks to queue
[2025-11-17T02:09:04.210+0000] {logging_mixin.py:188} INFO - [2025-11-17T02:09:04.210+0000] {dagbag.py:545} INFO - Filling up the DagBag from /opt/airflow/dags/sodai_pipeline.py
[2025-11-17T02:09:04.229+0000] {processor.py:840} INFO - DAG(s) 'sodai_pipeline_dag' retrieved from /opt/airflow/dags/sodai_pipeline.py
[2025-11-17T02:09:04.265+0000] {logging_mixin.py:188} INFO - [2025-11-17T02:09:04.265+0000] {dag.py:3096} INFO - Sync 1 DAGs
[2025-11-17T02:09:04.282+0000] {logging_mixin.py:188} INFO - [2025-11-17T02:09:04.282+0000] {dag.py:3954} INFO - Setting next_dagrun for sodai_pipeline_dag to 2025-11-16 00:00:00+00:00, run_after=2025-11-23 00:00:00+00:00
[2025-11-17T02:09:04.295+0000] {processor.py:183} INFO - Processing /opt/airflow/dags/sodai_pipeline.py took 0.102 seconds
[2025-11-17T02:09:34.584+0000] {processor.py:161} INFO - Started process (PID=469) to work on /opt/airflow/dags/sodai_pipeline.py
[2025-11-17T02:09:34.586+0000] {processor.py:830} INFO - Processing file /opt/airflow/dags/sodai_pipeline.py for tasks to queue
[2025-11-17T02:09:34.589+0000] {logging_mixin.py:188} INFO - [2025-11-17T02:09:34.588+0000] {dagbag.py:545} INFO - Filling up the DagBag from /opt/airflow/dags/sodai_pipeline.py
[2025-11-17T02:09:34.609+0000] {processor.py:840} INFO - DAG(s) 'sodai_pipeline_dag' retrieved from /opt/airflow/dags/sodai_pipeline.py
[2025-11-17T02:09:34.642+0000] {logging_mixin.py:188} INFO - [2025-11-17T02:09:34.642+0000] {dag.py:3096} INFO - Sync 1 DAGs
[2025-11-17T02:09:34.661+0000] {logging_mixin.py:188} INFO - [2025-11-17T02:09:34.661+0000] {dag.py:3954} INFO - Setting next_dagrun for sodai_pipeline_dag to 2025-11-16 00:00:00+00:00, run_after=2025-11-23 00:00:00+00:00
[2025-11-17T02:09:34.671+0000] {processor.py:183} INFO - Processing /opt/airflow/dags/sodai_pipeline.py took 0.101 seconds
[2025-11-17T02:10:04.958+0000] {processor.py:161} INFO - Started process (PID=474) to work on /opt/airflow/dags/sodai_pipeline.py
[2025-11-17T02:10:04.961+0000] {processor.py:830} INFO - Processing file /opt/airflow/dags/sodai_pipeline.py for tasks to queue
[2025-11-17T02:10:04.965+0000] {logging_mixin.py:188} INFO - [2025-11-17T02:10:04.964+0000] {dagbag.py:545} INFO - Filling up the DagBag from /opt/airflow/dags/sodai_pipeline.py
[2025-11-17T02:10:04.988+0000] {processor.py:840} INFO - DAG(s) 'sodai_pipeline_dag' retrieved from /opt/airflow/dags/sodai_pipeline.py
[2025-11-17T02:10:05.030+0000] {logging_mixin.py:188} INFO - [2025-11-17T02:10:05.030+0000] {dag.py:3096} INFO - Sync 1 DAGs
[2025-11-17T02:10:05.055+0000] {logging_mixin.py:188} INFO - [2025-11-17T02:10:05.055+0000] {dag.py:3954} INFO - Setting next_dagrun for sodai_pipeline_dag to 2025-11-16 00:00:00+00:00, run_after=2025-11-23 00:00:00+00:00
[2025-11-17T02:10:05.066+0000] {processor.py:183} INFO - Processing /opt/airflow/dags/sodai_pipeline.py took 0.122 seconds
[2025-11-17T02:10:35.408+0000] {processor.py:161} INFO - Started process (PID=479) to work on /opt/airflow/dags/sodai_pipeline.py
[2025-11-17T02:10:35.410+0000] {processor.py:830} INFO - Processing file /opt/airflow/dags/sodai_pipeline.py for tasks to queue
[2025-11-17T02:10:35.414+0000] {logging_mixin.py:188} INFO - [2025-11-17T02:10:35.414+0000] {dagbag.py:545} INFO - Filling up the DagBag from /opt/airflow/dags/sodai_pipeline.py
[2025-11-17T02:10:35.433+0000] {processor.py:840} INFO - DAG(s) 'sodai_pipeline_dag' retrieved from /opt/airflow/dags/sodai_pipeline.py
[2025-11-17T02:10:35.479+0000] {logging_mixin.py:188} INFO - [2025-11-17T02:10:35.479+0000] {dag.py:3096} INFO - Sync 1 DAGs
[2025-11-17T02:10:35.533+0000] {logging_mixin.py:188} INFO - [2025-11-17T02:10:35.533+0000] {dag.py:3954} INFO - Setting next_dagrun for sodai_pipeline_dag to 2025-11-16 00:00:00+00:00, run_after=2025-11-23 00:00:00+00:00
[2025-11-17T02:10:35.566+0000] {processor.py:183} INFO - Processing /opt/airflow/dags/sodai_pipeline.py took 0.166 seconds
[2025-11-17T02:11:05.896+0000] {processor.py:161} INFO - Started process (PID=484) to work on /opt/airflow/dags/sodai_pipeline.py
[2025-11-17T02:11:05.898+0000] {processor.py:830} INFO - Processing file /opt/airflow/dags/sodai_pipeline.py for tasks to queue
[2025-11-17T02:11:05.901+0000] {logging_mixin.py:188} INFO - [2025-11-17T02:11:05.901+0000] {dagbag.py:545} INFO - Filling up the DagBag from /opt/airflow/dags/sodai_pipeline.py
[2025-11-17T02:11:05.928+0000] {processor.py:840} INFO - DAG(s) 'sodai_pipeline_dag' retrieved from /opt/airflow/dags/sodai_pipeline.py
[2025-11-17T02:11:05.967+0000] {logging_mixin.py:188} INFO - [2025-11-17T02:11:05.967+0000] {dag.py:3096} INFO - Sync 1 DAGs
[2025-11-17T02:11:05.995+0000] {logging_mixin.py:188} INFO - [2025-11-17T02:11:05.995+0000] {dag.py:3954} INFO - Setting next_dagrun for sodai_pipeline_dag to 2025-11-16 00:00:00+00:00, run_after=2025-11-23 00:00:00+00:00
[2025-11-17T02:11:06.016+0000] {processor.py:183} INFO - Processing /opt/airflow/dags/sodai_pipeline.py took 0.137 seconds
[2025-11-17T02:11:36.325+0000] {processor.py:161} INFO - Started process (PID=489) to work on /opt/airflow/dags/sodai_pipeline.py
[2025-11-17T02:11:36.327+0000] {processor.py:830} INFO - Processing file /opt/airflow/dags/sodai_pipeline.py for tasks to queue
[2025-11-17T02:11:36.331+0000] {logging_mixin.py:188} INFO - [2025-11-17T02:11:36.330+0000] {dagbag.py:545} INFO - Filling up the DagBag from /opt/airflow/dags/sodai_pipeline.py
[2025-11-17T02:11:36.353+0000] {processor.py:840} INFO - DAG(s) 'sodai_pipeline_dag' retrieved from /opt/airflow/dags/sodai_pipeline.py
[2025-11-17T02:11:36.386+0000] {logging_mixin.py:188} INFO - [2025-11-17T02:11:36.386+0000] {dag.py:3096} INFO - Sync 1 DAGs
[2025-11-17T02:11:36.405+0000] {logging_mixin.py:188} INFO - [2025-11-17T02:11:36.405+0000] {dag.py:3954} INFO - Setting next_dagrun for sodai_pipeline_dag to 2025-11-16 00:00:00+00:00, run_after=2025-11-23 00:00:00+00:00
[2025-11-17T02:11:36.415+0000] {processor.py:183} INFO - Processing /opt/airflow/dags/sodai_pipeline.py took 0.102 seconds
[2025-11-17T02:12:06.749+0000] {processor.py:161} INFO - Started process (PID=494) to work on /opt/airflow/dags/sodai_pipeline.py
[2025-11-17T02:12:06.752+0000] {processor.py:830} INFO - Processing file /opt/airflow/dags/sodai_pipeline.py for tasks to queue
[2025-11-17T02:12:06.759+0000] {logging_mixin.py:188} INFO - [2025-11-17T02:12:06.758+0000] {dagbag.py:545} INFO - Filling up the DagBag from /opt/airflow/dags/sodai_pipeline.py
[2025-11-17T02:12:06.776+0000] {processor.py:840} INFO - DAG(s) 'sodai_pipeline_dag' retrieved from /opt/airflow/dags/sodai_pipeline.py
[2025-11-17T02:12:06.808+0000] {logging_mixin.py:188} INFO - [2025-11-17T02:12:06.808+0000] {dag.py:3096} INFO - Sync 1 DAGs
[2025-11-17T02:12:06.828+0000] {logging_mixin.py:188} INFO - [2025-11-17T02:12:06.828+0000] {dag.py:3954} INFO - Setting next_dagrun for sodai_pipeline_dag to 2025-11-16 00:00:00+00:00, run_after=2025-11-23 00:00:00+00:00
[2025-11-17T02:12:06.839+0000] {processor.py:183} INFO - Processing /opt/airflow/dags/sodai_pipeline.py took 0.102 seconds
[2025-11-17T02:12:37.125+0000] {processor.py:161} INFO - Started process (PID=499) to work on /opt/airflow/dags/sodai_pipeline.py
[2025-11-17T02:12:37.127+0000] {processor.py:830} INFO - Processing file /opt/airflow/dags/sodai_pipeline.py for tasks to queue
[2025-11-17T02:12:37.130+0000] {logging_mixin.py:188} INFO - [2025-11-17T02:12:37.129+0000] {dagbag.py:545} INFO - Filling up the DagBag from /opt/airflow/dags/sodai_pipeline.py
[2025-11-17T02:12:37.149+0000] {processor.py:840} INFO - DAG(s) 'sodai_pipeline_dag' retrieved from /opt/airflow/dags/sodai_pipeline.py
[2025-11-17T02:12:37.177+0000] {logging_mixin.py:188} INFO - [2025-11-17T02:12:37.177+0000] {dag.py:3096} INFO - Sync 1 DAGs
[2025-11-17T02:12:37.195+0000] {logging_mixin.py:188} INFO - [2025-11-17T02:12:37.195+0000] {dag.py:3954} INFO - Setting next_dagrun for sodai_pipeline_dag to 2025-11-16 00:00:00+00:00, run_after=2025-11-23 00:00:00+00:00
[2025-11-17T02:12:37.204+0000] {processor.py:183} INFO - Processing /opt/airflow/dags/sodai_pipeline.py took 0.089 seconds
[2025-11-17T02:13:07.566+0000] {processor.py:161} INFO - Started process (PID=504) to work on /opt/airflow/dags/sodai_pipeline.py
[2025-11-17T02:13:07.572+0000] {processor.py:830} INFO - Processing file /opt/airflow/dags/sodai_pipeline.py for tasks to queue
[2025-11-17T02:13:07.576+0000] {logging_mixin.py:188} INFO - [2025-11-17T02:13:07.575+0000] {dagbag.py:545} INFO - Filling up the DagBag from /opt/airflow/dags/sodai_pipeline.py
[2025-11-17T02:13:07.593+0000] {processor.py:840} INFO - DAG(s) 'sodai_pipeline_dag' retrieved from /opt/airflow/dags/sodai_pipeline.py
[2025-11-17T02:13:07.625+0000] {logging_mixin.py:188} INFO - [2025-11-17T02:13:07.625+0000] {dag.py:3096} INFO - Sync 1 DAGs
[2025-11-17T02:13:07.642+0000] {logging_mixin.py:188} INFO - [2025-11-17T02:13:07.642+0000] {dag.py:3954} INFO - Setting next_dagrun for sodai_pipeline_dag to 2025-11-16 00:00:00+00:00, run_after=2025-11-23 00:00:00+00:00
[2025-11-17T02:13:07.653+0000] {processor.py:183} INFO - Processing /opt/airflow/dags/sodai_pipeline.py took 0.099 seconds
[2025-11-17T02:13:38.078+0000] {processor.py:161} INFO - Started process (PID=509) to work on /opt/airflow/dags/sodai_pipeline.py
[2025-11-17T02:13:38.079+0000] {processor.py:830} INFO - Processing file /opt/airflow/dags/sodai_pipeline.py for tasks to queue
[2025-11-17T02:13:38.083+0000] {logging_mixin.py:188} INFO - [2025-11-17T02:13:38.082+0000] {dagbag.py:545} INFO - Filling up the DagBag from /opt/airflow/dags/sodai_pipeline.py
[2025-11-17T02:13:38.113+0000] {processor.py:840} INFO - DAG(s) 'sodai_pipeline_dag' retrieved from /opt/airflow/dags/sodai_pipeline.py
[2025-11-17T02:13:38.166+0000] {logging_mixin.py:188} INFO - [2025-11-17T02:13:38.166+0000] {dag.py:3096} INFO - Sync 1 DAGs
[2025-11-17T02:13:38.181+0000] {logging_mixin.py:188} INFO - [2025-11-17T02:13:38.181+0000] {dag.py:3954} INFO - Setting next_dagrun for sodai_pipeline_dag to 2025-11-16 00:00:00+00:00, run_after=2025-11-23 00:00:00+00:00
[2025-11-17T02:13:38.191+0000] {processor.py:183} INFO - Processing /opt/airflow/dags/sodai_pipeline.py took 0.129 seconds
[2025-11-17T02:14:08.496+0000] {processor.py:161} INFO - Started process (PID=514) to work on /opt/airflow/dags/sodai_pipeline.py
[2025-11-17T02:14:08.497+0000] {processor.py:830} INFO - Processing file /opt/airflow/dags/sodai_pipeline.py for tasks to queue
[2025-11-17T02:14:08.504+0000] {logging_mixin.py:188} INFO - [2025-11-17T02:14:08.503+0000] {dagbag.py:545} INFO - Filling up the DagBag from /opt/airflow/dags/sodai_pipeline.py
[2025-11-17T02:14:08.519+0000] {processor.py:840} INFO - DAG(s) 'sodai_pipeline_dag' retrieved from /opt/airflow/dags/sodai_pipeline.py
[2025-11-17T02:14:08.547+0000] {logging_mixin.py:188} INFO - [2025-11-17T02:14:08.547+0000] {dag.py:3096} INFO - Sync 1 DAGs
[2025-11-17T02:14:08.563+0000] {logging_mixin.py:188} INFO - [2025-11-17T02:14:08.562+0000] {dag.py:3954} INFO - Setting next_dagrun for sodai_pipeline_dag to 2025-11-16 00:00:00+00:00, run_after=2025-11-23 00:00:00+00:00
[2025-11-17T02:14:08.571+0000] {processor.py:183} INFO - Processing /opt/airflow/dags/sodai_pipeline.py took 0.085 seconds
[2025-11-17T02:14:38.859+0000] {processor.py:161} INFO - Started process (PID=519) to work on /opt/airflow/dags/sodai_pipeline.py
[2025-11-17T02:14:38.861+0000] {processor.py:830} INFO - Processing file /opt/airflow/dags/sodai_pipeline.py for tasks to queue
[2025-11-17T02:14:38.864+0000] {logging_mixin.py:188} INFO - [2025-11-17T02:14:38.864+0000] {dagbag.py:545} INFO - Filling up the DagBag from /opt/airflow/dags/sodai_pipeline.py
[2025-11-17T02:14:38.887+0000] {processor.py:840} INFO - DAG(s) 'sodai_pipeline_dag' retrieved from /opt/airflow/dags/sodai_pipeline.py
[2025-11-17T02:14:38.924+0000] {logging_mixin.py:188} INFO - [2025-11-17T02:14:38.924+0000] {dag.py:3096} INFO - Sync 1 DAGs
[2025-11-17T02:14:38.948+0000] {logging_mixin.py:188} INFO - [2025-11-17T02:14:38.948+0000] {dag.py:3954} INFO - Setting next_dagrun for sodai_pipeline_dag to 2025-11-16 00:00:00+00:00, run_after=2025-11-23 00:00:00+00:00
[2025-11-17T02:14:38.958+0000] {processor.py:183} INFO - Processing /opt/airflow/dags/sodai_pipeline.py took 0.117 seconds
[2025-11-17T02:15:09.249+0000] {processor.py:161} INFO - Started process (PID=524) to work on /opt/airflow/dags/sodai_pipeline.py
[2025-11-17T02:15:09.251+0000] {processor.py:830} INFO - Processing file /opt/airflow/dags/sodai_pipeline.py for tasks to queue
[2025-11-17T02:15:09.254+0000] {logging_mixin.py:188} INFO - [2025-11-17T02:15:09.254+0000] {dagbag.py:545} INFO - Filling up the DagBag from /opt/airflow/dags/sodai_pipeline.py
[2025-11-17T02:15:09.276+0000] {processor.py:840} INFO - DAG(s) 'sodai_pipeline_dag' retrieved from /opt/airflow/dags/sodai_pipeline.py
[2025-11-17T02:15:09.309+0000] {logging_mixin.py:188} INFO - [2025-11-17T02:15:09.308+0000] {dag.py:3096} INFO - Sync 1 DAGs
[2025-11-17T02:15:09.326+0000] {logging_mixin.py:188} INFO - [2025-11-17T02:15:09.325+0000] {dag.py:3954} INFO - Setting next_dagrun for sodai_pipeline_dag to 2025-11-16 00:00:00+00:00, run_after=2025-11-23 00:00:00+00:00
[2025-11-17T02:15:09.334+0000] {processor.py:183} INFO - Processing /opt/airflow/dags/sodai_pipeline.py took 0.100 seconds
[2025-11-17T02:15:39.719+0000] {processor.py:161} INFO - Started process (PID=529) to work on /opt/airflow/dags/sodai_pipeline.py
[2025-11-17T02:15:39.721+0000] {processor.py:830} INFO - Processing file /opt/airflow/dags/sodai_pipeline.py for tasks to queue
[2025-11-17T02:15:39.729+0000] {logging_mixin.py:188} INFO - [2025-11-17T02:15:39.728+0000] {dagbag.py:545} INFO - Filling up the DagBag from /opt/airflow/dags/sodai_pipeline.py
[2025-11-17T02:15:39.748+0000] {processor.py:840} INFO - DAG(s) 'sodai_pipeline_dag' retrieved from /opt/airflow/dags/sodai_pipeline.py
[2025-11-17T02:15:39.785+0000] {logging_mixin.py:188} INFO - [2025-11-17T02:15:39.785+0000] {dag.py:3096} INFO - Sync 1 DAGs
[2025-11-17T02:15:39.801+0000] {logging_mixin.py:188} INFO - [2025-11-17T02:15:39.801+0000] {dag.py:3954} INFO - Setting next_dagrun for sodai_pipeline_dag to 2025-11-16 00:00:00+00:00, run_after=2025-11-23 00:00:00+00:00
[2025-11-17T02:15:39.811+0000] {processor.py:183} INFO - Processing /opt/airflow/dags/sodai_pipeline.py took 0.103 seconds
[2025-11-17T02:16:10.212+0000] {processor.py:161} INFO - Started process (PID=534) to work on /opt/airflow/dags/sodai_pipeline.py
[2025-11-17T02:16:10.214+0000] {processor.py:830} INFO - Processing file /opt/airflow/dags/sodai_pipeline.py for tasks to queue
[2025-11-17T02:16:10.219+0000] {logging_mixin.py:188} INFO - [2025-11-17T02:16:10.218+0000] {dagbag.py:545} INFO - Filling up the DagBag from /opt/airflow/dags/sodai_pipeline.py
[2025-11-17T02:16:10.246+0000] {processor.py:840} INFO - DAG(s) 'sodai_pipeline_dag' retrieved from /opt/airflow/dags/sodai_pipeline.py
[2025-11-17T02:16:10.287+0000] {logging_mixin.py:188} INFO - [2025-11-17T02:16:10.287+0000] {dag.py:3096} INFO - Sync 1 DAGs
[2025-11-17T02:16:10.312+0000] {logging_mixin.py:188} INFO - [2025-11-17T02:16:10.312+0000] {dag.py:3954} INFO - Setting next_dagrun for sodai_pipeline_dag to 2025-11-16 00:00:00+00:00, run_after=2025-11-23 00:00:00+00:00
[2025-11-17T02:16:10.321+0000] {processor.py:183} INFO - Processing /opt/airflow/dags/sodai_pipeline.py took 0.122 seconds
[2025-11-17T02:16:40.593+0000] {processor.py:161} INFO - Started process (PID=539) to work on /opt/airflow/dags/sodai_pipeline.py
[2025-11-17T02:16:40.594+0000] {processor.py:830} INFO - Processing file /opt/airflow/dags/sodai_pipeline.py for tasks to queue
[2025-11-17T02:16:40.598+0000] {logging_mixin.py:188} INFO - [2025-11-17T02:16:40.597+0000] {dagbag.py:545} INFO - Filling up the DagBag from /opt/airflow/dags/sodai_pipeline.py
[2025-11-17T02:16:40.619+0000] {processor.py:840} INFO - DAG(s) 'sodai_pipeline_dag' retrieved from /opt/airflow/dags/sodai_pipeline.py
[2025-11-17T02:16:40.645+0000] {logging_mixin.py:188} INFO - [2025-11-17T02:16:40.645+0000] {dag.py:3096} INFO - Sync 1 DAGs
[2025-11-17T02:16:40.662+0000] {logging_mixin.py:188} INFO - [2025-11-17T02:16:40.662+0000] {dag.py:3954} INFO - Setting next_dagrun for sodai_pipeline_dag to 2025-11-16 00:00:00+00:00, run_after=2025-11-23 00:00:00+00:00
[2025-11-17T02:16:40.670+0000] {processor.py:183} INFO - Processing /opt/airflow/dags/sodai_pipeline.py took 0.088 seconds
[2025-11-17T02:17:10.982+0000] {processor.py:161} INFO - Started process (PID=544) to work on /opt/airflow/dags/sodai_pipeline.py
[2025-11-17T02:17:10.983+0000] {processor.py:830} INFO - Processing file /opt/airflow/dags/sodai_pipeline.py for tasks to queue
[2025-11-17T02:17:10.986+0000] {logging_mixin.py:188} INFO - [2025-11-17T02:17:10.986+0000] {dagbag.py:545} INFO - Filling up the DagBag from /opt/airflow/dags/sodai_pipeline.py
[2025-11-17T02:17:11.005+0000] {processor.py:840} INFO - DAG(s) 'sodai_pipeline_dag' retrieved from /opt/airflow/dags/sodai_pipeline.py
[2025-11-17T02:17:11.029+0000] {logging_mixin.py:188} INFO - [2025-11-17T02:17:11.029+0000] {dag.py:3096} INFO - Sync 1 DAGs
[2025-11-17T02:17:11.042+0000] {logging_mixin.py:188} INFO - [2025-11-17T02:17:11.042+0000] {dag.py:3954} INFO - Setting next_dagrun for sodai_pipeline_dag to 2025-11-16 00:00:00+00:00, run_after=2025-11-23 00:00:00+00:00
[2025-11-17T02:17:11.051+0000] {processor.py:183} INFO - Processing /opt/airflow/dags/sodai_pipeline.py took 0.081 seconds
[2025-11-17T02:17:41.292+0000] {processor.py:161} INFO - Started process (PID=549) to work on /opt/airflow/dags/sodai_pipeline.py
[2025-11-17T02:17:41.294+0000] {processor.py:830} INFO - Processing file /opt/airflow/dags/sodai_pipeline.py for tasks to queue
[2025-11-17T02:17:41.299+0000] {logging_mixin.py:188} INFO - [2025-11-17T02:17:41.298+0000] {dagbag.py:545} INFO - Filling up the DagBag from /opt/airflow/dags/sodai_pipeline.py
[2025-11-17T02:17:41.319+0000] {processor.py:840} INFO - DAG(s) 'sodai_pipeline_dag' retrieved from /opt/airflow/dags/sodai_pipeline.py
[2025-11-17T02:17:41.349+0000] {logging_mixin.py:188} INFO - [2025-11-17T02:17:41.349+0000] {dag.py:3096} INFO - Sync 1 DAGs
[2025-11-17T02:17:41.364+0000] {logging_mixin.py:188} INFO - [2025-11-17T02:17:41.364+0000] {dag.py:3954} INFO - Setting next_dagrun for sodai_pipeline_dag to 2025-11-16 00:00:00+00:00, run_after=2025-11-23 00:00:00+00:00
[2025-11-17T02:17:41.373+0000] {processor.py:183} INFO - Processing /opt/airflow/dags/sodai_pipeline.py took 0.087 seconds
[2025-11-17T02:18:11.590+0000] {processor.py:161} INFO - Started process (PID=554) to work on /opt/airflow/dags/sodai_pipeline.py
[2025-11-17T02:18:11.592+0000] {processor.py:830} INFO - Processing file /opt/airflow/dags/sodai_pipeline.py for tasks to queue
[2025-11-17T02:18:11.598+0000] {logging_mixin.py:188} INFO - [2025-11-17T02:18:11.597+0000] {dagbag.py:545} INFO - Filling up the DagBag from /opt/airflow/dags/sodai_pipeline.py
[2025-11-17T02:18:11.626+0000] {processor.py:840} INFO - DAG(s) 'sodai_pipeline_dag' retrieved from /opt/airflow/dags/sodai_pipeline.py
[2025-11-17T02:18:11.656+0000] {logging_mixin.py:188} INFO - [2025-11-17T02:18:11.655+0000] {dag.py:3096} INFO - Sync 1 DAGs
[2025-11-17T02:18:11.674+0000] {logging_mixin.py:188} INFO - [2025-11-17T02:18:11.673+0000] {dag.py:3954} INFO - Setting next_dagrun for sodai_pipeline_dag to 2025-11-16 00:00:00+00:00, run_after=2025-11-23 00:00:00+00:00
[2025-11-17T02:18:11.685+0000] {processor.py:183} INFO - Processing /opt/airflow/dags/sodai_pipeline.py took 0.101 seconds
[2025-11-17T02:18:42.013+0000] {processor.py:161} INFO - Started process (PID=559) to work on /opt/airflow/dags/sodai_pipeline.py
[2025-11-17T02:18:42.015+0000] {processor.py:830} INFO - Processing file /opt/airflow/dags/sodai_pipeline.py for tasks to queue
[2025-11-17T02:18:42.023+0000] {logging_mixin.py:188} INFO - [2025-11-17T02:18:42.022+0000] {dagbag.py:545} INFO - Filling up the DagBag from /opt/airflow/dags/sodai_pipeline.py
[2025-11-17T02:18:42.045+0000] {processor.py:840} INFO - DAG(s) 'sodai_pipeline_dag' retrieved from /opt/airflow/dags/sodai_pipeline.py
[2025-11-17T02:18:42.076+0000] {logging_mixin.py:188} INFO - [2025-11-17T02:18:42.075+0000] {dag.py:3096} INFO - Sync 1 DAGs
[2025-11-17T02:18:42.089+0000] {logging_mixin.py:188} INFO - [2025-11-17T02:18:42.089+0000] {dag.py:3954} INFO - Setting next_dagrun for sodai_pipeline_dag to 2025-11-16 00:00:00+00:00, run_after=2025-11-23 00:00:00+00:00
[2025-11-17T02:18:42.099+0000] {processor.py:183} INFO - Processing /opt/airflow/dags/sodai_pipeline.py took 0.099 seconds
[2025-11-17T02:19:12.406+0000] {processor.py:161} INFO - Started process (PID=564) to work on /opt/airflow/dags/sodai_pipeline.py
[2025-11-17T02:19:12.409+0000] {processor.py:830} INFO - Processing file /opt/airflow/dags/sodai_pipeline.py for tasks to queue
[2025-11-17T02:19:12.412+0000] {logging_mixin.py:188} INFO - [2025-11-17T02:19:12.412+0000] {dagbag.py:545} INFO - Filling up the DagBag from /opt/airflow/dags/sodai_pipeline.py
[2025-11-17T02:19:12.432+0000] {processor.py:840} INFO - DAG(s) 'sodai_pipeline_dag' retrieved from /opt/airflow/dags/sodai_pipeline.py
[2025-11-17T02:19:12.459+0000] {logging_mixin.py:188} INFO - [2025-11-17T02:19:12.459+0000] {dag.py:3096} INFO - Sync 1 DAGs
[2025-11-17T02:19:12.474+0000] {logging_mixin.py:188} INFO - [2025-11-17T02:19:12.473+0000] {dag.py:3954} INFO - Setting next_dagrun for sodai_pipeline_dag to 2025-11-16 00:00:00+00:00, run_after=2025-11-23 00:00:00+00:00
[2025-11-17T02:19:12.482+0000] {processor.py:183} INFO - Processing /opt/airflow/dags/sodai_pipeline.py took 0.087 seconds
[2025-11-17T02:19:42.729+0000] {processor.py:161} INFO - Started process (PID=569) to work on /opt/airflow/dags/sodai_pipeline.py
[2025-11-17T02:19:42.732+0000] {processor.py:830} INFO - Processing file /opt/airflow/dags/sodai_pipeline.py for tasks to queue
[2025-11-17T02:19:42.735+0000] {logging_mixin.py:188} INFO - [2025-11-17T02:19:42.734+0000] {dagbag.py:545} INFO - Filling up the DagBag from /opt/airflow/dags/sodai_pipeline.py
[2025-11-17T02:19:42.749+0000] {processor.py:840} INFO - DAG(s) 'sodai_pipeline_dag' retrieved from /opt/airflow/dags/sodai_pipeline.py
[2025-11-17T02:19:42.775+0000] {logging_mixin.py:188} INFO - [2025-11-17T02:19:42.775+0000] {dag.py:3096} INFO - Sync 1 DAGs
[2025-11-17T02:19:42.792+0000] {logging_mixin.py:188} INFO - [2025-11-17T02:19:42.792+0000] {dag.py:3954} INFO - Setting next_dagrun for sodai_pipeline_dag to 2025-11-16 00:00:00+00:00, run_after=2025-11-23 00:00:00+00:00
[2025-11-17T02:19:42.800+0000] {processor.py:183} INFO - Processing /opt/airflow/dags/sodai_pipeline.py took 0.088 seconds
[2025-11-17T02:20:12.998+0000] {processor.py:161} INFO - Started process (PID=574) to work on /opt/airflow/dags/sodai_pipeline.py
[2025-11-17T02:20:12.999+0000] {processor.py:830} INFO - Processing file /opt/airflow/dags/sodai_pipeline.py for tasks to queue
[2025-11-17T02:20:13.001+0000] {logging_mixin.py:188} INFO - [2025-11-17T02:20:13.001+0000] {dagbag.py:545} INFO - Filling up the DagBag from /opt/airflow/dags/sodai_pipeline.py
[2025-11-17T02:20:13.016+0000] {processor.py:840} INFO - DAG(s) 'sodai_pipeline_dag' retrieved from /opt/airflow/dags/sodai_pipeline.py
[2025-11-17T02:20:13.043+0000] {logging_mixin.py:188} INFO - [2025-11-17T02:20:13.043+0000] {dag.py:3096} INFO - Sync 1 DAGs
[2025-11-17T02:20:13.057+0000] {logging_mixin.py:188} INFO - [2025-11-17T02:20:13.056+0000] {dag.py:3954} INFO - Setting next_dagrun for sodai_pipeline_dag to 2025-11-16 00:00:00+00:00, run_after=2025-11-23 00:00:00+00:00
[2025-11-17T02:20:13.068+0000] {processor.py:183} INFO - Processing /opt/airflow/dags/sodai_pipeline.py took 0.088 seconds
[2025-11-17T02:20:43.291+0000] {processor.py:161} INFO - Started process (PID=579) to work on /opt/airflow/dags/sodai_pipeline.py
[2025-11-17T02:20:43.292+0000] {processor.py:830} INFO - Processing file /opt/airflow/dags/sodai_pipeline.py for tasks to queue
[2025-11-17T02:20:43.295+0000] {logging_mixin.py:188} INFO - [2025-11-17T02:20:43.294+0000] {dagbag.py:545} INFO - Filling up the DagBag from /opt/airflow/dags/sodai_pipeline.py
[2025-11-17T02:20:43.312+0000] {processor.py:840} INFO - DAG(s) 'sodai_pipeline_dag' retrieved from /opt/airflow/dags/sodai_pipeline.py
[2025-11-17T02:20:43.340+0000] {logging_mixin.py:188} INFO - [2025-11-17T02:20:43.339+0000] {dag.py:3096} INFO - Sync 1 DAGs
[2025-11-17T02:20:43.355+0000] {logging_mixin.py:188} INFO - [2025-11-17T02:20:43.355+0000] {dag.py:3954} INFO - Setting next_dagrun for sodai_pipeline_dag to 2025-11-16 00:00:00+00:00, run_after=2025-11-23 00:00:00+00:00
[2025-11-17T02:20:43.365+0000] {processor.py:183} INFO - Processing /opt/airflow/dags/sodai_pipeline.py took 0.090 seconds
[2025-11-17T02:21:13.583+0000] {processor.py:161} INFO - Started process (PID=584) to work on /opt/airflow/dags/sodai_pipeline.py
[2025-11-17T02:21:13.584+0000] {processor.py:830} INFO - Processing file /opt/airflow/dags/sodai_pipeline.py for tasks to queue
[2025-11-17T02:21:13.590+0000] {logging_mixin.py:188} INFO - [2025-11-17T02:21:13.589+0000] {dagbag.py:545} INFO - Filling up the DagBag from /opt/airflow/dags/sodai_pipeline.py
[2025-11-17T02:21:13.609+0000] {processor.py:840} INFO - DAG(s) 'sodai_pipeline_dag' retrieved from /opt/airflow/dags/sodai_pipeline.py
[2025-11-17T02:21:13.632+0000] {logging_mixin.py:188} INFO - [2025-11-17T02:21:13.631+0000] {dag.py:3096} INFO - Sync 1 DAGs
[2025-11-17T02:21:13.650+0000] {logging_mixin.py:188} INFO - [2025-11-17T02:21:13.649+0000] {dag.py:3954} INFO - Setting next_dagrun for sodai_pipeline_dag to 2025-11-16 00:00:00+00:00, run_after=2025-11-23 00:00:00+00:00
[2025-11-17T02:21:13.659+0000] {processor.py:183} INFO - Processing /opt/airflow/dags/sodai_pipeline.py took 0.087 seconds
[2025-11-17T02:21:43.916+0000] {processor.py:161} INFO - Started process (PID=589) to work on /opt/airflow/dags/sodai_pipeline.py
[2025-11-17T02:21:43.919+0000] {processor.py:830} INFO - Processing file /opt/airflow/dags/sodai_pipeline.py for tasks to queue
[2025-11-17T02:21:43.923+0000] {logging_mixin.py:188} INFO - [2025-11-17T02:21:43.922+0000] {dagbag.py:545} INFO - Filling up the DagBag from /opt/airflow/dags/sodai_pipeline.py
[2025-11-17T02:21:43.945+0000] {processor.py:840} INFO - DAG(s) 'sodai_pipeline_dag' retrieved from /opt/airflow/dags/sodai_pipeline.py
[2025-11-17T02:21:43.971+0000] {logging_mixin.py:188} INFO - [2025-11-17T02:21:43.971+0000] {dag.py:3096} INFO - Sync 1 DAGs
[2025-11-17T02:21:43.986+0000] {logging_mixin.py:188} INFO - [2025-11-17T02:21:43.986+0000] {dag.py:3954} INFO - Setting next_dagrun for sodai_pipeline_dag to 2025-11-16 00:00:00+00:00, run_after=2025-11-23 00:00:00+00:00
[2025-11-17T02:21:43.994+0000] {processor.py:183} INFO - Processing /opt/airflow/dags/sodai_pipeline.py took 0.095 seconds
[2025-11-17T02:22:14.263+0000] {processor.py:161} INFO - Started process (PID=594) to work on /opt/airflow/dags/sodai_pipeline.py
[2025-11-17T02:22:14.265+0000] {processor.py:830} INFO - Processing file /opt/airflow/dags/sodai_pipeline.py for tasks to queue
[2025-11-17T02:22:14.272+0000] {logging_mixin.py:188} INFO - [2025-11-17T02:22:14.272+0000] {dagbag.py:545} INFO - Filling up the DagBag from /opt/airflow/dags/sodai_pipeline.py
[2025-11-17T02:22:14.290+0000] {processor.py:840} INFO - DAG(s) 'sodai_pipeline_dag' retrieved from /opt/airflow/dags/sodai_pipeline.py
[2025-11-17T02:22:14.315+0000] {logging_mixin.py:188} INFO - [2025-11-17T02:22:14.315+0000] {dag.py:3096} INFO - Sync 1 DAGs
[2025-11-17T02:22:14.330+0000] {logging_mixin.py:188} INFO - [2025-11-17T02:22:14.330+0000] {dag.py:3954} INFO - Setting next_dagrun for sodai_pipeline_dag to 2025-11-16 00:00:00+00:00, run_after=2025-11-23 00:00:00+00:00
[2025-11-17T02:22:14.339+0000] {processor.py:183} INFO - Processing /opt/airflow/dags/sodai_pipeline.py took 0.085 seconds
[2025-11-17T02:22:44.600+0000] {processor.py:161} INFO - Started process (PID=599) to work on /opt/airflow/dags/sodai_pipeline.py
[2025-11-17T02:22:44.602+0000] {processor.py:830} INFO - Processing file /opt/airflow/dags/sodai_pipeline.py for tasks to queue
[2025-11-17T02:22:44.604+0000] {logging_mixin.py:188} INFO - [2025-11-17T02:22:44.604+0000] {dagbag.py:545} INFO - Filling up the DagBag from /opt/airflow/dags/sodai_pipeline.py
[2025-11-17T02:22:44.621+0000] {processor.py:840} INFO - DAG(s) 'sodai_pipeline_dag' retrieved from /opt/airflow/dags/sodai_pipeline.py
[2025-11-17T02:22:44.643+0000] {logging_mixin.py:188} INFO - [2025-11-17T02:22:44.643+0000] {dag.py:3096} INFO - Sync 1 DAGs
[2025-11-17T02:22:44.658+0000] {logging_mixin.py:188} INFO - [2025-11-17T02:22:44.658+0000] {dag.py:3954} INFO - Setting next_dagrun for sodai_pipeline_dag to 2025-11-16 00:00:00+00:00, run_after=2025-11-23 00:00:00+00:00
[2025-11-17T02:22:44.667+0000] {processor.py:183} INFO - Processing /opt/airflow/dags/sodai_pipeline.py took 0.076 seconds
[2025-11-17T02:23:14.933+0000] {processor.py:161} INFO - Started process (PID=604) to work on /opt/airflow/dags/sodai_pipeline.py
[2025-11-17T02:23:14.935+0000] {processor.py:830} INFO - Processing file /opt/airflow/dags/sodai_pipeline.py for tasks to queue
[2025-11-17T02:23:14.937+0000] {logging_mixin.py:188} INFO - [2025-11-17T02:23:14.937+0000] {dagbag.py:545} INFO - Filling up the DagBag from /opt/airflow/dags/sodai_pipeline.py
[2025-11-17T02:23:14.955+0000] {processor.py:840} INFO - DAG(s) 'sodai_pipeline_dag' retrieved from /opt/airflow/dags/sodai_pipeline.py
[2025-11-17T02:23:14.981+0000] {logging_mixin.py:188} INFO - [2025-11-17T02:23:14.981+0000] {dag.py:3096} INFO - Sync 1 DAGs
[2025-11-17T02:23:14.997+0000] {logging_mixin.py:188} INFO - [2025-11-17T02:23:14.997+0000] {dag.py:3954} INFO - Setting next_dagrun for sodai_pipeline_dag to 2025-11-16 00:00:00+00:00, run_after=2025-11-23 00:00:00+00:00
[2025-11-17T02:23:15.005+0000] {processor.py:183} INFO - Processing /opt/airflow/dags/sodai_pipeline.py took 0.088 seconds
[2025-11-17T02:23:45.301+0000] {processor.py:161} INFO - Started process (PID=609) to work on /opt/airflow/dags/sodai_pipeline.py
[2025-11-17T02:23:45.303+0000] {processor.py:830} INFO - Processing file /opt/airflow/dags/sodai_pipeline.py for tasks to queue
[2025-11-17T02:23:45.306+0000] {logging_mixin.py:188} INFO - [2025-11-17T02:23:45.306+0000] {dagbag.py:545} INFO - Filling up the DagBag from /opt/airflow/dags/sodai_pipeline.py
[2025-11-17T02:23:45.322+0000] {processor.py:840} INFO - DAG(s) 'sodai_pipeline_dag' retrieved from /opt/airflow/dags/sodai_pipeline.py
[2025-11-17T02:23:45.341+0000] {logging_mixin.py:188} INFO - [2025-11-17T02:23:45.341+0000] {dag.py:3096} INFO - Sync 1 DAGs
[2025-11-17T02:23:45.354+0000] {logging_mixin.py:188} INFO - [2025-11-17T02:23:45.354+0000] {dag.py:3954} INFO - Setting next_dagrun for sodai_pipeline_dag to 2025-11-16 00:00:00+00:00, run_after=2025-11-23 00:00:00+00:00
[2025-11-17T02:23:45.363+0000] {processor.py:183} INFO - Processing /opt/airflow/dags/sodai_pipeline.py took 0.074 seconds
[2025-11-17T02:24:15.625+0000] {processor.py:161} INFO - Started process (PID=614) to work on /opt/airflow/dags/sodai_pipeline.py
[2025-11-17T02:24:15.626+0000] {processor.py:830} INFO - Processing file /opt/airflow/dags/sodai_pipeline.py for tasks to queue
[2025-11-17T02:24:15.630+0000] {logging_mixin.py:188} INFO - [2025-11-17T02:24:15.629+0000] {dagbag.py:545} INFO - Filling up the DagBag from /opt/airflow/dags/sodai_pipeline.py
[2025-11-17T02:24:15.650+0000] {processor.py:840} INFO - DAG(s) 'sodai_pipeline_dag' retrieved from /opt/airflow/dags/sodai_pipeline.py
[2025-11-17T02:24:15.677+0000] {logging_mixin.py:188} INFO - [2025-11-17T02:24:15.677+0000] {dag.py:3096} INFO - Sync 1 DAGs
[2025-11-17T02:24:15.692+0000] {logging_mixin.py:188} INFO - [2025-11-17T02:24:15.692+0000] {dag.py:3954} INFO - Setting next_dagrun for sodai_pipeline_dag to 2025-11-16 00:00:00+00:00, run_after=2025-11-23 00:00:00+00:00
[2025-11-17T02:24:15.701+0000] {processor.py:183} INFO - Processing /opt/airflow/dags/sodai_pipeline.py took 0.090 seconds
[2025-11-17T02:24:46.013+0000] {processor.py:161} INFO - Started process (PID=619) to work on /opt/airflow/dags/sodai_pipeline.py
[2025-11-17T02:24:46.017+0000] {processor.py:830} INFO - Processing file /opt/airflow/dags/sodai_pipeline.py for tasks to queue
[2025-11-17T02:24:46.020+0000] {logging_mixin.py:188} INFO - [2025-11-17T02:24:46.020+0000] {dagbag.py:545} INFO - Filling up the DagBag from /opt/airflow/dags/sodai_pipeline.py
[2025-11-17T02:24:46.040+0000] {processor.py:840} INFO - DAG(s) 'sodai_pipeline_dag' retrieved from /opt/airflow/dags/sodai_pipeline.py
[2025-11-17T02:24:46.071+0000] {logging_mixin.py:188} INFO - [2025-11-17T02:24:46.071+0000] {dag.py:3096} INFO - Sync 1 DAGs
[2025-11-17T02:24:46.088+0000] {logging_mixin.py:188} INFO - [2025-11-17T02:24:46.088+0000] {dag.py:3954} INFO - Setting next_dagrun for sodai_pipeline_dag to 2025-11-16 00:00:00+00:00, run_after=2025-11-23 00:00:00+00:00
[2025-11-17T02:24:46.096+0000] {processor.py:183} INFO - Processing /opt/airflow/dags/sodai_pipeline.py took 0.104 seconds
[2025-11-17T02:25:16.455+0000] {processor.py:161} INFO - Started process (PID=624) to work on /opt/airflow/dags/sodai_pipeline.py
[2025-11-17T02:25:16.457+0000] {processor.py:830} INFO - Processing file /opt/airflow/dags/sodai_pipeline.py for tasks to queue
[2025-11-17T02:25:16.461+0000] {logging_mixin.py:188} INFO - [2025-11-17T02:25:16.460+0000] {dagbag.py:545} INFO - Filling up the DagBag from /opt/airflow/dags/sodai_pipeline.py
[2025-11-17T02:25:16.485+0000] {processor.py:840} INFO - DAG(s) 'sodai_pipeline_dag' retrieved from /opt/airflow/dags/sodai_pipeline.py
[2025-11-17T02:25:16.508+0000] {logging_mixin.py:188} INFO - [2025-11-17T02:25:16.508+0000] {dag.py:3096} INFO - Sync 1 DAGs
[2025-11-17T02:25:16.524+0000] {logging_mixin.py:188} INFO - [2025-11-17T02:25:16.524+0000] {dag.py:3954} INFO - Setting next_dagrun for sodai_pipeline_dag to 2025-11-16 00:00:00+00:00, run_after=2025-11-23 00:00:00+00:00
[2025-11-17T02:25:16.533+0000] {processor.py:183} INFO - Processing /opt/airflow/dags/sodai_pipeline.py took 0.092 seconds
[2025-11-17T02:25:46.857+0000] {processor.py:161} INFO - Started process (PID=629) to work on /opt/airflow/dags/sodai_pipeline.py
[2025-11-17T02:25:46.859+0000] {processor.py:830} INFO - Processing file /opt/airflow/dags/sodai_pipeline.py for tasks to queue
[2025-11-17T02:25:46.861+0000] {logging_mixin.py:188} INFO - [2025-11-17T02:25:46.861+0000] {dagbag.py:545} INFO - Filling up the DagBag from /opt/airflow/dags/sodai_pipeline.py
[2025-11-17T02:25:46.876+0000] {processor.py:840} INFO - DAG(s) 'sodai_pipeline_dag' retrieved from /opt/airflow/dags/sodai_pipeline.py
[2025-11-17T02:25:46.903+0000] {logging_mixin.py:188} INFO - [2025-11-17T02:25:46.902+0000] {dag.py:3096} INFO - Sync 1 DAGs
[2025-11-17T02:25:46.916+0000] {logging_mixin.py:188} INFO - [2025-11-17T02:25:46.916+0000] {dag.py:3954} INFO - Setting next_dagrun for sodai_pipeline_dag to 2025-11-16 00:00:00+00:00, run_after=2025-11-23 00:00:00+00:00
[2025-11-17T02:25:46.925+0000] {processor.py:183} INFO - Processing /opt/airflow/dags/sodai_pipeline.py took 0.086 seconds
[2025-11-17T02:26:17.282+0000] {processor.py:161} INFO - Started process (PID=634) to work on /opt/airflow/dags/sodai_pipeline.py
[2025-11-17T02:26:17.284+0000] {processor.py:830} INFO - Processing file /opt/airflow/dags/sodai_pipeline.py for tasks to queue
[2025-11-17T02:26:17.286+0000] {logging_mixin.py:188} INFO - [2025-11-17T02:26:17.286+0000] {dagbag.py:545} INFO - Filling up the DagBag from /opt/airflow/dags/sodai_pipeline.py
[2025-11-17T02:26:17.301+0000] {processor.py:840} INFO - DAG(s) 'sodai_pipeline_dag' retrieved from /opt/airflow/dags/sodai_pipeline.py
[2025-11-17T02:26:17.324+0000] {logging_mixin.py:188} INFO - [2025-11-17T02:26:17.324+0000] {dag.py:3096} INFO - Sync 1 DAGs
[2025-11-17T02:26:17.340+0000] {logging_mixin.py:188} INFO - [2025-11-17T02:26:17.340+0000] {dag.py:3954} INFO - Setting next_dagrun for sodai_pipeline_dag to 2025-11-16 00:00:00+00:00, run_after=2025-11-23 00:00:00+00:00
[2025-11-17T02:26:17.349+0000] {processor.py:183} INFO - Processing /opt/airflow/dags/sodai_pipeline.py took 0.093 seconds
[2025-11-17T02:26:47.622+0000] {processor.py:161} INFO - Started process (PID=639) to work on /opt/airflow/dags/sodai_pipeline.py
[2025-11-17T02:26:47.624+0000] {processor.py:830} INFO - Processing file /opt/airflow/dags/sodai_pipeline.py for tasks to queue
[2025-11-17T02:26:47.627+0000] {logging_mixin.py:188} INFO - [2025-11-17T02:26:47.627+0000] {dagbag.py:545} INFO - Filling up the DagBag from /opt/airflow/dags/sodai_pipeline.py
[2025-11-17T02:26:47.656+0000] {processor.py:840} INFO - DAG(s) 'sodai_pipeline_dag' retrieved from /opt/airflow/dags/sodai_pipeline.py
[2025-11-17T02:26:47.681+0000] {logging_mixin.py:188} INFO - [2025-11-17T02:26:47.681+0000] {dag.py:3096} INFO - Sync 1 DAGs
[2025-11-17T02:26:47.695+0000] {logging_mixin.py:188} INFO - [2025-11-17T02:26:47.695+0000] {dag.py:3954} INFO - Setting next_dagrun for sodai_pipeline_dag to 2025-11-16 00:00:00+00:00, run_after=2025-11-23 00:00:00+00:00
[2025-11-17T02:26:47.708+0000] {processor.py:183} INFO - Processing /opt/airflow/dags/sodai_pipeline.py took 0.097 seconds
[2025-11-17T02:27:18.016+0000] {processor.py:161} INFO - Started process (PID=644) to work on /opt/airflow/dags/sodai_pipeline.py
[2025-11-17T02:27:18.020+0000] {processor.py:830} INFO - Processing file /opt/airflow/dags/sodai_pipeline.py for tasks to queue
[2025-11-17T02:27:18.026+0000] {logging_mixin.py:188} INFO - [2025-11-17T02:27:18.025+0000] {dagbag.py:545} INFO - Filling up the DagBag from /opt/airflow/dags/sodai_pipeline.py
[2025-11-17T02:27:18.054+0000] {processor.py:840} INFO - DAG(s) 'sodai_pipeline_dag' retrieved from /opt/airflow/dags/sodai_pipeline.py
[2025-11-17T02:27:18.081+0000] {logging_mixin.py:188} INFO - [2025-11-17T02:27:18.081+0000] {dag.py:3096} INFO - Sync 1 DAGs
[2025-11-17T02:27:18.098+0000] {logging_mixin.py:188} INFO - [2025-11-17T02:27:18.097+0000] {dag.py:3954} INFO - Setting next_dagrun for sodai_pipeline_dag to 2025-11-16 00:00:00+00:00, run_after=2025-11-23 00:00:00+00:00
[2025-11-17T02:27:18.109+0000] {processor.py:183} INFO - Processing /opt/airflow/dags/sodai_pipeline.py took 0.107 seconds
[2025-11-17T02:27:48.432+0000] {processor.py:161} INFO - Started process (PID=649) to work on /opt/airflow/dags/sodai_pipeline.py
[2025-11-17T02:27:48.434+0000] {processor.py:830} INFO - Processing file /opt/airflow/dags/sodai_pipeline.py for tasks to queue
[2025-11-17T02:27:48.438+0000] {logging_mixin.py:188} INFO - [2025-11-17T02:27:48.437+0000] {dagbag.py:545} INFO - Filling up the DagBag from /opt/airflow/dags/sodai_pipeline.py
[2025-11-17T02:27:48.463+0000] {processor.py:840} INFO - DAG(s) 'sodai_pipeline_dag' retrieved from /opt/airflow/dags/sodai_pipeline.py
[2025-11-17T02:27:48.496+0000] {logging_mixin.py:188} INFO - [2025-11-17T02:27:48.496+0000] {dag.py:3096} INFO - Sync 1 DAGs
[2025-11-17T02:27:48.510+0000] {logging_mixin.py:188} INFO - [2025-11-17T02:27:48.510+0000] {dag.py:3954} INFO - Setting next_dagrun for sodai_pipeline_dag to 2025-11-16 00:00:00+00:00, run_after=2025-11-23 00:00:00+00:00
[2025-11-17T02:27:48.522+0000] {processor.py:183} INFO - Processing /opt/airflow/dags/sodai_pipeline.py took 0.111 seconds
[2025-11-17T02:28:18.880+0000] {processor.py:161} INFO - Started process (PID=654) to work on /opt/airflow/dags/sodai_pipeline.py
[2025-11-17T02:28:18.884+0000] {processor.py:830} INFO - Processing file /opt/airflow/dags/sodai_pipeline.py for tasks to queue
[2025-11-17T02:28:18.887+0000] {logging_mixin.py:188} INFO - [2025-11-17T02:28:18.887+0000] {dagbag.py:545} INFO - Filling up the DagBag from /opt/airflow/dags/sodai_pipeline.py
[2025-11-17T02:28:18.913+0000] {processor.py:840} INFO - DAG(s) 'sodai_pipeline_dag' retrieved from /opt/airflow/dags/sodai_pipeline.py
[2025-11-17T02:28:18.942+0000] {logging_mixin.py:188} INFO - [2025-11-17T02:28:18.942+0000] {dag.py:3096} INFO - Sync 1 DAGs
[2025-11-17T02:28:18.959+0000] {logging_mixin.py:188} INFO - [2025-11-17T02:28:18.959+0000] {dag.py:3954} INFO - Setting next_dagrun for sodai_pipeline_dag to 2025-11-16 00:00:00+00:00, run_after=2025-11-23 00:00:00+00:00
[2025-11-17T02:28:18.968+0000] {processor.py:183} INFO - Processing /opt/airflow/dags/sodai_pipeline.py took 0.108 seconds
[2025-11-17T02:28:49.245+0000] {processor.py:161} INFO - Started process (PID=659) to work on /opt/airflow/dags/sodai_pipeline.py
[2025-11-17T02:28:49.247+0000] {processor.py:830} INFO - Processing file /opt/airflow/dags/sodai_pipeline.py for tasks to queue
[2025-11-17T02:28:49.254+0000] {logging_mixin.py:188} INFO - [2025-11-17T02:28:49.253+0000] {dagbag.py:545} INFO - Filling up the DagBag from /opt/airflow/dags/sodai_pipeline.py
[2025-11-17T02:28:49.270+0000] {processor.py:840} INFO - DAG(s) 'sodai_pipeline_dag' retrieved from /opt/airflow/dags/sodai_pipeline.py
[2025-11-17T02:28:49.296+0000] {logging_mixin.py:188} INFO - [2025-11-17T02:28:49.296+0000] {dag.py:3096} INFO - Sync 1 DAGs
[2025-11-17T02:28:49.312+0000] {logging_mixin.py:188} INFO - [2025-11-17T02:28:49.312+0000] {dag.py:3954} INFO - Setting next_dagrun for sodai_pipeline_dag to 2025-11-16 00:00:00+00:00, run_after=2025-11-23 00:00:00+00:00
[2025-11-17T02:28:49.322+0000] {processor.py:183} INFO - Processing /opt/airflow/dags/sodai_pipeline.py took 0.090 seconds
[2025-11-17T02:29:19.713+0000] {processor.py:161} INFO - Started process (PID=664) to work on /opt/airflow/dags/sodai_pipeline.py
[2025-11-17T02:29:19.714+0000] {processor.py:830} INFO - Processing file /opt/airflow/dags/sodai_pipeline.py for tasks to queue
[2025-11-17T02:29:19.717+0000] {logging_mixin.py:188} INFO - [2025-11-17T02:29:19.716+0000] {dagbag.py:545} INFO - Filling up the DagBag from /opt/airflow/dags/sodai_pipeline.py
[2025-11-17T02:29:19.730+0000] {processor.py:840} INFO - DAG(s) 'sodai_pipeline_dag' retrieved from /opt/airflow/dags/sodai_pipeline.py
[2025-11-17T02:29:19.755+0000] {logging_mixin.py:188} INFO - [2025-11-17T02:29:19.755+0000] {dag.py:3096} INFO - Sync 1 DAGs
[2025-11-17T02:29:19.769+0000] {logging_mixin.py:188} INFO - [2025-11-17T02:29:19.769+0000] {dag.py:3954} INFO - Setting next_dagrun for sodai_pipeline_dag to 2025-11-16 00:00:00+00:00, run_after=2025-11-23 00:00:00+00:00
[2025-11-17T02:29:19.777+0000] {processor.py:183} INFO - Processing /opt/airflow/dags/sodai_pipeline.py took 0.090 seconds
[2025-11-17T02:29:50.109+0000] {processor.py:161} INFO - Started process (PID=669) to work on /opt/airflow/dags/sodai_pipeline.py
[2025-11-17T02:29:50.111+0000] {processor.py:830} INFO - Processing file /opt/airflow/dags/sodai_pipeline.py for tasks to queue
[2025-11-17T02:29:50.115+0000] {logging_mixin.py:188} INFO - [2025-11-17T02:29:50.115+0000] {dagbag.py:545} INFO - Filling up the DagBag from /opt/airflow/dags/sodai_pipeline.py
[2025-11-17T02:29:50.134+0000] {processor.py:840} INFO - DAG(s) 'sodai_pipeline_dag' retrieved from /opt/airflow/dags/sodai_pipeline.py
[2025-11-17T02:29:50.158+0000] {logging_mixin.py:188} INFO - [2025-11-17T02:29:50.158+0000] {dag.py:3096} INFO - Sync 1 DAGs
[2025-11-17T02:29:50.172+0000] {logging_mixin.py:188} INFO - [2025-11-17T02:29:50.172+0000] {dag.py:3954} INFO - Setting next_dagrun for sodai_pipeline_dag to 2025-11-16 00:00:00+00:00, run_after=2025-11-23 00:00:00+00:00
[2025-11-17T02:29:50.182+0000] {processor.py:183} INFO - Processing /opt/airflow/dags/sodai_pipeline.py took 0.090 seconds
[2025-11-17T02:30:20.476+0000] {processor.py:161} INFO - Started process (PID=674) to work on /opt/airflow/dags/sodai_pipeline.py
[2025-11-17T02:30:20.479+0000] {processor.py:830} INFO - Processing file /opt/airflow/dags/sodai_pipeline.py for tasks to queue
[2025-11-17T02:30:20.487+0000] {logging_mixin.py:188} INFO - [2025-11-17T02:30:20.486+0000] {dagbag.py:545} INFO - Filling up the DagBag from /opt/airflow/dags/sodai_pipeline.py
[2025-11-17T02:30:20.503+0000] {processor.py:840} INFO - DAG(s) 'sodai_pipeline_dag' retrieved from /opt/airflow/dags/sodai_pipeline.py
[2025-11-17T02:30:20.528+0000] {logging_mixin.py:188} INFO - [2025-11-17T02:30:20.528+0000] {dag.py:3096} INFO - Sync 1 DAGs
[2025-11-17T02:30:20.541+0000] {logging_mixin.py:188} INFO - [2025-11-17T02:30:20.541+0000] {dag.py:3954} INFO - Setting next_dagrun for sodai_pipeline_dag to 2025-11-16 00:00:00+00:00, run_after=2025-11-23 00:00:00+00:00
[2025-11-17T02:30:20.550+0000] {processor.py:183} INFO - Processing /opt/airflow/dags/sodai_pipeline.py took 0.086 seconds
[2025-11-17T02:30:50.914+0000] {processor.py:161} INFO - Started process (PID=679) to work on /opt/airflow/dags/sodai_pipeline.py
[2025-11-17T02:30:50.916+0000] {processor.py:830} INFO - Processing file /opt/airflow/dags/sodai_pipeline.py for tasks to queue
[2025-11-17T02:30:50.920+0000] {logging_mixin.py:188} INFO - [2025-11-17T02:30:50.919+0000] {dagbag.py:545} INFO - Filling up the DagBag from /opt/airflow/dags/sodai_pipeline.py
[2025-11-17T02:30:50.938+0000] {processor.py:840} INFO - DAG(s) 'sodai_pipeline_dag' retrieved from /opt/airflow/dags/sodai_pipeline.py
[2025-11-17T02:30:50.963+0000] {logging_mixin.py:188} INFO - [2025-11-17T02:30:50.963+0000] {dag.py:3096} INFO - Sync 1 DAGs
[2025-11-17T02:30:50.977+0000] {logging_mixin.py:188} INFO - [2025-11-17T02:30:50.976+0000] {dag.py:3954} INFO - Setting next_dagrun for sodai_pipeline_dag to 2025-11-16 00:00:00+00:00, run_after=2025-11-23 00:00:00+00:00
[2025-11-17T02:30:50.987+0000] {processor.py:183} INFO - Processing /opt/airflow/dags/sodai_pipeline.py took 0.081 seconds
[2025-11-17T02:31:21.335+0000] {processor.py:161} INFO - Started process (PID=684) to work on /opt/airflow/dags/sodai_pipeline.py
[2025-11-17T02:31:21.337+0000] {processor.py:830} INFO - Processing file /opt/airflow/dags/sodai_pipeline.py for tasks to queue
[2025-11-17T02:31:21.341+0000] {logging_mixin.py:188} INFO - [2025-11-17T02:31:21.340+0000] {dagbag.py:545} INFO - Filling up the DagBag from /opt/airflow/dags/sodai_pipeline.py
[2025-11-17T02:31:21.364+0000] {processor.py:840} INFO - DAG(s) 'sodai_pipeline_dag' retrieved from /opt/airflow/dags/sodai_pipeline.py
[2025-11-17T02:31:21.395+0000] {logging_mixin.py:188} INFO - [2025-11-17T02:31:21.395+0000] {dag.py:3096} INFO - Sync 1 DAGs
[2025-11-17T02:31:21.408+0000] {logging_mixin.py:188} INFO - [2025-11-17T02:31:21.408+0000] {dag.py:3954} INFO - Setting next_dagrun for sodai_pipeline_dag to 2025-11-16 00:00:00+00:00, run_after=2025-11-23 00:00:00+00:00
[2025-11-17T02:31:21.417+0000] {processor.py:183} INFO - Processing /opt/airflow/dags/sodai_pipeline.py took 0.100 seconds
[2025-11-17T02:31:51.772+0000] {processor.py:161} INFO - Started process (PID=689) to work on /opt/airflow/dags/sodai_pipeline.py
[2025-11-17T02:31:51.774+0000] {processor.py:830} INFO - Processing file /opt/airflow/dags/sodai_pipeline.py for tasks to queue
[2025-11-17T02:31:51.777+0000] {logging_mixin.py:188} INFO - [2025-11-17T02:31:51.777+0000] {dagbag.py:545} INFO - Filling up the DagBag from /opt/airflow/dags/sodai_pipeline.py
[2025-11-17T02:31:51.804+0000] {processor.py:840} INFO - DAG(s) 'sodai_pipeline_dag' retrieved from /opt/airflow/dags/sodai_pipeline.py
[2025-11-17T02:31:51.829+0000] {logging_mixin.py:188} INFO - [2025-11-17T02:31:51.829+0000] {dag.py:3096} INFO - Sync 1 DAGs
[2025-11-17T02:31:51.843+0000] {logging_mixin.py:188} INFO - [2025-11-17T02:31:51.843+0000] {dag.py:3954} INFO - Setting next_dagrun for sodai_pipeline_dag to 2025-11-16 00:00:00+00:00, run_after=2025-11-23 00:00:00+00:00
[2025-11-17T02:31:51.854+0000] {processor.py:183} INFO - Processing /opt/airflow/dags/sodai_pipeline.py took 0.095 seconds
[2025-11-17T02:32:22.180+0000] {processor.py:161} INFO - Started process (PID=694) to work on /opt/airflow/dags/sodai_pipeline.py
[2025-11-17T02:32:22.182+0000] {processor.py:830} INFO - Processing file /opt/airflow/dags/sodai_pipeline.py for tasks to queue
[2025-11-17T02:32:22.185+0000] {logging_mixin.py:188} INFO - [2025-11-17T02:32:22.184+0000] {dagbag.py:545} INFO - Filling up the DagBag from /opt/airflow/dags/sodai_pipeline.py
[2025-11-17T02:32:22.206+0000] {processor.py:840} INFO - DAG(s) 'sodai_pipeline_dag' retrieved from /opt/airflow/dags/sodai_pipeline.py
[2025-11-17T02:32:22.233+0000] {logging_mixin.py:188} INFO - [2025-11-17T02:32:22.232+0000] {dag.py:3096} INFO - Sync 1 DAGs
[2025-11-17T02:32:22.252+0000] {logging_mixin.py:188} INFO - [2025-11-17T02:32:22.252+0000] {dag.py:3954} INFO - Setting next_dagrun for sodai_pipeline_dag to 2025-11-16 00:00:00+00:00, run_after=2025-11-23 00:00:00+00:00
[2025-11-17T02:32:22.262+0000] {processor.py:183} INFO - Processing /opt/airflow/dags/sodai_pipeline.py took 0.101 seconds
[2025-11-17T02:32:52.551+0000] {processor.py:161} INFO - Started process (PID=699) to work on /opt/airflow/dags/sodai_pipeline.py
[2025-11-17T02:32:52.552+0000] {processor.py:830} INFO - Processing file /opt/airflow/dags/sodai_pipeline.py for tasks to queue
[2025-11-17T02:32:52.562+0000] {logging_mixin.py:188} INFO - [2025-11-17T02:32:52.562+0000] {dagbag.py:545} INFO - Filling up the DagBag from /opt/airflow/dags/sodai_pipeline.py
[2025-11-17T02:32:52.579+0000] {processor.py:840} INFO - DAG(s) 'sodai_pipeline_dag' retrieved from /opt/airflow/dags/sodai_pipeline.py
[2025-11-17T02:32:52.607+0000] {logging_mixin.py:188} INFO - [2025-11-17T02:32:52.606+0000] {dag.py:3096} INFO - Sync 1 DAGs
[2025-11-17T02:32:52.622+0000] {logging_mixin.py:188} INFO - [2025-11-17T02:32:52.622+0000] {dag.py:3954} INFO - Setting next_dagrun for sodai_pipeline_dag to 2025-11-16 00:00:00+00:00, run_after=2025-11-23 00:00:00+00:00
[2025-11-17T02:32:52.635+0000] {processor.py:183} INFO - Processing /opt/airflow/dags/sodai_pipeline.py took 0.097 seconds
[2025-11-17T02:33:22.894+0000] {processor.py:161} INFO - Started process (PID=704) to work on /opt/airflow/dags/sodai_pipeline.py
[2025-11-17T02:33:22.897+0000] {processor.py:830} INFO - Processing file /opt/airflow/dags/sodai_pipeline.py for tasks to queue
[2025-11-17T02:33:22.900+0000] {logging_mixin.py:188} INFO - [2025-11-17T02:33:22.899+0000] {dagbag.py:545} INFO - Filling up the DagBag from /opt/airflow/dags/sodai_pipeline.py
[2025-11-17T02:33:22.920+0000] {processor.py:840} INFO - DAG(s) 'sodai_pipeline_dag' retrieved from /opt/airflow/dags/sodai_pipeline.py
[2025-11-17T02:33:22.946+0000] {logging_mixin.py:188} INFO - [2025-11-17T02:33:22.946+0000] {dag.py:3096} INFO - Sync 1 DAGs
[2025-11-17T02:33:22.963+0000] {logging_mixin.py:188} INFO - [2025-11-17T02:33:22.963+0000] {dag.py:3954} INFO - Setting next_dagrun for sodai_pipeline_dag to 2025-11-16 00:00:00+00:00, run_after=2025-11-23 00:00:00+00:00
[2025-11-17T02:33:22.973+0000] {processor.py:183} INFO - Processing /opt/airflow/dags/sodai_pipeline.py took 0.098 seconds
[2025-11-17T02:33:53.316+0000] {processor.py:161} INFO - Started process (PID=709) to work on /opt/airflow/dags/sodai_pipeline.py
[2025-11-17T02:33:53.319+0000] {processor.py:830} INFO - Processing file /opt/airflow/dags/sodai_pipeline.py for tasks to queue
[2025-11-17T02:33:53.327+0000] {logging_mixin.py:188} INFO - [2025-11-17T02:33:53.326+0000] {dagbag.py:545} INFO - Filling up the DagBag from /opt/airflow/dags/sodai_pipeline.py
[2025-11-17T02:33:53.353+0000] {processor.py:840} INFO - DAG(s) 'sodai_pipeline_dag' retrieved from /opt/airflow/dags/sodai_pipeline.py
[2025-11-17T02:33:53.396+0000] {logging_mixin.py:188} INFO - [2025-11-17T02:33:53.396+0000] {dag.py:3096} INFO - Sync 1 DAGs
[2025-11-17T02:33:53.414+0000] {logging_mixin.py:188} INFO - [2025-11-17T02:33:53.414+0000] {dag.py:3954} INFO - Setting next_dagrun for sodai_pipeline_dag to 2025-11-16 00:00:00+00:00, run_after=2025-11-23 00:00:00+00:00
[2025-11-17T02:33:53.431+0000] {processor.py:183} INFO - Processing /opt/airflow/dags/sodai_pipeline.py took 0.127 seconds
[2025-11-17T02:34:23.766+0000] {processor.py:161} INFO - Started process (PID=714) to work on /opt/airflow/dags/sodai_pipeline.py
[2025-11-17T02:34:23.768+0000] {processor.py:830} INFO - Processing file /opt/airflow/dags/sodai_pipeline.py for tasks to queue
[2025-11-17T02:34:23.771+0000] {logging_mixin.py:188} INFO - [2025-11-17T02:34:23.770+0000] {dagbag.py:545} INFO - Filling up the DagBag from /opt/airflow/dags/sodai_pipeline.py
[2025-11-17T02:34:23.789+0000] {processor.py:840} INFO - DAG(s) 'sodai_pipeline_dag' retrieved from /opt/airflow/dags/sodai_pipeline.py
[2025-11-17T02:34:23.819+0000] {logging_mixin.py:188} INFO - [2025-11-17T02:34:23.819+0000] {dag.py:3096} INFO - Sync 1 DAGs
[2025-11-17T02:34:23.838+0000] {logging_mixin.py:188} INFO - [2025-11-17T02:34:23.837+0000] {dag.py:3954} INFO - Setting next_dagrun for sodai_pipeline_dag to 2025-11-16 00:00:00+00:00, run_after=2025-11-23 00:00:00+00:00
[2025-11-17T02:34:23.848+0000] {processor.py:183} INFO - Processing /opt/airflow/dags/sodai_pipeline.py took 0.092 seconds
[2025-11-17T02:34:54.134+0000] {processor.py:161} INFO - Started process (PID=719) to work on /opt/airflow/dags/sodai_pipeline.py
[2025-11-17T02:34:54.137+0000] {processor.py:830} INFO - Processing file /opt/airflow/dags/sodai_pipeline.py for tasks to queue
[2025-11-17T02:34:54.142+0000] {logging_mixin.py:188} INFO - [2025-11-17T02:34:54.142+0000] {dagbag.py:545} INFO - Filling up the DagBag from /opt/airflow/dags/sodai_pipeline.py
[2025-11-17T02:34:54.168+0000] {processor.py:840} INFO - DAG(s) 'sodai_pipeline_dag' retrieved from /opt/airflow/dags/sodai_pipeline.py
[2025-11-17T02:34:54.196+0000] {logging_mixin.py:188} INFO - [2025-11-17T02:34:54.196+0000] {dag.py:3096} INFO - Sync 1 DAGs
[2025-11-17T02:34:54.210+0000] {logging_mixin.py:188} INFO - [2025-11-17T02:34:54.210+0000] {dag.py:3954} INFO - Setting next_dagrun for sodai_pipeline_dag to 2025-11-16 00:00:00+00:00, run_after=2025-11-23 00:00:00+00:00
[2025-11-17T02:34:54.218+0000] {processor.py:183} INFO - Processing /opt/airflow/dags/sodai_pipeline.py took 0.098 seconds
[2025-11-17T02:35:24.479+0000] {processor.py:161} INFO - Started process (PID=724) to work on /opt/airflow/dags/sodai_pipeline.py
[2025-11-17T02:35:24.481+0000] {processor.py:830} INFO - Processing file /opt/airflow/dags/sodai_pipeline.py for tasks to queue
[2025-11-17T02:35:24.485+0000] {logging_mixin.py:188} INFO - [2025-11-17T02:35:24.484+0000] {dagbag.py:545} INFO - Filling up the DagBag from /opt/airflow/dags/sodai_pipeline.py
[2025-11-17T02:35:24.503+0000] {processor.py:840} INFO - DAG(s) 'sodai_pipeline_dag' retrieved from /opt/airflow/dags/sodai_pipeline.py
[2025-11-17T02:35:24.548+0000] {logging_mixin.py:188} INFO - [2025-11-17T02:35:24.548+0000] {dag.py:3096} INFO - Sync 1 DAGs
[2025-11-17T02:35:24.576+0000] {logging_mixin.py:188} INFO - [2025-11-17T02:35:24.576+0000] {dag.py:3954} INFO - Setting next_dagrun for sodai_pipeline_dag to 2025-11-16 00:00:00+00:00, run_after=2025-11-23 00:00:00+00:00
[2025-11-17T02:35:24.590+0000] {processor.py:183} INFO - Processing /opt/airflow/dags/sodai_pipeline.py took 0.123 seconds
[2025-11-17T02:35:54.811+0000] {processor.py:161} INFO - Started process (PID=729) to work on /opt/airflow/dags/sodai_pipeline.py
[2025-11-17T02:35:54.814+0000] {processor.py:830} INFO - Processing file /opt/airflow/dags/sodai_pipeline.py for tasks to queue
[2025-11-17T02:35:54.817+0000] {logging_mixin.py:188} INFO - [2025-11-17T02:35:54.816+0000] {dagbag.py:545} INFO - Filling up the DagBag from /opt/airflow/dags/sodai_pipeline.py
[2025-11-17T02:35:54.836+0000] {processor.py:840} INFO - DAG(s) 'sodai_pipeline_dag' retrieved from /opt/airflow/dags/sodai_pipeline.py
[2025-11-17T02:35:54.864+0000] {logging_mixin.py:188} INFO - [2025-11-17T02:35:54.864+0000] {dag.py:3096} INFO - Sync 1 DAGs
[2025-11-17T02:35:54.882+0000] {logging_mixin.py:188} INFO - [2025-11-17T02:35:54.882+0000] {dag.py:3954} INFO - Setting next_dagrun for sodai_pipeline_dag to 2025-11-16 00:00:00+00:00, run_after=2025-11-23 00:00:00+00:00
[2025-11-17T02:35:54.892+0000] {processor.py:183} INFO - Processing /opt/airflow/dags/sodai_pipeline.py took 0.093 seconds
[2025-11-17T02:36:25.262+0000] {processor.py:161} INFO - Started process (PID=734) to work on /opt/airflow/dags/sodai_pipeline.py
[2025-11-17T02:36:25.264+0000] {processor.py:830} INFO - Processing file /opt/airflow/dags/sodai_pipeline.py for tasks to queue
[2025-11-17T02:36:25.267+0000] {logging_mixin.py:188} INFO - [2025-11-17T02:36:25.267+0000] {dagbag.py:545} INFO - Filling up the DagBag from /opt/airflow/dags/sodai_pipeline.py
[2025-11-17T02:36:25.288+0000] {processor.py:840} INFO - DAG(s) 'sodai_pipeline_dag' retrieved from /opt/airflow/dags/sodai_pipeline.py
[2025-11-17T02:36:25.331+0000] {logging_mixin.py:188} INFO - [2025-11-17T02:36:25.331+0000] {dag.py:3096} INFO - Sync 1 DAGs
[2025-11-17T02:36:25.353+0000] {logging_mixin.py:188} INFO - [2025-11-17T02:36:25.353+0000] {dag.py:3954} INFO - Setting next_dagrun for sodai_pipeline_dag to 2025-11-16 00:00:00+00:00, run_after=2025-11-23 00:00:00+00:00
[2025-11-17T02:36:25.362+0000] {processor.py:183} INFO - Processing /opt/airflow/dags/sodai_pipeline.py took 0.115 seconds
[2025-11-17T02:36:55.691+0000] {processor.py:161} INFO - Started process (PID=739) to work on /opt/airflow/dags/sodai_pipeline.py
[2025-11-17T02:36:55.694+0000] {processor.py:830} INFO - Processing file /opt/airflow/dags/sodai_pipeline.py for tasks to queue
[2025-11-17T02:36:55.697+0000] {logging_mixin.py:188} INFO - [2025-11-17T02:36:55.696+0000] {dagbag.py:545} INFO - Filling up the DagBag from /opt/airflow/dags/sodai_pipeline.py
[2025-11-17T02:36:55.721+0000] {processor.py:840} INFO - DAG(s) 'sodai_pipeline_dag' retrieved from /opt/airflow/dags/sodai_pipeline.py
[2025-11-17T02:36:55.780+0000] {logging_mixin.py:188} INFO - [2025-11-17T02:36:55.780+0000] {dag.py:3096} INFO - Sync 1 DAGs
[2025-11-17T02:36:55.794+0000] {logging_mixin.py:188} INFO - [2025-11-17T02:36:55.794+0000] {dag.py:3954} INFO - Setting next_dagrun for sodai_pipeline_dag to 2025-11-16 00:00:00+00:00, run_after=2025-11-23 00:00:00+00:00
[2025-11-17T02:36:55.802+0000] {processor.py:183} INFO - Processing /opt/airflow/dags/sodai_pipeline.py took 0.126 seconds
[2025-11-17T02:37:26.046+0000] {processor.py:161} INFO - Started process (PID=744) to work on /opt/airflow/dags/sodai_pipeline.py
[2025-11-17T02:37:26.048+0000] {processor.py:830} INFO - Processing file /opt/airflow/dags/sodai_pipeline.py for tasks to queue
[2025-11-17T02:37:26.053+0000] {logging_mixin.py:188} INFO - [2025-11-17T02:37:26.053+0000] {dagbag.py:545} INFO - Filling up the DagBag from /opt/airflow/dags/sodai_pipeline.py
[2025-11-17T02:37:26.070+0000] {processor.py:840} INFO - DAG(s) 'sodai_pipeline_dag' retrieved from /opt/airflow/dags/sodai_pipeline.py
[2025-11-17T02:37:26.097+0000] {logging_mixin.py:188} INFO - [2025-11-17T02:37:26.096+0000] {dag.py:3096} INFO - Sync 1 DAGs
[2025-11-17T02:37:26.111+0000] {logging_mixin.py:188} INFO - [2025-11-17T02:37:26.111+0000] {dag.py:3954} INFO - Setting next_dagrun for sodai_pipeline_dag to 2025-11-16 00:00:00+00:00, run_after=2025-11-23 00:00:00+00:00
[2025-11-17T02:37:26.121+0000] {processor.py:183} INFO - Processing /opt/airflow/dags/sodai_pipeline.py took 0.085 seconds
[2025-11-17T02:37:56.328+0000] {processor.py:161} INFO - Started process (PID=749) to work on /opt/airflow/dags/sodai_pipeline.py
[2025-11-17T02:37:56.331+0000] {processor.py:830} INFO - Processing file /opt/airflow/dags/sodai_pipeline.py for tasks to queue
[2025-11-17T02:37:56.335+0000] {logging_mixin.py:188} INFO - [2025-11-17T02:37:56.335+0000] {dagbag.py:545} INFO - Filling up the DagBag from /opt/airflow/dags/sodai_pipeline.py
[2025-11-17T02:37:56.355+0000] {processor.py:840} INFO - DAG(s) 'sodai_pipeline_dag' retrieved from /opt/airflow/dags/sodai_pipeline.py
[2025-11-17T02:37:56.389+0000] {logging_mixin.py:188} INFO - [2025-11-17T02:37:56.389+0000] {dag.py:3096} INFO - Sync 1 DAGs
[2025-11-17T02:37:56.407+0000] {logging_mixin.py:188} INFO - [2025-11-17T02:37:56.407+0000] {dag.py:3954} INFO - Setting next_dagrun for sodai_pipeline_dag to 2025-11-16 00:00:00+00:00, run_after=2025-11-23 00:00:00+00:00
[2025-11-17T02:37:56.418+0000] {processor.py:183} INFO - Processing /opt/airflow/dags/sodai_pipeline.py took 0.100 seconds
[2025-11-17T02:38:26.640+0000] {processor.py:161} INFO - Started process (PID=754) to work on /opt/airflow/dags/sodai_pipeline.py
[2025-11-17T02:38:26.642+0000] {processor.py:830} INFO - Processing file /opt/airflow/dags/sodai_pipeline.py for tasks to queue
[2025-11-17T02:38:26.646+0000] {logging_mixin.py:188} INFO - [2025-11-17T02:38:26.645+0000] {dagbag.py:545} INFO - Filling up the DagBag from /opt/airflow/dags/sodai_pipeline.py
[2025-11-17T02:38:26.665+0000] {processor.py:840} INFO - DAG(s) 'sodai_pipeline_dag' retrieved from /opt/airflow/dags/sodai_pipeline.py
[2025-11-17T02:38:26.695+0000] {logging_mixin.py:188} INFO - [2025-11-17T02:38:26.695+0000] {dag.py:3096} INFO - Sync 1 DAGs
[2025-11-17T02:38:26.715+0000] {logging_mixin.py:188} INFO - [2025-11-17T02:38:26.715+0000] {dag.py:3954} INFO - Setting next_dagrun for sodai_pipeline_dag to 2025-11-16 00:00:00+00:00, run_after=2025-11-23 00:00:00+00:00
[2025-11-17T02:38:26.724+0000] {processor.py:183} INFO - Processing /opt/airflow/dags/sodai_pipeline.py took 0.096 seconds
[2025-11-17T02:38:56.969+0000] {processor.py:161} INFO - Started process (PID=759) to work on /opt/airflow/dags/sodai_pipeline.py
[2025-11-17T02:38:56.972+0000] {processor.py:830} INFO - Processing file /opt/airflow/dags/sodai_pipeline.py for tasks to queue
[2025-11-17T02:38:56.977+0000] {logging_mixin.py:188} INFO - [2025-11-17T02:38:56.977+0000] {dagbag.py:545} INFO - Filling up the DagBag from /opt/airflow/dags/sodai_pipeline.py
[2025-11-17T02:38:56.996+0000] {processor.py:840} INFO - DAG(s) 'sodai_pipeline_dag' retrieved from /opt/airflow/dags/sodai_pipeline.py
[2025-11-17T02:38:57.031+0000] {logging_mixin.py:188} INFO - [2025-11-17T02:38:57.031+0000] {dag.py:3096} INFO - Sync 1 DAGs
[2025-11-17T02:38:57.049+0000] {logging_mixin.py:188} INFO - [2025-11-17T02:38:57.049+0000] {dag.py:3954} INFO - Setting next_dagrun for sodai_pipeline_dag to 2025-11-16 00:00:00+00:00, run_after=2025-11-23 00:00:00+00:00
[2025-11-17T02:38:57.061+0000] {processor.py:183} INFO - Processing /opt/airflow/dags/sodai_pipeline.py took 0.105 seconds
[2025-11-17T02:39:27.376+0000] {processor.py:161} INFO - Started process (PID=764) to work on /opt/airflow/dags/sodai_pipeline.py
[2025-11-17T02:39:27.380+0000] {processor.py:830} INFO - Processing file /opt/airflow/dags/sodai_pipeline.py for tasks to queue
[2025-11-17T02:39:27.384+0000] {logging_mixin.py:188} INFO - [2025-11-17T02:39:27.382+0000] {dagbag.py:545} INFO - Filling up the DagBag from /opt/airflow/dags/sodai_pipeline.py
[2025-11-17T02:39:27.407+0000] {processor.py:840} INFO - DAG(s) 'sodai_pipeline_dag' retrieved from /opt/airflow/dags/sodai_pipeline.py
[2025-11-17T02:39:27.442+0000] {logging_mixin.py:188} INFO - [2025-11-17T02:39:27.442+0000] {dag.py:3096} INFO - Sync 1 DAGs
[2025-11-17T02:39:27.463+0000] {logging_mixin.py:188} INFO - [2025-11-17T02:39:27.463+0000] {dag.py:3954} INFO - Setting next_dagrun for sodai_pipeline_dag to 2025-11-16 00:00:00+00:00, run_after=2025-11-23 00:00:00+00:00
[2025-11-17T02:39:27.473+0000] {processor.py:183} INFO - Processing /opt/airflow/dags/sodai_pipeline.py took 0.110 seconds
[2025-11-17T02:39:57.720+0000] {processor.py:161} INFO - Started process (PID=769) to work on /opt/airflow/dags/sodai_pipeline.py
[2025-11-17T02:39:57.723+0000] {processor.py:830} INFO - Processing file /opt/airflow/dags/sodai_pipeline.py for tasks to queue
[2025-11-17T02:39:57.726+0000] {logging_mixin.py:188} INFO - [2025-11-17T02:39:57.725+0000] {dagbag.py:545} INFO - Filling up the DagBag from /opt/airflow/dags/sodai_pipeline.py
[2025-11-17T02:39:57.746+0000] {processor.py:840} INFO - DAG(s) 'sodai_pipeline_dag' retrieved from /opt/airflow/dags/sodai_pipeline.py
[2025-11-17T02:39:57.769+0000] {logging_mixin.py:188} INFO - [2025-11-17T02:39:57.769+0000] {dag.py:3096} INFO - Sync 1 DAGs
[2025-11-17T02:39:57.783+0000] {logging_mixin.py:188} INFO - [2025-11-17T02:39:57.783+0000] {dag.py:3954} INFO - Setting next_dagrun for sodai_pipeline_dag to 2025-11-16 00:00:00+00:00, run_after=2025-11-23 00:00:00+00:00
[2025-11-17T02:39:57.791+0000] {processor.py:183} INFO - Processing /opt/airflow/dags/sodai_pipeline.py took 0.081 seconds
[2025-11-17T02:40:28.049+0000] {processor.py:161} INFO - Started process (PID=774) to work on /opt/airflow/dags/sodai_pipeline.py
[2025-11-17T02:40:28.052+0000] {processor.py:830} INFO - Processing file /opt/airflow/dags/sodai_pipeline.py for tasks to queue
[2025-11-17T02:40:28.056+0000] {logging_mixin.py:188} INFO - [2025-11-17T02:40:28.055+0000] {dagbag.py:545} INFO - Filling up the DagBag from /opt/airflow/dags/sodai_pipeline.py
[2025-11-17T02:40:28.077+0000] {processor.py:840} INFO - DAG(s) 'sodai_pipeline_dag' retrieved from /opt/airflow/dags/sodai_pipeline.py
[2025-11-17T02:40:28.099+0000] {logging_mixin.py:188} INFO - [2025-11-17T02:40:28.099+0000] {dag.py:3096} INFO - Sync 1 DAGs
[2025-11-17T02:40:28.114+0000] {logging_mixin.py:188} INFO - [2025-11-17T02:40:28.114+0000] {dag.py:3954} INFO - Setting next_dagrun for sodai_pipeline_dag to 2025-11-16 00:00:00+00:00, run_after=2025-11-23 00:00:00+00:00
[2025-11-17T02:40:28.122+0000] {processor.py:183} INFO - Processing /opt/airflow/dags/sodai_pipeline.py took 0.087 seconds
[2025-11-17T02:40:58.434+0000] {processor.py:161} INFO - Started process (PID=779) to work on /opt/airflow/dags/sodai_pipeline.py
[2025-11-17T02:40:58.435+0000] {processor.py:830} INFO - Processing file /opt/airflow/dags/sodai_pipeline.py for tasks to queue
[2025-11-17T02:40:58.438+0000] {logging_mixin.py:188} INFO - [2025-11-17T02:40:58.438+0000] {dagbag.py:545} INFO - Filling up the DagBag from /opt/airflow/dags/sodai_pipeline.py
[2025-11-17T02:40:58.462+0000] {processor.py:840} INFO - DAG(s) 'sodai_pipeline_dag' retrieved from /opt/airflow/dags/sodai_pipeline.py
[2025-11-17T02:40:58.497+0000] {logging_mixin.py:188} INFO - [2025-11-17T02:40:58.497+0000] {dag.py:3096} INFO - Sync 1 DAGs
[2025-11-17T02:40:58.515+0000] {logging_mixin.py:188} INFO - [2025-11-17T02:40:58.515+0000] {dag.py:3954} INFO - Setting next_dagrun for sodai_pipeline_dag to 2025-11-16 00:00:00+00:00, run_after=2025-11-23 00:00:00+00:00
[2025-11-17T02:40:58.525+0000] {processor.py:183} INFO - Processing /opt/airflow/dags/sodai_pipeline.py took 0.105 seconds
[2025-11-17T02:41:28.835+0000] {processor.py:161} INFO - Started process (PID=784) to work on /opt/airflow/dags/sodai_pipeline.py
[2025-11-17T02:41:28.836+0000] {processor.py:830} INFO - Processing file /opt/airflow/dags/sodai_pipeline.py for tasks to queue
[2025-11-17T02:41:28.838+0000] {logging_mixin.py:188} INFO - [2025-11-17T02:41:28.838+0000] {dagbag.py:545} INFO - Filling up the DagBag from /opt/airflow/dags/sodai_pipeline.py
[2025-11-17T02:41:28.858+0000] {processor.py:840} INFO - DAG(s) 'sodai_pipeline_dag' retrieved from /opt/airflow/dags/sodai_pipeline.py
[2025-11-17T02:41:28.883+0000] {logging_mixin.py:188} INFO - [2025-11-17T02:41:28.883+0000] {dag.py:3096} INFO - Sync 1 DAGs
[2025-11-17T02:41:28.897+0000] {logging_mixin.py:188} INFO - [2025-11-17T02:41:28.897+0000] {dag.py:3954} INFO - Setting next_dagrun for sodai_pipeline_dag to 2025-11-16 00:00:00+00:00, run_after=2025-11-23 00:00:00+00:00
[2025-11-17T02:41:28.906+0000] {processor.py:183} INFO - Processing /opt/airflow/dags/sodai_pipeline.py took 0.085 seconds
[2025-11-17T02:41:59.191+0000] {processor.py:161} INFO - Started process (PID=789) to work on /opt/airflow/dags/sodai_pipeline.py
[2025-11-17T02:41:59.192+0000] {processor.py:830} INFO - Processing file /opt/airflow/dags/sodai_pipeline.py for tasks to queue
[2025-11-17T02:41:59.195+0000] {logging_mixin.py:188} INFO - [2025-11-17T02:41:59.195+0000] {dagbag.py:545} INFO - Filling up the DagBag from /opt/airflow/dags/sodai_pipeline.py
[2025-11-17T02:41:59.212+0000] {processor.py:840} INFO - DAG(s) 'sodai_pipeline_dag' retrieved from /opt/airflow/dags/sodai_pipeline.py
[2025-11-17T02:41:59.232+0000] {logging_mixin.py:188} INFO - [2025-11-17T02:41:59.232+0000] {dag.py:3096} INFO - Sync 1 DAGs
[2025-11-17T02:41:59.245+0000] {logging_mixin.py:188} INFO - [2025-11-17T02:41:59.245+0000] {dag.py:3954} INFO - Setting next_dagrun for sodai_pipeline_dag to 2025-11-16 00:00:00+00:00, run_after=2025-11-23 00:00:00+00:00
[2025-11-17T02:41:59.253+0000] {processor.py:183} INFO - Processing /opt/airflow/dags/sodai_pipeline.py took 0.071 seconds
[2025-11-17T02:42:29.493+0000] {processor.py:161} INFO - Started process (PID=794) to work on /opt/airflow/dags/sodai_pipeline.py
[2025-11-17T02:42:29.496+0000] {processor.py:830} INFO - Processing file /opt/airflow/dags/sodai_pipeline.py for tasks to queue
[2025-11-17T02:42:29.497+0000] {logging_mixin.py:188} INFO - [2025-11-17T02:42:29.497+0000] {dagbag.py:545} INFO - Filling up the DagBag from /opt/airflow/dags/sodai_pipeline.py
[2025-11-17T02:42:29.510+0000] {processor.py:840} INFO - DAG(s) 'sodai_pipeline_dag' retrieved from /opt/airflow/dags/sodai_pipeline.py
[2025-11-17T02:42:29.528+0000] {logging_mixin.py:188} INFO - [2025-11-17T02:42:29.528+0000] {dag.py:3096} INFO - Sync 1 DAGs
[2025-11-17T02:42:29.538+0000] {logging_mixin.py:188} INFO - [2025-11-17T02:42:29.538+0000] {dag.py:3954} INFO - Setting next_dagrun for sodai_pipeline_dag to 2025-11-16 00:00:00+00:00, run_after=2025-11-23 00:00:00+00:00
[2025-11-17T02:42:29.545+0000] {processor.py:183} INFO - Processing /opt/airflow/dags/sodai_pipeline.py took 0.060 seconds
[2025-11-17T02:42:59.882+0000] {processor.py:161} INFO - Started process (PID=799) to work on /opt/airflow/dags/sodai_pipeline.py
[2025-11-17T02:42:59.886+0000] {processor.py:830} INFO - Processing file /opt/airflow/dags/sodai_pipeline.py for tasks to queue
[2025-11-17T02:42:59.889+0000] {logging_mixin.py:188} INFO - [2025-11-17T02:42:59.888+0000] {dagbag.py:545} INFO - Filling up the DagBag from /opt/airflow/dags/sodai_pipeline.py
[2025-11-17T02:42:59.910+0000] {processor.py:840} INFO - DAG(s) 'sodai_pipeline_dag' retrieved from /opt/airflow/dags/sodai_pipeline.py
[2025-11-17T02:42:59.954+0000] {logging_mixin.py:188} INFO - [2025-11-17T02:42:59.953+0000] {dag.py:3096} INFO - Sync 1 DAGs
[2025-11-17T02:42:59.976+0000] {logging_mixin.py:188} INFO - [2025-11-17T02:42:59.976+0000] {dag.py:3954} INFO - Setting next_dagrun for sodai_pipeline_dag to 2025-11-16 00:00:00+00:00, run_after=2025-11-23 00:00:00+00:00
[2025-11-17T02:42:59.988+0000] {processor.py:183} INFO - Processing /opt/airflow/dags/sodai_pipeline.py took 0.117 seconds
[2025-11-17T02:43:30.435+0000] {processor.py:161} INFO - Started process (PID=819) to work on /opt/airflow/dags/sodai_pipeline.py
[2025-11-17T02:43:30.439+0000] {processor.py:830} INFO - Processing file /opt/airflow/dags/sodai_pipeline.py for tasks to queue
[2025-11-17T02:43:30.442+0000] {logging_mixin.py:188} INFO - [2025-11-17T02:43:30.441+0000] {dagbag.py:545} INFO - Filling up the DagBag from /opt/airflow/dags/sodai_pipeline.py
[2025-11-17T02:43:30.462+0000] {processor.py:840} INFO - DAG(s) 'sodai_pipeline_dag' retrieved from /opt/airflow/dags/sodai_pipeline.py
[2025-11-17T02:43:30.502+0000] {logging_mixin.py:188} INFO - [2025-11-17T02:43:30.501+0000] {dag.py:3096} INFO - Sync 1 DAGs
[2025-11-17T02:43:30.533+0000] {processor.py:183} INFO - Processing /opt/airflow/dags/sodai_pipeline.py took 0.107 seconds
[2025-11-17T02:44:00.822+0000] {processor.py:161} INFO - Started process (PID=824) to work on /opt/airflow/dags/sodai_pipeline.py
[2025-11-17T02:44:00.825+0000] {processor.py:830} INFO - Processing file /opt/airflow/dags/sodai_pipeline.py for tasks to queue
[2025-11-17T02:44:00.827+0000] {logging_mixin.py:188} INFO - [2025-11-17T02:44:00.827+0000] {dagbag.py:545} INFO - Filling up the DagBag from /opt/airflow/dags/sodai_pipeline.py
[2025-11-17T02:44:00.844+0000] {processor.py:840} INFO - DAG(s) 'sodai_pipeline_dag' retrieved from /opt/airflow/dags/sodai_pipeline.py
[2025-11-17T02:44:00.863+0000] {logging_mixin.py:188} INFO - [2025-11-17T02:44:00.863+0000] {dag.py:3096} INFO - Sync 1 DAGs
[2025-11-17T02:44:00.884+0000] {processor.py:183} INFO - Processing /opt/airflow/dags/sodai_pipeline.py took 0.071 seconds
[2025-11-17T02:44:31.093+0000] {processor.py:161} INFO - Started process (PID=829) to work on /opt/airflow/dags/sodai_pipeline.py
[2025-11-17T02:44:31.095+0000] {processor.py:830} INFO - Processing file /opt/airflow/dags/sodai_pipeline.py for tasks to queue
[2025-11-17T02:44:31.098+0000] {logging_mixin.py:188} INFO - [2025-11-17T02:44:31.097+0000] {dagbag.py:545} INFO - Filling up the DagBag from /opt/airflow/dags/sodai_pipeline.py
[2025-11-17T02:44:31.113+0000] {processor.py:840} INFO - DAG(s) 'sodai_pipeline_dag' retrieved from /opt/airflow/dags/sodai_pipeline.py
[2025-11-17T02:44:31.135+0000] {logging_mixin.py:188} INFO - [2025-11-17T02:44:31.135+0000] {dag.py:3096} INFO - Sync 1 DAGs
[2025-11-17T02:44:31.155+0000] {processor.py:183} INFO - Processing /opt/airflow/dags/sodai_pipeline.py took 0.070 seconds
[2025-11-17T02:45:01.397+0000] {processor.py:161} INFO - Started process (PID=834) to work on /opt/airflow/dags/sodai_pipeline.py
[2025-11-17T02:45:01.399+0000] {processor.py:830} INFO - Processing file /opt/airflow/dags/sodai_pipeline.py for tasks to queue
[2025-11-17T02:45:01.401+0000] {logging_mixin.py:188} INFO - [2025-11-17T02:45:01.401+0000] {dagbag.py:545} INFO - Filling up the DagBag from /opt/airflow/dags/sodai_pipeline.py
[2025-11-17T02:45:01.416+0000] {processor.py:840} INFO - DAG(s) 'sodai_pipeline_dag' retrieved from /opt/airflow/dags/sodai_pipeline.py
[2025-11-17T02:45:01.437+0000] {logging_mixin.py:188} INFO - [2025-11-17T02:45:01.437+0000] {dag.py:3096} INFO - Sync 1 DAGs
[2025-11-17T02:45:01.458+0000] {processor.py:183} INFO - Processing /opt/airflow/dags/sodai_pipeline.py took 0.069 seconds
[2025-11-17T02:45:31.762+0000] {processor.py:161} INFO - Started process (PID=839) to work on /opt/airflow/dags/sodai_pipeline.py
[2025-11-17T02:45:31.765+0000] {processor.py:830} INFO - Processing file /opt/airflow/dags/sodai_pipeline.py for tasks to queue
[2025-11-17T02:45:31.767+0000] {logging_mixin.py:188} INFO - [2025-11-17T02:45:31.767+0000] {dagbag.py:545} INFO - Filling up the DagBag from /opt/airflow/dags/sodai_pipeline.py
[2025-11-17T02:45:31.787+0000] {processor.py:840} INFO - DAG(s) 'sodai_pipeline_dag' retrieved from /opt/airflow/dags/sodai_pipeline.py
[2025-11-17T02:45:31.811+0000] {logging_mixin.py:188} INFO - [2025-11-17T02:45:31.811+0000] {dag.py:3096} INFO - Sync 1 DAGs
[2025-11-17T02:45:31.835+0000] {processor.py:183} INFO - Processing /opt/airflow/dags/sodai_pipeline.py took 0.087 seconds
[2025-11-17T02:46:02.077+0000] {processor.py:161} INFO - Started process (PID=844) to work on /opt/airflow/dags/sodai_pipeline.py
[2025-11-17T02:46:02.080+0000] {processor.py:830} INFO - Processing file /opt/airflow/dags/sodai_pipeline.py for tasks to queue
[2025-11-17T02:46:02.082+0000] {logging_mixin.py:188} INFO - [2025-11-17T02:46:02.081+0000] {dagbag.py:545} INFO - Filling up the DagBag from /opt/airflow/dags/sodai_pipeline.py
[2025-11-17T02:46:02.095+0000] {processor.py:840} INFO - DAG(s) 'sodai_pipeline_dag' retrieved from /opt/airflow/dags/sodai_pipeline.py
[2025-11-17T02:46:02.115+0000] {logging_mixin.py:188} INFO - [2025-11-17T02:46:02.115+0000] {dag.py:3096} INFO - Sync 1 DAGs
[2025-11-17T02:46:02.134+0000] {processor.py:183} INFO - Processing /opt/airflow/dags/sodai_pipeline.py took 0.069 seconds
[2025-11-17T02:46:32.394+0000] {processor.py:161} INFO - Started process (PID=849) to work on /opt/airflow/dags/sodai_pipeline.py
[2025-11-17T02:46:32.397+0000] {processor.py:830} INFO - Processing file /opt/airflow/dags/sodai_pipeline.py for tasks to queue
[2025-11-17T02:46:32.399+0000] {logging_mixin.py:188} INFO - [2025-11-17T02:46:32.399+0000] {dagbag.py:545} INFO - Filling up the DagBag from /opt/airflow/dags/sodai_pipeline.py
[2025-11-17T02:46:32.414+0000] {processor.py:840} INFO - DAG(s) 'sodai_pipeline_dag' retrieved from /opt/airflow/dags/sodai_pipeline.py
[2025-11-17T02:46:32.440+0000] {logging_mixin.py:188} INFO - [2025-11-17T02:46:32.440+0000] {dag.py:3096} INFO - Sync 1 DAGs
[2025-11-17T02:46:32.461+0000] {processor.py:183} INFO - Processing /opt/airflow/dags/sodai_pipeline.py took 0.077 seconds
[2025-11-17T02:47:02.719+0000] {processor.py:161} INFO - Started process (PID=854) to work on /opt/airflow/dags/sodai_pipeline.py
[2025-11-17T02:47:02.721+0000] {processor.py:830} INFO - Processing file /opt/airflow/dags/sodai_pipeline.py for tasks to queue
[2025-11-17T02:47:02.723+0000] {logging_mixin.py:188} INFO - [2025-11-17T02:47:02.723+0000] {dagbag.py:545} INFO - Filling up the DagBag from /opt/airflow/dags/sodai_pipeline.py
[2025-11-17T02:47:02.737+0000] {processor.py:840} INFO - DAG(s) 'sodai_pipeline_dag' retrieved from /opt/airflow/dags/sodai_pipeline.py
[2025-11-17T02:47:02.758+0000] {logging_mixin.py:188} INFO - [2025-11-17T02:47:02.758+0000] {dag.py:3096} INFO - Sync 1 DAGs
[2025-11-17T02:47:02.777+0000] {processor.py:183} INFO - Processing /opt/airflow/dags/sodai_pipeline.py took 0.066 seconds
[2025-11-17T02:47:33.025+0000] {processor.py:161} INFO - Started process (PID=859) to work on /opt/airflow/dags/sodai_pipeline.py
[2025-11-17T02:47:33.028+0000] {processor.py:830} INFO - Processing file /opt/airflow/dags/sodai_pipeline.py for tasks to queue
[2025-11-17T02:47:33.030+0000] {logging_mixin.py:188} INFO - [2025-11-17T02:47:33.030+0000] {dagbag.py:545} INFO - Filling up the DagBag from /opt/airflow/dags/sodai_pipeline.py
[2025-11-17T02:47:33.048+0000] {processor.py:840} INFO - DAG(s) 'sodai_pipeline_dag' retrieved from /opt/airflow/dags/sodai_pipeline.py
[2025-11-17T02:47:33.072+0000] {logging_mixin.py:188} INFO - [2025-11-17T02:47:33.072+0000] {dag.py:3096} INFO - Sync 1 DAGs
[2025-11-17T02:47:33.095+0000] {processor.py:183} INFO - Processing /opt/airflow/dags/sodai_pipeline.py took 0.080 seconds
[2025-11-17T02:48:03.330+0000] {processor.py:161} INFO - Started process (PID=864) to work on /opt/airflow/dags/sodai_pipeline.py
[2025-11-17T02:48:03.334+0000] {processor.py:830} INFO - Processing file /opt/airflow/dags/sodai_pipeline.py for tasks to queue
[2025-11-17T02:48:03.339+0000] {logging_mixin.py:188} INFO - [2025-11-17T02:48:03.338+0000] {dagbag.py:545} INFO - Filling up the DagBag from /opt/airflow/dags/sodai_pipeline.py
[2025-11-17T02:48:03.354+0000] {processor.py:840} INFO - DAG(s) 'sodai_pipeline_dag' retrieved from /opt/airflow/dags/sodai_pipeline.py
[2025-11-17T02:48:03.378+0000] {logging_mixin.py:188} INFO - [2025-11-17T02:48:03.378+0000] {dag.py:3096} INFO - Sync 1 DAGs
[2025-11-17T02:48:03.398+0000] {processor.py:183} INFO - Processing /opt/airflow/dags/sodai_pipeline.py took 0.092 seconds
[2025-11-17T02:48:33.653+0000] {processor.py:161} INFO - Started process (PID=884) to work on /opt/airflow/dags/sodai_pipeline.py
[2025-11-17T02:48:33.654+0000] {processor.py:830} INFO - Processing file /opt/airflow/dags/sodai_pipeline.py for tasks to queue
[2025-11-17T02:48:33.657+0000] {logging_mixin.py:188} INFO - [2025-11-17T02:48:33.657+0000] {dagbag.py:545} INFO - Filling up the DagBag from /opt/airflow/dags/sodai_pipeline.py
[2025-11-17T02:48:33.671+0000] {processor.py:840} INFO - DAG(s) 'sodai_pipeline_dag' retrieved from /opt/airflow/dags/sodai_pipeline.py
[2025-11-17T02:48:33.698+0000] {logging_mixin.py:188} INFO - [2025-11-17T02:48:33.698+0000] {dag.py:3096} INFO - Sync 1 DAGs
[2025-11-17T02:48:33.712+0000] {logging_mixin.py:188} INFO - [2025-11-17T02:48:33.712+0000] {dag.py:3954} INFO - Setting next_dagrun for sodai_pipeline_dag to 2025-11-16 00:00:00+00:00, run_after=2025-11-23 00:00:00+00:00
[2025-11-17T02:48:33.724+0000] {processor.py:183} INFO - Processing /opt/airflow/dags/sodai_pipeline.py took 0.079 seconds
[2025-11-17T02:49:04.014+0000] {processor.py:161} INFO - Started process (PID=889) to work on /opt/airflow/dags/sodai_pipeline.py
[2025-11-17T02:49:04.017+0000] {processor.py:830} INFO - Processing file /opt/airflow/dags/sodai_pipeline.py for tasks to queue
[2025-11-17T02:49:04.020+0000] {logging_mixin.py:188} INFO - [2025-11-17T02:49:04.019+0000] {dagbag.py:545} INFO - Filling up the DagBag from /opt/airflow/dags/sodai_pipeline.py
[2025-11-17T02:49:04.060+0000] {processor.py:840} INFO - DAG(s) 'sodai_pipeline_dag' retrieved from /opt/airflow/dags/sodai_pipeline.py
[2025-11-17T02:49:04.099+0000] {logging_mixin.py:188} INFO - [2025-11-17T02:49:04.099+0000] {dag.py:3096} INFO - Sync 1 DAGs
[2025-11-17T02:49:04.119+0000] {logging_mixin.py:188} INFO - [2025-11-17T02:49:04.119+0000] {dag.py:3954} INFO - Setting next_dagrun for sodai_pipeline_dag to 2025-11-16 00:00:00+00:00, run_after=2025-11-23 00:00:00+00:00
[2025-11-17T02:49:04.130+0000] {processor.py:183} INFO - Processing /opt/airflow/dags/sodai_pipeline.py took 0.126 seconds
[2025-11-17T02:49:34.354+0000] {processor.py:161} INFO - Started process (PID=894) to work on /opt/airflow/dags/sodai_pipeline.py
[2025-11-17T02:49:34.358+0000] {processor.py:830} INFO - Processing file /opt/airflow/dags/sodai_pipeline.py for tasks to queue
[2025-11-17T02:49:34.360+0000] {logging_mixin.py:188} INFO - [2025-11-17T02:49:34.360+0000] {dagbag.py:545} INFO - Filling up the DagBag from /opt/airflow/dags/sodai_pipeline.py
[2025-11-17T02:49:34.386+0000] {processor.py:840} INFO - DAG(s) 'sodai_pipeline_dag' retrieved from /opt/airflow/dags/sodai_pipeline.py
[2025-11-17T02:49:34.420+0000] {logging_mixin.py:188} INFO - [2025-11-17T02:49:34.420+0000] {dag.py:3096} INFO - Sync 1 DAGs
[2025-11-17T02:49:34.436+0000] {logging_mixin.py:188} INFO - [2025-11-17T02:49:34.436+0000] {dag.py:3954} INFO - Setting next_dagrun for sodai_pipeline_dag to 2025-11-16 00:00:00+00:00, run_after=2025-11-23 00:00:00+00:00
[2025-11-17T02:49:34.446+0000] {processor.py:183} INFO - Processing /opt/airflow/dags/sodai_pipeline.py took 0.108 seconds
[2025-11-17T02:50:04.745+0000] {processor.py:161} INFO - Started process (PID=899) to work on /opt/airflow/dags/sodai_pipeline.py
[2025-11-17T02:50:04.748+0000] {processor.py:830} INFO - Processing file /opt/airflow/dags/sodai_pipeline.py for tasks to queue
[2025-11-17T02:50:04.752+0000] {logging_mixin.py:188} INFO - [2025-11-17T02:50:04.751+0000] {dagbag.py:545} INFO - Filling up the DagBag from /opt/airflow/dags/sodai_pipeline.py
[2025-11-17T02:50:04.775+0000] {processor.py:840} INFO - DAG(s) 'sodai_pipeline_dag' retrieved from /opt/airflow/dags/sodai_pipeline.py
[2025-11-17T02:50:04.801+0000] {logging_mixin.py:188} INFO - [2025-11-17T02:50:04.801+0000] {dag.py:3096} INFO - Sync 1 DAGs
[2025-11-17T02:50:04.818+0000] {logging_mixin.py:188} INFO - [2025-11-17T02:50:04.818+0000] {dag.py:3954} INFO - Setting next_dagrun for sodai_pipeline_dag to 2025-11-16 00:00:00+00:00, run_after=2025-11-23 00:00:00+00:00
[2025-11-17T02:50:04.827+0000] {processor.py:183} INFO - Processing /opt/airflow/dags/sodai_pipeline.py took 0.097 seconds
[2025-11-17T02:50:35.085+0000] {processor.py:161} INFO - Started process (PID=904) to work on /opt/airflow/dags/sodai_pipeline.py
[2025-11-17T02:50:35.086+0000] {processor.py:830} INFO - Processing file /opt/airflow/dags/sodai_pipeline.py for tasks to queue
[2025-11-17T02:50:35.089+0000] {logging_mixin.py:188} INFO - [2025-11-17T02:50:35.089+0000] {dagbag.py:545} INFO - Filling up the DagBag from /opt/airflow/dags/sodai_pipeline.py
[2025-11-17T02:50:35.106+0000] {processor.py:840} INFO - DAG(s) 'sodai_pipeline_dag' retrieved from /opt/airflow/dags/sodai_pipeline.py
[2025-11-17T02:50:35.133+0000] {logging_mixin.py:188} INFO - [2025-11-17T02:50:35.133+0000] {dag.py:3096} INFO - Sync 1 DAGs
[2025-11-17T02:50:35.151+0000] {logging_mixin.py:188} INFO - [2025-11-17T02:50:35.151+0000] {dag.py:3954} INFO - Setting next_dagrun for sodai_pipeline_dag to 2025-11-16 00:00:00+00:00, run_after=2025-11-23 00:00:00+00:00
[2025-11-17T02:50:35.160+0000] {processor.py:183} INFO - Processing /opt/airflow/dags/sodai_pipeline.py took 0.091 seconds
[2025-11-17T02:51:05.483+0000] {processor.py:161} INFO - Started process (PID=935) to work on /opt/airflow/dags/sodai_pipeline.py
[2025-11-17T02:51:05.484+0000] {processor.py:830} INFO - Processing file /opt/airflow/dags/sodai_pipeline.py for tasks to queue
[2025-11-17T02:51:05.487+0000] {logging_mixin.py:188} INFO - [2025-11-17T02:51:05.486+0000] {dagbag.py:545} INFO - Filling up the DagBag from /opt/airflow/dags/sodai_pipeline.py
[2025-11-17T02:51:05.504+0000] {processor.py:840} INFO - DAG(s) 'sodai_pipeline_dag' retrieved from /opt/airflow/dags/sodai_pipeline.py
[2025-11-17T02:51:05.530+0000] {logging_mixin.py:188} INFO - [2025-11-17T02:51:05.529+0000] {dag.py:3096} INFO - Sync 1 DAGs
[2025-11-17T02:51:05.544+0000] {logging_mixin.py:188} INFO - [2025-11-17T02:51:05.543+0000] {dag.py:3954} INFO - Setting next_dagrun for sodai_pipeline_dag to 2025-11-16 00:00:00+00:00, run_after=2025-11-23 00:00:00+00:00
[2025-11-17T02:51:05.553+0000] {processor.py:183} INFO - Processing /opt/airflow/dags/sodai_pipeline.py took 0.087 seconds
[2025-11-17T02:51:35.848+0000] {processor.py:161} INFO - Started process (PID=940) to work on /opt/airflow/dags/sodai_pipeline.py
[2025-11-17T02:51:35.850+0000] {processor.py:830} INFO - Processing file /opt/airflow/dags/sodai_pipeline.py for tasks to queue
[2025-11-17T02:51:35.853+0000] {logging_mixin.py:188} INFO - [2025-11-17T02:51:35.852+0000] {dagbag.py:545} INFO - Filling up the DagBag from /opt/airflow/dags/sodai_pipeline.py
[2025-11-17T02:51:35.870+0000] {processor.py:840} INFO - DAG(s) 'sodai_pipeline_dag' retrieved from /opt/airflow/dags/sodai_pipeline.py
[2025-11-17T02:51:35.896+0000] {logging_mixin.py:188} INFO - [2025-11-17T02:51:35.896+0000] {dag.py:3096} INFO - Sync 1 DAGs
[2025-11-17T02:51:35.912+0000] {logging_mixin.py:188} INFO - [2025-11-17T02:51:35.912+0000] {dag.py:3954} INFO - Setting next_dagrun for sodai_pipeline_dag to 2025-11-16 00:00:00+00:00, run_after=2025-11-23 00:00:00+00:00
[2025-11-17T02:51:35.921+0000] {processor.py:183} INFO - Processing /opt/airflow/dags/sodai_pipeline.py took 0.087 seconds
[2025-11-17T02:52:06.281+0000] {processor.py:161} INFO - Started process (PID=1008) to work on /opt/airflow/dags/sodai_pipeline.py
[2025-11-17T02:52:06.282+0000] {processor.py:830} INFO - Processing file /opt/airflow/dags/sodai_pipeline.py for tasks to queue
[2025-11-17T02:52:06.285+0000] {logging_mixin.py:188} INFO - [2025-11-17T02:52:06.285+0000] {dagbag.py:545} INFO - Filling up the DagBag from /opt/airflow/dags/sodai_pipeline.py
[2025-11-17T02:52:06.302+0000] {processor.py:840} INFO - DAG(s) 'sodai_pipeline_dag' retrieved from /opt/airflow/dags/sodai_pipeline.py
[2025-11-17T02:52:06.329+0000] {logging_mixin.py:188} INFO - [2025-11-17T02:52:06.328+0000] {dag.py:3096} INFO - Sync 1 DAGs
[2025-11-17T02:52:06.351+0000] {processor.py:183} INFO - Processing /opt/airflow/dags/sodai_pipeline.py took 0.085 seconds
[2025-11-17T02:52:36.627+0000] {processor.py:161} INFO - Started process (PID=1013) to work on /opt/airflow/dags/sodai_pipeline.py
[2025-11-17T02:52:36.629+0000] {processor.py:830} INFO - Processing file /opt/airflow/dags/sodai_pipeline.py for tasks to queue
[2025-11-17T02:52:36.631+0000] {logging_mixin.py:188} INFO - [2025-11-17T02:52:36.631+0000] {dagbag.py:545} INFO - Filling up the DagBag from /opt/airflow/dags/sodai_pipeline.py
[2025-11-17T02:52:36.648+0000] {processor.py:840} INFO - DAG(s) 'sodai_pipeline_dag' retrieved from /opt/airflow/dags/sodai_pipeline.py
[2025-11-17T02:52:36.669+0000] {logging_mixin.py:188} INFO - [2025-11-17T02:52:36.669+0000] {dag.py:3096} INFO - Sync 1 DAGs
[2025-11-17T02:52:36.692+0000] {processor.py:183} INFO - Processing /opt/airflow/dags/sodai_pipeline.py took 0.085 seconds
[2025-11-17T02:53:06.969+0000] {processor.py:161} INFO - Started process (PID=1018) to work on /opt/airflow/dags/sodai_pipeline.py
[2025-11-17T02:53:06.972+0000] {processor.py:830} INFO - Processing file /opt/airflow/dags/sodai_pipeline.py for tasks to queue
[2025-11-17T02:53:06.978+0000] {logging_mixin.py:188} INFO - [2025-11-17T02:53:06.978+0000] {dagbag.py:545} INFO - Filling up the DagBag from /opt/airflow/dags/sodai_pipeline.py
[2025-11-17T02:53:06.992+0000] {processor.py:840} INFO - DAG(s) 'sodai_pipeline_dag' retrieved from /opt/airflow/dags/sodai_pipeline.py
[2025-11-17T02:53:07.017+0000] {logging_mixin.py:188} INFO - [2025-11-17T02:53:07.017+0000] {dag.py:3096} INFO - Sync 1 DAGs
[2025-11-17T02:53:07.050+0000] {processor.py:183} INFO - Processing /opt/airflow/dags/sodai_pipeline.py took 0.099 seconds
[2025-11-17T02:53:37.256+0000] {processor.py:161} INFO - Started process (PID=1023) to work on /opt/airflow/dags/sodai_pipeline.py
[2025-11-17T02:53:37.258+0000] {processor.py:830} INFO - Processing file /opt/airflow/dags/sodai_pipeline.py for tasks to queue
[2025-11-17T02:53:37.261+0000] {logging_mixin.py:188} INFO - [2025-11-17T02:53:37.260+0000] {dagbag.py:545} INFO - Filling up the DagBag from /opt/airflow/dags/sodai_pipeline.py
[2025-11-17T02:53:37.278+0000] {processor.py:840} INFO - DAG(s) 'sodai_pipeline_dag' retrieved from /opt/airflow/dags/sodai_pipeline.py
[2025-11-17T02:53:37.303+0000] {logging_mixin.py:188} INFO - [2025-11-17T02:53:37.303+0000] {dag.py:3096} INFO - Sync 1 DAGs
[2025-11-17T02:53:37.324+0000] {processor.py:183} INFO - Processing /opt/airflow/dags/sodai_pipeline.py took 0.086 seconds
[2025-11-17T02:54:07.576+0000] {processor.py:161} INFO - Started process (PID=1028) to work on /opt/airflow/dags/sodai_pipeline.py
[2025-11-17T02:54:07.579+0000] {processor.py:830} INFO - Processing file /opt/airflow/dags/sodai_pipeline.py for tasks to queue
[2025-11-17T02:54:07.583+0000] {logging_mixin.py:188} INFO - [2025-11-17T02:54:07.582+0000] {dagbag.py:545} INFO - Filling up the DagBag from /opt/airflow/dags/sodai_pipeline.py
[2025-11-17T02:54:07.599+0000] {processor.py:840} INFO - DAG(s) 'sodai_pipeline_dag' retrieved from /opt/airflow/dags/sodai_pipeline.py
[2025-11-17T02:54:07.620+0000] {logging_mixin.py:188} INFO - [2025-11-17T02:54:07.620+0000] {dag.py:3096} INFO - Sync 1 DAGs
[2025-11-17T02:54:07.643+0000] {processor.py:183} INFO - Processing /opt/airflow/dags/sodai_pipeline.py took 0.083 seconds
[2025-11-17T02:54:37.849+0000] {processor.py:161} INFO - Started process (PID=1033) to work on /opt/airflow/dags/sodai_pipeline.py
[2025-11-17T02:54:37.851+0000] {processor.py:830} INFO - Processing file /opt/airflow/dags/sodai_pipeline.py for tasks to queue
[2025-11-17T02:54:37.853+0000] {logging_mixin.py:188} INFO - [2025-11-17T02:54:37.853+0000] {dagbag.py:545} INFO - Filling up the DagBag from /opt/airflow/dags/sodai_pipeline.py
[2025-11-17T02:54:37.871+0000] {processor.py:840} INFO - DAG(s) 'sodai_pipeline_dag' retrieved from /opt/airflow/dags/sodai_pipeline.py
[2025-11-17T02:54:37.894+0000] {logging_mixin.py:188} INFO - [2025-11-17T02:54:37.894+0000] {dag.py:3096} INFO - Sync 1 DAGs
[2025-11-17T02:54:37.917+0000] {processor.py:183} INFO - Processing /opt/airflow/dags/sodai_pipeline.py took 0.078 seconds
[2025-11-17T02:55:08.104+0000] {processor.py:161} INFO - Started process (PID=1038) to work on /opt/airflow/dags/sodai_pipeline.py
[2025-11-17T02:55:08.105+0000] {processor.py:830} INFO - Processing file /opt/airflow/dags/sodai_pipeline.py for tasks to queue
[2025-11-17T02:55:08.108+0000] {logging_mixin.py:188} INFO - [2025-11-17T02:55:08.108+0000] {dagbag.py:545} INFO - Filling up the DagBag from /opt/airflow/dags/sodai_pipeline.py
[2025-11-17T02:55:08.125+0000] {processor.py:840} INFO - DAG(s) 'sodai_pipeline_dag' retrieved from /opt/airflow/dags/sodai_pipeline.py
[2025-11-17T02:55:08.148+0000] {logging_mixin.py:188} INFO - [2025-11-17T02:55:08.148+0000] {dag.py:3096} INFO - Sync 1 DAGs
[2025-11-17T02:55:08.169+0000] {processor.py:183} INFO - Processing /opt/airflow/dags/sodai_pipeline.py took 0.076 seconds
[2025-11-17T02:55:38.390+0000] {processor.py:161} INFO - Started process (PID=1043) to work on /opt/airflow/dags/sodai_pipeline.py
[2025-11-17T02:55:38.391+0000] {processor.py:830} INFO - Processing file /opt/airflow/dags/sodai_pipeline.py for tasks to queue
[2025-11-17T02:55:38.394+0000] {logging_mixin.py:188} INFO - [2025-11-17T02:55:38.394+0000] {dagbag.py:545} INFO - Filling up the DagBag from /opt/airflow/dags/sodai_pipeline.py
[2025-11-17T02:55:38.409+0000] {processor.py:840} INFO - DAG(s) 'sodai_pipeline_dag' retrieved from /opt/airflow/dags/sodai_pipeline.py
[2025-11-17T02:55:38.435+0000] {logging_mixin.py:188} INFO - [2025-11-17T02:55:38.435+0000] {dag.py:3096} INFO - Sync 1 DAGs
[2025-11-17T02:55:38.456+0000] {processor.py:183} INFO - Processing /opt/airflow/dags/sodai_pipeline.py took 0.079 seconds
[2025-11-17T02:56:08.666+0000] {processor.py:161} INFO - Started process (PID=1048) to work on /opt/airflow/dags/sodai_pipeline.py
[2025-11-17T02:56:08.670+0000] {processor.py:830} INFO - Processing file /opt/airflow/dags/sodai_pipeline.py for tasks to queue
[2025-11-17T02:56:08.672+0000] {logging_mixin.py:188} INFO - [2025-11-17T02:56:08.672+0000] {dagbag.py:545} INFO - Filling up the DagBag from /opt/airflow/dags/sodai_pipeline.py
[2025-11-17T02:56:08.688+0000] {processor.py:840} INFO - DAG(s) 'sodai_pipeline_dag' retrieved from /opt/airflow/dags/sodai_pipeline.py
[2025-11-17T02:56:08.718+0000] {logging_mixin.py:188} INFO - [2025-11-17T02:56:08.718+0000] {dag.py:3096} INFO - Sync 1 DAGs
[2025-11-17T02:56:08.741+0000] {processor.py:183} INFO - Processing /opt/airflow/dags/sodai_pipeline.py took 0.088 seconds
[2025-11-17T02:56:38.968+0000] {processor.py:161} INFO - Started process (PID=1053) to work on /opt/airflow/dags/sodai_pipeline.py
[2025-11-17T02:56:38.970+0000] {processor.py:830} INFO - Processing file /opt/airflow/dags/sodai_pipeline.py for tasks to queue
[2025-11-17T02:56:38.973+0000] {logging_mixin.py:188} INFO - [2025-11-17T02:56:38.973+0000] {dagbag.py:545} INFO - Filling up the DagBag from /opt/airflow/dags/sodai_pipeline.py
[2025-11-17T02:56:38.990+0000] {processor.py:840} INFO - DAG(s) 'sodai_pipeline_dag' retrieved from /opt/airflow/dags/sodai_pipeline.py
[2025-11-17T02:56:39.010+0000] {logging_mixin.py:188} INFO - [2025-11-17T02:56:39.010+0000] {dag.py:3096} INFO - Sync 1 DAGs
[2025-11-17T02:56:39.034+0000] {processor.py:183} INFO - Processing /opt/airflow/dags/sodai_pipeline.py took 0.081 seconds
[2025-11-17T02:57:09.260+0000] {processor.py:161} INFO - Started process (PID=1073) to work on /opt/airflow/dags/sodai_pipeline.py
[2025-11-17T02:57:09.264+0000] {processor.py:830} INFO - Processing file /opt/airflow/dags/sodai_pipeline.py for tasks to queue
[2025-11-17T02:57:09.267+0000] {logging_mixin.py:188} INFO - [2025-11-17T02:57:09.267+0000] {dagbag.py:545} INFO - Filling up the DagBag from /opt/airflow/dags/sodai_pipeline.py
[2025-11-17T02:57:09.285+0000] {processor.py:840} INFO - DAG(s) 'sodai_pipeline_dag' retrieved from /opt/airflow/dags/sodai_pipeline.py
[2025-11-17T02:57:09.308+0000] {logging_mixin.py:188} INFO - [2025-11-17T02:57:09.308+0000] {dag.py:3096} INFO - Sync 1 DAGs
[2025-11-17T02:57:09.323+0000] {logging_mixin.py:188} INFO - [2025-11-17T02:57:09.323+0000] {dag.py:3954} INFO - Setting next_dagrun for sodai_pipeline_dag to 2025-11-16 00:00:00+00:00, run_after=2025-11-23 00:00:00+00:00
[2025-11-17T02:57:09.332+0000] {processor.py:183} INFO - Processing /opt/airflow/dags/sodai_pipeline.py took 0.089 seconds
[2025-11-17T02:57:39.519+0000] {processor.py:161} INFO - Started process (PID=1078) to work on /opt/airflow/dags/sodai_pipeline.py
[2025-11-17T02:57:39.522+0000] {processor.py:830} INFO - Processing file /opt/airflow/dags/sodai_pipeline.py for tasks to queue
[2025-11-17T02:57:39.525+0000] {logging_mixin.py:188} INFO - [2025-11-17T02:57:39.524+0000] {dagbag.py:545} INFO - Filling up the DagBag from /opt/airflow/dags/sodai_pipeline.py
[2025-11-17T02:57:39.540+0000] {processor.py:840} INFO - DAG(s) 'sodai_pipeline_dag' retrieved from /opt/airflow/dags/sodai_pipeline.py
[2025-11-17T02:57:39.561+0000] {logging_mixin.py:188} INFO - [2025-11-17T02:57:39.560+0000] {dag.py:3096} INFO - Sync 1 DAGs
[2025-11-17T02:57:39.573+0000] {logging_mixin.py:188} INFO - [2025-11-17T02:57:39.573+0000] {dag.py:3954} INFO - Setting next_dagrun for sodai_pipeline_dag to 2025-11-16 00:00:00+00:00, run_after=2025-11-23 00:00:00+00:00
[2025-11-17T02:57:39.580+0000] {processor.py:183} INFO - Processing /opt/airflow/dags/sodai_pipeline.py took 0.075 seconds
[2025-11-17T02:58:09.893+0000] {processor.py:161} INFO - Started process (PID=1083) to work on /opt/airflow/dags/sodai_pipeline.py
[2025-11-17T02:58:09.896+0000] {processor.py:830} INFO - Processing file /opt/airflow/dags/sodai_pipeline.py for tasks to queue
[2025-11-17T02:58:09.899+0000] {logging_mixin.py:188} INFO - [2025-11-17T02:58:09.899+0000] {dagbag.py:545} INFO - Filling up the DagBag from /opt/airflow/dags/sodai_pipeline.py
[2025-11-17T02:58:09.917+0000] {processor.py:840} INFO - DAG(s) 'sodai_pipeline_dag' retrieved from /opt/airflow/dags/sodai_pipeline.py
[2025-11-17T02:58:09.937+0000] {logging_mixin.py:188} INFO - [2025-11-17T02:58:09.937+0000] {dag.py:3096} INFO - Sync 1 DAGs
[2025-11-17T02:58:09.949+0000] {logging_mixin.py:188} INFO - [2025-11-17T02:58:09.949+0000] {dag.py:3954} INFO - Setting next_dagrun for sodai_pipeline_dag to 2025-11-16 00:00:00+00:00, run_after=2025-11-23 00:00:00+00:00
[2025-11-17T02:58:09.957+0000] {processor.py:183} INFO - Processing /opt/airflow/dags/sodai_pipeline.py took 0.077 seconds
[2025-11-17T02:58:40.237+0000] {processor.py:161} INFO - Started process (PID=1088) to work on /opt/airflow/dags/sodai_pipeline.py
[2025-11-17T02:58:40.240+0000] {processor.py:830} INFO - Processing file /opt/airflow/dags/sodai_pipeline.py for tasks to queue
[2025-11-17T02:58:40.243+0000] {logging_mixin.py:188} INFO - [2025-11-17T02:58:40.242+0000] {dagbag.py:545} INFO - Filling up the DagBag from /opt/airflow/dags/sodai_pipeline.py
[2025-11-17T02:58:40.257+0000] {processor.py:840} INFO - DAG(s) 'sodai_pipeline_dag' retrieved from /opt/airflow/dags/sodai_pipeline.py
[2025-11-17T02:58:40.277+0000] {logging_mixin.py:188} INFO - [2025-11-17T02:58:40.276+0000] {dag.py:3096} INFO - Sync 1 DAGs
[2025-11-17T02:58:40.289+0000] {logging_mixin.py:188} INFO - [2025-11-17T02:58:40.289+0000] {dag.py:3954} INFO - Setting next_dagrun for sodai_pipeline_dag to 2025-11-16 00:00:00+00:00, run_after=2025-11-23 00:00:00+00:00
[2025-11-17T02:58:40.298+0000] {processor.py:183} INFO - Processing /opt/airflow/dags/sodai_pipeline.py took 0.074 seconds
[2025-11-17T02:59:10.566+0000] {processor.py:161} INFO - Started process (PID=1093) to work on /opt/airflow/dags/sodai_pipeline.py
[2025-11-17T02:59:10.568+0000] {processor.py:830} INFO - Processing file /opt/airflow/dags/sodai_pipeline.py for tasks to queue
[2025-11-17T02:59:10.571+0000] {logging_mixin.py:188} INFO - [2025-11-17T02:59:10.571+0000] {dagbag.py:545} INFO - Filling up the DagBag from /opt/airflow/dags/sodai_pipeline.py
[2025-11-17T02:59:10.594+0000] {processor.py:840} INFO - DAG(s) 'sodai_pipeline_dag' retrieved from /opt/airflow/dags/sodai_pipeline.py
[2025-11-17T02:59:10.616+0000] {logging_mixin.py:188} INFO - [2025-11-17T02:59:10.616+0000] {dag.py:3096} INFO - Sync 1 DAGs
[2025-11-17T02:59:10.628+0000] {logging_mixin.py:188} INFO - [2025-11-17T02:59:10.628+0000] {dag.py:3954} INFO - Setting next_dagrun for sodai_pipeline_dag to 2025-11-16 00:00:00+00:00, run_after=2025-11-23 00:00:00+00:00
[2025-11-17T02:59:10.637+0000] {processor.py:183} INFO - Processing /opt/airflow/dags/sodai_pipeline.py took 0.086 seconds
[2025-11-17T02:59:40.933+0000] {processor.py:161} INFO - Started process (PID=1098) to work on /opt/airflow/dags/sodai_pipeline.py
[2025-11-17T02:59:40.934+0000] {processor.py:830} INFO - Processing file /opt/airflow/dags/sodai_pipeline.py for tasks to queue
[2025-11-17T02:59:40.938+0000] {logging_mixin.py:188} INFO - [2025-11-17T02:59:40.938+0000] {dagbag.py:545} INFO - Filling up the DagBag from /opt/airflow/dags/sodai_pipeline.py
[2025-11-17T02:59:40.960+0000] {processor.py:840} INFO - DAG(s) 'sodai_pipeline_dag' retrieved from /opt/airflow/dags/sodai_pipeline.py
[2025-11-17T02:59:40.986+0000] {logging_mixin.py:188} INFO - [2025-11-17T02:59:40.986+0000] {dag.py:3096} INFO - Sync 1 DAGs
[2025-11-17T02:59:41.000+0000] {logging_mixin.py:188} INFO - [2025-11-17T02:59:41.000+0000] {dag.py:3954} INFO - Setting next_dagrun for sodai_pipeline_dag to 2025-11-16 00:00:00+00:00, run_after=2025-11-23 00:00:00+00:00
[2025-11-17T02:59:41.010+0000] {processor.py:183} INFO - Processing /opt/airflow/dags/sodai_pipeline.py took 0.105 seconds
[2025-11-17T03:00:11.400+0000] {processor.py:161} INFO - Started process (PID=1103) to work on /opt/airflow/dags/sodai_pipeline.py
[2025-11-17T03:00:11.402+0000] {processor.py:830} INFO - Processing file /opt/airflow/dags/sodai_pipeline.py for tasks to queue
[2025-11-17T03:00:11.405+0000] {logging_mixin.py:188} INFO - [2025-11-17T03:00:11.404+0000] {dagbag.py:545} INFO - Filling up the DagBag from /opt/airflow/dags/sodai_pipeline.py
[2025-11-17T03:00:11.424+0000] {processor.py:840} INFO - DAG(s) 'sodai_pipeline_dag' retrieved from /opt/airflow/dags/sodai_pipeline.py
[2025-11-17T03:00:11.460+0000] {logging_mixin.py:188} INFO - [2025-11-17T03:00:11.460+0000] {dag.py:3096} INFO - Sync 1 DAGs
[2025-11-17T03:00:11.481+0000] {logging_mixin.py:188} INFO - [2025-11-17T03:00:11.481+0000] {dag.py:3954} INFO - Setting next_dagrun for sodai_pipeline_dag to 2025-11-16 00:00:00+00:00, run_after=2025-11-23 00:00:00+00:00
[2025-11-17T03:00:11.491+0000] {processor.py:183} INFO - Processing /opt/airflow/dags/sodai_pipeline.py took 0.111 seconds
[2025-11-17T03:00:41.938+0000] {processor.py:161} INFO - Started process (PID=1108) to work on /opt/airflow/dags/sodai_pipeline.py
[2025-11-17T03:00:41.939+0000] {processor.py:830} INFO - Processing file /opt/airflow/dags/sodai_pipeline.py for tasks to queue
[2025-11-17T03:00:41.943+0000] {logging_mixin.py:188} INFO - [2025-11-17T03:00:41.942+0000] {dagbag.py:545} INFO - Filling up the DagBag from /opt/airflow/dags/sodai_pipeline.py
[2025-11-17T03:00:41.965+0000] {processor.py:840} INFO - DAG(s) 'sodai_pipeline_dag' retrieved from /opt/airflow/dags/sodai_pipeline.py
[2025-11-17T03:00:42.000+0000] {logging_mixin.py:188} INFO - [2025-11-17T03:00:42.000+0000] {dag.py:3096} INFO - Sync 1 DAGs
[2025-11-17T03:00:42.022+0000] {logging_mixin.py:188} INFO - [2025-11-17T03:00:42.022+0000] {dag.py:3954} INFO - Setting next_dagrun for sodai_pipeline_dag to 2025-11-16 00:00:00+00:00, run_after=2025-11-23 00:00:00+00:00
[2025-11-17T03:00:42.031+0000] {processor.py:183} INFO - Processing /opt/airflow/dags/sodai_pipeline.py took 0.110 seconds
[2025-11-17T03:01:12.352+0000] {processor.py:161} INFO - Started process (PID=1113) to work on /opt/airflow/dags/sodai_pipeline.py
[2025-11-17T03:01:12.355+0000] {processor.py:830} INFO - Processing file /opt/airflow/dags/sodai_pipeline.py for tasks to queue
[2025-11-17T03:01:12.361+0000] {logging_mixin.py:188} INFO - [2025-11-17T03:01:12.359+0000] {dagbag.py:545} INFO - Filling up the DagBag from /opt/airflow/dags/sodai_pipeline.py
[2025-11-17T03:01:12.380+0000] {processor.py:840} INFO - DAG(s) 'sodai_pipeline_dag' retrieved from /opt/airflow/dags/sodai_pipeline.py
[2025-11-17T03:01:12.410+0000] {logging_mixin.py:188} INFO - [2025-11-17T03:01:12.410+0000] {dag.py:3096} INFO - Sync 1 DAGs
[2025-11-17T03:01:12.430+0000] {logging_mixin.py:188} INFO - [2025-11-17T03:01:12.430+0000] {dag.py:3954} INFO - Setting next_dagrun for sodai_pipeline_dag to 2025-11-16 00:00:00+00:00, run_after=2025-11-23 00:00:00+00:00
[2025-11-17T03:01:12.439+0000] {processor.py:183} INFO - Processing /opt/airflow/dags/sodai_pipeline.py took 0.103 seconds
[2025-11-17T03:01:42.689+0000] {processor.py:161} INFO - Started process (PID=1118) to work on /opt/airflow/dags/sodai_pipeline.py
[2025-11-17T03:01:42.691+0000] {processor.py:830} INFO - Processing file /opt/airflow/dags/sodai_pipeline.py for tasks to queue
[2025-11-17T03:01:42.694+0000] {logging_mixin.py:188} INFO - [2025-11-17T03:01:42.694+0000] {dagbag.py:545} INFO - Filling up the DagBag from /opt/airflow/dags/sodai_pipeline.py
[2025-11-17T03:01:42.711+0000] {processor.py:840} INFO - DAG(s) 'sodai_pipeline_dag' retrieved from /opt/airflow/dags/sodai_pipeline.py
[2025-11-17T03:01:42.737+0000] {logging_mixin.py:188} INFO - [2025-11-17T03:01:42.737+0000] {dag.py:3096} INFO - Sync 1 DAGs
[2025-11-17T03:01:42.752+0000] {logging_mixin.py:188} INFO - [2025-11-17T03:01:42.752+0000] {dag.py:3954} INFO - Setting next_dagrun for sodai_pipeline_dag to 2025-11-16 00:00:00+00:00, run_after=2025-11-23 00:00:00+00:00
[2025-11-17T03:01:42.761+0000] {processor.py:183} INFO - Processing /opt/airflow/dags/sodai_pipeline.py took 0.083 seconds
[2025-11-17T03:02:13.187+0000] {processor.py:161} INFO - Started process (PID=1123) to work on /opt/airflow/dags/sodai_pipeline.py
[2025-11-17T03:02:13.189+0000] {processor.py:830} INFO - Processing file /opt/airflow/dags/sodai_pipeline.py for tasks to queue
[2025-11-17T03:02:13.193+0000] {logging_mixin.py:188} INFO - [2025-11-17T03:02:13.192+0000] {dagbag.py:545} INFO - Filling up the DagBag from /opt/airflow/dags/sodai_pipeline.py
[2025-11-17T03:02:13.215+0000] {processor.py:840} INFO - DAG(s) 'sodai_pipeline_dag' retrieved from /opt/airflow/dags/sodai_pipeline.py
[2025-11-17T03:02:13.255+0000] {logging_mixin.py:188} INFO - [2025-11-17T03:02:13.254+0000] {dag.py:3096} INFO - Sync 1 DAGs
[2025-11-17T03:02:13.273+0000] {logging_mixin.py:188} INFO - [2025-11-17T03:02:13.273+0000] {dag.py:3954} INFO - Setting next_dagrun for sodai_pipeline_dag to 2025-11-16 00:00:00+00:00, run_after=2025-11-23 00:00:00+00:00
[2025-11-17T03:02:13.282+0000] {processor.py:183} INFO - Processing /opt/airflow/dags/sodai_pipeline.py took 0.112 seconds
[2025-11-17T03:02:43.641+0000] {processor.py:161} INFO - Started process (PID=1128) to work on /opt/airflow/dags/sodai_pipeline.py
[2025-11-17T03:02:43.643+0000] {processor.py:830} INFO - Processing file /opt/airflow/dags/sodai_pipeline.py for tasks to queue
[2025-11-17T03:02:43.648+0000] {logging_mixin.py:188} INFO - [2025-11-17T03:02:43.647+0000] {dagbag.py:545} INFO - Filling up the DagBag from /opt/airflow/dags/sodai_pipeline.py
[2025-11-17T03:02:43.679+0000] {processor.py:840} INFO - DAG(s) 'sodai_pipeline_dag' retrieved from /opt/airflow/dags/sodai_pipeline.py
[2025-11-17T03:02:43.727+0000] {logging_mixin.py:188} INFO - [2025-11-17T03:02:43.727+0000] {dag.py:3096} INFO - Sync 1 DAGs
[2025-11-17T03:02:43.765+0000] {logging_mixin.py:188} INFO - [2025-11-17T03:02:43.764+0000] {dag.py:3954} INFO - Setting next_dagrun for sodai_pipeline_dag to 2025-11-16 00:00:00+00:00, run_after=2025-11-23 00:00:00+00:00
[2025-11-17T03:02:43.777+0000] {processor.py:183} INFO - Processing /opt/airflow/dags/sodai_pipeline.py took 0.157 seconds
[2025-11-17T03:03:14.011+0000] {processor.py:161} INFO - Started process (PID=1133) to work on /opt/airflow/dags/sodai_pipeline.py
[2025-11-17T03:03:14.014+0000] {processor.py:830} INFO - Processing file /opt/airflow/dags/sodai_pipeline.py for tasks to queue
[2025-11-17T03:03:14.021+0000] {logging_mixin.py:188} INFO - [2025-11-17T03:03:14.020+0000] {dagbag.py:545} INFO - Filling up the DagBag from /opt/airflow/dags/sodai_pipeline.py
[2025-11-17T03:03:14.044+0000] {processor.py:840} INFO - DAG(s) 'sodai_pipeline_dag' retrieved from /opt/airflow/dags/sodai_pipeline.py
[2025-11-17T03:03:14.070+0000] {logging_mixin.py:188} INFO - [2025-11-17T03:03:14.070+0000] {dag.py:3096} INFO - Sync 1 DAGs
[2025-11-17T03:03:14.086+0000] {logging_mixin.py:188} INFO - [2025-11-17T03:03:14.086+0000] {dag.py:3954} INFO - Setting next_dagrun for sodai_pipeline_dag to 2025-11-16 00:00:00+00:00, run_after=2025-11-23 00:00:00+00:00
[2025-11-17T03:03:14.098+0000] {processor.py:183} INFO - Processing /opt/airflow/dags/sodai_pipeline.py took 0.105 seconds
[2025-11-17T03:03:44.396+0000] {processor.py:161} INFO - Started process (PID=1138) to work on /opt/airflow/dags/sodai_pipeline.py
[2025-11-17T03:03:44.399+0000] {processor.py:830} INFO - Processing file /opt/airflow/dags/sodai_pipeline.py for tasks to queue
[2025-11-17T03:03:44.403+0000] {logging_mixin.py:188} INFO - [2025-11-17T03:03:44.402+0000] {dagbag.py:545} INFO - Filling up the DagBag from /opt/airflow/dags/sodai_pipeline.py
[2025-11-17T03:03:44.424+0000] {processor.py:840} INFO - DAG(s) 'sodai_pipeline_dag' retrieved from /opt/airflow/dags/sodai_pipeline.py
[2025-11-17T03:03:44.461+0000] {logging_mixin.py:188} INFO - [2025-11-17T03:03:44.461+0000] {dag.py:3096} INFO - Sync 1 DAGs
[2025-11-17T03:03:44.481+0000] {logging_mixin.py:188} INFO - [2025-11-17T03:03:44.481+0000] {dag.py:3954} INFO - Setting next_dagrun for sodai_pipeline_dag to 2025-11-16 00:00:00+00:00, run_after=2025-11-23 00:00:00+00:00
[2025-11-17T03:03:44.490+0000] {processor.py:183} INFO - Processing /opt/airflow/dags/sodai_pipeline.py took 0.115 seconds
[2025-11-17T03:04:14.834+0000] {processor.py:161} INFO - Started process (PID=1166) to work on /opt/airflow/dags/sodai_pipeline.py
[2025-11-17T03:04:14.838+0000] {processor.py:830} INFO - Processing file /opt/airflow/dags/sodai_pipeline.py for tasks to queue
[2025-11-17T03:04:14.841+0000] {logging_mixin.py:188} INFO - [2025-11-17T03:04:14.840+0000] {dagbag.py:545} INFO - Filling up the DagBag from /opt/airflow/dags/sodai_pipeline.py
[2025-11-17T03:04:14.864+0000] {processor.py:840} INFO - DAG(s) 'sodai_pipeline_dag' retrieved from /opt/airflow/dags/sodai_pipeline.py
[2025-11-17T03:04:14.913+0000] {logging_mixin.py:188} INFO - [2025-11-17T03:04:14.913+0000] {dag.py:3096} INFO - Sync 1 DAGs
[2025-11-17T03:04:14.938+0000] {logging_mixin.py:188} INFO - [2025-11-17T03:04:14.938+0000] {dag.py:3954} INFO - Setting next_dagrun for sodai_pipeline_dag to 2025-11-16 00:00:00+00:00, run_after=2025-11-23 00:00:00+00:00
[2025-11-17T03:04:14.951+0000] {processor.py:183} INFO - Processing /opt/airflow/dags/sodai_pipeline.py took 0.136 seconds
[2025-11-17T03:04:45.224+0000] {processor.py:161} INFO - Started process (PID=1171) to work on /opt/airflow/dags/sodai_pipeline.py
[2025-11-17T03:04:45.227+0000] {processor.py:830} INFO - Processing file /opt/airflow/dags/sodai_pipeline.py for tasks to queue
[2025-11-17T03:04:45.234+0000] {logging_mixin.py:188} INFO - [2025-11-17T03:04:45.233+0000] {dagbag.py:545} INFO - Filling up the DagBag from /opt/airflow/dags/sodai_pipeline.py
[2025-11-17T03:04:45.264+0000] {processor.py:840} INFO - DAG(s) 'sodai_pipeline_dag' retrieved from /opt/airflow/dags/sodai_pipeline.py
[2025-11-17T03:04:45.312+0000] {logging_mixin.py:188} INFO - [2025-11-17T03:04:45.312+0000] {dag.py:3096} INFO - Sync 1 DAGs
[2025-11-17T03:04:45.329+0000] {logging_mixin.py:188} INFO - [2025-11-17T03:04:45.329+0000] {dag.py:3954} INFO - Setting next_dagrun for sodai_pipeline_dag to 2025-11-16 00:00:00+00:00, run_after=2025-11-23 00:00:00+00:00
[2025-11-17T03:04:45.343+0000] {processor.py:183} INFO - Processing /opt/airflow/dags/sodai_pipeline.py took 0.139 seconds
[2025-11-17T03:05:15.648+0000] {processor.py:161} INFO - Started process (PID=1176) to work on /opt/airflow/dags/sodai_pipeline.py
[2025-11-17T03:05:15.651+0000] {processor.py:830} INFO - Processing file /opt/airflow/dags/sodai_pipeline.py for tasks to queue
[2025-11-17T03:05:15.654+0000] {logging_mixin.py:188} INFO - [2025-11-17T03:05:15.654+0000] {dagbag.py:545} INFO - Filling up the DagBag from /opt/airflow/dags/sodai_pipeline.py
[2025-11-17T03:05:15.673+0000] {processor.py:840} INFO - DAG(s) 'sodai_pipeline_dag' retrieved from /opt/airflow/dags/sodai_pipeline.py
[2025-11-17T03:05:15.704+0000] {logging_mixin.py:188} INFO - [2025-11-17T03:05:15.704+0000] {dag.py:3096} INFO - Sync 1 DAGs
[2025-11-17T03:05:15.725+0000] {logging_mixin.py:188} INFO - [2025-11-17T03:05:15.725+0000] {dag.py:3954} INFO - Setting next_dagrun for sodai_pipeline_dag to 2025-11-16 00:00:00+00:00, run_after=2025-11-23 00:00:00+00:00
[2025-11-17T03:05:15.735+0000] {processor.py:183} INFO - Processing /opt/airflow/dags/sodai_pipeline.py took 0.102 seconds
[2025-11-17T03:05:46.149+0000] {processor.py:161} INFO - Started process (PID=1181) to work on /opt/airflow/dags/sodai_pipeline.py
[2025-11-17T03:05:46.154+0000] {processor.py:830} INFO - Processing file /opt/airflow/dags/sodai_pipeline.py for tasks to queue
[2025-11-17T03:05:46.157+0000] {logging_mixin.py:188} INFO - [2025-11-17T03:05:46.156+0000] {dagbag.py:545} INFO - Filling up the DagBag from /opt/airflow/dags/sodai_pipeline.py
[2025-11-17T03:05:46.178+0000] {processor.py:840} INFO - DAG(s) 'sodai_pipeline_dag' retrieved from /opt/airflow/dags/sodai_pipeline.py
[2025-11-17T03:05:46.220+0000] {logging_mixin.py:188} INFO - [2025-11-17T03:05:46.219+0000] {dag.py:3096} INFO - Sync 1 DAGs
[2025-11-17T03:05:46.247+0000] {logging_mixin.py:188} INFO - [2025-11-17T03:05:46.246+0000] {dag.py:3954} INFO - Setting next_dagrun for sodai_pipeline_dag to 2025-11-16 00:00:00+00:00, run_after=2025-11-23 00:00:00+00:00
[2025-11-17T03:05:46.261+0000] {processor.py:183} INFO - Processing /opt/airflow/dags/sodai_pipeline.py took 0.130 seconds
[2025-11-17T03:06:16.620+0000] {processor.py:161} INFO - Started process (PID=1186) to work on /opt/airflow/dags/sodai_pipeline.py
[2025-11-17T03:06:16.623+0000] {processor.py:830} INFO - Processing file /opt/airflow/dags/sodai_pipeline.py for tasks to queue
[2025-11-17T03:06:16.627+0000] {logging_mixin.py:188} INFO - [2025-11-17T03:06:16.626+0000] {dagbag.py:545} INFO - Filling up the DagBag from /opt/airflow/dags/sodai_pipeline.py
[2025-11-17T03:06:16.646+0000] {processor.py:840} INFO - DAG(s) 'sodai_pipeline_dag' retrieved from /opt/airflow/dags/sodai_pipeline.py
[2025-11-17T03:06:16.672+0000] {logging_mixin.py:188} INFO - [2025-11-17T03:06:16.672+0000] {dag.py:3096} INFO - Sync 1 DAGs
[2025-11-17T03:06:16.689+0000] {logging_mixin.py:188} INFO - [2025-11-17T03:06:16.689+0000] {dag.py:3954} INFO - Setting next_dagrun for sodai_pipeline_dag to 2025-11-16 00:00:00+00:00, run_after=2025-11-23 00:00:00+00:00
[2025-11-17T03:06:16.700+0000] {processor.py:183} INFO - Processing /opt/airflow/dags/sodai_pipeline.py took 0.095 seconds
[2025-11-17T03:06:47.021+0000] {processor.py:161} INFO - Started process (PID=1191) to work on /opt/airflow/dags/sodai_pipeline.py
[2025-11-17T03:06:47.026+0000] {processor.py:830} INFO - Processing file /opt/airflow/dags/sodai_pipeline.py for tasks to queue
[2025-11-17T03:06:47.029+0000] {logging_mixin.py:188} INFO - [2025-11-17T03:06:47.029+0000] {dagbag.py:545} INFO - Filling up the DagBag from /opt/airflow/dags/sodai_pipeline.py
[2025-11-17T03:06:47.054+0000] {processor.py:840} INFO - DAG(s) 'sodai_pipeline_dag' retrieved from /opt/airflow/dags/sodai_pipeline.py
[2025-11-17T03:06:47.090+0000] {logging_mixin.py:188} INFO - [2025-11-17T03:06:47.090+0000] {dag.py:3096} INFO - Sync 1 DAGs
[2025-11-17T03:06:47.109+0000] {logging_mixin.py:188} INFO - [2025-11-17T03:06:47.109+0000] {dag.py:3954} INFO - Setting next_dagrun for sodai_pipeline_dag to 2025-11-16 00:00:00+00:00, run_after=2025-11-23 00:00:00+00:00
[2025-11-17T03:06:47.120+0000] {processor.py:183} INFO - Processing /opt/airflow/dags/sodai_pipeline.py took 0.117 seconds
[2025-11-17T03:07:17.408+0000] {processor.py:161} INFO - Started process (PID=1196) to work on /opt/airflow/dags/sodai_pipeline.py
[2025-11-17T03:07:17.410+0000] {processor.py:830} INFO - Processing file /opt/airflow/dags/sodai_pipeline.py for tasks to queue
[2025-11-17T03:07:17.412+0000] {logging_mixin.py:188} INFO - [2025-11-17T03:07:17.411+0000] {dagbag.py:545} INFO - Filling up the DagBag from /opt/airflow/dags/sodai_pipeline.py
[2025-11-17T03:07:17.428+0000] {processor.py:840} INFO - DAG(s) 'sodai_pipeline_dag' retrieved from /opt/airflow/dags/sodai_pipeline.py
[2025-11-17T03:07:17.454+0000] {logging_mixin.py:188} INFO - [2025-11-17T03:07:17.454+0000] {dag.py:3096} INFO - Sync 1 DAGs
[2025-11-17T03:07:17.469+0000] {logging_mixin.py:188} INFO - [2025-11-17T03:07:17.469+0000] {dag.py:3954} INFO - Setting next_dagrun for sodai_pipeline_dag to 2025-11-16 00:00:00+00:00, run_after=2025-11-23 00:00:00+00:00
[2025-11-17T03:07:17.477+0000] {processor.py:183} INFO - Processing /opt/airflow/dags/sodai_pipeline.py took 0.079 seconds
[2025-11-17T03:07:47.750+0000] {processor.py:161} INFO - Started process (PID=1201) to work on /opt/airflow/dags/sodai_pipeline.py
[2025-11-17T03:07:47.752+0000] {processor.py:830} INFO - Processing file /opt/airflow/dags/sodai_pipeline.py for tasks to queue
[2025-11-17T03:07:47.755+0000] {logging_mixin.py:188} INFO - [2025-11-17T03:07:47.754+0000] {dagbag.py:545} INFO - Filling up the DagBag from /opt/airflow/dags/sodai_pipeline.py
[2025-11-17T03:07:47.771+0000] {processor.py:840} INFO - DAG(s) 'sodai_pipeline_dag' retrieved from /opt/airflow/dags/sodai_pipeline.py
[2025-11-17T03:07:47.801+0000] {logging_mixin.py:188} INFO - [2025-11-17T03:07:47.801+0000] {dag.py:3096} INFO - Sync 1 DAGs
[2025-11-17T03:07:47.819+0000] {logging_mixin.py:188} INFO - [2025-11-17T03:07:47.819+0000] {dag.py:3954} INFO - Setting next_dagrun for sodai_pipeline_dag to 2025-11-16 00:00:00+00:00, run_after=2025-11-23 00:00:00+00:00
[2025-11-17T03:07:47.828+0000] {processor.py:183} INFO - Processing /opt/airflow/dags/sodai_pipeline.py took 0.093 seconds
[2025-11-17T03:08:18.095+0000] {processor.py:161} INFO - Started process (PID=1206) to work on /opt/airflow/dags/sodai_pipeline.py
[2025-11-17T03:08:18.097+0000] {processor.py:830} INFO - Processing file /opt/airflow/dags/sodai_pipeline.py for tasks to queue
[2025-11-17T03:08:18.100+0000] {logging_mixin.py:188} INFO - [2025-11-17T03:08:18.099+0000] {dagbag.py:545} INFO - Filling up the DagBag from /opt/airflow/dags/sodai_pipeline.py
[2025-11-17T03:08:18.122+0000] {processor.py:840} INFO - DAG(s) 'sodai_pipeline_dag' retrieved from /opt/airflow/dags/sodai_pipeline.py
[2025-11-17T03:08:18.152+0000] {logging_mixin.py:188} INFO - [2025-11-17T03:08:18.152+0000] {dag.py:3096} INFO - Sync 1 DAGs
[2025-11-17T03:08:18.166+0000] {logging_mixin.py:188} INFO - [2025-11-17T03:08:18.165+0000] {dag.py:3954} INFO - Setting next_dagrun for sodai_pipeline_dag to 2025-11-16 00:00:00+00:00, run_after=2025-11-23 00:00:00+00:00
[2025-11-17T03:08:18.174+0000] {processor.py:183} INFO - Processing /opt/airflow/dags/sodai_pipeline.py took 0.100 seconds
[2025-11-17T03:08:48.438+0000] {processor.py:161} INFO - Started process (PID=1211) to work on /opt/airflow/dags/sodai_pipeline.py
[2025-11-17T03:08:48.439+0000] {processor.py:830} INFO - Processing file /opt/airflow/dags/sodai_pipeline.py for tasks to queue
[2025-11-17T03:08:48.442+0000] {logging_mixin.py:188} INFO - [2025-11-17T03:08:48.441+0000] {dagbag.py:545} INFO - Filling up the DagBag from /opt/airflow/dags/sodai_pipeline.py
[2025-11-17T03:08:48.459+0000] {processor.py:840} INFO - DAG(s) 'sodai_pipeline_dag' retrieved from /opt/airflow/dags/sodai_pipeline.py
[2025-11-17T03:08:48.486+0000] {logging_mixin.py:188} INFO - [2025-11-17T03:08:48.486+0000] {dag.py:3096} INFO - Sync 1 DAGs
[2025-11-17T03:08:48.503+0000] {logging_mixin.py:188} INFO - [2025-11-17T03:08:48.503+0000] {dag.py:3954} INFO - Setting next_dagrun for sodai_pipeline_dag to 2025-11-16 00:00:00+00:00, run_after=2025-11-23 00:00:00+00:00
[2025-11-17T03:08:48.517+0000] {processor.py:183} INFO - Processing /opt/airflow/dags/sodai_pipeline.py took 0.097 seconds
[2025-11-17T03:09:18.864+0000] {processor.py:161} INFO - Started process (PID=1216) to work on /opt/airflow/dags/sodai_pipeline.py
[2025-11-17T03:09:18.866+0000] {processor.py:830} INFO - Processing file /opt/airflow/dags/sodai_pipeline.py for tasks to queue
[2025-11-17T03:09:18.873+0000] {logging_mixin.py:188} INFO - [2025-11-17T03:09:18.873+0000] {dagbag.py:545} INFO - Filling up the DagBag from /opt/airflow/dags/sodai_pipeline.py
[2025-11-17T03:09:18.890+0000] {processor.py:840} INFO - DAG(s) 'sodai_pipeline_dag' retrieved from /opt/airflow/dags/sodai_pipeline.py
[2025-11-17T03:09:18.925+0000] {logging_mixin.py:188} INFO - [2025-11-17T03:09:18.925+0000] {dag.py:3096} INFO - Sync 1 DAGs
[2025-11-17T03:09:18.945+0000] {logging_mixin.py:188} INFO - [2025-11-17T03:09:18.945+0000] {dag.py:3954} INFO - Setting next_dagrun for sodai_pipeline_dag to 2025-11-16 00:00:00+00:00, run_after=2025-11-23 00:00:00+00:00
[2025-11-17T03:09:18.955+0000] {processor.py:183} INFO - Processing /opt/airflow/dags/sodai_pipeline.py took 0.104 seconds
[2025-11-17T03:09:49.228+0000] {processor.py:161} INFO - Started process (PID=1221) to work on /opt/airflow/dags/sodai_pipeline.py
[2025-11-17T03:09:49.230+0000] {processor.py:830} INFO - Processing file /opt/airflow/dags/sodai_pipeline.py for tasks to queue
[2025-11-17T03:09:49.233+0000] {logging_mixin.py:188} INFO - [2025-11-17T03:09:49.233+0000] {dagbag.py:545} INFO - Filling up the DagBag from /opt/airflow/dags/sodai_pipeline.py
[2025-11-17T03:09:49.250+0000] {processor.py:840} INFO - DAG(s) 'sodai_pipeline_dag' retrieved from /opt/airflow/dags/sodai_pipeline.py
[2025-11-17T03:09:49.278+0000] {logging_mixin.py:188} INFO - [2025-11-17T03:09:49.278+0000] {dag.py:3096} INFO - Sync 1 DAGs
[2025-11-17T03:09:49.294+0000] {logging_mixin.py:188} INFO - [2025-11-17T03:09:49.294+0000] {dag.py:3954} INFO - Setting next_dagrun for sodai_pipeline_dag to 2025-11-16 00:00:00+00:00, run_after=2025-11-23 00:00:00+00:00
[2025-11-17T03:09:49.303+0000] {processor.py:183} INFO - Processing /opt/airflow/dags/sodai_pipeline.py took 0.091 seconds
[2025-11-17T03:10:19.570+0000] {processor.py:161} INFO - Started process (PID=1257) to work on /opt/airflow/dags/sodai_pipeline.py
[2025-11-17T03:10:19.573+0000] {processor.py:830} INFO - Processing file /opt/airflow/dags/sodai_pipeline.py for tasks to queue
[2025-11-17T03:10:19.575+0000] {logging_mixin.py:188} INFO - [2025-11-17T03:10:19.575+0000] {dagbag.py:545} INFO - Filling up the DagBag from /opt/airflow/dags/sodai_pipeline.py
[2025-11-17T03:10:19.594+0000] {processor.py:840} INFO - DAG(s) 'sodai_pipeline_dag' retrieved from /opt/airflow/dags/sodai_pipeline.py
[2025-11-17T03:10:19.615+0000] {logging_mixin.py:188} INFO - [2025-11-17T03:10:19.615+0000] {dag.py:3096} INFO - Sync 1 DAGs
[2025-11-17T03:10:19.633+0000] {logging_mixin.py:188} INFO - [2025-11-17T03:10:19.633+0000] {dag.py:3954} INFO - Setting next_dagrun for sodai_pipeline_dag to 2025-11-16 00:00:00+00:00, run_after=2025-11-23 00:00:00+00:00
[2025-11-17T03:10:19.642+0000] {processor.py:183} INFO - Processing /opt/airflow/dags/sodai_pipeline.py took 0.082 seconds
[2025-11-17T03:10:49.984+0000] {processor.py:161} INFO - Started process (PID=1262) to work on /opt/airflow/dags/sodai_pipeline.py
[2025-11-17T03:10:49.986+0000] {processor.py:830} INFO - Processing file /opt/airflow/dags/sodai_pipeline.py for tasks to queue
[2025-11-17T03:10:49.990+0000] {logging_mixin.py:188} INFO - [2025-11-17T03:10:49.989+0000] {dagbag.py:545} INFO - Filling up the DagBag from /opt/airflow/dags/sodai_pipeline.py
[2025-11-17T03:10:50.011+0000] {processor.py:840} INFO - DAG(s) 'sodai_pipeline_dag' retrieved from /opt/airflow/dags/sodai_pipeline.py
[2025-11-17T03:10:50.039+0000] {logging_mixin.py:188} INFO - [2025-11-17T03:10:50.039+0000] {dag.py:3096} INFO - Sync 1 DAGs
[2025-11-17T03:10:50.056+0000] {logging_mixin.py:188} INFO - [2025-11-17T03:10:50.056+0000] {dag.py:3954} INFO - Setting next_dagrun for sodai_pipeline_dag to 2025-11-16 00:00:00+00:00, run_after=2025-11-23 00:00:00+00:00
[2025-11-17T03:10:50.065+0000] {processor.py:183} INFO - Processing /opt/airflow/dags/sodai_pipeline.py took 0.095 seconds
[2025-11-17T03:11:20.391+0000] {processor.py:161} INFO - Started process (PID=1267) to work on /opt/airflow/dags/sodai_pipeline.py
[2025-11-17T03:11:20.393+0000] {processor.py:830} INFO - Processing file /opt/airflow/dags/sodai_pipeline.py for tasks to queue
[2025-11-17T03:11:20.395+0000] {logging_mixin.py:188} INFO - [2025-11-17T03:11:20.395+0000] {dagbag.py:545} INFO - Filling up the DagBag from /opt/airflow/dags/sodai_pipeline.py
[2025-11-17T03:11:20.415+0000] {processor.py:840} INFO - DAG(s) 'sodai_pipeline_dag' retrieved from /opt/airflow/dags/sodai_pipeline.py
[2025-11-17T03:11:20.443+0000] {logging_mixin.py:188} INFO - [2025-11-17T03:11:20.443+0000] {dag.py:3096} INFO - Sync 1 DAGs
[2025-11-17T03:11:20.457+0000] {logging_mixin.py:188} INFO - [2025-11-17T03:11:20.457+0000] {dag.py:3954} INFO - Setting next_dagrun for sodai_pipeline_dag to 2025-11-16 00:00:00+00:00, run_after=2025-11-23 00:00:00+00:00
[2025-11-17T03:11:20.466+0000] {processor.py:183} INFO - Processing /opt/airflow/dags/sodai_pipeline.py took 0.089 seconds
[2025-11-17T03:11:50.747+0000] {processor.py:161} INFO - Started process (PID=1272) to work on /opt/airflow/dags/sodai_pipeline.py
[2025-11-17T03:11:50.749+0000] {processor.py:830} INFO - Processing file /opt/airflow/dags/sodai_pipeline.py for tasks to queue
[2025-11-17T03:11:50.753+0000] {logging_mixin.py:188} INFO - [2025-11-17T03:11:50.752+0000] {dagbag.py:545} INFO - Filling up the DagBag from /opt/airflow/dags/sodai_pipeline.py
[2025-11-17T03:11:50.775+0000] {processor.py:840} INFO - DAG(s) 'sodai_pipeline_dag' retrieved from /opt/airflow/dags/sodai_pipeline.py
[2025-11-17T03:11:50.803+0000] {logging_mixin.py:188} INFO - [2025-11-17T03:11:50.803+0000] {dag.py:3096} INFO - Sync 1 DAGs
[2025-11-17T03:11:50.816+0000] {logging_mixin.py:188} INFO - [2025-11-17T03:11:50.816+0000] {dag.py:3954} INFO - Setting next_dagrun for sodai_pipeline_dag to 2025-11-16 00:00:00+00:00, run_after=2025-11-23 00:00:00+00:00
[2025-11-17T03:11:50.830+0000] {processor.py:183} INFO - Processing /opt/airflow/dags/sodai_pipeline.py took 0.104 seconds
[2025-11-17T03:12:21.172+0000] {processor.py:161} INFO - Started process (PID=1277) to work on /opt/airflow/dags/sodai_pipeline.py
[2025-11-17T03:12:21.174+0000] {processor.py:830} INFO - Processing file /opt/airflow/dags/sodai_pipeline.py for tasks to queue
[2025-11-17T03:12:21.177+0000] {logging_mixin.py:188} INFO - [2025-11-17T03:12:21.176+0000] {dagbag.py:545} INFO - Filling up the DagBag from /opt/airflow/dags/sodai_pipeline.py
[2025-11-17T03:12:21.196+0000] {processor.py:840} INFO - DAG(s) 'sodai_pipeline_dag' retrieved from /opt/airflow/dags/sodai_pipeline.py
[2025-11-17T03:12:21.224+0000] {logging_mixin.py:188} INFO - [2025-11-17T03:12:21.224+0000] {dag.py:3096} INFO - Sync 1 DAGs
[2025-11-17T03:12:21.239+0000] {logging_mixin.py:188} INFO - [2025-11-17T03:12:21.239+0000] {dag.py:3954} INFO - Setting next_dagrun for sodai_pipeline_dag to 2025-11-16 00:00:00+00:00, run_after=2025-11-23 00:00:00+00:00
[2025-11-17T03:12:21.248+0000] {processor.py:183} INFO - Processing /opt/airflow/dags/sodai_pipeline.py took 0.093 seconds
[2025-11-17T03:12:51.587+0000] {processor.py:161} INFO - Started process (PID=1282) to work on /opt/airflow/dags/sodai_pipeline.py
[2025-11-17T03:12:51.589+0000] {processor.py:830} INFO - Processing file /opt/airflow/dags/sodai_pipeline.py for tasks to queue
[2025-11-17T03:12:51.593+0000] {logging_mixin.py:188} INFO - [2025-11-17T03:12:51.591+0000] {dagbag.py:545} INFO - Filling up the DagBag from /opt/airflow/dags/sodai_pipeline.py
[2025-11-17T03:12:51.610+0000] {processor.py:840} INFO - DAG(s) 'sodai_pipeline_dag' retrieved from /opt/airflow/dags/sodai_pipeline.py
[2025-11-17T03:12:51.637+0000] {logging_mixin.py:188} INFO - [2025-11-17T03:12:51.636+0000] {dag.py:3096} INFO - Sync 1 DAGs
[2025-11-17T03:12:51.653+0000] {logging_mixin.py:188} INFO - [2025-11-17T03:12:51.653+0000] {dag.py:3954} INFO - Setting next_dagrun for sodai_pipeline_dag to 2025-11-16 00:00:00+00:00, run_after=2025-11-23 00:00:00+00:00
[2025-11-17T03:12:51.667+0000] {processor.py:183} INFO - Processing /opt/airflow/dags/sodai_pipeline.py took 0.096 seconds
[2025-11-17T03:13:22.011+0000] {processor.py:161} INFO - Started process (PID=1287) to work on /opt/airflow/dags/sodai_pipeline.py
[2025-11-17T03:13:22.013+0000] {processor.py:830} INFO - Processing file /opt/airflow/dags/sodai_pipeline.py for tasks to queue
[2025-11-17T03:13:22.016+0000] {logging_mixin.py:188} INFO - [2025-11-17T03:13:22.015+0000] {dagbag.py:545} INFO - Filling up the DagBag from /opt/airflow/dags/sodai_pipeline.py
[2025-11-17T03:13:22.035+0000] {processor.py:840} INFO - DAG(s) 'sodai_pipeline_dag' retrieved from /opt/airflow/dags/sodai_pipeline.py
[2025-11-17T03:13:22.065+0000] {logging_mixin.py:188} INFO - [2025-11-17T03:13:22.065+0000] {dag.py:3096} INFO - Sync 1 DAGs
[2025-11-17T03:13:22.084+0000] {logging_mixin.py:188} INFO - [2025-11-17T03:13:22.084+0000] {dag.py:3954} INFO - Setting next_dagrun for sodai_pipeline_dag to 2025-11-16 00:00:00+00:00, run_after=2025-11-23 00:00:00+00:00
[2025-11-17T03:13:22.095+0000] {processor.py:183} INFO - Processing /opt/airflow/dags/sodai_pipeline.py took 0.096 seconds
[2025-11-17T03:13:52.373+0000] {processor.py:161} INFO - Started process (PID=1292) to work on /opt/airflow/dags/sodai_pipeline.py
[2025-11-17T03:13:52.376+0000] {processor.py:830} INFO - Processing file /opt/airflow/dags/sodai_pipeline.py for tasks to queue
[2025-11-17T03:13:52.379+0000] {logging_mixin.py:188} INFO - [2025-11-17T03:13:52.378+0000] {dagbag.py:545} INFO - Filling up the DagBag from /opt/airflow/dags/sodai_pipeline.py
[2025-11-17T03:13:52.401+0000] {processor.py:840} INFO - DAG(s) 'sodai_pipeline_dag' retrieved from /opt/airflow/dags/sodai_pipeline.py
[2025-11-17T03:13:52.426+0000] {logging_mixin.py:188} INFO - [2025-11-17T03:13:52.426+0000] {dag.py:3096} INFO - Sync 1 DAGs
[2025-11-17T03:13:52.440+0000] {logging_mixin.py:188} INFO - [2025-11-17T03:13:52.440+0000] {dag.py:3954} INFO - Setting next_dagrun for sodai_pipeline_dag to 2025-11-16 00:00:00+00:00, run_after=2025-11-23 00:00:00+00:00
[2025-11-17T03:13:52.449+0000] {processor.py:183} INFO - Processing /opt/airflow/dags/sodai_pipeline.py took 0.096 seconds
[2025-11-17T03:14:22.677+0000] {processor.py:161} INFO - Started process (PID=1297) to work on /opt/airflow/dags/sodai_pipeline.py
[2025-11-17T03:14:22.680+0000] {processor.py:830} INFO - Processing file /opt/airflow/dags/sodai_pipeline.py for tasks to queue
[2025-11-17T03:14:22.684+0000] {logging_mixin.py:188} INFO - [2025-11-17T03:14:22.683+0000] {dagbag.py:545} INFO - Filling up the DagBag from /opt/airflow/dags/sodai_pipeline.py
[2025-11-17T03:14:22.715+0000] {processor.py:840} INFO - DAG(s) 'sodai_pipeline_dag' retrieved from /opt/airflow/dags/sodai_pipeline.py
[2025-11-17T03:14:22.744+0000] {logging_mixin.py:188} INFO - [2025-11-17T03:14:22.744+0000] {dag.py:3096} INFO - Sync 1 DAGs
[2025-11-17T03:14:22.760+0000] {logging_mixin.py:188} INFO - [2025-11-17T03:14:22.760+0000] {dag.py:3954} INFO - Setting next_dagrun for sodai_pipeline_dag to 2025-11-16 00:00:00+00:00, run_after=2025-11-23 00:00:00+00:00
[2025-11-17T03:14:22.769+0000] {processor.py:183} INFO - Processing /opt/airflow/dags/sodai_pipeline.py took 0.112 seconds
[2025-11-17T03:14:53.045+0000] {processor.py:161} INFO - Started process (PID=1302) to work on /opt/airflow/dags/sodai_pipeline.py
[2025-11-17T03:14:53.047+0000] {processor.py:830} INFO - Processing file /opt/airflow/dags/sodai_pipeline.py for tasks to queue
[2025-11-17T03:14:53.051+0000] {logging_mixin.py:188} INFO - [2025-11-17T03:14:53.050+0000] {dagbag.py:545} INFO - Filling up the DagBag from /opt/airflow/dags/sodai_pipeline.py
[2025-11-17T03:14:53.070+0000] {processor.py:840} INFO - DAG(s) 'sodai_pipeline_dag' retrieved from /opt/airflow/dags/sodai_pipeline.py
[2025-11-17T03:14:53.097+0000] {logging_mixin.py:188} INFO - [2025-11-17T03:14:53.097+0000] {dag.py:3096} INFO - Sync 1 DAGs
[2025-11-17T03:14:53.110+0000] {logging_mixin.py:188} INFO - [2025-11-17T03:14:53.110+0000] {dag.py:3954} INFO - Setting next_dagrun for sodai_pipeline_dag to 2025-11-16 00:00:00+00:00, run_after=2025-11-23 00:00:00+00:00
[2025-11-17T03:14:53.120+0000] {processor.py:183} INFO - Processing /opt/airflow/dags/sodai_pipeline.py took 0.089 seconds
[2025-11-17T03:15:23.423+0000] {processor.py:161} INFO - Started process (PID=1307) to work on /opt/airflow/dags/sodai_pipeline.py
[2025-11-17T03:15:23.426+0000] {processor.py:830} INFO - Processing file /opt/airflow/dags/sodai_pipeline.py for tasks to queue
[2025-11-17T03:15:23.431+0000] {logging_mixin.py:188} INFO - [2025-11-17T03:15:23.431+0000] {dagbag.py:545} INFO - Filling up the DagBag from /opt/airflow/dags/sodai_pipeline.py
[2025-11-17T03:15:23.447+0000] {processor.py:840} INFO - DAG(s) 'sodai_pipeline_dag' retrieved from /opt/airflow/dags/sodai_pipeline.py
[2025-11-17T03:15:23.476+0000] {logging_mixin.py:188} INFO - [2025-11-17T03:15:23.476+0000] {dag.py:3096} INFO - Sync 1 DAGs
[2025-11-17T03:15:23.493+0000] {logging_mixin.py:188} INFO - [2025-11-17T03:15:23.493+0000] {dag.py:3954} INFO - Setting next_dagrun for sodai_pipeline_dag to 2025-11-16 00:00:00+00:00, run_after=2025-11-23 00:00:00+00:00
[2025-11-17T03:15:23.503+0000] {processor.py:183} INFO - Processing /opt/airflow/dags/sodai_pipeline.py took 0.093 seconds
[2025-11-17T03:15:53.844+0000] {processor.py:161} INFO - Started process (PID=1312) to work on /opt/airflow/dags/sodai_pipeline.py
[2025-11-17T03:15:53.846+0000] {processor.py:830} INFO - Processing file /opt/airflow/dags/sodai_pipeline.py for tasks to queue
[2025-11-17T03:15:53.850+0000] {logging_mixin.py:188} INFO - [2025-11-17T03:15:53.849+0000] {dagbag.py:545} INFO - Filling up the DagBag from /opt/airflow/dags/sodai_pipeline.py
[2025-11-17T03:15:53.869+0000] {processor.py:840} INFO - DAG(s) 'sodai_pipeline_dag' retrieved from /opt/airflow/dags/sodai_pipeline.py
[2025-11-17T03:15:53.897+0000] {logging_mixin.py:188} INFO - [2025-11-17T03:15:53.897+0000] {dag.py:3096} INFO - Sync 1 DAGs
[2025-11-17T03:15:53.912+0000] {logging_mixin.py:188} INFO - [2025-11-17T03:15:53.912+0000] {dag.py:3954} INFO - Setting next_dagrun for sodai_pipeline_dag to 2025-11-16 00:00:00+00:00, run_after=2025-11-23 00:00:00+00:00
[2025-11-17T03:15:53.921+0000] {processor.py:183} INFO - Processing /opt/airflow/dags/sodai_pipeline.py took 0.095 seconds
[2025-11-17T03:16:24.244+0000] {processor.py:161} INFO - Started process (PID=1317) to work on /opt/airflow/dags/sodai_pipeline.py
[2025-11-17T03:16:24.245+0000] {processor.py:830} INFO - Processing file /opt/airflow/dags/sodai_pipeline.py for tasks to queue
[2025-11-17T03:16:24.248+0000] {logging_mixin.py:188} INFO - [2025-11-17T03:16:24.248+0000] {dagbag.py:545} INFO - Filling up the DagBag from /opt/airflow/dags/sodai_pipeline.py
[2025-11-17T03:16:24.265+0000] {processor.py:840} INFO - DAG(s) 'sodai_pipeline_dag' retrieved from /opt/airflow/dags/sodai_pipeline.py
[2025-11-17T03:16:24.294+0000] {logging_mixin.py:188} INFO - [2025-11-17T03:16:24.294+0000] {dag.py:3096} INFO - Sync 1 DAGs
[2025-11-17T03:16:24.312+0000] {logging_mixin.py:188} INFO - [2025-11-17T03:16:24.312+0000] {dag.py:3954} INFO - Setting next_dagrun for sodai_pipeline_dag to 2025-11-16 00:00:00+00:00, run_after=2025-11-23 00:00:00+00:00
[2025-11-17T03:16:24.321+0000] {processor.py:183} INFO - Processing /opt/airflow/dags/sodai_pipeline.py took 0.090 seconds
[2025-11-17T03:16:54.650+0000] {processor.py:161} INFO - Started process (PID=1322) to work on /opt/airflow/dags/sodai_pipeline.py
[2025-11-17T03:16:54.656+0000] {processor.py:830} INFO - Processing file /opt/airflow/dags/sodai_pipeline.py for tasks to queue
[2025-11-17T03:16:54.659+0000] {logging_mixin.py:188} INFO - [2025-11-17T03:16:54.658+0000] {dagbag.py:545} INFO - Filling up the DagBag from /opt/airflow/dags/sodai_pipeline.py
[2025-11-17T03:16:54.680+0000] {processor.py:840} INFO - DAG(s) 'sodai_pipeline_dag' retrieved from /opt/airflow/dags/sodai_pipeline.py
[2025-11-17T03:16:54.711+0000] {logging_mixin.py:188} INFO - [2025-11-17T03:16:54.711+0000] {dag.py:3096} INFO - Sync 1 DAGs
[2025-11-17T03:16:54.730+0000] {logging_mixin.py:188} INFO - [2025-11-17T03:16:54.729+0000] {dag.py:3954} INFO - Setting next_dagrun for sodai_pipeline_dag to 2025-11-16 00:00:00+00:00, run_after=2025-11-23 00:00:00+00:00
[2025-11-17T03:16:54.738+0000] {processor.py:183} INFO - Processing /opt/airflow/dags/sodai_pipeline.py took 0.106 seconds
[2025-11-17T03:17:25.018+0000] {processor.py:161} INFO - Started process (PID=1327) to work on /opt/airflow/dags/sodai_pipeline.py
[2025-11-17T03:17:25.020+0000] {processor.py:830} INFO - Processing file /opt/airflow/dags/sodai_pipeline.py for tasks to queue
[2025-11-17T03:17:25.023+0000] {logging_mixin.py:188} INFO - [2025-11-17T03:17:25.022+0000] {dagbag.py:545} INFO - Filling up the DagBag from /opt/airflow/dags/sodai_pipeline.py
[2025-11-17T03:17:25.046+0000] {processor.py:840} INFO - DAG(s) 'sodai_pipeline_dag' retrieved from /opt/airflow/dags/sodai_pipeline.py
[2025-11-17T03:17:25.080+0000] {logging_mixin.py:188} INFO - [2025-11-17T03:17:25.080+0000] {dag.py:3096} INFO - Sync 1 DAGs
[2025-11-17T03:17:25.098+0000] {logging_mixin.py:188} INFO - [2025-11-17T03:17:25.098+0000] {dag.py:3954} INFO - Setting next_dagrun for sodai_pipeline_dag to 2025-11-16 00:00:00+00:00, run_after=2025-11-23 00:00:00+00:00
[2025-11-17T03:17:25.107+0000] {processor.py:183} INFO - Processing /opt/airflow/dags/sodai_pipeline.py took 0.102 seconds
[2025-11-17T03:17:55.415+0000] {processor.py:161} INFO - Started process (PID=1332) to work on /opt/airflow/dags/sodai_pipeline.py
[2025-11-17T03:17:55.417+0000] {processor.py:830} INFO - Processing file /opt/airflow/dags/sodai_pipeline.py for tasks to queue
[2025-11-17T03:17:55.424+0000] {logging_mixin.py:188} INFO - [2025-11-17T03:17:55.424+0000] {dagbag.py:545} INFO - Filling up the DagBag from /opt/airflow/dags/sodai_pipeline.py
[2025-11-17T03:17:55.446+0000] {processor.py:840} INFO - DAG(s) 'sodai_pipeline_dag' retrieved from /opt/airflow/dags/sodai_pipeline.py
[2025-11-17T03:17:55.475+0000] {logging_mixin.py:188} INFO - [2025-11-17T03:17:55.475+0000] {dag.py:3096} INFO - Sync 1 DAGs
[2025-11-17T03:17:55.507+0000] {logging_mixin.py:188} INFO - [2025-11-17T03:17:55.507+0000] {dag.py:3954} INFO - Setting next_dagrun for sodai_pipeline_dag to 2025-11-16 00:00:00+00:00, run_after=2025-11-23 00:00:00+00:00
[2025-11-17T03:17:55.521+0000] {processor.py:183} INFO - Processing /opt/airflow/dags/sodai_pipeline.py took 0.119 seconds
[2025-11-17T03:18:25.750+0000] {processor.py:161} INFO - Started process (PID=1337) to work on /opt/airflow/dags/sodai_pipeline.py
[2025-11-17T03:18:25.754+0000] {processor.py:830} INFO - Processing file /opt/airflow/dags/sodai_pipeline.py for tasks to queue
[2025-11-17T03:18:25.758+0000] {logging_mixin.py:188} INFO - [2025-11-17T03:18:25.757+0000] {dagbag.py:545} INFO - Filling up the DagBag from /opt/airflow/dags/sodai_pipeline.py
[2025-11-17T03:18:25.775+0000] {processor.py:840} INFO - DAG(s) 'sodai_pipeline_dag' retrieved from /opt/airflow/dags/sodai_pipeline.py
[2025-11-17T03:18:25.800+0000] {logging_mixin.py:188} INFO - [2025-11-17T03:18:25.800+0000] {dag.py:3096} INFO - Sync 1 DAGs
[2025-11-17T03:18:25.818+0000] {logging_mixin.py:188} INFO - [2025-11-17T03:18:25.818+0000] {dag.py:3954} INFO - Setting next_dagrun for sodai_pipeline_dag to 2025-11-16 00:00:00+00:00, run_after=2025-11-23 00:00:00+00:00
[2025-11-17T03:18:25.827+0000] {processor.py:183} INFO - Processing /opt/airflow/dags/sodai_pipeline.py took 0.093 seconds
[2025-11-17T03:18:56.164+0000] {processor.py:161} INFO - Started process (PID=1342) to work on /opt/airflow/dags/sodai_pipeline.py
[2025-11-17T03:18:56.167+0000] {processor.py:830} INFO - Processing file /opt/airflow/dags/sodai_pipeline.py for tasks to queue
[2025-11-17T03:18:56.170+0000] {logging_mixin.py:188} INFO - [2025-11-17T03:18:56.170+0000] {dagbag.py:545} INFO - Filling up the DagBag from /opt/airflow/dags/sodai_pipeline.py
[2025-11-17T03:18:56.192+0000] {processor.py:840} INFO - DAG(s) 'sodai_pipeline_dag' retrieved from /opt/airflow/dags/sodai_pipeline.py
[2025-11-17T03:18:56.229+0000] {logging_mixin.py:188} INFO - [2025-11-17T03:18:56.229+0000] {dag.py:3096} INFO - Sync 1 DAGs
[2025-11-17T03:18:56.250+0000] {logging_mixin.py:188} INFO - [2025-11-17T03:18:56.250+0000] {dag.py:3954} INFO - Setting next_dagrun for sodai_pipeline_dag to 2025-11-16 00:00:00+00:00, run_after=2025-11-23 00:00:00+00:00
[2025-11-17T03:18:56.260+0000] {processor.py:183} INFO - Processing /opt/airflow/dags/sodai_pipeline.py took 0.114 seconds
[2025-11-17T03:19:26.501+0000] {processor.py:161} INFO - Started process (PID=1347) to work on /opt/airflow/dags/sodai_pipeline.py
[2025-11-17T03:19:26.505+0000] {processor.py:830} INFO - Processing file /opt/airflow/dags/sodai_pipeline.py for tasks to queue
[2025-11-17T03:19:26.511+0000] {logging_mixin.py:188} INFO - [2025-11-17T03:19:26.510+0000] {dagbag.py:545} INFO - Filling up the DagBag from /opt/airflow/dags/sodai_pipeline.py
[2025-11-17T03:19:26.530+0000] {processor.py:840} INFO - DAG(s) 'sodai_pipeline_dag' retrieved from /opt/airflow/dags/sodai_pipeline.py
[2025-11-17T03:19:26.561+0000] {logging_mixin.py:188} INFO - [2025-11-17T03:19:26.561+0000] {dag.py:3096} INFO - Sync 1 DAGs
[2025-11-17T03:19:26.579+0000] {logging_mixin.py:188} INFO - [2025-11-17T03:19:26.578+0000] {dag.py:3954} INFO - Setting next_dagrun for sodai_pipeline_dag to 2025-11-16 00:00:00+00:00, run_after=2025-11-23 00:00:00+00:00
[2025-11-17T03:19:26.589+0000] {processor.py:183} INFO - Processing /opt/airflow/dags/sodai_pipeline.py took 0.105 seconds
[2025-11-17T03:19:56.862+0000] {processor.py:161} INFO - Started process (PID=1352) to work on /opt/airflow/dags/sodai_pipeline.py
[2025-11-17T03:19:56.864+0000] {processor.py:830} INFO - Processing file /opt/airflow/dags/sodai_pipeline.py for tasks to queue
[2025-11-17T03:19:56.867+0000] {logging_mixin.py:188} INFO - [2025-11-17T03:19:56.866+0000] {dagbag.py:545} INFO - Filling up the DagBag from /opt/airflow/dags/sodai_pipeline.py
[2025-11-17T03:19:56.888+0000] {processor.py:840} INFO - DAG(s) 'sodai_pipeline_dag' retrieved from /opt/airflow/dags/sodai_pipeline.py
[2025-11-17T03:19:56.917+0000] {logging_mixin.py:188} INFO - [2025-11-17T03:19:56.916+0000] {dag.py:3096} INFO - Sync 1 DAGs
[2025-11-17T03:19:56.936+0000] {logging_mixin.py:188} INFO - [2025-11-17T03:19:56.936+0000] {dag.py:3954} INFO - Setting next_dagrun for sodai_pipeline_dag to 2025-11-16 00:00:00+00:00, run_after=2025-11-23 00:00:00+00:00
[2025-11-17T03:19:56.946+0000] {processor.py:183} INFO - Processing /opt/airflow/dags/sodai_pipeline.py took 0.095 seconds
[2025-11-17T03:20:27.224+0000] {processor.py:161} INFO - Started process (PID=1357) to work on /opt/airflow/dags/sodai_pipeline.py
[2025-11-17T03:20:27.228+0000] {processor.py:830} INFO - Processing file /opt/airflow/dags/sodai_pipeline.py for tasks to queue
[2025-11-17T03:20:27.232+0000] {logging_mixin.py:188} INFO - [2025-11-17T03:20:27.231+0000] {dagbag.py:545} INFO - Filling up the DagBag from /opt/airflow/dags/sodai_pipeline.py
[2025-11-17T03:20:27.260+0000] {processor.py:840} INFO - DAG(s) 'sodai_pipeline_dag' retrieved from /opt/airflow/dags/sodai_pipeline.py
[2025-11-17T03:20:27.290+0000] {logging_mixin.py:188} INFO - [2025-11-17T03:20:27.290+0000] {dag.py:3096} INFO - Sync 1 DAGs
[2025-11-17T03:20:27.309+0000] {logging_mixin.py:188} INFO - [2025-11-17T03:20:27.308+0000] {dag.py:3954} INFO - Setting next_dagrun for sodai_pipeline_dag to 2025-11-16 00:00:00+00:00, run_after=2025-11-23 00:00:00+00:00
[2025-11-17T03:20:27.317+0000] {processor.py:183} INFO - Processing /opt/airflow/dags/sodai_pipeline.py took 0.108 seconds
[2025-11-17T03:20:57.523+0000] {processor.py:161} INFO - Started process (PID=1362) to work on /opt/airflow/dags/sodai_pipeline.py
[2025-11-17T03:20:57.525+0000] {processor.py:830} INFO - Processing file /opt/airflow/dags/sodai_pipeline.py for tasks to queue
[2025-11-17T03:20:57.530+0000] {logging_mixin.py:188} INFO - [2025-11-17T03:20:57.528+0000] {dagbag.py:545} INFO - Filling up the DagBag from /opt/airflow/dags/sodai_pipeline.py
[2025-11-17T03:20:57.551+0000] {processor.py:840} INFO - DAG(s) 'sodai_pipeline_dag' retrieved from /opt/airflow/dags/sodai_pipeline.py
[2025-11-17T03:20:57.582+0000] {logging_mixin.py:188} INFO - [2025-11-17T03:20:57.581+0000] {dag.py:3096} INFO - Sync 1 DAGs
[2025-11-17T03:20:57.598+0000] {logging_mixin.py:188} INFO - [2025-11-17T03:20:57.598+0000] {dag.py:3954} INFO - Setting next_dagrun for sodai_pipeline_dag to 2025-11-16 00:00:00+00:00, run_after=2025-11-23 00:00:00+00:00
[2025-11-17T03:20:57.607+0000] {processor.py:183} INFO - Processing /opt/airflow/dags/sodai_pipeline.py took 0.100 seconds
[2025-11-17T03:21:27.947+0000] {processor.py:161} INFO - Started process (PID=1367) to work on /opt/airflow/dags/sodai_pipeline.py
[2025-11-17T03:21:27.951+0000] {processor.py:830} INFO - Processing file /opt/airflow/dags/sodai_pipeline.py for tasks to queue
[2025-11-17T03:21:27.956+0000] {logging_mixin.py:188} INFO - [2025-11-17T03:21:27.955+0000] {dagbag.py:545} INFO - Filling up the DagBag from /opt/airflow/dags/sodai_pipeline.py
[2025-11-17T03:21:27.977+0000] {processor.py:840} INFO - DAG(s) 'sodai_pipeline_dag' retrieved from /opt/airflow/dags/sodai_pipeline.py
[2025-11-17T03:21:28.003+0000] {logging_mixin.py:188} INFO - [2025-11-17T03:21:28.003+0000] {dag.py:3096} INFO - Sync 1 DAGs
[2025-11-17T03:21:28.017+0000] {logging_mixin.py:188} INFO - [2025-11-17T03:21:28.017+0000] {dag.py:3954} INFO - Setting next_dagrun for sodai_pipeline_dag to 2025-11-16 00:00:00+00:00, run_after=2025-11-23 00:00:00+00:00
[2025-11-17T03:21:28.031+0000] {processor.py:183} INFO - Processing /opt/airflow/dags/sodai_pipeline.py took 0.100 seconds
[2025-11-17T03:21:58.371+0000] {processor.py:161} INFO - Started process (PID=1372) to work on /opt/airflow/dags/sodai_pipeline.py
[2025-11-17T03:21:58.374+0000] {processor.py:830} INFO - Processing file /opt/airflow/dags/sodai_pipeline.py for tasks to queue
[2025-11-17T03:21:58.378+0000] {logging_mixin.py:188} INFO - [2025-11-17T03:21:58.377+0000] {dagbag.py:545} INFO - Filling up the DagBag from /opt/airflow/dags/sodai_pipeline.py
[2025-11-17T03:21:58.398+0000] {processor.py:840} INFO - DAG(s) 'sodai_pipeline_dag' retrieved from /opt/airflow/dags/sodai_pipeline.py
[2025-11-17T03:21:58.432+0000] {logging_mixin.py:188} INFO - [2025-11-17T03:21:58.431+0000] {dag.py:3096} INFO - Sync 1 DAGs
[2025-11-17T03:21:58.445+0000] {logging_mixin.py:188} INFO - [2025-11-17T03:21:58.445+0000] {dag.py:3954} INFO - Setting next_dagrun for sodai_pipeline_dag to 2025-11-16 00:00:00+00:00, run_after=2025-11-23 00:00:00+00:00
[2025-11-17T03:21:58.457+0000] {processor.py:183} INFO - Processing /opt/airflow/dags/sodai_pipeline.py took 0.104 seconds
[2025-11-17T03:22:28.710+0000] {processor.py:161} INFO - Started process (PID=1377) to work on /opt/airflow/dags/sodai_pipeline.py
[2025-11-17T03:22:28.714+0000] {processor.py:830} INFO - Processing file /opt/airflow/dags/sodai_pipeline.py for tasks to queue
[2025-11-17T03:22:28.722+0000] {logging_mixin.py:188} INFO - [2025-11-17T03:22:28.721+0000] {dagbag.py:545} INFO - Filling up the DagBag from /opt/airflow/dags/sodai_pipeline.py
[2025-11-17T03:22:28.746+0000] {processor.py:840} INFO - DAG(s) 'sodai_pipeline_dag' retrieved from /opt/airflow/dags/sodai_pipeline.py
[2025-11-17T03:22:28.778+0000] {logging_mixin.py:188} INFO - [2025-11-17T03:22:28.778+0000] {dag.py:3096} INFO - Sync 1 DAGs
[2025-11-17T03:22:28.794+0000] {logging_mixin.py:188} INFO - [2025-11-17T03:22:28.794+0000] {dag.py:3954} INFO - Setting next_dagrun for sodai_pipeline_dag to 2025-11-16 00:00:00+00:00, run_after=2025-11-23 00:00:00+00:00
[2025-11-17T03:22:28.803+0000] {processor.py:183} INFO - Processing /opt/airflow/dags/sodai_pipeline.py took 0.114 seconds
[2025-11-17T03:22:59.175+0000] {processor.py:161} INFO - Started process (PID=1382) to work on /opt/airflow/dags/sodai_pipeline.py
[2025-11-17T03:22:59.178+0000] {processor.py:830} INFO - Processing file /opt/airflow/dags/sodai_pipeline.py for tasks to queue
[2025-11-17T03:22:59.180+0000] {logging_mixin.py:188} INFO - [2025-11-17T03:22:59.180+0000] {dagbag.py:545} INFO - Filling up the DagBag from /opt/airflow/dags/sodai_pipeline.py
[2025-11-17T03:22:59.204+0000] {processor.py:840} INFO - DAG(s) 'sodai_pipeline_dag' retrieved from /opt/airflow/dags/sodai_pipeline.py
[2025-11-17T03:22:59.239+0000] {logging_mixin.py:188} INFO - [2025-11-17T03:22:59.239+0000] {dag.py:3096} INFO - Sync 1 DAGs
[2025-11-17T03:22:59.259+0000] {logging_mixin.py:188} INFO - [2025-11-17T03:22:59.259+0000] {dag.py:3954} INFO - Setting next_dagrun for sodai_pipeline_dag to 2025-11-16 00:00:00+00:00, run_after=2025-11-23 00:00:00+00:00
[2025-11-17T03:22:59.272+0000] {processor.py:183} INFO - Processing /opt/airflow/dags/sodai_pipeline.py took 0.112 seconds
[2025-11-17T03:23:29.626+0000] {processor.py:161} INFO - Started process (PID=1387) to work on /opt/airflow/dags/sodai_pipeline.py
[2025-11-17T03:23:29.629+0000] {processor.py:830} INFO - Processing file /opt/airflow/dags/sodai_pipeline.py for tasks to queue
[2025-11-17T03:23:29.632+0000] {logging_mixin.py:188} INFO - [2025-11-17T03:23:29.632+0000] {dagbag.py:545} INFO - Filling up the DagBag from /opt/airflow/dags/sodai_pipeline.py
[2025-11-17T03:23:29.655+0000] {processor.py:840} INFO - DAG(s) 'sodai_pipeline_dag' retrieved from /opt/airflow/dags/sodai_pipeline.py
[2025-11-17T03:23:29.700+0000] {logging_mixin.py:188} INFO - [2025-11-17T03:23:29.700+0000] {dag.py:3096} INFO - Sync 1 DAGs
[2025-11-17T03:23:29.721+0000] {logging_mixin.py:188} INFO - [2025-11-17T03:23:29.721+0000] {dag.py:3954} INFO - Setting next_dagrun for sodai_pipeline_dag to 2025-11-16 00:00:00+00:00, run_after=2025-11-23 00:00:00+00:00
[2025-11-17T03:23:29.735+0000] {processor.py:183} INFO - Processing /opt/airflow/dags/sodai_pipeline.py took 0.125 seconds
[2025-11-17T03:24:00.045+0000] {processor.py:161} INFO - Started process (PID=1392) to work on /opt/airflow/dags/sodai_pipeline.py
[2025-11-17T03:24:00.047+0000] {processor.py:830} INFO - Processing file /opt/airflow/dags/sodai_pipeline.py for tasks to queue
[2025-11-17T03:24:00.051+0000] {logging_mixin.py:188} INFO - [2025-11-17T03:24:00.050+0000] {dagbag.py:545} INFO - Filling up the DagBag from /opt/airflow/dags/sodai_pipeline.py
[2025-11-17T03:24:00.074+0000] {processor.py:840} INFO - DAG(s) 'sodai_pipeline_dag' retrieved from /opt/airflow/dags/sodai_pipeline.py
[2025-11-17T03:24:00.116+0000] {logging_mixin.py:188} INFO - [2025-11-17T03:24:00.116+0000] {dag.py:3096} INFO - Sync 1 DAGs
[2025-11-17T03:24:00.148+0000] {logging_mixin.py:188} INFO - [2025-11-17T03:24:00.148+0000] {dag.py:3954} INFO - Setting next_dagrun for sodai_pipeline_dag to 2025-11-16 00:00:00+00:00, run_after=2025-11-23 00:00:00+00:00
[2025-11-17T03:24:00.161+0000] {processor.py:183} INFO - Processing /opt/airflow/dags/sodai_pipeline.py took 0.135 seconds
[2025-11-17T03:24:30.439+0000] {processor.py:161} INFO - Started process (PID=1397) to work on /opt/airflow/dags/sodai_pipeline.py
[2025-11-17T03:24:30.442+0000] {processor.py:830} INFO - Processing file /opt/airflow/dags/sodai_pipeline.py for tasks to queue
[2025-11-17T03:24:30.444+0000] {logging_mixin.py:188} INFO - [2025-11-17T03:24:30.443+0000] {dagbag.py:545} INFO - Filling up the DagBag from /opt/airflow/dags/sodai_pipeline.py
[2025-11-17T03:24:30.466+0000] {processor.py:840} INFO - DAG(s) 'sodai_pipeline_dag' retrieved from /opt/airflow/dags/sodai_pipeline.py
[2025-11-17T03:24:30.494+0000] {logging_mixin.py:188} INFO - [2025-11-17T03:24:30.494+0000] {dag.py:3096} INFO - Sync 1 DAGs
[2025-11-17T03:24:30.516+0000] {logging_mixin.py:188} INFO - [2025-11-17T03:24:30.516+0000] {dag.py:3954} INFO - Setting next_dagrun for sodai_pipeline_dag to 2025-11-16 00:00:00+00:00, run_after=2025-11-23 00:00:00+00:00
[2025-11-17T03:24:30.526+0000] {processor.py:183} INFO - Processing /opt/airflow/dags/sodai_pipeline.py took 0.105 seconds
[2025-11-17T03:25:00.876+0000] {processor.py:161} INFO - Started process (PID=1402) to work on /opt/airflow/dags/sodai_pipeline.py
[2025-11-17T03:25:00.878+0000] {processor.py:830} INFO - Processing file /opt/airflow/dags/sodai_pipeline.py for tasks to queue
[2025-11-17T03:25:00.884+0000] {logging_mixin.py:188} INFO - [2025-11-17T03:25:00.881+0000] {dagbag.py:545} INFO - Filling up the DagBag from /opt/airflow/dags/sodai_pipeline.py
[2025-11-17T03:25:00.907+0000] {processor.py:840} INFO - DAG(s) 'sodai_pipeline_dag' retrieved from /opt/airflow/dags/sodai_pipeline.py
[2025-11-17T03:25:00.947+0000] {logging_mixin.py:188} INFO - [2025-11-17T03:25:00.947+0000] {dag.py:3096} INFO - Sync 1 DAGs
[2025-11-17T03:25:00.968+0000] {logging_mixin.py:188} INFO - [2025-11-17T03:25:00.968+0000] {dag.py:3954} INFO - Setting next_dagrun for sodai_pipeline_dag to 2025-11-16 00:00:00+00:00, run_after=2025-11-23 00:00:00+00:00
[2025-11-17T03:25:00.979+0000] {processor.py:183} INFO - Processing /opt/airflow/dags/sodai_pipeline.py took 0.124 seconds
[2025-11-17T03:25:31.335+0000] {processor.py:161} INFO - Started process (PID=1407) to work on /opt/airflow/dags/sodai_pipeline.py
[2025-11-17T03:25:31.339+0000] {processor.py:830} INFO - Processing file /opt/airflow/dags/sodai_pipeline.py for tasks to queue
[2025-11-17T03:25:31.343+0000] {logging_mixin.py:188} INFO - [2025-11-17T03:25:31.343+0000] {dagbag.py:545} INFO - Filling up the DagBag from /opt/airflow/dags/sodai_pipeline.py
[2025-11-17T03:25:31.364+0000] {processor.py:840} INFO - DAG(s) 'sodai_pipeline_dag' retrieved from /opt/airflow/dags/sodai_pipeline.py
[2025-11-17T03:25:31.399+0000] {logging_mixin.py:188} INFO - [2025-11-17T03:25:31.399+0000] {dag.py:3096} INFO - Sync 1 DAGs
[2025-11-17T03:25:31.424+0000] {logging_mixin.py:188} INFO - [2025-11-17T03:25:31.423+0000] {dag.py:3954} INFO - Setting next_dagrun for sodai_pipeline_dag to 2025-11-16 00:00:00+00:00, run_after=2025-11-23 00:00:00+00:00
[2025-11-17T03:25:31.434+0000] {processor.py:183} INFO - Processing /opt/airflow/dags/sodai_pipeline.py took 0.123 seconds
[2025-11-17T03:26:01.632+0000] {processor.py:161} INFO - Started process (PID=1412) to work on /opt/airflow/dags/sodai_pipeline.py
[2025-11-17T03:26:01.634+0000] {processor.py:830} INFO - Processing file /opt/airflow/dags/sodai_pipeline.py for tasks to queue
[2025-11-17T03:26:01.637+0000] {logging_mixin.py:188} INFO - [2025-11-17T03:26:01.636+0000] {dagbag.py:545} INFO - Filling up the DagBag from /opt/airflow/dags/sodai_pipeline.py
[2025-11-17T03:26:01.655+0000] {processor.py:840} INFO - DAG(s) 'sodai_pipeline_dag' retrieved from /opt/airflow/dags/sodai_pipeline.py
[2025-11-17T03:26:01.694+0000] {logging_mixin.py:188} INFO - [2025-11-17T03:26:01.694+0000] {dag.py:3096} INFO - Sync 1 DAGs
[2025-11-17T03:26:01.714+0000] {logging_mixin.py:188} INFO - [2025-11-17T03:26:01.714+0000] {dag.py:3954} INFO - Setting next_dagrun for sodai_pipeline_dag to 2025-11-16 00:00:00+00:00, run_after=2025-11-23 00:00:00+00:00
[2025-11-17T03:26:01.727+0000] {processor.py:183} INFO - Processing /opt/airflow/dags/sodai_pipeline.py took 0.112 seconds
[2025-11-17T03:26:32.038+0000] {processor.py:161} INFO - Started process (PID=1417) to work on /opt/airflow/dags/sodai_pipeline.py
[2025-11-17T03:26:32.042+0000] {processor.py:830} INFO - Processing file /opt/airflow/dags/sodai_pipeline.py for tasks to queue
[2025-11-17T03:26:32.049+0000] {logging_mixin.py:188} INFO - [2025-11-17T03:26:32.048+0000] {dagbag.py:545} INFO - Filling up the DagBag from /opt/airflow/dags/sodai_pipeline.py
[2025-11-17T03:26:32.076+0000] {processor.py:840} INFO - DAG(s) 'sodai_pipeline_dag' retrieved from /opt/airflow/dags/sodai_pipeline.py
[2025-11-17T03:26:32.105+0000] {logging_mixin.py:188} INFO - [2025-11-17T03:26:32.105+0000] {dag.py:3096} INFO - Sync 1 DAGs
[2025-11-17T03:26:32.123+0000] {logging_mixin.py:188} INFO - [2025-11-17T03:26:32.123+0000] {dag.py:3954} INFO - Setting next_dagrun for sodai_pipeline_dag to 2025-11-16 00:00:00+00:00, run_after=2025-11-23 00:00:00+00:00
[2025-11-17T03:26:32.136+0000] {processor.py:183} INFO - Processing /opt/airflow/dags/sodai_pipeline.py took 0.119 seconds
[2025-11-17T03:27:02.385+0000] {processor.py:161} INFO - Started process (PID=1422) to work on /opt/airflow/dags/sodai_pipeline.py
[2025-11-17T03:27:02.388+0000] {processor.py:830} INFO - Processing file /opt/airflow/dags/sodai_pipeline.py for tasks to queue
[2025-11-17T03:27:02.397+0000] {logging_mixin.py:188} INFO - [2025-11-17T03:27:02.396+0000] {dagbag.py:545} INFO - Filling up the DagBag from /opt/airflow/dags/sodai_pipeline.py
[2025-11-17T03:27:02.421+0000] {processor.py:840} INFO - DAG(s) 'sodai_pipeline_dag' retrieved from /opt/airflow/dags/sodai_pipeline.py
[2025-11-17T03:27:02.461+0000] {logging_mixin.py:188} INFO - [2025-11-17T03:27:02.461+0000] {dag.py:3096} INFO - Sync 1 DAGs
[2025-11-17T03:27:02.483+0000] {logging_mixin.py:188} INFO - [2025-11-17T03:27:02.483+0000] {dag.py:3954} INFO - Setting next_dagrun for sodai_pipeline_dag to 2025-11-16 00:00:00+00:00, run_after=2025-11-23 00:00:00+00:00
[2025-11-17T03:27:02.497+0000] {processor.py:183} INFO - Processing /opt/airflow/dags/sodai_pipeline.py took 0.126 seconds
[2025-11-17T03:27:32.749+0000] {processor.py:161} INFO - Started process (PID=1427) to work on /opt/airflow/dags/sodai_pipeline.py
[2025-11-17T03:27:32.754+0000] {processor.py:830} INFO - Processing file /opt/airflow/dags/sodai_pipeline.py for tasks to queue
[2025-11-17T03:27:32.757+0000] {logging_mixin.py:188} INFO - [2025-11-17T03:27:32.756+0000] {dagbag.py:545} INFO - Filling up the DagBag from /opt/airflow/dags/sodai_pipeline.py
[2025-11-17T03:27:32.782+0000] {processor.py:840} INFO - DAG(s) 'sodai_pipeline_dag' retrieved from /opt/airflow/dags/sodai_pipeline.py
[2025-11-17T03:27:32.816+0000] {logging_mixin.py:188} INFO - [2025-11-17T03:27:32.816+0000] {dag.py:3096} INFO - Sync 1 DAGs
[2025-11-17T03:27:32.837+0000] {logging_mixin.py:188} INFO - [2025-11-17T03:27:32.837+0000] {dag.py:3954} INFO - Setting next_dagrun for sodai_pipeline_dag to 2025-11-16 00:00:00+00:00, run_after=2025-11-23 00:00:00+00:00
[2025-11-17T03:27:32.849+0000] {processor.py:183} INFO - Processing /opt/airflow/dags/sodai_pipeline.py took 0.116 seconds
[2025-11-17T03:28:03.151+0000] {processor.py:161} INFO - Started process (PID=1432) to work on /opt/airflow/dags/sodai_pipeline.py
[2025-11-17T03:28:03.154+0000] {processor.py:830} INFO - Processing file /opt/airflow/dags/sodai_pipeline.py for tasks to queue
[2025-11-17T03:28:03.158+0000] {logging_mixin.py:188} INFO - [2025-11-17T03:28:03.157+0000] {dagbag.py:545} INFO - Filling up the DagBag from /opt/airflow/dags/sodai_pipeline.py
[2025-11-17T03:28:03.186+0000] {processor.py:840} INFO - DAG(s) 'sodai_pipeline_dag' retrieved from /opt/airflow/dags/sodai_pipeline.py
[2025-11-17T03:28:03.216+0000] {logging_mixin.py:188} INFO - [2025-11-17T03:28:03.216+0000] {dag.py:3096} INFO - Sync 1 DAGs
[2025-11-17T03:28:03.233+0000] {logging_mixin.py:188} INFO - [2025-11-17T03:28:03.232+0000] {dag.py:3954} INFO - Setting next_dagrun for sodai_pipeline_dag to 2025-11-16 00:00:00+00:00, run_after=2025-11-23 00:00:00+00:00
[2025-11-17T03:28:03.243+0000] {processor.py:183} INFO - Processing /opt/airflow/dags/sodai_pipeline.py took 0.111 seconds
