[2025-11-13T13:53:14.995+0000] {manager.py:470} INFO - Processing files using up to 2 processes at a time 
[2025-11-13T13:53:14.999+0000] {manager.py:471} INFO - Process each file at most once every 30 seconds
[2025-11-13T13:53:15.004+0000] {manager.py:472} INFO - Checking for new files in /opt/airflow/dags every 300 seconds
[2025-11-13T13:53:15.005+0000] {manager.py:737} INFO - Searching for files in /opt/airflow/dags
[2025-11-13T13:53:15.012+0000] {manager.py:740} INFO - There are 1 files in /opt/airflow/dags
[2025-11-13T13:53:15.257+0000] {manager.py:878} INFO - 
================================================================================
DAG File Processing Stats

File Path                              PID  Runtime      # DAGs    # Errors  Last Runtime    Last Run
-----------------------------------  -----  ---------  --------  ----------  --------------  ----------
/opt/airflow/dags/sodai_pipeline.py    164  0.12s             0           0
================================================================================
[2025-11-13T13:53:45.614+0000] {manager.py:878} INFO - 
================================================================================
DAG File Processing Stats

File Path                            PID    Runtime      # DAGs    # Errors  Last Runtime    Last Run
-----------------------------------  -----  ---------  --------  ----------  --------------  -------------------
/opt/airflow/dags/sodai_pipeline.py                           0           1  1.39s           2025-11-13T13:53:16
================================================================================
[2025-11-13T13:54:16.226+0000] {manager.py:878} INFO - 
================================================================================
DAG File Processing Stats

File Path                            PID    Runtime      # DAGs    # Errors  Last Runtime    Last Run
-----------------------------------  -----  ---------  --------  ----------  --------------  -------------------
/opt/airflow/dags/sodai_pipeline.py                           0           1  0.56s           2025-11-13T13:53:47
================================================================================
[2025-11-13T13:54:46.730+0000] {manager.py:878} INFO - 
================================================================================
DAG File Processing Stats

File Path                            PID    Runtime      # DAGs    # Errors  Last Runtime    Last Run
-----------------------------------  -----  ---------  --------  ----------  --------------  -------------------
/opt/airflow/dags/sodai_pipeline.py                           0           1  0.55s           2025-11-13T13:54:17
================================================================================
[2025-11-13T13:55:17.061+0000] {manager.py:878} INFO - 
================================================================================
DAG File Processing Stats

File Path                            PID    Runtime      # DAGs    # Errors  Last Runtime    Last Run
-----------------------------------  -----  ---------  --------  ----------  --------------  -------------------
/opt/airflow/dags/sodai_pipeline.py                           0           1  0.61s           2025-11-13T13:54:48
================================================================================
[2025-11-13T13:55:47.435+0000] {manager.py:878} INFO - 
================================================================================
DAG File Processing Stats

File Path                            PID    Runtime      # DAGs    # Errors  Last Runtime    Last Run
-----------------------------------  -----  ---------  --------  ----------  --------------  -------------------
/opt/airflow/dags/sodai_pipeline.py                           0           1  0.40s           2025-11-13T13:55:19
================================================================================
[2025-11-13T13:56:17.745+0000] {manager.py:878} INFO - 
================================================================================
DAG File Processing Stats

File Path                            PID    Runtime      # DAGs    # Errors  Last Runtime    Last Run
-----------------------------------  -----  ---------  --------  ----------  --------------  -------------------
/opt/airflow/dags/sodai_pipeline.py                           0           1  0.73s           2025-11-13T13:55:50
================================================================================
[2025-11-13T13:56:48.052+0000] {manager.py:878} INFO - 
================================================================================
DAG File Processing Stats

File Path                            PID    Runtime      # DAGs    # Errors  Last Runtime    Last Run
-----------------------------------  -----  ---------  --------  ----------  --------------  -------------------
/opt/airflow/dags/sodai_pipeline.py                           0           1  0.48s           2025-11-13T13:56:21
================================================================================
[2025-11-13T13:57:18.159+0000] {manager.py:878} INFO - 
================================================================================
DAG File Processing Stats

File Path                            PID    Runtime      # DAGs    # Errors  Last Runtime    Last Run
-----------------------------------  -----  ---------  --------  ----------  --------------  -------------------
/opt/airflow/dags/sodai_pipeline.py                           0           1  0.33s           2025-11-13T13:56:51
================================================================================
[2025-11-13T13:57:48.479+0000] {manager.py:878} INFO - 
================================================================================
DAG File Processing Stats

File Path                            PID    Runtime      # DAGs    # Errors  Last Runtime    Last Run
-----------------------------------  -----  ---------  --------  ----------  --------------  -------------------
/opt/airflow/dags/sodai_pipeline.py                           0           1  0.29s           2025-11-13T13:57:22
================================================================================
[2025-11-13T13:58:15.041+0000] {manager.py:737} INFO - Searching for files in /opt/airflow/dags
[2025-11-13T13:58:15.050+0000] {manager.py:740} INFO - There are 1 files in /opt/airflow/dags
[2025-11-13T13:58:18.800+0000] {manager.py:878} INFO - 
================================================================================
DAG File Processing Stats

File Path                            PID    Runtime      # DAGs    # Errors  Last Runtime    Last Run
-----------------------------------  -----  ---------  --------  ----------  --------------  -------------------
/opt/airflow/dags/sodai_pipeline.py                           0           1  0.30s           2025-11-13T13:57:52
================================================================================
[2025-11-13T13:58:49.380+0000] {manager.py:878} INFO - 
================================================================================
DAG File Processing Stats

File Path                            PID    Runtime      # DAGs    # Errors  Last Runtime    Last Run
-----------------------------------  -----  ---------  --------  ----------  --------------  -------------------
/opt/airflow/dags/sodai_pipeline.py                           0           1  0.33s           2025-11-13T13:58:23
================================================================================
[2025-11-13T13:59:19.868+0000] {manager.py:878} INFO - 
================================================================================
DAG File Processing Stats

File Path                            PID    Runtime      # DAGs    # Errors  Last Runtime    Last Run
-----------------------------------  -----  ---------  --------  ----------  --------------  -------------------
/opt/airflow/dags/sodai_pipeline.py                           0           1  0.99s           2025-11-13T13:58:54
================================================================================
[2025-11-13T13:59:50.175+0000] {manager.py:878} INFO - 
================================================================================
DAG File Processing Stats

File Path                            PID    Runtime      # DAGs    # Errors  Last Runtime    Last Run
-----------------------------------  -----  ---------  --------  ----------  --------------  -------------------
/opt/airflow/dags/sodai_pipeline.py                           0           1  0.39s           2025-11-13T13:59:25
================================================================================
[2025-11-13T14:00:20.913+0000] {manager.py:878} INFO - 
================================================================================
DAG File Processing Stats

File Path                            PID    Runtime      # DAGs    # Errors  Last Runtime    Last Run
-----------------------------------  -----  ---------  --------  ----------  --------------  -------------------
/opt/airflow/dags/sodai_pipeline.py                           0           1  0.27s           2025-11-13T13:59:55
================================================================================
[2025-11-13T14:00:51.302+0000] {manager.py:878} INFO - 
================================================================================
DAG File Processing Stats

File Path                            PID    Runtime      # DAGs    # Errors  Last Runtime    Last Run
-----------------------------------  -----  ---------  --------  ----------  --------------  -------------------
/opt/airflow/dags/sodai_pipeline.py                           0           1  0.28s           2025-11-13T14:00:26
================================================================================
[2025-11-13T14:01:21.752+0000] {manager.py:878} INFO - 
================================================================================
DAG File Processing Stats

File Path                            PID    Runtime      # DAGs    # Errors  Last Runtime    Last Run
-----------------------------------  -----  ---------  --------  ----------  --------------  -------------------
/opt/airflow/dags/sodai_pipeline.py                           0           1  0.28s           2025-11-13T14:00:56
================================================================================
[2025-11-13T14:01:52.150+0000] {manager.py:878} INFO - 
================================================================================
DAG File Processing Stats

File Path                            PID    Runtime      # DAGs    # Errors  Last Runtime    Last Run
-----------------------------------  -----  ---------  --------  ----------  --------------  -------------------
/opt/airflow/dags/sodai_pipeline.py                           0           1  0.31s           2025-11-13T14:01:27
================================================================================
[2025-11-13T14:02:22.607+0000] {manager.py:878} INFO - 
================================================================================
DAG File Processing Stats

File Path                            PID    Runtime      # DAGs    # Errors  Last Runtime    Last Run
-----------------------------------  -----  ---------  --------  ----------  --------------  -------------------
/opt/airflow/dags/sodai_pipeline.py                           0           1  0.26s           2025-11-13T14:01:57
================================================================================
[2025-11-13T14:02:53.018+0000] {manager.py:878} INFO - 
================================================================================
DAG File Processing Stats

File Path                            PID    Runtime      # DAGs    # Errors  Last Runtime    Last Run
-----------------------------------  -----  ---------  --------  ----------  --------------  -------------------
/opt/airflow/dags/sodai_pipeline.py                           0           1  0.36s           2025-11-13T14:02:28
================================================================================
[2025-11-13T14:03:15.471+0000] {manager.py:737} INFO - Searching for files in /opt/airflow/dags
[2025-11-13T14:03:15.483+0000] {manager.py:740} INFO - There are 1 files in /opt/airflow/dags
[2025-11-13T14:03:23.588+0000] {manager.py:878} INFO - 
================================================================================
DAG File Processing Stats

File Path                            PID    Runtime      # DAGs    # Errors  Last Runtime    Last Run
-----------------------------------  -----  ---------  --------  ----------  --------------  -------------------
/opt/airflow/dags/sodai_pipeline.py                           0           1  0.32s           2025-11-13T14:02:58
================================================================================
[2025-11-13T14:03:53.857+0000] {manager.py:878} INFO - 
================================================================================
DAG File Processing Stats

File Path                            PID    Runtime      # DAGs    # Errors  Last Runtime    Last Run
-----------------------------------  -----  ---------  --------  ----------  --------------  -------------------
/opt/airflow/dags/sodai_pipeline.py                           0           1  0.28s           2025-11-13T14:03:28
================================================================================
[2025-11-13T14:04:24.396+0000] {manager.py:878} INFO - 
================================================================================
DAG File Processing Stats

File Path                            PID    Runtime      # DAGs    # Errors  Last Runtime    Last Run
-----------------------------------  -----  ---------  --------  ----------  --------------  -------------------
/opt/airflow/dags/sodai_pipeline.py                           0           1  0.28s           2025-11-13T14:03:59
================================================================================
[2025-11-13T14:04:55.287+0000] {manager.py:878} INFO - 
================================================================================
DAG File Processing Stats

File Path                            PID    Runtime      # DAGs    # Errors  Last Runtime    Last Run
-----------------------------------  -----  ---------  --------  ----------  --------------  -------------------
/opt/airflow/dags/sodai_pipeline.py                           0           1  0.32s           2025-11-13T14:04:29
================================================================================
[2025-11-13T14:05:25.658+0000] {manager.py:878} INFO - 
================================================================================
DAG File Processing Stats

File Path                            PID    Runtime      # DAGs    # Errors  Last Runtime    Last Run
-----------------------------------  -----  ---------  --------  ----------  --------------  -------------------
/opt/airflow/dags/sodai_pipeline.py                           0           1  0.30s           2025-11-13T14:05:00
================================================================================
[2025-11-13T14:05:56.188+0000] {manager.py:878} INFO - 
================================================================================
DAG File Processing Stats

File Path                            PID    Runtime      # DAGs    # Errors  Last Runtime    Last Run
-----------------------------------  -----  ---------  --------  ----------  --------------  -------------------
/opt/airflow/dags/sodai_pipeline.py                           0           1  0.26s           2025-11-13T14:05:30
================================================================================
[2025-11-13T14:06:26.506+0000] {manager.py:878} INFO - 
================================================================================
DAG File Processing Stats

File Path                            PID    Runtime      # DAGs    # Errors  Last Runtime    Last Run
-----------------------------------  -----  ---------  --------  ----------  --------------  -------------------
/opt/airflow/dags/sodai_pipeline.py                           0           1  0.31s           2025-11-13T14:06:01
================================================================================
[2025-11-13T14:06:57.030+0000] {manager.py:878} INFO - 
================================================================================
DAG File Processing Stats

File Path                            PID    Runtime      # DAGs    # Errors  Last Runtime    Last Run
-----------------------------------  -----  ---------  --------  ----------  --------------  -------------------
/opt/airflow/dags/sodai_pipeline.py                           0           1  0.28s           2025-11-13T14:06:31
================================================================================
[2025-11-13T14:07:27.353+0000] {manager.py:878} INFO - 
================================================================================
DAG File Processing Stats

File Path                            PID    Runtime      # DAGs    # Errors  Last Runtime    Last Run
-----------------------------------  -----  ---------  --------  ----------  --------------  -------------------
/opt/airflow/dags/sodai_pipeline.py                           0           1  0.29s           2025-11-13T14:07:02
================================================================================
[2025-11-13T14:07:57.920+0000] {manager.py:878} INFO - 
================================================================================
DAG File Processing Stats

File Path                            PID    Runtime      # DAGs    # Errors  Last Runtime    Last Run
-----------------------------------  -----  ---------  --------  ----------  --------------  -------------------
/opt/airflow/dags/sodai_pipeline.py                           0           1  0.29s           2025-11-13T14:07:32
================================================================================
[2025-11-13T14:08:16.298+0000] {manager.py:737} INFO - Searching for files in /opt/airflow/dags
[2025-11-13T14:08:16.306+0000] {manager.py:740} INFO - There are 1 files in /opt/airflow/dags
[2025-11-13T14:08:28.455+0000] {manager.py:878} INFO - 
================================================================================
DAG File Processing Stats

File Path                            PID    Runtime      # DAGs    # Errors  Last Runtime    Last Run
-----------------------------------  -----  ---------  --------  ----------  --------------  -------------------
/opt/airflow/dags/sodai_pipeline.py                           0           1  0.28s           2025-11-13T14:08:03
================================================================================
[2025-11-13T14:08:58.826+0000] {manager.py:878} INFO - 
================================================================================
DAG File Processing Stats

File Path                            PID    Runtime      # DAGs    # Errors  Last Runtime    Last Run
-----------------------------------  -----  ---------  --------  ----------  --------------  -------------------
/opt/airflow/dags/sodai_pipeline.py                           0           1  0.31s           2025-11-13T14:08:33
================================================================================
[2025-11-13T14:09:29.360+0000] {manager.py:878} INFO - 
================================================================================
DAG File Processing Stats

File Path                            PID    Runtime      # DAGs    # Errors  Last Runtime    Last Run
-----------------------------------  -----  ---------  --------  ----------  --------------  -------------------
/opt/airflow/dags/sodai_pipeline.py                           0           1  0.31s           2025-11-13T14:09:04
================================================================================
[2025-11-13T14:09:59.723+0000] {manager.py:878} INFO - 
================================================================================
DAG File Processing Stats

File Path                            PID    Runtime      # DAGs    # Errors  Last Runtime    Last Run
-----------------------------------  -----  ---------  --------  ----------  --------------  -------------------
/opt/airflow/dags/sodai_pipeline.py                           0           1  0.35s           2025-11-13T14:09:34
================================================================================
[2025-11-13T14:10:30.322+0000] {manager.py:878} INFO - 
================================================================================
DAG File Processing Stats

File Path                            PID    Runtime      # DAGs    # Errors  Last Runtime    Last Run
-----------------------------------  -----  ---------  --------  ----------  --------------  -------------------
/opt/airflow/dags/sodai_pipeline.py                           0           1  0.30s           2025-11-13T14:10:05
================================================================================
[2025-11-13T14:11:00.654+0000] {manager.py:878} INFO - 
================================================================================
DAG File Processing Stats

File Path                            PID    Runtime      # DAGs    # Errors  Last Runtime    Last Run
-----------------------------------  -----  ---------  --------  ----------  --------------  -------------------
/opt/airflow/dags/sodai_pipeline.py                           0           1  0.27s           2025-11-13T14:10:35
================================================================================
[2025-11-13T14:11:31.190+0000] {manager.py:878} INFO - 
================================================================================
DAG File Processing Stats

File Path                            PID    Runtime      # DAGs    # Errors  Last Runtime    Last Run
-----------------------------------  -----  ---------  --------  ----------  --------------  -------------------
/opt/airflow/dags/sodai_pipeline.py                           0           1  0.30s           2025-11-13T14:11:06
================================================================================
[2025-11-13T14:12:01.540+0000] {manager.py:878} INFO - 
================================================================================
DAG File Processing Stats

File Path                            PID    Runtime      # DAGs    # Errors  Last Runtime    Last Run
-----------------------------------  -----  ---------  --------  ----------  --------------  -------------------
/opt/airflow/dags/sodai_pipeline.py                           0           1  0.28s           2025-11-13T14:11:36
================================================================================
[2025-11-13T14:12:32.093+0000] {manager.py:878} INFO - 
================================================================================
DAG File Processing Stats

File Path                            PID    Runtime      # DAGs    # Errors  Last Runtime    Last Run
-----------------------------------  -----  ---------  --------  ----------  --------------  -------------------
/opt/airflow/dags/sodai_pipeline.py                           0           1  0.29s           2025-11-13T14:12:06
================================================================================
[2025-11-13T14:13:02.468+0000] {manager.py:878} INFO - 
================================================================================
DAG File Processing Stats

File Path                            PID    Runtime      # DAGs    # Errors  Last Runtime    Last Run
-----------------------------------  -----  ---------  --------  ----------  --------------  -------------------
/opt/airflow/dags/sodai_pipeline.py                           0           1  0.29s           2025-11-13T14:12:37
================================================================================
[2025-11-13T14:13:16.857+0000] {manager.py:737} INFO - Searching for files in /opt/airflow/dags
[2025-11-13T14:13:16.864+0000] {manager.py:740} INFO - There are 1 files in /opt/airflow/dags
[2025-11-13T14:13:33.005+0000] {manager.py:878} INFO - 
================================================================================
DAG File Processing Stats

File Path                            PID    Runtime      # DAGs    # Errors  Last Runtime    Last Run
-----------------------------------  -----  ---------  --------  ----------  --------------  -------------------
/opt/airflow/dags/sodai_pipeline.py                           0           1  0.37s           2025-11-13T14:13:07
================================================================================
[2025-11-13T14:14:03.378+0000] {manager.py:878} INFO - 
================================================================================
DAG File Processing Stats

File Path                            PID    Runtime      # DAGs    # Errors  Last Runtime    Last Run
-----------------------------------  -----  ---------  --------  ----------  --------------  -------------------
/opt/airflow/dags/sodai_pipeline.py                           0           1  0.32s           2025-11-13T14:13:38
================================================================================
[2025-11-13T14:14:33.899+0000] {manager.py:878} INFO - 
================================================================================
DAG File Processing Stats

File Path                            PID    Runtime      # DAGs    # Errors  Last Runtime    Last Run
-----------------------------------  -----  ---------  --------  ----------  --------------  -------------------
/opt/airflow/dags/sodai_pipeline.py                           0           1  0.28s           2025-11-13T14:14:08
================================================================================
[2025-11-13T14:15:04.263+0000] {manager.py:878} INFO - 
================================================================================
DAG File Processing Stats

File Path                            PID    Runtime      # DAGs    # Errors  Last Runtime    Last Run
-----------------------------------  -----  ---------  --------  ----------  --------------  -------------------
/opt/airflow/dags/sodai_pipeline.py                           0           1  0.27s           2025-11-13T14:14:39
================================================================================
[2025-11-13T14:15:34.768+0000] {manager.py:878} INFO - 
================================================================================
DAG File Processing Stats

File Path                            PID    Runtime      # DAGs    # Errors  Last Runtime    Last Run
-----------------------------------  -----  ---------  --------  ----------  --------------  -------------------
/opt/airflow/dags/sodai_pipeline.py                           0           1  0.26s           2025-11-13T14:15:09
================================================================================
[2025-11-13T14:16:05.164+0000] {manager.py:878} INFO - 
================================================================================
DAG File Processing Stats

File Path                            PID    Runtime      # DAGs    # Errors  Last Runtime    Last Run
-----------------------------------  -----  ---------  --------  ----------  --------------  -------------------
/opt/airflow/dags/sodai_pipeline.py                           0           1  0.30s           2025-11-13T14:15:40
================================================================================
[2025-11-13T14:16:35.582+0000] {manager.py:878} INFO - 
================================================================================
DAG File Processing Stats

File Path                            PID    Runtime      # DAGs    # Errors  Last Runtime    Last Run
-----------------------------------  -----  ---------  --------  ----------  --------------  -------------------
/opt/airflow/dags/sodai_pipeline.py                           0           1  0.34s           2025-11-13T14:16:10
================================================================================
[2025-11-13T14:17:06.059+0000] {manager.py:878} INFO - 
================================================================================
DAG File Processing Stats

File Path                            PID    Runtime      # DAGs    # Errors  Last Runtime    Last Run
-----------------------------------  -----  ---------  --------  ----------  --------------  -------------------
/opt/airflow/dags/sodai_pipeline.py                           0           1  0.27s           2025-11-13T14:16:40
================================================================================
[2025-11-13T14:17:36.443+0000] {manager.py:878} INFO - 
================================================================================
DAG File Processing Stats

File Path                            PID    Runtime      # DAGs    # Errors  Last Runtime    Last Run
-----------------------------------  -----  ---------  --------  ----------  --------------  -------------------
/opt/airflow/dags/sodai_pipeline.py                           0           1  0.30s           2025-11-13T14:17:11
================================================================================
[2025-11-13T14:18:06.931+0000] {manager.py:878} INFO - 
================================================================================
DAG File Processing Stats

File Path                            PID    Runtime      # DAGs    # Errors  Last Runtime    Last Run
-----------------------------------  -----  ---------  --------  ----------  --------------  -------------------
/opt/airflow/dags/sodai_pipeline.py                           0           1  0.28s           2025-11-13T14:17:41
================================================================================
[2025-11-13T14:18:17.048+0000] {manager.py:737} INFO - Searching for files in /opt/airflow/dags
[2025-11-13T14:18:17.053+0000] {manager.py:740} INFO - There are 1 files in /opt/airflow/dags
[2025-11-13T14:18:37.237+0000] {manager.py:878} INFO - 
================================================================================
DAG File Processing Stats

File Path                            PID    Runtime      # DAGs    # Errors  Last Runtime    Last Run
-----------------------------------  -----  ---------  --------  ----------  --------------  -------------------
/opt/airflow/dags/sodai_pipeline.py                           0           1  0.23s           2025-11-13T14:18:12
================================================================================
[2025-11-13T14:19:07.730+0000] {manager.py:878} INFO - 
================================================================================
DAG File Processing Stats

File Path                            PID    Runtime      # DAGs    # Errors  Last Runtime    Last Run
-----------------------------------  -----  ---------  --------  ----------  --------------  -------------------
/opt/airflow/dags/sodai_pipeline.py                           0           1  0.18s           2025-11-13T14:18:42
================================================================================
[2025-11-13T14:19:38.130+0000] {manager.py:878} INFO - 
================================================================================
DAG File Processing Stats

File Path                            PID    Runtime      # DAGs    # Errors  Last Runtime    Last Run
-----------------------------------  -----  ---------  --------  ----------  --------------  -------------------
/opt/airflow/dags/sodai_pipeline.py                           0           1  0.28s           2025-11-13T14:19:13
================================================================================
[2025-11-13T14:20:08.741+0000] {manager.py:878} INFO - 
================================================================================
DAG File Processing Stats

File Path                            PID    Runtime      # DAGs    # Errors  Last Runtime    Last Run
-----------------------------------  -----  ---------  --------  ----------  --------------  -------------------
/opt/airflow/dags/sodai_pipeline.py                           0           1  0.28s           2025-11-13T14:19:43
================================================================================
[2025-11-13T14:20:39.138+0000] {manager.py:878} INFO - 
================================================================================
DAG File Processing Stats

File Path                            PID    Runtime      # DAGs    # Errors  Last Runtime    Last Run
-----------------------------------  -----  ---------  --------  ----------  --------------  -------------------
/opt/airflow/dags/sodai_pipeline.py                           0           1  0.28s           2025-11-13T14:20:14
================================================================================
[2025-11-13T14:21:09.621+0000] {manager.py:878} INFO - 
================================================================================
DAG File Processing Stats

File Path                            PID    Runtime      # DAGs    # Errors  Last Runtime    Last Run
-----------------------------------  -----  ---------  --------  ----------  --------------  -------------------
/opt/airflow/dags/sodai_pipeline.py                           0           1  0.27s           2025-11-13T14:20:44
================================================================================
[2025-11-13T14:21:40.048+0000] {manager.py:878} INFO - 
================================================================================
DAG File Processing Stats

File Path                            PID    Runtime      # DAGs    # Errors  Last Runtime    Last Run
-----------------------------------  -----  ---------  --------  ----------  --------------  -------------------
/opt/airflow/dags/sodai_pipeline.py                           0           1  0.23s           2025-11-13T14:21:14
================================================================================
[2025-11-13T14:22:10.574+0000] {manager.py:878} INFO - 
================================================================================
DAG File Processing Stats

File Path                            PID    Runtime      # DAGs    # Errors  Last Runtime    Last Run
-----------------------------------  -----  ---------  --------  ----------  --------------  -------------------
/opt/airflow/dags/sodai_pipeline.py                           0           1  0.23s           2025-11-13T14:21:45
================================================================================
[2025-11-13T14:22:40.935+0000] {manager.py:878} INFO - 
================================================================================
DAG File Processing Stats

File Path                            PID    Runtime      # DAGs    # Errors  Last Runtime    Last Run
-----------------------------------  -----  ---------  --------  ----------  --------------  -------------------
/opt/airflow/dags/sodai_pipeline.py                           0           1  0.18s           2025-11-13T14:22:15
================================================================================
[2025-11-13T14:23:11.390+0000] {manager.py:878} INFO - 
================================================================================
DAG File Processing Stats

File Path                            PID    Runtime      # DAGs    # Errors  Last Runtime    Last Run
-----------------------------------  -----  ---------  --------  ----------  --------------  -------------------
/opt/airflow/dags/sodai_pipeline.py                           0           1  0.26s           2025-11-13T14:22:46
================================================================================
[2025-11-13T14:23:17.553+0000] {manager.py:737} INFO - Searching for files in /opt/airflow/dags
[2025-11-13T14:23:17.560+0000] {manager.py:740} INFO - There are 1 files in /opt/airflow/dags
[2025-11-13T14:23:41.830+0000] {manager.py:878} INFO - 
================================================================================
DAG File Processing Stats

File Path                            PID    Runtime      # DAGs    # Errors  Last Runtime    Last Run
-----------------------------------  -----  ---------  --------  ----------  --------------  -------------------
/opt/airflow/dags/sodai_pipeline.py                           0           1  0.23s           2025-11-13T14:23:16
================================================================================
[2025-11-13T14:24:12.389+0000] {manager.py:878} INFO - 
================================================================================
DAG File Processing Stats

File Path                            PID    Runtime      # DAGs    # Errors  Last Runtime    Last Run
-----------------------------------  -----  ---------  --------  ----------  --------------  -------------------
/opt/airflow/dags/sodai_pipeline.py                           0           1  0.28s           2025-11-13T14:23:47
================================================================================
[2025-11-13T14:24:42.875+0000] {manager.py:878} INFO - 
================================================================================
DAG File Processing Stats

File Path                            PID    Runtime      # DAGs    # Errors  Last Runtime    Last Run
-----------------------------------  -----  ---------  --------  ----------  --------------  -------------------
/opt/airflow/dags/sodai_pipeline.py                           0           1  0.27s           2025-11-13T14:24:17
================================================================================
[2025-11-13T14:25:13.288+0000] {manager.py:878} INFO - 
================================================================================
DAG File Processing Stats

File Path                            PID    Runtime      # DAGs    # Errors  Last Runtime    Last Run
-----------------------------------  -----  ---------  --------  ----------  --------------  -------------------
/opt/airflow/dags/sodai_pipeline.py                           0           1  0.24s           2025-11-13T14:24:48
================================================================================
[2025-11-13T14:25:43.812+0000] {manager.py:878} INFO - 
================================================================================
DAG File Processing Stats

File Path                            PID    Runtime      # DAGs    # Errors  Last Runtime    Last Run
-----------------------------------  -----  ---------  --------  ----------  --------------  -------------------
/opt/airflow/dags/sodai_pipeline.py                           0           1  0.29s           2025-11-13T14:25:18
================================================================================
[2025-11-13T14:26:14.279+0000] {manager.py:878} INFO - 
================================================================================
DAG File Processing Stats

File Path                            PID    Runtime      # DAGs    # Errors  Last Runtime    Last Run
-----------------------------------  -----  ---------  --------  ----------  --------------  -------------------
/opt/airflow/dags/sodai_pipeline.py                           0           1  0.29s           2025-11-13T14:25:49
================================================================================
[2025-11-13T14:26:44.805+0000] {manager.py:878} INFO - 
================================================================================
DAG File Processing Stats

File Path                            PID    Runtime      # DAGs    # Errors  Last Runtime    Last Run
-----------------------------------  -----  ---------  --------  ----------  --------------  -------------------
/opt/airflow/dags/sodai_pipeline.py                           0           1  0.23s           2025-11-13T14:26:19
================================================================================
[2025-11-13T14:27:15.207+0000] {manager.py:878} INFO - 
================================================================================
DAG File Processing Stats

File Path                            PID    Runtime      # DAGs    # Errors  Last Runtime    Last Run
-----------------------------------  -----  ---------  --------  ----------  --------------  -------------------
/opt/airflow/dags/sodai_pipeline.py                           0           1  0.31s           2025-11-13T14:26:50
================================================================================
[2025-11-13T14:27:45.846+0000] {manager.py:878} INFO - 
================================================================================
DAG File Processing Stats

File Path                            PID    Runtime      # DAGs    # Errors  Last Runtime    Last Run
-----------------------------------  -----  ---------  --------  ----------  --------------  -------------------
/opt/airflow/dags/sodai_pipeline.py                           0           1  0.30s           2025-11-13T14:27:20
================================================================================
[2025-11-13T14:28:16.182+0000] {manager.py:878} INFO - 
================================================================================
DAG File Processing Stats

File Path                            PID    Runtime      # DAGs    # Errors  Last Runtime    Last Run
-----------------------------------  -----  ---------  --------  ----------  --------------  -------------------
/opt/airflow/dags/sodai_pipeline.py                           0           1  0.30s           2025-11-13T14:27:51
================================================================================
[2025-11-13T14:28:18.207+0000] {manager.py:737} INFO - Searching for files in /opt/airflow/dags
[2025-11-13T14:28:18.215+0000] {manager.py:740} INFO - There are 1 files in /opt/airflow/dags
[2025-11-13T14:28:46.776+0000] {manager.py:878} INFO - 
================================================================================
DAG File Processing Stats

File Path                            PID    Runtime      # DAGs    # Errors  Last Runtime    Last Run
-----------------------------------  -----  ---------  --------  ----------  --------------  -------------------
/opt/airflow/dags/sodai_pipeline.py                           0           1  0.30s           2025-11-13T14:28:21
================================================================================
[2025-11-13T14:29:17.137+0000] {manager.py:878} INFO - 
================================================================================
DAG File Processing Stats

File Path                            PID    Runtime      # DAGs    # Errors  Last Runtime    Last Run
-----------------------------------  -----  ---------  --------  ----------  --------------  -------------------
/opt/airflow/dags/sodai_pipeline.py                           0           1  0.29s           2025-11-13T14:28:52
================================================================================
[2025-11-13T14:29:47.535+0000] {manager.py:878} INFO - 
================================================================================
DAG File Processing Stats

File Path                            PID    Runtime      # DAGs    # Errors  Last Runtime    Last Run
-----------------------------------  -----  ---------  --------  ----------  --------------  -------------------
/opt/airflow/dags/sodai_pipeline.py                           0           1  0.23s           2025-11-13T14:29:22
================================================================================
[2025-11-13T14:30:17.914+0000] {manager.py:878} INFO - 
================================================================================
DAG File Processing Stats

File Path                            PID    Runtime      # DAGs    # Errors  Last Runtime    Last Run
-----------------------------------  -----  ---------  --------  ----------  --------------  -------------------
/opt/airflow/dags/sodai_pipeline.py                           0           1  0.23s           2025-11-13T14:29:52
================================================================================
[2025-11-13T14:30:48.393+0000] {manager.py:878} INFO - 
================================================================================
DAG File Processing Stats

File Path                            PID    Runtime      # DAGs    # Errors  Last Runtime    Last Run
-----------------------------------  -----  ---------  --------  ----------  --------------  -------------------
/opt/airflow/dags/sodai_pipeline.py                           0           1  0.18s           2025-11-13T14:30:23
================================================================================
[2025-11-13T14:31:18.750+0000] {manager.py:878} INFO - 
================================================================================
DAG File Processing Stats

File Path                            PID    Runtime      # DAGs    # Errors  Last Runtime    Last Run
-----------------------------------  -----  ---------  --------  ----------  --------------  -------------------
/opt/airflow/dags/sodai_pipeline.py                           0           1  0.18s           2025-11-13T14:30:53
================================================================================
[2025-11-13T14:31:49.231+0000] {manager.py:878} INFO - 
================================================================================
DAG File Processing Stats

File Path                            PID    Runtime      # DAGs    # Errors  Last Runtime    Last Run
-----------------------------------  -----  ---------  --------  ----------  --------------  -------------------
/opt/airflow/dags/sodai_pipeline.py                           0           1  0.42s           2025-11-13T14:31:24
================================================================================
[2025-11-13T14:32:19.868+0000] {manager.py:878} INFO - 
================================================================================
DAG File Processing Stats

File Path                            PID    Runtime      # DAGs    # Errors  Last Runtime    Last Run
-----------------------------------  -----  ---------  --------  ----------  --------------  -------------------
/opt/airflow/dags/sodai_pipeline.py                           0           1  0.33s           2025-11-13T14:31:54
================================================================================
[2025-11-13T14:32:50.282+0000] {manager.py:878} INFO - 
================================================================================
DAG File Processing Stats

File Path                            PID    Runtime      # DAGs    # Errors  Last Runtime    Last Run
-----------------------------------  -----  ---------  --------  ----------  --------------  -------------------
/opt/airflow/dags/sodai_pipeline.py                           0           1  0.29s           2025-11-13T14:32:25
================================================================================
[2025-11-13T14:33:18.715+0000] {manager.py:737} INFO - Searching for files in /opt/airflow/dags
[2025-11-13T14:33:18.723+0000] {manager.py:740} INFO - There are 1 files in /opt/airflow/dags
[2025-11-13T14:33:20.758+0000] {manager.py:878} INFO - 
================================================================================
DAG File Processing Stats

File Path                            PID    Runtime      # DAGs    # Errors  Last Runtime    Last Run
-----------------------------------  -----  ---------  --------  ----------  --------------  -------------------
/opt/airflow/dags/sodai_pipeline.py                           0           1  0.28s           2025-11-13T14:32:55
================================================================================
[2025-11-13T14:33:51.309+0000] {manager.py:878} INFO - 
================================================================================
DAG File Processing Stats

File Path                            PID    Runtime      # DAGs    # Errors  Last Runtime    Last Run
-----------------------------------  -----  ---------  --------  ----------  --------------  -------------------
/opt/airflow/dags/sodai_pipeline.py                           0           1  0.32s           2025-11-13T14:33:26
================================================================================
[2025-11-13T14:34:21.763+0000] {manager.py:878} INFO - 
================================================================================
DAG File Processing Stats

File Path                            PID    Runtime      # DAGs    # Errors  Last Runtime    Last Run
-----------------------------------  -----  ---------  --------  ----------  --------------  -------------------
/opt/airflow/dags/sodai_pipeline.py                           0           1  0.25s           2025-11-13T14:33:56
================================================================================
[2025-11-13T14:34:52.239+0000] {manager.py:878} INFO - 
================================================================================
DAG File Processing Stats

File Path                            PID    Runtime      # DAGs    # Errors  Last Runtime    Last Run
-----------------------------------  -----  ---------  --------  ----------  --------------  -------------------
/opt/airflow/dags/sodai_pipeline.py                           0           1  0.22s           2025-11-13T14:34:27
================================================================================
[2025-11-13T14:35:22.651+0000] {manager.py:878} INFO - 
================================================================================
DAG File Processing Stats

File Path                            PID    Runtime      # DAGs    # Errors  Last Runtime    Last Run
-----------------------------------  -----  ---------  --------  ----------  --------------  -------------------
/opt/airflow/dags/sodai_pipeline.py                           0           1  0.19s           2025-11-13T14:34:57
================================================================================
[2025-11-13T14:35:53.082+0000] {manager.py:878} INFO - 
================================================================================
DAG File Processing Stats

File Path                            PID    Runtime      # DAGs    # Errors  Last Runtime    Last Run
-----------------------------------  -----  ---------  --------  ----------  --------------  -------------------
/opt/airflow/dags/sodai_pipeline.py                           0           1  0.24s           2025-11-13T14:35:27
================================================================================
[2025-11-13T14:36:23.606+0000] {manager.py:878} INFO - 
================================================================================
DAG File Processing Stats

File Path                            PID    Runtime      # DAGs    # Errors  Last Runtime    Last Run
-----------------------------------  -----  ---------  --------  ----------  --------------  -------------------
/opt/airflow/dags/sodai_pipeline.py                           0           1  0.17s           2025-11-13T14:35:58
================================================================================
[2025-11-13T14:36:54.018+0000] {manager.py:878} INFO - 
================================================================================
DAG File Processing Stats

File Path                            PID    Runtime      # DAGs    # Errors  Last Runtime    Last Run
-----------------------------------  -----  ---------  --------  ----------  --------------  -------------------
/opt/airflow/dags/sodai_pipeline.py                           0           1  0.23s           2025-11-13T14:36:28
================================================================================
[2025-11-13T14:37:24.499+0000] {manager.py:878} INFO - 
================================================================================
DAG File Processing Stats

File Path                            PID    Runtime      # DAGs    # Errors  Last Runtime    Last Run
-----------------------------------  -----  ---------  --------  ----------  --------------  -------------------
/opt/airflow/dags/sodai_pipeline.py                           0           1  0.18s           2025-11-13T14:36:59
================================================================================
[2025-11-13T14:37:54.911+0000] {manager.py:878} INFO - 
================================================================================
DAG File Processing Stats

File Path                            PID    Runtime      # DAGs    # Errors  Last Runtime    Last Run
-----------------------------------  -----  ---------  --------  ----------  --------------  -------------------
/opt/airflow/dags/sodai_pipeline.py                           0           1  0.27s           2025-11-13T14:37:29
================================================================================
[2025-11-13T14:38:19.334+0000] {manager.py:737} INFO - Searching for files in /opt/airflow/dags
[2025-11-13T14:38:19.340+0000] {manager.py:740} INFO - There are 1 files in /opt/airflow/dags
[2025-11-13T14:38:25.446+0000] {manager.py:878} INFO - 
================================================================================
DAG File Processing Stats

File Path                            PID    Runtime      # DAGs    # Errors  Last Runtime    Last Run
-----------------------------------  -----  ---------  --------  ----------  --------------  -------------------
/opt/airflow/dags/sodai_pipeline.py                           0           1  0.21s           2025-11-13T14:38:00
================================================================================
[2025-11-13T14:38:55.818+0000] {manager.py:878} INFO - 
================================================================================
DAG File Processing Stats

File Path                            PID    Runtime      # DAGs    # Errors  Last Runtime    Last Run
-----------------------------------  -----  ---------  --------  ----------  --------------  -------------------
/opt/airflow/dags/sodai_pipeline.py                           0           1  0.22s           2025-11-13T14:38:30
================================================================================
[2025-11-13T14:39:26.379+0000] {manager.py:878} INFO - 
================================================================================
DAG File Processing Stats

File Path                            PID    Runtime      # DAGs    # Errors  Last Runtime    Last Run
-----------------------------------  -----  ---------  --------  ----------  --------------  -------------------
/opt/airflow/dags/sodai_pipeline.py                           0           1  0.25s           2025-11-13T14:39:01
================================================================================
[2025-11-13T14:39:56.767+0000] {manager.py:878} INFO - 
================================================================================
DAG File Processing Stats

File Path                            PID    Runtime      # DAGs    # Errors  Last Runtime    Last Run
-----------------------------------  -----  ---------  --------  ----------  --------------  -------------------
/opt/airflow/dags/sodai_pipeline.py                           0           1  0.25s           2025-11-13T14:39:31
================================================================================
[2025-11-13T14:40:27.311+0000] {manager.py:878} INFO - 
================================================================================
DAG File Processing Stats

File Path                            PID    Runtime      # DAGs    # Errors  Last Runtime    Last Run
-----------------------------------  -----  ---------  --------  ----------  --------------  -------------------
/opt/airflow/dags/sodai_pipeline.py                           0           1  0.42s           2025-11-13T14:40:02
================================================================================
[2025-11-13T14:41:57.467+0000] {manager.py:878} INFO - 
================================================================================
DAG File Processing Stats

File Path                            PID    Runtime      # DAGs    # Errors  Last Runtime    Last Run
-----------------------------------  -----  ---------  --------  ----------  --------------  -------------------
/opt/airflow/dags/sodai_pipeline.py                           0           1  0.29s           2025-11-13T14:41:32
================================================================================
[2025-11-13T14:42:35.241+0000] {manager.py:878} INFO - 
================================================================================
DAG File Processing Stats

File Path                            PID    Runtime      # DAGs    # Errors  Last Runtime    Last Run
-----------------------------------  -----  ---------  --------  ----------  --------------  -------------------
/opt/airflow/dags/sodai_pipeline.py                           0           1  0.29s           2025-11-13T14:42:09
================================================================================
[2025-11-13T14:47:48.486+0000] {manager.py:737} INFO - Searching for files in /opt/airflow/dags
[2025-11-13T14:47:48.496+0000] {manager.py:740} INFO - There are 1 files in /opt/airflow/dags
[2025-11-13T14:48:15.030+0000] {manager.py:878} INFO - 
================================================================================
DAG File Processing Stats

File Path                            PID    Runtime      # DAGs    # Errors  Last Runtime    Last Run
-----------------------------------  -----  ---------  --------  ----------  --------------  -------------------
/opt/airflow/dags/sodai_pipeline.py                           0           1  0.33s           2025-11-13T14:47:48
================================================================================
[2025-11-13T14:51:35.719+0000] {manager.py:878} INFO - 
================================================================================
DAG File Processing Stats

File Path                            PID    Runtime      # DAGs    # Errors  Last Runtime    Last Run
-----------------------------------  -----  ---------  --------  ----------  --------------  -------------------
/opt/airflow/dags/sodai_pipeline.py                           0           1  0.29s           2025-11-13T14:51:08
================================================================================
[2025-11-13T14:58:14.765+0000] {manager.py:737} INFO - Searching for files in /opt/airflow/dags
[2025-11-13T14:58:14.770+0000] {manager.py:740} INFO - There are 1 files in /opt/airflow/dags
[2025-11-13T14:58:42.294+0000] {manager.py:878} INFO - 
================================================================================
DAG File Processing Stats

File Path                            PID    Runtime      # DAGs    # Errors  Last Runtime    Last Run
-----------------------------------  -----  ---------  --------  ----------  --------------  -------------------
/opt/airflow/dags/sodai_pipeline.py                           0           1  0.28s           2025-11-13T14:58:15
================================================================================
[2025-11-13T15:27:15.403+0000] {manager.py:737} INFO - Searching for files in /opt/airflow/dags
[2025-11-13T15:27:15.411+0000] {manager.py:740} INFO - There are 1 files in /opt/airflow/dags
[2025-11-13T15:27:43.698+0000] {manager.py:878} INFO - 
================================================================================
DAG File Processing Stats

File Path                            PID    Runtime      # DAGs    # Errors  Last Runtime    Last Run
-----------------------------------  -----  ---------  --------  ----------  --------------  -------------------
/opt/airflow/dags/sodai_pipeline.py                           0           1  0.33s           2025-11-13T15:27:15
================================================================================
[2025-11-13T15:28:14.345+0000] {manager.py:878} INFO - 
================================================================================
DAG File Processing Stats

File Path                            PID    Runtime      # DAGs    # Errors  Last Runtime    Last Run
-----------------------------------  -----  ---------  --------  ----------  --------------  -------------------
/opt/airflow/dags/sodai_pipeline.py                           0           1  0.26s           2025-11-13T15:27:46
================================================================================
[2025-11-13T15:28:44.835+0000] {manager.py:878} INFO - 
================================================================================
DAG File Processing Stats

File Path                            PID    Runtime      # DAGs    # Errors  Last Runtime    Last Run
-----------------------------------  -----  ---------  --------  ----------  --------------  -------------------
/opt/airflow/dags/sodai_pipeline.py                           0           1  0.27s           2025-11-13T15:28:16
================================================================================
[2025-11-13T15:29:15.249+0000] {manager.py:878} INFO - 
================================================================================
DAG File Processing Stats

File Path                            PID    Runtime      # DAGs    # Errors  Last Runtime    Last Run
-----------------------------------  -----  ---------  --------  ----------  --------------  -------------------
/opt/airflow/dags/sodai_pipeline.py                           0           1  0.39s           2025-11-13T15:28:47
================================================================================
[2025-11-13T15:29:45.737+0000] {manager.py:878} INFO - 
================================================================================
DAG File Processing Stats

File Path                            PID    Runtime      # DAGs    # Errors  Last Runtime    Last Run
-----------------------------------  -----  ---------  --------  ----------  --------------  -------------------
/opt/airflow/dags/sodai_pipeline.py                           0           1  0.33s           2025-11-13T15:29:17
================================================================================
[2025-11-13T15:30:16.185+0000] {manager.py:878} INFO - 
================================================================================
DAG File Processing Stats

File Path                            PID    Runtime      # DAGs    # Errors  Last Runtime    Last Run
-----------------------------------  -----  ---------  --------  ----------  --------------  -------------------
/opt/airflow/dags/sodai_pipeline.py                           0           1  0.30s           2025-11-13T15:29:48
================================================================================
[2025-11-13T15:30:46.567+0000] {manager.py:878} INFO - 
================================================================================
DAG File Processing Stats

File Path                            PID    Runtime      # DAGs    # Errors  Last Runtime    Last Run
-----------------------------------  -----  ---------  --------  ----------  --------------  -------------------
/opt/airflow/dags/sodai_pipeline.py                           0           1  0.35s           2025-11-13T15:30:18
================================================================================
[2025-11-13T15:31:17.122+0000] {manager.py:878} INFO - 
================================================================================
DAG File Processing Stats

File Path                            PID    Runtime      # DAGs    # Errors  Last Runtime    Last Run
-----------------------------------  -----  ---------  --------  ----------  --------------  -------------------
/opt/airflow/dags/sodai_pipeline.py                           0           1  0.33s           2025-11-13T15:30:48
================================================================================
[2025-11-13T15:31:47.522+0000] {manager.py:878} INFO - 
================================================================================
DAG File Processing Stats

File Path                            PID    Runtime      # DAGs    # Errors  Last Runtime    Last Run
-----------------------------------  -----  ---------  --------  ----------  --------------  -------------------
/opt/airflow/dags/sodai_pipeline.py                           0           1  0.34s           2025-11-13T15:31:19
================================================================================
[2025-11-13T15:32:15.960+0000] {manager.py:737} INFO - Searching for files in /opt/airflow/dags
[2025-11-13T15:32:15.972+0000] {manager.py:740} INFO - There are 1 files in /opt/airflow/dags
[2025-11-13T15:32:18.007+0000] {manager.py:878} INFO - 
================================================================================
DAG File Processing Stats

File Path                            PID    Runtime      # DAGs    # Errors  Last Runtime    Last Run
-----------------------------------  -----  ---------  --------  ----------  --------------  -------------------
/opt/airflow/dags/sodai_pipeline.py                           0           1  0.28s           2025-11-13T15:31:49
================================================================================
[2025-11-13T15:32:48.485+0000] {manager.py:878} INFO - 
================================================================================
DAG File Processing Stats

File Path                            PID    Runtime      # DAGs    # Errors  Last Runtime    Last Run
-----------------------------------  -----  ---------  --------  ----------  --------------  -------------------
/opt/airflow/dags/sodai_pipeline.py                           0           1  0.28s           2025-11-13T15:32:20
================================================================================
[2025-11-13T15:33:18.925+0000] {manager.py:878} INFO - 
================================================================================
DAG File Processing Stats

File Path                            PID    Runtime      # DAGs    # Errors  Last Runtime    Last Run
-----------------------------------  -----  ---------  --------  ----------  --------------  -------------------
/opt/airflow/dags/sodai_pipeline.py                           0           1  0.35s           2025-11-13T15:32:50
================================================================================
[2025-11-13T15:33:49.470+0000] {manager.py:878} INFO - 
================================================================================
DAG File Processing Stats

File Path                            PID    Runtime      # DAGs    # Errors  Last Runtime    Last Run
-----------------------------------  -----  ---------  --------  ----------  --------------  -------------------
/opt/airflow/dags/sodai_pipeline.py                           0           1  0.30s           2025-11-13T15:33:21
================================================================================
[2025-11-13T15:34:19.847+0000] {manager.py:878} INFO - 
================================================================================
DAG File Processing Stats

File Path                            PID    Runtime      # DAGs    # Errors  Last Runtime    Last Run
-----------------------------------  -----  ---------  --------  ----------  --------------  -------------------
/opt/airflow/dags/sodai_pipeline.py                           0           1  0.48s           2025-11-13T15:33:51
================================================================================
[2025-11-13T15:34:50.461+0000] {manager.py:878} INFO - 
================================================================================
DAG File Processing Stats

File Path                            PID    Runtime      # DAGs    # Errors  Last Runtime    Last Run
-----------------------------------  -----  ---------  --------  ----------  --------------  -------------------
/opt/airflow/dags/sodai_pipeline.py                           0           1  0.32s           2025-11-13T15:34:22
================================================================================
[2025-11-13T15:35:20.609+0000] {manager.py:878} INFO - 
================================================================================
DAG File Processing Stats

File Path                            PID    Runtime      # DAGs    # Errors  Last Runtime    Last Run
-----------------------------------  -----  ---------  --------  ----------  --------------  -------------------
/opt/airflow/dags/sodai_pipeline.py                           0           1  0.63s           2025-11-13T15:34:53
================================================================================
[2025-11-13T15:35:50.795+0000] {manager.py:878} INFO - 
================================================================================
DAG File Processing Stats

File Path                            PID    Runtime      # DAGs    # Errors  Last Runtime    Last Run
-----------------------------------  -----  ---------  --------  ----------  --------------  -------------------
/opt/airflow/dags/sodai_pipeline.py                           1           0  1.90s           2025-11-13T15:35:25
================================================================================
[2025-11-13T15:36:03.180+0000] {manager.py:452} INFO - Exiting gracefully upon receiving signal 15
[2025-11-13T15:36:24.562+0000] {manager.py:470} INFO - Processing files using up to 2 processes at a time 
[2025-11-13T15:36:24.564+0000] {manager.py:471} INFO - Process each file at most once every 30 seconds
[2025-11-13T15:36:24.564+0000] {manager.py:472} INFO - Checking for new files in /opt/airflow/dags every 300 seconds
[2025-11-13T15:36:24.564+0000] {manager.py:737} INFO - Searching for files in /opt/airflow/dags
[2025-11-13T15:36:24.569+0000] {manager.py:740} INFO - There are 1 files in /opt/airflow/dags
[2025-11-13T15:36:24.647+0000] {manager.py:878} INFO - 
================================================================================
DAG File Processing Stats

File Path                              PID  Runtime      # DAGs    # Errors  Last Runtime    Last Run
-----------------------------------  -----  ---------  --------  ----------  --------------  ----------
/opt/airflow/dags/sodai_pipeline.py    163  0.03s             0           0
================================================================================
[2025-11-13T15:36:54.904+0000] {manager.py:878} INFO - 
================================================================================
DAG File Processing Stats

File Path                            PID    Runtime      # DAGs    # Errors  Last Runtime    Last Run
-----------------------------------  -----  ---------  --------  ----------  --------------  -------------------
/opt/airflow/dags/sodai_pipeline.py                           0           1  1.02s           2025-11-13T15:36:25
================================================================================
[2025-11-13T15:37:25.295+0000] {manager.py:878} INFO - 
================================================================================
DAG File Processing Stats

File Path                            PID    Runtime      # DAGs    # Errors  Last Runtime    Last Run
-----------------------------------  -----  ---------  --------  ----------  --------------  -------------------
/opt/airflow/dags/sodai_pipeline.py                           0           1  0.32s           2025-11-13T15:36:56
================================================================================
[2025-11-13T15:37:55.825+0000] {manager.py:878} INFO - 
================================================================================
DAG File Processing Stats

File Path                            PID    Runtime      # DAGs    # Errors  Last Runtime    Last Run
-----------------------------------  -----  ---------  --------  ----------  --------------  -------------------
/opt/airflow/dags/sodai_pipeline.py                           0           1  0.29s           2025-11-13T15:37:26
================================================================================
[2025-11-13T15:38:26.157+0000] {manager.py:878} INFO - 
================================================================================
DAG File Processing Stats

File Path                            PID    Runtime      # DAGs    # Errors  Last Runtime    Last Run
-----------------------------------  -----  ---------  --------  ----------  --------------  -------------------
/opt/airflow/dags/sodai_pipeline.py                           0           1  0.42s           2025-11-13T15:37:57
================================================================================
[2025-11-13T15:38:56.957+0000] {manager.py:878} INFO - 
================================================================================
DAG File Processing Stats

File Path                            PID    Runtime      # DAGs    # Errors  Last Runtime    Last Run
-----------------------------------  -----  ---------  --------  ----------  --------------  -------------------
/opt/airflow/dags/sodai_pipeline.py                           0           1  0.32s           2025-11-13T15:38:27
================================================================================
[2025-11-13T15:39:27.492+0000] {manager.py:878} INFO - 
================================================================================
DAG File Processing Stats

File Path                            PID    Runtime      # DAGs    # Errors  Last Runtime    Last Run
-----------------------------------  -----  ---------  --------  ----------  --------------  -------------------
/opt/airflow/dags/sodai_pipeline.py                           0           1  0.41s           2025-11-13T15:38:58
================================================================================
[2025-11-13T15:39:57.955+0000] {manager.py:878} INFO - 
================================================================================
DAG File Processing Stats

File Path                            PID    Runtime      # DAGs    # Errors  Last Runtime    Last Run
-----------------------------------  -----  ---------  --------  ----------  --------------  -------------------
/opt/airflow/dags/sodai_pipeline.py                           0           1  0.30s           2025-11-13T15:39:28
================================================================================
[2025-11-13T15:40:28.398+0000] {manager.py:878} INFO - 
================================================================================
DAG File Processing Stats

File Path                            PID    Runtime      # DAGs    # Errors  Last Runtime    Last Run
-----------------------------------  -----  ---------  --------  ----------  --------------  -------------------
/opt/airflow/dags/sodai_pipeline.py                           0           1  0.29s           2025-11-13T15:39:59
================================================================================
[2025-11-13T15:40:58.830+0000] {manager.py:878} INFO - 
================================================================================
DAG File Processing Stats

File Path                            PID    Runtime      # DAGs    # Errors  Last Runtime    Last Run
-----------------------------------  -----  ---------  --------  ----------  --------------  -------------------
/opt/airflow/dags/sodai_pipeline.py                           0           1  0.30s           2025-11-13T15:40:29
================================================================================
[2025-11-13T15:41:25.179+0000] {manager.py:737} INFO - Searching for files in /opt/airflow/dags
[2025-11-13T15:41:25.195+0000] {manager.py:740} INFO - There are 1 files in /opt/airflow/dags
[2025-11-13T15:41:29.255+0000] {manager.py:878} INFO - 
================================================================================
DAG File Processing Stats

File Path                            PID    Runtime      # DAGs    # Errors  Last Runtime    Last Run
-----------------------------------  -----  ---------  --------  ----------  --------------  -------------------
/opt/airflow/dags/sodai_pipeline.py                           0           1  0.28s           2025-11-13T15:41:00
================================================================================
[2025-11-13T15:41:59.564+0000] {manager.py:878} INFO - 
================================================================================
DAG File Processing Stats

File Path                            PID    Runtime      # DAGs    # Errors  Last Runtime    Last Run
-----------------------------------  -----  ---------  --------  ----------  --------------  -------------------
/opt/airflow/dags/sodai_pipeline.py                           0           1  0.32s           2025-11-13T15:41:30
================================================================================
[2025-11-13T15:42:30.153+0000] {manager.py:878} INFO - 
================================================================================
DAG File Processing Stats

File Path                            PID    Runtime      # DAGs    # Errors  Last Runtime    Last Run
-----------------------------------  -----  ---------  --------  ----------  --------------  -------------------
/opt/airflow/dags/sodai_pipeline.py                           0           1  0.33s           2025-11-13T15:42:01
================================================================================
[2025-11-13T15:43:00.735+0000] {manager.py:878} INFO - 
================================================================================
DAG File Processing Stats

File Path                            PID    Runtime      # DAGs    # Errors  Last Runtime    Last Run
-----------------------------------  -----  ---------  --------  ----------  --------------  -------------------
/opt/airflow/dags/sodai_pipeline.py                           0           1  0.29s           2025-11-13T15:42:31
================================================================================
[2025-11-13T15:43:18.810+0000] {manager.py:470} INFO - Processing files using up to 2 processes at a time 
[2025-11-13T15:43:18.811+0000] {manager.py:471} INFO - Process each file at most once every 30 seconds
[2025-11-13T15:43:18.813+0000] {manager.py:472} INFO - Checking for new files in /opt/airflow/dags every 300 seconds
[2025-11-13T15:43:18.814+0000] {manager.py:737} INFO - Searching for files in /opt/airflow/dags
[2025-11-13T15:43:18.823+0000] {manager.py:740} INFO - There are 1 files in /opt/airflow/dags
[2025-11-13T15:43:18.924+0000] {manager.py:878} INFO - 
================================================================================
DAG File Processing Stats

File Path                              PID  Runtime      # DAGs    # Errors  Last Runtime    Last Run
-----------------------------------  -----  ---------  --------  ----------  --------------  ----------
/opt/airflow/dags/sodai_pipeline.py    164  0.03s             0           0
================================================================================
[2025-11-13T15:43:48.999+0000] {manager.py:878} INFO - 
================================================================================
DAG File Processing Stats

File Path                            PID    Runtime      # DAGs    # Errors  Last Runtime    Last Run
-----------------------------------  -----  ---------  --------  ----------  --------------  -------------------
/opt/airflow/dags/sodai_pipeline.py                           0           1  0.84s           2025-11-13T15:43:19
================================================================================
[2025-11-13T15:44:19.361+0000] {manager.py:878} INFO - 
================================================================================
DAG File Processing Stats

File Path                            PID    Runtime      # DAGs    # Errors  Last Runtime    Last Run
-----------------------------------  -----  ---------  --------  ----------  --------------  -------------------
/opt/airflow/dags/sodai_pipeline.py                           0           1  0.30s           2025-11-13T15:43:50
================================================================================
[2025-11-13T15:44:49.860+0000] {manager.py:878} INFO - 
================================================================================
DAG File Processing Stats

File Path                            PID    Runtime      # DAGs    # Errors  Last Runtime    Last Run
-----------------------------------  -----  ---------  --------  ----------  --------------  -------------------
/opt/airflow/dags/sodai_pipeline.py                           0           1  0.30s           2025-11-13T15:44:20
================================================================================
[2025-11-13T15:45:20.271+0000] {manager.py:878} INFO - 
================================================================================
DAG File Processing Stats

File Path                            PID    Runtime      # DAGs    # Errors  Last Runtime    Last Run
-----------------------------------  -----  ---------  --------  ----------  --------------  -------------------
/opt/airflow/dags/sodai_pipeline.py                           0           1  0.32s           2025-11-13T15:44:51
================================================================================
[2025-11-13T15:45:50.821+0000] {manager.py:878} INFO - 
================================================================================
DAG File Processing Stats

File Path                            PID    Runtime      # DAGs    # Errors  Last Runtime    Last Run
-----------------------------------  -----  ---------  --------  ----------  --------------  -------------------
/opt/airflow/dags/sodai_pipeline.py                           0           1  0.29s           2025-11-13T15:45:21
================================================================================
[2025-11-13T15:46:21.239+0000] {manager.py:878} INFO - 
================================================================================
DAG File Processing Stats

File Path                            PID    Runtime      # DAGs    # Errors  Last Runtime    Last Run
-----------------------------------  -----  ---------  --------  ----------  --------------  -------------------
/opt/airflow/dags/sodai_pipeline.py                           0           1  0.31s           2025-11-13T15:45:52
================================================================================
[2025-11-13T15:46:33.333+0000] {manager.py:452} INFO - Exiting gracefully upon receiving signal 15
[2025-11-13T15:46:43.977+0000] {manager.py:470} INFO - Processing files using up to 2 processes at a time 
[2025-11-13T15:46:43.978+0000] {manager.py:471} INFO - Process each file at most once every 30 seconds
[2025-11-13T15:46:43.979+0000] {manager.py:472} INFO - Checking for new files in /opt/airflow/dags every 300 seconds
[2025-11-13T15:46:43.979+0000] {manager.py:737} INFO - Searching for files in /opt/airflow/dags
[2025-11-13T15:46:43.983+0000] {manager.py:740} INFO - There are 1 files in /opt/airflow/dags
[2025-11-13T15:46:44.085+0000] {manager.py:878} INFO - 
================================================================================
DAG File Processing Stats

File Path                              PID  Runtime      # DAGs    # Errors  Last Runtime    Last Run
-----------------------------------  -----  ---------  --------  ----------  --------------  ----------
/opt/airflow/dags/sodai_pipeline.py    164  0.03s             0           0
================================================================================
[2025-11-13T15:47:14.338+0000] {manager.py:878} INFO - 
================================================================================
DAG File Processing Stats

File Path                            PID    Runtime      # DAGs    # Errors  Last Runtime    Last Run
-----------------------------------  -----  ---------  --------  ----------  --------------  -------------------
/opt/airflow/dags/sodai_pipeline.py                           0           1  1.32s           2025-11-13T15:46:45
================================================================================
[2025-11-13T15:47:45.055+0000] {manager.py:878} INFO - 
================================================================================
DAG File Processing Stats

File Path                            PID    Runtime      # DAGs    # Errors  Last Runtime    Last Run
-----------------------------------  -----  ---------  --------  ----------  --------------  -------------------
/opt/airflow/dags/sodai_pipeline.py                           0           1  0.38s           2025-11-13T15:47:16
================================================================================
[2025-11-13T15:48:15.710+0000] {manager.py:878} INFO - 
================================================================================
DAG File Processing Stats

File Path                            PID    Runtime      # DAGs    # Errors  Last Runtime    Last Run
-----------------------------------  -----  ---------  --------  ----------  --------------  -------------------
/opt/airflow/dags/sodai_pipeline.py                           0           1  0.29s           2025-11-13T15:47:46
================================================================================
[2025-11-13T15:48:46.188+0000] {manager.py:878} INFO - 
================================================================================
DAG File Processing Stats

File Path                            PID    Runtime      # DAGs    # Errors  Last Runtime    Last Run
-----------------------------------  -----  ---------  --------  ----------  --------------  -------------------
/opt/airflow/dags/sodai_pipeline.py                           0           1  0.31s           2025-11-13T15:48:17
================================================================================
[2025-11-13T15:49:16.607+0000] {manager.py:878} INFO - 
================================================================================
DAG File Processing Stats

File Path                            PID    Runtime      # DAGs    # Errors  Last Runtime    Last Run
-----------------------------------  -----  ---------  --------  ----------  --------------  -------------------
/opt/airflow/dags/sodai_pipeline.py                           0           1  0.31s           2025-11-13T15:48:47
================================================================================
[2025-11-13T15:49:47.008+0000] {manager.py:878} INFO - 
================================================================================
DAG File Processing Stats

File Path                            PID    Runtime      # DAGs    # Errors  Last Runtime    Last Run
-----------------------------------  -----  ---------  --------  ----------  --------------  -------------------
/opt/airflow/dags/sodai_pipeline.py                           0           1  0.31s           2025-11-13T15:49:17
================================================================================
[2025-11-13T15:49:48.835+0000] {manager.py:452} INFO - Exiting gracefully upon receiving signal 15
[2025-11-13T15:49:48.837+0000] {manager.py:452} INFO - Exiting gracefully upon receiving signal 15
[2025-11-13T15:49:58.845+0000] {manager.py:470} INFO - Processing files using up to 2 processes at a time 
[2025-11-13T15:49:58.847+0000] {manager.py:471} INFO - Process each file at most once every 30 seconds
[2025-11-13T15:49:58.854+0000] {manager.py:472} INFO - Checking for new files in /opt/airflow/dags every 300 seconds
[2025-11-13T15:49:58.860+0000] {manager.py:737} INFO - Searching for files in /opt/airflow/dags
[2025-11-13T15:49:58.880+0000] {manager.py:740} INFO - There are 1 files in /opt/airflow/dags
[2025-11-13T15:49:58.996+0000] {manager.py:878} INFO - 
================================================================================
DAG File Processing Stats

File Path                              PID  Runtime      # DAGs    # Errors  Last Runtime    Last Run
-----------------------------------  -----  ---------  --------  ----------  --------------  ----------
/opt/airflow/dags/sodai_pipeline.py    164  0.04s             0           0
================================================================================
[2025-11-13T15:50:29.009+0000] {manager.py:878} INFO - 
================================================================================
DAG File Processing Stats

File Path                            PID    Runtime      # DAGs    # Errors  Last Runtime    Last Run
-----------------------------------  -----  ---------  --------  ----------  --------------  -------------------
/opt/airflow/dags/sodai_pipeline.py                           0           1  0.78s           2025-11-13T15:49:59
================================================================================
[2025-11-13T15:50:59.566+0000] {manager.py:878} INFO - 
================================================================================
DAG File Processing Stats

File Path                            PID    Runtime      # DAGs    # Errors  Last Runtime    Last Run
-----------------------------------  -----  ---------  --------  ----------  --------------  -------------------
/opt/airflow/dags/sodai_pipeline.py                           0           1  0.28s           2025-11-13T15:50:30
================================================================================
[2025-11-13T15:51:29.933+0000] {manager.py:878} INFO - 
================================================================================
DAG File Processing Stats

File Path                            PID    Runtime      # DAGs    # Errors  Last Runtime    Last Run
-----------------------------------  -----  ---------  --------  ----------  --------------  -------------------
/opt/airflow/dags/sodai_pipeline.py                           0           1  0.30s           2025-11-13T15:51:00
================================================================================
[2025-11-13T15:52:00.401+0000] {manager.py:878} INFO - 
================================================================================
DAG File Processing Stats

File Path                            PID    Runtime      # DAGs    # Errors  Last Runtime    Last Run
-----------------------------------  -----  ---------  --------  ----------  --------------  -------------------
/opt/airflow/dags/sodai_pipeline.py                           0           1  0.30s           2025-11-13T15:51:31
================================================================================
[2025-11-13T15:52:30.827+0000] {manager.py:878} INFO - 
================================================================================
DAG File Processing Stats

File Path                            PID    Runtime      # DAGs    # Errors  Last Runtime    Last Run
-----------------------------------  -----  ---------  --------  ----------  --------------  -------------------
/opt/airflow/dags/sodai_pipeline.py                           0           1  0.31s           2025-11-13T15:52:01
================================================================================
[2025-11-13T15:53:01.303+0000] {manager.py:878} INFO - 
================================================================================
DAG File Processing Stats

File Path                            PID    Runtime      # DAGs    # Errors  Last Runtime    Last Run
-----------------------------------  -----  ---------  --------  ----------  --------------  -------------------
/opt/airflow/dags/sodai_pipeline.py                           0           1  0.37s           2025-11-13T15:52:32
================================================================================
[2025-11-13T15:53:31.661+0000] {manager.py:878} INFO - 
================================================================================
DAG File Processing Stats

File Path                            PID    Runtime      # DAGs    # Errors  Last Runtime    Last Run
-----------------------------------  -----  ---------  --------  ----------  --------------  -------------------
/opt/airflow/dags/sodai_pipeline.py                           0           1  0.44s           2025-11-13T15:53:02
================================================================================
[2025-11-13T15:54:02.412+0000] {manager.py:878} INFO - 
================================================================================
DAG File Processing Stats

File Path                            PID    Runtime      # DAGs    # Errors  Last Runtime    Last Run
-----------------------------------  -----  ---------  --------  ----------  --------------  -------------------
/opt/airflow/dags/sodai_pipeline.py                           0           1  0.29s           2025-11-13T15:53:33
================================================================================
[2025-11-13T15:54:32.971+0000] {manager.py:878} INFO - 
================================================================================
DAG File Processing Stats

File Path                            PID    Runtime      # DAGs    # Errors  Last Runtime    Last Run
-----------------------------------  -----  ---------  --------  ----------  --------------  -------------------
/opt/airflow/dags/sodai_pipeline.py                           0           1  0.29s           2025-11-13T15:54:03
================================================================================
[2025-11-13T15:54:59.330+0000] {manager.py:737} INFO - Searching for files in /opt/airflow/dags
[2025-11-13T15:54:59.346+0000] {manager.py:740} INFO - There are 1 files in /opt/airflow/dags
[2025-11-13T15:55:03.421+0000] {manager.py:878} INFO - 
================================================================================
DAG File Processing Stats

File Path                            PID    Runtime      # DAGs    # Errors  Last Runtime    Last Run
-----------------------------------  -----  ---------  --------  ----------  --------------  -------------------
/opt/airflow/dags/sodai_pipeline.py                           0           1  0.32s           2025-11-13T15:54:34
================================================================================
[2025-11-13T15:55:33.970+0000] {manager.py:878} INFO - 
================================================================================
DAG File Processing Stats

File Path                            PID    Runtime      # DAGs    # Errors  Last Runtime    Last Run
-----------------------------------  -----  ---------  --------  ----------  --------------  -------------------
/opt/airflow/dags/sodai_pipeline.py                           0           1  0.33s           2025-11-13T15:55:04
================================================================================
[2025-11-13T15:56:04.367+0000] {manager.py:878} INFO - 
================================================================================
DAG File Processing Stats

File Path                            PID    Runtime      # DAGs    # Errors  Last Runtime    Last Run
-----------------------------------  -----  ---------  --------  ----------  --------------  -------------------
/opt/airflow/dags/sodai_pipeline.py                           0           1  0.31s           2025-11-13T15:55:35
================================================================================
[2025-11-13T15:56:34.869+0000] {manager.py:878} INFO - 
================================================================================
DAG File Processing Stats

File Path                            PID    Runtime      # DAGs    # Errors  Last Runtime    Last Run
-----------------------------------  -----  ---------  --------  ----------  --------------  -------------------
/opt/airflow/dags/sodai_pipeline.py                           0           1  0.33s           2025-11-13T15:56:05
================================================================================
[2025-11-13T15:57:05.302+0000] {manager.py:878} INFO - 
================================================================================
DAG File Processing Stats

File Path                            PID    Runtime      # DAGs    # Errors  Last Runtime    Last Run
-----------------------------------  -----  ---------  --------  ----------  --------------  -------------------
/opt/airflow/dags/sodai_pipeline.py                           0           1  0.31s           2025-11-13T15:56:36
================================================================================
[2025-11-13T15:57:35.795+0000] {manager.py:878} INFO - 
================================================================================
DAG File Processing Stats

File Path                            PID    Runtime      # DAGs    # Errors  Last Runtime    Last Run
-----------------------------------  -----  ---------  --------  ----------  --------------  -------------------
/opt/airflow/dags/sodai_pipeline.py                           0           1  0.34s           2025-11-13T15:57:06
================================================================================
[2025-11-13T15:58:06.219+0000] {manager.py:878} INFO - 
================================================================================
DAG File Processing Stats

File Path                            PID    Runtime      # DAGs    # Errors  Last Runtime    Last Run
-----------------------------------  -----  ---------  --------  ----------  --------------  -------------------
/opt/airflow/dags/sodai_pipeline.py                           0           1  0.33s           2025-11-13T15:57:37
================================================================================
[2025-11-13T15:58:39.203+0000] {manager.py:470} INFO - Processing files using up to 2 processes at a time 
[2025-11-13T15:58:39.208+0000] {manager.py:471} INFO - Process each file at most once every 30 seconds
[2025-11-13T15:58:39.211+0000] {manager.py:472} INFO - Checking for new files in /opt/airflow/dags every 300 seconds
[2025-11-13T15:58:39.211+0000] {manager.py:737} INFO - Searching for files in /opt/airflow/dags
[2025-11-13T15:58:39.240+0000] {manager.py:740} INFO - There are 1 files in /opt/airflow/dags
[2025-11-13T15:58:39.304+0000] {manager.py:878} INFO - 
================================================================================
DAG File Processing Stats

File Path                              PID  Runtime      # DAGs    # Errors  Last Runtime    Last Run
-----------------------------------  -----  ---------  --------  ----------  --------------  ----------
/opt/airflow/dags/sodai_pipeline.py    164  0.02s             0           0
================================================================================
[2025-11-13T15:59:09.392+0000] {manager.py:878} INFO - 
================================================================================
DAG File Processing Stats

File Path                            PID    Runtime      # DAGs    # Errors  Last Runtime    Last Run
-----------------------------------  -----  ---------  --------  ----------  --------------  -------------------
/opt/airflow/dags/sodai_pipeline.py                           0           1  0.82s           2025-11-13T15:58:40
================================================================================
[2025-11-13T15:59:39.727+0000] {manager.py:878} INFO - 
================================================================================
DAG File Processing Stats

File Path                            PID    Runtime      # DAGs    # Errors  Last Runtime    Last Run
-----------------------------------  -----  ---------  --------  ----------  --------------  -------------------
/opt/airflow/dags/sodai_pipeline.py                           0           1  0.27s           2025-11-13T15:59:10
================================================================================
[2025-11-13T16:00:10.209+0000] {manager.py:878} INFO - 
================================================================================
DAG File Processing Stats

File Path                            PID    Runtime      # DAGs    # Errors  Last Runtime    Last Run
-----------------------------------  -----  ---------  --------  ----------  --------------  -------------------
/opt/airflow/dags/sodai_pipeline.py                           0           1  0.38s           2025-11-13T15:59:41
================================================================================
[2025-11-13T16:00:40.718+0000] {manager.py:878} INFO - 
================================================================================
DAG File Processing Stats

File Path                            PID    Runtime      # DAGs    # Errors  Last Runtime    Last Run
-----------------------------------  -----  ---------  --------  ----------  --------------  -------------------
/opt/airflow/dags/sodai_pipeline.py                           0           1  0.32s           2025-11-13T16:00:11
================================================================================
[2025-11-13T16:01:11.179+0000] {manager.py:878} INFO - 
================================================================================
DAG File Processing Stats

File Path                            PID    Runtime      # DAGs    # Errors  Last Runtime    Last Run
-----------------------------------  -----  ---------  --------  ----------  --------------  -------------------
/opt/airflow/dags/sodai_pipeline.py                           0           1  0.35s           2025-11-13T16:00:42
================================================================================
[2025-11-13T16:01:41.595+0000] {manager.py:878} INFO - 
================================================================================
DAG File Processing Stats

File Path                            PID    Runtime      # DAGs    # Errors  Last Runtime    Last Run
-----------------------------------  -----  ---------  --------  ----------  --------------  -------------------
/opt/airflow/dags/sodai_pipeline.py                           0           1  0.47s           2025-11-13T16:01:12
================================================================================
[2025-11-13T16:02:12.270+0000] {manager.py:878} INFO - 
================================================================================
DAG File Processing Stats

File Path                            PID    Runtime      # DAGs    # Errors  Last Runtime    Last Run
-----------------------------------  -----  ---------  --------  ----------  --------------  -------------------
/opt/airflow/dags/sodai_pipeline.py                           0           1  0.32s           2025-11-13T16:01:43
================================================================================
[2025-11-13T16:02:42.880+0000] {manager.py:878} INFO - 
================================================================================
DAG File Processing Stats

File Path                            PID    Runtime      # DAGs    # Errors  Last Runtime    Last Run
-----------------------------------  -----  ---------  --------  ----------  --------------  -------------------
/opt/airflow/dags/sodai_pipeline.py                           0           1  0.28s           2025-11-13T16:02:13
================================================================================
[2025-11-13T16:03:13.273+0000] {manager.py:878} INFO - 
================================================================================
DAG File Processing Stats

File Path                            PID    Runtime      # DAGs    # Errors  Last Runtime    Last Run
-----------------------------------  -----  ---------  --------  ----------  --------------  -------------------
/opt/airflow/dags/sodai_pipeline.py                           0           1  0.34s           2025-11-13T16:02:44
================================================================================
[2025-11-13T16:03:39.737+0000] {manager.py:737} INFO - Searching for files in /opt/airflow/dags
[2025-11-13T16:03:39.750+0000] {manager.py:740} INFO - There are 1 files in /opt/airflow/dags
[2025-11-13T16:03:43.825+0000] {manager.py:878} INFO - 
================================================================================
DAG File Processing Stats

File Path                            PID    Runtime      # DAGs    # Errors  Last Runtime    Last Run
-----------------------------------  -----  ---------  --------  ----------  --------------  -------------------
/opt/airflow/dags/sodai_pipeline.py                           0           1  0.39s           2025-11-13T16:03:14
================================================================================
[2025-11-13T16:04:14.249+0000] {manager.py:878} INFO - 
================================================================================
DAG File Processing Stats

File Path                            PID    Runtime      # DAGs    # Errors  Last Runtime    Last Run
-----------------------------------  -----  ---------  --------  ----------  --------------  -------------------
/opt/airflow/dags/sodai_pipeline.py                           0           1  0.33s           2025-11-13T16:03:45
================================================================================
[2025-11-13T16:04:44.785+0000] {manager.py:878} INFO - 
================================================================================
DAG File Processing Stats

File Path                            PID    Runtime      # DAGs    # Errors  Last Runtime    Last Run
-----------------------------------  -----  ---------  --------  ----------  --------------  -------------------
/opt/airflow/dags/sodai_pipeline.py                           0           1  0.30s           2025-11-13T16:04:15
================================================================================
[2025-11-13T16:05:15.123+0000] {manager.py:878} INFO - 
================================================================================
DAG File Processing Stats

File Path                            PID    Runtime      # DAGs    # Errors  Last Runtime    Last Run
-----------------------------------  -----  ---------  --------  ----------  --------------  -------------------
/opt/airflow/dags/sodai_pipeline.py                           0           1  0.30s           2025-11-13T16:04:46
================================================================================
[2025-11-13T16:05:45.724+0000] {manager.py:878} INFO - 
================================================================================
DAG File Processing Stats

File Path                            PID    Runtime      # DAGs    # Errors  Last Runtime    Last Run
-----------------------------------  -----  ---------  --------  ----------  --------------  -------------------
/opt/airflow/dags/sodai_pipeline.py                           1           0  0.49s           2025-11-13T16:05:20
================================================================================
[2025-11-13T16:06:16.489+0000] {manager.py:878} INFO - 
================================================================================
DAG File Processing Stats

File Path                            PID    Runtime      # DAGs    # Errors  Last Runtime    Last Run
-----------------------------------  -----  ---------  --------  ----------  --------------  -------------------
/opt/airflow/dags/sodai_pipeline.py                           1           0  0.16s           2025-11-13T16:05:51
================================================================================
[2025-11-13T16:06:46.919+0000] {manager.py:878} INFO - 
================================================================================
DAG File Processing Stats

File Path                            PID    Runtime      # DAGs    # Errors  Last Runtime    Last Run
-----------------------------------  -----  ---------  --------  ----------  --------------  -------------------
/opt/airflow/dags/sodai_pipeline.py                           1           0  0.14s           2025-11-13T16:06:21
================================================================================
[2025-11-13T16:07:17.433+0000] {manager.py:878} INFO - 
================================================================================
DAG File Processing Stats

File Path                            PID    Runtime      # DAGs    # Errors  Last Runtime    Last Run
-----------------------------------  -----  ---------  --------  ----------  --------------  -------------------
/opt/airflow/dags/sodai_pipeline.py                           1           0  0.17s           2025-11-13T16:06:52
================================================================================
[2025-11-13T16:07:47.781+0000] {manager.py:878} INFO - 
================================================================================
DAG File Processing Stats

File Path                            PID    Runtime      # DAGs    # Errors  Last Runtime    Last Run
-----------------------------------  -----  ---------  --------  ----------  --------------  -------------------
/opt/airflow/dags/sodai_pipeline.py                           1           0  0.16s           2025-11-13T16:07:22
================================================================================
[2025-11-13T16:08:18.248+0000] {manager.py:878} INFO - 
================================================================================
DAG File Processing Stats

File Path                            PID    Runtime      # DAGs    # Errors  Last Runtime    Last Run
-----------------------------------  -----  ---------  --------  ----------  --------------  -------------------
/opt/airflow/dags/sodai_pipeline.py                           1           0  0.14s           2025-11-13T16:07:52
================================================================================
[2025-11-13T16:08:40.529+0000] {manager.py:737} INFO - Searching for files in /opt/airflow/dags
[2025-11-13T16:08:40.540+0000] {manager.py:740} INFO - There are 1 files in /opt/airflow/dags
[2025-11-13T16:08:48.630+0000] {manager.py:878} INFO - 
================================================================================
DAG File Processing Stats

File Path                            PID    Runtime      # DAGs    # Errors  Last Runtime    Last Run
-----------------------------------  -----  ---------  --------  ----------  --------------  -------------------
/opt/airflow/dags/sodai_pipeline.py                           1           0  0.15s           2025-11-13T16:08:23
================================================================================
[2025-11-13T16:09:19.059+0000] {manager.py:878} INFO - 
================================================================================
DAG File Processing Stats

File Path                            PID    Runtime      # DAGs    # Errors  Last Runtime    Last Run
-----------------------------------  -----  ---------  --------  ----------  --------------  -------------------
/opt/airflow/dags/sodai_pipeline.py                           1           0  0.15s           2025-11-13T16:08:53
================================================================================
[2025-11-13T16:09:26.425+0000] {manager.py:452} INFO - Exiting gracefully upon receiving signal 15
[2025-11-13T16:09:38.425+0000] {manager.py:470} INFO - Processing files using up to 2 processes at a time 
[2025-11-13T16:09:38.427+0000] {manager.py:471} INFO - Process each file at most once every 30 seconds
[2025-11-13T16:09:38.428+0000] {manager.py:472} INFO - Checking for new files in /opt/airflow/dags every 300 seconds
[2025-11-13T16:09:38.428+0000] {manager.py:737} INFO - Searching for files in /opt/airflow/dags
[2025-11-13T16:09:38.437+0000] {manager.py:740} INFO - There are 1 files in /opt/airflow/dags
[2025-11-13T16:09:38.533+0000] {manager.py:878} INFO - 
================================================================================
DAG File Processing Stats

File Path                              PID  Runtime      # DAGs    # Errors  Last Runtime    Last Run
-----------------------------------  -----  ---------  --------  ----------  --------------  ----------
/opt/airflow/dags/sodai_pipeline.py    164  0.03s             0           0
================================================================================
[2025-11-13T16:10:09.067+0000] {manager.py:878} INFO - 
================================================================================
DAG File Processing Stats

File Path                              PID  Runtime      # DAGs    # Errors  Last Runtime    Last Run
-----------------------------------  -----  ---------  --------  ----------  --------------  -------------------
/opt/airflow/dags/sodai_pipeline.py    171  0.01s             1           0  0.11s           2025-11-13T16:09:38
================================================================================
[2025-11-13T16:10:39.402+0000] {manager.py:878} INFO - 
================================================================================
DAG File Processing Stats

File Path                              PID  Runtime      # DAGs    # Errors  Last Runtime    Last Run
-----------------------------------  -----  ---------  --------  ----------  --------------  -------------------
/opt/airflow/dags/sodai_pipeline.py    176  0.02s             1           0  0.07s           2025-11-13T16:10:09
================================================================================
[2025-11-13T16:11:09.702+0000] {manager.py:878} INFO - 
================================================================================
DAG File Processing Stats

File Path                              PID  Runtime      # DAGs    # Errors  Last Runtime    Last Run
-----------------------------------  -----  ---------  --------  ----------  --------------  -------------------
/opt/airflow/dags/sodai_pipeline.py    181  0.02s             1           0  0.11s           2025-11-13T16:10:39
================================================================================
[2025-11-13T16:11:39.996+0000] {manager.py:878} INFO - 
================================================================================
DAG File Processing Stats

File Path                              PID  Runtime      # DAGs    # Errors  Last Runtime    Last Run
-----------------------------------  -----  ---------  --------  ----------  --------------  -------------------
/opt/airflow/dags/sodai_pipeline.py    186  0.01s             1           0  0.12s           2025-11-13T16:11:09
================================================================================
[2025-11-13T16:12:10.253+0000] {manager.py:878} INFO - 
================================================================================
DAG File Processing Stats

File Path                              PID  Runtime      # DAGs    # Errors  Last Runtime    Last Run
-----------------------------------  -----  ---------  --------  ----------  --------------  -------------------
/opt/airflow/dags/sodai_pipeline.py    191  0.02s             1           0  0.11s           2025-11-13T16:11:40
================================================================================
[2025-11-13T16:12:40.720+0000] {manager.py:878} INFO - 
================================================================================
DAG File Processing Stats

File Path                              PID  Runtime      # DAGs    # Errors  Last Runtime    Last Run
-----------------------------------  -----  ---------  --------  ----------  --------------  -------------------
/opt/airflow/dags/sodai_pipeline.py    196  0.03s             1           0  0.12s           2025-11-13T16:12:10
================================================================================
[2025-11-13T16:13:11.153+0000] {manager.py:878} INFO - 
================================================================================
DAG File Processing Stats

File Path                              PID  Runtime      # DAGs    # Errors  Last Runtime    Last Run
-----------------------------------  -----  ---------  --------  ----------  --------------  -------------------
/opt/airflow/dags/sodai_pipeline.py    201  0.03s             1           0  0.15s           2025-11-13T16:12:40
================================================================================
[2025-11-13T16:13:41.535+0000] {manager.py:878} INFO - 
================================================================================
DAG File Processing Stats

File Path                              PID  Runtime      # DAGs    # Errors  Last Runtime    Last Run
-----------------------------------  -----  ---------  --------  ----------  --------------  -------------------
/opt/airflow/dags/sodai_pipeline.py    206  0.02s             1           0  0.14s           2025-11-13T16:13:11
================================================================================
[2025-11-13T16:14:11.932+0000] {manager.py:878} INFO - 
================================================================================
DAG File Processing Stats

File Path                              PID  Runtime      # DAGs    # Errors  Last Runtime    Last Run
-----------------------------------  -----  ---------  --------  ----------  --------------  -------------------
/opt/airflow/dags/sodai_pipeline.py    211  0.02s             1           0  0.13s           2025-11-13T16:13:41
================================================================================
[2025-11-13T16:14:39.246+0000] {manager.py:737} INFO - Searching for files in /opt/airflow/dags
[2025-11-13T16:14:39.259+0000] {manager.py:740} INFO - There are 1 files in /opt/airflow/dags
[2025-11-13T16:14:42.333+0000] {manager.py:878} INFO - 
================================================================================
DAG File Processing Stats

File Path                              PID  Runtime      # DAGs    # Errors  Last Runtime    Last Run
-----------------------------------  -----  ---------  --------  ----------  --------------  -------------------
/opt/airflow/dags/sodai_pipeline.py    216  0.01s             1           0  0.14s           2025-11-13T16:14:12
================================================================================
[2025-11-13T16:15:12.662+0000] {manager.py:878} INFO - 
================================================================================
DAG File Processing Stats

File Path                              PID  Runtime      # DAGs    # Errors  Last Runtime    Last Run
-----------------------------------  -----  ---------  --------  ----------  --------------  -------------------
/opt/airflow/dags/sodai_pipeline.py    223  0.01s             1           0  0.12s           2025-11-13T16:14:42
================================================================================
[2025-11-13T16:15:43.041+0000] {manager.py:878} INFO - 
================================================================================
DAG File Processing Stats

File Path                              PID  Runtime      # DAGs    # Errors  Last Runtime    Last Run
-----------------------------------  -----  ---------  --------  ----------  --------------  -------------------
/opt/airflow/dags/sodai_pipeline.py    230  0.01s             1           0  0.10s           2025-11-13T16:15:12
================================================================================
[2025-11-13T16:16:13.426+0000] {manager.py:878} INFO - 
================================================================================
DAG File Processing Stats

File Path                              PID  Runtime      # DAGs    # Errors  Last Runtime    Last Run
-----------------------------------  -----  ---------  --------  ----------  --------------  -------------------
/opt/airflow/dags/sodai_pipeline.py    235  0.02s             1           0  0.10s           2025-11-13T16:15:43
================================================================================
[2025-11-13T16:16:43.829+0000] {manager.py:878} INFO - 
================================================================================
DAG File Processing Stats

File Path                              PID  Runtime      # DAGs    # Errors  Last Runtime    Last Run
-----------------------------------  -----  ---------  --------  ----------  --------------  -------------------
/opt/airflow/dags/sodai_pipeline.py    240  0.02s             1           0  0.13s           2025-11-13T16:16:13
================================================================================
[2025-11-13T16:17:14.262+0000] {manager.py:878} INFO - 
================================================================================
DAG File Processing Stats

File Path                              PID  Runtime      # DAGs    # Errors  Last Runtime    Last Run
-----------------------------------  -----  ---------  --------  ----------  --------------  -------------------
/opt/airflow/dags/sodai_pipeline.py    245  0.02s             1           0  0.13s           2025-11-13T16:16:43
================================================================================
[2025-11-13T16:17:44.582+0000] {manager.py:878} INFO - 
================================================================================
DAG File Processing Stats

File Path                              PID  Runtime      # DAGs    # Errors  Last Runtime    Last Run
-----------------------------------  -----  ---------  --------  ----------  --------------  -------------------
/opt/airflow/dags/sodai_pipeline.py    250  0.01s             1           0  0.13s           2025-11-13T16:17:14
================================================================================
[2025-11-13T16:18:14.892+0000] {manager.py:878} INFO - 
================================================================================
DAG File Processing Stats

File Path                              PID  Runtime      # DAGs    # Errors  Last Runtime    Last Run
-----------------------------------  -----  ---------  --------  ----------  --------------  -------------------
/opt/airflow/dags/sodai_pipeline.py    255  0.02s             1           0  0.13s           2025-11-13T16:17:44
================================================================================
[2025-11-13T16:18:45.255+0000] {manager.py:878} INFO - 
================================================================================
DAG File Processing Stats

File Path                              PID  Runtime      # DAGs    # Errors  Last Runtime    Last Run
-----------------------------------  -----  ---------  --------  ----------  --------------  -------------------
/opt/airflow/dags/sodai_pipeline.py    260  0.02s             1           0  0.11s           2025-11-13T16:18:14
================================================================================
[2025-11-13T16:19:15.612+0000] {manager.py:878} INFO - 
================================================================================
DAG File Processing Stats

File Path                              PID  Runtime      # DAGs    # Errors  Last Runtime    Last Run
-----------------------------------  -----  ---------  --------  ----------  --------------  -------------------
/opt/airflow/dags/sodai_pipeline.py    265  0.02s             1           0  0.13s           2025-11-13T16:18:45
================================================================================
[2025-11-13T16:19:39.883+0000] {manager.py:737} INFO - Searching for files in /opt/airflow/dags
[2025-11-13T16:19:39.901+0000] {manager.py:740} INFO - There are 1 files in /opt/airflow/dags
[2025-11-13T16:19:46.049+0000] {manager.py:878} INFO - 
================================================================================
DAG File Processing Stats

File Path                              PID  Runtime      # DAGs    # Errors  Last Runtime    Last Run
-----------------------------------  -----  ---------  --------  ----------  --------------  -------------------
/opt/airflow/dags/sodai_pipeline.py    270  0.03s             1           0  0.15s           2025-11-13T16:19:15
================================================================================
[2025-11-13T16:20:16.391+0000] {manager.py:878} INFO - 
================================================================================
DAG File Processing Stats

File Path                              PID  Runtime      # DAGs    # Errors  Last Runtime    Last Run
-----------------------------------  -----  ---------  --------  ----------  --------------  -------------------
/opt/airflow/dags/sodai_pipeline.py    277  0.00s             1           0  0.14s           2025-11-13T16:19:46
================================================================================
[2025-11-13T16:20:46.705+0000] {manager.py:878} INFO - 
================================================================================
DAG File Processing Stats

File Path                              PID  Runtime      # DAGs    # Errors  Last Runtime    Last Run
-----------------------------------  -----  ---------  --------  ----------  --------------  -------------------
/opt/airflow/dags/sodai_pipeline.py    282  0.01s             1           0  0.06s           2025-11-13T16:20:16
================================================================================
[2025-11-13T16:21:17.078+0000] {manager.py:878} INFO - 
================================================================================
DAG File Processing Stats

File Path                              PID  Runtime      # DAGs    # Errors  Last Runtime    Last Run
-----------------------------------  -----  ---------  --------  ----------  --------------  -------------------
/opt/airflow/dags/sodai_pipeline.py    289  0.01s             1           0  0.11s           2025-11-13T16:20:46
================================================================================
[2025-11-13T16:21:47.422+0000] {manager.py:878} INFO - 
================================================================================
DAG File Processing Stats

File Path                              PID  Runtime      # DAGs    # Errors  Last Runtime    Last Run
-----------------------------------  -----  ---------  --------  ----------  --------------  -------------------
/opt/airflow/dags/sodai_pipeline.py    294  0.01s             1           0  0.12s           2025-11-13T16:21:17
================================================================================
[2025-11-13T16:22:17.763+0000] {manager.py:878} INFO - 
================================================================================
DAG File Processing Stats

File Path                              PID  Runtime      # DAGs    # Errors  Last Runtime    Last Run
-----------------------------------  -----  ---------  --------  ----------  --------------  -------------------
/opt/airflow/dags/sodai_pipeline.py    299  0.02s             1           0  0.11s           2025-11-13T16:21:47
================================================================================
[2025-11-13T16:22:48.067+0000] {manager.py:878} INFO - 
================================================================================
DAG File Processing Stats

File Path                              PID  Runtime      # DAGs    # Errors  Last Runtime    Last Run
-----------------------------------  -----  ---------  --------  ----------  --------------  -------------------
/opt/airflow/dags/sodai_pipeline.py    304  0.02s             1           0  0.13s           2025-11-13T16:22:17
================================================================================
[2025-11-13T16:23:18.459+0000] {manager.py:878} INFO - 
================================================================================
DAG File Processing Stats

File Path                              PID  Runtime      # DAGs    # Errors  Last Runtime    Last Run
-----------------------------------  -----  ---------  --------  ----------  --------------  -------------------
/opt/airflow/dags/sodai_pipeline.py    309  0.03s             1           0  0.12s           2025-11-13T16:22:48
================================================================================
[2025-11-13T16:23:48.855+0000] {manager.py:878} INFO - 
================================================================================
DAG File Processing Stats

File Path                              PID  Runtime      # DAGs    # Errors  Last Runtime    Last Run
-----------------------------------  -----  ---------  --------  ----------  --------------  -------------------
/opt/airflow/dags/sodai_pipeline.py    314  0.03s             1           0  0.13s           2025-11-13T16:23:18
================================================================================
[2025-11-13T16:24:19.275+0000] {manager.py:878} INFO - 
================================================================================
DAG File Processing Stats

File Path                              PID  Runtime      # DAGs    # Errors  Last Runtime    Last Run
-----------------------------------  -----  ---------  --------  ----------  --------------  -------------------
/opt/airflow/dags/sodai_pipeline.py    319  0.02s             1           0  0.14s           2025-11-13T16:23:48
================================================================================
[2025-11-13T16:24:40.518+0000] {manager.py:737} INFO - Searching for files in /opt/airflow/dags
[2025-11-13T16:24:40.529+0000] {manager.py:740} INFO - There are 1 files in /opt/airflow/dags
[2025-11-13T16:24:49.667+0000] {manager.py:878} INFO - 
================================================================================
DAG File Processing Stats

File Path                              PID  Runtime      # DAGs    # Errors  Last Runtime    Last Run
-----------------------------------  -----  ---------  --------  ----------  --------------  -------------------
/opt/airflow/dags/sodai_pipeline.py    324  0.02s             1           0  0.13s           2025-11-13T16:24:19
================================================================================
[2025-11-13T16:25:19.947+0000] {manager.py:878} INFO - 
================================================================================
DAG File Processing Stats

File Path                              PID  Runtime      # DAGs    # Errors  Last Runtime    Last Run
-----------------------------------  -----  ---------  --------  ----------  --------------  -------------------
/opt/airflow/dags/sodai_pipeline.py    329  0.02s             1           0  0.13s           2025-11-13T16:24:49
================================================================================
[2025-11-13T16:25:50.296+0000] {manager.py:878} INFO - 
================================================================================
DAG File Processing Stats

File Path                              PID  Runtime      # DAGs    # Errors  Last Runtime    Last Run
-----------------------------------  -----  ---------  --------  ----------  --------------  -------------------
/opt/airflow/dags/sodai_pipeline.py    334  0.03s             1           0  0.14s           2025-11-13T16:25:20
================================================================================
[2025-11-13T16:26:20.638+0000] {manager.py:878} INFO - 
================================================================================
DAG File Processing Stats

File Path                              PID  Runtime      # DAGs    # Errors  Last Runtime    Last Run
-----------------------------------  -----  ---------  --------  ----------  --------------  -------------------
/opt/airflow/dags/sodai_pipeline.py    341  0.02s             1           0  0.13s           2025-11-13T16:25:50
================================================================================
[2025-11-13T16:26:51.034+0000] {manager.py:878} INFO - 
================================================================================
DAG File Processing Stats

File Path                              PID  Runtime      # DAGs    # Errors  Last Runtime    Last Run
-----------------------------------  -----  ---------  --------  ----------  --------------  -------------------
/opt/airflow/dags/sodai_pipeline.py    346  0.03s             1           0  0.13s           2025-11-13T16:26:20
================================================================================
[2025-11-13T16:27:21.414+0000] {manager.py:878} INFO - 
================================================================================
DAG File Processing Stats

File Path                              PID  Runtime      # DAGs    # Errors  Last Runtime    Last Run
-----------------------------------  -----  ---------  --------  ----------  --------------  -------------------
/opt/airflow/dags/sodai_pipeline.py    351  0.02s             1           0  0.13s           2025-11-13T16:26:51
================================================================================
[2025-11-13T16:27:51.828+0000] {manager.py:878} INFO - 
================================================================================
DAG File Processing Stats

File Path                              PID  Runtime      # DAGs    # Errors  Last Runtime    Last Run
-----------------------------------  -----  ---------  --------  ----------  --------------  -------------------
/opt/airflow/dags/sodai_pipeline.py    356  0.03s             1           0  0.14s           2025-11-13T16:27:21
================================================================================
[2025-11-13T16:28:22.171+0000] {manager.py:878} INFO - 
================================================================================
DAG File Processing Stats

File Path                              PID  Runtime      # DAGs    # Errors  Last Runtime    Last Run
-----------------------------------  -----  ---------  --------  ----------  --------------  -------------------
/opt/airflow/dags/sodai_pipeline.py    361  0.02s             1           0  0.15s           2025-11-13T16:27:51
================================================================================
[2025-11-13T16:28:52.611+0000] {manager.py:878} INFO - 
================================================================================
DAG File Processing Stats

File Path                              PID  Runtime      # DAGs    # Errors  Last Runtime    Last Run
-----------------------------------  -----  ---------  --------  ----------  --------------  -------------------
/opt/airflow/dags/sodai_pipeline.py    366  0.02s             1           0  0.14s           2025-11-13T16:28:22
================================================================================
[2025-11-13T16:29:22.956+0000] {manager.py:878} INFO - 
================================================================================
DAG File Processing Stats

File Path                              PID  Runtime      # DAGs    # Errors  Last Runtime    Last Run
-----------------------------------  -----  ---------  --------  ----------  --------------  -------------------
/opt/airflow/dags/sodai_pipeline.py    371  0.01s             1           0  0.12s           2025-11-13T16:28:52
================================================================================
[2025-11-13T16:29:41.126+0000] {manager.py:737} INFO - Searching for files in /opt/airflow/dags
[2025-11-13T16:29:41.140+0000] {manager.py:740} INFO - There are 1 files in /opt/airflow/dags
[2025-11-13T16:29:53.277+0000] {manager.py:878} INFO - 
================================================================================
DAG File Processing Stats

File Path                              PID  Runtime      # DAGs    # Errors  Last Runtime    Last Run
-----------------------------------  -----  ---------  --------  ----------  --------------  -------------------
/opt/airflow/dags/sodai_pipeline.py    376  0.02s             1           0  0.12s           2025-11-13T16:29:23
================================================================================
[2025-11-13T16:30:23.569+0000] {manager.py:878} INFO - 
================================================================================
DAG File Processing Stats

File Path                              PID  Runtime      # DAGs    # Errors  Last Runtime    Last Run
-----------------------------------  -----  ---------  --------  ----------  --------------  -------------------
/opt/airflow/dags/sodai_pipeline.py    381  0.02s             1           0  0.12s           2025-11-13T16:29:53
================================================================================
[2025-11-13T16:30:53.856+0000] {manager.py:878} INFO - 
================================================================================
DAG File Processing Stats

File Path                              PID  Runtime      # DAGs    # Errors  Last Runtime    Last Run
-----------------------------------  -----  ---------  --------  ----------  --------------  -------------------
/opt/airflow/dags/sodai_pipeline.py    386  0.02s             1           0  0.11s           2025-11-13T16:30:23
================================================================================
[2025-11-13T16:31:24.212+0000] {manager.py:878} INFO - 
================================================================================
DAG File Processing Stats

File Path                              PID  Runtime      # DAGs    # Errors  Last Runtime    Last Run
-----------------------------------  -----  ---------  --------  ----------  --------------  -------------------
/opt/airflow/dags/sodai_pipeline.py    391  0.01s             1           0  0.11s           2025-11-13T16:30:53
================================================================================
[2025-11-13T16:31:54.594+0000] {manager.py:878} INFO - 
================================================================================
DAG File Processing Stats

File Path                              PID  Runtime      # DAGs    # Errors  Last Runtime    Last Run
-----------------------------------  -----  ---------  --------  ----------  --------------  -------------------
/opt/airflow/dags/sodai_pipeline.py    396  0.02s             1           0  0.12s           2025-11-13T16:31:24
================================================================================
[2025-11-13T16:32:24.966+0000] {manager.py:878} INFO - 
================================================================================
DAG File Processing Stats

File Path                              PID  Runtime      # DAGs    # Errors  Last Runtime    Last Run
-----------------------------------  -----  ---------  --------  ----------  --------------  -------------------
/opt/airflow/dags/sodai_pipeline.py    401  0.01s             1           0  0.12s           2025-11-13T16:31:54
================================================================================
[2025-11-13T16:32:55.413+0000] {manager.py:878} INFO - 
================================================================================
DAG File Processing Stats

File Path                              PID  Runtime      # DAGs    # Errors  Last Runtime    Last Run
-----------------------------------  -----  ---------  --------  ----------  --------------  -------------------
/opt/airflow/dags/sodai_pipeline.py    406  0.01s             1           0  0.14s           2025-11-13T16:32:25
================================================================================
[2025-11-13T16:33:25.844+0000] {manager.py:878} INFO - 
================================================================================
DAG File Processing Stats

File Path                              PID  Runtime      # DAGs    # Errors  Last Runtime    Last Run
-----------------------------------  -----  ---------  --------  ----------  --------------  -------------------
/opt/airflow/dags/sodai_pipeline.py    411  0.02s             1           0  0.12s           2025-11-13T16:32:55
================================================================================
[2025-11-13T16:33:56.265+0000] {manager.py:878} INFO - 
================================================================================
DAG File Processing Stats

File Path                              PID  Runtime      # DAGs    # Errors  Last Runtime    Last Run
-----------------------------------  -----  ---------  --------  ----------  --------------  -------------------
/opt/airflow/dags/sodai_pipeline.py    416  0.02s             1           0  0.14s           2025-11-13T16:33:25
================================================================================
[2025-11-13T16:34:26.687+0000] {manager.py:878} INFO - 
================================================================================
DAG File Processing Stats

File Path                              PID  Runtime      # DAGs    # Errors  Last Runtime    Last Run
-----------------------------------  -----  ---------  --------  ----------  --------------  -------------------
/opt/airflow/dags/sodai_pipeline.py    421  0.02s             1           0  0.13s           2025-11-13T16:33:56
================================================================================
[2025-11-13T16:34:41.868+0000] {manager.py:737} INFO - Searching for files in /opt/airflow/dags
[2025-11-13T16:34:41.882+0000] {manager.py:740} INFO - There are 1 files in /opt/airflow/dags
[2025-11-13T16:34:57.113+0000] {manager.py:878} INFO - 
================================================================================
DAG File Processing Stats

File Path                              PID  Runtime      # DAGs    # Errors  Last Runtime    Last Run
-----------------------------------  -----  ---------  --------  ----------  --------------  -------------------
/opt/airflow/dags/sodai_pipeline.py    426  0.02s             1           0  0.13s           2025-11-13T16:34:26
================================================================================
[2025-11-13T16:35:27.484+0000] {manager.py:878} INFO - 
================================================================================
DAG File Processing Stats

File Path                              PID  Runtime      # DAGs    # Errors  Last Runtime    Last Run
-----------------------------------  -----  ---------  --------  ----------  --------------  -------------------
/opt/airflow/dags/sodai_pipeline.py    431  0.02s             1           0  0.13s           2025-11-13T16:34:57
================================================================================
[2025-11-13T16:35:57.969+0000] {manager.py:878} INFO - 
================================================================================
DAG File Processing Stats

File Path                              PID  Runtime      # DAGs    # Errors  Last Runtime    Last Run
-----------------------------------  -----  ---------  --------  ----------  --------------  -------------------
/opt/airflow/dags/sodai_pipeline.py    436  0.02s             1           0  0.14s           2025-11-13T16:35:27
================================================================================
[2025-11-13T16:36:28.422+0000] {manager.py:878} INFO - 
================================================================================
DAG File Processing Stats

File Path                              PID  Runtime      # DAGs    # Errors  Last Runtime    Last Run
-----------------------------------  -----  ---------  --------  ----------  --------------  -------------------
/opt/airflow/dags/sodai_pipeline.py    441  0.01s             1           0  0.13s           2025-11-13T16:35:58
================================================================================
[2025-11-13T16:36:58.831+0000] {manager.py:878} INFO - 
================================================================================
DAG File Processing Stats

File Path                              PID  Runtime      # DAGs    # Errors  Last Runtime    Last Run
-----------------------------------  -----  ---------  --------  ----------  --------------  -------------------
/opt/airflow/dags/sodai_pipeline.py    446  0.02s             1           0  0.13s           2025-11-13T16:36:28
================================================================================
[2025-11-13T16:37:29.246+0000] {manager.py:878} INFO - 
================================================================================
DAG File Processing Stats

File Path                              PID  Runtime      # DAGs    # Errors  Last Runtime    Last Run
-----------------------------------  -----  ---------  --------  ----------  --------------  -------------------
/opt/airflow/dags/sodai_pipeline.py    451  0.01s             1           0  0.15s           2025-11-13T16:36:58
================================================================================
[2025-11-13T16:37:59.636+0000] {manager.py:878} INFO - 
================================================================================
DAG File Processing Stats

File Path                              PID  Runtime      # DAGs    # Errors  Last Runtime    Last Run
-----------------------------------  -----  ---------  --------  ----------  --------------  -------------------
/opt/airflow/dags/sodai_pipeline.py    456  0.01s             1           0  0.10s           2025-11-13T16:37:29
================================================================================
[2025-11-13T16:38:30.027+0000] {manager.py:878} INFO - 
================================================================================
DAG File Processing Stats

File Path                              PID  Runtime      # DAGs    # Errors  Last Runtime    Last Run
-----------------------------------  -----  ---------  --------  ----------  --------------  -------------------
/opt/airflow/dags/sodai_pipeline.py    461  0.01s             1           0  0.11s           2025-11-13T16:37:59
================================================================================
[2025-11-13T16:39:00.389+0000] {manager.py:878} INFO - 
================================================================================
DAG File Processing Stats

File Path                              PID  Runtime      # DAGs    # Errors  Last Runtime    Last Run
-----------------------------------  -----  ---------  --------  ----------  --------------  -------------------
/opt/airflow/dags/sodai_pipeline.py    466  0.01s             1           0  0.12s           2025-11-13T16:38:30
================================================================================
[2025-11-13T16:39:30.761+0000] {manager.py:878} INFO - 
================================================================================
DAG File Processing Stats

File Path                              PID  Runtime      # DAGs    # Errors  Last Runtime    Last Run
-----------------------------------  -----  ---------  --------  ----------  --------------  -------------------
/opt/airflow/dags/sodai_pipeline.py    471  0.03s             1           0  0.11s           2025-11-13T16:39:00
================================================================================
[2025-11-13T16:39:41.923+0000] {manager.py:737} INFO - Searching for files in /opt/airflow/dags
[2025-11-13T16:39:41.936+0000] {manager.py:740} INFO - There are 1 files in /opt/airflow/dags
[2025-11-13T16:40:01.279+0000] {manager.py:878} INFO - 
================================================================================
DAG File Processing Stats

File Path                              PID  Runtime      # DAGs    # Errors  Last Runtime    Last Run
-----------------------------------  -----  ---------  --------  ----------  --------------  -------------------
/opt/airflow/dags/sodai_pipeline.py    476  0.02s             1           0  0.18s           2025-11-13T16:39:30
================================================================================
[2025-11-13T16:40:31.701+0000] {manager.py:878} INFO - 
================================================================================
DAG File Processing Stats

File Path                              PID  Runtime      # DAGs    # Errors  Last Runtime    Last Run
-----------------------------------  -----  ---------  --------  ----------  --------------  -------------------
/opt/airflow/dags/sodai_pipeline.py    481  0.02s             1           0  0.15s           2025-11-13T16:40:01
================================================================================
[2025-11-13T16:41:02.075+0000] {manager.py:878} INFO - 
================================================================================
DAG File Processing Stats

File Path                              PID  Runtime      # DAGs    # Errors  Last Runtime    Last Run
-----------------------------------  -----  ---------  --------  ----------  --------------  -------------------
/opt/airflow/dags/sodai_pipeline.py    486  0.01s             1           0  0.12s           2025-11-13T16:40:31
================================================================================
[2025-11-13T16:41:32.539+0000] {manager.py:878} INFO - 
================================================================================
DAG File Processing Stats

File Path                              PID  Runtime      # DAGs    # Errors  Last Runtime    Last Run
-----------------------------------  -----  ---------  --------  ----------  --------------  -------------------
/opt/airflow/dags/sodai_pipeline.py    491  0.02s             1           0  0.11s           2025-11-13T16:41:02
================================================================================
[2025-11-13T16:42:02.996+0000] {manager.py:878} INFO - 
================================================================================
DAG File Processing Stats

File Path                              PID  Runtime      # DAGs    # Errors  Last Runtime    Last Run
-----------------------------------  -----  ---------  --------  ----------  --------------  -------------------
/opt/airflow/dags/sodai_pipeline.py    496  0.02s             1           0  0.12s           2025-11-13T16:41:32
================================================================================
[2025-11-13T16:42:33.360+0000] {manager.py:878} INFO - 
================================================================================
DAG File Processing Stats

File Path                              PID  Runtime      # DAGs    # Errors  Last Runtime    Last Run
-----------------------------------  -----  ---------  --------  ----------  --------------  -------------------
/opt/airflow/dags/sodai_pipeline.py    501  0.02s             1           0  0.12s           2025-11-13T16:42:03
================================================================================
[2025-11-13T16:43:03.770+0000] {manager.py:878} INFO - 
================================================================================
DAG File Processing Stats

File Path                              PID  Runtime      # DAGs    # Errors  Last Runtime    Last Run
-----------------------------------  -----  ---------  --------  ----------  --------------  -------------------
/opt/airflow/dags/sodai_pipeline.py    506  0.02s             1           0  0.12s           2025-11-13T16:42:33
================================================================================
[2025-11-13T16:43:34.193+0000] {manager.py:878} INFO - 
================================================================================
DAG File Processing Stats

File Path                              PID  Runtime      # DAGs    # Errors  Last Runtime    Last Run
-----------------------------------  -----  ---------  --------  ----------  --------------  -------------------
/opt/airflow/dags/sodai_pipeline.py    511  0.04s             1           0  0.11s           2025-11-13T16:43:03
================================================================================
[2025-11-13T16:44:04.635+0000] {manager.py:878} INFO - 
================================================================================
DAG File Processing Stats

File Path                              PID  Runtime      # DAGs    # Errors  Last Runtime    Last Run
-----------------------------------  -----  ---------  --------  ----------  --------------  -------------------
/opt/airflow/dags/sodai_pipeline.py    516  0.02s             1           0  0.15s           2025-11-13T16:43:34
================================================================================
[2025-11-13T16:44:35.056+0000] {manager.py:878} INFO - 
================================================================================
DAG File Processing Stats

File Path                              PID  Runtime      # DAGs    # Errors  Last Runtime    Last Run
-----------------------------------  -----  ---------  --------  ----------  --------------  -------------------
/opt/airflow/dags/sodai_pipeline.py    521  0.03s             1           0  0.13s           2025-11-13T16:44:04
================================================================================
[2025-11-13T16:44:42.169+0000] {manager.py:737} INFO - Searching for files in /opt/airflow/dags
[2025-11-13T16:44:42.182+0000] {manager.py:740} INFO - There are 1 files in /opt/airflow/dags
[2025-11-13T16:45:05.518+0000] {manager.py:878} INFO - 
================================================================================
DAG File Processing Stats

File Path                              PID  Runtime      # DAGs    # Errors  Last Runtime    Last Run
-----------------------------------  -----  ---------  --------  ----------  --------------  -------------------
/opt/airflow/dags/sodai_pipeline.py    526  0.02s             1           0  0.13s           2025-11-13T16:44:35
================================================================================
[2025-11-13T16:45:35.864+0000] {manager.py:878} INFO - 
================================================================================
DAG File Processing Stats

File Path                              PID  Runtime      # DAGs    # Errors  Last Runtime    Last Run
-----------------------------------  -----  ---------  --------  ----------  --------------  -------------------
/opt/airflow/dags/sodai_pipeline.py    531  0.02s             1           0  0.12s           2025-11-13T16:45:05
================================================================================
[2025-11-13T16:46:06.298+0000] {manager.py:878} INFO - 
================================================================================
DAG File Processing Stats

File Path                              PID  Runtime      # DAGs    # Errors  Last Runtime    Last Run
-----------------------------------  -----  ---------  --------  ----------  --------------  -------------------
/opt/airflow/dags/sodai_pipeline.py    536  0.02s             1           0  0.11s           2025-11-13T16:45:35
================================================================================
[2025-11-13T16:46:36.679+0000] {manager.py:878} INFO - 
================================================================================
DAG File Processing Stats

File Path                              PID  Runtime      # DAGs    # Errors  Last Runtime    Last Run
-----------------------------------  -----  ---------  --------  ----------  --------------  -------------------
/opt/airflow/dags/sodai_pipeline.py    541  0.02s             1           0  0.13s           2025-11-13T16:46:06
================================================================================
[2025-11-13T16:47:07.086+0000] {manager.py:878} INFO - 
================================================================================
DAG File Processing Stats

File Path                              PID  Runtime      # DAGs    # Errors  Last Runtime    Last Run
-----------------------------------  -----  ---------  --------  ----------  --------------  -------------------
/opt/airflow/dags/sodai_pipeline.py    546  0.02s             1           0  0.12s           2025-11-13T16:46:36
================================================================================
[2025-11-13T16:47:37.521+0000] {manager.py:878} INFO - 
================================================================================
DAG File Processing Stats

File Path                              PID  Runtime      # DAGs    # Errors  Last Runtime    Last Run
-----------------------------------  -----  ---------  --------  ----------  --------------  -------------------
/opt/airflow/dags/sodai_pipeline.py    551  0.02s             1           0  0.15s           2025-11-13T16:47:07
================================================================================
[2025-11-13T16:48:07.947+0000] {manager.py:878} INFO - 
================================================================================
DAG File Processing Stats

File Path                              PID  Runtime      # DAGs    # Errors  Last Runtime    Last Run
-----------------------------------  -----  ---------  --------  ----------  --------------  -------------------
/opt/airflow/dags/sodai_pipeline.py    556  0.02s             1           0  0.13s           2025-11-13T16:47:37
================================================================================
[2025-11-13T16:48:38.431+0000] {manager.py:878} INFO - 
================================================================================
DAG File Processing Stats

File Path                              PID  Runtime      # DAGs    # Errors  Last Runtime    Last Run
-----------------------------------  -----  ---------  --------  ----------  --------------  -------------------
/opt/airflow/dags/sodai_pipeline.py    561  0.02s             1           0  0.13s           2025-11-13T16:48:08
================================================================================
[2025-11-13T16:49:08.853+0000] {manager.py:878} INFO - 
================================================================================
DAG File Processing Stats

File Path                              PID  Runtime      # DAGs    # Errors  Last Runtime    Last Run
-----------------------------------  -----  ---------  --------  ----------  --------------  -------------------
/opt/airflow/dags/sodai_pipeline.py    566  0.02s             1           0  0.14s           2025-11-13T16:48:38
================================================================================
[2025-11-13T16:49:39.236+0000] {manager.py:878} INFO - 
================================================================================
DAG File Processing Stats

File Path                              PID  Runtime      # DAGs    # Errors  Last Runtime    Last Run
-----------------------------------  -----  ---------  --------  ----------  --------------  -------------------
/opt/airflow/dags/sodai_pipeline.py    571  0.02s             1           0  0.15s           2025-11-13T16:49:08
================================================================================
[2025-11-13T16:49:42.307+0000] {manager.py:737} INFO - Searching for files in /opt/airflow/dags
[2025-11-13T16:49:42.316+0000] {manager.py:740} INFO - There are 1 files in /opt/airflow/dags
[2025-11-13T16:50:09.640+0000] {manager.py:878} INFO - 
================================================================================
DAG File Processing Stats

File Path                              PID  Runtime      # DAGs    # Errors  Last Runtime    Last Run
-----------------------------------  -----  ---------  --------  ----------  --------------  -------------------
/opt/airflow/dags/sodai_pipeline.py    576  0.01s             1           0  0.11s           2025-11-13T16:49:39
================================================================================
[2025-11-13T16:50:40.067+0000] {manager.py:878} INFO - 
================================================================================
DAG File Processing Stats

File Path                              PID  Runtime      # DAGs    # Errors  Last Runtime    Last Run
-----------------------------------  -----  ---------  --------  ----------  --------------  -------------------
/opt/airflow/dags/sodai_pipeline.py    581  0.02s             1           0  0.11s           2025-11-13T16:50:09
================================================================================
[2025-11-13T16:51:10.485+0000] {manager.py:878} INFO - 
================================================================================
DAG File Processing Stats

File Path                              PID  Runtime      # DAGs    # Errors  Last Runtime    Last Run
-----------------------------------  -----  ---------  --------  ----------  --------------  -------------------
/opt/airflow/dags/sodai_pipeline.py    586  0.02s             1           0  0.11s           2025-11-13T16:50:40
================================================================================
[2025-11-13T16:51:40.812+0000] {manager.py:878} INFO - 
================================================================================
DAG File Processing Stats

File Path                              PID  Runtime      # DAGs    # Errors  Last Runtime    Last Run
-----------------------------------  -----  ---------  --------  ----------  --------------  -------------------
/opt/airflow/dags/sodai_pipeline.py    591  0.02s             1           0  0.14s           2025-11-13T16:51:10
================================================================================
[2025-11-13T16:52:11.251+0000] {manager.py:878} INFO - 
================================================================================
DAG File Processing Stats

File Path                              PID  Runtime      # DAGs    # Errors  Last Runtime    Last Run
-----------------------------------  -----  ---------  --------  ----------  --------------  -------------------
/opt/airflow/dags/sodai_pipeline.py    596  0.02s             1           0  0.11s           2025-11-13T16:51:40
================================================================================
[2025-11-13T16:52:41.658+0000] {manager.py:878} INFO - 
================================================================================
DAG File Processing Stats

File Path                              PID  Runtime      # DAGs    # Errors  Last Runtime    Last Run
-----------------------------------  -----  ---------  --------  ----------  --------------  -------------------
/opt/airflow/dags/sodai_pipeline.py    601  0.01s             1           0  0.12s           2025-11-13T16:52:11
================================================================================
[2025-11-13T16:53:12.108+0000] {manager.py:878} INFO - 
================================================================================
DAG File Processing Stats

File Path                              PID  Runtime      # DAGs    # Errors  Last Runtime    Last Run
-----------------------------------  -----  ---------  --------  ----------  --------------  -------------------
/opt/airflow/dags/sodai_pipeline.py    606  0.01s             1           0  0.12s           2025-11-13T16:52:41
================================================================================
[2025-11-13T16:53:42.514+0000] {manager.py:878} INFO - 
================================================================================
DAG File Processing Stats

File Path                              PID  Runtime      # DAGs    # Errors  Last Runtime    Last Run
-----------------------------------  -----  ---------  --------  ----------  --------------  -------------------
/opt/airflow/dags/sodai_pipeline.py    611  0.02s             1           0  0.10s           2025-11-13T16:53:12
================================================================================
[2025-11-13T16:54:12.979+0000] {manager.py:878} INFO - 
================================================================================
DAG File Processing Stats

File Path                              PID  Runtime      # DAGs    # Errors  Last Runtime    Last Run
-----------------------------------  -----  ---------  --------  ----------  --------------  -------------------
/opt/airflow/dags/sodai_pipeline.py    616  0.02s             1           0  0.15s           2025-11-13T16:53:42
================================================================================
[2025-11-13T16:54:42.339+0000] {manager.py:737} INFO - Searching for files in /opt/airflow/dags
[2025-11-13T16:54:42.352+0000] {manager.py:740} INFO - There are 1 files in /opt/airflow/dags
[2025-11-13T16:54:43.407+0000] {manager.py:878} INFO - 
================================================================================
DAG File Processing Stats

File Path                              PID  Runtime      # DAGs    # Errors  Last Runtime    Last Run
-----------------------------------  -----  ---------  --------  ----------  --------------  -------------------
/opt/airflow/dags/sodai_pipeline.py    621  0.01s             1           0  0.13s           2025-11-13T16:54:13
================================================================================
[2025-11-13T16:55:13.801+0000] {manager.py:878} INFO - 
================================================================================
DAG File Processing Stats

File Path                              PID  Runtime      # DAGs    # Errors  Last Runtime    Last Run
-----------------------------------  -----  ---------  --------  ----------  --------------  -------------------
/opt/airflow/dags/sodai_pipeline.py    626  0.02s             1           0  0.13s           2025-11-13T16:54:43
================================================================================
[2025-11-13T16:55:44.218+0000] {manager.py:878} INFO - 
================================================================================
DAG File Processing Stats

File Path                              PID  Runtime      # DAGs    # Errors  Last Runtime    Last Run
-----------------------------------  -----  ---------  --------  ----------  --------------  -------------------
/opt/airflow/dags/sodai_pipeline.py    631  0.02s             1           0  0.15s           2025-11-13T16:55:13
================================================================================
[2025-11-13T16:56:14.685+0000] {manager.py:878} INFO - 
================================================================================
DAG File Processing Stats

File Path                              PID  Runtime      # DAGs    # Errors  Last Runtime    Last Run
-----------------------------------  -----  ---------  --------  ----------  --------------  -------------------
/opt/airflow/dags/sodai_pipeline.py    636  0.02s             1           0  0.12s           2025-11-13T16:55:44
================================================================================
[2025-11-13T16:56:45.111+0000] {manager.py:878} INFO - 
================================================================================
DAG File Processing Stats

File Path                              PID  Runtime      # DAGs    # Errors  Last Runtime    Last Run
-----------------------------------  -----  ---------  --------  ----------  --------------  -------------------
/opt/airflow/dags/sodai_pipeline.py    641  0.02s             1           0  0.13s           2025-11-13T16:56:14
================================================================================
[2025-11-13T16:57:15.558+0000] {manager.py:878} INFO - 
================================================================================
DAG File Processing Stats

File Path                              PID  Runtime      # DAGs    # Errors  Last Runtime    Last Run
-----------------------------------  -----  ---------  --------  ----------  --------------  -------------------
/opt/airflow/dags/sodai_pipeline.py    646  0.02s             1           0  0.12s           2025-11-13T16:56:45
================================================================================
[2025-11-13T16:57:46.016+0000] {manager.py:878} INFO - 
================================================================================
DAG File Processing Stats

File Path                              PID  Runtime      # DAGs    # Errors  Last Runtime    Last Run
-----------------------------------  -----  ---------  --------  ----------  --------------  -------------------
/opt/airflow/dags/sodai_pipeline.py    651  0.02s             1           0  0.14s           2025-11-13T16:57:15
================================================================================
[2025-11-13T16:58:16.399+0000] {manager.py:878} INFO - 
================================================================================
DAG File Processing Stats

File Path                              PID  Runtime      # DAGs    # Errors  Last Runtime    Last Run
-----------------------------------  -----  ---------  --------  ----------  --------------  -------------------
/opt/airflow/dags/sodai_pipeline.py    656  0.01s             1           0  0.14s           2025-11-13T16:57:46
================================================================================
[2025-11-13T16:58:46.795+0000] {manager.py:878} INFO - 
================================================================================
DAG File Processing Stats

File Path                              PID  Runtime      # DAGs    # Errors  Last Runtime    Last Run
-----------------------------------  -----  ---------  --------  ----------  --------------  -------------------
/opt/airflow/dags/sodai_pipeline.py    661  0.02s             1           0  0.13s           2025-11-13T16:58:16
================================================================================
[2025-11-13T16:59:17.225+0000] {manager.py:878} INFO - 
================================================================================
DAG File Processing Stats

File Path                              PID  Runtime      # DAGs    # Errors  Last Runtime    Last Run
-----------------------------------  -----  ---------  --------  ----------  --------------  -------------------
/opt/airflow/dags/sodai_pipeline.py    666  0.02s             1           0  0.15s           2025-11-13T16:58:46
================================================================================
[2025-11-13T16:59:42.508+0000] {manager.py:737} INFO - Searching for files in /opt/airflow/dags
[2025-11-13T16:59:42.523+0000] {manager.py:740} INFO - There are 1 files in /opt/airflow/dags
[2025-11-13T16:59:47.622+0000] {manager.py:878} INFO - 
================================================================================
DAG File Processing Stats

File Path                              PID  Runtime      # DAGs    # Errors  Last Runtime    Last Run
-----------------------------------  -----  ---------  --------  ----------  --------------  -------------------
/opt/airflow/dags/sodai_pipeline.py    671  0.01s             1           0  0.16s           2025-11-13T16:59:17
================================================================================
[2025-11-13T17:00:18.100+0000] {manager.py:878} INFO - 
================================================================================
DAG File Processing Stats

File Path                              PID  Runtime      # DAGs    # Errors  Last Runtime    Last Run
-----------------------------------  -----  ---------  --------  ----------  --------------  -------------------
/opt/airflow/dags/sodai_pipeline.py    676  0.02s             1           0  0.13s           2025-11-13T16:59:47
================================================================================
[2025-11-13T17:00:48.514+0000] {manager.py:878} INFO - 
================================================================================
DAG File Processing Stats

File Path                              PID  Runtime      # DAGs    # Errors  Last Runtime    Last Run
-----------------------------------  -----  ---------  --------  ----------  --------------  -------------------
/opt/airflow/dags/sodai_pipeline.py    681  0.02s             1           0  0.14s           2025-11-13T17:00:18
================================================================================
[2025-11-13T17:01:18.976+0000] {manager.py:878} INFO - 
================================================================================
DAG File Processing Stats

File Path                              PID  Runtime      # DAGs    # Errors  Last Runtime    Last Run
-----------------------------------  -----  ---------  --------  ----------  --------------  -------------------
/opt/airflow/dags/sodai_pipeline.py    686  0.02s             1           0  0.12s           2025-11-13T17:00:48
================================================================================
[2025-11-13T17:01:49.401+0000] {manager.py:878} INFO - 
================================================================================
DAG File Processing Stats

File Path                              PID  Runtime      # DAGs    # Errors  Last Runtime    Last Run
-----------------------------------  -----  ---------  --------  ----------  --------------  -------------------
/opt/airflow/dags/sodai_pipeline.py    691  0.02s             1           0  0.14s           2025-11-13T17:01:19
================================================================================
[2025-11-13T17:02:19.754+0000] {manager.py:878} INFO - 
================================================================================
DAG File Processing Stats

File Path                              PID  Runtime      # DAGs    # Errors  Last Runtime    Last Run
-----------------------------------  -----  ---------  --------  ----------  --------------  -------------------
/opt/airflow/dags/sodai_pipeline.py    696  0.02s             1           0  0.14s           2025-11-13T17:01:49
================================================================================
[2025-11-13T17:02:50.105+0000] {manager.py:878} INFO - 
================================================================================
DAG File Processing Stats

File Path                              PID  Runtime      # DAGs    # Errors  Last Runtime    Last Run
-----------------------------------  -----  ---------  --------  ----------  --------------  -------------------
/opt/airflow/dags/sodai_pipeline.py    701  0.02s             1           0  0.14s           2025-11-13T17:02:19
================================================================================
[2025-11-13T17:03:20.431+0000] {manager.py:878} INFO - 
================================================================================
DAG File Processing Stats

File Path                              PID  Runtime      # DAGs    # Errors  Last Runtime    Last Run
-----------------------------------  -----  ---------  --------  ----------  --------------  -------------------
/opt/airflow/dags/sodai_pipeline.py    706  0.02s             1           0  0.12s           2025-11-13T17:02:50
================================================================================
[2025-11-13T17:03:50.851+0000] {manager.py:878} INFO - 
================================================================================
DAG File Processing Stats

File Path                              PID  Runtime      # DAGs    # Errors  Last Runtime    Last Run
-----------------------------------  -----  ---------  --------  ----------  --------------  -------------------
/opt/airflow/dags/sodai_pipeline.py    711  0.01s             1           0  0.11s           2025-11-13T17:03:20
================================================================================
[2025-11-13T17:04:21.215+0000] {manager.py:878} INFO - 
================================================================================
DAG File Processing Stats

File Path                              PID  Runtime      # DAGs    # Errors  Last Runtime    Last Run
-----------------------------------  -----  ---------  --------  ----------  --------------  -------------------
/opt/airflow/dags/sodai_pipeline.py    716  0.02s             1           0  0.14s           2025-11-13T17:03:50
================================================================================
[2025-11-13T17:04:42.515+0000] {manager.py:737} INFO - Searching for files in /opt/airflow/dags
[2025-11-13T17:04:42.535+0000] {manager.py:740} INFO - There are 1 files in /opt/airflow/dags
[2025-11-13T17:04:51.727+0000] {manager.py:878} INFO - 
================================================================================
DAG File Processing Stats

File Path                              PID  Runtime      # DAGs    # Errors  Last Runtime    Last Run
-----------------------------------  -----  ---------  --------  ----------  --------------  -------------------
/opt/airflow/dags/sodai_pipeline.py    721  0.03s             1           0  0.13s           2025-11-13T17:04:21
================================================================================
[2025-11-13T17:05:22.168+0000] {manager.py:878} INFO - 
================================================================================
DAG File Processing Stats

File Path                              PID  Runtime      # DAGs    # Errors  Last Runtime    Last Run
-----------------------------------  -----  ---------  --------  ----------  --------------  -------------------
/opt/airflow/dags/sodai_pipeline.py    726  0.01s             1           0  0.12s           2025-11-13T17:04:51
================================================================================
[2025-11-13T17:05:52.576+0000] {manager.py:878} INFO - 
================================================================================
DAG File Processing Stats

File Path                              PID  Runtime      # DAGs    # Errors  Last Runtime    Last Run
-----------------------------------  -----  ---------  --------  ----------  --------------  -------------------
/opt/airflow/dags/sodai_pipeline.py    731  0.02s             1           0  0.12s           2025-11-13T17:05:22
================================================================================
[2025-11-13T17:06:23.071+0000] {manager.py:878} INFO - 
================================================================================
DAG File Processing Stats

File Path                              PID  Runtime      # DAGs    # Errors  Last Runtime    Last Run
-----------------------------------  -----  ---------  --------  ----------  --------------  -------------------
/opt/airflow/dags/sodai_pipeline.py    736  0.03s             1           0  0.12s           2025-11-13T17:05:52
================================================================================
[2025-11-13T17:06:53.465+0000] {manager.py:878} INFO - 
================================================================================
DAG File Processing Stats

File Path                              PID  Runtime      # DAGs    # Errors  Last Runtime    Last Run
-----------------------------------  -----  ---------  --------  ----------  --------------  -------------------
/opt/airflow/dags/sodai_pipeline.py    741  0.02s             1           0  0.13s           2025-11-13T17:06:23
================================================================================
[2025-11-13T17:07:23.797+0000] {manager.py:878} INFO - 
================================================================================
DAG File Processing Stats

File Path                              PID  Runtime      # DAGs    # Errors  Last Runtime    Last Run
-----------------------------------  -----  ---------  --------  ----------  --------------  -------------------
/opt/airflow/dags/sodai_pipeline.py    746  0.01s             1           0  0.12s           2025-11-13T17:06:53
================================================================================
[2025-11-13T17:07:54.300+0000] {manager.py:878} INFO - 
================================================================================
DAG File Processing Stats

File Path                              PID  Runtime      # DAGs    # Errors  Last Runtime    Last Run
-----------------------------------  -----  ---------  --------  ----------  --------------  -------------------
/opt/airflow/dags/sodai_pipeline.py    751  0.02s             1           0  0.12s           2025-11-13T17:07:23
================================================================================
[2025-11-13T17:08:24.732+0000] {manager.py:878} INFO - 
================================================================================
DAG File Processing Stats

File Path                              PID  Runtime      # DAGs    # Errors  Last Runtime    Last Run
-----------------------------------  -----  ---------  --------  ----------  --------------  -------------------
/opt/airflow/dags/sodai_pipeline.py    756  0.02s             1           0  0.12s           2025-11-13T17:07:54
================================================================================
[2025-11-13T17:08:55.176+0000] {manager.py:878} INFO - 
================================================================================
DAG File Processing Stats

File Path                              PID  Runtime      # DAGs    # Errors  Last Runtime    Last Run
-----------------------------------  -----  ---------  --------  ----------  --------------  -------------------
/opt/airflow/dags/sodai_pipeline.py    761  0.01s             1           0  0.15s           2025-11-13T17:08:24
================================================================================
[2025-11-13T17:09:25.561+0000] {manager.py:878} INFO - 
================================================================================
DAG File Processing Stats

File Path                              PID  Runtime      # DAGs    # Errors  Last Runtime    Last Run
-----------------------------------  -----  ---------  --------  ----------  --------------  -------------------
/opt/airflow/dags/sodai_pipeline.py    766  0.02s             1           0  0.13s           2025-11-13T17:08:55
================================================================================
[2025-11-13T17:09:42.769+0000] {manager.py:737} INFO - Searching for files in /opt/airflow/dags
[2025-11-13T17:09:42.781+0000] {manager.py:740} INFO - There are 1 files in /opt/airflow/dags
[2025-11-13T17:09:56.003+0000] {manager.py:878} INFO - 
================================================================================
DAG File Processing Stats

File Path                              PID  Runtime      # DAGs    # Errors  Last Runtime    Last Run
-----------------------------------  -----  ---------  --------  ----------  --------------  -------------------
/opt/airflow/dags/sodai_pipeline.py    771  0.02s             1           0  0.15s           2025-11-13T17:09:25
================================================================================
[2025-11-13T17:10:26.467+0000] {manager.py:878} INFO - 
================================================================================
DAG File Processing Stats

File Path                              PID  Runtime      # DAGs    # Errors  Last Runtime    Last Run
-----------------------------------  -----  ---------  --------  ----------  --------------  -------------------
/opt/airflow/dags/sodai_pipeline.py    776  0.01s             1           0  0.13s           2025-11-13T17:09:56
================================================================================
[2025-11-13T17:10:56.783+0000] {manager.py:878} INFO - 
================================================================================
DAG File Processing Stats

File Path                              PID  Runtime      # DAGs    # Errors  Last Runtime    Last Run
-----------------------------------  -----  ---------  --------  ----------  --------------  -------------------
/opt/airflow/dags/sodai_pipeline.py    781  0.02s             1           0  0.14s           2025-11-13T17:10:26
================================================================================
[2025-11-13T17:11:27.303+0000] {manager.py:878} INFO - 
================================================================================
DAG File Processing Stats

File Path                              PID  Runtime      # DAGs    # Errors  Last Runtime    Last Run
-----------------------------------  -----  ---------  --------  ----------  --------------  -------------------
/opt/airflow/dags/sodai_pipeline.py    786  0.01s             1           0  0.14s           2025-11-13T17:10:56
================================================================================
[2025-11-13T17:11:57.694+0000] {manager.py:878} INFO - 
================================================================================
DAG File Processing Stats

File Path                              PID  Runtime      # DAGs    # Errors  Last Runtime    Last Run
-----------------------------------  -----  ---------  --------  ----------  --------------  -------------------
/opt/airflow/dags/sodai_pipeline.py    791  0.02s             1           0  0.13s           2025-11-13T17:11:27
================================================================================
[2025-11-13T17:12:28.103+0000] {manager.py:878} INFO - 
================================================================================
DAG File Processing Stats

File Path                              PID  Runtime      # DAGs    # Errors  Last Runtime    Last Run
-----------------------------------  -----  ---------  --------  ----------  --------------  -------------------
/opt/airflow/dags/sodai_pipeline.py    796  0.02s             1           0  0.12s           2025-11-13T17:11:57
================================================================================
[2025-11-13T17:12:58.538+0000] {manager.py:878} INFO - 
================================================================================
DAG File Processing Stats

File Path                              PID  Runtime      # DAGs    # Errors  Last Runtime    Last Run
-----------------------------------  -----  ---------  --------  ----------  --------------  -------------------
/opt/airflow/dags/sodai_pipeline.py    801  0.01s             1           0  0.12s           2025-11-13T17:12:28
================================================================================
[2025-11-13T17:13:28.984+0000] {manager.py:878} INFO - 
================================================================================
DAG File Processing Stats

File Path                              PID  Runtime      # DAGs    # Errors  Last Runtime    Last Run
-----------------------------------  -----  ---------  --------  ----------  --------------  -------------------
/opt/airflow/dags/sodai_pipeline.py    806  0.01s             1           0  0.13s           2025-11-13T17:12:58
================================================================================
[2025-11-13T17:13:59.389+0000] {manager.py:878} INFO - 
================================================================================
DAG File Processing Stats

File Path                              PID  Runtime      # DAGs    # Errors  Last Runtime    Last Run
-----------------------------------  -----  ---------  --------  ----------  --------------  -------------------
/opt/airflow/dags/sodai_pipeline.py    811  0.01s             1           0  0.11s           2025-11-13T17:13:29
================================================================================
[2025-11-13T17:14:29.745+0000] {manager.py:878} INFO - 
================================================================================
DAG File Processing Stats

File Path                              PID  Runtime      # DAGs    # Errors  Last Runtime    Last Run
-----------------------------------  -----  ---------  --------  ----------  --------------  -------------------
/opt/airflow/dags/sodai_pipeline.py    816  0.01s             1           0  0.12s           2025-11-13T17:13:59
================================================================================
[2025-11-13T17:14:42.890+0000] {manager.py:737} INFO - Searching for files in /opt/airflow/dags
[2025-11-13T17:14:42.900+0000] {manager.py:740} INFO - There are 1 files in /opt/airflow/dags
[2025-11-13T17:15:00.065+0000] {manager.py:878} INFO - 
================================================================================
DAG File Processing Stats

File Path                              PID  Runtime      # DAGs    # Errors  Last Runtime    Last Run
-----------------------------------  -----  ---------  --------  ----------  --------------  -------------------
/opt/airflow/dags/sodai_pipeline.py    821  0.01s             1           0  0.12s           2025-11-13T17:14:29
================================================================================
[2025-11-13T17:15:30.409+0000] {manager.py:878} INFO - 
================================================================================
DAG File Processing Stats

File Path                              PID  Runtime      # DAGs    # Errors  Last Runtime    Last Run
-----------------------------------  -----  ---------  --------  ----------  --------------  -------------------
/opt/airflow/dags/sodai_pipeline.py    826  0.01s             1           0  0.11s           2025-11-13T17:15:00
================================================================================
[2025-11-13T17:16:00.721+0000] {manager.py:878} INFO - 
================================================================================
DAG File Processing Stats

File Path                              PID  Runtime      # DAGs    # Errors  Last Runtime    Last Run
-----------------------------------  -----  ---------  --------  ----------  --------------  -------------------
/opt/airflow/dags/sodai_pipeline.py    831  0.02s             1           0  0.12s           2025-11-13T17:15:30
================================================================================
[2025-11-13T17:20:18.475+0000] {manager.py:737} INFO - Searching for files in /opt/airflow/dags
[2025-11-13T17:20:18.480+0000] {manager.py:740} INFO - There are 1 files in /opt/airflow/dags
[2025-11-13T17:20:31.685+0000] {manager.py:878} INFO - 
================================================================================
DAG File Processing Stats

File Path                            PID    Runtime      # DAGs    # Errors  Last Runtime    Last Run
-----------------------------------  -----  ---------  --------  ----------  --------------  -------------------
/opt/airflow/dags/sodai_pipeline.py                           1           0  0.11s           2025-11-13T17:20:18
================================================================================
[2025-11-13T17:22:29.477+0000] {manager.py:878} INFO - 
================================================================================
DAG File Processing Stats

File Path                            PID    Runtime      # DAGs    # Errors  Last Runtime    Last Run
-----------------------------------  -----  ---------  --------  ----------  --------------  -------------------
/opt/airflow/dags/sodai_pipeline.py                           1           0  0.14s           2025-11-13T17:22:15
================================================================================
[2025-11-13T17:26:04.791+0000] {manager.py:737} INFO - Searching for files in /opt/airflow/dags
[2025-11-13T17:26:04.798+0000] {manager.py:740} INFO - There are 1 files in /opt/airflow/dags
[2025-11-13T17:26:19.043+0000] {manager.py:878} INFO - 
================================================================================
DAG File Processing Stats

File Path                            PID    Runtime      # DAGs    # Errors  Last Runtime    Last Run
-----------------------------------  -----  ---------  --------  ----------  --------------  -------------------
/opt/airflow/dags/sodai_pipeline.py                           1           0  0.12s           2025-11-13T17:26:04
================================================================================
[2025-11-13T17:31:10.467+0000] {manager.py:737} INFO - Searching for files in /opt/airflow/dags
[2025-11-13T17:31:10.474+0000] {manager.py:740} INFO - There are 1 files in /opt/airflow/dags
[2025-11-13T17:31:24.714+0000] {manager.py:878} INFO - 
================================================================================
DAG File Processing Stats

File Path                            PID    Runtime      # DAGs    # Errors  Last Runtime    Last Run
-----------------------------------  -----  ---------  --------  ----------  --------------  -------------------
/opt/airflow/dags/sodai_pipeline.py                           1           0  0.12s           2025-11-13T17:31:10
================================================================================
[2025-11-13T17:35:31.689+0000] {manager.py:878} INFO - 
================================================================================
DAG File Processing Stats

File Path                            PID    Runtime      # DAGs    # Errors  Last Runtime    Last Run
-----------------------------------  -----  ---------  --------  ----------  --------------  -------------------
/opt/airflow/dags/sodai_pipeline.py                           1           0  0.12s           2025-11-13T17:35:16
================================================================================
[2025-11-13T17:40:28.825+0000] {manager.py:737} INFO - Searching for files in /opt/airflow/dags
[2025-11-13T17:40:28.832+0000] {manager.py:740} INFO - There are 1 files in /opt/airflow/dags
[2025-11-13T17:40:44.038+0000] {manager.py:878} INFO - 
================================================================================
DAG File Processing Stats

File Path                            PID    Runtime      # DAGs    # Errors  Last Runtime    Last Run
-----------------------------------  -----  ---------  --------  ----------  --------------  -------------------
/opt/airflow/dags/sodai_pipeline.py                           1           0  0.10s           2025-11-13T17:40:28
================================================================================
[2025-11-13T17:45:36.941+0000] {manager.py:737} INFO - Searching for files in /opt/airflow/dags
[2025-11-13T17:45:36.948+0000] {manager.py:740} INFO - There are 1 files in /opt/airflow/dags
[2025-11-13T17:45:53.199+0000] {manager.py:878} INFO - 
================================================================================
DAG File Processing Stats

File Path                            PID    Runtime      # DAGs    # Errors  Last Runtime    Last Run
-----------------------------------  -----  ---------  --------  ----------  --------------  -------------------
/opt/airflow/dags/sodai_pipeline.py                           1           0  0.15s           2025-11-13T17:45:37
================================================================================
[2025-11-13T18:03:09.557+0000] {manager.py:737} INFO - Searching for files in /opt/airflow/dags
[2025-11-13T18:03:09.563+0000] {manager.py:740} INFO - There are 1 files in /opt/airflow/dags
[2025-11-13T18:03:25.779+0000] {manager.py:878} INFO - 
================================================================================
DAG File Processing Stats

File Path                            PID    Runtime      # DAGs    # Errors  Last Runtime    Last Run
-----------------------------------  -----  ---------  --------  ----------  --------------  -------------------
/opt/airflow/dags/sodai_pipeline.py                           1           0  0.14s           2025-11-13T18:03:09
================================================================================
[2025-11-13T18:04:35.214+0000] {manager.py:878} INFO - 
================================================================================
DAG File Processing Stats

File Path                            PID    Runtime      # DAGs    # Errors  Last Runtime    Last Run
-----------------------------------  -----  ---------  --------  ----------  --------------  -------------------
/opt/airflow/dags/sodai_pipeline.py                           1           0  0.15s           2025-11-13T18:04:18
================================================================================
[2025-11-13T18:07:03.750+0000] {manager.py:878} INFO - 
================================================================================
DAG File Processing Stats

File Path                            PID    Runtime      # DAGs    # Errors  Last Runtime    Last Run
-----------------------------------  -----  ---------  --------  ----------  --------------  -------------------
/opt/airflow/dags/sodai_pipeline.py                           1           0  0.16s           2025-11-13T18:06:46
================================================================================
[2025-11-13T18:14:01.907+0000] {manager.py:737} INFO - Searching for files in /opt/airflow/dags
[2025-11-13T18:14:01.911+0000] {manager.py:740} INFO - There are 1 files in /opt/airflow/dags
[2025-11-13T18:14:20.152+0000] {manager.py:878} INFO - 
================================================================================
DAG File Processing Stats

File Path                            PID    Runtime      # DAGs    # Errors  Last Runtime    Last Run
-----------------------------------  -----  ---------  --------  ----------  --------------  -------------------
/opt/airflow/dags/sodai_pipeline.py                           1           0  0.12s           2025-11-13T18:14:02
================================================================================
[2025-11-13T18:34:45.639+0000] {manager.py:737} INFO - Searching for files in /opt/airflow/dags
[2025-11-13T18:34:45.647+0000] {manager.py:740} INFO - There are 1 files in /opt/airflow/dags
[2025-11-13T18:35:04.018+0000] {manager.py:878} INFO - 
================================================================================
DAG File Processing Stats

File Path                            PID    Runtime      # DAGs    # Errors  Last Runtime    Last Run
-----------------------------------  -----  ---------  --------  ----------  --------------  -------------------
/opt/airflow/dags/sodai_pipeline.py                           1           0  0.11s           2025-11-13T18:34:45
================================================================================
[2025-11-13T18:37:35.080+0000] {manager.py:878} INFO - 
================================================================================
DAG File Processing Stats

File Path                            PID    Runtime      # DAGs    # Errors  Last Runtime    Last Run
-----------------------------------  -----  ---------  --------  ----------  --------------  -------------------
/opt/airflow/dags/sodai_pipeline.py                           1           0  0.14s           2025-11-13T18:37:15
================================================================================
[2025-11-13T18:41:44.195+0000] {manager.py:737} INFO - Searching for files in /opt/airflow/dags
[2025-11-13T18:41:44.202+0000] {manager.py:740} INFO - There are 1 files in /opt/airflow/dags
[2025-11-13T18:42:03.477+0000] {manager.py:878} INFO - 
================================================================================
DAG File Processing Stats

File Path                            PID    Runtime      # DAGs    # Errors  Last Runtime    Last Run
-----------------------------------  -----  ---------  --------  ----------  --------------  -------------------
/opt/airflow/dags/sodai_pipeline.py                           1           0  0.12s           2025-11-13T18:41:44
================================================================================
[2025-11-13T18:51:18.153+0000] {manager.py:737} INFO - Searching for files in /opt/airflow/dags
[2025-11-13T18:51:18.159+0000] {manager.py:740} INFO - There are 1 files in /opt/airflow/dags
[2025-11-13T18:51:37.427+0000] {manager.py:878} INFO - 
================================================================================
DAG File Processing Stats

File Path                            PID    Runtime      # DAGs    # Errors  Last Runtime    Last Run
-----------------------------------  -----  ---------  --------  ----------  --------------  -------------------
/opt/airflow/dags/sodai_pipeline.py                           1           0  0.11s           2025-11-13T18:51:18
================================================================================
[2025-11-13T19:08:58.281+0000] {manager.py:737} INFO - Searching for files in /opt/airflow/dags
[2025-11-13T19:08:58.288+0000] {manager.py:740} INFO - There are 1 files in /opt/airflow/dags
[2025-11-13T19:09:18.633+0000] {manager.py:878} INFO - 
================================================================================
DAG File Processing Stats

File Path                            PID    Runtime      # DAGs    # Errors  Last Runtime    Last Run
-----------------------------------  -----  ---------  --------  ----------  --------------  -------------------
/opt/airflow/dags/sodai_pipeline.py                           1           0  0.11s           2025-11-13T19:08:58
================================================================================
[2025-11-13T19:51:12.142+0000] {manager.py:737} INFO - Searching for files in /opt/airflow/dags
[2025-11-13T19:51:12.146+0000] {manager.py:740} INFO - There are 1 files in /opt/airflow/dags
[2025-11-13T19:51:32.425+0000] {manager.py:878} INFO - 
================================================================================
DAG File Processing Stats

File Path                            PID    Runtime      # DAGs    # Errors  Last Runtime    Last Run
-----------------------------------  -----  ---------  --------  ----------  --------------  -------------------
/opt/airflow/dags/sodai_pipeline.py                           1           0  0.10s           2025-11-13T19:51:12
================================================================================
[2025-11-13T20:10:20.634+0000] {manager.py:737} INFO - Searching for files in /opt/airflow/dags
[2025-11-13T20:10:20.641+0000] {manager.py:740} INFO - There are 1 files in /opt/airflow/dags
[2025-11-13T20:10:41.918+0000] {manager.py:878} INFO - 
================================================================================
DAG File Processing Stats

File Path                            PID    Runtime      # DAGs    # Errors  Last Runtime    Last Run
-----------------------------------  -----  ---------  --------  ----------  --------------  -------------------
/opt/airflow/dags/sodai_pipeline.py                           1           0  0.11s           2025-11-13T20:10:20
================================================================================
[2025-11-13T20:24:21.896+0000] {manager.py:737} INFO - Searching for files in /opt/airflow/dags
[2025-11-13T20:24:21.901+0000] {manager.py:740} INFO - There are 1 files in /opt/airflow/dags
[2025-11-13T20:24:43.213+0000] {manager.py:878} INFO - 
================================================================================
DAG File Processing Stats

File Path                            PID    Runtime      # DAGs    # Errors  Last Runtime    Last Run
-----------------------------------  -----  ---------  --------  ----------  --------------  -------------------
/opt/airflow/dags/sodai_pipeline.py                           1           0  0.09s           2025-11-13T20:24:22
================================================================================
[2025-11-13T20:31:11.823+0000] {manager.py:737} INFO - Searching for files in /opt/airflow/dags
[2025-11-13T20:31:11.826+0000] {manager.py:740} INFO - There are 1 files in /opt/airflow/dags
[2025-11-13T20:31:34.093+0000] {manager.py:878} INFO - 
================================================================================
DAG File Processing Stats

File Path                            PID    Runtime      # DAGs    # Errors  Last Runtime    Last Run
-----------------------------------  -----  ---------  --------  ----------  --------------  -------------------
/opt/airflow/dags/sodai_pipeline.py                           1           0  0.10s           2025-11-13T20:31:11
================================================================================
[2025-11-13T20:47:42.161+0000] {manager.py:737} INFO - Searching for files in /opt/airflow/dags
[2025-11-13T20:47:42.168+0000] {manager.py:740} INFO - There are 1 files in /opt/airflow/dags
[2025-11-13T20:48:04.470+0000] {manager.py:878} INFO - 
================================================================================
DAG File Processing Stats

File Path                            PID    Runtime      # DAGs    # Errors  Last Runtime    Last Run
-----------------------------------  -----  ---------  --------  ----------  --------------  -------------------
/opt/airflow/dags/sodai_pipeline.py                           1           0  0.12s           2025-11-13T20:47:42
================================================================================
[2025-11-13T21:04:29.876+0000] {manager.py:737} INFO - Searching for files in /opt/airflow/dags
[2025-11-13T21:04:29.882+0000] {manager.py:740} INFO - There are 1 files in /opt/airflow/dags
[2025-11-13T21:04:52.180+0000] {manager.py:878} INFO - 
================================================================================
DAG File Processing Stats

File Path                            PID    Runtime      # DAGs    # Errors  Last Runtime    Last Run
-----------------------------------  -----  ---------  --------  ----------  --------------  -------------------
/opt/airflow/dags/sodai_pipeline.py                           1           0  0.10s           2025-11-13T21:04:30
================================================================================
[2025-11-13T21:16:25.046+0000] {manager.py:737} INFO - Searching for files in /opt/airflow/dags
[2025-11-13T21:16:25.052+0000] {manager.py:740} INFO - There are 1 files in /opt/airflow/dags
[2025-11-13T21:16:48.391+0000] {manager.py:878} INFO - 
================================================================================
DAG File Processing Stats

File Path                            PID    Runtime      # DAGs    # Errors  Last Runtime    Last Run
-----------------------------------  -----  ---------  --------  ----------  --------------  -------------------
/opt/airflow/dags/sodai_pipeline.py                           1           0  0.12s           2025-11-13T21:16:25
================================================================================
[2025-11-13T21:22:38.795+0000] {manager.py:737} INFO - Searching for files in /opt/airflow/dags
[2025-11-13T21:22:38.802+0000] {manager.py:740} INFO - There are 1 files in /opt/airflow/dags
[2025-11-13T21:23:02.153+0000] {manager.py:878} INFO - 
================================================================================
DAG File Processing Stats

File Path                            PID    Runtime      # DAGs    # Errors  Last Runtime    Last Run
-----------------------------------  -----  ---------  --------  ----------  --------------  -------------------
/opt/airflow/dags/sodai_pipeline.py                           1           0  0.11s           2025-11-13T21:22:38
================================================================================
[2025-11-13T21:47:46.018+0000] {manager.py:737} INFO - Searching for files in /opt/airflow/dags
[2025-11-13T21:47:46.021+0000] {manager.py:740} INFO - There are 1 files in /opt/airflow/dags
[2025-11-13T21:48:10.346+0000] {manager.py:878} INFO - 
================================================================================
DAG File Processing Stats

File Path                            PID    Runtime      # DAGs    # Errors  Last Runtime    Last Run
-----------------------------------  -----  ---------  --------  ----------  --------------  -------------------
/opt/airflow/dags/sodai_pipeline.py                           1           0  0.10s           2025-11-13T21:47:46
================================================================================
[2025-11-13T22:19:03.604+0000] {manager.py:737} INFO - Searching for files in /opt/airflow/dags
[2025-11-13T22:19:03.608+0000] {manager.py:740} INFO - There are 1 files in /opt/airflow/dags
[2025-11-13T22:19:27.993+0000] {manager.py:878} INFO - 
================================================================================
DAG File Processing Stats

File Path                            PID    Runtime      # DAGs    # Errors  Last Runtime    Last Run
-----------------------------------  -----  ---------  --------  ----------  --------------  -------------------
/opt/airflow/dags/sodai_pipeline.py                           1           0  0.20s           2025-11-13T22:19:03
================================================================================
[2025-11-13T22:27:41.229+0000] {manager.py:737} INFO - Searching for files in /opt/airflow/dags
[2025-11-13T22:27:41.235+0000] {manager.py:740} INFO - There are 1 files in /opt/airflow/dags
[2025-11-13T22:28:05.560+0000] {manager.py:878} INFO - 
================================================================================
DAG File Processing Stats

File Path                            PID    Runtime      # DAGs    # Errors  Last Runtime    Last Run
-----------------------------------  -----  ---------  --------  ----------  --------------  -------------------
/opt/airflow/dags/sodai_pipeline.py                           1           0  0.10s           2025-11-13T22:27:41
================================================================================
[2025-11-13T22:41:22.264+0000] {manager.py:737} INFO - Searching for files in /opt/airflow/dags
[2025-11-13T22:41:22.269+0000] {manager.py:740} INFO - There are 1 files in /opt/airflow/dags
[2025-11-13T22:41:47.607+0000] {manager.py:878} INFO - 
================================================================================
DAG File Processing Stats

File Path                            PID    Runtime      # DAGs    # Errors  Last Runtime    Last Run
-----------------------------------  -----  ---------  --------  ----------  --------------  -------------------
/opt/airflow/dags/sodai_pipeline.py                           1           0  0.11s           2025-11-13T22:41:22
================================================================================
[2025-11-13T22:55:26.859+0000] {manager.py:737} INFO - Searching for files in /opt/airflow/dags
[2025-11-13T22:55:26.864+0000] {manager.py:740} INFO - There are 1 files in /opt/airflow/dags
[2025-11-13T22:55:52.535+0000] {manager.py:878} INFO - 
================================================================================
DAG File Processing Stats

File Path                            PID    Runtime      # DAGs    # Errors  Last Runtime    Last Run
-----------------------------------  -----  ---------  --------  ----------  --------------  -------------------
/opt/airflow/dags/sodai_pipeline.py                           1           0  0.10s           2025-11-13T22:55:26
================================================================================
[2025-11-13T23:43:19.245+0000] {manager.py:737} INFO - Searching for files in /opt/airflow/dags
[2025-11-13T23:43:19.250+0000] {manager.py:740} INFO - There are 1 files in /opt/airflow/dags
[2025-11-13T23:43:45.579+0000] {manager.py:878} INFO - 
================================================================================
DAG File Processing Stats

File Path                            PID    Runtime      # DAGs    # Errors  Last Runtime    Last Run
-----------------------------------  -----  ---------  --------  ----------  --------------  -------------------
/opt/airflow/dags/sodai_pipeline.py                           1           0  0.10s           2025-11-13T23:43:19
================================================================================
[2025-11-14T00:02:23.385+0000] {manager.py:737} INFO - Searching for files in /opt/airflow/dags
[2025-11-14T00:02:23.392+0000] {manager.py:740} INFO - There are 1 files in /opt/airflow/dags
[2025-11-14T00:02:49.766+0000] {manager.py:878} INFO - 
================================================================================
DAG File Processing Stats

File Path                            PID    Runtime      # DAGs    # Errors  Last Runtime    Last Run
-----------------------------------  -----  ---------  --------  ----------  --------------  -------------------
/opt/airflow/dags/sodai_pipeline.py                           1           0  0.12s           2025-11-14T00:02:23
================================================================================
[2025-11-14T00:07:31.493+0000] {manager.py:737} INFO - Searching for files in /opt/airflow/dags
[2025-11-14T00:07:31.498+0000] {manager.py:740} INFO - There are 1 files in /opt/airflow/dags
[2025-11-14T00:07:58.848+0000] {manager.py:878} INFO - 
================================================================================
DAG File Processing Stats

File Path                            PID    Runtime      # DAGs    # Errors  Last Runtime    Last Run
-----------------------------------  -----  ---------  --------  ----------  --------------  -------------------
/opt/airflow/dags/sodai_pipeline.py                           1           0  0.11s           2025-11-14T00:07:31
================================================================================
[2025-11-14T00:37:16.253+0000] {manager.py:737} INFO - Searching for files in /opt/airflow/dags
[2025-11-14T00:37:16.262+0000] {manager.py:740} INFO - There are 1 files in /opt/airflow/dags
[2025-11-14T00:37:43.604+0000] {manager.py:878} INFO - 
================================================================================
DAG File Processing Stats

File Path                            PID    Runtime      # DAGs    # Errors  Last Runtime    Last Run
-----------------------------------  -----  ---------  --------  ----------  --------------  -------------------
/opt/airflow/dags/sodai_pipeline.py                           1           0  0.09s           2025-11-14T00:37:16
================================================================================
[2025-11-14T00:40:12.537+0000] {manager.py:878} INFO - 
================================================================================
DAG File Processing Stats

File Path                            PID    Runtime      # DAGs    # Errors  Last Runtime    Last Run
-----------------------------------  -----  ---------  --------  ----------  --------------  -------------------
/opt/airflow/dags/sodai_pipeline.py                           1           0  0.13s           2025-11-14T00:39:44
================================================================================
[2025-11-14T01:04:09.399+0000] {manager.py:737} INFO - Searching for files in /opt/airflow/dags
[2025-11-14T01:04:09.406+0000] {manager.py:740} INFO - There are 1 files in /opt/airflow/dags
[2025-11-14T01:04:37.849+0000] {manager.py:878} INFO - 
================================================================================
DAG File Processing Stats

File Path                            PID    Runtime      # DAGs    # Errors  Last Runtime    Last Run
-----------------------------------  -----  ---------  --------  ----------  --------------  -------------------
/opt/airflow/dags/sodai_pipeline.py                           1           0  0.14s           2025-11-14T01:04:09
================================================================================
[2025-11-14T01:26:38.841+0000] {manager.py:737} INFO - Searching for files in /opt/airflow/dags
[2025-11-14T01:26:38.847+0000] {manager.py:740} INFO - There are 1 files in /opt/airflow/dags
[2025-11-14T01:27:07.805+0000] {manager.py:878} INFO - 
================================================================================
DAG File Processing Stats

File Path                            PID    Runtime      # DAGs    # Errors  Last Runtime    Last Run
-----------------------------------  -----  ---------  --------  ----------  --------------  -------------------
/opt/airflow/dags/sodai_pipeline.py                           1           0  0.57s           2025-11-14T01:26:39
================================================================================
[2025-11-14T01:50:58.516+0000] {manager.py:737} INFO - Searching for files in /opt/airflow/dags
[2025-11-14T01:50:58.521+0000] {manager.py:740} INFO - There are 1 files in /opt/airflow/dags
[2025-11-14T01:51:27.882+0000] {manager.py:878} INFO - 
================================================================================
DAG File Processing Stats

File Path                            PID    Runtime      # DAGs    # Errors  Last Runtime    Last Run
-----------------------------------  -----  ---------  --------  ----------  --------------  -------------------
/opt/airflow/dags/sodai_pipeline.py                           1           0  0.16s           2025-11-14T01:50:58
================================================================================
[2025-11-14T01:51:58.281+0000] {manager.py:878} INFO - 
================================================================================
DAG File Processing Stats

File Path                            PID    Runtime      # DAGs    # Errors  Last Runtime    Last Run
-----------------------------------  -----  ---------  --------  ----------  --------------  -------------------
/opt/airflow/dags/sodai_pipeline.py                           1           0  0.22s           2025-11-14T01:51:29
================================================================================
[2025-11-14T01:52:28.692+0000] {manager.py:878} INFO - 
================================================================================
DAG File Processing Stats

File Path                            PID    Runtime      # DAGs    # Errors  Last Runtime    Last Run
-----------------------------------  -----  ---------  --------  ----------  --------------  -------------------
/opt/airflow/dags/sodai_pipeline.py                           1           0  0.13s           2025-11-14T01:51:59
================================================================================
[2025-11-14T01:52:59.016+0000] {manager.py:878} INFO - 
================================================================================
DAG File Processing Stats

File Path                            PID    Runtime      # DAGs    # Errors  Last Runtime    Last Run
-----------------------------------  -----  ---------  --------  ----------  --------------  -------------------
/opt/airflow/dags/sodai_pipeline.py                           1           0  0.17s           2025-11-14T01:52:29
================================================================================
[2025-11-14T01:53:29.443+0000] {manager.py:878} INFO - 
================================================================================
DAG File Processing Stats

File Path                            PID    Runtime      # DAGs    # Errors  Last Runtime    Last Run
-----------------------------------  -----  ---------  --------  ----------  --------------  -------------------
/opt/airflow/dags/sodai_pipeline.py                           1           0  0.15s           2025-11-14T01:53:00
================================================================================
[2025-11-14T01:53:59.911+0000] {manager.py:878} INFO - 
================================================================================
DAG File Processing Stats

File Path                            PID    Runtime      # DAGs    # Errors  Last Runtime    Last Run
-----------------------------------  -----  ---------  --------  ----------  --------------  -------------------
/opt/airflow/dags/sodai_pipeline.py                           1           0  0.13s           2025-11-14T01:53:30
================================================================================
[2025-11-14T01:54:30.240+0000] {manager.py:878} INFO - 
================================================================================
DAG File Processing Stats

File Path                            PID    Runtime      # DAGs    # Errors  Last Runtime    Last Run
-----------------------------------  -----  ---------  --------  ----------  --------------  -------------------
/opt/airflow/dags/sodai_pipeline.py                           1           0  0.19s           2025-11-14T01:54:01
================================================================================
[2025-11-14T01:55:00.701+0000] {manager.py:878} INFO - 
================================================================================
DAG File Processing Stats

File Path                            PID    Runtime      # DAGs    # Errors  Last Runtime    Last Run
-----------------------------------  -----  ---------  --------  ----------  --------------  -------------------
/opt/airflow/dags/sodai_pipeline.py                           1           0  0.15s           2025-11-14T01:54:31
================================================================================
[2025-11-14T01:55:31.072+0000] {manager.py:878} INFO - 
================================================================================
DAG File Processing Stats

File Path                            PID    Runtime      # DAGs    # Errors  Last Runtime    Last Run
-----------------------------------  -----  ---------  --------  ----------  --------------  -------------------
/opt/airflow/dags/sodai_pipeline.py                           1           0  0.15s           2025-11-14T01:55:01
================================================================================
[2025-11-14T01:55:59.431+0000] {manager.py:737} INFO - Searching for files in /opt/airflow/dags
[2025-11-14T01:55:59.443+0000] {manager.py:740} INFO - There are 1 files in /opt/airflow/dags
[2025-11-14T01:56:01.483+0000] {manager.py:878} INFO - 
================================================================================
DAG File Processing Stats

File Path                            PID    Runtime      # DAGs    # Errors  Last Runtime    Last Run
-----------------------------------  -----  ---------  --------  ----------  --------------  -------------------
/opt/airflow/dags/sodai_pipeline.py                           1           0  0.15s           2025-11-14T01:55:32
================================================================================
[2025-11-14T01:56:31.843+0000] {manager.py:878} INFO - 
================================================================================
DAG File Processing Stats

File Path                            PID    Runtime      # DAGs    # Errors  Last Runtime    Last Run
-----------------------------------  -----  ---------  --------  ----------  --------------  -------------------
/opt/airflow/dags/sodai_pipeline.py                           1           0  0.13s           2025-11-14T01:56:02
================================================================================
[2025-11-14T01:57:02.253+0000] {manager.py:878} INFO - 
================================================================================
DAG File Processing Stats

File Path                            PID    Runtime      # DAGs    # Errors  Last Runtime    Last Run
-----------------------------------  -----  ---------  --------  ----------  --------------  -------------------
/opt/airflow/dags/sodai_pipeline.py                           1           0  0.14s           2025-11-14T01:56:33
================================================================================
[2025-11-14T01:57:32.607+0000] {manager.py:878} INFO - 
================================================================================
DAG File Processing Stats

File Path                            PID    Runtime      # DAGs    # Errors  Last Runtime    Last Run
-----------------------------------  -----  ---------  --------  ----------  --------------  -------------------
/opt/airflow/dags/sodai_pipeline.py                           1           0  0.11s           2025-11-14T01:57:03
================================================================================
[2025-11-14T01:58:02.968+0000] {manager.py:878} INFO - 
================================================================================
DAG File Processing Stats

File Path                            PID    Runtime      # DAGs    # Errors  Last Runtime    Last Run
-----------------------------------  -----  ---------  --------  ----------  --------------  -------------------
/opt/airflow/dags/sodai_pipeline.py                           1           0  0.14s           2025-11-14T01:57:33
================================================================================
[2025-11-14T01:58:33.327+0000] {manager.py:878} INFO - 
================================================================================
DAG File Processing Stats

File Path                            PID    Runtime      # DAGs    # Errors  Last Runtime    Last Run
-----------------------------------  -----  ---------  --------  ----------  --------------  -------------------
/opt/airflow/dags/sodai_pipeline.py                           1           0  0.15s           2025-11-14T01:58:04
================================================================================
[2025-11-14T01:59:03.709+0000] {manager.py:878} INFO - 
================================================================================
DAG File Processing Stats

File Path                            PID    Runtime      # DAGs    # Errors  Last Runtime    Last Run
-----------------------------------  -----  ---------  --------  ----------  --------------  -------------------
/opt/airflow/dags/sodai_pipeline.py                           1           0  0.15s           2025-11-14T01:58:34
================================================================================
[2025-11-14T01:59:34.077+0000] {manager.py:878} INFO - 
================================================================================
DAG File Processing Stats

File Path                            PID    Runtime      # DAGs    # Errors  Last Runtime    Last Run
-----------------------------------  -----  ---------  --------  ----------  --------------  -------------------
/opt/airflow/dags/sodai_pipeline.py                           1           0  0.15s           2025-11-14T01:59:04
================================================================================
[2025-11-14T02:00:04.398+0000] {manager.py:878} INFO - 
================================================================================
DAG File Processing Stats

File Path                            PID    Runtime      # DAGs    # Errors  Last Runtime    Last Run
-----------------------------------  -----  ---------  --------  ----------  --------------  -------------------
/opt/airflow/dags/sodai_pipeline.py                           1           0  0.14s           2025-11-14T01:59:35
================================================================================
[2025-11-14T02:00:34.810+0000] {manager.py:878} INFO - 
================================================================================
DAG File Processing Stats

File Path                            PID    Runtime      # DAGs    # Errors  Last Runtime    Last Run
-----------------------------------  -----  ---------  --------  ----------  --------------  -------------------
/opt/airflow/dags/sodai_pipeline.py                           1           0  0.11s           2025-11-14T02:00:05
================================================================================
[2025-11-14T02:01:00.140+0000] {manager.py:737} INFO - Searching for files in /opt/airflow/dags
[2025-11-14T02:01:00.154+0000] {manager.py:740} INFO - There are 1 files in /opt/airflow/dags
[2025-11-14T02:01:05.234+0000] {manager.py:878} INFO - 
================================================================================
DAG File Processing Stats

File Path                            PID    Runtime      # DAGs    # Errors  Last Runtime    Last Run
-----------------------------------  -----  ---------  --------  ----------  --------------  -------------------
/opt/airflow/dags/sodai_pipeline.py                           1           0  0.19s           2025-11-14T02:00:36
================================================================================
[2025-11-14T02:01:35.633+0000] {manager.py:878} INFO - 
================================================================================
DAG File Processing Stats

File Path                            PID    Runtime      # DAGs    # Errors  Last Runtime    Last Run
-----------------------------------  -----  ---------  --------  ----------  --------------  -------------------
/opt/airflow/dags/sodai_pipeline.py                           1           0  0.13s           2025-11-14T02:01:06
================================================================================
[2025-11-14T02:02:05.994+0000] {manager.py:878} INFO - 
================================================================================
DAG File Processing Stats

File Path                            PID    Runtime      # DAGs    # Errors  Last Runtime    Last Run
-----------------------------------  -----  ---------  --------  ----------  --------------  -------------------
/opt/airflow/dags/sodai_pipeline.py                           1           0  0.13s           2025-11-14T02:01:36
================================================================================
[2025-11-14T02:02:36.358+0000] {manager.py:878} INFO - 
================================================================================
DAG File Processing Stats

File Path                            PID    Runtime      # DAGs    # Errors  Last Runtime    Last Run
-----------------------------------  -----  ---------  --------  ----------  --------------  -------------------
/opt/airflow/dags/sodai_pipeline.py                           1           0  0.13s           2025-11-14T02:02:07
================================================================================
[2025-11-14T02:03:06.734+0000] {manager.py:878} INFO - 
================================================================================
DAG File Processing Stats

File Path                            PID    Runtime      # DAGs    # Errors  Last Runtime    Last Run
-----------------------------------  -----  ---------  --------  ----------  --------------  -------------------
/opt/airflow/dags/sodai_pipeline.py                           1           0  0.15s           2025-11-14T02:02:37
================================================================================
[2025-11-14T02:03:37.103+0000] {manager.py:878} INFO - 
================================================================================
DAG File Processing Stats

File Path                            PID    Runtime      # DAGs    # Errors  Last Runtime    Last Run
-----------------------------------  -----  ---------  --------  ----------  --------------  -------------------
/opt/airflow/dags/sodai_pipeline.py                           1           0  0.12s           2025-11-14T02:03:07
================================================================================
[2025-11-14T02:04:07.421+0000] {manager.py:878} INFO - 
================================================================================
DAG File Processing Stats

File Path                            PID    Runtime      # DAGs    # Errors  Last Runtime    Last Run
-----------------------------------  -----  ---------  --------  ----------  --------------  -------------------
/opt/airflow/dags/sodai_pipeline.py                           1           0  0.12s           2025-11-14T02:03:38
================================================================================
[2025-11-14T02:04:37.776+0000] {manager.py:878} INFO - 
================================================================================
DAG File Processing Stats

File Path                            PID    Runtime      # DAGs    # Errors  Last Runtime    Last Run
-----------------------------------  -----  ---------  --------  ----------  --------------  -------------------
/opt/airflow/dags/sodai_pipeline.py                           1           0  0.11s           2025-11-14T02:04:08
================================================================================
[2025-11-14T02:05:08.060+0000] {manager.py:878} INFO - 
================================================================================
DAG File Processing Stats

File Path                            PID    Runtime      # DAGs    # Errors  Last Runtime    Last Run
-----------------------------------  -----  ---------  --------  ----------  --------------  -------------------
/opt/airflow/dags/sodai_pipeline.py                           1           0  0.11s           2025-11-14T02:04:38
================================================================================
[2025-11-14T02:05:38.351+0000] {manager.py:878} INFO - 
================================================================================
DAG File Processing Stats

File Path                            PID    Runtime      # DAGs    # Errors  Last Runtime    Last Run
-----------------------------------  -----  ---------  --------  ----------  --------------  -------------------
/opt/airflow/dags/sodai_pipeline.py                           1           0  0.09s           2025-11-14T02:05:09
================================================================================
[2025-11-14T02:06:00.580+0000] {manager.py:737} INFO - Searching for files in /opt/airflow/dags
[2025-11-14T02:06:00.590+0000] {manager.py:740} INFO - There are 1 files in /opt/airflow/dags
[2025-11-14T02:06:08.678+0000] {manager.py:878} INFO - 
================================================================================
DAG File Processing Stats

File Path                            PID    Runtime      # DAGs    # Errors  Last Runtime    Last Run
-----------------------------------  -----  ---------  --------  ----------  --------------  -------------------
/opt/airflow/dags/sodai_pipeline.py                           1           0  0.08s           2025-11-14T02:05:39
================================================================================
[2025-11-14T02:06:38.986+0000] {manager.py:878} INFO - 
================================================================================
DAG File Processing Stats

File Path                            PID    Runtime      # DAGs    # Errors  Last Runtime    Last Run
-----------------------------------  -----  ---------  --------  ----------  --------------  -------------------
/opt/airflow/dags/sodai_pipeline.py                           1           0  0.10s           2025-11-14T02:06:09
================================================================================
[2025-11-14T02:07:09.338+0000] {manager.py:878} INFO - 
================================================================================
DAG File Processing Stats

File Path                            PID    Runtime      # DAGs    # Errors  Last Runtime    Last Run
-----------------------------------  -----  ---------  --------  ----------  --------------  -------------------
/opt/airflow/dags/sodai_pipeline.py                           1           0  0.13s           2025-11-14T02:06:40
================================================================================
[2025-11-14T02:07:39.697+0000] {manager.py:878} INFO - 
================================================================================
DAG File Processing Stats

File Path                            PID    Runtime      # DAGs    # Errors  Last Runtime    Last Run
-----------------------------------  -----  ---------  --------  ----------  --------------  -------------------
/opt/airflow/dags/sodai_pipeline.py                           1           0  0.10s           2025-11-14T02:07:10
================================================================================
[2025-11-14T02:08:10.118+0000] {manager.py:878} INFO - 
================================================================================
DAG File Processing Stats

File Path                            PID    Runtime      # DAGs    # Errors  Last Runtime    Last Run
-----------------------------------  -----  ---------  --------  ----------  --------------  -------------------
/opt/airflow/dags/sodai_pipeline.py                           1           0  0.13s           2025-11-14T02:07:40
================================================================================
[2025-11-14T02:08:40.513+0000] {manager.py:878} INFO - 
================================================================================
DAG File Processing Stats

File Path                            PID    Runtime      # DAGs    # Errors  Last Runtime    Last Run
-----------------------------------  -----  ---------  --------  ----------  --------------  -------------------
/opt/airflow/dags/sodai_pipeline.py                           1           0  0.13s           2025-11-14T02:08:11
================================================================================
[2025-11-14T02:09:10.904+0000] {manager.py:878} INFO - 
================================================================================
DAG File Processing Stats

File Path                            PID    Runtime      # DAGs    # Errors  Last Runtime    Last Run
-----------------------------------  -----  ---------  --------  ----------  --------------  -------------------
/opt/airflow/dags/sodai_pipeline.py                           1           0  0.14s           2025-11-14T02:08:41
================================================================================
[2025-11-14T02:09:41.252+0000] {manager.py:878} INFO - 
================================================================================
DAG File Processing Stats

File Path                            PID    Runtime      # DAGs    # Errors  Last Runtime    Last Run
-----------------------------------  -----  ---------  --------  ----------  --------------  -------------------
/opt/airflow/dags/sodai_pipeline.py                           1           0  0.13s           2025-11-14T02:09:12
================================================================================
[2025-11-14T02:10:11.622+0000] {manager.py:878} INFO - 
================================================================================
DAG File Processing Stats

File Path                            PID    Runtime      # DAGs    # Errors  Last Runtime    Last Run
-----------------------------------  -----  ---------  --------  ----------  --------------  -------------------
/opt/airflow/dags/sodai_pipeline.py                           1           0  0.11s           2025-11-14T02:09:42
================================================================================
[2025-11-14T02:10:41.926+0000] {manager.py:878} INFO - 
================================================================================
DAG File Processing Stats

File Path                            PID    Runtime      # DAGs    # Errors  Last Runtime    Last Run
-----------------------------------  -----  ---------  --------  ----------  --------------  -------------------
/opt/airflow/dags/sodai_pipeline.py                           1           0  0.12s           2025-11-14T02:10:12
================================================================================
[2025-11-14T02:11:01.216+0000] {manager.py:737} INFO - Searching for files in /opt/airflow/dags
[2025-11-14T02:11:01.229+0000] {manager.py:740} INFO - There are 1 files in /opt/airflow/dags
[2025-11-14T02:11:12.369+0000] {manager.py:878} INFO - 
================================================================================
DAG File Processing Stats

File Path                            PID    Runtime      # DAGs    # Errors  Last Runtime    Last Run
-----------------------------------  -----  ---------  --------  ----------  --------------  -------------------
/opt/airflow/dags/sodai_pipeline.py                           1           0  0.14s           2025-11-14T02:10:43
================================================================================
[2025-11-14T02:11:42.732+0000] {manager.py:878} INFO - 
================================================================================
DAG File Processing Stats

File Path                            PID    Runtime      # DAGs    # Errors  Last Runtime    Last Run
-----------------------------------  -----  ---------  --------  ----------  --------------  -------------------
/opt/airflow/dags/sodai_pipeline.py                           1           0  0.14s           2025-11-14T02:11:13
================================================================================
[2025-11-14T02:12:13.101+0000] {manager.py:878} INFO - 
================================================================================
DAG File Processing Stats

File Path                            PID    Runtime      # DAGs    # Errors  Last Runtime    Last Run
-----------------------------------  -----  ---------  --------  ----------  --------------  -------------------
/opt/airflow/dags/sodai_pipeline.py                           1           0  0.14s           2025-11-14T02:11:43
================================================================================
[2025-11-14T02:12:43.482+0000] {manager.py:878} INFO - 
================================================================================
DAG File Processing Stats

File Path                            PID    Runtime      # DAGs    # Errors  Last Runtime    Last Run
-----------------------------------  -----  ---------  --------  ----------  --------------  -------------------
/opt/airflow/dags/sodai_pipeline.py                           1           0  0.13s           2025-11-14T02:12:14
================================================================================
[2025-11-14T02:13:13.814+0000] {manager.py:878} INFO - 
================================================================================
DAG File Processing Stats

File Path                            PID    Runtime      # DAGs    # Errors  Last Runtime    Last Run
-----------------------------------  -----  ---------  --------  ----------  --------------  -------------------
/opt/airflow/dags/sodai_pipeline.py                           1           0  0.13s           2025-11-14T02:12:44
================================================================================
[2025-11-14T02:13:44.212+0000] {manager.py:878} INFO - 
================================================================================
DAG File Processing Stats

File Path                            PID    Runtime      # DAGs    # Errors  Last Runtime    Last Run
-----------------------------------  -----  ---------  --------  ----------  --------------  -------------------
/opt/airflow/dags/sodai_pipeline.py                           1           0  0.15s           2025-11-14T02:13:14
================================================================================
[2025-11-14T02:14:14.581+0000] {manager.py:878} INFO - 
================================================================================
DAG File Processing Stats

File Path                            PID    Runtime      # DAGs    # Errors  Last Runtime    Last Run
-----------------------------------  -----  ---------  --------  ----------  --------------  -------------------
/opt/airflow/dags/sodai_pipeline.py                           1           0  0.16s           2025-11-14T02:13:45
================================================================================
[2025-11-14T02:14:44.923+0000] {manager.py:878} INFO - 
================================================================================
DAG File Processing Stats

File Path                            PID    Runtime      # DAGs    # Errors  Last Runtime    Last Run
-----------------------------------  -----  ---------  --------  ----------  --------------  -------------------
/opt/airflow/dags/sodai_pipeline.py                           1           0  0.14s           2025-11-14T02:14:15
================================================================================
[2025-11-14T02:15:15.279+0000] {manager.py:878} INFO - 
================================================================================
DAG File Processing Stats

File Path                            PID    Runtime      # DAGs    # Errors  Last Runtime    Last Run
-----------------------------------  -----  ---------  --------  ----------  --------------  -------------------
/opt/airflow/dags/sodai_pipeline.py                           1           0  0.13s           2025-11-14T02:14:46
================================================================================
[2025-11-14T02:15:45.592+0000] {manager.py:878} INFO - 
================================================================================
DAG File Processing Stats

File Path                            PID    Runtime      # DAGs    # Errors  Last Runtime    Last Run
-----------------------------------  -----  ---------  --------  ----------  --------------  -------------------
/opt/airflow/dags/sodai_pipeline.py                           1           0  0.12s           2025-11-14T02:15:16
================================================================================
[2025-11-14T02:16:01.828+0000] {manager.py:737} INFO - Searching for files in /opt/airflow/dags
[2025-11-14T02:16:01.840+0000] {manager.py:740} INFO - There are 1 files in /opt/airflow/dags
[2025-11-14T02:16:16.000+0000] {manager.py:878} INFO - 
================================================================================
DAG File Processing Stats

File Path                            PID    Runtime      # DAGs    # Errors  Last Runtime    Last Run
-----------------------------------  -----  ---------  --------  ----------  --------------  -------------------
/opt/airflow/dags/sodai_pipeline.py                           1           0  0.13s           2025-11-14T02:15:46
================================================================================
[2025-11-14T02:16:46.361+0000] {manager.py:878} INFO - 
================================================================================
DAG File Processing Stats

File Path                            PID    Runtime      # DAGs    # Errors  Last Runtime    Last Run
-----------------------------------  -----  ---------  --------  ----------  --------------  -------------------
/opt/airflow/dags/sodai_pipeline.py                           1           0  0.13s           2025-11-14T02:16:17
================================================================================
[2025-11-14T02:17:16.740+0000] {manager.py:878} INFO - 
================================================================================
DAG File Processing Stats

File Path                            PID    Runtime      # DAGs    # Errors  Last Runtime    Last Run
-----------------------------------  -----  ---------  --------  ----------  --------------  -------------------
/opt/airflow/dags/sodai_pipeline.py                           1           0  0.13s           2025-11-14T02:16:47
================================================================================
[2025-11-14T02:17:47.137+0000] {manager.py:878} INFO - 
================================================================================
DAG File Processing Stats

File Path                            PID    Runtime      # DAGs    # Errors  Last Runtime    Last Run
-----------------------------------  -----  ---------  --------  ----------  --------------  -------------------
/opt/airflow/dags/sodai_pipeline.py                           1           0  0.12s           2025-11-14T02:17:17
================================================================================
[2025-11-14T02:18:17.498+0000] {manager.py:878} INFO - 
================================================================================
DAG File Processing Stats

File Path                            PID    Runtime      # DAGs    # Errors  Last Runtime    Last Run
-----------------------------------  -----  ---------  --------  ----------  --------------  -------------------
/opt/airflow/dags/sodai_pipeline.py                           1           0  0.13s           2025-11-14T02:17:48
================================================================================
[2025-11-14T02:18:47.911+0000] {manager.py:878} INFO - 
================================================================================
DAG File Processing Stats

File Path                            PID    Runtime      # DAGs    # Errors  Last Runtime    Last Run
-----------------------------------  -----  ---------  --------  ----------  --------------  -------------------
/opt/airflow/dags/sodai_pipeline.py                           1           0  0.12s           2025-11-14T02:18:18
================================================================================
[2025-11-14T02:19:18.287+0000] {manager.py:878} INFO - 
================================================================================
DAG File Processing Stats

File Path                            PID    Runtime      # DAGs    # Errors  Last Runtime    Last Run
-----------------------------------  -----  ---------  --------  ----------  --------------  -------------------
/opt/airflow/dags/sodai_pipeline.py                           1           0  0.14s           2025-11-14T02:18:49
================================================================================
[2025-11-14T02:19:48.641+0000] {manager.py:878} INFO - 
================================================================================
DAG File Processing Stats

File Path                            PID    Runtime      # DAGs    # Errors  Last Runtime    Last Run
-----------------------------------  -----  ---------  --------  ----------  --------------  -------------------
/opt/airflow/dags/sodai_pipeline.py                           1           0  0.15s           2025-11-14T02:19:19
================================================================================
[2025-11-14T02:20:19.031+0000] {manager.py:878} INFO - 
================================================================================
DAG File Processing Stats

File Path                            PID    Runtime      # DAGs    # Errors  Last Runtime    Last Run
-----------------------------------  -----  ---------  --------  ----------  --------------  -------------------
/opt/airflow/dags/sodai_pipeline.py                           1           0  0.15s           2025-11-14T02:19:49
================================================================================
[2025-11-14T02:20:49.359+0000] {manager.py:878} INFO - 
================================================================================
DAG File Processing Stats

File Path                            PID    Runtime      # DAGs    # Errors  Last Runtime    Last Run
-----------------------------------  -----  ---------  --------  ----------  --------------  -------------------
/opt/airflow/dags/sodai_pipeline.py                           1           0  0.17s           2025-11-14T02:20:20
================================================================================
[2025-11-14T02:21:02.616+0000] {manager.py:737} INFO - Searching for files in /opt/airflow/dags
[2025-11-14T02:21:02.627+0000] {manager.py:740} INFO - There are 1 files in /opt/airflow/dags
[2025-11-14T02:21:19.821+0000] {manager.py:878} INFO - 
================================================================================
DAG File Processing Stats

File Path                            PID    Runtime      # DAGs    # Errors  Last Runtime    Last Run
-----------------------------------  -----  ---------  --------  ----------  --------------  -------------------
/opt/airflow/dags/sodai_pipeline.py                           1           0  0.15s           2025-11-14T02:20:50
================================================================================
[2025-11-14T02:21:50.270+0000] {manager.py:878} INFO - 
================================================================================
DAG File Processing Stats

File Path                            PID    Runtime      # DAGs    # Errors  Last Runtime    Last Run
-----------------------------------  -----  ---------  --------  ----------  --------------  -------------------
/opt/airflow/dags/sodai_pipeline.py                           1           0  0.14s           2025-11-14T02:21:20
================================================================================
[2025-11-14T02:22:20.690+0000] {manager.py:878} INFO - 
================================================================================
DAG File Processing Stats

File Path                            PID    Runtime      # DAGs    # Errors  Last Runtime    Last Run
-----------------------------------  -----  ---------  --------  ----------  --------------  -------------------
/opt/airflow/dags/sodai_pipeline.py                           1           0  0.16s           2025-11-14T02:21:51
================================================================================
[2025-11-14T02:22:51.090+0000] {manager.py:878} INFO - 
================================================================================
DAG File Processing Stats

File Path                            PID    Runtime      # DAGs    # Errors  Last Runtime    Last Run
-----------------------------------  -----  ---------  --------  ----------  --------------  -------------------
/opt/airflow/dags/sodai_pipeline.py                           1           0  0.17s           2025-11-14T02:22:21
================================================================================
[2025-11-14T02:23:21.458+0000] {manager.py:878} INFO - 
================================================================================
DAG File Processing Stats

File Path                            PID    Runtime      # DAGs    # Errors  Last Runtime    Last Run
-----------------------------------  -----  ---------  --------  ----------  --------------  -------------------
/opt/airflow/dags/sodai_pipeline.py                           1           0  0.14s           2025-11-14T02:22:52
================================================================================
[2025-11-14T02:23:51.863+0000] {manager.py:878} INFO - 
================================================================================
DAG File Processing Stats

File Path                            PID    Runtime      # DAGs    # Errors  Last Runtime    Last Run
-----------------------------------  -----  ---------  --------  ----------  --------------  -------------------
/opt/airflow/dags/sodai_pipeline.py                           1           0  0.12s           2025-11-14T02:23:22
================================================================================
[2025-11-14T02:24:22.218+0000] {manager.py:878} INFO - 
================================================================================
DAG File Processing Stats

File Path                            PID    Runtime      # DAGs    # Errors  Last Runtime    Last Run
-----------------------------------  -----  ---------  --------  ----------  --------------  -------------------
/opt/airflow/dags/sodai_pipeline.py                           1           0  0.15s           2025-11-14T02:23:53
================================================================================
[2025-11-14T02:24:52.519+0000] {manager.py:878} INFO - 
================================================================================
DAG File Processing Stats

File Path                            PID    Runtime      # DAGs    # Errors  Last Runtime    Last Run
-----------------------------------  -----  ---------  --------  ----------  --------------  -------------------
/opt/airflow/dags/sodai_pipeline.py                           1           0  0.11s           2025-11-14T02:24:23
================================================================================
[2025-11-14T02:25:22.839+0000] {manager.py:878} INFO - 
================================================================================
DAG File Processing Stats

File Path                            PID    Runtime      # DAGs    # Errors  Last Runtime    Last Run
-----------------------------------  -----  ---------  --------  ----------  --------------  -------------------
/opt/airflow/dags/sodai_pipeline.py                           1           0  0.10s           2025-11-14T02:24:53
================================================================================
[2025-11-14T02:25:53.149+0000] {manager.py:878} INFO - 
================================================================================
DAG File Processing Stats

File Path                            PID    Runtime      # DAGs    # Errors  Last Runtime    Last Run
-----------------------------------  -----  ---------  --------  ----------  --------------  -------------------
/opt/airflow/dags/sodai_pipeline.py                           1           0  0.13s           2025-11-14T02:25:23
================================================================================
[2025-11-14T02:26:03.295+0000] {manager.py:737} INFO - Searching for files in /opt/airflow/dags
[2025-11-14T02:26:03.305+0000] {manager.py:740} INFO - There are 1 files in /opt/airflow/dags
[2025-11-14T02:26:23.534+0000] {manager.py:878} INFO - 
================================================================================
DAG File Processing Stats

File Path                            PID    Runtime      # DAGs    # Errors  Last Runtime    Last Run
-----------------------------------  -----  ---------  --------  ----------  --------------  -------------------
/opt/airflow/dags/sodai_pipeline.py                           1           0  0.15s           2025-11-14T02:25:54
================================================================================
[2025-11-14T02:26:53.879+0000] {manager.py:878} INFO - 
================================================================================
DAG File Processing Stats

File Path                            PID    Runtime      # DAGs    # Errors  Last Runtime    Last Run
-----------------------------------  -----  ---------  --------  ----------  --------------  -------------------
/opt/airflow/dags/sodai_pipeline.py                           1           0  0.11s           2025-11-14T02:26:24
================================================================================
[2025-11-14T02:27:24.185+0000] {manager.py:878} INFO - 
================================================================================
DAG File Processing Stats

File Path                            PID    Runtime      # DAGs    # Errors  Last Runtime    Last Run
-----------------------------------  -----  ---------  --------  ----------  --------------  -------------------
/opt/airflow/dags/sodai_pipeline.py                           1           0  0.07s           2025-11-14T02:26:54
================================================================================
[2025-11-14T02:27:54.543+0000] {manager.py:878} INFO - 
================================================================================
DAG File Processing Stats

File Path                            PID    Runtime      # DAGs    # Errors  Last Runtime    Last Run
-----------------------------------  -----  ---------  --------  ----------  --------------  -------------------
/opt/airflow/dags/sodai_pipeline.py                           1           0  0.07s           2025-11-14T02:27:25
================================================================================
[2025-11-14T02:28:24.873+0000] {manager.py:878} INFO - 
================================================================================
DAG File Processing Stats

File Path                            PID    Runtime      # DAGs    # Errors  Last Runtime    Last Run
-----------------------------------  -----  ---------  --------  ----------  --------------  -------------------
/opt/airflow/dags/sodai_pipeline.py                           1           0  0.13s           2025-11-14T02:27:55
================================================================================
[2025-11-14T02:28:55.271+0000] {manager.py:878} INFO - 
================================================================================
DAG File Processing Stats

File Path                            PID    Runtime      # DAGs    # Errors  Last Runtime    Last Run
-----------------------------------  -----  ---------  --------  ----------  --------------  -------------------
/opt/airflow/dags/sodai_pipeline.py                           1           0  0.09s           2025-11-14T02:28:25
================================================================================
[2025-11-14T02:29:25.628+0000] {manager.py:878} INFO - 
================================================================================
DAG File Processing Stats

File Path                            PID    Runtime      # DAGs    # Errors  Last Runtime    Last Run
-----------------------------------  -----  ---------  --------  ----------  --------------  -------------------
/opt/airflow/dags/sodai_pipeline.py                           1           0  0.12s           2025-11-14T02:28:56
================================================================================
[2025-11-14T02:29:56.046+0000] {manager.py:878} INFO - 
================================================================================
DAG File Processing Stats

File Path                            PID    Runtime      # DAGs    # Errors  Last Runtime    Last Run
-----------------------------------  -----  ---------  --------  ----------  --------------  -------------------
/opt/airflow/dags/sodai_pipeline.py                           1           0  0.07s           2025-11-14T02:29:26
================================================================================
[2025-11-14T02:30:26.405+0000] {manager.py:878} INFO - 
================================================================================
DAG File Processing Stats

File Path                            PID    Runtime      # DAGs    # Errors  Last Runtime    Last Run
-----------------------------------  -----  ---------  --------  ----------  --------------  -------------------
/opt/airflow/dags/sodai_pipeline.py                           1           0  0.15s           2025-11-14T02:29:57
================================================================================
[2025-11-14T02:30:56.755+0000] {manager.py:878} INFO - 
================================================================================
DAG File Processing Stats

File Path                            PID    Runtime      # DAGs    # Errors  Last Runtime    Last Run
-----------------------------------  -----  ---------  --------  ----------  --------------  -------------------
/opt/airflow/dags/sodai_pipeline.py                           1           0  0.11s           2025-11-14T02:30:27
================================================================================
[2025-11-14T02:31:03.879+0000] {manager.py:737} INFO - Searching for files in /opt/airflow/dags
[2025-11-14T02:31:03.891+0000] {manager.py:740} INFO - There are 1 files in /opt/airflow/dags
[2025-11-14T02:31:27.148+0000] {manager.py:878} INFO - 
================================================================================
DAG File Processing Stats

File Path                            PID    Runtime      # DAGs    # Errors  Last Runtime    Last Run
-----------------------------------  -----  ---------  --------  ----------  --------------  -------------------
/opt/airflow/dags/sodai_pipeline.py                           1           0  0.13s           2025-11-14T02:30:57
================================================================================
[2025-11-14T02:31:57.475+0000] {manager.py:878} INFO - 
================================================================================
DAG File Processing Stats

File Path                            PID    Runtime      # DAGs    # Errors  Last Runtime    Last Run
-----------------------------------  -----  ---------  --------  ----------  --------------  -------------------
/opt/airflow/dags/sodai_pipeline.py                           1           0  0.10s           2025-11-14T02:31:28
================================================================================
[2025-11-14T02:32:27.865+0000] {manager.py:878} INFO - 
================================================================================
DAG File Processing Stats

File Path                            PID    Runtime      # DAGs    # Errors  Last Runtime    Last Run
-----------------------------------  -----  ---------  --------  ----------  --------------  -------------------
/opt/airflow/dags/sodai_pipeline.py                           1           0  0.12s           2025-11-14T02:31:58
================================================================================
[2025-11-14T02:32:58.234+0000] {manager.py:878} INFO - 
================================================================================
DAG File Processing Stats

File Path                            PID    Runtime      # DAGs    # Errors  Last Runtime    Last Run
-----------------------------------  -----  ---------  --------  ----------  --------------  -------------------
/opt/airflow/dags/sodai_pipeline.py                           1           0  0.13s           2025-11-14T02:32:29
================================================================================
[2025-11-14T02:33:28.574+0000] {manager.py:878} INFO - 
================================================================================
DAG File Processing Stats

File Path                            PID    Runtime      # DAGs    # Errors  Last Runtime    Last Run
-----------------------------------  -----  ---------  --------  ----------  --------------  -------------------
/opt/airflow/dags/sodai_pipeline.py                           1           0  0.14s           2025-11-14T02:32:59
================================================================================
[2025-11-14T02:33:58.958+0000] {manager.py:878} INFO - 
================================================================================
DAG File Processing Stats

File Path                            PID    Runtime      # DAGs    # Errors  Last Runtime    Last Run
-----------------------------------  -----  ---------  --------  ----------  --------------  -------------------
/opt/airflow/dags/sodai_pipeline.py                           1           0  0.15s           2025-11-14T02:33:29
================================================================================
[2025-11-14T02:34:29.391+0000] {manager.py:878} INFO - 
================================================================================
DAG File Processing Stats

File Path                            PID    Runtime      # DAGs    # Errors  Last Runtime    Last Run
-----------------------------------  -----  ---------  --------  ----------  --------------  -------------------
/opt/airflow/dags/sodai_pipeline.py                           1           0  0.13s           2025-11-14T02:34:00
================================================================================
[2025-11-14T02:34:59.724+0000] {manager.py:878} INFO - 
================================================================================
DAG File Processing Stats

File Path                            PID    Runtime      # DAGs    # Errors  Last Runtime    Last Run
-----------------------------------  -----  ---------  --------  ----------  --------------  -------------------
/opt/airflow/dags/sodai_pipeline.py                           1           0  0.12s           2025-11-14T02:34:30
================================================================================
[2025-11-14T02:35:30.031+0000] {manager.py:878} INFO - 
================================================================================
DAG File Processing Stats

File Path                            PID    Runtime      # DAGs    # Errors  Last Runtime    Last Run
-----------------------------------  -----  ---------  --------  ----------  --------------  -------------------
/opt/airflow/dags/sodai_pipeline.py                           1           0  0.17s           2025-11-14T02:35:00
================================================================================
[2025-11-14T02:36:00.473+0000] {manager.py:878} INFO - 
================================================================================
DAG File Processing Stats

File Path                            PID    Runtime      # DAGs    # Errors  Last Runtime    Last Run
-----------------------------------  -----  ---------  --------  ----------  --------------  -------------------
/opt/airflow/dags/sodai_pipeline.py                           1           0  0.13s           2025-11-14T02:35:31
================================================================================
[2025-11-14T02:36:04.537+0000] {manager.py:737} INFO - Searching for files in /opt/airflow/dags
[2025-11-14T02:36:04.544+0000] {manager.py:740} INFO - There are 1 files in /opt/airflow/dags
[2025-11-14T02:36:30.857+0000] {manager.py:878} INFO - 
================================================================================
DAG File Processing Stats

File Path                            PID    Runtime      # DAGs    # Errors  Last Runtime    Last Run
-----------------------------------  -----  ---------  --------  ----------  --------------  -------------------
/opt/airflow/dags/sodai_pipeline.py                           1           0  0.11s           2025-11-14T02:36:01
================================================================================
[2025-11-14T02:37:01.259+0000] {manager.py:878} INFO - 
================================================================================
DAG File Processing Stats

File Path                            PID    Runtime      # DAGs    # Errors  Last Runtime    Last Run
-----------------------------------  -----  ---------  --------  ----------  --------------  -------------------
/opt/airflow/dags/sodai_pipeline.py                           1           0  0.14s           2025-11-14T02:36:32
================================================================================
[2025-11-14T02:37:31.617+0000] {manager.py:878} INFO - 
================================================================================
DAG File Processing Stats

File Path                            PID    Runtime      # DAGs    # Errors  Last Runtime    Last Run
-----------------------------------  -----  ---------  --------  ----------  --------------  -------------------
/opt/airflow/dags/sodai_pipeline.py                           1           0  0.14s           2025-11-14T02:37:02
================================================================================
[2025-11-14T02:38:02.067+0000] {manager.py:878} INFO - 
================================================================================
DAG File Processing Stats

File Path                            PID    Runtime      # DAGs    # Errors  Last Runtime    Last Run
-----------------------------------  -----  ---------  --------  ----------  --------------  -------------------
/opt/airflow/dags/sodai_pipeline.py                           1           0  0.13s           2025-11-14T02:37:32
================================================================================
[2025-11-14T02:38:32.430+0000] {manager.py:878} INFO - 
================================================================================
DAG File Processing Stats

File Path                            PID    Runtime      # DAGs    # Errors  Last Runtime    Last Run
-----------------------------------  -----  ---------  --------  ----------  --------------  -------------------
/opt/airflow/dags/sodai_pipeline.py                           1           0  0.13s           2025-11-14T02:38:03
================================================================================
[2025-11-14T02:39:02.800+0000] {manager.py:878} INFO - 
================================================================================
DAG File Processing Stats

File Path                            PID    Runtime      # DAGs    # Errors  Last Runtime    Last Run
-----------------------------------  -----  ---------  --------  ----------  --------------  -------------------
/opt/airflow/dags/sodai_pipeline.py                           1           0  0.12s           2025-11-14T02:38:33
================================================================================
[2025-11-14T02:39:33.128+0000] {manager.py:878} INFO - 
================================================================================
DAG File Processing Stats

File Path                            PID    Runtime      # DAGs    # Errors  Last Runtime    Last Run
-----------------------------------  -----  ---------  --------  ----------  --------------  -------------------
/opt/airflow/dags/sodai_pipeline.py                           1           0  0.14s           2025-11-14T02:39:03
================================================================================
[2025-11-14T02:40:03.443+0000] {manager.py:878} INFO - 
================================================================================
DAG File Processing Stats

File Path                            PID    Runtime      # DAGs    # Errors  Last Runtime    Last Run
-----------------------------------  -----  ---------  --------  ----------  --------------  -------------------
/opt/airflow/dags/sodai_pipeline.py                           1           0  0.18s           2025-11-14T02:39:34
================================================================================
[2025-11-14T02:40:33.881+0000] {manager.py:878} INFO - 
================================================================================
DAG File Processing Stats

File Path                            PID    Runtime      # DAGs    # Errors  Last Runtime    Last Run
-----------------------------------  -----  ---------  --------  ----------  --------------  -------------------
/opt/airflow/dags/sodai_pipeline.py                           1           0  0.14s           2025-11-14T02:40:04
================================================================================
[2025-11-14T02:41:04.252+0000] {manager.py:878} INFO - 
================================================================================
DAG File Processing Stats

File Path                            PID    Runtime      # DAGs    # Errors  Last Runtime    Last Run
-----------------------------------  -----  ---------  --------  ----------  --------------  -------------------
/opt/airflow/dags/sodai_pipeline.py                           1           0  0.14s           2025-11-14T02:40:35
================================================================================
[2025-11-14T02:41:05.261+0000] {manager.py:737} INFO - Searching for files in /opt/airflow/dags
[2025-11-14T02:41:05.264+0000] {manager.py:740} INFO - There are 1 files in /opt/airflow/dags
[2025-11-14T02:41:34.590+0000] {manager.py:878} INFO - 
================================================================================
DAG File Processing Stats

File Path                            PID    Runtime      # DAGs    # Errors  Last Runtime    Last Run
-----------------------------------  -----  ---------  --------  ----------  --------------  -------------------
/opt/airflow/dags/sodai_pipeline.py                           1           0  0.11s           2025-11-14T02:41:05
================================================================================
[2025-11-14T02:42:04.900+0000] {manager.py:878} INFO - 
================================================================================
DAG File Processing Stats

File Path                            PID    Runtime      # DAGs    # Errors  Last Runtime    Last Run
-----------------------------------  -----  ---------  --------  ----------  --------------  -------------------
/opt/airflow/dags/sodai_pipeline.py                           1           0  0.15s           2025-11-14T02:41:35
================================================================================
[2025-11-14T02:42:35.262+0000] {manager.py:878} INFO - 
================================================================================
DAG File Processing Stats

File Path                            PID    Runtime      # DAGs    # Errors  Last Runtime    Last Run
-----------------------------------  -----  ---------  --------  ----------  --------------  -------------------
/opt/airflow/dags/sodai_pipeline.py                           1           0  0.13s           2025-11-14T02:42:06
================================================================================
[2025-11-14T02:43:05.640+0000] {manager.py:878} INFO - 
================================================================================
DAG File Processing Stats

File Path                            PID    Runtime      # DAGs    # Errors  Last Runtime    Last Run
-----------------------------------  -----  ---------  --------  ----------  --------------  -------------------
/opt/airflow/dags/sodai_pipeline.py                           1           0  0.12s           2025-11-14T02:42:36
================================================================================
[2025-11-14T02:43:36.018+0000] {manager.py:878} INFO - 
================================================================================
DAG File Processing Stats

File Path                            PID    Runtime      # DAGs    # Errors  Last Runtime    Last Run
-----------------------------------  -----  ---------  --------  ----------  --------------  -------------------
/opt/airflow/dags/sodai_pipeline.py                           1           0  0.14s           2025-11-14T02:43:06
================================================================================
[2025-11-14T02:44:06.361+0000] {manager.py:878} INFO - 
================================================================================
DAG File Processing Stats

File Path                            PID    Runtime      # DAGs    # Errors  Last Runtime    Last Run
-----------------------------------  -----  ---------  --------  ----------  --------------  -------------------
/opt/airflow/dags/sodai_pipeline.py                           1           0  0.13s           2025-11-14T02:43:37
================================================================================
[2025-11-14T02:44:36.739+0000] {manager.py:878} INFO - 
================================================================================
DAG File Processing Stats

File Path                            PID    Runtime      # DAGs    # Errors  Last Runtime    Last Run
-----------------------------------  -----  ---------  --------  ----------  --------------  -------------------
/opt/airflow/dags/sodai_pipeline.py                           1           0  0.16s           2025-11-14T02:44:07
================================================================================
[2025-11-14T02:45:07.100+0000] {manager.py:878} INFO - 
================================================================================
DAG File Processing Stats

File Path                            PID    Runtime      # DAGs    # Errors  Last Runtime    Last Run
-----------------------------------  -----  ---------  --------  ----------  --------------  -------------------
/opt/airflow/dags/sodai_pipeline.py                           1           0  0.12s           2025-11-14T02:44:37
================================================================================
[2025-11-14T02:45:37.392+0000] {manager.py:878} INFO - 
================================================================================
DAG File Processing Stats

File Path                            PID    Runtime      # DAGs    # Errors  Last Runtime    Last Run
-----------------------------------  -----  ---------  --------  ----------  --------------  -------------------
/opt/airflow/dags/sodai_pipeline.py                           1           0  0.13s           2025-11-14T02:45:08
================================================================================
[2025-11-14T02:46:05.799+0000] {manager.py:737} INFO - Searching for files in /opt/airflow/dags
[2025-11-14T02:46:05.812+0000] {manager.py:740} INFO - There are 1 files in /opt/airflow/dags
[2025-11-14T02:46:07.848+0000] {manager.py:878} INFO - 
================================================================================
DAG File Processing Stats

File Path                            PID    Runtime      # DAGs    # Errors  Last Runtime    Last Run
-----------------------------------  -----  ---------  --------  ----------  --------------  -------------------
/opt/airflow/dags/sodai_pipeline.py                           1           0  0.13s           2025-11-14T02:45:38
================================================================================
[2025-11-14T02:46:38.254+0000] {manager.py:878} INFO - 
================================================================================
DAG File Processing Stats

File Path                            PID    Runtime      # DAGs    # Errors  Last Runtime    Last Run
-----------------------------------  -----  ---------  --------  ----------  --------------  -------------------
/opt/airflow/dags/sodai_pipeline.py                           1           0  0.16s           2025-11-14T02:46:09
================================================================================
[2025-11-14T02:47:08.686+0000] {manager.py:878} INFO - 
================================================================================
DAG File Processing Stats

File Path                            PID    Runtime      # DAGs    # Errors  Last Runtime    Last Run
-----------------------------------  -----  ---------  --------  ----------  --------------  -------------------
/opt/airflow/dags/sodai_pipeline.py                           1           0  0.13s           2025-11-14T02:46:39
================================================================================
[2025-11-14T02:47:39.041+0000] {manager.py:878} INFO - 
================================================================================
DAG File Processing Stats

File Path                            PID    Runtime      # DAGs    # Errors  Last Runtime    Last Run
-----------------------------------  -----  ---------  --------  ----------  --------------  -------------------
/opt/airflow/dags/sodai_pipeline.py                           1           0  0.14s           2025-11-14T02:47:09
================================================================================
[2025-11-14T02:48:09.438+0000] {manager.py:878} INFO - 
================================================================================
DAG File Processing Stats

File Path                            PID    Runtime      # DAGs    # Errors  Last Runtime    Last Run
-----------------------------------  -----  ---------  --------  ----------  --------------  -------------------
/opt/airflow/dags/sodai_pipeline.py                           1           0  0.15s           2025-11-14T02:47:40
================================================================================
[2025-11-14T02:48:39.839+0000] {manager.py:878} INFO - 
================================================================================
DAG File Processing Stats

File Path                            PID    Runtime      # DAGs    # Errors  Last Runtime    Last Run
-----------------------------------  -----  ---------  --------  ----------  --------------  -------------------
/opt/airflow/dags/sodai_pipeline.py                           1           0  0.14s           2025-11-14T02:48:10
================================================================================
[2025-11-14T02:49:10.219+0000] {manager.py:878} INFO - 
================================================================================
DAG File Processing Stats

File Path                            PID    Runtime      # DAGs    # Errors  Last Runtime    Last Run
-----------------------------------  -----  ---------  --------  ----------  --------------  -------------------
/opt/airflow/dags/sodai_pipeline.py                           1           0  0.14s           2025-11-14T02:48:41
================================================================================
[2025-11-14T02:49:40.560+0000] {manager.py:878} INFO - 
================================================================================
DAG File Processing Stats

File Path                            PID    Runtime      # DAGs    # Errors  Last Runtime    Last Run
-----------------------------------  -----  ---------  --------  ----------  --------------  -------------------
/opt/airflow/dags/sodai_pipeline.py                           1           0  0.14s           2025-11-14T02:49:11
================================================================================
[2025-11-14T02:50:10.884+0000] {manager.py:878} INFO - 
================================================================================
DAG File Processing Stats

File Path                            PID    Runtime      # DAGs    # Errors  Last Runtime    Last Run
-----------------------------------  -----  ---------  --------  ----------  --------------  -------------------
/opt/airflow/dags/sodai_pipeline.py                           1           0  0.16s           2025-11-14T02:49:41
================================================================================
[2025-11-14T02:50:41.282+0000] {manager.py:878} INFO - 
================================================================================
DAG File Processing Stats

File Path                            PID    Runtime      # DAGs    # Errors  Last Runtime    Last Run
-----------------------------------  -----  ---------  --------  ----------  --------------  -------------------
/opt/airflow/dags/sodai_pipeline.py                           1           0  0.14s           2025-11-14T02:50:12
================================================================================
[2025-11-14T02:51:06.535+0000] {manager.py:737} INFO - Searching for files in /opt/airflow/dags
[2025-11-14T02:51:06.549+0000] {manager.py:740} INFO - There are 1 files in /opt/airflow/dags
[2025-11-14T02:51:11.612+0000] {manager.py:878} INFO - 
================================================================================
DAG File Processing Stats

File Path                            PID    Runtime      # DAGs    # Errors  Last Runtime    Last Run
-----------------------------------  -----  ---------  --------  ----------  --------------  -------------------
/opt/airflow/dags/sodai_pipeline.py                           1           0  0.13s           2025-11-14T02:50:42
================================================================================
[2025-11-14T02:51:42.050+0000] {manager.py:878} INFO - 
================================================================================
DAG File Processing Stats

File Path                            PID    Runtime      # DAGs    # Errors  Last Runtime    Last Run
-----------------------------------  -----  ---------  --------  ----------  --------------  -------------------
/opt/airflow/dags/sodai_pipeline.py                           1           0  0.15s           2025-11-14T02:51:12
================================================================================
[2025-11-14T03:07:50.505+0000] {manager.py:737} INFO - Searching for files in /opt/airflow/dags
[2025-11-14T03:07:50.513+0000] {manager.py:740} INFO - There are 1 files in /opt/airflow/dags
[2025-11-14T03:08:02.737+0000] {manager.py:878} INFO - 
================================================================================
DAG File Processing Stats

File Path                            PID    Runtime      # DAGs    # Errors  Last Runtime    Last Run
-----------------------------------  -----  ---------  --------  ----------  --------------  -------------------
/opt/airflow/dags/sodai_pipeline.py                           1           0  0.12s           2025-11-14T03:07:50
================================================================================
[2025-11-14T03:13:12.915+0000] {manager.py:737} INFO - Searching for files in /opt/airflow/dags
[2025-11-14T03:13:12.926+0000] {manager.py:740} INFO - There are 1 files in /opt/airflow/dags
[2025-11-14T03:13:26.158+0000] {manager.py:878} INFO - 
================================================================================
DAG File Processing Stats

File Path                            PID    Runtime      # DAGs    # Errors  Last Runtime    Last Run
-----------------------------------  -----  ---------  --------  ----------  --------------  -------------------
/opt/airflow/dags/sodai_pipeline.py                           1           0  0.12s           2025-11-14T03:13:13
================================================================================
[2025-11-14T03:48:00.347+0000] {manager.py:737} INFO - Searching for files in /opt/airflow/dags
[2025-11-14T03:48:00.354+0000] {manager.py:740} INFO - There are 1 files in /opt/airflow/dags
[2025-11-14T03:48:13.614+0000] {manager.py:878} INFO - 
================================================================================
DAG File Processing Stats

File Path                            PID    Runtime      # DAGs    # Errors  Last Runtime    Last Run
-----------------------------------  -----  ---------  --------  ----------  --------------  -------------------
/opt/airflow/dags/sodai_pipeline.py                           1           0  0.12s           2025-11-14T03:48:00
================================================================================
[2025-11-14T04:52:41.840+0000] {manager.py:737} INFO - Searching for files in /opt/airflow/dags
[2025-11-14T04:52:41.851+0000] {manager.py:740} INFO - There are 1 files in /opt/airflow/dags
[2025-11-14T04:52:56.048+0000] {manager.py:878} INFO - 
================================================================================
DAG File Processing Stats

File Path                            PID    Runtime      # DAGs    # Errors  Last Runtime    Last Run
-----------------------------------  -----  ---------  --------  ----------  --------------  -------------------
/opt/airflow/dags/sodai_pipeline.py                           1           0  0.11s           2025-11-14T04:52:41
================================================================================
[2025-11-14T06:17:04.824+0000] {manager.py:737} INFO - Searching for files in /opt/airflow/dags
[2025-11-14T06:17:04.832+0000] {manager.py:740} INFO - There are 1 files in /opt/airflow/dags
[2025-11-14T06:17:20.093+0000] {manager.py:878} INFO - 
================================================================================
DAG File Processing Stats

File Path                            PID    Runtime      # DAGs    # Errors  Last Runtime    Last Run
-----------------------------------  -----  ---------  --------  ----------  --------------  -------------------
/opt/airflow/dags/sodai_pipeline.py                           1           0  0.13s           2025-11-14T06:17:04
================================================================================
[2025-11-14T07:37:19.745+0000] {manager.py:737} INFO - Searching for files in /opt/airflow/dags
[2025-11-14T07:37:19.748+0000] {manager.py:740} INFO - There are 1 files in /opt/airflow/dags
[2025-11-14T07:37:34.591+0000] {manager.py:878} INFO - 
================================================================================
DAG File Processing Stats

File Path                            PID    Runtime      # DAGs    # Errors  Last Runtime    Last Run
-----------------------------------  -----  ---------  --------  ----------  --------------  -------------------
/opt/airflow/dags/sodai_pipeline.py                           1           0  0.40s           2025-11-14T07:37:20
================================================================================
[2025-11-14T08:51:07.712+0000] {manager.py:737} INFO - Searching for files in /opt/airflow/dags
[2025-11-14T08:51:07.719+0000] {manager.py:740} INFO - There are 1 files in /opt/airflow/dags
[2025-11-14T08:51:23.096+0000] {manager.py:878} INFO - 
================================================================================
DAG File Processing Stats

File Path                            PID    Runtime      # DAGs    # Errors  Last Runtime    Last Run
-----------------------------------  -----  ---------  --------  ----------  --------------  -------------------
/opt/airflow/dags/sodai_pipeline.py                           1           0  0.12s           2025-11-14T08:51:07
================================================================================
[2025-11-14T09:40:19.399+0000] {manager.py:737} INFO - Searching for files in /opt/airflow/dags
[2025-11-14T09:40:19.409+0000] {manager.py:740} INFO - There are 1 files in /opt/airflow/dags
[2025-11-14T09:40:34.689+0000] {manager.py:878} INFO - 
================================================================================
DAG File Processing Stats

File Path                            PID    Runtime      # DAGs    # Errors  Last Runtime    Last Run
-----------------------------------  -----  ---------  --------  ----------  --------------  -------------------
/opt/airflow/dags/sodai_pipeline.py                           1           0  0.14s           2025-11-14T09:40:19
================================================================================
[2025-11-14T10:52:08.599+0000] {manager.py:737} INFO - Searching for files in /opt/airflow/dags
[2025-11-14T10:52:08.604+0000] {manager.py:740} INFO - There are 1 files in /opt/airflow/dags
[2025-11-14T10:52:24.884+0000] {manager.py:878} INFO - 
================================================================================
DAG File Processing Stats

File Path                            PID    Runtime      # DAGs    # Errors  Last Runtime    Last Run
-----------------------------------  -----  ---------  --------  ----------  --------------  -------------------
/opt/airflow/dags/sodai_pipeline.py                           1           0  0.15s           2025-11-14T10:52:08
================================================================================
[2025-11-14T11:41:24.081+0000] {manager.py:737} INFO - Searching for files in /opt/airflow/dags
[2025-11-14T11:41:24.089+0000] {manager.py:740} INFO - There are 1 files in /opt/airflow/dags
[2025-11-14T11:41:40.385+0000] {manager.py:878} INFO - 
================================================================================
DAG File Processing Stats

File Path                            PID    Runtime      # DAGs    # Errors  Last Runtime    Last Run
-----------------------------------  -----  ---------  --------  ----------  --------------  -------------------
/opt/airflow/dags/sodai_pipeline.py                           1           0  0.12s           2025-11-14T11:41:24
================================================================================
[2025-11-14T12:16:49.215+0000] {manager.py:737} INFO - Searching for files in /opt/airflow/dags
[2025-11-14T12:16:49.219+0000] {manager.py:740} INFO - There are 1 files in /opt/airflow/dags
[2025-11-14T12:17:06.443+0000] {manager.py:878} INFO - 
================================================================================
DAG File Processing Stats

File Path                            PID    Runtime      # DAGs    # Errors  Last Runtime    Last Run
-----------------------------------  -----  ---------  --------  ----------  --------------  -------------------
/opt/airflow/dags/sodai_pipeline.py                           1           0  0.10s           2025-11-14T12:16:49
================================================================================
[2025-11-14T12:23:57.178+0000] {manager.py:737} INFO - Searching for files in /opt/airflow/dags
[2025-11-14T12:23:57.184+0000] {manager.py:740} INFO - There are 1 files in /opt/airflow/dags
[2025-11-14T12:24:14.394+0000] {manager.py:878} INFO - 
================================================================================
DAG File Processing Stats

File Path                            PID    Runtime      # DAGs    # Errors  Last Runtime    Last Run
-----------------------------------  -----  ---------  --------  ----------  --------------  -------------------
/opt/airflow/dags/sodai_pipeline.py                           1           0  0.11s           2025-11-14T12:23:57
================================================================================
[2025-11-14T12:33:19.492+0000] {manager.py:737} INFO - Searching for files in /opt/airflow/dags
[2025-11-14T12:33:19.499+0000] {manager.py:740} INFO - There are 1 files in /opt/airflow/dags
[2025-11-14T12:33:37.749+0000] {manager.py:878} INFO - 
================================================================================
DAG File Processing Stats

File Path                            PID    Runtime      # DAGs    # Errors  Last Runtime    Last Run
-----------------------------------  -----  ---------  --------  ----------  --------------  -------------------
/opt/airflow/dags/sodai_pipeline.py                           1           0  0.12s           2025-11-14T12:33:19
================================================================================
[2025-11-14T12:54:13.131+0000] {manager.py:737} INFO - Searching for files in /opt/airflow/dags
[2025-11-14T12:54:13.141+0000] {manager.py:740} INFO - There are 1 files in /opt/airflow/dags
[2025-11-14T12:54:31.355+0000] {manager.py:878} INFO - 
================================================================================
DAG File Processing Stats

File Path                            PID    Runtime      # DAGs    # Errors  Last Runtime    Last Run
-----------------------------------  -----  ---------  --------  ----------  --------------  -------------------
/opt/airflow/dags/sodai_pipeline.py                           1           0  0.11s           2025-11-14T12:54:13
================================================================================
[2025-11-14T13:01:02.423+0000] {manager.py:737} INFO - Searching for files in /opt/airflow/dags
[2025-11-14T13:01:02.432+0000] {manager.py:740} INFO - There are 1 files in /opt/airflow/dags
[2025-11-14T13:01:20.749+0000] {manager.py:878} INFO - 
================================================================================
DAG File Processing Stats

File Path                            PID    Runtime      # DAGs    # Errors  Last Runtime    Last Run
-----------------------------------  -----  ---------  --------  ----------  --------------  -------------------
/opt/airflow/dags/sodai_pipeline.py                           1           0  0.11s           2025-11-14T13:01:02
================================================================================
[2025-11-14T13:05:16.159+0000] {manager.py:878} INFO - 
================================================================================
DAG File Processing Stats

File Path                            PID    Runtime      # DAGs    # Errors  Last Runtime    Last Run
-----------------------------------  -----  ---------  --------  ----------  --------------  -------------------
/opt/airflow/dags/sodai_pipeline.py                           1           0  0.15s           2025-11-14T13:04:57
================================================================================
[2025-11-14T13:08:32.306+0000] {manager.py:737} INFO - Searching for files in /opt/airflow/dags
[2025-11-14T13:08:32.313+0000] {manager.py:740} INFO - There are 1 files in /opt/airflow/dags
[2025-11-14T13:08:51.263+0000] {manager.py:878} INFO - 
================================================================================
DAG File Processing Stats

File Path                            PID    Runtime      # DAGs    # Errors  Last Runtime    Last Run
-----------------------------------  -----  ---------  --------  ----------  --------------  -------------------
/opt/airflow/dags/sodai_pipeline.py                           1           0  0.12s           2025-11-14T13:08:32
================================================================================
[2025-11-14T13:16:45.068+0000] {manager.py:737} INFO - Searching for files in /opt/airflow/dags
[2025-11-14T13:16:45.080+0000] {manager.py:740} INFO - There are 1 files in /opt/airflow/dags
[2025-11-14T13:17:04.367+0000] {manager.py:878} INFO - 
================================================================================
DAG File Processing Stats

File Path                            PID    Runtime      # DAGs    # Errors  Last Runtime    Last Run
-----------------------------------  -----  ---------  --------  ----------  --------------  -------------------
/opt/airflow/dags/sodai_pipeline.py                           1           0  0.11s           2025-11-14T13:16:45
================================================================================
[2025-11-14T13:17:34.788+0000] {manager.py:878} INFO - 
================================================================================
DAG File Processing Stats

File Path                            PID    Runtime      # DAGs    # Errors  Last Runtime    Last Run
-----------------------------------  -----  ---------  --------  ----------  --------------  -------------------
/opt/airflow/dags/sodai_pipeline.py                           1           0  0.11s           2025-11-14T13:17:15
================================================================================
[2025-11-14T13:18:05.142+0000] {manager.py:878} INFO - 
================================================================================
DAG File Processing Stats

File Path                            PID    Runtime      # DAGs    # Errors  Last Runtime    Last Run
-----------------------------------  -----  ---------  --------  ----------  --------------  -------------------
/opt/airflow/dags/sodai_pipeline.py                           1           0  0.14s           2025-11-14T13:17:46
================================================================================
[2025-11-14T13:18:35.458+0000] {manager.py:878} INFO - 
================================================================================
DAG File Processing Stats

File Path                            PID    Runtime      # DAGs    # Errors  Last Runtime    Last Run
-----------------------------------  -----  ---------  --------  ----------  --------------  -------------------
/opt/airflow/dags/sodai_pipeline.py                           1           0  0.10s           2025-11-14T13:18:16
================================================================================
[2025-11-14T13:19:05.753+0000] {manager.py:878} INFO - 
================================================================================
DAG File Processing Stats

File Path                            PID    Runtime      # DAGs    # Errors  Last Runtime    Last Run
-----------------------------------  -----  ---------  --------  ----------  --------------  -------------------
/opt/airflow/dags/sodai_pipeline.py                           1           0  0.13s           2025-11-14T13:18:46
================================================================================
[2025-11-14T13:19:36.047+0000] {manager.py:878} INFO - 
================================================================================
DAG File Processing Stats

File Path                            PID    Runtime      # DAGs    # Errors  Last Runtime    Last Run
-----------------------------------  -----  ---------  --------  ----------  --------------  -------------------
/opt/airflow/dags/sodai_pipeline.py                           1           0  0.14s           2025-11-14T13:19:16
================================================================================
[2025-11-14T13:20:06.322+0000] {manager.py:878} INFO - 
================================================================================
DAG File Processing Stats

File Path                            PID    Runtime      # DAGs    # Errors  Last Runtime    Last Run
-----------------------------------  -----  ---------  --------  ----------  --------------  -------------------
/opt/airflow/dags/sodai_pipeline.py                           1           0  0.09s           2025-11-14T13:19:47
================================================================================
[2025-11-14T13:20:36.583+0000] {manager.py:878} INFO - 
================================================================================
DAG File Processing Stats

File Path                            PID    Runtime      # DAGs    # Errors  Last Runtime    Last Run
-----------------------------------  -----  ---------  --------  ----------  --------------  -------------------
/opt/airflow/dags/sodai_pipeline.py                           1           0  0.15s           2025-11-14T13:20:17
================================================================================
[2025-11-14T13:21:06.988+0000] {manager.py:878} INFO - 
================================================================================
DAG File Processing Stats

File Path                            PID    Runtime      # DAGs    # Errors  Last Runtime    Last Run
-----------------------------------  -----  ---------  --------  ----------  --------------  -------------------
/opt/airflow/dags/sodai_pipeline.py                           1           0  0.14s           2025-11-14T13:20:47
================================================================================
[2025-11-14T13:21:37.343+0000] {manager.py:878} INFO - 
================================================================================
DAG File Processing Stats

File Path                            PID    Runtime      # DAGs    # Errors  Last Runtime    Last Run
-----------------------------------  -----  ---------  --------  ----------  --------------  -------------------
/opt/airflow/dags/sodai_pipeline.py                           1           0  0.11s           2025-11-14T13:21:18
================================================================================
[2025-11-14T13:21:45.431+0000] {manager.py:737} INFO - Searching for files in /opt/airflow/dags
[2025-11-14T13:21:45.441+0000] {manager.py:740} INFO - There are 1 files in /opt/airflow/dags
[2025-11-14T13:22:07.712+0000] {manager.py:878} INFO - 
================================================================================
DAG File Processing Stats

File Path                            PID    Runtime      # DAGs    # Errors  Last Runtime    Last Run
-----------------------------------  -----  ---------  --------  ----------  --------------  -------------------
/opt/airflow/dags/sodai_pipeline.py                           1           0  0.09s           2025-11-14T13:21:48
================================================================================
[2025-11-14T13:22:38.078+0000] {manager.py:878} INFO - 
================================================================================
DAG File Processing Stats

File Path                            PID    Runtime      # DAGs    # Errors  Last Runtime    Last Run
-----------------------------------  -----  ---------  --------  ----------  --------------  -------------------
/opt/airflow/dags/sodai_pipeline.py                           1           0  0.12s           2025-11-14T13:22:18
================================================================================
[2025-11-14T13:23:08.435+0000] {manager.py:878} INFO - 
================================================================================
DAG File Processing Stats

File Path                            PID    Runtime      # DAGs    # Errors  Last Runtime    Last Run
-----------------------------------  -----  ---------  --------  ----------  --------------  -------------------
/opt/airflow/dags/sodai_pipeline.py                           1           0  0.16s           2025-11-14T13:22:49
================================================================================
[2025-11-14T13:23:38.849+0000] {manager.py:878} INFO - 
================================================================================
DAG File Processing Stats

File Path                            PID    Runtime      # DAGs    # Errors  Last Runtime    Last Run
-----------------------------------  -----  ---------  --------  ----------  --------------  -------------------
/opt/airflow/dags/sodai_pipeline.py                           1           0  0.15s           2025-11-14T13:23:19
================================================================================
[2025-11-14T13:24:09.203+0000] {manager.py:878} INFO - 
================================================================================
DAG File Processing Stats

File Path                            PID    Runtime      # DAGs    # Errors  Last Runtime    Last Run
-----------------------------------  -----  ---------  --------  ----------  --------------  -------------------
/opt/airflow/dags/sodai_pipeline.py                           1           0  0.13s           2025-11-14T13:23:50
================================================================================
[2025-11-14T13:24:39.574+0000] {manager.py:878} INFO - 
================================================================================
DAG File Processing Stats

File Path                            PID    Runtime      # DAGs    # Errors  Last Runtime    Last Run
-----------------------------------  -----  ---------  --------  ----------  --------------  -------------------
/opt/airflow/dags/sodai_pipeline.py                           1           0  0.10s           2025-11-14T13:24:20
================================================================================
[2025-11-14T13:25:09.889+0000] {manager.py:878} INFO - 
================================================================================
DAG File Processing Stats

File Path                            PID    Runtime      # DAGs    # Errors  Last Runtime    Last Run
-----------------------------------  -----  ---------  --------  ----------  --------------  -------------------
/opt/airflow/dags/sodai_pipeline.py                           1           0  0.11s           2025-11-14T13:24:50
================================================================================
[2025-11-14T13:25:40.200+0000] {manager.py:878} INFO - 
================================================================================
DAG File Processing Stats

File Path                            PID    Runtime      # DAGs    # Errors  Last Runtime    Last Run
-----------------------------------  -----  ---------  --------  ----------  --------------  -------------------
/opt/airflow/dags/sodai_pipeline.py                           1           0  0.09s           2025-11-14T13:25:21
================================================================================
[2025-11-14T13:26:10.506+0000] {manager.py:878} INFO - 
================================================================================
DAG File Processing Stats

File Path                            PID    Runtime      # DAGs    # Errors  Last Runtime    Last Run
-----------------------------------  -----  ---------  --------  ----------  --------------  -------------------
/opt/airflow/dags/sodai_pipeline.py                           1           0  0.09s           2025-11-14T13:25:51
================================================================================
[2025-11-14T13:26:40.809+0000] {manager.py:878} INFO - 
================================================================================
DAG File Processing Stats

File Path                            PID    Runtime      # DAGs    # Errors  Last Runtime    Last Run
-----------------------------------  -----  ---------  --------  ----------  --------------  -------------------
/opt/airflow/dags/sodai_pipeline.py                           1           0  0.10s           2025-11-14T13:26:21
================================================================================
[2025-11-14T13:26:45.854+0000] {manager.py:737} INFO - Searching for files in /opt/airflow/dags
[2025-11-14T13:26:45.859+0000] {manager.py:740} INFO - There are 1 files in /opt/airflow/dags
[2025-11-14T13:27:11.119+0000] {manager.py:878} INFO - 
================================================================================
DAG File Processing Stats

File Path                            PID    Runtime      # DAGs    # Errors  Last Runtime    Last Run
-----------------------------------  -----  ---------  --------  ----------  --------------  -------------------
/opt/airflow/dags/sodai_pipeline.py                           1           0  0.12s           2025-11-14T13:26:52
================================================================================
[2025-11-14T13:27:41.519+0000] {manager.py:878} INFO - 
================================================================================
DAG File Processing Stats

File Path                            PID    Runtime      # DAGs    # Errors  Last Runtime    Last Run
-----------------------------------  -----  ---------  --------  ----------  --------------  -------------------
/opt/airflow/dags/sodai_pipeline.py                           1           0  0.13s           2025-11-14T13:27:22
================================================================================
[2025-11-14T13:28:11.874+0000] {manager.py:878} INFO - 
================================================================================
DAG File Processing Stats

File Path                            PID    Runtime      # DAGs    # Errors  Last Runtime    Last Run
-----------------------------------  -----  ---------  --------  ----------  --------------  -------------------
/opt/airflow/dags/sodai_pipeline.py                           1           0  0.11s           2025-11-14T13:27:52
================================================================================
[2025-11-14T13:28:42.238+0000] {manager.py:878} INFO - 
================================================================================
DAG File Processing Stats

File Path                            PID    Runtime      # DAGs    # Errors  Last Runtime    Last Run
-----------------------------------  -----  ---------  --------  ----------  --------------  -------------------
/opt/airflow/dags/sodai_pipeline.py                           1           0  0.07s           2025-11-14T13:28:23
================================================================================
[2025-11-14T13:29:12.581+0000] {manager.py:878} INFO - 
================================================================================
DAG File Processing Stats

File Path                            PID    Runtime      # DAGs    # Errors  Last Runtime    Last Run
-----------------------------------  -----  ---------  --------  ----------  --------------  -------------------
/opt/airflow/dags/sodai_pipeline.py                           1           0  0.12s           2025-11-14T13:28:53
================================================================================
[2025-11-14T13:29:42.937+0000] {manager.py:878} INFO - 
================================================================================
DAG File Processing Stats

File Path                            PID    Runtime      # DAGs    # Errors  Last Runtime    Last Run
-----------------------------------  -----  ---------  --------  ----------  --------------  -------------------
/opt/airflow/dags/sodai_pipeline.py                           1           0  0.12s           2025-11-14T13:29:23
================================================================================
[2025-11-14T13:30:13.292+0000] {manager.py:878} INFO - 
================================================================================
DAG File Processing Stats

File Path                            PID    Runtime      # DAGs    # Errors  Last Runtime    Last Run
-----------------------------------  -----  ---------  --------  ----------  --------------  -------------------
/opt/airflow/dags/sodai_pipeline.py                           1           0  0.11s           2025-11-14T13:29:54
================================================================================
[2025-11-14T13:30:43.650+0000] {manager.py:878} INFO - 
================================================================================
DAG File Processing Stats

File Path                            PID    Runtime      # DAGs    # Errors  Last Runtime    Last Run
-----------------------------------  -----  ---------  --------  ----------  --------------  -------------------
/opt/airflow/dags/sodai_pipeline.py                           1           0  0.09s           2025-11-14T13:30:24
================================================================================
[2025-11-14T13:31:14.161+0000] {manager.py:878} INFO - 
================================================================================
DAG File Processing Stats

File Path                            PID    Runtime      # DAGs    # Errors  Last Runtime    Last Run
-----------------------------------  -----  ---------  --------  ----------  --------------  -------------------
/opt/airflow/dags/sodai_pipeline.py                           1           0  0.15s           2025-11-14T13:30:55
================================================================================
[2025-11-14T13:31:44.531+0000] {manager.py:878} INFO - 
================================================================================
DAG File Processing Stats

File Path                            PID    Runtime      # DAGs    # Errors  Last Runtime    Last Run
-----------------------------------  -----  ---------  --------  ----------  --------------  -------------------
/opt/airflow/dags/sodai_pipeline.py                           1           0  0.16s           2025-11-14T13:31:25
================================================================================
[2025-11-14T13:31:46.558+0000] {manager.py:737} INFO - Searching for files in /opt/airflow/dags
[2025-11-14T13:31:46.567+0000] {manager.py:740} INFO - There are 1 files in /opt/airflow/dags
[2025-11-14T13:32:14.906+0000] {manager.py:878} INFO - 
================================================================================
DAG File Processing Stats

File Path                            PID    Runtime      # DAGs    # Errors  Last Runtime    Last Run
-----------------------------------  -----  ---------  --------  ----------  --------------  -------------------
/opt/airflow/dags/sodai_pipeline.py                           1           0  0.13s           2025-11-14T13:31:55
================================================================================
[2025-11-14T13:32:45.238+0000] {manager.py:878} INFO - 
================================================================================
DAG File Processing Stats

File Path                            PID    Runtime      # DAGs    # Errors  Last Runtime    Last Run
-----------------------------------  -----  ---------  --------  ----------  --------------  -------------------
/opt/airflow/dags/sodai_pipeline.py                           1           0  0.14s           2025-11-14T13:32:26
================================================================================
[2025-11-14T13:33:15.627+0000] {manager.py:878} INFO - 
================================================================================
DAG File Processing Stats

File Path                            PID    Runtime      # DAGs    # Errors  Last Runtime    Last Run
-----------------------------------  -----  ---------  --------  ----------  --------------  -------------------
/opt/airflow/dags/sodai_pipeline.py                           1           0  0.13s           2025-11-14T13:32:56
================================================================================
[2025-11-14T13:33:45.969+0000] {manager.py:878} INFO - 
================================================================================
DAG File Processing Stats

File Path                            PID    Runtime      # DAGs    # Errors  Last Runtime    Last Run
-----------------------------------  -----  ---------  --------  ----------  --------------  -------------------
/opt/airflow/dags/sodai_pipeline.py                           1           0  0.16s           2025-11-14T13:33:26
================================================================================
[2025-11-14T13:34:16.433+0000] {manager.py:878} INFO - 
================================================================================
DAG File Processing Stats

File Path                            PID    Runtime      # DAGs    # Errors  Last Runtime    Last Run
-----------------------------------  -----  ---------  --------  ----------  --------------  -------------------
/opt/airflow/dags/sodai_pipeline.py                           1           0  0.14s           2025-11-14T13:33:57
================================================================================
[2025-11-14T13:34:46.792+0000] {manager.py:878} INFO - 
================================================================================
DAG File Processing Stats

File Path                            PID    Runtime      # DAGs    # Errors  Last Runtime    Last Run
-----------------------------------  -----  ---------  --------  ----------  --------------  -------------------
/opt/airflow/dags/sodai_pipeline.py                           1           0  0.16s           2025-11-14T13:34:27
================================================================================
[2025-11-14T13:35:17.168+0000] {manager.py:878} INFO - 
================================================================================
DAG File Processing Stats

File Path                            PID    Runtime      # DAGs    # Errors  Last Runtime    Last Run
-----------------------------------  -----  ---------  --------  ----------  --------------  -------------------
/opt/airflow/dags/sodai_pipeline.py                           1           0  0.16s           2025-11-14T13:34:58
================================================================================
[2025-11-14T13:35:47.467+0000] {manager.py:878} INFO - 
================================================================================
DAG File Processing Stats

File Path                            PID    Runtime      # DAGs    # Errors  Last Runtime    Last Run
-----------------------------------  -----  ---------  --------  ----------  --------------  -------------------
/opt/airflow/dags/sodai_pipeline.py                           1           0  0.15s           2025-11-14T13:35:28
================================================================================
[2025-11-14T13:36:17.901+0000] {manager.py:878} INFO - 
================================================================================
DAG File Processing Stats

File Path                            PID    Runtime      # DAGs    # Errors  Last Runtime    Last Run
-----------------------------------  -----  ---------  --------  ----------  --------------  -------------------
/opt/airflow/dags/sodai_pipeline.py                           1           0  0.15s           2025-11-14T13:35:58
================================================================================
[2025-11-14T13:36:47.247+0000] {manager.py:737} INFO - Searching for files in /opt/airflow/dags
[2025-11-14T13:36:47.260+0000] {manager.py:740} INFO - There are 1 files in /opt/airflow/dags
[2025-11-14T13:36:48.294+0000] {manager.py:878} INFO - 
================================================================================
DAG File Processing Stats

File Path                            PID    Runtime      # DAGs    # Errors  Last Runtime    Last Run
-----------------------------------  -----  ---------  --------  ----------  --------------  -------------------
/opt/airflow/dags/sodai_pipeline.py                           1           0  0.14s           2025-11-14T13:36:29
================================================================================
[2025-11-14T13:37:18.645+0000] {manager.py:878} INFO - 
================================================================================
DAG File Processing Stats

File Path                            PID    Runtime      # DAGs    # Errors  Last Runtime    Last Run
-----------------------------------  -----  ---------  --------  ----------  --------------  -------------------
/opt/airflow/dags/sodai_pipeline.py                           1           0  0.14s           2025-11-14T13:36:59
================================================================================
[2025-11-14T13:37:49.042+0000] {manager.py:878} INFO - 
================================================================================
DAG File Processing Stats

File Path                            PID    Runtime      # DAGs    # Errors  Last Runtime    Last Run
-----------------------------------  -----  ---------  --------  ----------  --------------  -------------------
/opt/airflow/dags/sodai_pipeline.py                           1           0  0.14s           2025-11-14T13:37:29
================================================================================
[2025-11-14T13:38:19.407+0000] {manager.py:878} INFO - 
================================================================================
DAG File Processing Stats

File Path                            PID    Runtime      # DAGs    # Errors  Last Runtime    Last Run
-----------------------------------  -----  ---------  --------  ----------  --------------  -------------------
/opt/airflow/dags/sodai_pipeline.py                           1           0  0.13s           2025-11-14T13:38:00
================================================================================
[2025-11-14T13:38:49.796+0000] {manager.py:878} INFO - 
================================================================================
DAG File Processing Stats

File Path                            PID    Runtime      # DAGs    # Errors  Last Runtime    Last Run
-----------------------------------  -----  ---------  --------  ----------  --------------  -------------------
/opt/airflow/dags/sodai_pipeline.py                           1           0  0.12s           2025-11-14T13:38:30
================================================================================
[2025-11-14T13:39:20.159+0000] {manager.py:878} INFO - 
================================================================================
DAG File Processing Stats

File Path                            PID    Runtime      # DAGs    # Errors  Last Runtime    Last Run
-----------------------------------  -----  ---------  --------  ----------  --------------  -------------------
/opt/airflow/dags/sodai_pipeline.py                           1           0  0.15s           2025-11-14T13:39:01
================================================================================
[2025-11-14T13:39:50.569+0000] {manager.py:878} INFO - 
================================================================================
DAG File Processing Stats

File Path                            PID    Runtime      # DAGs    # Errors  Last Runtime    Last Run
-----------------------------------  -----  ---------  --------  ----------  --------------  -------------------
/opt/airflow/dags/sodai_pipeline.py                           1           0  0.16s           2025-11-14T13:39:31
================================================================================
[2025-11-14T13:40:20.882+0000] {manager.py:878} INFO - 
================================================================================
DAG File Processing Stats

File Path                            PID    Runtime      # DAGs    # Errors  Last Runtime    Last Run
-----------------------------------  -----  ---------  --------  ----------  --------------  -------------------
/opt/airflow/dags/sodai_pipeline.py                           1           0  0.14s           2025-11-14T13:40:01
================================================================================
[2025-11-14T13:40:51.294+0000] {manager.py:878} INFO - 
================================================================================
DAG File Processing Stats

File Path                            PID    Runtime      # DAGs    # Errors  Last Runtime    Last Run
-----------------------------------  -----  ---------  --------  ----------  --------------  -------------------
/opt/airflow/dags/sodai_pipeline.py                           1           0  0.14s           2025-11-14T13:40:32
================================================================================
[2025-11-14T13:41:21.619+0000] {manager.py:878} INFO - 
================================================================================
DAG File Processing Stats

File Path                            PID    Runtime      # DAGs    # Errors  Last Runtime    Last Run
-----------------------------------  -----  ---------  --------  ----------  --------------  -------------------
/opt/airflow/dags/sodai_pipeline.py                           1           0  0.12s           2025-11-14T13:41:02
================================================================================
[2025-11-14T13:41:47.940+0000] {manager.py:737} INFO - Searching for files in /opt/airflow/dags
[2025-11-14T13:41:47.951+0000] {manager.py:740} INFO - There are 1 files in /opt/airflow/dags
[2025-11-14T13:41:52.011+0000] {manager.py:878} INFO - 
================================================================================
DAG File Processing Stats

File Path                            PID    Runtime      # DAGs    # Errors  Last Runtime    Last Run
-----------------------------------  -----  ---------  --------  ----------  --------------  -------------------
/opt/airflow/dags/sodai_pipeline.py                           1           0  0.10s           2025-11-14T13:41:32
================================================================================
[2025-11-14T13:42:22.381+0000] {manager.py:878} INFO - 
================================================================================
DAG File Processing Stats

File Path                            PID    Runtime      # DAGs    # Errors  Last Runtime    Last Run
-----------------------------------  -----  ---------  --------  ----------  --------------  -------------------
/opt/airflow/dags/sodai_pipeline.py                           1           0  0.10s           2025-11-14T13:42:03
================================================================================
[2025-11-14T13:42:52.720+0000] {manager.py:878} INFO - 
================================================================================
DAG File Processing Stats

File Path                            PID    Runtime      # DAGs    # Errors  Last Runtime    Last Run
-----------------------------------  -----  ---------  --------  ----------  --------------  -------------------
/opt/airflow/dags/sodai_pipeline.py                           1           0  0.14s           2025-11-14T13:42:33
================================================================================
[2025-11-14T13:43:23.067+0000] {manager.py:878} INFO - 
================================================================================
DAG File Processing Stats

File Path                            PID    Runtime      # DAGs    # Errors  Last Runtime    Last Run
-----------------------------------  -----  ---------  --------  ----------  --------------  -------------------
/opt/airflow/dags/sodai_pipeline.py                           1           0  0.12s           2025-11-14T13:43:03
================================================================================
[2025-11-14T13:43:53.378+0000] {manager.py:878} INFO - 
================================================================================
DAG File Processing Stats

File Path                            PID    Runtime      # DAGs    # Errors  Last Runtime    Last Run
-----------------------------------  -----  ---------  --------  ----------  --------------  -------------------
/opt/airflow/dags/sodai_pipeline.py                           1           0  0.09s           2025-11-14T13:43:34
================================================================================
[2025-11-14T13:44:23.723+0000] {manager.py:878} INFO - 
================================================================================
DAG File Processing Stats

File Path                            PID    Runtime      # DAGs    # Errors  Last Runtime    Last Run
-----------------------------------  -----  ---------  --------  ----------  --------------  -------------------
/opt/airflow/dags/sodai_pipeline.py                           1           0  0.11s           2025-11-14T13:44:04
================================================================================
[2025-11-14T13:44:54.079+0000] {manager.py:878} INFO - 
================================================================================
DAG File Processing Stats

File Path                            PID    Runtime      # DAGs    # Errors  Last Runtime    Last Run
-----------------------------------  -----  ---------  --------  ----------  --------------  -------------------
/opt/airflow/dags/sodai_pipeline.py                           1           0  0.14s           2025-11-14T13:44:34
================================================================================
[2025-11-14T13:45:24.407+0000] {manager.py:878} INFO - 
================================================================================
DAG File Processing Stats

File Path                            PID    Runtime      # DAGs    # Errors  Last Runtime    Last Run
-----------------------------------  -----  ---------  --------  ----------  --------------  -------------------
/opt/airflow/dags/sodai_pipeline.py                           1           0  0.11s           2025-11-14T13:45:05
================================================================================
[2025-11-14T13:45:54.776+0000] {manager.py:878} INFO - 
================================================================================
DAG File Processing Stats

File Path                            PID    Runtime      # DAGs    # Errors  Last Runtime    Last Run
-----------------------------------  -----  ---------  --------  ----------  --------------  -------------------
/opt/airflow/dags/sodai_pipeline.py                           1           0  0.14s           2025-11-14T13:45:35
================================================================================
[2025-11-14T13:46:25.164+0000] {manager.py:878} INFO - 
================================================================================
DAG File Processing Stats

File Path                            PID    Runtime      # DAGs    # Errors  Last Runtime    Last Run
-----------------------------------  -----  ---------  --------  ----------  --------------  -------------------
/opt/airflow/dags/sodai_pipeline.py                           1           0  0.16s           2025-11-14T13:46:06
================================================================================
[2025-11-14T13:46:48.403+0000] {manager.py:737} INFO - Searching for files in /opt/airflow/dags
[2025-11-14T13:46:48.415+0000] {manager.py:740} INFO - There are 1 files in /opt/airflow/dags
[2025-11-14T13:46:55.484+0000] {manager.py:878} INFO - 
================================================================================
DAG File Processing Stats

File Path                            PID    Runtime      # DAGs    # Errors  Last Runtime    Last Run
-----------------------------------  -----  ---------  --------  ----------  --------------  -------------------
/opt/airflow/dags/sodai_pipeline.py                           1           0  0.13s           2025-11-14T13:46:36
================================================================================
[2025-11-14T13:47:25.824+0000] {manager.py:878} INFO - 
================================================================================
DAG File Processing Stats

File Path                            PID    Runtime      # DAGs    # Errors  Last Runtime    Last Run
-----------------------------------  -----  ---------  --------  ----------  --------------  -------------------
/opt/airflow/dags/sodai_pipeline.py                           1           0  0.13s           2025-11-14T13:47:06
================================================================================
[2025-11-14T13:47:56.129+0000] {manager.py:878} INFO - 
================================================================================
DAG File Processing Stats

File Path                            PID    Runtime      # DAGs    # Errors  Last Runtime    Last Run
-----------------------------------  -----  ---------  --------  ----------  --------------  -------------------
/opt/airflow/dags/sodai_pipeline.py                           1           0  0.14s           2025-11-14T13:47:37
================================================================================
[2025-11-14T13:48:26.486+0000] {manager.py:878} INFO - 
================================================================================
DAG File Processing Stats

File Path                            PID    Runtime      # DAGs    # Errors  Last Runtime    Last Run
-----------------------------------  -----  ---------  --------  ----------  --------------  -------------------
/opt/airflow/dags/sodai_pipeline.py                           1           0  0.15s           2025-11-14T13:48:07
================================================================================
[2025-11-14T13:48:56.852+0000] {manager.py:878} INFO - 
================================================================================
DAG File Processing Stats

File Path                            PID    Runtime      # DAGs    # Errors  Last Runtime    Last Run
-----------------------------------  -----  ---------  --------  ----------  --------------  -------------------
/opt/airflow/dags/sodai_pipeline.py                           1           0  0.15s           2025-11-14T13:48:37
================================================================================
[2025-11-14T13:49:27.226+0000] {manager.py:878} INFO - 
================================================================================
DAG File Processing Stats

File Path                            PID    Runtime      # DAGs    # Errors  Last Runtime    Last Run
-----------------------------------  -----  ---------  --------  ----------  --------------  -------------------
/opt/airflow/dags/sodai_pipeline.py                           1           0  0.12s           2025-11-14T13:49:08
================================================================================
[2025-11-14T13:49:57.578+0000] {manager.py:878} INFO - 
================================================================================
DAG File Processing Stats

File Path                            PID    Runtime      # DAGs    # Errors  Last Runtime    Last Run
-----------------------------------  -----  ---------  --------  ----------  --------------  -------------------
/opt/airflow/dags/sodai_pipeline.py                           1           0  0.13s           2025-11-14T13:49:38
================================================================================
[2025-11-14T13:50:27.926+0000] {manager.py:878} INFO - 
================================================================================
DAG File Processing Stats

File Path                            PID    Runtime      # DAGs    # Errors  Last Runtime    Last Run
-----------------------------------  -----  ---------  --------  ----------  --------------  -------------------
/opt/airflow/dags/sodai_pipeline.py                           1           0  0.13s           2025-11-14T13:50:08
================================================================================
[2025-11-14T13:50:58.303+0000] {manager.py:878} INFO - 
================================================================================
DAG File Processing Stats

File Path                            PID    Runtime      # DAGs    # Errors  Last Runtime    Last Run
-----------------------------------  -----  ---------  --------  ----------  --------------  -------------------
/opt/airflow/dags/sodai_pipeline.py                           1           0  0.16s           2025-11-14T13:50:39
================================================================================
[2025-11-14T13:51:28.700+0000] {manager.py:878} INFO - 
================================================================================
DAG File Processing Stats

File Path                            PID    Runtime      # DAGs    # Errors  Last Runtime    Last Run
-----------------------------------  -----  ---------  --------  ----------  --------------  -------------------
/opt/airflow/dags/sodai_pipeline.py                           1           0  0.14s           2025-11-14T13:51:09
================================================================================
[2025-11-14T13:51:48.971+0000] {manager.py:737} INFO - Searching for files in /opt/airflow/dags
[2025-11-14T13:51:48.983+0000] {manager.py:740} INFO - There are 1 files in /opt/airflow/dags
[2025-11-14T13:51:59.101+0000] {manager.py:878} INFO - 
================================================================================
DAG File Processing Stats

File Path                            PID    Runtime      # DAGs    # Errors  Last Runtime    Last Run
-----------------------------------  -----  ---------  --------  ----------  --------------  -------------------
/opt/airflow/dags/sodai_pipeline.py                           1           0  0.16s           2025-11-14T13:51:40
================================================================================
[2025-11-14T13:52:29.397+0000] {manager.py:878} INFO - 
================================================================================
DAG File Processing Stats

File Path                            PID    Runtime      # DAGs    # Errors  Last Runtime    Last Run
-----------------------------------  -----  ---------  --------  ----------  --------------  -------------------
/opt/airflow/dags/sodai_pipeline.py                           1           0  0.14s           2025-11-14T13:52:10
================================================================================
[2025-11-14T13:52:59.776+0000] {manager.py:878} INFO - 
================================================================================
DAG File Processing Stats

File Path                            PID    Runtime      # DAGs    # Errors  Last Runtime    Last Run
-----------------------------------  -----  ---------  --------  ----------  --------------  -------------------
/opt/airflow/dags/sodai_pipeline.py                           1           0  0.14s           2025-11-14T13:52:40
================================================================================
[2025-11-14T13:53:30.161+0000] {manager.py:878} INFO - 
================================================================================
DAG File Processing Stats

File Path                            PID    Runtime      # DAGs    # Errors  Last Runtime    Last Run
-----------------------------------  -----  ---------  --------  ----------  --------------  -------------------
/opt/airflow/dags/sodai_pipeline.py                           1           0  0.14s           2025-11-14T13:53:11
================================================================================
[2025-11-14T13:54:00.553+0000] {manager.py:878} INFO - 
================================================================================
DAG File Processing Stats

File Path                            PID    Runtime      # DAGs    # Errors  Last Runtime    Last Run
-----------------------------------  -----  ---------  --------  ----------  --------------  -------------------
/opt/airflow/dags/sodai_pipeline.py                           1           0  0.14s           2025-11-14T13:53:41
================================================================================
[2025-11-14T13:54:30.940+0000] {manager.py:878} INFO - 
================================================================================
DAG File Processing Stats

File Path                            PID    Runtime      # DAGs    # Errors  Last Runtime    Last Run
-----------------------------------  -----  ---------  --------  ----------  --------------  -------------------
/opt/airflow/dags/sodai_pipeline.py                           1           0  0.14s           2025-11-14T13:54:11
================================================================================
[2025-11-14T13:55:01.317+0000] {manager.py:878} INFO - 
================================================================================
DAG File Processing Stats

File Path                            PID    Runtime      # DAGs    # Errors  Last Runtime    Last Run
-----------------------------------  -----  ---------  --------  ----------  --------------  -------------------
/opt/airflow/dags/sodai_pipeline.py                           1           0  0.15s           2025-11-14T13:54:42
================================================================================
[2025-11-14T13:55:31.682+0000] {manager.py:878} INFO - 
================================================================================
DAG File Processing Stats

File Path                            PID    Runtime      # DAGs    # Errors  Last Runtime    Last Run
-----------------------------------  -----  ---------  --------  ----------  --------------  -------------------
/opt/airflow/dags/sodai_pipeline.py                           1           0  0.12s           2025-11-14T13:55:12
================================================================================
[2025-11-14T13:56:02.053+0000] {manager.py:878} INFO - 
================================================================================
DAG File Processing Stats

File Path                            PID    Runtime      # DAGs    # Errors  Last Runtime    Last Run
-----------------------------------  -----  ---------  --------  ----------  --------------  -------------------
/opt/airflow/dags/sodai_pipeline.py                           1           0  0.15s           2025-11-14T13:55:42
================================================================================
[2025-11-14T13:56:32.417+0000] {manager.py:878} INFO - 
================================================================================
DAG File Processing Stats

File Path                            PID    Runtime      # DAGs    # Errors  Last Runtime    Last Run
-----------------------------------  -----  ---------  --------  ----------  --------------  -------------------
/opt/airflow/dags/sodai_pipeline.py                           1           0  0.13s           2025-11-14T13:56:13
================================================================================
[2025-11-14T13:56:49.609+0000] {manager.py:737} INFO - Searching for files in /opt/airflow/dags
[2025-11-14T13:56:49.621+0000] {manager.py:740} INFO - There are 1 files in /opt/airflow/dags
[2025-11-14T13:57:02.760+0000] {manager.py:878} INFO - 
================================================================================
DAG File Processing Stats

File Path                            PID    Runtime      # DAGs    # Errors  Last Runtime    Last Run
-----------------------------------  -----  ---------  --------  ----------  --------------  -------------------
/opt/airflow/dags/sodai_pipeline.py                           1           0  0.15s           2025-11-14T13:56:43
================================================================================
[2025-11-14T13:57:33.109+0000] {manager.py:878} INFO - 
================================================================================
DAG File Processing Stats

File Path                            PID    Runtime      # DAGs    # Errors  Last Runtime    Last Run
-----------------------------------  -----  ---------  --------  ----------  --------------  -------------------
/opt/airflow/dags/sodai_pipeline.py                           1           0  0.14s           2025-11-14T13:57:14
================================================================================
[2025-11-14T13:58:03.499+0000] {manager.py:878} INFO - 
================================================================================
DAG File Processing Stats

File Path                            PID    Runtime      # DAGs    # Errors  Last Runtime    Last Run
-----------------------------------  -----  ---------  --------  ----------  --------------  -------------------
/opt/airflow/dags/sodai_pipeline.py                           1           0  0.14s           2025-11-14T13:57:44
================================================================================
[2025-11-14T13:58:33.777+0000] {manager.py:878} INFO - 
================================================================================
DAG File Processing Stats

File Path                            PID    Runtime      # DAGs    # Errors  Last Runtime    Last Run
-----------------------------------  -----  ---------  --------  ----------  --------------  -------------------
/opt/airflow/dags/sodai_pipeline.py                           1           0  0.15s           2025-11-14T13:58:14
================================================================================
[2025-11-14T13:59:04.163+0000] {manager.py:878} INFO - 
================================================================================
DAG File Processing Stats

File Path                            PID    Runtime      # DAGs    # Errors  Last Runtime    Last Run
-----------------------------------  -----  ---------  --------  ----------  --------------  -------------------
/opt/airflow/dags/sodai_pipeline.py                           1           0  0.13s           2025-11-14T13:58:45
================================================================================
[2025-11-14T13:59:34.615+0000] {manager.py:878} INFO - 
================================================================================
DAG File Processing Stats

File Path                            PID    Runtime      # DAGs    # Errors  Last Runtime    Last Run
-----------------------------------  -----  ---------  --------  ----------  --------------  -------------------
/opt/airflow/dags/sodai_pipeline.py                           1           0  0.14s           2025-11-14T13:59:15
================================================================================
[2025-11-14T14:00:04.990+0000] {manager.py:878} INFO - 
================================================================================
DAG File Processing Stats

File Path                            PID    Runtime      # DAGs    # Errors  Last Runtime    Last Run
-----------------------------------  -----  ---------  --------  ----------  --------------  -------------------
/opt/airflow/dags/sodai_pipeline.py                           1           0  0.15s           2025-11-14T13:59:45
================================================================================
[2025-11-14T14:00:35.386+0000] {manager.py:878} INFO - 
================================================================================
DAG File Processing Stats

File Path                            PID    Runtime      # DAGs    # Errors  Last Runtime    Last Run
-----------------------------------  -----  ---------  --------  ----------  --------------  -------------------
/opt/airflow/dags/sodai_pipeline.py                           1           0  0.14s           2025-11-14T14:00:16
================================================================================
[2025-11-14T14:01:05.752+0000] {manager.py:878} INFO - 
================================================================================
DAG File Processing Stats

File Path                            PID    Runtime      # DAGs    # Errors  Last Runtime    Last Run
-----------------------------------  -----  ---------  --------  ----------  --------------  -------------------
/opt/airflow/dags/sodai_pipeline.py                           1           0  0.16s           2025-11-14T14:00:46
================================================================================
[2025-11-14T14:01:36.136+0000] {manager.py:878} INFO - 
================================================================================
DAG File Processing Stats

File Path                            PID    Runtime      # DAGs    # Errors  Last Runtime    Last Run
-----------------------------------  -----  ---------  --------  ----------  --------------  -------------------
/opt/airflow/dags/sodai_pipeline.py                           1           0  0.13s           2025-11-14T14:01:17
================================================================================
[2025-11-14T14:01:50.336+0000] {manager.py:737} INFO - Searching for files in /opt/airflow/dags
[2025-11-14T14:01:50.346+0000] {manager.py:740} INFO - There are 1 files in /opt/airflow/dags
[2025-11-14T14:02:06.499+0000] {manager.py:878} INFO - 
================================================================================
DAG File Processing Stats

File Path                            PID    Runtime      # DAGs    # Errors  Last Runtime    Last Run
-----------------------------------  -----  ---------  --------  ----------  --------------  -------------------
/opt/airflow/dags/sodai_pipeline.py                           1           0  0.13s           2025-11-14T14:01:47
================================================================================
[2025-11-14T14:02:36.889+0000] {manager.py:878} INFO - 
================================================================================
DAG File Processing Stats

File Path                            PID    Runtime      # DAGs    # Errors  Last Runtime    Last Run
-----------------------------------  -----  ---------  --------  ----------  --------------  -------------------
/opt/airflow/dags/sodai_pipeline.py                           1           0  0.12s           2025-11-14T14:02:17
================================================================================
[2025-11-14T14:03:07.221+0000] {manager.py:878} INFO - 
================================================================================
DAG File Processing Stats

File Path                            PID    Runtime      # DAGs    # Errors  Last Runtime    Last Run
-----------------------------------  -----  ---------  --------  ----------  --------------  -------------------
/opt/airflow/dags/sodai_pipeline.py                           1           0  0.19s           2025-11-14T14:02:48
================================================================================
[2025-11-14T14:03:37.688+0000] {manager.py:878} INFO - 
================================================================================
DAG File Processing Stats

File Path                            PID    Runtime      # DAGs    # Errors  Last Runtime    Last Run
-----------------------------------  -----  ---------  --------  ----------  --------------  -------------------
/opt/airflow/dags/sodai_pipeline.py                           1           0  0.15s           2025-11-14T14:03:18
================================================================================
[2025-11-14T14:04:08.064+0000] {manager.py:878} INFO - 
================================================================================
DAG File Processing Stats

File Path                            PID    Runtime      # DAGs    # Errors  Last Runtime    Last Run
-----------------------------------  -----  ---------  --------  ----------  --------------  -------------------
/opt/airflow/dags/sodai_pipeline.py                           1           0  0.15s           2025-11-14T14:03:48
================================================================================
[2025-11-14T14:04:38.446+0000] {manager.py:878} INFO - 
================================================================================
DAG File Processing Stats

File Path                            PID    Runtime      # DAGs    # Errors  Last Runtime    Last Run
-----------------------------------  -----  ---------  --------  ----------  --------------  -------------------
/opt/airflow/dags/sodai_pipeline.py                           1           0  0.14s           2025-11-14T14:04:19
================================================================================
[2025-11-14T14:05:08.801+0000] {manager.py:878} INFO - 
================================================================================
DAG File Processing Stats

File Path                            PID    Runtime      # DAGs    # Errors  Last Runtime    Last Run
-----------------------------------  -----  ---------  --------  ----------  --------------  -------------------
/opt/airflow/dags/sodai_pipeline.py                           1           0  0.14s           2025-11-14T14:04:49
================================================================================
[2025-11-14T14:05:39.171+0000] {manager.py:878} INFO - 
================================================================================
DAG File Processing Stats

File Path                            PID    Runtime      # DAGs    # Errors  Last Runtime    Last Run
-----------------------------------  -----  ---------  --------  ----------  --------------  -------------------
/opt/airflow/dags/sodai_pipeline.py                           1           0  0.11s           2025-11-14T14:05:20
================================================================================
[2025-11-14T14:06:09.529+0000] {manager.py:878} INFO - 
================================================================================
DAG File Processing Stats

File Path                            PID    Runtime      # DAGs    # Errors  Last Runtime    Last Run
-----------------------------------  -----  ---------  --------  ----------  --------------  -------------------
/opt/airflow/dags/sodai_pipeline.py                           1           0  0.13s           2025-11-14T14:05:50
================================================================================
[2025-11-14T14:06:39.867+0000] {manager.py:878} INFO - 
================================================================================
DAG File Processing Stats

File Path                            PID    Runtime      # DAGs    # Errors  Last Runtime    Last Run
-----------------------------------  -----  ---------  --------  ----------  --------------  -------------------
/opt/airflow/dags/sodai_pipeline.py                           1           0  0.16s           2025-11-14T14:06:20
================================================================================
[2025-11-14T14:06:50.996+0000] {manager.py:737} INFO - Searching for files in /opt/airflow/dags
[2025-11-14T14:06:51.004+0000] {manager.py:740} INFO - There are 1 files in /opt/airflow/dags
[2025-11-14T14:07:10.313+0000] {manager.py:878} INFO - 
================================================================================
DAG File Processing Stats

File Path                            PID    Runtime      # DAGs    # Errors  Last Runtime    Last Run
-----------------------------------  -----  ---------  --------  ----------  --------------  -------------------
/opt/airflow/dags/sodai_pipeline.py                           1           0  0.13s           2025-11-14T14:06:51
================================================================================
[2025-11-14T14:07:40.664+0000] {manager.py:878} INFO - 
================================================================================
DAG File Processing Stats

File Path                            PID    Runtime      # DAGs    # Errors  Last Runtime    Last Run
-----------------------------------  -----  ---------  --------  ----------  --------------  -------------------
/opt/airflow/dags/sodai_pipeline.py                           1           0  0.10s           2025-11-14T14:07:21
================================================================================
[2025-11-14T14:08:11.027+0000] {manager.py:878} INFO - 
================================================================================
DAG File Processing Stats

File Path                            PID    Runtime      # DAGs    # Errors  Last Runtime    Last Run
-----------------------------------  -----  ---------  --------  ----------  --------------  -------------------
/opt/airflow/dags/sodai_pipeline.py                           1           0  0.14s           2025-11-14T14:07:51
================================================================================
[2025-11-14T14:08:41.404+0000] {manager.py:878} INFO - 
================================================================================
DAG File Processing Stats

File Path                            PID    Runtime      # DAGs    # Errors  Last Runtime    Last Run
-----------------------------------  -----  ---------  --------  ----------  --------------  -------------------
/opt/airflow/dags/sodai_pipeline.py                           1           0  0.12s           2025-11-14T14:08:22
================================================================================
[2025-11-14T14:09:11.762+0000] {manager.py:878} INFO - 
================================================================================
DAG File Processing Stats

File Path                            PID    Runtime      # DAGs    # Errors  Last Runtime    Last Run
-----------------------------------  -----  ---------  --------  ----------  --------------  -------------------
/opt/airflow/dags/sodai_pipeline.py                           1           0  0.12s           2025-11-14T14:08:52
================================================================================
[2025-11-14T14:09:42.109+0000] {manager.py:878} INFO - 
================================================================================
DAG File Processing Stats

File Path                            PID    Runtime      # DAGs    # Errors  Last Runtime    Last Run
-----------------------------------  -----  ---------  --------  ----------  --------------  -------------------
/opt/airflow/dags/sodai_pipeline.py                           1           0  0.10s           2025-11-14T14:09:22
================================================================================
[2025-11-14T14:10:12.471+0000] {manager.py:878} INFO - 
================================================================================
DAG File Processing Stats

File Path                            PID    Runtime      # DAGs    # Errors  Last Runtime    Last Run
-----------------------------------  -----  ---------  --------  ----------  --------------  -------------------
/opt/airflow/dags/sodai_pipeline.py                           1           0  0.16s           2025-11-14T14:09:53
================================================================================
[2025-11-14T14:10:42.868+0000] {manager.py:878} INFO - 
================================================================================
DAG File Processing Stats

File Path                            PID    Runtime      # DAGs    # Errors  Last Runtime    Last Run
-----------------------------------  -----  ---------  --------  ----------  --------------  -------------------
/opt/airflow/dags/sodai_pipeline.py                           1           0  0.13s           2025-11-14T14:10:23
================================================================================
[2025-11-14T14:11:13.203+0000] {manager.py:878} INFO - 
================================================================================
DAG File Processing Stats

File Path                            PID    Runtime      # DAGs    # Errors  Last Runtime    Last Run
-----------------------------------  -----  ---------  --------  ----------  --------------  -------------------
/opt/airflow/dags/sodai_pipeline.py                           1           0  0.16s           2025-11-14T14:10:54
================================================================================
[2025-11-14T14:11:43.532+0000] {manager.py:878} INFO - 
================================================================================
DAG File Processing Stats

File Path                            PID    Runtime      # DAGs    # Errors  Last Runtime    Last Run
-----------------------------------  -----  ---------  --------  ----------  --------------  -------------------
/opt/airflow/dags/sodai_pipeline.py                           1           0  0.11s           2025-11-14T14:11:24
================================================================================
[2025-11-14T14:11:51.615+0000] {manager.py:737} INFO - Searching for files in /opt/airflow/dags
[2025-11-14T14:11:51.622+0000] {manager.py:740} INFO - There are 1 files in /opt/airflow/dags
[2025-11-14T14:12:13.876+0000] {manager.py:878} INFO - 
================================================================================
DAG File Processing Stats

File Path                            PID    Runtime      # DAGs    # Errors  Last Runtime    Last Run
-----------------------------------  -----  ---------  --------  ----------  --------------  -------------------
/opt/airflow/dags/sodai_pipeline.py                           1           0  0.11s           2025-11-14T14:11:54
================================================================================
[2025-11-14T14:12:44.235+0000] {manager.py:878} INFO - 
================================================================================
DAG File Processing Stats

File Path                            PID    Runtime      # DAGs    # Errors  Last Runtime    Last Run
-----------------------------------  -----  ---------  --------  ----------  --------------  -------------------
/opt/airflow/dags/sodai_pipeline.py                           1           0  0.10s           2025-11-14T14:12:25
================================================================================
[2025-11-14T14:13:14.650+0000] {manager.py:878} INFO - 
================================================================================
DAG File Processing Stats

File Path                            PID    Runtime      # DAGs    # Errors  Last Runtime    Last Run
-----------------------------------  -----  ---------  --------  ----------  --------------  -------------------
/opt/airflow/dags/sodai_pipeline.py                           1           0  0.11s           2025-11-14T14:12:55
================================================================================
[2025-11-14T14:13:45.066+0000] {manager.py:878} INFO - 
================================================================================
DAG File Processing Stats

File Path                            PID    Runtime      # DAGs    # Errors  Last Runtime    Last Run
-----------------------------------  -----  ---------  --------  ----------  --------------  -------------------
/opt/airflow/dags/sodai_pipeline.py                           1           0  0.10s           2025-11-14T14:13:25
================================================================================
[2025-11-14T14:14:15.491+0000] {manager.py:878} INFO - 
================================================================================
DAG File Processing Stats

File Path                            PID    Runtime      # DAGs    # Errors  Last Runtime    Last Run
-----------------------------------  -----  ---------  --------  ----------  --------------  -------------------
/opt/airflow/dags/sodai_pipeline.py                           1           0  0.13s           2025-11-14T14:13:56
================================================================================
[2025-11-14T14:14:45.924+0000] {manager.py:878} INFO - 
================================================================================
DAG File Processing Stats

File Path                            PID    Runtime      # DAGs    # Errors  Last Runtime    Last Run
-----------------------------------  -----  ---------  --------  ----------  --------------  -------------------
/opt/airflow/dags/sodai_pipeline.py                           1           0  0.12s           2025-11-14T14:14:26
================================================================================
[2025-11-14T14:15:16.296+0000] {manager.py:878} INFO - 
================================================================================
DAG File Processing Stats

File Path                            PID    Runtime      # DAGs    # Errors  Last Runtime    Last Run
-----------------------------------  -----  ---------  --------  ----------  --------------  -------------------
/opt/airflow/dags/sodai_pipeline.py                           1           0  0.15s           2025-11-14T14:14:57
================================================================================
[2025-11-14T14:15:46.717+0000] {manager.py:878} INFO - 
================================================================================
DAG File Processing Stats

File Path                            PID    Runtime      # DAGs    # Errors  Last Runtime    Last Run
-----------------------------------  -----  ---------  --------  ----------  --------------  -------------------
/opt/airflow/dags/sodai_pipeline.py                           1           0  0.15s           2025-11-14T14:15:27
================================================================================
[2025-11-14T14:16:17.114+0000] {manager.py:878} INFO - 
================================================================================
DAG File Processing Stats

File Path                            PID    Runtime      # DAGs    # Errors  Last Runtime    Last Run
-----------------------------------  -----  ---------  --------  ----------  --------------  -------------------
/opt/airflow/dags/sodai_pipeline.py                           1           0  0.10s           2025-11-14T14:15:57
================================================================================
[2025-11-14T14:16:47.564+0000] {manager.py:878} INFO - 
================================================================================
DAG File Processing Stats

File Path                            PID    Runtime      # DAGs    # Errors  Last Runtime    Last Run
-----------------------------------  -----  ---------  --------  ----------  --------------  -------------------
/opt/airflow/dags/sodai_pipeline.py                           1           0  0.21s           2025-11-14T14:16:28
================================================================================
[2025-11-14T14:16:51.619+0000] {manager.py:737} INFO - Searching for files in /opt/airflow/dags
[2025-11-14T14:16:51.626+0000] {manager.py:740} INFO - There are 1 files in /opt/airflow/dags
[2025-11-14T14:17:17.977+0000] {manager.py:878} INFO - 
================================================================================
DAG File Processing Stats

File Path                            PID    Runtime      # DAGs    # Errors  Last Runtime    Last Run
-----------------------------------  -----  ---------  --------  ----------  --------------  -------------------
/opt/airflow/dags/sodai_pipeline.py                           1           0  0.15s           2025-11-14T14:16:58
================================================================================
[2025-11-14T14:17:48.364+0000] {manager.py:878} INFO - 
================================================================================
DAG File Processing Stats

File Path                            PID    Runtime      # DAGs    # Errors  Last Runtime    Last Run
-----------------------------------  -----  ---------  --------  ----------  --------------  -------------------
/opt/airflow/dags/sodai_pipeline.py                           1           0  0.12s           2025-11-14T14:17:29
================================================================================
[2025-11-14T14:18:18.746+0000] {manager.py:878} INFO - 
================================================================================
DAG File Processing Stats

File Path                            PID    Runtime      # DAGs    # Errors  Last Runtime    Last Run
-----------------------------------  -----  ---------  --------  ----------  --------------  -------------------
/opt/airflow/dags/sodai_pipeline.py                           1           0  0.15s           2025-11-14T14:17:59
================================================================================
[2025-11-14T14:18:49.101+0000] {manager.py:878} INFO - 
================================================================================
DAG File Processing Stats

File Path                            PID    Runtime      # DAGs    # Errors  Last Runtime    Last Run
-----------------------------------  -----  ---------  --------  ----------  --------------  -------------------
/opt/airflow/dags/sodai_pipeline.py                           1           0  0.14s           2025-11-14T14:18:30
================================================================================
[2025-11-14T14:19:19.459+0000] {manager.py:878} INFO - 
================================================================================
DAG File Processing Stats

File Path                            PID    Runtime      # DAGs    # Errors  Last Runtime    Last Run
-----------------------------------  -----  ---------  --------  ----------  --------------  -------------------
/opt/airflow/dags/sodai_pipeline.py                           1           0  0.15s           2025-11-14T14:19:00
================================================================================
[2025-11-14T14:19:49.808+0000] {manager.py:878} INFO - 
================================================================================
DAG File Processing Stats

File Path                            PID    Runtime      # DAGs    # Errors  Last Runtime    Last Run
-----------------------------------  -----  ---------  --------  ----------  --------------  -------------------
/opt/airflow/dags/sodai_pipeline.py                           1           0  0.15s           2025-11-14T14:19:30
================================================================================
[2025-11-14T14:20:20.215+0000] {manager.py:878} INFO - 
================================================================================
DAG File Processing Stats

File Path                            PID    Runtime      # DAGs    # Errors  Last Runtime    Last Run
-----------------------------------  -----  ---------  --------  ----------  --------------  -------------------
/opt/airflow/dags/sodai_pipeline.py                           1           0  0.17s           2025-11-14T14:20:01
================================================================================
[2025-11-14T14:20:50.597+0000] {manager.py:878} INFO - 
================================================================================
DAG File Processing Stats

File Path                            PID    Runtime      # DAGs    # Errors  Last Runtime    Last Run
-----------------------------------  -----  ---------  --------  ----------  --------------  -------------------
/opt/airflow/dags/sodai_pipeline.py                           1           0  0.16s           2025-11-14T14:20:31
================================================================================
[2025-11-14T14:21:21.000+0000] {manager.py:878} INFO - 
================================================================================
DAG File Processing Stats

File Path                            PID    Runtime      # DAGs    # Errors  Last Runtime    Last Run
-----------------------------------  -----  ---------  --------  ----------  --------------  -------------------
/opt/airflow/dags/sodai_pipeline.py                           1           0  0.14s           2025-11-14T14:21:01
================================================================================
[2025-11-14T14:21:51.354+0000] {manager.py:878} INFO - 
================================================================================
DAG File Processing Stats

File Path                            PID    Runtime      # DAGs    # Errors  Last Runtime    Last Run
-----------------------------------  -----  ---------  --------  ----------  --------------  -------------------
/opt/airflow/dags/sodai_pipeline.py                           1           0  0.17s           2025-11-14T14:21:32
================================================================================
[2025-11-14T14:21:52.367+0000] {manager.py:737} INFO - Searching for files in /opt/airflow/dags
[2025-11-14T14:21:52.376+0000] {manager.py:740} INFO - There are 1 files in /opt/airflow/dags
[2025-11-14T14:22:21.774+0000] {manager.py:878} INFO - 
================================================================================
DAG File Processing Stats

File Path                            PID    Runtime      # DAGs    # Errors  Last Runtime    Last Run
-----------------------------------  -----  ---------  --------  ----------  --------------  -------------------
/opt/airflow/dags/sodai_pipeline.py                           1           0  0.16s           2025-11-14T14:22:02
================================================================================
[2025-11-14T14:22:52.134+0000] {manager.py:878} INFO - 
================================================================================
DAG File Processing Stats

File Path                            PID    Runtime      # DAGs    # Errors  Last Runtime    Last Run
-----------------------------------  -----  ---------  --------  ----------  --------------  -------------------
/opt/airflow/dags/sodai_pipeline.py                           1           0  0.14s           2025-11-14T14:22:33
================================================================================
[2025-11-14T14:23:22.453+0000] {manager.py:878} INFO - 
================================================================================
DAG File Processing Stats

File Path                            PID    Runtime      # DAGs    # Errors  Last Runtime    Last Run
-----------------------------------  -----  ---------  --------  ----------  --------------  -------------------
/opt/airflow/dags/sodai_pipeline.py                           1           0  0.16s           2025-11-14T14:23:03
================================================================================
[2025-11-14T14:23:52.926+0000] {manager.py:878} INFO - 
================================================================================
DAG File Processing Stats

File Path                            PID    Runtime      # DAGs    # Errors  Last Runtime    Last Run
-----------------------------------  -----  ---------  --------  ----------  --------------  -------------------
/opt/airflow/dags/sodai_pipeline.py                           1           0  0.20s           2025-11-14T14:23:33
================================================================================
[2025-11-14T14:24:23.446+0000] {manager.py:878} INFO - 
================================================================================
DAG File Processing Stats

File Path                            PID    Runtime      # DAGs    # Errors  Last Runtime    Last Run
-----------------------------------  -----  ---------  --------  ----------  --------------  -------------------
/opt/airflow/dags/sodai_pipeline.py                           1           0  0.18s           2025-11-14T14:24:04
================================================================================
[2025-11-14T14:24:53.877+0000] {manager.py:878} INFO - 
================================================================================
DAG File Processing Stats

File Path                            PID    Runtime      # DAGs    # Errors  Last Runtime    Last Run
-----------------------------------  -----  ---------  --------  ----------  --------------  -------------------
/opt/airflow/dags/sodai_pipeline.py                           1           0  0.15s           2025-11-14T14:24:34
================================================================================
[2025-11-14T14:25:24.267+0000] {manager.py:878} INFO - 
================================================================================
DAG File Processing Stats

File Path                            PID    Runtime      # DAGs    # Errors  Last Runtime    Last Run
-----------------------------------  -----  ---------  --------  ----------  --------------  -------------------
/opt/airflow/dags/sodai_pipeline.py                           1           0  0.15s           2025-11-14T14:25:05
================================================================================
[2025-11-14T14:25:54.605+0000] {manager.py:878} INFO - 
================================================================================
DAG File Processing Stats

File Path                            PID    Runtime      # DAGs    # Errors  Last Runtime    Last Run
-----------------------------------  -----  ---------  --------  ----------  --------------  -------------------
/opt/airflow/dags/sodai_pipeline.py                           1           0  0.11s           2025-11-14T14:25:35
================================================================================
[2025-11-14T14:26:24.983+0000] {manager.py:878} INFO - 
================================================================================
DAG File Processing Stats

File Path                            PID    Runtime      # DAGs    # Errors  Last Runtime    Last Run
-----------------------------------  -----  ---------  --------  ----------  --------------  -------------------
/opt/airflow/dags/sodai_pipeline.py                           1           0  0.15s           2025-11-14T14:26:05
================================================================================
[2025-11-14T14:26:52.369+0000] {manager.py:737} INFO - Searching for files in /opt/airflow/dags
[2025-11-14T14:26:52.381+0000] {manager.py:740} INFO - There are 1 files in /opt/airflow/dags
[2025-11-14T14:26:55.359+0000] {manager.py:878} INFO - 
================================================================================
DAG File Processing Stats

File Path                            PID    Runtime      # DAGs    # Errors  Last Runtime    Last Run
-----------------------------------  -----  ---------  --------  ----------  --------------  -------------------
/opt/airflow/dags/sodai_pipeline.py                           1           0  0.16s           2025-11-14T14:26:36
================================================================================
[2025-11-14T14:27:25.682+0000] {manager.py:878} INFO - 
================================================================================
DAG File Processing Stats

File Path                            PID    Runtime      # DAGs    # Errors  Last Runtime    Last Run
-----------------------------------  -----  ---------  --------  ----------  --------------  -------------------
/opt/airflow/dags/sodai_pipeline.py                           1           0  0.14s           2025-11-14T14:27:06
================================================================================
[2025-11-14T14:27:56.083+0000] {manager.py:878} INFO - 
================================================================================
DAG File Processing Stats

File Path                            PID    Runtime      # DAGs    # Errors  Last Runtime    Last Run
-----------------------------------  -----  ---------  --------  ----------  --------------  -------------------
/opt/airflow/dags/sodai_pipeline.py                           1           0  0.18s           2025-11-14T14:27:37
================================================================================
[2025-11-14T14:28:26.363+0000] {manager.py:878} INFO - 
================================================================================
DAG File Processing Stats

File Path                            PID    Runtime      # DAGs    # Errors  Last Runtime    Last Run
-----------------------------------  -----  ---------  --------  ----------  --------------  -------------------
/opt/airflow/dags/sodai_pipeline.py                           1           0  0.14s           2025-11-14T14:28:07
================================================================================
[2025-11-14T14:28:56.720+0000] {manager.py:878} INFO - 
================================================================================
DAG File Processing Stats

File Path                            PID    Runtime      # DAGs    # Errors  Last Runtime    Last Run
-----------------------------------  -----  ---------  --------  ----------  --------------  -------------------
/opt/airflow/dags/sodai_pipeline.py                           1           0  0.13s           2025-11-14T14:28:37
================================================================================
[2025-11-14T14:29:27.031+0000] {manager.py:878} INFO - 
================================================================================
DAG File Processing Stats

File Path                            PID    Runtime      # DAGs    # Errors  Last Runtime    Last Run
-----------------------------------  -----  ---------  --------  ----------  --------------  -------------------
/opt/airflow/dags/sodai_pipeline.py                           1           0  0.20s           2025-11-14T14:29:08
================================================================================
[2025-11-14T14:29:57.433+0000] {manager.py:878} INFO - 
================================================================================
DAG File Processing Stats

File Path                            PID    Runtime      # DAGs    # Errors  Last Runtime    Last Run
-----------------------------------  -----  ---------  --------  ----------  --------------  -------------------
/opt/airflow/dags/sodai_pipeline.py                           1           0  0.15s           2025-11-14T14:29:38
================================================================================
[2025-11-14T14:30:27.819+0000] {manager.py:878} INFO - 
================================================================================
DAG File Processing Stats

File Path                            PID    Runtime      # DAGs    # Errors  Last Runtime    Last Run
-----------------------------------  -----  ---------  --------  ----------  --------------  -------------------
/opt/airflow/dags/sodai_pipeline.py                           1           0  0.14s           2025-11-14T14:30:08
================================================================================
[2025-11-14T14:30:58.221+0000] {manager.py:878} INFO - 
================================================================================
DAG File Processing Stats

File Path                            PID    Runtime      # DAGs    # Errors  Last Runtime    Last Run
-----------------------------------  -----  ---------  --------  ----------  --------------  -------------------
/opt/airflow/dags/sodai_pipeline.py                           1           0  0.16s           2025-11-14T14:30:39
================================================================================
[2025-11-14T14:31:28.579+0000] {manager.py:878} INFO - 
================================================================================
DAG File Processing Stats

File Path                            PID    Runtime      # DAGs    # Errors  Last Runtime    Last Run
-----------------------------------  -----  ---------  --------  ----------  --------------  -------------------
/opt/airflow/dags/sodai_pipeline.py                           1           0  0.14s           2025-11-14T14:31:09
================================================================================
[2025-11-14T14:31:52.882+0000] {manager.py:737} INFO - Searching for files in /opt/airflow/dags
[2025-11-14T14:31:52.889+0000] {manager.py:740} INFO - There are 1 files in /opt/airflow/dags
[2025-11-14T14:31:58.984+0000] {manager.py:878} INFO - 
================================================================================
DAG File Processing Stats

File Path                            PID    Runtime      # DAGs    # Errors  Last Runtime    Last Run
-----------------------------------  -----  ---------  --------  ----------  --------------  -------------------
/opt/airflow/dags/sodai_pipeline.py                           1           0  0.13s           2025-11-14T14:31:39
================================================================================
[2025-11-14T14:32:29.327+0000] {manager.py:878} INFO - 
================================================================================
DAG File Processing Stats

File Path                            PID    Runtime      # DAGs    # Errors  Last Runtime    Last Run
-----------------------------------  -----  ---------  --------  ----------  --------------  -------------------
/opt/airflow/dags/sodai_pipeline.py                           1           0  0.08s           2025-11-14T14:32:10
================================================================================
[2025-11-14T14:32:59.667+0000] {manager.py:878} INFO - 
================================================================================
DAG File Processing Stats

File Path                            PID    Runtime      # DAGs    # Errors  Last Runtime    Last Run
-----------------------------------  -----  ---------  --------  ----------  --------------  -------------------
/opt/airflow/dags/sodai_pipeline.py                           1           0  0.15s           2025-11-14T14:32:40
================================================================================
[2025-11-14T14:33:30.023+0000] {manager.py:878} INFO - 
================================================================================
DAG File Processing Stats

File Path                            PID    Runtime      # DAGs    # Errors  Last Runtime    Last Run
-----------------------------------  -----  ---------  --------  ----------  --------------  -------------------
/opt/airflow/dags/sodai_pipeline.py                           1           0  0.11s           2025-11-14T14:33:10
================================================================================
[2025-11-14T14:34:00.359+0000] {manager.py:878} INFO - 
================================================================================
DAG File Processing Stats

File Path                            PID    Runtime      # DAGs    # Errors  Last Runtime    Last Run
-----------------------------------  -----  ---------  --------  ----------  --------------  -------------------
/opt/airflow/dags/sodai_pipeline.py                           1           0  0.15s           2025-11-14T14:33:41
================================================================================
[2025-11-14T14:34:30.874+0000] {manager.py:878} INFO - 
================================================================================
DAG File Processing Stats

File Path                            PID    Runtime      # DAGs    # Errors  Last Runtime    Last Run
-----------------------------------  -----  ---------  --------  ----------  --------------  -------------------
/opt/airflow/dags/sodai_pipeline.py                           1           0  0.16s           2025-11-14T14:34:11
================================================================================
[2025-11-14T14:35:01.300+0000] {manager.py:878} INFO - 
================================================================================
DAG File Processing Stats

File Path                            PID    Runtime      # DAGs    # Errors  Last Runtime    Last Run
-----------------------------------  -----  ---------  --------  ----------  --------------  -------------------
/opt/airflow/dags/sodai_pipeline.py                           1           0  0.13s           2025-11-14T14:34:42
================================================================================
[2025-11-14T14:35:31.726+0000] {manager.py:878} INFO - 
================================================================================
DAG File Processing Stats

File Path                            PID    Runtime      # DAGs    # Errors  Last Runtime    Last Run
-----------------------------------  -----  ---------  --------  ----------  --------------  -------------------
/opt/airflow/dags/sodai_pipeline.py                           1           0  0.18s           2025-11-14T14:35:12
================================================================================
[2025-11-14T14:36:02.146+0000] {manager.py:878} INFO - 
================================================================================
DAG File Processing Stats

File Path                            PID    Runtime      # DAGs    # Errors  Last Runtime    Last Run
-----------------------------------  -----  ---------  --------  ----------  --------------  -------------------
/opt/airflow/dags/sodai_pipeline.py                           1           0  0.14s           2025-11-14T14:35:42
================================================================================
[2025-11-14T14:36:32.559+0000] {manager.py:878} INFO - 
================================================================================
DAG File Processing Stats

File Path                            PID    Runtime      # DAGs    # Errors  Last Runtime    Last Run
-----------------------------------  -----  ---------  --------  ----------  --------------  -------------------
/opt/airflow/dags/sodai_pipeline.py                           1           0  0.14s           2025-11-14T14:36:13
================================================================================
[2025-11-14T14:36:52.988+0000] {manager.py:737} INFO - Searching for files in /opt/airflow/dags
[2025-11-14T14:36:52.997+0000] {manager.py:740} INFO - There are 1 files in /opt/airflow/dags
[2025-11-14T14:37:02.974+0000] {manager.py:878} INFO - 
================================================================================
DAG File Processing Stats

File Path                            PID    Runtime      # DAGs    # Errors  Last Runtime    Last Run
-----------------------------------  -----  ---------  --------  ----------  --------------  -------------------
/opt/airflow/dags/sodai_pipeline.py                           1           0  0.16s           2025-11-14T14:36:43
================================================================================
[2025-11-14T14:37:33.370+0000] {manager.py:878} INFO - 
================================================================================
DAG File Processing Stats

File Path                            PID    Runtime      # DAGs    # Errors  Last Runtime    Last Run
-----------------------------------  -----  ---------  --------  ----------  --------------  -------------------
/opt/airflow/dags/sodai_pipeline.py                           1           0  0.21s           2025-11-14T14:37:14
================================================================================
[2025-11-14T14:38:03.706+0000] {manager.py:878} INFO - 
================================================================================
DAG File Processing Stats

File Path                            PID    Runtime      # DAGs    # Errors  Last Runtime    Last Run
-----------------------------------  -----  ---------  --------  ----------  --------------  -------------------
/opt/airflow/dags/sodai_pipeline.py                           1           0  0.18s           2025-11-14T14:37:44
================================================================================
[2025-11-14T14:38:34.097+0000] {manager.py:878} INFO - 
================================================================================
DAG File Processing Stats

File Path                            PID    Runtime      # DAGs    # Errors  Last Runtime    Last Run
-----------------------------------  -----  ---------  --------  ----------  --------------  -------------------
/opt/airflow/dags/sodai_pipeline.py                           1           0  0.17s           2025-11-14T14:38:14
================================================================================
[2025-11-14T14:39:04.432+0000] {manager.py:878} INFO - 
================================================================================
DAG File Processing Stats

File Path                            PID    Runtime      # DAGs    # Errors  Last Runtime    Last Run
-----------------------------------  -----  ---------  --------  ----------  --------------  -------------------
/opt/airflow/dags/sodai_pipeline.py                           1           0  0.15s           2025-11-14T14:38:45
================================================================================
[2025-11-14T14:39:34.882+0000] {manager.py:878} INFO - 
================================================================================
DAG File Processing Stats

File Path                            PID    Runtime      # DAGs    # Errors  Last Runtime    Last Run
-----------------------------------  -----  ---------  --------  ----------  --------------  -------------------
/opt/airflow/dags/sodai_pipeline.py                           1           0  0.17s           2025-11-14T14:39:15
================================================================================
[2025-11-14T14:40:05.282+0000] {manager.py:878} INFO - 
================================================================================
DAG File Processing Stats

File Path                            PID    Runtime      # DAGs    # Errors  Last Runtime    Last Run
-----------------------------------  -----  ---------  --------  ----------  --------------  -------------------
/opt/airflow/dags/sodai_pipeline.py                           1           0  0.17s           2025-11-14T14:39:46
================================================================================
[2025-11-14T14:40:35.648+0000] {manager.py:878} INFO - 
================================================================================
DAG File Processing Stats

File Path                            PID    Runtime      # DAGs    # Errors  Last Runtime    Last Run
-----------------------------------  -----  ---------  --------  ----------  --------------  -------------------
/opt/airflow/dags/sodai_pipeline.py                           1           0  0.15s           2025-11-14T14:40:16
================================================================================
[2025-11-14T14:41:06.052+0000] {manager.py:878} INFO - 
================================================================================
DAG File Processing Stats

File Path                            PID    Runtime      # DAGs    # Errors  Last Runtime    Last Run
-----------------------------------  -----  ---------  --------  ----------  --------------  -------------------
/opt/airflow/dags/sodai_pipeline.py                           1           0  0.19s           2025-11-14T14:40:46
================================================================================
[2025-11-14T14:41:36.464+0000] {manager.py:878} INFO - 
================================================================================
DAG File Processing Stats

File Path                            PID    Runtime      # DAGs    # Errors  Last Runtime    Last Run
-----------------------------------  -----  ---------  --------  ----------  --------------  -------------------
/opt/airflow/dags/sodai_pipeline.py                           1           0  0.14s           2025-11-14T14:41:17
================================================================================
[2025-11-14T14:41:53.686+0000] {manager.py:737} INFO - Searching for files in /opt/airflow/dags
[2025-11-14T14:41:53.693+0000] {manager.py:740} INFO - There are 1 files in /opt/airflow/dags
[2025-11-14T14:42:06.853+0000] {manager.py:878} INFO - 
================================================================================
DAG File Processing Stats

File Path                            PID    Runtime      # DAGs    # Errors  Last Runtime    Last Run
-----------------------------------  -----  ---------  --------  ----------  --------------  -------------------
/opt/airflow/dags/sodai_pipeline.py                           1           0  0.13s           2025-11-14T14:41:47
================================================================================
[2025-11-14T14:42:37.189+0000] {manager.py:878} INFO - 
================================================================================
DAG File Processing Stats

File Path                            PID    Runtime      # DAGs    # Errors  Last Runtime    Last Run
-----------------------------------  -----  ---------  --------  ----------  --------------  -------------------
/opt/airflow/dags/sodai_pipeline.py                           1           0  0.15s           2025-11-14T14:42:18
================================================================================
[2025-11-14T14:43:07.567+0000] {manager.py:878} INFO - 
================================================================================
DAG File Processing Stats

File Path                            PID    Runtime      # DAGs    # Errors  Last Runtime    Last Run
-----------------------------------  -----  ---------  --------  ----------  --------------  -------------------
/opt/airflow/dags/sodai_pipeline.py                           1           0  0.15s           2025-11-14T14:42:48
================================================================================
[2025-11-14T14:43:37.934+0000] {manager.py:878} INFO - 
================================================================================
DAG File Processing Stats

File Path                            PID    Runtime      # DAGs    # Errors  Last Runtime    Last Run
-----------------------------------  -----  ---------  --------  ----------  --------------  -------------------
/opt/airflow/dags/sodai_pipeline.py                           1           0  0.15s           2025-11-14T14:43:18
================================================================================
[2025-11-14T14:44:08.431+0000] {manager.py:878} INFO - 
================================================================================
DAG File Processing Stats

File Path                            PID    Runtime      # DAGs    # Errors  Last Runtime    Last Run
-----------------------------------  -----  ---------  --------  ----------  --------------  -------------------
/opt/airflow/dags/sodai_pipeline.py                           1           0  0.15s           2025-11-14T14:43:49
================================================================================
[2025-11-14T14:45:07.337+0000] {manager.py:878} INFO - 
================================================================================
DAG File Processing Stats

File Path                            PID    Runtime      # DAGs    # Errors  Last Runtime    Last Run
-----------------------------------  -----  ---------  --------  ----------  --------------  -------------------
/opt/airflow/dags/sodai_pipeline.py                           1           0  0.18s           2025-11-14T14:44:45
================================================================================
[2025-11-14T14:45:37.836+0000] {manager.py:878} INFO - 
================================================================================
DAG File Processing Stats

File Path                            PID    Runtime      # DAGs    # Errors  Last Runtime    Last Run
-----------------------------------  -----  ---------  --------  ----------  --------------  -------------------
/opt/airflow/dags/sodai_pipeline.py                           1           0  0.16s           2025-11-14T14:45:15
================================================================================
[2025-11-14T14:54:41.388+0000] {manager.py:737} INFO - Searching for files in /opt/airflow/dags
[2025-11-14T14:54:41.393+0000] {manager.py:740} INFO - There are 1 files in /opt/airflow/dags
[2025-11-14T14:55:04.709+0000] {manager.py:878} INFO - 
================================================================================
DAG File Processing Stats

File Path                            PID    Runtime      # DAGs    # Errors  Last Runtime    Last Run
-----------------------------------  -----  ---------  --------  ----------  --------------  -------------------
/opt/airflow/dags/sodai_pipeline.py                           1           0  0.12s           2025-11-14T14:54:41
================================================================================
[2025-11-14T15:05:08.306+0000] {manager.py:737} INFO - Searching for files in /opt/airflow/dags
[2025-11-14T15:05:08.315+0000] {manager.py:740} INFO - There are 1 files in /opt/airflow/dags
[2025-11-14T15:05:32.701+0000] {manager.py:878} INFO - 
================================================================================
DAG File Processing Stats

File Path                            PID    Runtime      # DAGs    # Errors  Last Runtime    Last Run
-----------------------------------  -----  ---------  --------  ----------  --------------  -------------------
/opt/airflow/dags/sodai_pipeline.py                           1           0  0.15s           2025-11-14T15:05:08
================================================================================
[2025-11-14T15:06:03.061+0000] {manager.py:878} INFO - 
================================================================================
DAG File Processing Stats

File Path                            PID    Runtime      # DAGs    # Errors  Last Runtime    Last Run
-----------------------------------  -----  ---------  --------  ----------  --------------  -------------------
/opt/airflow/dags/sodai_pipeline.py                           1           0  0.13s           2025-11-14T15:05:38
================================================================================
[2025-11-14T15:07:07.255+0000] {manager.py:878} INFO - 
================================================================================
DAG File Processing Stats

File Path                            PID    Runtime      # DAGs    # Errors  Last Runtime    Last Run
-----------------------------------  -----  ---------  --------  ----------  --------------  -------------------
/opt/airflow/dags/sodai_pipeline.py                           1           0  0.12s           2025-11-14T15:06:42
================================================================================
[2025-11-14T15:07:37.619+0000] {manager.py:878} INFO - 
================================================================================
DAG File Processing Stats

File Path                            PID    Runtime      # DAGs    # Errors  Last Runtime    Last Run
-----------------------------------  -----  ---------  --------  ----------  --------------  -------------------
/opt/airflow/dags/sodai_pipeline.py                           1           0  0.11s           2025-11-14T15:07:13
================================================================================
[2025-11-14T15:08:23.565+0000] {manager.py:878} INFO - 
================================================================================
DAG File Processing Stats

File Path                            PID    Runtime      # DAGs    # Errors  Last Runtime    Last Run
-----------------------------------  -----  ---------  --------  ----------  --------------  -------------------
/opt/airflow/dags/sodai_pipeline.py                           1           0  0.08s           2025-11-14T15:07:58
================================================================================
[2025-11-14T15:10:02.705+0000] {manager.py:878} INFO - 
================================================================================
DAG File Processing Stats

File Path                            PID    Runtime      # DAGs    # Errors  Last Runtime    Last Run
-----------------------------------  -----  ---------  --------  ----------  --------------  -------------------
/opt/airflow/dags/sodai_pipeline.py                           1           0  0.13s           2025-11-14T15:09:36
================================================================================
[2025-11-14T15:10:08.805+0000] {manager.py:737} INFO - Searching for files in /opt/airflow/dags
[2025-11-14T15:10:08.813+0000] {manager.py:740} INFO - There are 1 files in /opt/airflow/dags
[2025-11-14T15:10:33.147+0000] {manager.py:878} INFO - 
================================================================================
DAG File Processing Stats

File Path                            PID    Runtime      # DAGs    # Errors  Last Runtime    Last Run
-----------------------------------  -----  ---------  --------  ----------  --------------  -------------------
/opt/airflow/dags/sodai_pipeline.py                           1           0  0.09s           2025-11-14T15:10:06
================================================================================
[2025-11-14T15:21:25.113+0000] {manager.py:737} INFO - Searching for files in /opt/airflow/dags
[2025-11-14T15:21:25.118+0000] {manager.py:740} INFO - There are 1 files in /opt/airflow/dags
[2025-11-14T15:21:51.420+0000] {manager.py:878} INFO - 
================================================================================
DAG File Processing Stats

File Path                            PID    Runtime      # DAGs    # Errors  Last Runtime    Last Run
-----------------------------------  -----  ---------  --------  ----------  --------------  -------------------
/opt/airflow/dags/sodai_pipeline.py                           1           0  0.12s           2025-11-14T15:21:25
================================================================================
[2025-11-14T15:26:25.390+0000] {manager.py:737} INFO - Searching for files in /opt/airflow/dags
[2025-11-14T15:26:25.397+0000] {manager.py:740} INFO - There are 1 files in /opt/airflow/dags
[2025-11-14T15:26:33.512+0000] {manager.py:878} INFO - 
================================================================================
DAG File Processing Stats

File Path                            PID    Runtime      # DAGs    # Errors  Last Runtime    Last Run
-----------------------------------  -----  ---------  --------  ----------  --------------  -------------------
/opt/airflow/dags/sodai_pipeline.py                           1           0  0.15s           2025-11-14T15:26:06
================================================================================
[2025-11-14T15:27:03.891+0000] {manager.py:878} INFO - 
================================================================================
DAG File Processing Stats

File Path                            PID    Runtime      # DAGs    # Errors  Last Runtime    Last Run
-----------------------------------  -----  ---------  --------  ----------  --------------  -------------------
/opt/airflow/dags/sodai_pipeline.py                           1           0  0.07s           2025-11-14T15:26:36
================================================================================
[2025-11-14T15:42:01.992+0000] {manager.py:737} INFO - Searching for files in /opt/airflow/dags
[2025-11-14T15:42:01.995+0000] {manager.py:740} INFO - There are 1 files in /opt/airflow/dags
[2025-11-14T15:42:29.304+0000] {manager.py:878} INFO - 
================================================================================
DAG File Processing Stats

File Path                            PID    Runtime      # DAGs    # Errors  Last Runtime    Last Run
-----------------------------------  -----  ---------  --------  ----------  --------------  -------------------
/opt/airflow/dags/sodai_pipeline.py                           1           0  0.12s           2025-11-14T15:42:02
================================================================================
[2025-11-14T15:42:59.631+0000] {manager.py:878} INFO - 
================================================================================
DAG File Processing Stats

File Path                            PID    Runtime      # DAGs    # Errors  Last Runtime    Last Run
-----------------------------------  -----  ---------  --------  ----------  --------------  -------------------
/opt/airflow/dags/sodai_pipeline.py                           1           0  0.14s           2025-11-14T15:42:32
================================================================================
[2025-11-14T15:43:58.727+0000] {manager.py:878} INFO - 
================================================================================
DAG File Processing Stats

File Path                            PID    Runtime      # DAGs    # Errors  Last Runtime    Last Run
-----------------------------------  -----  ---------  --------  ----------  --------------  -------------------
/opt/airflow/dags/sodai_pipeline.py                           1           0  0.13s           2025-11-14T15:43:30
================================================================================
[2025-11-14T15:44:29.096+0000] {manager.py:878} INFO - 
================================================================================
DAG File Processing Stats

File Path                            PID    Runtime      # DAGs    # Errors  Last Runtime    Last Run
-----------------------------------  -----  ---------  --------  ----------  --------------  -------------------
/opt/airflow/dags/sodai_pipeline.py                           1           0  0.09s           2025-11-14T15:44:00
================================================================================
[2025-11-14T15:47:46.337+0000] {manager.py:737} INFO - Searching for files in /opt/airflow/dags
[2025-11-14T15:47:46.341+0000] {manager.py:740} INFO - There are 1 files in /opt/airflow/dags
[2025-11-14T15:48:15.701+0000] {manager.py:878} INFO - 
================================================================================
DAG File Processing Stats

File Path                            PID    Runtime      # DAGs    # Errors  Last Runtime    Last Run
-----------------------------------  -----  ---------  --------  ----------  --------------  -------------------
/opt/airflow/dags/sodai_pipeline.py                           1           0  0.09s           2025-11-14T15:47:46
================================================================================
[2025-11-14T15:54:00.925+0000] {manager.py:737} INFO - Searching for files in /opt/airflow/dags
[2025-11-14T15:54:00.929+0000] {manager.py:740} INFO - There are 1 files in /opt/airflow/dags
[2025-11-14T15:54:30.326+0000] {manager.py:878} INFO - 
================================================================================
DAG File Processing Stats

File Path                            PID    Runtime      # DAGs    # Errors  Last Runtime    Last Run
-----------------------------------  -----  ---------  --------  ----------  --------------  -------------------
/opt/airflow/dags/sodai_pipeline.py                           1           0  0.08s           2025-11-14T15:54:01
================================================================================
[2025-11-14T15:55:00.887+0000] {manager.py:878} INFO - 
================================================================================
DAG File Processing Stats

File Path                            PID    Runtime      # DAGs    # Errors  Last Runtime    Last Run
-----------------------------------  -----  ---------  --------  ----------  --------------  -------------------
/opt/airflow/dags/sodai_pipeline.py                           1           0  0.10s           2025-11-14T15:54:31
================================================================================
[2025-11-14T16:02:46.712+0000] {manager.py:737} INFO - Searching for files in /opt/airflow/dags
[2025-11-14T16:02:46.718+0000] {manager.py:740} INFO - There are 1 files in /opt/airflow/dags
[2025-11-14T16:02:46.741+0000] {manager.py:878} INFO - 
================================================================================
DAG File Processing Stats

File Path                              PID  Runtime      # DAGs    # Errors  Last Runtime    Last Run
-----------------------------------  -----  ---------  --------  ----------  --------------  -------------------
/opt/airflow/dags/sodai_pipeline.py   2680  0.01s             1           0  0.08s           2025-11-14T15:55:01
================================================================================
[2025-11-14T16:03:17.088+0000] {manager.py:878} INFO - 
================================================================================
DAG File Processing Stats

File Path                              PID  Runtime      # DAGs    # Errors  Last Runtime    Last Run
-----------------------------------  -----  ---------  --------  ----------  --------------  -------------------
/opt/airflow/dags/sodai_pipeline.py   2685  0.01s             1           0  0.09s           2025-11-14T16:02:46
================================================================================
[2025-11-14T16:06:23.914+0000] {manager.py:878} INFO - 
================================================================================
DAG File Processing Stats

File Path                            PID    Runtime      # DAGs    # Errors  Last Runtime    Last Run
-----------------------------------  -----  ---------  --------  ----------  --------------  -------------------
/opt/airflow/dags/sodai_pipeline.py                           1           0  0.10s           2025-11-14T16:06:22
================================================================================
[2025-11-14T16:06:54.311+0000] {manager.py:878} INFO - 
================================================================================
DAG File Processing Stats

File Path                            PID    Runtime      # DAGs    # Errors  Last Runtime    Last Run
-----------------------------------  -----  ---------  --------  ----------  --------------  -------------------
/opt/airflow/dags/sodai_pipeline.py                           1           0  0.09s           2025-11-14T16:06:53
================================================================================
[2025-11-14T16:09:38.371+0000] {manager.py:737} INFO - Searching for files in /opt/airflow/dags
[2025-11-14T16:09:38.382+0000] {manager.py:740} INFO - There are 1 files in /opt/airflow/dags
[2025-11-14T16:09:40.456+0000] {manager.py:878} INFO - 
================================================================================
DAG File Processing Stats

File Path                            PID    Runtime      # DAGs    # Errors  Last Runtime    Last Run
-----------------------------------  -----  ---------  --------  ----------  --------------  -------------------
/opt/airflow/dags/sodai_pipeline.py                           1           0  0.11s           2025-11-14T16:09:38
================================================================================
[2025-11-14T16:10:10.842+0000] {manager.py:878} INFO - 
================================================================================
DAG File Processing Stats

File Path                            PID    Runtime      # DAGs    # Errors  Last Runtime    Last Run
-----------------------------------  -----  ---------  --------  ----------  --------------  -------------------
/opt/airflow/dags/sodai_pipeline.py                           1           0  0.08s           2025-11-14T16:10:08
================================================================================
[2025-11-14T16:15:34.733+0000] {manager.py:737} INFO - Searching for files in /opt/airflow/dags
[2025-11-14T16:15:34.743+0000] {manager.py:740} INFO - There are 1 files in /opt/airflow/dags
[2025-11-14T16:15:37.837+0000] {manager.py:878} INFO - 
================================================================================
DAG File Processing Stats

File Path                            PID    Runtime      # DAGs    # Errors  Last Runtime    Last Run
-----------------------------------  -----  ---------  --------  ----------  --------------  -------------------
/opt/airflow/dags/sodai_pipeline.py                           1           0  0.13s           2025-11-14T16:15:34
================================================================================
[2025-11-14T16:16:08.240+0000] {manager.py:878} INFO - 
================================================================================
DAG File Processing Stats

File Path                            PID    Runtime      # DAGs    # Errors  Last Runtime    Last Run
-----------------------------------  -----  ---------  --------  ----------  --------------  -------------------
/opt/airflow/dags/sodai_pipeline.py                           1           0  0.09s           2025-11-14T16:16:05
================================================================================
[2025-11-14T16:16:38.611+0000] {manager.py:878} INFO - 
================================================================================
DAG File Processing Stats

File Path                            PID    Runtime      # DAGs    # Errors  Last Runtime    Last Run
-----------------------------------  -----  ---------  --------  ----------  --------------  -------------------
/opt/airflow/dags/sodai_pipeline.py                           1           0  0.07s           2025-11-14T16:16:35
================================================================================
[2025-11-14T16:24:53.735+0000] {manager.py:737} INFO - Searching for files in /opt/airflow/dags
[2025-11-14T16:24:53.743+0000] {manager.py:740} INFO - There are 1 files in /opt/airflow/dags
[2025-11-14T16:24:57.834+0000] {manager.py:878} INFO - 
================================================================================
DAG File Processing Stats

File Path                            PID    Runtime      # DAGs    # Errors  Last Runtime    Last Run
-----------------------------------  -----  ---------  --------  ----------  --------------  -------------------
/opt/airflow/dags/sodai_pipeline.py                           1           0  0.13s           2025-11-14T16:24:53
================================================================================
[2025-11-14T16:25:28.247+0000] {manager.py:878} INFO - 
================================================================================
DAG File Processing Stats

File Path                            PID    Runtime      # DAGs    # Errors  Last Runtime    Last Run
-----------------------------------  -----  ---------  --------  ----------  --------------  -------------------
/opt/airflow/dags/sodai_pipeline.py                           1           0  0.15s           2025-11-14T16:25:24
================================================================================
[2025-11-14T16:25:58.605+0000] {manager.py:878} INFO - 
================================================================================
DAG File Processing Stats

File Path                            PID    Runtime      # DAGs    # Errors  Last Runtime    Last Run
-----------------------------------  -----  ---------  --------  ----------  --------------  -------------------
/opt/airflow/dags/sodai_pipeline.py                           1           0  0.14s           2025-11-14T16:25:54
================================================================================
[2025-11-14T16:26:29.031+0000] {manager.py:878} INFO - 
================================================================================
DAG File Processing Stats

File Path                            PID    Runtime      # DAGs    # Errors  Last Runtime    Last Run
-----------------------------------  -----  ---------  --------  ----------  --------------  -------------------
/opt/airflow/dags/sodai_pipeline.py                           1           0  0.16s           2025-11-14T16:26:25
================================================================================
[2025-11-14T16:28:35.157+0000] {manager.py:878} INFO - 
================================================================================
DAG File Processing Stats

File Path                            PID    Runtime      # DAGs    # Errors  Last Runtime    Last Run
-----------------------------------  -----  ---------  --------  ----------  --------------  -------------------
/opt/airflow/dags/sodai_pipeline.py                           1           0  0.11s           2025-11-14T16:28:29
================================================================================
[2025-11-14T16:29:05.569+0000] {manager.py:878} INFO - 
================================================================================
DAG File Processing Stats

File Path                            PID    Runtime      # DAGs    # Errors  Last Runtime    Last Run
-----------------------------------  -----  ---------  --------  ----------  --------------  -------------------
/opt/airflow/dags/sodai_pipeline.py                           1           0  0.09s           2025-11-14T16:28:59
================================================================================
[2025-11-14T16:39:45.201+0000] {manager.py:737} INFO - Searching for files in /opt/airflow/dags
[2025-11-14T16:39:45.212+0000] {manager.py:740} INFO - There are 1 files in /opt/airflow/dags
[2025-11-14T16:39:52.324+0000] {manager.py:878} INFO - 
================================================================================
DAG File Processing Stats

File Path                            PID    Runtime      # DAGs    # Errors  Last Runtime    Last Run
-----------------------------------  -----  ---------  --------  ----------  --------------  -------------------
/opt/airflow/dags/sodai_pipeline.py                           1           0  0.11s           2025-11-14T16:39:45
================================================================================
[2025-11-14T16:40:22.756+0000] {manager.py:878} INFO - 
================================================================================
DAG File Processing Stats

File Path                            PID    Runtime      # DAGs    # Errors  Last Runtime    Last Run
-----------------------------------  -----  ---------  --------  ----------  --------------  -------------------
/opt/airflow/dags/sodai_pipeline.py                           1           0  0.11s           2025-11-14T16:40:15
================================================================================
[2025-11-14T16:41:04.216+0000] {manager.py:878} INFO - 
================================================================================
DAG File Processing Stats

File Path                            PID    Runtime      # DAGs    # Errors  Last Runtime    Last Run
-----------------------------------  -----  ---------  --------  ----------  --------------  -------------------
/opt/airflow/dags/sodai_pipeline.py                           1           0  0.15s           2025-11-14T16:40:57
================================================================================
[2025-11-14T16:41:34.617+0000] {manager.py:878} INFO - 
================================================================================
DAG File Processing Stats

File Path                            PID    Runtime      # DAGs    # Errors  Last Runtime    Last Run
-----------------------------------  -----  ---------  --------  ----------  --------------  -------------------
/opt/airflow/dags/sodai_pipeline.py                           1           0  0.16s           2025-11-14T16:41:27
================================================================================
[2025-11-14T16:42:04.991+0000] {manager.py:878} INFO - 
================================================================================
DAG File Processing Stats

File Path                            PID    Runtime      # DAGs    # Errors  Last Runtime    Last Run
-----------------------------------  -----  ---------  --------  ----------  --------------  -------------------
/opt/airflow/dags/sodai_pipeline.py                           1           0  0.11s           2025-11-14T16:41:58
================================================================================
[2025-11-14T16:42:35.390+0000] {manager.py:878} INFO - 
================================================================================
DAG File Processing Stats

File Path                            PID    Runtime      # DAGs    # Errors  Last Runtime    Last Run
-----------------------------------  -----  ---------  --------  ----------  --------------  -------------------
/opt/airflow/dags/sodai_pipeline.py                           1           0  0.13s           2025-11-14T16:42:28
================================================================================
[2025-11-14T16:43:34.739+0000] {manager.py:878} INFO - 
================================================================================
DAG File Processing Stats

File Path                            PID    Runtime      # DAGs    # Errors  Last Runtime    Last Run
-----------------------------------  -----  ---------  --------  ----------  --------------  -------------------
/opt/airflow/dags/sodai_pipeline.py                           1           0  0.18s           2025-11-14T16:43:25
================================================================================
[2025-11-14T16:44:05.158+0000] {manager.py:878} INFO - 
================================================================================
DAG File Processing Stats

File Path                            PID    Runtime      # DAGs    # Errors  Last Runtime    Last Run
-----------------------------------  -----  ---------  --------  ----------  --------------  -------------------
/opt/airflow/dags/sodai_pipeline.py                           1           0  0.14s           2025-11-14T16:43:56
================================================================================
[2025-11-14T16:44:35.552+0000] {manager.py:878} INFO - 
================================================================================
DAG File Processing Stats

File Path                            PID    Runtime      # DAGs    # Errors  Last Runtime    Last Run
-----------------------------------  -----  ---------  --------  ----------  --------------  -------------------
/opt/airflow/dags/sodai_pipeline.py                           1           0  0.05s           2025-11-14T16:44:26
================================================================================
[2025-11-14T16:44:45.689+0000] {manager.py:737} INFO - Searching for files in /opt/airflow/dags
[2025-11-14T16:44:45.696+0000] {manager.py:740} INFO - There are 1 files in /opt/airflow/dags
[2025-11-14T16:45:05.992+0000] {manager.py:878} INFO - 
================================================================================
DAG File Processing Stats

File Path                            PID    Runtime      # DAGs    # Errors  Last Runtime    Last Run
-----------------------------------  -----  ---------  --------  ----------  --------------  -------------------
/opt/airflow/dags/sodai_pipeline.py                           1           0  0.10s           2025-11-14T16:44:56
================================================================================
[2025-11-14T16:45:36.420+0000] {manager.py:878} INFO - 
================================================================================
DAG File Processing Stats

File Path                            PID    Runtime      # DAGs    # Errors  Last Runtime    Last Run
-----------------------------------  -----  ---------  --------  ----------  --------------  -------------------
/opt/airflow/dags/sodai_pipeline.py                           1           0  0.08s           2025-11-14T16:45:27
================================================================================
[2025-11-14T16:48:22.719+0000] {manager.py:878} INFO - 
================================================================================
DAG File Processing Stats

File Path                            PID    Runtime      # DAGs    # Errors  Last Runtime    Last Run
-----------------------------------  -----  ---------  --------  ----------  --------------  -------------------
/opt/airflow/dags/sodai_pipeline.py                           1           0  0.15s           2025-11-14T16:48:11
================================================================================
[2025-11-14T16:48:53.174+0000] {manager.py:878} INFO - 
================================================================================
DAG File Processing Stats

File Path                            PID    Runtime      # DAGs    # Errors  Last Runtime    Last Run
-----------------------------------  -----  ---------  --------  ----------  --------------  -------------------
/opt/airflow/dags/sodai_pipeline.py                           1           0  0.12s           2025-11-14T16:48:42
================================================================================
[2025-11-14T16:49:23.540+0000] {manager.py:878} INFO - 
================================================================================
DAG File Processing Stats

File Path                            PID    Runtime      # DAGs    # Errors  Last Runtime    Last Run
-----------------------------------  -----  ---------  --------  ----------  --------------  -------------------
/opt/airflow/dags/sodai_pipeline.py                           1           0  0.11s           2025-11-14T16:49:12
================================================================================
[2025-11-14T16:49:45.872+0000] {manager.py:737} INFO - Searching for files in /opt/airflow/dags
[2025-11-14T16:49:45.878+0000] {manager.py:740} INFO - There are 1 files in /opt/airflow/dags
[2025-11-14T16:49:53.981+0000] {manager.py:878} INFO - 
================================================================================
DAG File Processing Stats

File Path                            PID    Runtime      # DAGs    # Errors  Last Runtime    Last Run
-----------------------------------  -----  ---------  --------  ----------  --------------  -------------------
/opt/airflow/dags/sodai_pipeline.py                           1           0  0.15s           2025-11-14T16:49:42
================================================================================
[2025-11-14T16:50:24.389+0000] {manager.py:878} INFO - 
================================================================================
DAG File Processing Stats

File Path                            PID    Runtime      # DAGs    # Errors  Last Runtime    Last Run
-----------------------------------  -----  ---------  --------  ----------  --------------  -------------------
/opt/airflow/dags/sodai_pipeline.py                           1           0  0.11s           2025-11-14T16:50:13
================================================================================
[2025-11-14T16:50:54.808+0000] {manager.py:878} INFO - 
================================================================================
DAG File Processing Stats

File Path                            PID    Runtime      # DAGs    # Errors  Last Runtime    Last Run
-----------------------------------  -----  ---------  --------  ----------  --------------  -------------------
/opt/airflow/dags/sodai_pipeline.py                           1           0  0.08s           2025-11-14T16:50:43
================================================================================
[2025-11-14T16:51:25.200+0000] {manager.py:878} INFO - 
================================================================================
DAG File Processing Stats

File Path                            PID    Runtime      # DAGs    # Errors  Last Runtime    Last Run
-----------------------------------  -----  ---------  --------  ----------  --------------  -------------------
/opt/airflow/dags/sodai_pipeline.py                           1           0  0.11s           2025-11-14T16:51:14
================================================================================
[2025-11-14T16:51:55.577+0000] {manager.py:878} INFO - 
================================================================================
DAG File Processing Stats

File Path                            PID    Runtime      # DAGs    # Errors  Last Runtime    Last Run
-----------------------------------  -----  ---------  --------  ----------  --------------  -------------------
/opt/airflow/dags/sodai_pipeline.py                           1           0  0.07s           2025-11-14T16:51:44
================================================================================
[2025-11-14T16:52:25.977+0000] {manager.py:878} INFO - 
================================================================================
DAG File Processing Stats

File Path                            PID    Runtime      # DAGs    # Errors  Last Runtime    Last Run
-----------------------------------  -----  ---------  --------  ----------  --------------  -------------------
/opt/airflow/dags/sodai_pipeline.py                           1           0  0.17s           2025-11-14T16:52:14
================================================================================
[2025-11-14T16:52:56.496+0000] {manager.py:878} INFO - 
================================================================================
DAG File Processing Stats

File Path                            PID    Runtime      # DAGs    # Errors  Last Runtime    Last Run
-----------------------------------  -----  ---------  --------  ----------  --------------  -------------------
/opt/airflow/dags/sodai_pipeline.py                           1           0  0.16s           2025-11-14T16:52:45
================================================================================
[2025-11-14T16:53:26.880+0000] {manager.py:878} INFO - 
================================================================================
DAG File Processing Stats

File Path                            PID    Runtime      # DAGs    # Errors  Last Runtime    Last Run
-----------------------------------  -----  ---------  --------  ----------  --------------  -------------------
/opt/airflow/dags/sodai_pipeline.py                           1           0  0.11s           2025-11-14T16:53:15
================================================================================
[2025-11-14T16:53:57.259+0000] {manager.py:878} INFO - 
================================================================================
DAG File Processing Stats

File Path                            PID    Runtime      # DAGs    # Errors  Last Runtime    Last Run
-----------------------------------  -----  ---------  --------  ----------  --------------  -------------------
/opt/airflow/dags/sodai_pipeline.py                           1           0  0.12s           2025-11-14T16:53:46
================================================================================
[2025-11-14T16:54:27.704+0000] {manager.py:878} INFO - 
================================================================================
DAG File Processing Stats

File Path                            PID    Runtime      # DAGs    # Errors  Last Runtime    Last Run
-----------------------------------  -----  ---------  --------  ----------  --------------  -------------------
/opt/airflow/dags/sodai_pipeline.py                           1           0  0.09s           2025-11-14T16:54:16
================================================================================
[2025-11-14T17:09:47.380+0000] {manager.py:737} INFO - Searching for files in /opt/airflow/dags
[2025-11-14T17:09:47.387+0000] {manager.py:740} INFO - There are 1 files in /opt/airflow/dags
[2025-11-14T17:10:03.644+0000] {manager.py:878} INFO - 
================================================================================
DAG File Processing Stats

File Path                            PID    Runtime      # DAGs    # Errors  Last Runtime    Last Run
-----------------------------------  -----  ---------  --------  ----------  --------------  -------------------
/opt/airflow/dags/sodai_pipeline.py                           1           0  0.13s           2025-11-14T17:09:47
================================================================================
[2025-11-14T17:10:34.018+0000] {manager.py:878} INFO - 
================================================================================
DAG File Processing Stats

File Path                            PID    Runtime      # DAGs    # Errors  Last Runtime    Last Run
-----------------------------------  -----  ---------  --------  ----------  --------------  -------------------
/opt/airflow/dags/sodai_pipeline.py                           1           0  0.13s           2025-11-14T17:10:17
================================================================================
[2025-11-14T17:11:04.407+0000] {manager.py:878} INFO - 
================================================================================
DAG File Processing Stats

File Path                            PID    Runtime      # DAGs    # Errors  Last Runtime    Last Run
-----------------------------------  -----  ---------  --------  ----------  --------------  -------------------
/opt/airflow/dags/sodai_pipeline.py                           1           0  0.14s           2025-11-14T17:10:48
================================================================================
[2025-11-14T17:11:34.892+0000] {manager.py:878} INFO - 
================================================================================
DAG File Processing Stats

File Path                            PID    Runtime      # DAGs    # Errors  Last Runtime    Last Run
-----------------------------------  -----  ---------  --------  ----------  --------------  -------------------
/opt/airflow/dags/sodai_pipeline.py                           1           0  0.17s           2025-11-14T17:11:18
================================================================================
[2025-11-14T17:14:47.398+0000] {manager.py:737} INFO - Searching for files in /opt/airflow/dags
[2025-11-14T17:14:47.418+0000] {manager.py:740} INFO - There are 1 files in /opt/airflow/dags
[2025-11-14T17:14:48.349+0000] {manager.py:878} INFO - 
================================================================================
DAG File Processing Stats

File Path                            PID    Runtime      # DAGs    # Errors  Last Runtime    Last Run
-----------------------------------  -----  ---------  --------  ----------  --------------  -------------------
/opt/airflow/dags/sodai_pipeline.py                           1           0  0.12s           2025-11-14T17:14:30
================================================================================
[2025-11-14T17:15:18.749+0000] {manager.py:878} INFO - 
================================================================================
DAG File Processing Stats

File Path                            PID    Runtime      # DAGs    # Errors  Last Runtime    Last Run
-----------------------------------  -----  ---------  --------  ----------  --------------  -------------------
/opt/airflow/dags/sodai_pipeline.py                           1           0  0.16s           2025-11-14T17:15:00
================================================================================
[2025-11-14T17:15:49.161+0000] {manager.py:878} INFO - 
================================================================================
DAG File Processing Stats

File Path                            PID    Runtime      # DAGs    # Errors  Last Runtime    Last Run
-----------------------------------  -----  ---------  --------  ----------  --------------  -------------------
/opt/airflow/dags/sodai_pipeline.py                           1           0  0.14s           2025-11-14T17:15:31
================================================================================
[2025-11-14T17:16:41.275+0000] {manager.py:878} INFO - 
================================================================================
DAG File Processing Stats

File Path                            PID    Runtime      # DAGs    # Errors  Last Runtime    Last Run
-----------------------------------  -----  ---------  --------  ----------  --------------  -------------------
/opt/airflow/dags/sodai_pipeline.py                           1           0  0.20s           2025-11-14T17:16:22
================================================================================
[2025-11-14T17:17:11.685+0000] {manager.py:878} INFO - 
================================================================================
DAG File Processing Stats

File Path                            PID    Runtime      # DAGs    # Errors  Last Runtime    Last Run
-----------------------------------  -----  ---------  --------  ----------  --------------  -------------------
/opt/airflow/dags/sodai_pipeline.py                           1           0  0.14s           2025-11-14T17:16:52
================================================================================
[2025-11-14T17:17:42.064+0000] {manager.py:878} INFO - 
================================================================================
DAG File Processing Stats

File Path                            PID    Runtime      # DAGs    # Errors  Last Runtime    Last Run
-----------------------------------  -----  ---------  --------  ----------  --------------  -------------------
/opt/airflow/dags/sodai_pipeline.py                           1           0  0.15s           2025-11-14T17:17:22
================================================================================
[2025-11-14T17:18:12.392+0000] {manager.py:878} INFO - 
================================================================================
DAG File Processing Stats

File Path                            PID    Runtime      # DAGs    # Errors  Last Runtime    Last Run
-----------------------------------  -----  ---------  --------  ----------  --------------  -------------------
/opt/airflow/dags/sodai_pipeline.py                           1           0  0.11s           2025-11-14T17:17:53
================================================================================
[2025-11-14T17:18:42.676+0000] {manager.py:878} INFO - 
================================================================================
DAG File Processing Stats

File Path                            PID    Runtime      # DAGs    # Errors  Last Runtime    Last Run
-----------------------------------  -----  ---------  --------  ----------  --------------  -------------------
/opt/airflow/dags/sodai_pipeline.py                           1           0  0.06s           2025-11-14T17:18:23
================================================================================
[2025-11-14T17:19:12.955+0000] {manager.py:878} INFO - 
================================================================================
DAG File Processing Stats

File Path                            PID    Runtime      # DAGs    # Errors  Last Runtime    Last Run
-----------------------------------  -----  ---------  --------  ----------  --------------  -------------------
/opt/airflow/dags/sodai_pipeline.py                           1           0  0.11s           2025-11-14T17:18:53
================================================================================
[2025-11-14T17:19:43.224+0000] {manager.py:878} INFO - 
================================================================================
DAG File Processing Stats

File Path                            PID    Runtime      # DAGs    # Errors  Last Runtime    Last Run
-----------------------------------  -----  ---------  --------  ----------  --------------  -------------------
/opt/airflow/dags/sodai_pipeline.py                           1           0  0.07s           2025-11-14T17:19:24
================================================================================
[2025-11-14T17:19:48.268+0000] {manager.py:737} INFO - Searching for files in /opt/airflow/dags
[2025-11-14T17:19:48.274+0000] {manager.py:740} INFO - There are 1 files in /opt/airflow/dags
[2025-11-14T17:20:13.546+0000] {manager.py:878} INFO - 
================================================================================
DAG File Processing Stats

File Path                            PID    Runtime      # DAGs    # Errors  Last Runtime    Last Run
-----------------------------------  -----  ---------  --------  ----------  --------------  -------------------
/opt/airflow/dags/sodai_pipeline.py                           1           0  0.14s           2025-11-14T17:19:54
================================================================================
[2025-11-14T17:20:43.966+0000] {manager.py:878} INFO - 
================================================================================
DAG File Processing Stats

File Path                            PID    Runtime      # DAGs    # Errors  Last Runtime    Last Run
-----------------------------------  -----  ---------  --------  ----------  --------------  -------------------
/opt/airflow/dags/sodai_pipeline.py                           1           0  0.13s           2025-11-14T17:20:24
================================================================================
[2025-11-14T17:21:14.327+0000] {manager.py:878} INFO - 
================================================================================
DAG File Processing Stats

File Path                            PID    Runtime      # DAGs    # Errors  Last Runtime    Last Run
-----------------------------------  -----  ---------  --------  ----------  --------------  -------------------
/opt/airflow/dags/sodai_pipeline.py                           1           0  0.15s           2025-11-14T17:20:55
================================================================================
[2025-11-14T17:21:44.725+0000] {manager.py:878} INFO - 
================================================================================
DAG File Processing Stats

File Path                            PID    Runtime      # DAGs    # Errors  Last Runtime    Last Run
-----------------------------------  -----  ---------  --------  ----------  --------------  -------------------
/opt/airflow/dags/sodai_pipeline.py                           1           0  0.14s           2025-11-14T17:21:25
================================================================================
[2025-11-14T17:22:15.078+0000] {manager.py:878} INFO - 
================================================================================
DAG File Processing Stats

File Path                            PID    Runtime      # DAGs    # Errors  Last Runtime    Last Run
-----------------------------------  -----  ---------  --------  ----------  --------------  -------------------
/opt/airflow/dags/sodai_pipeline.py                           1           0  0.11s           2025-11-14T17:21:55
================================================================================
[2025-11-14T17:22:45.441+0000] {manager.py:878} INFO - 
================================================================================
DAG File Processing Stats

File Path                            PID    Runtime      # DAGs    # Errors  Last Runtime    Last Run
-----------------------------------  -----  ---------  --------  ----------  --------------  -------------------
/opt/airflow/dags/sodai_pipeline.py                           1           0  0.08s           2025-11-14T17:22:26
================================================================================
[2025-11-14T17:23:15.781+0000] {manager.py:878} INFO - 
================================================================================
DAG File Processing Stats

File Path                            PID    Runtime      # DAGs    # Errors  Last Runtime    Last Run
-----------------------------------  -----  ---------  --------  ----------  --------------  -------------------
/opt/airflow/dags/sodai_pipeline.py                           1           0  0.13s           2025-11-14T17:22:56
================================================================================
[2025-11-14T17:23:46.204+0000] {manager.py:878} INFO - 
================================================================================
DAG File Processing Stats

File Path                            PID    Runtime      # DAGs    # Errors  Last Runtime    Last Run
-----------------------------------  -----  ---------  --------  ----------  --------------  -------------------
/opt/airflow/dags/sodai_pipeline.py                           1           0  0.08s           2025-11-14T17:23:26
================================================================================
[2025-11-14T17:24:16.519+0000] {manager.py:878} INFO - 
================================================================================
DAG File Processing Stats

File Path                            PID    Runtime      # DAGs    # Errors  Last Runtime    Last Run
-----------------------------------  -----  ---------  --------  ----------  --------------  -------------------
/opt/airflow/dags/sodai_pipeline.py                           1           0  0.13s           2025-11-14T17:23:57
================================================================================
[2025-11-14T17:24:46.904+0000] {manager.py:878} INFO - 
================================================================================
DAG File Processing Stats

File Path                            PID    Runtime      # DAGs    # Errors  Last Runtime    Last Run
-----------------------------------  -----  ---------  --------  ----------  --------------  -------------------
/opt/airflow/dags/sodai_pipeline.py                           1           0  0.09s           2025-11-14T17:24:27
================================================================================
[2025-11-14T17:24:48.926+0000] {manager.py:737} INFO - Searching for files in /opt/airflow/dags
[2025-11-14T17:24:48.934+0000] {manager.py:740} INFO - There are 1 files in /opt/airflow/dags
[2025-11-14T17:25:17.211+0000] {manager.py:878} INFO - 
================================================================================
DAG File Processing Stats

File Path                            PID    Runtime      # DAGs    # Errors  Last Runtime    Last Run
-----------------------------------  -----  ---------  --------  ----------  --------------  -------------------
/opt/airflow/dags/sodai_pipeline.py                           1           0  0.16s           2025-11-14T17:24:58
================================================================================
[2025-11-14T17:25:47.672+0000] {manager.py:878} INFO - 
================================================================================
DAG File Processing Stats

File Path                            PID    Runtime      # DAGs    # Errors  Last Runtime    Last Run
-----------------------------------  -----  ---------  --------  ----------  --------------  -------------------
/opt/airflow/dags/sodai_pipeline.py                           1           0  0.17s           2025-11-14T17:25:28
================================================================================
[2025-11-14T17:26:18.029+0000] {manager.py:878} INFO - 
================================================================================
DAG File Processing Stats

File Path                            PID    Runtime      # DAGs    # Errors  Last Runtime    Last Run
-----------------------------------  -----  ---------  --------  ----------  --------------  -------------------
/opt/airflow/dags/sodai_pipeline.py                           1           0  0.14s           2025-11-14T17:25:58
================================================================================
[2025-11-14T17:26:48.411+0000] {manager.py:878} INFO - 
================================================================================
DAG File Processing Stats

File Path                            PID    Runtime      # DAGs    # Errors  Last Runtime    Last Run
-----------------------------------  -----  ---------  --------  ----------  --------------  -------------------
/opt/airflow/dags/sodai_pipeline.py                           1           0  0.15s           2025-11-14T17:26:29
================================================================================
[2025-11-14T17:27:18.774+0000] {manager.py:878} INFO - 
================================================================================
DAG File Processing Stats

File Path                            PID    Runtime      # DAGs    # Errors  Last Runtime    Last Run
-----------------------------------  -----  ---------  --------  ----------  --------------  -------------------
/opt/airflow/dags/sodai_pipeline.py                           1           0  0.12s           2025-11-14T17:26:59
================================================================================
[2025-11-14T17:27:49.141+0000] {manager.py:878} INFO - 
================================================================================
DAG File Processing Stats

File Path                            PID    Runtime      # DAGs    # Errors  Last Runtime    Last Run
-----------------------------------  -----  ---------  --------  ----------  --------------  -------------------
/opt/airflow/dags/sodai_pipeline.py                           1           0  0.17s           2025-11-14T17:27:30
================================================================================
[2025-11-14T17:28:19.569+0000] {manager.py:878} INFO - 
================================================================================
DAG File Processing Stats

File Path                            PID    Runtime      # DAGs    # Errors  Last Runtime    Last Run
-----------------------------------  -----  ---------  --------  ----------  --------------  -------------------
/opt/airflow/dags/sodai_pipeline.py                           1           0  0.16s           2025-11-14T17:28:00
================================================================================
[2025-11-14T17:28:49.972+0000] {manager.py:878} INFO - 
================================================================================
DAG File Processing Stats

File Path                            PID    Runtime      # DAGs    # Errors  Last Runtime    Last Run
-----------------------------------  -----  ---------  --------  ----------  --------------  -------------------
/opt/airflow/dags/sodai_pipeline.py                           1           0  0.15s           2025-11-14T17:28:30
================================================================================
[2025-11-14T17:29:20.301+0000] {manager.py:878} INFO - 
================================================================================
DAG File Processing Stats

File Path                            PID    Runtime      # DAGs    # Errors  Last Runtime    Last Run
-----------------------------------  -----  ---------  --------  ----------  --------------  -------------------
/opt/airflow/dags/sodai_pipeline.py                           1           0  0.14s           2025-11-14T17:29:01
================================================================================
[2025-11-14T17:29:49.610+0000] {manager.py:737} INFO - Searching for files in /opt/airflow/dags
[2025-11-14T17:29:49.623+0000] {manager.py:740} INFO - There are 1 files in /opt/airflow/dags
[2025-11-14T17:29:50.656+0000] {manager.py:878} INFO - 
================================================================================
DAG File Processing Stats

File Path                            PID    Runtime      # DAGs    # Errors  Last Runtime    Last Run
-----------------------------------  -----  ---------  --------  ----------  --------------  -------------------
/opt/airflow/dags/sodai_pipeline.py                           1           0  0.17s           2025-11-14T17:29:31
================================================================================
[2025-11-14T17:30:20.972+0000] {manager.py:878} INFO - 
================================================================================
DAG File Processing Stats

File Path                            PID    Runtime      # DAGs    # Errors  Last Runtime    Last Run
-----------------------------------  -----  ---------  --------  ----------  --------------  -------------------
/opt/airflow/dags/sodai_pipeline.py                           1           0  0.13s           2025-11-14T17:30:01
================================================================================
[2025-11-14T17:30:51.341+0000] {manager.py:878} INFO - 
================================================================================
DAG File Processing Stats

File Path                            PID    Runtime      # DAGs    # Errors  Last Runtime    Last Run
-----------------------------------  -----  ---------  --------  ----------  --------------  -------------------
/opt/airflow/dags/sodai_pipeline.py                           1           0  0.16s           2025-11-14T17:30:32
================================================================================
[2025-11-14T17:31:21.691+0000] {manager.py:878} INFO - 
================================================================================
DAG File Processing Stats

File Path                            PID    Runtime      # DAGs    # Errors  Last Runtime    Last Run
-----------------------------------  -----  ---------  --------  ----------  --------------  -------------------
/opt/airflow/dags/sodai_pipeline.py                           1           0  0.14s           2025-11-14T17:31:02
================================================================================
[2025-11-14T17:31:52.105+0000] {manager.py:878} INFO - 
================================================================================
DAG File Processing Stats

File Path                            PID    Runtime      # DAGs    # Errors  Last Runtime    Last Run
-----------------------------------  -----  ---------  --------  ----------  --------------  -------------------
/opt/airflow/dags/sodai_pipeline.py                           1           0  0.15s           2025-11-14T17:31:32
================================================================================
[2025-11-14T17:32:22.457+0000] {manager.py:878} INFO - 
================================================================================
DAG File Processing Stats

File Path                            PID    Runtime      # DAGs    # Errors  Last Runtime    Last Run
-----------------------------------  -----  ---------  --------  ----------  --------------  -------------------
/opt/airflow/dags/sodai_pipeline.py                           1           0  0.14s           2025-11-14T17:32:03
================================================================================
[2025-11-14T17:32:52.788+0000] {manager.py:878} INFO - 
================================================================================
DAG File Processing Stats

File Path                            PID    Runtime      # DAGs    # Errors  Last Runtime    Last Run
-----------------------------------  -----  ---------  --------  ----------  --------------  -------------------
/opt/airflow/dags/sodai_pipeline.py                           1           0  0.15s           2025-11-14T17:32:33
================================================================================
[2025-11-14T17:33:23.184+0000] {manager.py:878} INFO - 
================================================================================
DAG File Processing Stats

File Path                            PID    Runtime      # DAGs    # Errors  Last Runtime    Last Run
-----------------------------------  -----  ---------  --------  ----------  --------------  -------------------
/opt/airflow/dags/sodai_pipeline.py                           1           0  0.15s           2025-11-14T17:33:04
================================================================================
[2025-11-14T17:33:53.537+0000] {manager.py:878} INFO - 
================================================================================
DAG File Processing Stats

File Path                            PID    Runtime      # DAGs    # Errors  Last Runtime    Last Run
-----------------------------------  -----  ---------  --------  ----------  --------------  -------------------
/opt/airflow/dags/sodai_pipeline.py                           1           0  0.14s           2025-11-14T17:33:34
================================================================================
[2025-11-14T17:34:23.913+0000] {manager.py:878} INFO - 
================================================================================
DAG File Processing Stats

File Path                            PID    Runtime      # DAGs    # Errors  Last Runtime    Last Run
-----------------------------------  -----  ---------  --------  ----------  --------------  -------------------
/opt/airflow/dags/sodai_pipeline.py                           1           0  0.15s           2025-11-14T17:34:04
================================================================================
[2025-11-14T17:34:50.277+0000] {manager.py:737} INFO - Searching for files in /opt/airflow/dags
[2025-11-14T17:34:50.306+0000] {manager.py:740} INFO - There are 1 files in /opt/airflow/dags
[2025-11-14T17:34:54.369+0000] {manager.py:878} INFO - 
================================================================================
DAG File Processing Stats

File Path                            PID    Runtime      # DAGs    # Errors  Last Runtime    Last Run
-----------------------------------  -----  ---------  --------  ----------  --------------  -------------------
/opt/airflow/dags/sodai_pipeline.py                           1           0  0.16s           2025-11-14T17:34:35
================================================================================
[2025-11-14T17:35:24.705+0000] {manager.py:878} INFO - 
================================================================================
DAG File Processing Stats

File Path                            PID    Runtime      # DAGs    # Errors  Last Runtime    Last Run
-----------------------------------  -----  ---------  --------  ----------  --------------  -------------------
/opt/airflow/dags/sodai_pipeline.py                           1           0  0.15s           2025-11-14T17:35:05
================================================================================
[2025-11-14T17:35:55.044+0000] {manager.py:878} INFO - 
================================================================================
DAG File Processing Stats

File Path                            PID    Runtime      # DAGs    # Errors  Last Runtime    Last Run
-----------------------------------  -----  ---------  --------  ----------  --------------  -------------------
/opt/airflow/dags/sodai_pipeline.py                           1           0  0.15s           2025-11-14T17:35:35
================================================================================
[2025-11-14T17:36:25.482+0000] {manager.py:878} INFO - 
================================================================================
DAG File Processing Stats

File Path                            PID    Runtime      # DAGs    # Errors  Last Runtime    Last Run
-----------------------------------  -----  ---------  --------  ----------  --------------  -------------------
/opt/airflow/dags/sodai_pipeline.py                           1           0  0.16s           2025-11-14T17:36:06
================================================================================
[2025-11-14T17:36:55.811+0000] {manager.py:878} INFO - 
================================================================================
DAG File Processing Stats

File Path                            PID    Runtime      # DAGs    # Errors  Last Runtime    Last Run
-----------------------------------  -----  ---------  --------  ----------  --------------  -------------------
/opt/airflow/dags/sodai_pipeline.py                           1           0  0.15s           2025-11-14T17:36:36
================================================================================
[2025-11-14T17:37:26.189+0000] {manager.py:878} INFO - 
================================================================================
DAG File Processing Stats

File Path                            PID    Runtime      # DAGs    # Errors  Last Runtime    Last Run
-----------------------------------  -----  ---------  --------  ----------  --------------  -------------------
/opt/airflow/dags/sodai_pipeline.py                           1           0  0.15s           2025-11-14T17:37:07
================================================================================
[2025-11-14T17:37:56.565+0000] {manager.py:878} INFO - 
================================================================================
DAG File Processing Stats

File Path                            PID    Runtime      # DAGs    # Errors  Last Runtime    Last Run
-----------------------------------  -----  ---------  --------  ----------  --------------  -------------------
/opt/airflow/dags/sodai_pipeline.py                           1           0  0.15s           2025-11-14T17:37:37
================================================================================
[2025-11-14T17:38:26.974+0000] {manager.py:878} INFO - 
================================================================================
DAG File Processing Stats

File Path                            PID    Runtime      # DAGs    # Errors  Last Runtime    Last Run
-----------------------------------  -----  ---------  --------  ----------  --------------  -------------------
/opt/airflow/dags/sodai_pipeline.py                           1           0  0.14s           2025-11-14T17:38:07
================================================================================
[2025-11-14T17:38:57.340+0000] {manager.py:878} INFO - 
================================================================================
DAG File Processing Stats

File Path                            PID    Runtime      # DAGs    # Errors  Last Runtime    Last Run
-----------------------------------  -----  ---------  --------  ----------  --------------  -------------------
/opt/airflow/dags/sodai_pipeline.py                           1           0  0.14s           2025-11-14T17:38:38
================================================================================
[2025-11-14T17:39:27.682+0000] {manager.py:878} INFO - 
================================================================================
DAG File Processing Stats

File Path                            PID    Runtime      # DAGs    # Errors  Last Runtime    Last Run
-----------------------------------  -----  ---------  --------  ----------  --------------  -------------------
/opt/airflow/dags/sodai_pipeline.py                           1           0  0.15s           2025-11-14T17:39:08
================================================================================
[2025-11-14T17:39:51.039+0000] {manager.py:737} INFO - Searching for files in /opt/airflow/dags
[2025-11-14T17:39:51.052+0000] {manager.py:740} INFO - There are 1 files in /opt/airflow/dags
[2025-11-14T17:39:58.135+0000] {manager.py:878} INFO - 
================================================================================
DAG File Processing Stats

File Path                            PID    Runtime      # DAGs    # Errors  Last Runtime    Last Run
-----------------------------------  -----  ---------  --------  ----------  --------------  -------------------
/opt/airflow/dags/sodai_pipeline.py                           1           0  0.17s           2025-11-14T17:39:38
================================================================================
[2025-11-14T17:40:28.441+0000] {manager.py:878} INFO - 
================================================================================
DAG File Processing Stats

File Path                            PID    Runtime      # DAGs    # Errors  Last Runtime    Last Run
-----------------------------------  -----  ---------  --------  ----------  --------------  -------------------
/opt/airflow/dags/sodai_pipeline.py                           1           0  0.15s           2025-11-14T17:40:09
================================================================================
[2025-11-14T17:40:58.828+0000] {manager.py:878} INFO - 
================================================================================
DAG File Processing Stats

File Path                            PID    Runtime      # DAGs    # Errors  Last Runtime    Last Run
-----------------------------------  -----  ---------  --------  ----------  --------------  -------------------
/opt/airflow/dags/sodai_pipeline.py                           1           0  0.15s           2025-11-14T17:40:39
================================================================================
[2025-11-14T17:41:29.169+0000] {manager.py:878} INFO - 
================================================================================
DAG File Processing Stats

File Path                            PID    Runtime      # DAGs    # Errors  Last Runtime    Last Run
-----------------------------------  -----  ---------  --------  ----------  --------------  -------------------
/opt/airflow/dags/sodai_pipeline.py                           1           0  0.19s           2025-11-14T17:41:10
================================================================================
[2025-11-14T17:41:59.659+0000] {manager.py:878} INFO - 
================================================================================
DAG File Processing Stats

File Path                            PID    Runtime      # DAGs    # Errors  Last Runtime    Last Run
-----------------------------------  -----  ---------  --------  ----------  --------------  -------------------
/opt/airflow/dags/sodai_pipeline.py                           1           0  0.16s           2025-11-14T17:41:40
================================================================================
[2025-11-14T17:42:30.042+0000] {manager.py:878} INFO - 
================================================================================
DAG File Processing Stats

File Path                            PID    Runtime      # DAGs    # Errors  Last Runtime    Last Run
-----------------------------------  -----  ---------  --------  ----------  --------------  -------------------
/opt/airflow/dags/sodai_pipeline.py                           1           0  0.14s           2025-11-14T17:42:10
================================================================================
[2025-11-14T17:43:00.443+0000] {manager.py:878} INFO - 
================================================================================
DAG File Processing Stats

File Path                            PID    Runtime      # DAGs    # Errors  Last Runtime    Last Run
-----------------------------------  -----  ---------  --------  ----------  --------------  -------------------
/opt/airflow/dags/sodai_pipeline.py                           1           0  0.15s           2025-11-14T17:42:41
================================================================================
[2025-11-14T17:43:30.826+0000] {manager.py:878} INFO - 
================================================================================
DAG File Processing Stats

File Path                            PID    Runtime      # DAGs    # Errors  Last Runtime    Last Run
-----------------------------------  -----  ---------  --------  ----------  --------------  -------------------
/opt/airflow/dags/sodai_pipeline.py                           1           0  0.14s           2025-11-14T17:43:11
================================================================================
[2025-11-14T17:44:01.184+0000] {manager.py:878} INFO - 
================================================================================
DAG File Processing Stats

File Path                            PID    Runtime      # DAGs    # Errors  Last Runtime    Last Run
-----------------------------------  -----  ---------  --------  ----------  --------------  -------------------
/opt/airflow/dags/sodai_pipeline.py                           1           0  0.14s           2025-11-14T17:43:42
================================================================================
[2025-11-14T17:44:31.480+0000] {manager.py:878} INFO - 
================================================================================
DAG File Processing Stats

File Path                            PID    Runtime      # DAGs    # Errors  Last Runtime    Last Run
-----------------------------------  -----  ---------  --------  ----------  --------------  -------------------
/opt/airflow/dags/sodai_pipeline.py                           1           0  0.15s           2025-11-14T17:44:12
================================================================================
[2025-11-14T17:44:51.805+0000] {manager.py:737} INFO - Searching for files in /opt/airflow/dags
[2025-11-14T17:44:51.821+0000] {manager.py:740} INFO - There are 1 files in /opt/airflow/dags
[2025-11-14T17:45:01.943+0000] {manager.py:878} INFO - 
================================================================================
DAG File Processing Stats

File Path                            PID    Runtime      # DAGs    # Errors  Last Runtime    Last Run
-----------------------------------  -----  ---------  --------  ----------  --------------  -------------------
/opt/airflow/dags/sodai_pipeline.py                           1           0  0.15s           2025-11-14T17:44:42
================================================================================
[2025-11-14T17:45:32.328+0000] {manager.py:878} INFO - 
================================================================================
DAG File Processing Stats

File Path                            PID    Runtime      # DAGs    # Errors  Last Runtime    Last Run
-----------------------------------  -----  ---------  --------  ----------  --------------  -------------------
/opt/airflow/dags/sodai_pipeline.py                           1           0  0.16s           2025-11-14T17:45:13
================================================================================
[2025-11-14T17:46:02.714+0000] {manager.py:878} INFO - 
================================================================================
DAG File Processing Stats

File Path                            PID    Runtime      # DAGs    # Errors  Last Runtime    Last Run
-----------------------------------  -----  ---------  --------  ----------  --------------  -------------------
/opt/airflow/dags/sodai_pipeline.py                           1           0  0.13s           2025-11-14T17:45:43
================================================================================
[2025-11-14T17:46:33.058+0000] {manager.py:878} INFO - 
================================================================================
DAG File Processing Stats

File Path                            PID    Runtime      # DAGs    # Errors  Last Runtime    Last Run
-----------------------------------  -----  ---------  --------  ----------  --------------  -------------------
/opt/airflow/dags/sodai_pipeline.py                           1           0  0.15s           2025-11-14T17:46:13
================================================================================
[2025-11-14T17:47:03.449+0000] {manager.py:878} INFO - 
================================================================================
DAG File Processing Stats

File Path                            PID    Runtime      # DAGs    # Errors  Last Runtime    Last Run
-----------------------------------  -----  ---------  --------  ----------  --------------  -------------------
/opt/airflow/dags/sodai_pipeline.py                           1           0  0.15s           2025-11-14T17:46:44
================================================================================
[2025-11-14T17:47:33.827+0000] {manager.py:878} INFO - 
================================================================================
DAG File Processing Stats

File Path                            PID    Runtime      # DAGs    # Errors  Last Runtime    Last Run
-----------------------------------  -----  ---------  --------  ----------  --------------  -------------------
/opt/airflow/dags/sodai_pipeline.py                           1           0  0.15s           2025-11-14T17:47:14
================================================================================
[2025-11-14T17:48:04.229+0000] {manager.py:878} INFO - 
================================================================================
DAG File Processing Stats

File Path                            PID    Runtime      # DAGs    # Errors  Last Runtime    Last Run
-----------------------------------  -----  ---------  --------  ----------  --------------  -------------------
/opt/airflow/dags/sodai_pipeline.py                           1           0  0.17s           2025-11-14T17:47:45
================================================================================
[2025-11-14T17:48:34.601+0000] {manager.py:878} INFO - 
================================================================================
DAG File Processing Stats

File Path                            PID    Runtime      # DAGs    # Errors  Last Runtime    Last Run
-----------------------------------  -----  ---------  --------  ----------  --------------  -------------------
/opt/airflow/dags/sodai_pipeline.py                           1           0  0.14s           2025-11-14T17:48:15
================================================================================
[2025-11-14T17:49:04.924+0000] {manager.py:878} INFO - 
================================================================================
DAG File Processing Stats

File Path                            PID    Runtime      # DAGs    # Errors  Last Runtime    Last Run
-----------------------------------  -----  ---------  --------  ----------  --------------  -------------------
/opt/airflow/dags/sodai_pipeline.py                           1           0  0.14s           2025-11-14T17:48:45
================================================================================
[2025-11-14T17:49:35.358+0000] {manager.py:878} INFO - 
================================================================================
DAG File Processing Stats

File Path                            PID    Runtime      # DAGs    # Errors  Last Runtime    Last Run
-----------------------------------  -----  ---------  --------  ----------  --------------  -------------------
/opt/airflow/dags/sodai_pipeline.py                           1           0  0.19s           2025-11-14T17:49:16
================================================================================
[2025-11-14T17:49:52.653+0000] {manager.py:737} INFO - Searching for files in /opt/airflow/dags
[2025-11-14T17:49:52.668+0000] {manager.py:740} INFO - There are 1 files in /opt/airflow/dags
[2025-11-14T17:50:05.829+0000] {manager.py:878} INFO - 
================================================================================
DAG File Processing Stats

File Path                            PID    Runtime      # DAGs    # Errors  Last Runtime    Last Run
-----------------------------------  -----  ---------  --------  ----------  --------------  -------------------
/opt/airflow/dags/sodai_pipeline.py                           1           0  0.15s           2025-11-14T17:49:46
================================================================================
[2025-11-14T17:50:36.192+0000] {manager.py:878} INFO - 
================================================================================
DAG File Processing Stats

File Path                            PID    Runtime      # DAGs    # Errors  Last Runtime    Last Run
-----------------------------------  -----  ---------  --------  ----------  --------------  -------------------
/opt/airflow/dags/sodai_pipeline.py                           1           0  0.17s           2025-11-14T17:50:17
================================================================================
[2025-11-14T17:51:06.628+0000] {manager.py:878} INFO - 
================================================================================
DAG File Processing Stats

File Path                            PID    Runtime      # DAGs    # Errors  Last Runtime    Last Run
-----------------------------------  -----  ---------  --------  ----------  --------------  -------------------
/opt/airflow/dags/sodai_pipeline.py                           1           0  0.16s           2025-11-14T17:50:47
================================================================================
[2025-11-14T17:51:37.036+0000] {manager.py:878} INFO - 
================================================================================
DAG File Processing Stats

File Path                            PID    Runtime      # DAGs    # Errors  Last Runtime    Last Run
-----------------------------------  -----  ---------  --------  ----------  --------------  -------------------
/opt/airflow/dags/sodai_pipeline.py                           1           0  0.16s           2025-11-14T17:51:17
================================================================================
[2025-11-14T17:52:07.509+0000] {manager.py:878} INFO - 
================================================================================
DAG File Processing Stats

File Path                            PID    Runtime      # DAGs    # Errors  Last Runtime    Last Run
-----------------------------------  -----  ---------  --------  ----------  --------------  -------------------
/opt/airflow/dags/sodai_pipeline.py                           1           0  0.16s           2025-11-14T17:51:48
================================================================================
[2025-11-14T17:52:37.866+0000] {manager.py:878} INFO - 
================================================================================
DAG File Processing Stats

File Path                            PID    Runtime      # DAGs    # Errors  Last Runtime    Last Run
-----------------------------------  -----  ---------  --------  ----------  --------------  -------------------
/opt/airflow/dags/sodai_pipeline.py                           1           0  0.15s           2025-11-14T17:52:18
================================================================================
[2025-11-14T17:53:08.227+0000] {manager.py:878} INFO - 
================================================================================
DAG File Processing Stats

File Path                            PID    Runtime      # DAGs    # Errors  Last Runtime    Last Run
-----------------------------------  -----  ---------  --------  ----------  --------------  -------------------
/opt/airflow/dags/sodai_pipeline.py                           1           0  0.16s           2025-11-14T17:52:49
================================================================================
[2025-11-14T17:53:38.588+0000] {manager.py:878} INFO - 
================================================================================
DAG File Processing Stats

File Path                            PID    Runtime      # DAGs    # Errors  Last Runtime    Last Run
-----------------------------------  -----  ---------  --------  ----------  --------------  -------------------
/opt/airflow/dags/sodai_pipeline.py                           1           0  0.14s           2025-11-14T17:53:19
================================================================================
[2025-11-14T17:54:09.034+0000] {manager.py:878} INFO - 
================================================================================
DAG File Processing Stats

File Path                            PID    Runtime      # DAGs    # Errors  Last Runtime    Last Run
-----------------------------------  -----  ---------  --------  ----------  --------------  -------------------
/opt/airflow/dags/sodai_pipeline.py                           1           0  0.15s           2025-11-14T17:53:49
================================================================================
[2025-11-14T17:54:39.397+0000] {manager.py:878} INFO - 
================================================================================
DAG File Processing Stats

File Path                            PID    Runtime      # DAGs    # Errors  Last Runtime    Last Run
-----------------------------------  -----  ---------  --------  ----------  --------------  -------------------
/opt/airflow/dags/sodai_pipeline.py                           1           0  0.16s           2025-11-14T17:54:20
================================================================================
[2025-11-14T17:54:52.698+0000] {manager.py:737} INFO - Searching for files in /opt/airflow/dags
[2025-11-14T17:54:52.710+0000] {manager.py:740} INFO - There are 1 files in /opt/airflow/dags
[2025-11-14T17:55:09.830+0000] {manager.py:878} INFO - 
================================================================================
DAG File Processing Stats

File Path                            PID    Runtime      # DAGs    # Errors  Last Runtime    Last Run
-----------------------------------  -----  ---------  --------  ----------  --------------  -------------------
/opt/airflow/dags/sodai_pipeline.py                           1           0  0.14s           2025-11-14T17:54:50
================================================================================
[2025-11-14T17:55:40.209+0000] {manager.py:878} INFO - 
================================================================================
DAG File Processing Stats

File Path                            PID    Runtime      # DAGs    # Errors  Last Runtime    Last Run
-----------------------------------  -----  ---------  --------  ----------  --------------  -------------------
/opt/airflow/dags/sodai_pipeline.py                           1           0  0.16s           2025-11-14T17:55:21
================================================================================
[2025-11-14T17:56:10.608+0000] {manager.py:878} INFO - 
================================================================================
DAG File Processing Stats

File Path                            PID    Runtime      # DAGs    # Errors  Last Runtime    Last Run
-----------------------------------  -----  ---------  --------  ----------  --------------  -------------------
/opt/airflow/dags/sodai_pipeline.py                           1           0  0.15s           2025-11-14T17:55:51
================================================================================
[2025-11-14T17:56:41.015+0000] {manager.py:878} INFO - 
================================================================================
DAG File Processing Stats

File Path                            PID    Runtime      # DAGs    # Errors  Last Runtime    Last Run
-----------------------------------  -----  ---------  --------  ----------  --------------  -------------------
/opt/airflow/dags/sodai_pipeline.py                           1           0  0.15s           2025-11-14T17:56:21
================================================================================
[2025-11-14T17:57:11.371+0000] {manager.py:878} INFO - 
================================================================================
DAG File Processing Stats

File Path                            PID    Runtime      # DAGs    # Errors  Last Runtime    Last Run
-----------------------------------  -----  ---------  --------  ----------  --------------  -------------------
/opt/airflow/dags/sodai_pipeline.py                           1           0  0.14s           2025-11-14T17:56:52
================================================================================
[2025-11-14T17:57:41.720+0000] {manager.py:878} INFO - 
================================================================================
DAG File Processing Stats

File Path                            PID    Runtime      # DAGs    # Errors  Last Runtime    Last Run
-----------------------------------  -----  ---------  --------  ----------  --------------  -------------------
/opt/airflow/dags/sodai_pipeline.py                           1           0  0.15s           2025-11-14T17:57:22
================================================================================
[2025-11-14T17:58:12.077+0000] {manager.py:878} INFO - 
================================================================================
DAG File Processing Stats

File Path                            PID    Runtime      # DAGs    # Errors  Last Runtime    Last Run
-----------------------------------  -----  ---------  --------  ----------  --------------  -------------------
/opt/airflow/dags/sodai_pipeline.py                           1           0  0.15s           2025-11-14T17:57:53
================================================================================
[2025-11-14T17:58:42.449+0000] {manager.py:878} INFO - 
================================================================================
DAG File Processing Stats

File Path                            PID    Runtime      # DAGs    # Errors  Last Runtime    Last Run
-----------------------------------  -----  ---------  --------  ----------  --------------  -------------------
/opt/airflow/dags/sodai_pipeline.py                           1           0  0.16s           2025-11-14T17:58:23
================================================================================
[2025-11-14T17:59:12.861+0000] {manager.py:878} INFO - 
================================================================================
DAG File Processing Stats

File Path                            PID    Runtime      # DAGs    # Errors  Last Runtime    Last Run
-----------------------------------  -----  ---------  --------  ----------  --------------  -------------------
/opt/airflow/dags/sodai_pipeline.py                           1           0  0.21s           2025-11-14T17:58:53
================================================================================
[2025-11-14T17:59:43.325+0000] {manager.py:878} INFO - 
================================================================================
DAG File Processing Stats

File Path                            PID    Runtime      # DAGs    # Errors  Last Runtime    Last Run
-----------------------------------  -----  ---------  --------  ----------  --------------  -------------------
/opt/airflow/dags/sodai_pipeline.py                           1           0  0.15s           2025-11-14T17:59:24
================================================================================
[2025-11-14T17:59:53.429+0000] {manager.py:737} INFO - Searching for files in /opt/airflow/dags
[2025-11-14T17:59:53.439+0000] {manager.py:740} INFO - There are 1 files in /opt/airflow/dags
[2025-11-14T18:00:13.754+0000] {manager.py:878} INFO - 
================================================================================
DAG File Processing Stats

File Path                            PID    Runtime      # DAGs    # Errors  Last Runtime    Last Run
-----------------------------------  -----  ---------  --------  ----------  --------------  -------------------
/opt/airflow/dags/sodai_pipeline.py                           1           0  0.16s           2025-11-14T17:59:54
================================================================================
[2025-11-14T18:00:44.119+0000] {manager.py:878} INFO - 
================================================================================
DAG File Processing Stats

File Path                            PID    Runtime      # DAGs    # Errors  Last Runtime    Last Run
-----------------------------------  -----  ---------  --------  ----------  --------------  -------------------
/opt/airflow/dags/sodai_pipeline.py                           1           0  0.16s           2025-11-14T18:00:25
================================================================================
[2025-11-14T18:01:14.525+0000] {manager.py:878} INFO - 
================================================================================
DAG File Processing Stats

File Path                            PID    Runtime      # DAGs    # Errors  Last Runtime    Last Run
-----------------------------------  -----  ---------  --------  ----------  --------------  -------------------
/opt/airflow/dags/sodai_pipeline.py                           1           0  0.17s           2025-11-14T18:00:55
================================================================================
[2025-11-14T18:01:44.831+0000] {manager.py:878} INFO - 
================================================================================
DAG File Processing Stats

File Path                            PID    Runtime      # DAGs    # Errors  Last Runtime    Last Run
-----------------------------------  -----  ---------  --------  ----------  --------------  -------------------
/opt/airflow/dags/sodai_pipeline.py                           1           0  0.12s           2025-11-14T18:01:25
================================================================================
[2025-11-14T18:02:15.200+0000] {manager.py:878} INFO - 
================================================================================
DAG File Processing Stats

File Path                            PID    Runtime      # DAGs    # Errors  Last Runtime    Last Run
-----------------------------------  -----  ---------  --------  ----------  --------------  -------------------
/opt/airflow/dags/sodai_pipeline.py                           1           0  0.15s           2025-11-14T18:01:56
================================================================================
[2025-11-14T18:02:45.576+0000] {manager.py:878} INFO - 
================================================================================
DAG File Processing Stats

File Path                            PID    Runtime      # DAGs    # Errors  Last Runtime    Last Run
-----------------------------------  -----  ---------  --------  ----------  --------------  -------------------
/opt/airflow/dags/sodai_pipeline.py                           1           0  0.15s           2025-11-14T18:02:26
================================================================================
[2025-11-14T18:03:15.966+0000] {manager.py:878} INFO - 
================================================================================
DAG File Processing Stats

File Path                            PID    Runtime      # DAGs    # Errors  Last Runtime    Last Run
-----------------------------------  -----  ---------  --------  ----------  --------------  -------------------
/opt/airflow/dags/sodai_pipeline.py                           1           0  0.17s           2025-11-14T18:02:56
================================================================================
[2025-11-14T18:03:46.342+0000] {manager.py:878} INFO - 
================================================================================
DAG File Processing Stats

File Path                            PID    Runtime      # DAGs    # Errors  Last Runtime    Last Run
-----------------------------------  -----  ---------  --------  ----------  --------------  -------------------
/opt/airflow/dags/sodai_pipeline.py                           1           0  0.16s           2025-11-14T18:03:27
================================================================================
[2025-11-14T18:04:16.791+0000] {manager.py:878} INFO - 
================================================================================
DAG File Processing Stats

File Path                            PID    Runtime      # DAGs    # Errors  Last Runtime    Last Run
-----------------------------------  -----  ---------  --------  ----------  --------------  -------------------
/opt/airflow/dags/sodai_pipeline.py                           1           0  0.16s           2025-11-14T18:03:57
================================================================================
[2025-11-14T18:04:47.198+0000] {manager.py:878} INFO - 
================================================================================
DAG File Processing Stats

File Path                            PID    Runtime      # DAGs    # Errors  Last Runtime    Last Run
-----------------------------------  -----  ---------  --------  ----------  --------------  -------------------
/opt/airflow/dags/sodai_pipeline.py                           1           0  0.11s           2025-11-14T18:04:28
================================================================================
[2025-11-14T18:04:54.273+0000] {manager.py:737} INFO - Searching for files in /opt/airflow/dags
[2025-11-14T18:04:54.280+0000] {manager.py:740} INFO - There are 1 files in /opt/airflow/dags
[2025-11-14T18:05:17.602+0000] {manager.py:878} INFO - 
================================================================================
DAG File Processing Stats

File Path                            PID    Runtime      # DAGs    # Errors  Last Runtime    Last Run
-----------------------------------  -----  ---------  --------  ----------  --------------  -------------------
/opt/airflow/dags/sodai_pipeline.py                           1           0  0.08s           2025-11-14T18:04:58
================================================================================
[2025-11-14T18:05:48.009+0000] {manager.py:878} INFO - 
================================================================================
DAG File Processing Stats

File Path                            PID    Runtime      # DAGs    # Errors  Last Runtime    Last Run
-----------------------------------  -----  ---------  --------  ----------  --------------  -------------------
/opt/airflow/dags/sodai_pipeline.py                           1           0  0.10s           2025-11-14T18:05:28
================================================================================
[2025-11-14T18:06:18.372+0000] {manager.py:878} INFO - 
================================================================================
DAG File Processing Stats

File Path                            PID    Runtime      # DAGs    # Errors  Last Runtime    Last Run
-----------------------------------  -----  ---------  --------  ----------  --------------  -------------------
/opt/airflow/dags/sodai_pipeline.py                           1           0  0.08s           2025-11-14T18:05:59
================================================================================
[2025-11-14T18:06:48.763+0000] {manager.py:878} INFO - 
================================================================================
DAG File Processing Stats

File Path                            PID    Runtime      # DAGs    # Errors  Last Runtime    Last Run
-----------------------------------  -----  ---------  --------  ----------  --------------  -------------------
/opt/airflow/dags/sodai_pipeline.py                           1           0  0.14s           2025-11-14T18:06:29
================================================================================
[2025-11-14T18:07:19.079+0000] {manager.py:878} INFO - 
================================================================================
DAG File Processing Stats

File Path                            PID    Runtime      # DAGs    # Errors  Last Runtime    Last Run
-----------------------------------  -----  ---------  --------  ----------  --------------  -------------------
/opt/airflow/dags/sodai_pipeline.py                           1           0  0.13s           2025-11-14T18:07:00
================================================================================
[2025-11-14T18:07:49.475+0000] {manager.py:878} INFO - 
================================================================================
DAG File Processing Stats

File Path                            PID    Runtime      # DAGs    # Errors  Last Runtime    Last Run
-----------------------------------  -----  ---------  --------  ----------  --------------  -------------------
/opt/airflow/dags/sodai_pipeline.py                           1           0  0.12s           2025-11-14T18:07:30
================================================================================
[2025-11-14T18:08:19.862+0000] {manager.py:878} INFO - 
================================================================================
DAG File Processing Stats

File Path                            PID    Runtime      # DAGs    # Errors  Last Runtime    Last Run
-----------------------------------  -----  ---------  --------  ----------  --------------  -------------------
/opt/airflow/dags/sodai_pipeline.py                           1           0  0.15s           2025-11-14T18:08:00
================================================================================
[2025-11-14T18:08:50.257+0000] {manager.py:878} INFO - 
================================================================================
DAG File Processing Stats

File Path                            PID    Runtime      # DAGs    # Errors  Last Runtime    Last Run
-----------------------------------  -----  ---------  --------  ----------  --------------  -------------------
/opt/airflow/dags/sodai_pipeline.py                           1           0  0.15s           2025-11-14T18:08:31
================================================================================
[2025-11-14T18:09:20.568+0000] {manager.py:878} INFO - 
================================================================================
DAG File Processing Stats

File Path                            PID    Runtime      # DAGs    # Errors  Last Runtime    Last Run
-----------------------------------  -----  ---------  --------  ----------  --------------  -------------------
/opt/airflow/dags/sodai_pipeline.py                           1           0  0.13s           2025-11-14T18:09:01
================================================================================
[2025-11-14T18:09:50.871+0000] {manager.py:878} INFO - 
================================================================================
DAG File Processing Stats

File Path                            PID    Runtime      # DAGs    # Errors  Last Runtime    Last Run
-----------------------------------  -----  ---------  --------  ----------  --------------  -------------------
/opt/airflow/dags/sodai_pipeline.py                           1           0  0.09s           2025-11-14T18:09:31
================================================================================
[2025-11-14T18:09:54.896+0000] {manager.py:737} INFO - Searching for files in /opt/airflow/dags
[2025-11-14T18:09:54.905+0000] {manager.py:740} INFO - There are 1 files in /opt/airflow/dags
[2025-11-14T18:10:21.225+0000] {manager.py:878} INFO - 
================================================================================
DAG File Processing Stats

File Path                            PID    Runtime      # DAGs    # Errors  Last Runtime    Last Run
-----------------------------------  -----  ---------  --------  ----------  --------------  -------------------
/opt/airflow/dags/sodai_pipeline.py                           1           0  0.11s           2025-11-14T18:10:02
================================================================================
[2025-11-14T18:10:51.592+0000] {manager.py:878} INFO - 
================================================================================
DAG File Processing Stats

File Path                            PID    Runtime      # DAGs    # Errors  Last Runtime    Last Run
-----------------------------------  -----  ---------  --------  ----------  --------------  -------------------
/opt/airflow/dags/sodai_pipeline.py                           1           0  0.09s           2025-11-14T18:10:32
================================================================================
[2025-11-14T18:11:21.913+0000] {manager.py:878} INFO - 
================================================================================
DAG File Processing Stats

File Path                            PID    Runtime      # DAGs    # Errors  Last Runtime    Last Run
-----------------------------------  -----  ---------  --------  ----------  --------------  -------------------
/opt/airflow/dags/sodai_pipeline.py                           1           0  0.12s           2025-11-14T18:11:02
================================================================================
[2025-11-14T18:11:52.229+0000] {manager.py:878} INFO - 
================================================================================
DAG File Processing Stats

File Path                            PID    Runtime      # DAGs    # Errors  Last Runtime    Last Run
-----------------------------------  -----  ---------  --------  ----------  --------------  -------------------
/opt/airflow/dags/sodai_pipeline.py                           1           0  0.12s           2025-11-14T18:11:33
================================================================================
[2025-11-14T18:12:22.648+0000] {manager.py:878} INFO - 
================================================================================
DAG File Processing Stats

File Path                            PID    Runtime      # DAGs    # Errors  Last Runtime    Last Run
-----------------------------------  -----  ---------  --------  ----------  --------------  -------------------
/opt/airflow/dags/sodai_pipeline.py                           1           0  0.10s           2025-11-14T18:12:03
================================================================================
[2025-11-14T18:12:52.982+0000] {manager.py:878} INFO - 
================================================================================
DAG File Processing Stats

File Path                            PID    Runtime      # DAGs    # Errors  Last Runtime    Last Run
-----------------------------------  -----  ---------  --------  ----------  --------------  -------------------
/opt/airflow/dags/sodai_pipeline.py                           1           0  0.09s           2025-11-14T18:12:33
================================================================================
[2025-11-14T18:13:23.358+0000] {manager.py:878} INFO - 
================================================================================
DAG File Processing Stats

File Path                            PID    Runtime      # DAGs    # Errors  Last Runtime    Last Run
-----------------------------------  -----  ---------  --------  ----------  --------------  -------------------
/opt/airflow/dags/sodai_pipeline.py                           1           0  0.08s           2025-11-14T18:13:04
================================================================================
[2025-11-14T18:13:53.734+0000] {manager.py:878} INFO - 
================================================================================
DAG File Processing Stats

File Path                            PID    Runtime      # DAGs    # Errors  Last Runtime    Last Run
-----------------------------------  -----  ---------  --------  ----------  --------------  -------------------
/opt/airflow/dags/sodai_pipeline.py                           1           0  0.12s           2025-11-14T18:13:34
================================================================================
[2025-11-14T18:14:24.157+0000] {manager.py:878} INFO - 
================================================================================
DAG File Processing Stats

File Path                            PID    Runtime      # DAGs    # Errors  Last Runtime    Last Run
-----------------------------------  -----  ---------  --------  ----------  --------------  -------------------
/opt/airflow/dags/sodai_pipeline.py                           1           0  0.08s           2025-11-14T18:14:04
================================================================================
[2025-11-14T18:14:54.587+0000] {manager.py:878} INFO - 
================================================================================
DAG File Processing Stats

File Path                            PID    Runtime      # DAGs    # Errors  Last Runtime    Last Run
-----------------------------------  -----  ---------  --------  ----------  --------------  -------------------
/opt/airflow/dags/sodai_pipeline.py                           1           0  0.09s           2025-11-14T18:14:35
================================================================================
[2025-11-14T18:14:55.603+0000] {manager.py:737} INFO - Searching for files in /opt/airflow/dags
[2025-11-14T18:14:55.610+0000] {manager.py:740} INFO - There are 1 files in /opt/airflow/dags
[2025-11-14T18:15:25.023+0000] {manager.py:878} INFO - 
================================================================================
DAG File Processing Stats

File Path                            PID    Runtime      # DAGs    # Errors  Last Runtime    Last Run
-----------------------------------  -----  ---------  --------  ----------  --------------  -------------------
/opt/airflow/dags/sodai_pipeline.py                           1           0  0.12s           2025-11-14T18:15:05
================================================================================
[2025-11-14T18:15:55.405+0000] {manager.py:878} INFO - 
================================================================================
DAG File Processing Stats

File Path                            PID    Runtime      # DAGs    # Errors  Last Runtime    Last Run
-----------------------------------  -----  ---------  --------  ----------  --------------  -------------------
/opt/airflow/dags/sodai_pipeline.py                           1           0  0.08s           2025-11-14T18:15:36
================================================================================
[2025-11-14T18:16:25.794+0000] {manager.py:878} INFO - 
================================================================================
DAG File Processing Stats

File Path                            PID    Runtime      # DAGs    # Errors  Last Runtime    Last Run
-----------------------------------  -----  ---------  --------  ----------  --------------  -------------------
/opt/airflow/dags/sodai_pipeline.py                           1           0  0.10s           2025-11-14T18:16:06
================================================================================
[2025-11-14T18:16:56.108+0000] {manager.py:878} INFO - 
================================================================================
DAG File Processing Stats

File Path                            PID    Runtime      # DAGs    # Errors  Last Runtime    Last Run
-----------------------------------  -----  ---------  --------  ----------  --------------  -------------------
/opt/airflow/dags/sodai_pipeline.py                           1           0  0.08s           2025-11-14T18:16:36
================================================================================
[2025-11-14T18:17:26.446+0000] {manager.py:878} INFO - 
================================================================================
DAG File Processing Stats

File Path                            PID    Runtime      # DAGs    # Errors  Last Runtime    Last Run
-----------------------------------  -----  ---------  --------  ----------  --------------  -------------------
/opt/airflow/dags/sodai_pipeline.py                           1           0  0.09s           2025-11-14T18:17:07
================================================================================
[2025-11-14T18:17:56.778+0000] {manager.py:878} INFO - 
================================================================================
DAG File Processing Stats

File Path                            PID    Runtime      # DAGs    # Errors  Last Runtime    Last Run
-----------------------------------  -----  ---------  --------  ----------  --------------  -------------------
/opt/airflow/dags/sodai_pipeline.py                           1           0  0.11s           2025-11-14T18:17:37
================================================================================
[2025-11-14T18:18:27.152+0000] {manager.py:878} INFO - 
================================================================================
DAG File Processing Stats

File Path                            PID    Runtime      # DAGs    # Errors  Last Runtime    Last Run
-----------------------------------  -----  ---------  --------  ----------  --------------  -------------------
/opt/airflow/dags/sodai_pipeline.py                           1           0  0.09s           2025-11-14T18:18:07
================================================================================
[2025-11-14T18:18:57.589+0000] {manager.py:878} INFO - 
================================================================================
DAG File Processing Stats

File Path                            PID    Runtime      # DAGs    # Errors  Last Runtime    Last Run
-----------------------------------  -----  ---------  --------  ----------  --------------  -------------------
/opt/airflow/dags/sodai_pipeline.py                           1           0  0.07s           2025-11-14T18:18:38
================================================================================
[2025-11-14T18:19:27.989+0000] {manager.py:878} INFO - 
================================================================================
DAG File Processing Stats

File Path                            PID    Runtime      # DAGs    # Errors  Last Runtime    Last Run
-----------------------------------  -----  ---------  --------  ----------  --------------  -------------------
/opt/airflow/dags/sodai_pipeline.py                           1           0  0.10s           2025-11-14T18:19:08
================================================================================
[2025-11-14T18:19:56.335+0000] {manager.py:737} INFO - Searching for files in /opt/airflow/dags
[2025-11-14T18:19:56.346+0000] {manager.py:740} INFO - There are 1 files in /opt/airflow/dags
[2025-11-14T18:19:58.384+0000] {manager.py:878} INFO - 
================================================================================
DAG File Processing Stats

File Path                            PID    Runtime      # DAGs    # Errors  Last Runtime    Last Run
-----------------------------------  -----  ---------  --------  ----------  --------------  -------------------
/opt/airflow/dags/sodai_pipeline.py                           1           0  0.08s           2025-11-14T18:19:39
================================================================================
[2025-11-14T18:20:28.807+0000] {manager.py:878} INFO - 
================================================================================
DAG File Processing Stats

File Path                            PID    Runtime      # DAGs    # Errors  Last Runtime    Last Run
-----------------------------------  -----  ---------  --------  ----------  --------------  -------------------
/opt/airflow/dags/sodai_pipeline.py                           1           0  0.09s           2025-11-14T18:20:09
================================================================================
[2025-11-14T18:20:59.217+0000] {manager.py:878} INFO - 
================================================================================
DAG File Processing Stats

File Path                            PID    Runtime      # DAGs    # Errors  Last Runtime    Last Run
-----------------------------------  -----  ---------  --------  ----------  --------------  -------------------
/opt/airflow/dags/sodai_pipeline.py                           1           0  0.09s           2025-11-14T18:20:40
================================================================================
[2025-11-14T18:21:29.548+0000] {manager.py:878} INFO - 
================================================================================
DAG File Processing Stats

File Path                            PID    Runtime      # DAGs    # Errors  Last Runtime    Last Run
-----------------------------------  -----  ---------  --------  ----------  --------------  -------------------
/opt/airflow/dags/sodai_pipeline.py                           1           0  0.09s           2025-11-14T18:21:10
================================================================================
[2025-11-14T18:21:59.915+0000] {manager.py:878} INFO - 
================================================================================
DAG File Processing Stats

File Path                            PID    Runtime      # DAGs    # Errors  Last Runtime    Last Run
-----------------------------------  -----  ---------  --------  ----------  --------------  -------------------
/opt/airflow/dags/sodai_pipeline.py                           1           0  0.06s           2025-11-14T18:21:40
================================================================================
[2025-11-14T18:22:30.275+0000] {manager.py:878} INFO - 
================================================================================
DAG File Processing Stats

File Path                            PID    Runtime      # DAGs    # Errors  Last Runtime    Last Run
-----------------------------------  -----  ---------  --------  ----------  --------------  -------------------
/opt/airflow/dags/sodai_pipeline.py                           1           0  0.09s           2025-11-14T18:22:11
================================================================================
[2025-11-14T18:23:00.598+0000] {manager.py:878} INFO - 
================================================================================
DAG File Processing Stats

File Path                            PID    Runtime      # DAGs    # Errors  Last Runtime    Last Run
-----------------------------------  -----  ---------  --------  ----------  --------------  -------------------
/opt/airflow/dags/sodai_pipeline.py                           1           0  0.08s           2025-11-14T18:22:41
================================================================================
[2025-11-14T18:23:30.945+0000] {manager.py:878} INFO - 
================================================================================
DAG File Processing Stats

File Path                            PID    Runtime      # DAGs    # Errors  Last Runtime    Last Run
-----------------------------------  -----  ---------  --------  ----------  --------------  -------------------
/opt/airflow/dags/sodai_pipeline.py                           1           0  0.08s           2025-11-14T18:23:11
================================================================================
[2025-11-14T18:24:01.334+0000] {manager.py:878} INFO - 
================================================================================
DAG File Processing Stats

File Path                            PID    Runtime      # DAGs    # Errors  Last Runtime    Last Run
-----------------------------------  -----  ---------  --------  ----------  --------------  -------------------
/opt/airflow/dags/sodai_pipeline.py                           1           0  0.09s           2025-11-14T18:23:42
================================================================================
[2025-11-14T18:24:31.678+0000] {manager.py:878} INFO - 
================================================================================
DAG File Processing Stats

File Path                            PID    Runtime      # DAGs    # Errors  Last Runtime    Last Run
-----------------------------------  -----  ---------  --------  ----------  --------------  -------------------
/opt/airflow/dags/sodai_pipeline.py                           1           0  0.07s           2025-11-14T18:24:12
================================================================================
[2025-11-14T18:38:16.262+0000] {manager.py:737} INFO - Searching for files in /opt/airflow/dags
[2025-11-14T18:38:16.276+0000] {manager.py:740} INFO - There are 1 files in /opt/airflow/dags
[2025-11-14T18:38:25.437+0000] {manager.py:878} INFO - 
================================================================================
DAG File Processing Stats

File Path                            PID    Runtime      # DAGs    # Errors  Last Runtime    Last Run
-----------------------------------  -----  ---------  --------  ----------  --------------  -------------------
/opt/airflow/dags/sodai_pipeline.py                           1           0  0.13s           2025-11-14T18:38:16
================================================================================
[2025-11-14T18:38:55.778+0000] {manager.py:878} INFO - 
================================================================================
DAG File Processing Stats

File Path                            PID    Runtime      # DAGs    # Errors  Last Runtime    Last Run
-----------------------------------  -----  ---------  --------  ----------  --------------  -------------------
/opt/airflow/dags/sodai_pipeline.py                           1           0  0.13s           2025-11-14T18:38:46
================================================================================
[2025-11-14T18:39:26.141+0000] {manager.py:878} INFO - 
================================================================================
DAG File Processing Stats

File Path                            PID    Runtime      # DAGs    # Errors  Last Runtime    Last Run
-----------------------------------  -----  ---------  --------  ----------  --------------  -------------------
/opt/airflow/dags/sodai_pipeline.py                           1           0  0.14s           2025-11-14T18:39:17
================================================================================
[2025-11-14T18:39:56.545+0000] {manager.py:878} INFO - 
================================================================================
DAG File Processing Stats

File Path                            PID    Runtime      # DAGs    # Errors  Last Runtime    Last Run
-----------------------------------  -----  ---------  --------  ----------  --------------  -------------------
/opt/airflow/dags/sodai_pipeline.py                           1           0  0.18s           2025-11-14T18:39:47
================================================================================
[2025-11-14T18:40:26.924+0000] {manager.py:878} INFO - 
================================================================================
DAG File Processing Stats

File Path                            PID    Runtime      # DAGs    # Errors  Last Runtime    Last Run
-----------------------------------  -----  ---------  --------  ----------  --------------  -------------------
/opt/airflow/dags/sodai_pipeline.py                           1           0  0.12s           2025-11-14T18:40:17
================================================================================
[2025-11-14T18:40:57.262+0000] {manager.py:878} INFO - 
================================================================================
DAG File Processing Stats

File Path                            PID    Runtime      # DAGs    # Errors  Last Runtime    Last Run
-----------------------------------  -----  ---------  --------  ----------  --------------  -------------------
/opt/airflow/dags/sodai_pipeline.py                           1           0  0.10s           2025-11-14T18:40:48
================================================================================
[2025-11-14T18:41:27.594+0000] {manager.py:878} INFO - 
================================================================================
DAG File Processing Stats

File Path                            PID    Runtime      # DAGs    # Errors  Last Runtime    Last Run
-----------------------------------  -----  ---------  --------  ----------  --------------  -------------------
/opt/airflow/dags/sodai_pipeline.py                           1           0  0.14s           2025-11-14T18:41:18
================================================================================
[2025-11-14T18:41:57.912+0000] {manager.py:878} INFO - 
================================================================================
DAG File Processing Stats

File Path                            PID    Runtime      # DAGs    # Errors  Last Runtime    Last Run
-----------------------------------  -----  ---------  --------  ----------  --------------  -------------------
/opt/airflow/dags/sodai_pipeline.py                           1           0  0.12s           2025-11-14T18:41:48
================================================================================
[2025-11-14T18:42:28.258+0000] {manager.py:878} INFO - 
================================================================================
DAG File Processing Stats

File Path                            PID    Runtime      # DAGs    # Errors  Last Runtime    Last Run
-----------------------------------  -----  ---------  --------  ----------  --------------  -------------------
/opt/airflow/dags/sodai_pipeline.py                           1           0  0.11s           2025-11-14T18:42:19
================================================================================
[2025-11-14T18:42:58.613+0000] {manager.py:878} INFO - 
================================================================================
DAG File Processing Stats

File Path                            PID    Runtime      # DAGs    # Errors  Last Runtime    Last Run
-----------------------------------  -----  ---------  --------  ----------  --------------  -------------------
/opt/airflow/dags/sodai_pipeline.py                           1           0  0.13s           2025-11-14T18:42:49
================================================================================
[2025-11-14T18:43:16.799+0000] {manager.py:737} INFO - Searching for files in /opt/airflow/dags
[2025-11-14T18:43:16.811+0000] {manager.py:740} INFO - There are 1 files in /opt/airflow/dags
[2025-11-14T18:43:28.984+0000] {manager.py:878} INFO - 
================================================================================
DAG File Processing Stats

File Path                            PID    Runtime      # DAGs    # Errors  Last Runtime    Last Run
-----------------------------------  -----  ---------  --------  ----------  --------------  -------------------
/opt/airflow/dags/sodai_pipeline.py                           1           0  0.11s           2025-11-14T18:43:19
================================================================================
[2025-11-14T18:43:59.337+0000] {manager.py:878} INFO - 
================================================================================
DAG File Processing Stats

File Path                            PID    Runtime      # DAGs    # Errors  Last Runtime    Last Run
-----------------------------------  -----  ---------  --------  ----------  --------------  -------------------
/opt/airflow/dags/sodai_pipeline.py                           1           0  0.11s           2025-11-14T18:43:50
================================================================================
[2025-11-14T18:44:29.744+0000] {manager.py:878} INFO - 
================================================================================
DAG File Processing Stats

File Path                            PID    Runtime      # DAGs    # Errors  Last Runtime    Last Run
-----------------------------------  -----  ---------  --------  ----------  --------------  -------------------
/opt/airflow/dags/sodai_pipeline.py                           1           0  0.16s           2025-11-14T18:44:20
================================================================================
[2025-11-14T18:45:00.085+0000] {manager.py:878} INFO - 
================================================================================
DAG File Processing Stats

File Path                            PID    Runtime      # DAGs    # Errors  Last Runtime    Last Run
-----------------------------------  -----  ---------  --------  ----------  --------------  -------------------
/opt/airflow/dags/sodai_pipeline.py                           1           0  0.11s           2025-11-14T18:44:51
================================================================================
[2025-11-14T18:45:30.453+0000] {manager.py:878} INFO - 
================================================================================
DAG File Processing Stats

File Path                            PID    Runtime      # DAGs    # Errors  Last Runtime    Last Run
-----------------------------------  -----  ---------  --------  ----------  --------------  -------------------
/opt/airflow/dags/sodai_pipeline.py                           1           0  0.13s           2025-11-14T18:45:21
================================================================================
[2025-11-14T18:46:00.808+0000] {manager.py:878} INFO - 
================================================================================
DAG File Processing Stats

File Path                            PID    Runtime      # DAGs    # Errors  Last Runtime    Last Run
-----------------------------------  -----  ---------  --------  ----------  --------------  -------------------
/opt/airflow/dags/sodai_pipeline.py                           1           0  0.10s           2025-11-14T18:45:51
================================================================================
[2025-11-14T18:46:31.177+0000] {manager.py:878} INFO - 
================================================================================
DAG File Processing Stats

File Path                            PID    Runtime      # DAGs    # Errors  Last Runtime    Last Run
-----------------------------------  -----  ---------  --------  ----------  --------------  -------------------
/opt/airflow/dags/sodai_pipeline.py                           1           0  0.14s           2025-11-14T18:46:22
================================================================================
[2025-11-14T18:47:01.489+0000] {manager.py:878} INFO - 
================================================================================
DAG File Processing Stats

File Path                            PID    Runtime      # DAGs    # Errors  Last Runtime    Last Run
-----------------------------------  -----  ---------  --------  ----------  --------------  -------------------
/opt/airflow/dags/sodai_pipeline.py                           1           0  0.10s           2025-11-14T18:46:52
================================================================================
[2025-11-14T18:47:31.756+0000] {manager.py:878} INFO - 
================================================================================
DAG File Processing Stats

File Path                            PID    Runtime      # DAGs    # Errors  Last Runtime    Last Run
-----------------------------------  -----  ---------  --------  ----------  --------------  -------------------
/opt/airflow/dags/sodai_pipeline.py                           1           0  0.08s           2025-11-14T18:47:22
================================================================================
[2025-11-14T18:48:02.045+0000] {manager.py:878} INFO - 
================================================================================
DAG File Processing Stats

File Path                            PID    Runtime      # DAGs    # Errors  Last Runtime    Last Run
-----------------------------------  -----  ---------  --------  ----------  --------------  -------------------
/opt/airflow/dags/sodai_pipeline.py                           1           0  0.12s           2025-11-14T18:47:53
================================================================================
[2025-11-14T18:48:17.149+0000] {manager.py:737} INFO - Searching for files in /opt/airflow/dags
[2025-11-14T18:48:17.152+0000] {manager.py:740} INFO - There are 1 files in /opt/airflow/dags
[2025-11-14T18:48:32.303+0000] {manager.py:878} INFO - 
================================================================================
DAG File Processing Stats

File Path                            PID    Runtime      # DAGs    # Errors  Last Runtime    Last Run
-----------------------------------  -----  ---------  --------  ----------  --------------  -------------------
/opt/airflow/dags/sodai_pipeline.py                           1           0  0.07s           2025-11-14T18:48:23
================================================================================
[2025-11-14T18:49:02.585+0000] {manager.py:878} INFO - 
================================================================================
DAG File Processing Stats

File Path                            PID    Runtime      # DAGs    # Errors  Last Runtime    Last Run
-----------------------------------  -----  ---------  --------  ----------  --------------  -------------------
/opt/airflow/dags/sodai_pipeline.py                           1           0  0.12s           2025-11-14T18:48:53
================================================================================
[2025-11-14T18:49:32.919+0000] {manager.py:878} INFO - 
================================================================================
DAG File Processing Stats

File Path                            PID    Runtime      # DAGs    # Errors  Last Runtime    Last Run
-----------------------------------  -----  ---------  --------  ----------  --------------  -------------------
/opt/airflow/dags/sodai_pipeline.py                           1           0  0.07s           2025-11-14T18:49:23
================================================================================
[2025-11-14T18:50:03.243+0000] {manager.py:878} INFO - 
================================================================================
DAG File Processing Stats

File Path                            PID    Runtime      # DAGs    # Errors  Last Runtime    Last Run
-----------------------------------  -----  ---------  --------  ----------  --------------  -------------------
/opt/airflow/dags/sodai_pipeline.py                           1           0  0.07s           2025-11-14T18:49:54
================================================================================
[2025-11-14T18:50:33.574+0000] {manager.py:878} INFO - 
================================================================================
DAG File Processing Stats

File Path                            PID    Runtime      # DAGs    # Errors  Last Runtime    Last Run
-----------------------------------  -----  ---------  --------  ----------  --------------  -------------------
/opt/airflow/dags/sodai_pipeline.py                           1           0  0.10s           2025-11-14T18:50:24
================================================================================
[2025-11-14T18:51:03.924+0000] {manager.py:878} INFO - 
================================================================================
DAG File Processing Stats

File Path                            PID    Runtime      # DAGs    # Errors  Last Runtime    Last Run
-----------------------------------  -----  ---------  --------  ----------  --------------  -------------------
/opt/airflow/dags/sodai_pipeline.py                           1           0  0.08s           2025-11-14T18:50:54
================================================================================
[2025-11-14T18:51:34.266+0000] {manager.py:878} INFO - 
================================================================================
DAG File Processing Stats

File Path                            PID    Runtime      # DAGs    # Errors  Last Runtime    Last Run
-----------------------------------  -----  ---------  --------  ----------  --------------  -------------------
/opt/airflow/dags/sodai_pipeline.py                           1           0  0.07s           2025-11-14T18:51:25
================================================================================
[2025-11-14T18:52:04.636+0000] {manager.py:878} INFO - 
================================================================================
DAG File Processing Stats

File Path                            PID    Runtime      # DAGs    # Errors  Last Runtime    Last Run
-----------------------------------  -----  ---------  --------  ----------  --------------  -------------------
/opt/airflow/dags/sodai_pipeline.py                           1           0  0.13s           2025-11-14T18:51:55
================================================================================
[2025-11-14T18:52:35.004+0000] {manager.py:878} INFO - 
================================================================================
DAG File Processing Stats

File Path                            PID    Runtime      # DAGs    # Errors  Last Runtime    Last Run
-----------------------------------  -----  ---------  --------  ----------  --------------  -------------------
/opt/airflow/dags/sodai_pipeline.py                           1           0  0.07s           2025-11-14T18:52:25
================================================================================
[2025-11-14T18:53:05.369+0000] {manager.py:878} INFO - 
================================================================================
DAG File Processing Stats

File Path                            PID    Runtime      # DAGs    # Errors  Last Runtime    Last Run
-----------------------------------  -----  ---------  --------  ----------  --------------  -------------------
/opt/airflow/dags/sodai_pipeline.py                           1           0  0.10s           2025-11-14T18:52:56
================================================================================
[2025-11-14T18:53:17.499+0000] {manager.py:737} INFO - Searching for files in /opt/airflow/dags
[2025-11-14T18:53:17.517+0000] {manager.py:740} INFO - There are 1 files in /opt/airflow/dags
[2025-11-17T01:43:41.628+0000] {manager.py:470} INFO - Processing files using up to 2 processes at a time 
[2025-11-17T01:43:41.675+0000] {manager.py:471} INFO - Process each file at most once every 30 seconds
[2025-11-17T01:43:41.685+0000] {manager.py:472} INFO - Checking for new files in /opt/airflow/dags every 300 seconds
[2025-11-17T01:43:41.687+0000] {manager.py:737} INFO - Searching for files in /opt/airflow/dags
[2025-11-17T01:43:41.701+0000] {manager.py:740} INFO - There are 1 files in /opt/airflow/dags
[2025-11-17T01:43:41.784+0000] {manager.py:878} INFO - 
================================================================================
DAG File Processing Stats

File Path                              PID  Runtime      # DAGs    # Errors  Last Runtime    Last Run
-----------------------------------  -----  ---------  --------  ----------  --------------  ----------
/opt/airflow/dags/sodai_pipeline.py    164  0.04s             0           0
================================================================================
[2025-11-17T01:44:12.435+0000] {manager.py:878} INFO - 
================================================================================
DAG File Processing Stats

File Path                              PID  Runtime      # DAGs    # Errors  Last Runtime    Last Run
-----------------------------------  -----  ---------  --------  ----------  --------------  -------------------
/opt/airflow/dags/sodai_pipeline.py    172  0.04s             1           0  0.14s           2025-11-17T01:43:41
================================================================================
[2025-11-17T01:44:42.721+0000] {manager.py:878} INFO - 
================================================================================
DAG File Processing Stats

File Path                            PID    Runtime      # DAGs    # Errors  Last Runtime    Last Run
-----------------------------------  -----  ---------  --------  ----------  --------------  -------------------
/opt/airflow/dags/sodai_pipeline.py                           1           0  0.37s           2025-11-17T01:44:12
================================================================================
[2025-11-17T01:45:13.337+0000] {manager.py:878} INFO - 
================================================================================
DAG File Processing Stats

File Path                              PID  Runtime      # DAGs    # Errors  Last Runtime    Last Run
-----------------------------------  -----  ---------  --------  ----------  --------------  -------------------
/opt/airflow/dags/sodai_pipeline.py    182  0.01s             1           0  0.12s           2025-11-17T01:44:43
================================================================================
[2025-11-17T01:45:43.700+0000] {manager.py:878} INFO - 
================================================================================
DAG File Processing Stats

File Path                              PID  Runtime      # DAGs    # Errors  Last Runtime    Last Run
-----------------------------------  -----  ---------  --------  ----------  --------------  -------------------
/opt/airflow/dags/sodai_pipeline.py    187  0.02s             1           0  0.10s           2025-11-17T01:45:13
================================================================================
[2025-11-17T01:46:14.048+0000] {manager.py:878} INFO - 
================================================================================
DAG File Processing Stats

File Path                              PID  Runtime      # DAGs    # Errors  Last Runtime    Last Run
-----------------------------------  -----  ---------  --------  ----------  --------------  -------------------
/opt/airflow/dags/sodai_pipeline.py    192  0.02s             1           0  0.12s           2025-11-17T01:45:43
================================================================================
[2025-11-17T01:46:44.404+0000] {manager.py:878} INFO - 
================================================================================
DAG File Processing Stats

File Path                              PID  Runtime      # DAGs    # Errors  Last Runtime    Last Run
-----------------------------------  -----  ---------  --------  ----------  --------------  -------------------
/opt/airflow/dags/sodai_pipeline.py    197  0.02s             1           0  0.13s           2025-11-17T01:46:14
================================================================================
[2025-11-17T01:47:14.744+0000] {manager.py:878} INFO - 
================================================================================
DAG File Processing Stats

File Path                              PID  Runtime      # DAGs    # Errors  Last Runtime    Last Run
-----------------------------------  -----  ---------  --------  ----------  --------------  -------------------
/opt/airflow/dags/sodai_pipeline.py    202  0.02s             1           0  0.12s           2025-11-17T01:46:44
================================================================================
[2025-11-17T01:47:45.088+0000] {manager.py:878} INFO - 
================================================================================
DAG File Processing Stats

File Path                              PID  Runtime      # DAGs    # Errors  Last Runtime    Last Run
-----------------------------------  -----  ---------  --------  ----------  --------------  -------------------
/opt/airflow/dags/sodai_pipeline.py    207  0.01s             1           0  0.12s           2025-11-17T01:47:14
================================================================================
[2025-11-17T01:48:15.453+0000] {manager.py:878} INFO - 
================================================================================
DAG File Processing Stats

File Path                              PID  Runtime      # DAGs    # Errors  Last Runtime    Last Run
-----------------------------------  -----  ---------  --------  ----------  --------------  -------------------
/opt/airflow/dags/sodai_pipeline.py    212  0.01s             1           0  0.11s           2025-11-17T01:47:45
================================================================================
[2025-11-17T01:48:41.721+0000] {manager.py:737} INFO - Searching for files in /opt/airflow/dags
[2025-11-17T01:48:41.731+0000] {manager.py:740} INFO - There are 1 files in /opt/airflow/dags
[2025-11-17T01:48:45.790+0000] {manager.py:878} INFO - 
================================================================================
DAG File Processing Stats

File Path                              PID  Runtime      # DAGs    # Errors  Last Runtime    Last Run
-----------------------------------  -----  ---------  --------  ----------  --------------  -------------------
/opt/airflow/dags/sodai_pipeline.py    219  0.00s             1           0  0.11s           2025-11-17T01:48:15
================================================================================
[2025-11-17T01:49:16.123+0000] {manager.py:878} INFO - 
================================================================================
DAG File Processing Stats

File Path                              PID  Runtime      # DAGs    # Errors  Last Runtime    Last Run
-----------------------------------  -----  ---------  --------  ----------  --------------  -------------------
/opt/airflow/dags/sodai_pipeline.py    224  0.01s             1           0  0.07s           2025-11-17T01:48:45
================================================================================
[2025-11-17T01:49:46.437+0000] {manager.py:878} INFO - 
================================================================================
DAG File Processing Stats

File Path                              PID  Runtime      # DAGs    # Errors  Last Runtime    Last Run
-----------------------------------  -----  ---------  --------  ----------  --------------  -------------------
/opt/airflow/dags/sodai_pipeline.py    229  0.01s             1           0  0.12s           2025-11-17T01:49:16
================================================================================
[2025-11-17T01:50:16.702+0000] {manager.py:878} INFO - 
================================================================================
DAG File Processing Stats

File Path                              PID  Runtime      # DAGs    # Errors  Last Runtime    Last Run
-----------------------------------  -----  ---------  --------  ----------  --------------  -------------------
/opt/airflow/dags/sodai_pipeline.py    234  0.02s             1           0  0.10s           2025-11-17T01:49:46
================================================================================
[2025-11-17T01:50:47.114+0000] {manager.py:878} INFO - 
================================================================================
DAG File Processing Stats

File Path                              PID  Runtime      # DAGs    # Errors  Last Runtime    Last Run
-----------------------------------  -----  ---------  --------  ----------  --------------  -------------------
/opt/airflow/dags/sodai_pipeline.py    239  0.02s             1           0  0.12s           2025-11-17T01:50:16
================================================================================
[2025-11-17T01:51:17.457+0000] {manager.py:878} INFO - 
================================================================================
DAG File Processing Stats

File Path                              PID  Runtime      # DAGs    # Errors  Last Runtime    Last Run
-----------------------------------  -----  ---------  --------  ----------  --------------  -------------------
/opt/airflow/dags/sodai_pipeline.py    244  0.01s             1           0  0.15s           2025-11-17T01:50:47
================================================================================
[2025-11-17T01:51:47.852+0000] {manager.py:878} INFO - 
================================================================================
DAG File Processing Stats

File Path                            PID    Runtime      # DAGs    # Errors  Last Runtime    Last Run
-----------------------------------  -----  ---------  --------  ----------  --------------  -------------------
/opt/airflow/dags/sodai_pipeline.py                           1           0  0.19s           2025-11-17T01:51:40
================================================================================
[2025-11-17T01:52:18.294+0000] {manager.py:878} INFO - 
================================================================================
DAG File Processing Stats

File Path                            PID    Runtime      # DAGs    # Errors  Last Runtime    Last Run
-----------------------------------  -----  ---------  --------  ----------  --------------  -------------------
/opt/airflow/dags/sodai_pipeline.py                           1           0  0.08s           2025-11-17T01:52:05
================================================================================
[2025-11-17T01:52:48.411+0000] {manager.py:878} INFO - 
================================================================================
DAG File Processing Stats

File Path                            PID    Runtime      # DAGs    # Errors  Last Runtime    Last Run
-----------------------------------  -----  ---------  --------  ----------  --------------  -------------------
/opt/airflow/dags/sodai_pipeline.py                           1           0  0.13s           2025-11-17T01:52:44
================================================================================
[2025-11-17T01:53:18.547+0000] {manager.py:878} INFO - 
================================================================================
DAG File Processing Stats

File Path                            PID    Runtime      # DAGs    # Errors  Last Runtime    Last Run
-----------------------------------  -----  ---------  --------  ----------  --------------  -------------------
/opt/airflow/dags/sodai_pipeline.py                           1           0  0.10s           2025-11-17T01:53:14
================================================================================
[2025-11-17T01:53:41.745+0000] {manager.py:737} INFO - Searching for files in /opt/airflow/dags
[2025-11-17T01:53:41.756+0000] {manager.py:740} INFO - There are 1 files in /opt/airflow/dags
[2025-11-17T01:53:48.865+0000] {manager.py:878} INFO - 
================================================================================
DAG File Processing Stats

File Path                            PID    Runtime      # DAGs    # Errors  Last Runtime    Last Run
-----------------------------------  -----  ---------  --------  ----------  --------------  -------------------
/opt/airflow/dags/sodai_pipeline.py                           1           0  0.09s           2025-11-17T01:53:44
================================================================================
[2025-11-17T01:54:19.198+0000] {manager.py:878} INFO - 
================================================================================
DAG File Processing Stats

File Path                            PID    Runtime      # DAGs    # Errors  Last Runtime    Last Run
-----------------------------------  -----  ---------  --------  ----------  --------------  -------------------
/opt/airflow/dags/sodai_pipeline.py                           1           0  0.12s           2025-11-17T01:54:15
================================================================================
[2025-11-17T01:54:49.546+0000] {manager.py:878} INFO - 
================================================================================
DAG File Processing Stats

File Path                            PID    Runtime      # DAGs    # Errors  Last Runtime    Last Run
-----------------------------------  -----  ---------  --------  ----------  --------------  -------------------
/opt/airflow/dags/sodai_pipeline.py                           1           0  0.10s           2025-11-17T01:54:45
================================================================================
[2025-11-17T01:55:19.886+0000] {manager.py:878} INFO - 
================================================================================
DAG File Processing Stats

File Path                            PID    Runtime      # DAGs    # Errors  Last Runtime    Last Run
-----------------------------------  -----  ---------  --------  ----------  --------------  -------------------
/opt/airflow/dags/sodai_pipeline.py                           1           0  0.09s           2025-11-17T01:55:15
================================================================================
[2025-11-17T01:55:50.206+0000] {manager.py:878} INFO - 
================================================================================
DAG File Processing Stats

File Path                            PID    Runtime      # DAGs    # Errors  Last Runtime    Last Run
-----------------------------------  -----  ---------  --------  ----------  --------------  -------------------
/opt/airflow/dags/sodai_pipeline.py                           1           0  0.09s           2025-11-17T01:55:46
================================================================================
[2025-11-17T01:56:20.597+0000] {manager.py:878} INFO - 
================================================================================
DAG File Processing Stats

File Path                            PID    Runtime      # DAGs    # Errors  Last Runtime    Last Run
-----------------------------------  -----  ---------  --------  ----------  --------------  -------------------
/opt/airflow/dags/sodai_pipeline.py                           1           0  0.13s           2025-11-17T01:56:16
================================================================================
[2025-11-17T01:56:50.989+0000] {manager.py:878} INFO - 
================================================================================
DAG File Processing Stats

File Path                            PID    Runtime      # DAGs    # Errors  Last Runtime    Last Run
-----------------------------------  -----  ---------  --------  ----------  --------------  -------------------
/opt/airflow/dags/sodai_pipeline.py                           1           0  0.11s           2025-11-17T01:56:47
================================================================================
[2025-11-17T01:57:21.354+0000] {manager.py:878} INFO - 
================================================================================
DAG File Processing Stats

File Path                            PID    Runtime      # DAGs    # Errors  Last Runtime    Last Run
-----------------------------------  -----  ---------  --------  ----------  --------------  -------------------
/opt/airflow/dags/sodai_pipeline.py                           1           0  0.10s           2025-11-17T01:57:17
================================================================================
[2025-11-17T01:57:51.831+0000] {manager.py:878} INFO - 
================================================================================
DAG File Processing Stats

File Path                            PID    Runtime      # DAGs    # Errors  Last Runtime    Last Run
-----------------------------------  -----  ---------  --------  ----------  --------------  -------------------
/opt/airflow/dags/sodai_pipeline.py                           1           0  0.25s           2025-11-17T01:57:47
================================================================================
[2025-11-17T01:58:21.969+0000] {manager.py:878} INFO - 
================================================================================
DAG File Processing Stats

File Path                            PID    Runtime      # DAGs    # Errors  Last Runtime    Last Run
-----------------------------------  -----  ---------  --------  ----------  --------------  -------------------
/opt/airflow/dags/sodai_pipeline.py                           1           0  0.19s           2025-11-17T01:57:55
================================================================================
[2025-11-17T01:58:42.321+0000] {manager.py:737} INFO - Searching for files in /opt/airflow/dags
[2025-11-17T01:58:42.330+0000] {manager.py:740} INFO - There are 1 files in /opt/airflow/dags
[2025-11-17T01:58:52.443+0000] {manager.py:878} INFO - 
================================================================================
DAG File Processing Stats

File Path                            PID    Runtime      # DAGs    # Errors  Last Runtime    Last Run
-----------------------------------  -----  ---------  --------  ----------  --------------  -------------------
/opt/airflow/dags/sodai_pipeline.py                           1           0  0.15s           2025-11-17T01:58:26
================================================================================
[2025-11-17T01:59:22.820+0000] {manager.py:878} INFO - 
================================================================================
DAG File Processing Stats

File Path                            PID    Runtime      # DAGs    # Errors  Last Runtime    Last Run
-----------------------------------  -----  ---------  --------  ----------  --------------  -------------------
/opt/airflow/dags/sodai_pipeline.py                           1           0  0.13s           2025-11-17T01:58:56
================================================================================
[2025-11-17T01:59:53.240+0000] {manager.py:878} INFO - 
================================================================================
DAG File Processing Stats

File Path                            PID    Runtime      # DAGs    # Errors  Last Runtime    Last Run
-----------------------------------  -----  ---------  --------  ----------  --------------  -------------------
/opt/airflow/dags/sodai_pipeline.py                           1           0  0.12s           2025-11-17T01:59:27
================================================================================
[2025-11-17T02:00:23.596+0000] {manager.py:878} INFO - 
================================================================================
DAG File Processing Stats

File Path                            PID    Runtime      # DAGs    # Errors  Last Runtime    Last Run
-----------------------------------  -----  ---------  --------  ----------  --------------  -------------------
/opt/airflow/dags/sodai_pipeline.py                           1           0  0.14s           2025-11-17T01:59:57
================================================================================
[2025-11-17T02:00:53.941+0000] {manager.py:878} INFO - 
================================================================================
DAG File Processing Stats

File Path                            PID    Runtime      # DAGs    # Errors  Last Runtime    Last Run
-----------------------------------  -----  ---------  --------  ----------  --------------  -------------------
/opt/airflow/dags/sodai_pipeline.py                           1           0  0.17s           2025-11-17T02:00:27
================================================================================
[2025-11-17T02:01:24.329+0000] {manager.py:878} INFO - 
================================================================================
DAG File Processing Stats

File Path                            PID    Runtime      # DAGs    # Errors  Last Runtime    Last Run
-----------------------------------  -----  ---------  --------  ----------  --------------  -------------------
/opt/airflow/dags/sodai_pipeline.py                           1           0  0.14s           2025-11-17T02:00:58
================================================================================
[2025-11-17T02:01:54.687+0000] {manager.py:878} INFO - 
================================================================================
DAG File Processing Stats

File Path                            PID    Runtime      # DAGs    # Errors  Last Runtime    Last Run
-----------------------------------  -----  ---------  --------  ----------  --------------  -------------------
/opt/airflow/dags/sodai_pipeline.py                           1           0  0.13s           2025-11-17T02:01:28
================================================================================
[2025-11-17T02:02:25.025+0000] {manager.py:878} INFO - 
================================================================================
DAG File Processing Stats

File Path                            PID    Runtime      # DAGs    # Errors  Last Runtime    Last Run
-----------------------------------  -----  ---------  --------  ----------  --------------  -------------------
/opt/airflow/dags/sodai_pipeline.py                           1           0  0.14s           2025-11-17T02:01:58
================================================================================
[2025-11-17T02:02:55.444+0000] {manager.py:878} INFO - 
================================================================================
DAG File Processing Stats

File Path                            PID    Runtime      # DAGs    # Errors  Last Runtime    Last Run
-----------------------------------  -----  ---------  --------  ----------  --------------  -------------------
/opt/airflow/dags/sodai_pipeline.py                           1           0  0.14s           2025-11-17T02:02:29
================================================================================
[2025-11-17T02:03:25.840+0000] {manager.py:878} INFO - 
================================================================================
DAG File Processing Stats

File Path                            PID    Runtime      # DAGs    # Errors  Last Runtime    Last Run
-----------------------------------  -----  ---------  --------  ----------  --------------  -------------------
/opt/airflow/dags/sodai_pipeline.py                           1           0  0.11s           2025-11-17T02:02:59
================================================================================
[2025-11-17T02:03:43.068+0000] {manager.py:737} INFO - Searching for files in /opt/airflow/dags
[2025-11-17T02:03:43.079+0000] {manager.py:740} INFO - There are 1 files in /opt/airflow/dags
[2025-11-17T02:03:56.228+0000] {manager.py:878} INFO - 
================================================================================
DAG File Processing Stats

File Path                            PID    Runtime      # DAGs    # Errors  Last Runtime    Last Run
-----------------------------------  -----  ---------  --------  ----------  --------------  -------------------
/opt/airflow/dags/sodai_pipeline.py                           1           0  0.24s           2025-11-17T02:03:30
================================================================================
[2025-11-17T02:04:26.642+0000] {manager.py:878} INFO - 
================================================================================
DAG File Processing Stats

File Path                            PID    Runtime      # DAGs    # Errors  Last Runtime    Last Run
-----------------------------------  -----  ---------  --------  ----------  --------------  -------------------
/opt/airflow/dags/sodai_pipeline.py                           1           0  0.14s           2025-11-17T02:04:00
================================================================================
[2025-11-17T02:04:57.080+0000] {manager.py:878} INFO - 
================================================================================
DAG File Processing Stats

File Path                            PID    Runtime      # DAGs    # Errors  Last Runtime    Last Run
-----------------------------------  -----  ---------  --------  ----------  --------------  -------------------
/opt/airflow/dags/sodai_pipeline.py                           1           0  0.15s           2025-11-17T02:04:30
================================================================================
[2025-11-17T02:05:27.473+0000] {manager.py:878} INFO - 
================================================================================
DAG File Processing Stats

File Path                            PID    Runtime      # DAGs    # Errors  Last Runtime    Last Run
-----------------------------------  -----  ---------  --------  ----------  --------------  -------------------
/opt/airflow/dags/sodai_pipeline.py                           1           0  0.14s           2025-11-17T02:05:01
================================================================================
[2025-11-17T02:05:57.849+0000] {manager.py:878} INFO - 
================================================================================
DAG File Processing Stats

File Path                            PID    Runtime      # DAGs    # Errors  Last Runtime    Last Run
-----------------------------------  -----  ---------  --------  ----------  --------------  -------------------
/opt/airflow/dags/sodai_pipeline.py                           1           0  0.12s           2025-11-17T02:05:31
================================================================================
[2025-11-17T02:06:28.238+0000] {manager.py:878} INFO - 
================================================================================
DAG File Processing Stats

File Path                            PID    Runtime      # DAGs    # Errors  Last Runtime    Last Run
-----------------------------------  -----  ---------  --------  ----------  --------------  -------------------
/opt/airflow/dags/sodai_pipeline.py                           1           0  0.14s           2025-11-17T02:06:02
================================================================================
[2025-11-17T02:06:58.673+0000] {manager.py:878} INFO - 
================================================================================
DAG File Processing Stats

File Path                            PID    Runtime      # DAGs    # Errors  Last Runtime    Last Run
-----------------------------------  -----  ---------  --------  ----------  --------------  -------------------
/opt/airflow/dags/sodai_pipeline.py                           1           0  0.16s           2025-11-17T02:06:32
================================================================================
[2025-11-17T02:07:29.051+0000] {manager.py:878} INFO - 
================================================================================
DAG File Processing Stats

File Path                            PID    Runtime      # DAGs    # Errors  Last Runtime    Last Run
-----------------------------------  -----  ---------  --------  ----------  --------------  -------------------
/opt/airflow/dags/sodai_pipeline.py                           1           0  0.14s           2025-11-17T02:07:02
================================================================================
[2025-11-17T02:07:59.354+0000] {manager.py:878} INFO - 
================================================================================
DAG File Processing Stats

File Path                            PID    Runtime      # DAGs    # Errors  Last Runtime    Last Run
-----------------------------------  -----  ---------  --------  ----------  --------------  -------------------
/opt/airflow/dags/sodai_pipeline.py                           1           0  0.13s           2025-11-17T02:07:33
================================================================================
[2025-11-17T02:08:29.760+0000] {manager.py:878} INFO - 
================================================================================
DAG File Processing Stats

File Path                            PID    Runtime      # DAGs    # Errors  Last Runtime    Last Run
-----------------------------------  -----  ---------  --------  ----------  --------------  -------------------
/opt/airflow/dags/sodai_pipeline.py                           1           0  0.15s           2025-11-17T02:08:03
================================================================================
[2025-11-17T02:08:43.937+0000] {manager.py:737} INFO - Searching for files in /opt/airflow/dags
[2025-11-17T02:08:43.947+0000] {manager.py:740} INFO - There are 1 files in /opt/airflow/dags
[2025-11-17T02:09:00.126+0000] {manager.py:878} INFO - 
================================================================================
DAG File Processing Stats

File Path                            PID    Runtime      # DAGs    # Errors  Last Runtime    Last Run
-----------------------------------  -----  ---------  --------  ----------  --------------  -------------------
/opt/airflow/dags/sodai_pipeline.py                           1           0  0.12s           2025-11-17T02:08:33
================================================================================
[2025-11-17T02:09:30.473+0000] {manager.py:878} INFO - 
================================================================================
DAG File Processing Stats

File Path                            PID    Runtime      # DAGs    # Errors  Last Runtime    Last Run
-----------------------------------  -----  ---------  --------  ----------  --------------  -------------------
/opt/airflow/dags/sodai_pipeline.py                           1           0  0.13s           2025-11-17T02:09:04
================================================================================
[2025-11-17T02:10:00.850+0000] {manager.py:878} INFO - 
================================================================================
DAG File Processing Stats

File Path                            PID    Runtime      # DAGs    # Errors  Last Runtime    Last Run
-----------------------------------  -----  ---------  --------  ----------  --------------  -------------------
/opt/airflow/dags/sodai_pipeline.py                           1           0  0.13s           2025-11-17T02:09:34
================================================================================
[2025-11-17T02:10:31.304+0000] {manager.py:878} INFO - 
================================================================================
DAG File Processing Stats

File Path                            PID    Runtime      # DAGs    # Errors  Last Runtime    Last Run
-----------------------------------  -----  ---------  --------  ----------  --------------  -------------------
/opt/airflow/dags/sodai_pipeline.py                           1           0  0.16s           2025-11-17T02:10:05
================================================================================
[2025-11-17T02:11:01.763+0000] {manager.py:878} INFO - 
================================================================================
DAG File Processing Stats

File Path                            PID    Runtime      # DAGs    # Errors  Last Runtime    Last Run
-----------------------------------  -----  ---------  --------  ----------  --------------  -------------------
/opt/airflow/dags/sodai_pipeline.py                           1           0  0.21s           2025-11-17T02:10:35
================================================================================
[2025-11-17T02:11:32.209+0000] {manager.py:878} INFO - 
================================================================================
DAG File Processing Stats

File Path                            PID    Runtime      # DAGs    # Errors  Last Runtime    Last Run
-----------------------------------  -----  ---------  --------  ----------  --------------  -------------------
/opt/airflow/dags/sodai_pipeline.py                           1           0  0.18s           2025-11-17T02:11:06
================================================================================
[2025-11-17T02:12:02.629+0000] {manager.py:878} INFO - 
================================================================================
DAG File Processing Stats

File Path                            PID    Runtime      # DAGs    # Errors  Last Runtime    Last Run
-----------------------------------  -----  ---------  --------  ----------  --------------  -------------------
/opt/airflow/dags/sodai_pipeline.py                           1           0  0.14s           2025-11-17T02:11:36
================================================================================
[2025-11-17T02:12:33.046+0000] {manager.py:878} INFO - 
================================================================================
DAG File Processing Stats

File Path                            PID    Runtime      # DAGs    # Errors  Last Runtime    Last Run
-----------------------------------  -----  ---------  --------  ----------  --------------  -------------------
/opt/airflow/dags/sodai_pipeline.py                           1           0  0.14s           2025-11-17T02:12:06
================================================================================
[2025-11-17T02:13:03.419+0000] {manager.py:878} INFO - 
================================================================================
DAG File Processing Stats

File Path                            PID    Runtime      # DAGs    # Errors  Last Runtime    Last Run
-----------------------------------  -----  ---------  --------  ----------  --------------  -------------------
/opt/airflow/dags/sodai_pipeline.py                           1           0  0.12s           2025-11-17T02:12:37
================================================================================
[2025-11-17T02:13:33.963+0000] {manager.py:878} INFO - 
================================================================================
DAG File Processing Stats

File Path                            PID    Runtime      # DAGs    # Errors  Last Runtime    Last Run
-----------------------------------  -----  ---------  --------  ----------  --------------  -------------------
/opt/airflow/dags/sodai_pipeline.py                           1           0  0.14s           2025-11-17T02:13:07
================================================================================
[2025-11-17T02:13:44.108+0000] {manager.py:737} INFO - Searching for files in /opt/airflow/dags
[2025-11-17T02:13:44.114+0000] {manager.py:740} INFO - There are 1 files in /opt/airflow/dags
[2025-11-17T02:14:04.387+0000] {manager.py:878} INFO - 
================================================================================
DAG File Processing Stats

File Path                            PID    Runtime      # DAGs    # Errors  Last Runtime    Last Run
-----------------------------------  -----  ---------  --------  ----------  --------------  -------------------
/opt/airflow/dags/sodai_pipeline.py                           1           0  0.18s           2025-11-17T02:13:38
================================================================================
[2025-11-17T02:14:34.757+0000] {manager.py:878} INFO - 
================================================================================
DAG File Processing Stats

File Path                            PID    Runtime      # DAGs    # Errors  Last Runtime    Last Run
-----------------------------------  -----  ---------  --------  ----------  --------------  -------------------
/opt/airflow/dags/sodai_pipeline.py                           1           0  0.13s           2025-11-17T02:14:08
================================================================================
[2025-11-17T02:15:05.142+0000] {manager.py:878} INFO - 
================================================================================
DAG File Processing Stats

File Path                            PID    Runtime      # DAGs    # Errors  Last Runtime    Last Run
-----------------------------------  -----  ---------  --------  ----------  --------------  -------------------
/opt/airflow/dags/sodai_pipeline.py                           1           0  0.15s           2025-11-17T02:14:38
================================================================================
[2025-11-17T02:15:35.568+0000] {manager.py:878} INFO - 
================================================================================
DAG File Processing Stats

File Path                            PID    Runtime      # DAGs    # Errors  Last Runtime    Last Run
-----------------------------------  -----  ---------  --------  ----------  --------------  -------------------
/opt/airflow/dags/sodai_pipeline.py                           1           0  0.14s           2025-11-17T02:15:09
================================================================================
[2025-11-17T02:16:06.102+0000] {manager.py:878} INFO - 
================================================================================
DAG File Processing Stats

File Path                            PID    Runtime      # DAGs    # Errors  Last Runtime    Last Run
-----------------------------------  -----  ---------  --------  ----------  --------------  -------------------
/opt/airflow/dags/sodai_pipeline.py                           1           0  0.14s           2025-11-17T02:15:39
================================================================================
[2025-11-17T02:16:36.493+0000] {manager.py:878} INFO - 
================================================================================
DAG File Processing Stats

File Path                            PID    Runtime      # DAGs    # Errors  Last Runtime    Last Run
-----------------------------------  -----  ---------  --------  ----------  --------------  -------------------
/opt/airflow/dags/sodai_pipeline.py                           1           0  0.16s           2025-11-17T02:16:10
================================================================================
[2025-11-17T02:17:06.882+0000] {manager.py:878} INFO - 
================================================================================
DAG File Processing Stats

File Path                            PID    Runtime      # DAGs    # Errors  Last Runtime    Last Run
-----------------------------------  -----  ---------  --------  ----------  --------------  -------------------
/opt/airflow/dags/sodai_pipeline.py                           1           0  0.12s           2025-11-17T02:16:40
================================================================================
[2025-11-17T02:17:37.215+0000] {manager.py:878} INFO - 
================================================================================
DAG File Processing Stats

File Path                            PID    Runtime      # DAGs    # Errors  Last Runtime    Last Run
-----------------------------------  -----  ---------  --------  ----------  --------------  -------------------
/opt/airflow/dags/sodai_pipeline.py                           1           0  0.12s           2025-11-17T02:17:11
================================================================================
[2025-11-17T02:18:07.515+0000] {manager.py:878} INFO - 
================================================================================
DAG File Processing Stats

File Path                            PID    Runtime      # DAGs    # Errors  Last Runtime    Last Run
-----------------------------------  -----  ---------  --------  ----------  --------------  -------------------
/opt/airflow/dags/sodai_pipeline.py                           1           0  0.11s           2025-11-17T02:17:41
================================================================================
[2025-11-17T02:18:37.900+0000] {manager.py:878} INFO - 
================================================================================
DAG File Processing Stats

File Path                            PID    Runtime      # DAGs    # Errors  Last Runtime    Last Run
-----------------------------------  -----  ---------  --------  ----------  --------------  -------------------
/opt/airflow/dags/sodai_pipeline.py                           1           0  0.13s           2025-11-17T02:18:11
================================================================================
[2025-11-17T02:18:44.110+0000] {manager.py:737} INFO - Searching for files in /opt/airflow/dags
[2025-11-17T02:18:44.115+0000] {manager.py:740} INFO - There are 1 files in /opt/airflow/dags
[2025-11-17T02:19:08.302+0000] {manager.py:878} INFO - 
================================================================================
DAG File Processing Stats

File Path                            PID    Runtime      # DAGs    # Errors  Last Runtime    Last Run
-----------------------------------  -----  ---------  --------  ----------  --------------  -------------------
/opt/airflow/dags/sodai_pipeline.py                           1           0  0.14s           2025-11-17T02:18:42
================================================================================
[2025-11-17T02:19:38.638+0000] {manager.py:878} INFO - 
================================================================================
DAG File Processing Stats

File Path                            PID    Runtime      # DAGs    # Errors  Last Runtime    Last Run
-----------------------------------  -----  ---------  --------  ----------  --------------  -------------------
/opt/airflow/dags/sodai_pipeline.py                           1           0  0.13s           2025-11-17T02:19:12
================================================================================
[2025-11-17T02:20:08.913+0000] {manager.py:878} INFO - 
================================================================================
DAG File Processing Stats

File Path                            PID    Runtime      # DAGs    # Errors  Last Runtime    Last Run
-----------------------------------  -----  ---------  --------  ----------  --------------  -------------------
/opt/airflow/dags/sodai_pipeline.py                           1           0  0.12s           2025-11-17T02:19:42
================================================================================
[2025-11-17T02:20:39.202+0000] {manager.py:878} INFO - 
================================================================================
DAG File Processing Stats

File Path                            PID    Runtime      # DAGs    # Errors  Last Runtime    Last Run
-----------------------------------  -----  ---------  --------  ----------  --------------  -------------------
/opt/airflow/dags/sodai_pipeline.py                           1           0  0.12s           2025-11-17T02:20:13
================================================================================
[2025-11-17T02:21:09.505+0000] {manager.py:878} INFO - 
================================================================================
DAG File Processing Stats

File Path                            PID    Runtime      # DAGs    # Errors  Last Runtime    Last Run
-----------------------------------  -----  ---------  --------  ----------  --------------  -------------------
/opt/airflow/dags/sodai_pipeline.py                           1           0  0.13s           2025-11-17T02:20:43
================================================================================
[2025-11-17T02:21:39.830+0000] {manager.py:878} INFO - 
================================================================================
DAG File Processing Stats

File Path                            PID    Runtime      # DAGs    # Errors  Last Runtime    Last Run
-----------------------------------  -----  ---------  --------  ----------  --------------  -------------------
/opt/airflow/dags/sodai_pipeline.py                           1           0  0.11s           2025-11-17T02:21:13
================================================================================
[2025-11-17T02:22:10.181+0000] {manager.py:878} INFO - 
================================================================================
DAG File Processing Stats

File Path                            PID    Runtime      # DAGs    # Errors  Last Runtime    Last Run
-----------------------------------  -----  ---------  --------  ----------  --------------  -------------------
/opt/airflow/dags/sodai_pipeline.py                           1           0  0.13s           2025-11-17T02:21:43
================================================================================
[2025-11-17T02:22:40.517+0000] {manager.py:878} INFO - 
================================================================================
DAG File Processing Stats

File Path                            PID    Runtime      # DAGs    # Errors  Last Runtime    Last Run
-----------------------------------  -----  ---------  --------  ----------  --------------  -------------------
/opt/airflow/dags/sodai_pipeline.py                           1           0  0.11s           2025-11-17T02:22:14
================================================================================
[2025-11-17T02:23:10.836+0000] {manager.py:878} INFO - 
================================================================================
DAG File Processing Stats

File Path                            PID    Runtime      # DAGs    # Errors  Last Runtime    Last Run
-----------------------------------  -----  ---------  --------  ----------  --------------  -------------------
/opt/airflow/dags/sodai_pipeline.py                           1           0  0.10s           2025-11-17T02:22:44
================================================================================
[2025-11-17T02:23:41.185+0000] {manager.py:878} INFO - 
================================================================================
DAG File Processing Stats

File Path                            PID    Runtime      # DAGs    # Errors  Last Runtime    Last Run
-----------------------------------  -----  ---------  --------  ----------  --------------  -------------------
/opt/airflow/dags/sodai_pipeline.py                           1           0  0.12s           2025-11-17T02:23:15
================================================================================
[2025-11-17T02:23:44.217+0000] {manager.py:737} INFO - Searching for files in /opt/airflow/dags
[2025-11-17T02:23:44.222+0000] {manager.py:740} INFO - There are 1 files in /opt/airflow/dags
[2025-11-17T02:24:11.524+0000] {manager.py:878} INFO - 
================================================================================
DAG File Processing Stats

File Path                            PID    Runtime      # DAGs    # Errors  Last Runtime    Last Run
-----------------------------------  -----  ---------  --------  ----------  --------------  -------------------
/opt/airflow/dags/sodai_pipeline.py                           1           0  0.11s           2025-11-17T02:23:45
================================================================================
[2025-11-17T02:24:41.892+0000] {manager.py:878} INFO - 
================================================================================
DAG File Processing Stats

File Path                            PID    Runtime      # DAGs    # Errors  Last Runtime    Last Run
-----------------------------------  -----  ---------  --------  ----------  --------------  -------------------
/opt/airflow/dags/sodai_pipeline.py                           1           0  0.13s           2025-11-17T02:24:15
================================================================================
[2025-11-17T02:25:12.365+0000] {manager.py:878} INFO - 
================================================================================
DAG File Processing Stats

File Path                            PID    Runtime      # DAGs    # Errors  Last Runtime    Last Run
-----------------------------------  -----  ---------  --------  ----------  --------------  -------------------
/opt/airflow/dags/sodai_pipeline.py                           1           0  0.15s           2025-11-17T02:24:46
================================================================================
[2025-11-17T02:25:42.759+0000] {manager.py:878} INFO - 
================================================================================
DAG File Processing Stats

File Path                            PID    Runtime      # DAGs    # Errors  Last Runtime    Last Run
-----------------------------------  -----  ---------  --------  ----------  --------------  -------------------
/opt/airflow/dags/sodai_pipeline.py                           1           0  0.13s           2025-11-17T02:25:16
================================================================================
[2025-11-17T02:26:13.151+0000] {manager.py:878} INFO - 
================================================================================
DAG File Processing Stats

File Path                            PID    Runtime      # DAGs    # Errors  Last Runtime    Last Run
-----------------------------------  -----  ---------  --------  ----------  --------------  -------------------
/opt/airflow/dags/sodai_pipeline.py                           1           0  0.11s           2025-11-17T02:25:46
================================================================================
[2025-11-17T02:26:43.527+0000] {manager.py:878} INFO - 
================================================================================
DAG File Processing Stats

File Path                            PID    Runtime      # DAGs    # Errors  Last Runtime    Last Run
-----------------------------------  -----  ---------  --------  ----------  --------------  -------------------
/opt/airflow/dags/sodai_pipeline.py                           1           0  0.13s           2025-11-17T02:26:17
================================================================================
[2025-11-17T02:27:13.903+0000] {manager.py:878} INFO - 
================================================================================
DAG File Processing Stats

File Path                            PID    Runtime      # DAGs    # Errors  Last Runtime    Last Run
-----------------------------------  -----  ---------  --------  ----------  --------------  -------------------
/opt/airflow/dags/sodai_pipeline.py                           1           0  0.14s           2025-11-17T02:26:47
================================================================================
[2025-11-17T02:27:44.329+0000] {manager.py:878} INFO - 
================================================================================
DAG File Processing Stats

File Path                            PID    Runtime      # DAGs    # Errors  Last Runtime    Last Run
-----------------------------------  -----  ---------  --------  ----------  --------------  -------------------
/opt/airflow/dags/sodai_pipeline.py                           1           0  0.14s           2025-11-17T02:27:18
================================================================================
[2025-11-17T02:28:14.751+0000] {manager.py:878} INFO - 
================================================================================
DAG File Processing Stats

File Path                            PID    Runtime      # DAGs    # Errors  Last Runtime    Last Run
-----------------------------------  -----  ---------  --------  ----------  --------------  -------------------
/opt/airflow/dags/sodai_pipeline.py                           1           0  0.14s           2025-11-17T02:27:48
================================================================================
[2025-11-17T02:28:44.230+0000] {manager.py:737} INFO - Searching for files in /opt/airflow/dags
[2025-11-17T02:28:44.242+0000] {manager.py:740} INFO - There are 1 files in /opt/airflow/dags
[2025-11-17T02:28:45.149+0000] {manager.py:878} INFO - 
================================================================================
DAG File Processing Stats

File Path                            PID    Runtime      # DAGs    # Errors  Last Runtime    Last Run
-----------------------------------  -----  ---------  --------  ----------  --------------  -------------------
/opt/airflow/dags/sodai_pipeline.py                           1           0  0.15s           2025-11-17T02:28:18
================================================================================
[2025-11-17T02:29:15.601+0000] {manager.py:878} INFO - 
================================================================================
DAG File Processing Stats

File Path                            PID    Runtime      # DAGs    # Errors  Last Runtime    Last Run
-----------------------------------  -----  ---------  --------  ----------  --------------  -------------------
/opt/airflow/dags/sodai_pipeline.py                           1           0  0.12s           2025-11-17T02:28:49
================================================================================
[2025-11-17T02:29:45.983+0000] {manager.py:878} INFO - 
================================================================================
DAG File Processing Stats

File Path                            PID    Runtime      # DAGs    # Errors  Last Runtime    Last Run
-----------------------------------  -----  ---------  --------  ----------  --------------  -------------------
/opt/airflow/dags/sodai_pipeline.py                           1           0  0.12s           2025-11-17T02:29:19
================================================================================
[2025-11-17T02:30:16.376+0000] {manager.py:878} INFO - 
================================================================================
DAG File Processing Stats

File Path                            PID    Runtime      # DAGs    # Errors  Last Runtime    Last Run
-----------------------------------  -----  ---------  --------  ----------  --------------  -------------------
/opt/airflow/dags/sodai_pipeline.py                           1           0  0.14s           2025-11-17T02:29:50
================================================================================
[2025-11-17T02:30:46.774+0000] {manager.py:878} INFO - 
================================================================================
DAG File Processing Stats

File Path                            PID    Runtime      # DAGs    # Errors  Last Runtime    Last Run
-----------------------------------  -----  ---------  --------  ----------  --------------  -------------------
/opt/airflow/dags/sodai_pipeline.py                           1           0  0.13s           2025-11-17T02:30:20
================================================================================
[2025-11-17T02:31:17.217+0000] {manager.py:878} INFO - 
================================================================================
DAG File Processing Stats

File Path                            PID    Runtime      # DAGs    # Errors  Last Runtime    Last Run
-----------------------------------  -----  ---------  --------  ----------  --------------  -------------------
/opt/airflow/dags/sodai_pipeline.py                           1           0  0.13s           2025-11-17T02:30:50
================================================================================
[2025-11-17T02:31:47.658+0000] {manager.py:878} INFO - 
================================================================================
DAG File Processing Stats

File Path                            PID    Runtime      # DAGs    # Errors  Last Runtime    Last Run
-----------------------------------  -----  ---------  --------  ----------  --------------  -------------------
/opt/airflow/dags/sodai_pipeline.py                           1           0  0.14s           2025-11-17T02:31:21
================================================================================
[2025-11-17T02:32:18.061+0000] {manager.py:878} INFO - 
================================================================================
DAG File Processing Stats

File Path                            PID    Runtime      # DAGs    # Errors  Last Runtime    Last Run
-----------------------------------  -----  ---------  --------  ----------  --------------  -------------------
/opt/airflow/dags/sodai_pipeline.py                           1           0  0.13s           2025-11-17T02:31:51
================================================================================
[2025-11-17T02:32:48.443+0000] {manager.py:878} INFO - 
================================================================================
DAG File Processing Stats

File Path                            PID    Runtime      # DAGs    # Errors  Last Runtime    Last Run
-----------------------------------  -----  ---------  --------  ----------  --------------  -------------------
/opt/airflow/dags/sodai_pipeline.py                           1           0  0.14s           2025-11-17T02:32:22
================================================================================
[2025-11-17T02:33:18.780+0000] {manager.py:878} INFO - 
================================================================================
DAG File Processing Stats

File Path                            PID    Runtime      # DAGs    # Errors  Last Runtime    Last Run
-----------------------------------  -----  ---------  --------  ----------  --------------  -------------------
/opt/airflow/dags/sodai_pipeline.py                           1           0  0.14s           2025-11-17T02:32:52
================================================================================
[2025-11-17T02:33:45.135+0000] {manager.py:737} INFO - Searching for files in /opt/airflow/dags
[2025-11-17T02:33:45.165+0000] {manager.py:740} INFO - There are 1 files in /opt/airflow/dags
[2025-11-17T02:33:49.224+0000] {manager.py:878} INFO - 
================================================================================
DAG File Processing Stats

File Path                            PID    Runtime      # DAGs    # Errors  Last Runtime    Last Run
-----------------------------------  -----  ---------  --------  ----------  --------------  -------------------
/opt/airflow/dags/sodai_pipeline.py                           1           0  0.13s           2025-11-17T02:33:22
================================================================================
[2025-11-17T02:34:19.645+0000] {manager.py:878} INFO - 
================================================================================
DAG File Processing Stats

File Path                            PID    Runtime      # DAGs    # Errors  Last Runtime    Last Run
-----------------------------------  -----  ---------  --------  ----------  --------------  -------------------
/opt/airflow/dags/sodai_pipeline.py                           1           0  0.16s           2025-11-17T02:33:53
================================================================================
[2025-11-17T02:34:50.037+0000] {manager.py:878} INFO - 
================================================================================
DAG File Processing Stats

File Path                            PID    Runtime      # DAGs    # Errors  Last Runtime    Last Run
-----------------------------------  -----  ---------  --------  ----------  --------------  -------------------
/opt/airflow/dags/sodai_pipeline.py                           1           0  0.13s           2025-11-17T02:34:23
================================================================================
[2025-11-17T02:35:20.386+0000] {manager.py:878} INFO - 
================================================================================
DAG File Processing Stats

File Path                            PID    Runtime      # DAGs    # Errors  Last Runtime    Last Run
-----------------------------------  -----  ---------  --------  ----------  --------------  -------------------
/opt/airflow/dags/sodai_pipeline.py                           1           0  0.13s           2025-11-17T02:34:54
================================================================================
[2025-11-17T02:35:50.722+0000] {manager.py:878} INFO - 
================================================================================
DAG File Processing Stats

File Path                            PID    Runtime      # DAGs    # Errors  Last Runtime    Last Run
-----------------------------------  -----  ---------  --------  ----------  --------------  -------------------
/opt/airflow/dags/sodai_pipeline.py                           1           0  0.16s           2025-11-17T02:35:24
================================================================================
[2025-11-17T02:36:21.142+0000] {manager.py:878} INFO - 
================================================================================
DAG File Processing Stats

File Path                            PID    Runtime      # DAGs    # Errors  Last Runtime    Last Run
-----------------------------------  -----  ---------  --------  ----------  --------------  -------------------
/opt/airflow/dags/sodai_pipeline.py                           1           0  0.11s           2025-11-17T02:35:54
================================================================================
[2025-11-17T02:36:51.579+0000] {manager.py:878} INFO - 
================================================================================
DAG File Processing Stats

File Path                            PID    Runtime      # DAGs    # Errors  Last Runtime    Last Run
-----------------------------------  -----  ---------  --------  ----------  --------------  -------------------
/opt/airflow/dags/sodai_pipeline.py                           1           0  0.15s           2025-11-17T02:36:25
================================================================================
[2025-11-17T02:37:21.961+0000] {manager.py:878} INFO - 
================================================================================
DAG File Processing Stats

File Path                            PID    Runtime      # DAGs    # Errors  Last Runtime    Last Run
-----------------------------------  -----  ---------  --------  ----------  --------------  -------------------
/opt/airflow/dags/sodai_pipeline.py                           1           0  0.16s           2025-11-17T02:36:55
================================================================================
[2025-11-17T02:37:52.244+0000] {manager.py:878} INFO - 
================================================================================
DAG File Processing Stats

File Path                            PID    Runtime      # DAGs    # Errors  Last Runtime    Last Run
-----------------------------------  -----  ---------  --------  ----------  --------------  -------------------
/opt/airflow/dags/sodai_pipeline.py                           1           0  0.12s           2025-11-17T02:37:26
================================================================================
[2025-11-17T02:38:22.550+0000] {manager.py:878} INFO - 
================================================================================
DAG File Processing Stats

File Path                            PID    Runtime      # DAGs    # Errors  Last Runtime    Last Run
-----------------------------------  -----  ---------  --------  ----------  --------------  -------------------
/opt/airflow/dags/sodai_pipeline.py                           1           0  0.13s           2025-11-17T02:37:56
================================================================================
[2025-11-17T02:38:45.786+0000] {manager.py:737} INFO - Searching for files in /opt/airflow/dags
[2025-11-17T02:38:45.797+0000] {manager.py:740} INFO - There are 1 files in /opt/airflow/dags
[2025-11-17T02:38:52.887+0000] {manager.py:878} INFO - 
================================================================================
DAG File Processing Stats

File Path                            PID    Runtime      # DAGs    # Errors  Last Runtime    Last Run
-----------------------------------  -----  ---------  --------  ----------  --------------  -------------------
/opt/airflow/dags/sodai_pipeline.py                           1           0  0.13s           2025-11-17T02:38:26
================================================================================
[2025-11-17T02:39:23.289+0000] {manager.py:878} INFO - 
================================================================================
DAG File Processing Stats

File Path                            PID    Runtime      # DAGs    # Errors  Last Runtime    Last Run
-----------------------------------  -----  ---------  --------  ----------  --------------  -------------------
/opt/airflow/dags/sodai_pipeline.py                           1           0  0.13s           2025-11-17T02:38:57
================================================================================
[2025-11-17T02:39:53.627+0000] {manager.py:878} INFO - 
================================================================================
DAG File Processing Stats

File Path                            PID    Runtime      # DAGs    # Errors  Last Runtime    Last Run
-----------------------------------  -----  ---------  --------  ----------  --------------  -------------------
/opt/airflow/dags/sodai_pipeline.py                           1           0  0.14s           2025-11-17T02:39:27
================================================================================
[2025-11-17T02:40:23.956+0000] {manager.py:878} INFO - 
================================================================================
DAG File Processing Stats

File Path                            PID    Runtime      # DAGs    # Errors  Last Runtime    Last Run
-----------------------------------  -----  ---------  --------  ----------  --------------  -------------------
/opt/airflow/dags/sodai_pipeline.py                           1           0  0.12s           2025-11-17T02:39:57
================================================================================
[2025-11-17T02:40:54.295+0000] {manager.py:878} INFO - 
================================================================================
DAG File Processing Stats

File Path                            PID    Runtime      # DAGs    # Errors  Last Runtime    Last Run
-----------------------------------  -----  ---------  --------  ----------  --------------  -------------------
/opt/airflow/dags/sodai_pipeline.py                           1           0  0.11s           2025-11-17T02:40:28
================================================================================
[2025-11-17T02:41:24.730+0000] {manager.py:878} INFO - 
================================================================================
DAG File Processing Stats

File Path                            PID    Runtime      # DAGs    # Errors  Last Runtime    Last Run
-----------------------------------  -----  ---------  --------  ----------  --------------  -------------------
/opt/airflow/dags/sodai_pipeline.py                           1           0  0.15s           2025-11-17T02:40:58
================================================================================
[2025-11-17T02:41:55.095+0000] {manager.py:878} INFO - 
================================================================================
DAG File Processing Stats

File Path                            PID    Runtime      # DAGs    # Errors  Last Runtime    Last Run
-----------------------------------  -----  ---------  --------  ----------  --------------  -------------------
/opt/airflow/dags/sodai_pipeline.py                           1           0  0.13s           2025-11-17T02:41:28
================================================================================
[2025-11-17T02:42:25.428+0000] {manager.py:878} INFO - 
================================================================================
DAG File Processing Stats

File Path                            PID    Runtime      # DAGs    # Errors  Last Runtime    Last Run
-----------------------------------  -----  ---------  --------  ----------  --------------  -------------------
/opt/airflow/dags/sodai_pipeline.py                           1           0  0.10s           2025-11-17T02:41:59
================================================================================
[2025-11-17T02:42:55.753+0000] {manager.py:878} INFO - 
================================================================================
DAG File Processing Stats

File Path                            PID    Runtime      # DAGs    # Errors  Last Runtime    Last Run
-----------------------------------  -----  ---------  --------  ----------  --------------  -------------------
/opt/airflow/dags/sodai_pipeline.py                           1           0  0.08s           2025-11-17T02:42:29
================================================================================
[2025-11-17T02:43:26.277+0000] {manager.py:878} INFO - 
================================================================================
DAG File Processing Stats

File Path                            PID    Runtime      # DAGs    # Errors  Last Runtime    Last Run
-----------------------------------  -----  ---------  --------  ----------  --------------  -------------------
/opt/airflow/dags/sodai_pipeline.py                           1           0  0.17s           2025-11-17T02:42:59
================================================================================
[2025-11-17T02:43:46.597+0000] {manager.py:737} INFO - Searching for files in /opt/airflow/dags
[2025-11-17T02:43:46.608+0000] {manager.py:740} INFO - There are 1 files in /opt/airflow/dags
[2025-11-17T02:43:56.733+0000] {manager.py:878} INFO - 
================================================================================
DAG File Processing Stats

File Path                            PID    Runtime      # DAGs    # Errors  Last Runtime    Last Run
-----------------------------------  -----  ---------  --------  ----------  --------------  -------------------
/opt/airflow/dags/sodai_pipeline.py                           1           0  0.17s           2025-11-17T02:43:30
================================================================================
[2025-11-17T02:44:27.024+0000] {manager.py:878} INFO - 
================================================================================
DAG File Processing Stats

File Path                            PID    Runtime      # DAGs    # Errors  Last Runtime    Last Run
-----------------------------------  -----  ---------  --------  ----------  --------------  -------------------
/opt/airflow/dags/sodai_pipeline.py                           1           0  0.11s           2025-11-17T02:44:00
================================================================================
[2025-11-17T02:44:57.309+0000] {manager.py:878} INFO - 
================================================================================
DAG File Processing Stats

File Path                            PID    Runtime      # DAGs    # Errors  Last Runtime    Last Run
-----------------------------------  -----  ---------  --------  ----------  --------------  -------------------
/opt/airflow/dags/sodai_pipeline.py                           1           0  0.10s           2025-11-17T02:44:31
================================================================================
[2025-11-17T02:45:27.665+0000] {manager.py:878} INFO - 
================================================================================
DAG File Processing Stats

File Path                            PID    Runtime      # DAGs    # Errors  Last Runtime    Last Run
-----------------------------------  -----  ---------  --------  ----------  --------------  -------------------
/opt/airflow/dags/sodai_pipeline.py                           1           0  0.10s           2025-11-17T02:45:01
================================================================================
[2025-11-17T02:45:57.992+0000] {manager.py:878} INFO - 
================================================================================
DAG File Processing Stats

File Path                            PID    Runtime      # DAGs    # Errors  Last Runtime    Last Run
-----------------------------------  -----  ---------  --------  ----------  --------------  -------------------
/opt/airflow/dags/sodai_pipeline.py                           1           0  0.12s           2025-11-17T02:45:31
================================================================================
[2025-11-17T02:46:28.317+0000] {manager.py:878} INFO - 
================================================================================
DAG File Processing Stats

File Path                            PID    Runtime      # DAGs    # Errors  Last Runtime    Last Run
-----------------------------------  -----  ---------  --------  ----------  --------------  -------------------
/opt/airflow/dags/sodai_pipeline.py                           1           0  0.10s           2025-11-17T02:46:02
================================================================================
[2025-11-17T02:46:58.618+0000] {manager.py:878} INFO - 
================================================================================
DAG File Processing Stats

File Path                            PID    Runtime      # DAGs    # Errors  Last Runtime    Last Run
-----------------------------------  -----  ---------  --------  ----------  --------------  -------------------
/opt/airflow/dags/sodai_pipeline.py                           1           0  0.11s           2025-11-17T02:46:32
================================================================================
[2025-11-17T02:47:28.918+0000] {manager.py:878} INFO - 
================================================================================
DAG File Processing Stats

File Path                            PID    Runtime      # DAGs    # Errors  Last Runtime    Last Run
-----------------------------------  -----  ---------  --------  ----------  --------------  -------------------
/opt/airflow/dags/sodai_pipeline.py                           1           0  0.10s           2025-11-17T02:47:02
================================================================================
[2025-11-17T02:47:59.227+0000] {manager.py:878} INFO - 
================================================================================
DAG File Processing Stats

File Path                            PID    Runtime      # DAGs    # Errors  Last Runtime    Last Run
-----------------------------------  -----  ---------  --------  ----------  --------------  -------------------
/opt/airflow/dags/sodai_pipeline.py                           1           0  0.12s           2025-11-17T02:47:33
================================================================================
[2025-11-17T02:48:29.588+0000] {manager.py:878} INFO - 
================================================================================
DAG File Processing Stats

File Path                            PID    Runtime      # DAGs    # Errors  Last Runtime    Last Run
-----------------------------------  -----  ---------  --------  ----------  --------------  -------------------
/opt/airflow/dags/sodai_pipeline.py                           1           0  0.12s           2025-11-17T02:48:03
================================================================================
[2025-11-17T02:48:46.774+0000] {manager.py:737} INFO - Searching for files in /opt/airflow/dags
[2025-11-17T02:48:46.784+0000] {manager.py:740} INFO - There are 1 files in /opt/airflow/dags
[2025-11-17T02:48:59.928+0000] {manager.py:878} INFO - 
================================================================================
DAG File Processing Stats

File Path                            PID    Runtime      # DAGs    # Errors  Last Runtime    Last Run
-----------------------------------  -----  ---------  --------  ----------  --------------  -------------------
/opt/airflow/dags/sodai_pipeline.py                           1           0  0.11s           2025-11-17T02:48:33
================================================================================
[2025-11-17T02:49:30.261+0000] {manager.py:878} INFO - 
================================================================================
DAG File Processing Stats

File Path                            PID    Runtime      # DAGs    # Errors  Last Runtime    Last Run
-----------------------------------  -----  ---------  --------  ----------  --------------  -------------------
/opt/airflow/dags/sodai_pipeline.py                           1           0  0.16s           2025-11-17T02:49:04
================================================================================
[2025-11-17T02:50:00.651+0000] {manager.py:878} INFO - 
================================================================================
DAG File Processing Stats

File Path                            PID    Runtime      # DAGs    # Errors  Last Runtime    Last Run
-----------------------------------  -----  ---------  --------  ----------  --------------  -------------------
/opt/airflow/dags/sodai_pipeline.py                           1           0  0.14s           2025-11-17T02:49:34
================================================================================
[2025-11-17T02:50:31.010+0000] {manager.py:878} INFO - 
================================================================================
DAG File Processing Stats

File Path                            PID    Runtime      # DAGs    # Errors  Last Runtime    Last Run
-----------------------------------  -----  ---------  --------  ----------  --------------  -------------------
/opt/airflow/dags/sodai_pipeline.py                           1           0  0.13s           2025-11-17T02:50:04
================================================================================
[2025-11-17T02:51:01.364+0000] {manager.py:878} INFO - 
================================================================================
DAG File Processing Stats

File Path                            PID    Runtime      # DAGs    # Errors  Last Runtime    Last Run
-----------------------------------  -----  ---------  --------  ----------  --------------  -------------------
/opt/airflow/dags/sodai_pipeline.py                           1           0  0.11s           2025-11-17T02:50:35
================================================================================
[2025-11-17T02:51:31.748+0000] {manager.py:878} INFO - 
================================================================================
DAG File Processing Stats

File Path                            PID    Runtime      # DAGs    # Errors  Last Runtime    Last Run
-----------------------------------  -----  ---------  --------  ----------  --------------  -------------------
/opt/airflow/dags/sodai_pipeline.py                           1           0  0.13s           2025-11-17T02:51:05
================================================================================
[2025-11-17T02:52:02.174+0000] {manager.py:878} INFO - 
================================================================================
DAG File Processing Stats

File Path                            PID    Runtime      # DAGs    # Errors  Last Runtime    Last Run
-----------------------------------  -----  ---------  --------  ----------  --------------  -------------------
/opt/airflow/dags/sodai_pipeline.py                           1           0  0.12s           2025-11-17T02:51:35
================================================================================
[2025-11-17T02:52:32.531+0000] {manager.py:878} INFO - 
================================================================================
DAG File Processing Stats

File Path                            PID    Runtime      # DAGs    # Errors  Last Runtime    Last Run
-----------------------------------  -----  ---------  --------  ----------  --------------  -------------------
/opt/airflow/dags/sodai_pipeline.py                           1           0  0.13s           2025-11-17T02:52:06
================================================================================
[2025-11-17T02:53:02.858+0000] {manager.py:878} INFO - 
================================================================================
DAG File Processing Stats

File Path                            PID    Runtime      # DAGs    # Errors  Last Runtime    Last Run
-----------------------------------  -----  ---------  --------  ----------  --------------  -------------------
/opt/airflow/dags/sodai_pipeline.py                           1           0  0.11s           2025-11-17T02:52:36
================================================================================
[2025-11-17T02:53:33.173+0000] {manager.py:878} INFO - 
================================================================================
DAG File Processing Stats

File Path                            PID    Runtime      # DAGs    # Errors  Last Runtime    Last Run
-----------------------------------  -----  ---------  --------  ----------  --------------  -------------------
/opt/airflow/dags/sodai_pipeline.py                           1           0  0.14s           2025-11-17T02:53:07
================================================================================
[2025-11-17T02:53:47.306+0000] {manager.py:737} INFO - Searching for files in /opt/airflow/dags
[2025-11-17T02:53:47.314+0000] {manager.py:740} INFO - There are 1 files in /opt/airflow/dags
[2025-11-17T02:54:03.480+0000] {manager.py:878} INFO - 
================================================================================
DAG File Processing Stats

File Path                            PID    Runtime      # DAGs    # Errors  Last Runtime    Last Run
-----------------------------------  -----  ---------  --------  ----------  --------------  -------------------
/opt/airflow/dags/sodai_pipeline.py                           1           0  0.12s           2025-11-17T02:53:37
================================================================================
[2025-11-17T02:54:33.769+0000] {manager.py:878} INFO - 
================================================================================
DAG File Processing Stats

File Path                            PID    Runtime      # DAGs    # Errors  Last Runtime    Last Run
-----------------------------------  -----  ---------  --------  ----------  --------------  -------------------
/opt/airflow/dags/sodai_pipeline.py                           1           0  0.11s           2025-11-17T02:54:07
================================================================================
[2025-11-17T02:55:04.039+0000] {manager.py:878} INFO - 
================================================================================
DAG File Processing Stats

File Path                            PID    Runtime      # DAGs    # Errors  Last Runtime    Last Run
-----------------------------------  -----  ---------  --------  ----------  --------------  -------------------
/opt/airflow/dags/sodai_pipeline.py                           1           0  0.11s           2025-11-17T02:54:37
================================================================================
[2025-11-17T02:55:34.309+0000] {manager.py:878} INFO - 
================================================================================
DAG File Processing Stats

File Path                            PID    Runtime      # DAGs    # Errors  Last Runtime    Last Run
-----------------------------------  -----  ---------  --------  ----------  --------------  -------------------
/opt/airflow/dags/sodai_pipeline.py                           1           0  0.10s           2025-11-17T02:55:08
================================================================================
[2025-11-17T02:56:04.574+0000] {manager.py:878} INFO - 
================================================================================
DAG File Processing Stats

File Path                            PID    Runtime      # DAGs    # Errors  Last Runtime    Last Run
-----------------------------------  -----  ---------  --------  ----------  --------------  -------------------
/opt/airflow/dags/sodai_pipeline.py                           1           0  0.11s           2025-11-17T02:55:38
================================================================================
[2025-11-17T02:56:34.874+0000] {manager.py:878} INFO - 
================================================================================
DAG File Processing Stats

File Path                            PID    Runtime      # DAGs    # Errors  Last Runtime    Last Run
-----------------------------------  -----  ---------  --------  ----------  --------------  -------------------
/opt/airflow/dags/sodai_pipeline.py                           1           0  0.12s           2025-11-17T02:56:08
================================================================================
[2025-11-17T02:57:05.161+0000] {manager.py:878} INFO - 
================================================================================
DAG File Processing Stats

File Path                            PID    Runtime      # DAGs    # Errors  Last Runtime    Last Run
-----------------------------------  -----  ---------  --------  ----------  --------------  -------------------
/opt/airflow/dags/sodai_pipeline.py                           1           0  0.12s           2025-11-17T02:56:39
================================================================================
[2025-11-17T02:57:35.440+0000] {manager.py:878} INFO - 
================================================================================
DAG File Processing Stats

File Path                            PID    Runtime      # DAGs    # Errors  Last Runtime    Last Run
-----------------------------------  -----  ---------  --------  ----------  --------------  -------------------
/opt/airflow/dags/sodai_pipeline.py                           1           0  0.13s           2025-11-17T02:57:09
================================================================================
[2025-11-17T02:58:05.807+0000] {manager.py:878} INFO - 
================================================================================
DAG File Processing Stats

File Path                            PID    Runtime      # DAGs    # Errors  Last Runtime    Last Run
-----------------------------------  -----  ---------  --------  ----------  --------------  -------------------
/opt/airflow/dags/sodai_pipeline.py                           1           0  0.10s           2025-11-17T02:57:39
================================================================================
[2025-11-17T02:58:36.156+0000] {manager.py:878} INFO - 
================================================================================
DAG File Processing Stats

File Path                            PID    Runtime      # DAGs    # Errors  Last Runtime    Last Run
-----------------------------------  -----  ---------  --------  ----------  --------------  -------------------
/opt/airflow/dags/sodai_pipeline.py                           1           0  0.10s           2025-11-17T02:58:09
================================================================================
[2025-11-17T02:58:47.364+0000] {manager.py:737} INFO - Searching for files in /opt/airflow/dags
[2025-11-17T02:58:47.370+0000] {manager.py:740} INFO - There are 1 files in /opt/airflow/dags
[2025-11-17T02:59:06.464+0000] {manager.py:878} INFO - 
================================================================================
DAG File Processing Stats

File Path                            PID    Runtime      # DAGs    # Errors  Last Runtime    Last Run
-----------------------------------  -----  ---------  --------  ----------  --------------  -------------------
/opt/airflow/dags/sodai_pipeline.py                           1           0  0.10s           2025-11-17T02:58:40
================================================================================
[2025-11-17T02:59:36.830+0000] {manager.py:878} INFO - 
================================================================================
DAG File Processing Stats

File Path                            PID    Runtime      # DAGs    # Errors  Last Runtime    Last Run
-----------------------------------  -----  ---------  --------  ----------  --------------  -------------------
/opt/airflow/dags/sodai_pipeline.py                           1           0  0.12s           2025-11-17T02:59:10
================================================================================
[2025-11-17T03:00:07.272+0000] {manager.py:878} INFO - 
================================================================================
DAG File Processing Stats

File Path                            PID    Runtime      # DAGs    # Errors  Last Runtime    Last Run
-----------------------------------  -----  ---------  --------  ----------  --------------  -------------------
/opt/airflow/dags/sodai_pipeline.py                           1           0  0.13s           2025-11-17T02:59:41
================================================================================
[2025-11-17T03:00:37.799+0000] {manager.py:878} INFO - 
================================================================================
DAG File Processing Stats

File Path                            PID    Runtime      # DAGs    # Errors  Last Runtime    Last Run
-----------------------------------  -----  ---------  --------  ----------  --------------  -------------------
/opt/airflow/dags/sodai_pipeline.py                           1           0  0.17s           2025-11-17T03:00:11
================================================================================
[2025-11-17T03:01:08.242+0000] {manager.py:878} INFO - 
================================================================================
DAG File Processing Stats

File Path                            PID    Runtime      # DAGs    # Errors  Last Runtime    Last Run
-----------------------------------  -----  ---------  --------  ----------  --------------  -------------------
/opt/airflow/dags/sodai_pipeline.py                           1           0  0.17s           2025-11-17T03:00:42
================================================================================
[2025-11-17T03:01:38.594+0000] {manager.py:878} INFO - 
================================================================================
DAG File Processing Stats

File Path                            PID    Runtime      # DAGs    # Errors  Last Runtime    Last Run
-----------------------------------  -----  ---------  --------  ----------  --------------  -------------------
/opt/airflow/dags/sodai_pipeline.py                           1           0  0.15s           2025-11-17T03:01:12
================================================================================
[2025-11-17T03:02:09.034+0000] {manager.py:878} INFO - 
================================================================================
DAG File Processing Stats

File Path                            PID    Runtime      # DAGs    # Errors  Last Runtime    Last Run
-----------------------------------  -----  ---------  --------  ----------  --------------  -------------------
/opt/airflow/dags/sodai_pipeline.py                           1           0  0.12s           2025-11-17T03:01:42
================================================================================
[2025-11-17T03:02:39.532+0000] {manager.py:878} INFO - 
================================================================================
DAG File Processing Stats

File Path                            PID    Runtime      # DAGs    # Errors  Last Runtime    Last Run
-----------------------------------  -----  ---------  --------  ----------  --------------  -------------------
/opt/airflow/dags/sodai_pipeline.py                           1           0  0.16s           2025-11-17T03:02:13
================================================================================
[2025-11-17T03:03:09.891+0000] {manager.py:878} INFO - 
================================================================================
DAG File Processing Stats

File Path                            PID    Runtime      # DAGs    # Errors  Last Runtime    Last Run
-----------------------------------  -----  ---------  --------  ----------  --------------  -------------------
/opt/airflow/dags/sodai_pipeline.py                           1           0  0.19s           2025-11-17T03:02:43
================================================================================
[2025-11-17T03:03:40.276+0000] {manager.py:878} INFO - 
================================================================================
DAG File Processing Stats

File Path                            PID    Runtime      # DAGs    # Errors  Last Runtime    Last Run
-----------------------------------  -----  ---------  --------  ----------  --------------  -------------------
/opt/airflow/dags/sodai_pipeline.py                           1           0  0.15s           2025-11-17T03:03:14
================================================================================
[2025-11-17T03:03:47.402+0000] {manager.py:737} INFO - Searching for files in /opt/airflow/dags
[2025-11-17T03:03:47.411+0000] {manager.py:740} INFO - There are 1 files in /opt/airflow/dags
[2025-11-17T03:04:10.673+0000] {manager.py:878} INFO - 
================================================================================
DAG File Processing Stats

File Path                            PID    Runtime      # DAGs    # Errors  Last Runtime    Last Run
-----------------------------------  -----  ---------  --------  ----------  --------------  -------------------
/opt/airflow/dags/sodai_pipeline.py                           1           0  0.16s           2025-11-17T03:03:44
================================================================================
[2025-11-17T03:04:41.132+0000] {manager.py:878} INFO - 
================================================================================
DAG File Processing Stats

File Path                            PID    Runtime      # DAGs    # Errors  Last Runtime    Last Run
-----------------------------------  -----  ---------  --------  ----------  --------------  -------------------
/opt/airflow/dags/sodai_pipeline.py                           1           0  0.19s           2025-11-17T03:04:14
================================================================================
[2025-11-17T03:05:11.522+0000] {manager.py:878} INFO - 
================================================================================
DAG File Processing Stats

File Path                            PID    Runtime      # DAGs    # Errors  Last Runtime    Last Run
-----------------------------------  -----  ---------  --------  ----------  --------------  -------------------
/opt/airflow/dags/sodai_pipeline.py                           1           0  0.17s           2025-11-17T03:04:45
================================================================================
[2025-11-17T03:05:42.029+0000] {manager.py:878} INFO - 
================================================================================
DAG File Processing Stats

File Path                            PID    Runtime      # DAGs    # Errors  Last Runtime    Last Run
-----------------------------------  -----  ---------  --------  ----------  --------------  -------------------
/opt/airflow/dags/sodai_pipeline.py                           1           0  0.15s           2025-11-17T03:05:15
================================================================================
[2025-11-17T03:06:12.519+0000] {manager.py:878} INFO - 
================================================================================
DAG File Processing Stats

File Path                            PID    Runtime      # DAGs    # Errors  Last Runtime    Last Run
-----------------------------------  -----  ---------  --------  ----------  --------------  -------------------
/opt/airflow/dags/sodai_pipeline.py                           1           0  0.16s           2025-11-17T03:05:46
================================================================================
[2025-11-17T03:06:42.881+0000] {manager.py:878} INFO - 
================================================================================
DAG File Processing Stats

File Path                            PID    Runtime      # DAGs    # Errors  Last Runtime    Last Run
-----------------------------------  -----  ---------  --------  ----------  --------------  -------------------
/opt/airflow/dags/sodai_pipeline.py                           1           0  0.13s           2025-11-17T03:06:16
================================================================================
[2025-11-17T03:07:13.331+0000] {manager.py:878} INFO - 
================================================================================
DAG File Processing Stats

File Path                            PID    Runtime      # DAGs    # Errors  Last Runtime    Last Run
-----------------------------------  -----  ---------  --------  ----------  --------------  -------------------
/opt/airflow/dags/sodai_pipeline.py                           1           0  0.18s           2025-11-17T03:06:47
================================================================================
[2025-11-17T03:07:43.665+0000] {manager.py:878} INFO - 
================================================================================
DAG File Processing Stats

File Path                            PID    Runtime      # DAGs    # Errors  Last Runtime    Last Run
-----------------------------------  -----  ---------  --------  ----------  --------------  -------------------
/opt/airflow/dags/sodai_pipeline.py                           1           0  0.10s           2025-11-17T03:07:17
================================================================================
[2025-11-17T03:08:13.996+0000] {manager.py:878} INFO - 
================================================================================
DAG File Processing Stats

File Path                            PID    Runtime      # DAGs    # Errors  Last Runtime    Last Run
-----------------------------------  -----  ---------  --------  ----------  --------------  -------------------
/opt/airflow/dags/sodai_pipeline.py                           1           0  0.12s           2025-11-17T03:07:47
================================================================================
[2025-11-17T03:08:44.329+0000] {manager.py:878} INFO - 
================================================================================
DAG File Processing Stats

File Path                            PID    Runtime      # DAGs    # Errors  Last Runtime    Last Run
-----------------------------------  -----  ---------  --------  ----------  --------------  -------------------
/opt/airflow/dags/sodai_pipeline.py                           1           0  0.13s           2025-11-17T03:08:18
================================================================================
[2025-11-17T03:08:48.379+0000] {manager.py:737} INFO - Searching for files in /opt/airflow/dags
[2025-11-17T03:08:48.384+0000] {manager.py:740} INFO - There are 1 files in /opt/airflow/dags
[2025-11-17T03:09:14.760+0000] {manager.py:878} INFO - 
================================================================================
DAG File Processing Stats

File Path                            PID    Runtime      # DAGs    # Errors  Last Runtime    Last Run
-----------------------------------  -----  ---------  --------  ----------  --------------  -------------------
/opt/airflow/dags/sodai_pipeline.py                           1           0  0.12s           2025-11-17T03:08:48
================================================================================
[2025-11-17T03:09:45.122+0000] {manager.py:878} INFO - 
================================================================================
DAG File Processing Stats

File Path                            PID    Runtime      # DAGs    # Errors  Last Runtime    Last Run
-----------------------------------  -----  ---------  --------  ----------  --------------  -------------------
/opt/airflow/dags/sodai_pipeline.py                           1           0  0.14s           2025-11-17T03:09:18
================================================================================
[2025-11-17T03:10:15.432+0000] {manager.py:878} INFO - 
================================================================================
DAG File Processing Stats

File Path                            PID    Runtime      # DAGs    # Errors  Last Runtime    Last Run
-----------------------------------  -----  ---------  --------  ----------  --------------  -------------------
/opt/airflow/dags/sodai_pipeline.py                           1           0  0.13s           2025-11-17T03:09:49
================================================================================
[2025-11-17T03:10:45.853+0000] {manager.py:878} INFO - 
================================================================================
DAG File Processing Stats

File Path                            PID    Runtime      # DAGs    # Errors  Last Runtime    Last Run
-----------------------------------  -----  ---------  --------  ----------  --------------  -------------------
/opt/airflow/dags/sodai_pipeline.py                           1           0  0.11s           2025-11-17T03:10:19
================================================================================
[2025-11-17T03:11:16.261+0000] {manager.py:878} INFO - 
================================================================================
DAG File Processing Stats

File Path                            PID    Runtime      # DAGs    # Errors  Last Runtime    Last Run
-----------------------------------  -----  ---------  --------  ----------  --------------  -------------------
/opt/airflow/dags/sodai_pipeline.py                           1           0  0.14s           2025-11-17T03:10:50
================================================================================
[2025-11-17T03:11:46.636+0000] {manager.py:878} INFO - 
================================================================================
DAG File Processing Stats

File Path                            PID    Runtime      # DAGs    # Errors  Last Runtime    Last Run
-----------------------------------  -----  ---------  --------  ----------  --------------  -------------------
/opt/airflow/dags/sodai_pipeline.py                           1           0  0.14s           2025-11-17T03:11:20
================================================================================
[2025-11-17T03:12:17.062+0000] {manager.py:878} INFO - 
================================================================================
DAG File Processing Stats

File Path                            PID    Runtime      # DAGs    # Errors  Last Runtime    Last Run
-----------------------------------  -----  ---------  --------  ----------  --------------  -------------------
/opt/airflow/dags/sodai_pipeline.py                           1           0  0.14s           2025-11-17T03:11:50
================================================================================
[2025-11-17T03:12:47.477+0000] {manager.py:878} INFO - 
================================================================================
DAG File Processing Stats

File Path                            PID    Runtime      # DAGs    # Errors  Last Runtime    Last Run
-----------------------------------  -----  ---------  --------  ----------  --------------  -------------------
/opt/airflow/dags/sodai_pipeline.py                           1           0  0.13s           2025-11-17T03:12:21
================================================================================
[2025-11-17T03:13:17.921+0000] {manager.py:878} INFO - 
================================================================================
DAG File Processing Stats

File Path                            PID    Runtime      # DAGs    # Errors  Last Runtime    Last Run
-----------------------------------  -----  ---------  --------  ----------  --------------  -------------------
/opt/airflow/dags/sodai_pipeline.py                           1           0  0.13s           2025-11-17T03:12:51
================================================================================
[2025-11-17T03:13:48.256+0000] {manager.py:878} INFO - 
================================================================================
DAG File Processing Stats

File Path                            PID    Runtime      # DAGs    # Errors  Last Runtime    Last Run
-----------------------------------  -----  ---------  --------  ----------  --------------  -------------------
/opt/airflow/dags/sodai_pipeline.py                           1           0  0.13s           2025-11-17T03:13:22
================================================================================
[2025-11-17T03:13:49.268+0000] {manager.py:737} INFO - Searching for files in /opt/airflow/dags
[2025-11-17T03:13:49.273+0000] {manager.py:740} INFO - There are 1 files in /opt/airflow/dags
[2025-11-17T03:14:18.569+0000] {manager.py:878} INFO - 
================================================================================
DAG File Processing Stats

File Path                            PID    Runtime      # DAGs    # Errors  Last Runtime    Last Run
-----------------------------------  -----  ---------  --------  ----------  --------------  -------------------
/opt/airflow/dags/sodai_pipeline.py                           1           0  0.13s           2025-11-17T03:13:52
================================================================================
[2025-11-17T03:14:48.945+0000] {manager.py:878} INFO - 
================================================================================
DAG File Processing Stats

File Path                            PID    Runtime      # DAGs    # Errors  Last Runtime    Last Run
-----------------------------------  -----  ---------  --------  ----------  --------------  -------------------
/opt/airflow/dags/sodai_pipeline.py                           1           0  0.15s           2025-11-17T03:14:22
================================================================================
[2025-11-17T03:15:19.309+0000] {manager.py:878} INFO - 
================================================================================
DAG File Processing Stats

File Path                            PID    Runtime      # DAGs    # Errors  Last Runtime    Last Run
-----------------------------------  -----  ---------  --------  ----------  --------------  -------------------
/opt/airflow/dags/sodai_pipeline.py                           1           0  0.12s           2025-11-17T03:14:53
================================================================================
[2025-11-17T03:15:49.730+0000] {manager.py:878} INFO - 
================================================================================
DAG File Processing Stats

File Path                            PID    Runtime      # DAGs    # Errors  Last Runtime    Last Run
-----------------------------------  -----  ---------  --------  ----------  --------------  -------------------
/opt/airflow/dags/sodai_pipeline.py                           1           0  0.14s           2025-11-17T03:15:23
================================================================================
[2025-11-17T03:16:20.160+0000] {manager.py:878} INFO - 
================================================================================
DAG File Processing Stats

File Path                            PID    Runtime      # DAGs    # Errors  Last Runtime    Last Run
-----------------------------------  -----  ---------  --------  ----------  --------------  -------------------
/opt/airflow/dags/sodai_pipeline.py                           1           0  0.14s           2025-11-17T03:15:53
================================================================================
[2025-11-17T03:16:50.561+0000] {manager.py:878} INFO - 
================================================================================
DAG File Processing Stats

File Path                            PID    Runtime      # DAGs    # Errors  Last Runtime    Last Run
-----------------------------------  -----  ---------  --------  ----------  --------------  -------------------
/opt/airflow/dags/sodai_pipeline.py                           1           0  0.11s           2025-11-17T03:16:24
================================================================================
[2025-11-17T03:17:20.943+0000] {manager.py:878} INFO - 
================================================================================
DAG File Processing Stats

File Path                            PID    Runtime      # DAGs    # Errors  Last Runtime    Last Run
-----------------------------------  -----  ---------  --------  ----------  --------------  -------------------
/opt/airflow/dags/sodai_pipeline.py                           1           0  0.14s           2025-11-17T03:16:54
================================================================================
[2025-11-17T03:17:51.332+0000] {manager.py:878} INFO - 
================================================================================
DAG File Processing Stats

File Path                            PID    Runtime      # DAGs    # Errors  Last Runtime    Last Run
-----------------------------------  -----  ---------  --------  ----------  --------------  -------------------
/opt/airflow/dags/sodai_pipeline.py                           1           0  0.13s           2025-11-17T03:17:25
================================================================================
[2025-11-17T03:18:21.674+0000] {manager.py:878} INFO - 
================================================================================
DAG File Processing Stats

File Path                            PID    Runtime      # DAGs    # Errors  Last Runtime    Last Run
-----------------------------------  -----  ---------  --------  ----------  --------------  -------------------
/opt/airflow/dags/sodai_pipeline.py                           1           0  0.15s           2025-11-17T03:17:55
================================================================================
[2025-11-17T03:18:50.020+0000] {manager.py:737} INFO - Searching for files in /opt/airflow/dags
[2025-11-17T03:18:50.034+0000] {manager.py:740} INFO - There are 1 files in /opt/airflow/dags
[2025-11-17T03:18:52.071+0000] {manager.py:878} INFO - 
================================================================================
DAG File Processing Stats

File Path                            PID    Runtime      # DAGs    # Errors  Last Runtime    Last Run
-----------------------------------  -----  ---------  --------  ----------  --------------  -------------------
/opt/airflow/dags/sodai_pipeline.py                           1           0  0.12s           2025-11-17T03:18:25
================================================================================
[2025-11-17T03:19:22.402+0000] {manager.py:878} INFO - 
================================================================================
DAG File Processing Stats

File Path                            PID    Runtime      # DAGs    # Errors  Last Runtime    Last Run
-----------------------------------  -----  ---------  --------  ----------  --------------  -------------------
/opt/airflow/dags/sodai_pipeline.py                           1           0  0.15s           2025-11-17T03:18:56
================================================================================
[2025-11-17T03:19:52.791+0000] {manager.py:878} INFO - 
================================================================================
DAG File Processing Stats

File Path                            PID    Runtime      # DAGs    # Errors  Last Runtime    Last Run
-----------------------------------  -----  ---------  --------  ----------  --------------  -------------------
/opt/airflow/dags/sodai_pipeline.py                           1           0  0.14s           2025-11-17T03:19:26
================================================================================
[2025-11-17T03:20:23.128+0000] {manager.py:878} INFO - 
================================================================================
DAG File Processing Stats

File Path                            PID    Runtime      # DAGs    # Errors  Last Runtime    Last Run
-----------------------------------  -----  ---------  --------  ----------  --------------  -------------------
/opt/airflow/dags/sodai_pipeline.py                           1           0  0.12s           2025-11-17T03:19:56
================================================================================
[2025-11-17T03:20:53.411+0000] {manager.py:878} INFO - 
================================================================================
DAG File Processing Stats

File Path                            PID    Runtime      # DAGs    # Errors  Last Runtime    Last Run
-----------------------------------  -----  ---------  --------  ----------  --------------  -------------------
/opt/airflow/dags/sodai_pipeline.py                           1           0  0.15s           2025-11-17T03:20:27
================================================================================
[2025-11-17T03:21:23.838+0000] {manager.py:878} INFO - 
================================================================================
DAG File Processing Stats

File Path                            PID    Runtime      # DAGs    # Errors  Last Runtime    Last Run
-----------------------------------  -----  ---------  --------  ----------  --------------  -------------------
/opt/airflow/dags/sodai_pipeline.py                           1           0  0.14s           2025-11-17T03:20:57
================================================================================
[2025-11-17T03:21:54.270+0000] {manager.py:878} INFO - 
================================================================================
DAG File Processing Stats

File Path                            PID    Runtime      # DAGs    # Errors  Last Runtime    Last Run
-----------------------------------  -----  ---------  --------  ----------  --------------  -------------------
/opt/airflow/dags/sodai_pipeline.py                           1           0  0.14s           2025-11-17T03:21:28
================================================================================
[2025-11-17T03:22:24.594+0000] {manager.py:878} INFO - 
================================================================================
DAG File Processing Stats

File Path                            PID    Runtime      # DAGs    # Errors  Last Runtime    Last Run
-----------------------------------  -----  ---------  --------  ----------  --------------  -------------------
/opt/airflow/dags/sodai_pipeline.py                           1           0  0.14s           2025-11-17T03:21:58
================================================================================
[2025-11-17T03:22:55.044+0000] {manager.py:878} INFO - 
================================================================================
DAG File Processing Stats

File Path                            PID    Runtime      # DAGs    # Errors  Last Runtime    Last Run
-----------------------------------  -----  ---------  --------  ----------  --------------  -------------------
/opt/airflow/dags/sodai_pipeline.py                           1           0  0.15s           2025-11-17T03:22:28
================================================================================
[2025-11-17T03:23:25.505+0000] {manager.py:878} INFO - 
================================================================================
DAG File Processing Stats

File Path                            PID    Runtime      # DAGs    # Errors  Last Runtime    Last Run
-----------------------------------  -----  ---------  --------  ----------  --------------  -------------------
/opt/airflow/dags/sodai_pipeline.py                           1           0  0.15s           2025-11-17T03:22:59
================================================================================
[2025-11-17T03:23:50.825+0000] {manager.py:737} INFO - Searching for files in /opt/airflow/dags
[2025-11-17T03:23:50.841+0000] {manager.py:740} INFO - There are 1 files in /opt/airflow/dags
[2025-11-17T03:23:55.930+0000] {manager.py:878} INFO - 
================================================================================
DAG File Processing Stats

File Path                            PID    Runtime      # DAGs    # Errors  Last Runtime    Last Run
-----------------------------------  -----  ---------  --------  ----------  --------------  -------------------
/opt/airflow/dags/sodai_pipeline.py                           1           0  0.17s           2025-11-17T03:23:29
================================================================================
[2025-11-17T03:24:26.328+0000] {manager.py:878} INFO - 
================================================================================
DAG File Processing Stats

File Path                            PID    Runtime      # DAGs    # Errors  Last Runtime    Last Run
-----------------------------------  -----  ---------  --------  ----------  --------------  -------------------
/opt/airflow/dags/sodai_pipeline.py                           1           0  0.18s           2025-11-17T03:24:00
================================================================================
[2025-11-17T03:24:56.767+0000] {manager.py:878} INFO - 
================================================================================
DAG File Processing Stats

File Path                            PID    Runtime      # DAGs    # Errors  Last Runtime    Last Run
-----------------------------------  -----  ---------  --------  ----------  --------------  -------------------
/opt/airflow/dags/sodai_pipeline.py                           1           0  0.15s           2025-11-17T03:24:30
================================================================================
[2025-11-17T03:25:27.217+0000] {manager.py:878} INFO - 
================================================================================
DAG File Processing Stats

File Path                            PID    Runtime      # DAGs    # Errors  Last Runtime    Last Run
-----------------------------------  -----  ---------  --------  ----------  --------------  -------------------
/opt/airflow/dags/sodai_pipeline.py                           1           0  0.16s           2025-11-17T03:25:00
================================================================================
[2025-11-17T03:25:57.537+0000] {manager.py:878} INFO - 
================================================================================
DAG File Processing Stats

File Path                            PID    Runtime      # DAGs    # Errors  Last Runtime    Last Run
-----------------------------------  -----  ---------  --------  ----------  --------------  -------------------
/opt/airflow/dags/sodai_pipeline.py                           1           0  0.17s           2025-11-17T03:25:31
================================================================================
[2025-11-17T03:26:27.922+0000] {manager.py:878} INFO - 
================================================================================
DAG File Processing Stats

File Path                            PID    Runtime      # DAGs    # Errors  Last Runtime    Last Run
-----------------------------------  -----  ---------  --------  ----------  --------------  -------------------
/opt/airflow/dags/sodai_pipeline.py                           1           0  0.16s           2025-11-17T03:26:01
================================================================================
[2025-11-17T03:26:58.272+0000] {manager.py:878} INFO - 
================================================================================
DAG File Processing Stats

File Path                            PID    Runtime      # DAGs    # Errors  Last Runtime    Last Run
-----------------------------------  -----  ---------  --------  ----------  --------------  -------------------
/opt/airflow/dags/sodai_pipeline.py                           1           0  0.16s           2025-11-17T03:26:32
================================================================================
[2025-11-17T03:27:28.649+0000] {manager.py:878} INFO - 
================================================================================
DAG File Processing Stats

File Path                            PID    Runtime      # DAGs    # Errors  Last Runtime    Last Run
-----------------------------------  -----  ---------  --------  ----------  --------------  -------------------
/opt/airflow/dags/sodai_pipeline.py                           1           0  0.17s           2025-11-17T03:27:02
================================================================================
[2025-11-17T03:27:59.036+0000] {manager.py:878} INFO - 
================================================================================
DAG File Processing Stats

File Path                            PID    Runtime      # DAGs    # Errors  Last Runtime    Last Run
-----------------------------------  -----  ---------  --------  ----------  --------------  -------------------
/opt/airflow/dags/sodai_pipeline.py                           1           0  0.15s           2025-11-17T03:27:32
================================================================================
[2025-11-17T03:28:29.432+0000] {manager.py:878} INFO - 
================================================================================
DAG File Processing Stats

File Path                            PID    Runtime      # DAGs    # Errors  Last Runtime    Last Run
-----------------------------------  -----  ---------  --------  ----------  --------------  -------------------
/opt/airflow/dags/sodai_pipeline.py                           1           0  0.15s           2025-11-17T03:28:03
================================================================================
