63876,11262
206748,11262
212301,11262
61344,11262
222759,11262
162984,11262
171702,11262
165717,11262
188700,11262
187962,11262
207096,11262
196311,11262
163101,11262
183468,11262
210876,11262
211524,11262
165684,11262
206772,11262
206964,11262
206418,11262
210234,11262
238032,11262
230028,11262
183213,11262
230010,11262
220713,11262
211407,11262
248682,11262
206799,11262
206670,11262
231057,11262
211740,11262
206448,11262
207084,11262
206433,11262
206637,11262
206625,11262
206673,11262
206349,11262
250749,11262
206838,11262
250275,11262
253506,11262
206988,11262
206928,11262
249216,11262
207144,11262
206406,11262
206811,11262
206484,11262
206763,11262
211641,11262
206412,11262
206514,11262
196302,11262
206856,11262
227616,11262
213114,11262
198552,11262
249486,11262
206367,11262
210897,11262
206646,11262
65640,11262
251643,11262
215112,11262
209073,11262
195372,11262
212442,11262
232029,11262
241824,11262
225501,11262
228753,11262
194409,11262
205122,11262
158016,11262
210846,11262
205728,11262
199860,11262
229521,11262
59703,11262
250629,11262
66378,11262
221151,11262
203889,11262
203502,11262
251085,11262
192771,11262
191247,11262
72117,11262
242232,11262
238827,11262
206955,11262
241389,11262
232404,11262
251967,11262
229536,11262
207618,11262
234093,11262
210393,11262
192942,11262
231708,11262
207240,11262
244680,11262
88821,11262
165750,11262
207396,11262
238263,11262
235932,11262
210840,11262
234156,11262
205959,11262
206850,11262
206439,11262
154167,11262
129135,11262
242151,11262
198882,11262
235335,11262
235458,11262
200508,11262
195507,11262
206496,11262
72930,11262
244041,11262
192300,11262
139272,11262
72045,11262
212448,11262
163044,11262
72645,11262
194883,11262
252081,11262
207339,11262
204375,11262
204780,11262
203871,11262
173667,11262
208572,11262
212571,11262
210690,11262
242412,11262
221526,11262
208524,11262
184710,11262
66879,11262
203295,11262
201564,11262
203706,11262
203301,11262
232269,11262
212211,11262
248205,11262
230286,11262
246963,11262
220728,11262
207330,11262
213513,11262
206847,11262
187707,11262
208053,11262
190152,11262
206868,11262
248202,11262
211386,11262
186378,11262
203724,11262
192618,11262
164970,11262
253683,11262
181746,11262
212478,11262
249207,11262
211533,11262
232035,11262
172503,11262
165786,11262
203328,11262
154119,11262
60864,11262
246618,11262
189009,11262
183576,11262
223968,11262
188637,11262
187875,11262
210678,11262
227115,11262
62817,11262
175809,11262
210633,11262
208545,11262
205188,11262
201837,11262
251721,11262
210129,11262
248178,11262
154821,11262
216948,11262
207219,11262
249513,11262
195723,11262
206748,34092
206748,56714
216108,11262
182292,11262
206361,11262
162795,11262
160029,11262
199854,11262
233970,11262
153138,11262
68496,11262
250947,11262
155388,11262
205731,11262
208500,11262
163578,11262
61824,11262
248373,11262
198573,11262
128526,11262
244278,11262
157398,11262
129204,11262
128334,11262
224169,11262
224841,11262
238218,11262
164457,11262
201741,11262
247983,11262
154098,11262
180495,11262
199479,11262
188787,11262
229737,11262
214194,11262
223071,11262
212283,11262
223968,34092
223968,56714
88920,11262
204657,11262
211524,34092
211524,56714
72918,11262
247962,11262
234972,11262
234018,11262
198279,11262
205722,11262
157416,11262
166437,11262
167256,11262
225276,11262
227292,11262
210234,34092
210234,56714
67764,11262
204411,11262
165717,62074
188700,62074
198855,11262
203727,11262
187221,11262
179790,11262
222669,11262
250653,11262
197286,11262
207597,11262
188100,11262
208554,11262
222204,11262
248292,11262
158658,11262
153600,11262
204771,11262
230028,34092
230028,56714
210876,62074
249297,11262
252774,11262
223554,11262
238032,56714
238032,34092
183666,11262
210171,11262
154032,11262
228729,11262
187659,34092
187659,56714
186177,11262
225699,11262
166995,11262
158742,11262
229977,11262
165684,62074
174513,11262
232614,11262
198552,62074
72108,11262
251169,11262
68676,11262
207243,11262
198981,34092
198981,56714
247029,11262
224631,11262
207600,11262
234864,11262
228438,11262
208503,11262
242571,11262
251631,11262
253671,11262
211965,11262
196722,11262
203271,11262
212112,11262
203256,11262
176403,56714
212220,34092
176403,34092
212220,56714
252210,11262
223782,11262
230073,11262
164007,11262
209796,11262
187806,11262
166002,11262
243408,11262
154827,11262
207222,11262
251121,11262
211812,11262
211989,11262
71301,11262
251619,11262
206481,11262
212748,11262
229812,11262
128763,11262
89013,11262
209622,11262
65052,11262
206439,56714
206439,34092
211407,34092
211407,56714
204774,11262
208209,11262
191247,62074
210627,11262
198882,34092
198882,56714
242151,34092
242151,56714
203811,11262
183387,11262
153048,11262
128604,11262
166128,34092
166128,56714
212220,11262
176403,11262
252696,11262
155055,11262
248202,56714
248202,34092
227310,11262
163251,11262
198945,11262
154542,11262
188604,11262
253557,34092
253557,56714
205815,11262
224526,11262
237840,11262
207222,56714
207222,34092
240912,11262
227670,11262
227973,11262
209094,11262
188196,11262
231459,11262
177474,34092
177474,56714
183492,11262
211476,56714
211476,34092
154098,62074
250362,11262
162603,11262
221331,11262
226140,11262
219048,11262
232614,56714
232614,34092
211236,11262
208566,11262
190152,56714
206868,56714
190152,34092
206868,34092
236226,11262
187734,11262
188730,11262
209994,11262
173613,11262
129081,11262
226623,11262
251253,11262
189045,11262
245154,11262
206304,11262
225501,56714
225501,34092
166128,11262
65577,11262
128334,56714
128334,34092
188685,11262
211950,11262
163251,34092
163251,56714
177474,11262
25743,56714
25743,34092
165750,62074
88821,62074
223518,11262
192159,11262
250434,34092
250434,56714
181101,11262
198981,11262
201741,56714
201741,34092
61344,34092
61344,56714
176577,11262
188331,11262
237804,11262
208788,34092
208788,56714
253557,11262
156024,11262
232269,56714
232269,34092
217494,11262
198801,34092
198801,56714
209799,11262
231876,11262
184698,11262
153642,11262
198792,11262
61692,11262
210168,11262
234093,56714
210393,34092
234093,34092
210393,56714
253191,11262
172419,11262
230178,11262
203274,11262
179700,11262
157185,11262
233091,34092
233091,56714
153999,11262
235932,34092
235932,56714
210840,34092
210840,56714
232068,1370
232068,62376
184104,11262
163377,11262
225480,11262
250434,11262
210978,11262
198855,56714
198855,34092
153279,11262
226662,11262
183213,34092
183213,56714
164337,11262
204144,11262
244092,11262
253335,11262
160029,34092
160029,56714
177921,11262
196845,11262
212892,11262
183450,11262
251967,56714
251967,34092
248301,11262
244173,11262
217293,11262
247548,11262
194883,56714
194883,34092
192627,11262
217380,11262
203439,11262
203259,11262
155337,11262
188604,62376
188604,1370
153756,11262
203736,11262
128604,56714
128604,34092
164661,11262
220728,56714
220728,34092
203820,11262
63876,62074
217002,11262
200364,11262
194883,1370
194883,62376
232035,56714
232035,34092
154803,11262
245631,11262
201798,11262
208872,11262
172587,11262
176643,11262
216822,11262
233091,11262
212442,34092
212442,56714
203151,11262
69060,11262
248373,56714
248373,34092
72930,56714
72930,34092
162795,56714
162795,34092
208788,11262
188961,11262
187659,11262
247956,11262
252480,11262
249579,11262
96444,11262
218061,11262
205905,11262
230286,34092
230286,56714
248301,56714
248301,34092
211947,11262
231057,34092
231057,56714
248013,11262
203829,11262
166599,11262
238068,11262
201564,34092
203301,34092
201564,56714
203706,34092
203295,56714
203301,56714
203295,34092
203706,56714
247986,11262
153402,11262
154740,11262
183921,11262
153048,34092
153048,56714
227292,34092
227292,56714
250749,34092
253506,34092
253506,56714
206928,56714
206838,34092
206928,34092
249216,34092
250749,56714
249216,56714
206838,56714
156225,62074
212430,11262
227295,11262
250275,34092
206988,56714
206988,34092
250275,56714
161058,11262
231663,11262
203796,11262
208341,11262
207084,56714
206448,56714
206448,34092
207084,34092
65640,56714
65640,34092
214998,11262
252405,11262
203511,11262
187221,34092
187221,56714
224931,11262
249513,34092
249513,56714
246150,11262
212301,62074
203700,11262
205959,34092
205959,56714
207927,11262
210690,56714
221526,56714
210690,34092
208572,56714
221526,34092
208572,34092
232029,34092
232029,56714
206625,34092
206637,56714
206637,34092
206433,56714
206433,34092
206625,56714
250653,56714
227310,34092
227310,56714
197286,34092
197286,56714
250653,34092
154041,11262
241824,34092
241824,56714
210897,56714
206367,56714
206367,34092
206646,56714
210897,34092
206646,34092
203214,11262
154869,11262
187224,11262
63876,34092
63876,56714
238218,56714
238218,34092
232404,34092
232404,56714
181593,34092
181593,56714
226140,56714
226140,34092
210120,11262
192618,62074
206748,62074
64365,11262
205815,56714
205815,34092
211476,11262
72045,56714
72045,34092
207600,1370
207600,62376
154770,11262
229473,11262
180195,11262
203829,62376
203829,1370
249930,11262
181593,11262
196455,11262
65640,62074
156225,11262
59700,11262
242439,11262
161208,11262
203724,56714
203724,34092
200508,62074
198801,11262
153867,56714
153867,34092
155043,11262
232068,11262
244278,56714
244278,34092
184509,11262
179790,56714
179790,34092
186327,11262
227115,34092
210678,56714
210678,34092
227115,56714
246054,11262
178068,11262
203166,11262
156225,1370
156225,62376
249294,11262
187806,34092
187806,56714
211740,62074
250629,34092
205728,34092
210846,34092
192771,56714
250629,56714
251085,34092
203502,34092
210846,56714
192771,34092
66378,34092
205122,34092
66378,56714
59703,34092
158016,34092
205728,56714
199860,56714
229521,56714
229521,34092
251085,56714
59703,56714
199860,34092
221151,34092
205122,56714
203889,34092
221151,56714
203889,56714
158016,56714
203502,56714
153867,11262
206673,56714
206673,34092
206349,56714
206349,34092
174195,11262
157224,11262
222759,56714
222759,34092
206670,62074
228024,11262
211473,11262
140277,11262
211947,34092
211947,56714
65313,11262
205812,11262
64218,11262
56871,11262
211236,62376
211236,1370
222906,11262
195507,62074
207105,11262
211524,62074
242412,34092
212571,34092
208524,34092
212571,56714
242412,56714
208524,56714
234120,11262
175293,11262
212448,34092
212448,56714
198573,56714
198573,34092
206670,34092
206670,56714
203301,62074
203706,62074
203295,62074
201564,62074
204771,62376
204771,1370
200508,34092
200508,56714
231708,62074
153279,34092
153279,56714
234156,56714
234156,34092
244287,11262
183492,56714
183492,34092
225501,62074
234864,56714
234864,34092
210234,62074
160770,11262
196311,56714
207096,56714
207096,34092
196311,34092
250782,11262
209154,11262
238263,56714
238263,34092
198573,62376
198573,1370
67158,11262
175878,11262
211965,34092
211965,56714
210045,11262
72930,62376
72930,1370
157185,56714
157185,34092
236226,34092
236226,56714
212211,1370
212211,62376
224169,56714
224169,34092
230028,62074
238032,62074
208872,56714
208872,34092
61899,56714
61899,34092
154476,11262
182292,1370
182292,62376
222750,11262
204243,11262
206448,62074
207084,62074
177951,11262
164457,34092
164457,56714
250947,56714
250947,34092
154098,34092
154098,56714
216948,34092
216948,56714
220269,11262
187707,56714
187707,34092
167652,11262
228438,56714
228438,34092
184950,34092
184950,56714
64959,11262
244971,56714
244971,34092
231708,56714
231708,34092
244173,34092
244173,56714
244005,11262
203274,62376
203274,1370
212301,56714
212301,34092
241350,56714
241350,34092
175878,34092
175878,56714
197529,11262
229737,62376
229737,1370
211812,56714
211812,34092
184950,11262
226662,56714
226662,34092
207222,57414
155100,11262
213978,11262
206433,62074
206625,62074
206637,62074
242412,62074
208524,62074
212571,62074
219048,62376
219048,1370
195507,56714
195507,34092
235932,62074
210840,62074
241389,62074
207096,62074
196311,62074
212211,56714
212211,34092
230010,62074
229977,34092
229977,56714
164970,34092
164970,56714
241824,62074
67335,11262
206928,62074
206988,62074
250749,62074
249216,62074
206838,62074
253506,62074
250275,62074
208206,11262
195723,34092
195723,56714
161058,56714
161058,34092
207144,56714
206406,56714
206811,34092
207144,34092
206811,56714
206406,34092
207339,56714
252081,34092
207339,34092
252081,56714
187875,62376
187875,1370
222669,34092
222669,56714
245976,11262
165717,62376
188700,62376
165717,1370
188700,1370
215112,56714
215112,34092
207597,62376
207597,1370
206364,11262
244680,1370
244680,62376
129204,56714
129204,34092
157767,11262
243390,11262
205722,1370
205722,62376
157416,1370
157416,62376
227295,56714
227295,34092
212430,56714
212430,34092
210000,11262
211950,34092
211950,56714
251631,34092
242571,34092
251631,56714
242571,56714
208503,56714
208503,34092
231708,62376
231708,1370
154434,11262
213102,11262
229737,56714
229737,34092
232614,1370
232614,62376
211140,51316
206748,57414
61344,62074
199854,62376
199854,1370
210129,34092
210129,56714
205188,34092
205188,56714
156063,11262
176577,34092
176577,56714
198552,62376
198552,1370
210897,62074
206367,62074
206646,62074
178458,11262
208053,62074
196302,62074
206856,62074
157854,11262
186987,56714
186987,34092
212526,11262
207396,56714
207396,34092
203328,56714
203328,34092
232404,62074
161787,11262
246618,62074
210876,62376
210876,1370
67335,56714
241389,34092
241389,56714
67335,34092
61692,1370
210168,62376
210168,1370
61692,62376
244158,34092
244158,56714
210954,11262
235458,34092
235458,56714
192618,62376
192618,1370
242151,62074
198882,62074
210690,62074
221526,62074
208572,62074
253671,34092
253671,56714
205188,62074
210129,62074
246618,56714
246618,34092
192942,34092
192942,56714
192714,11262
173940,11262
242151,57414
198882,57414
208788,57414
154665,11262
208758,34092
219231,56714
208758,56714
219231,34092
206361,56714
206361,34092
25743,11262
158658,56714
158658,34092
208812,34092
208812,56714
244680,56714
244680,34092
208554,34092
208554,56714
61692,57414
210168,57414
173667,56714
173667,34092
210393,57414
234093,57414
205812,56714
205812,34092
173613,34092
173613,56714
67158,56714
67158,34092
239577,11262
153999,56714
153999,34092
198534,11262
237804,62376
237804,1370
72117,34092
72117,56714
223782,34092
223782,56714
222759,62074
181593,1370
181593,62376
207396,62074
208545,62074
248178,62074
251721,62074
201837,62074
65067,11262
249486,62074
203775,11262
211632,11262
204780,56714
203871,34092
204780,34092
203871,56714
229473,56714
229473,34092
198801,1370
198801,62376
211236,56714
211236,34092
206673,62074
205731,62074
228729,56714
228729,34092
206514,62074
206412,62074
206484,62074
211641,62074
206763,62074
153138,56714
153138,34092
203256,1370
196722,62376
212112,1370
203256,62376
196722,1370
203271,1370
203271,62376
212112,62376
154032,56714
154032,34092
191247,62376
191247,1370
248550,11262
67764,56714
67764,34092
244680,62074
206772,34092
206964,56714
206964,34092
206772,56714
204480,11262
188343,1370
188343,62376
163377,62074
184950,62376
184950,1370
186987,11262
183387,56714
183387,34092
163101,34092
163101,56714
161208,34092
161208,56714
228753,62074
223071,62074
207618,56714
207618,34092
205905,1370
218061,1370
218061,62376
96444,1370
249579,62376
96444,62376
249579,1370
205905,62376
204243,62376
204243,1370
194883,62074
128604,1370
128604,62376
183468,56714
183468,34092
203796,1370
208341,62376
208341,1370
203796,62376
240912,62376
240912,1370
188100,56714
188100,34092
210120,62376
210120,1370
189045,56714
189045,34092
129204,62074
223071,34092
223071,56714
251721,34092
248178,56714
208545,56714
248178,34092
201837,34092
208545,34092
251721,56714
201837,56714
181101,62376
181101,1370
206799,62074
59700,56714
59700,34092
230331,34092
236775,56714
236775,34092
230331,56714
227616,62074
213114,62074
237840,56714
237840,34092
188331,56714
188331,34092
233091,1370
233091,62376
182292,62074
72918,62376
72918,1370
154803,1370
154803,62376
234018,62074
234972,62074
153642,62074
65328,11262
166128,1370
166128,62376
172503,34092
172503,56714
234156,62074
232035,62074
72918,56714
72918,34092
249159,11262
174195,62376
174195,1370
198855,1370
198855,62376
196302,34092
206856,56714
196302,56714
206856,34092
230286,62074
219231,11262
208758,11262
213114,34092
213114,56714
233970,56714
233970,34092
206799,56714
206799,34092
180195,56714
180195,34092
61824,56714
61824,34092
206748,33886
206748,50718
206748,63538
206748,30500
253578,11262
175293,34092
175293,56714
68676,34092
68676,56714
154758,34092
154758,56714
238263,57414
154119,34092
154119,56714
199479,34092
199479,56714
214194,56714
214194,34092
232068,56714
232068,34092
212220,1370
176403,62376
212220,62376
176403,1370
216108,56714
216108,34092
207600,34092
207600,56714
175293,1370
175293,62376
203724,62074
154869,62376
154869,1370
205959,62376
205959,1370
198981,62376
198981,1370
203445,11262
187650,1370
187650,62376
186987,62376
186987,1370
187224,56714
187224,34092
207219,56714
207219,34092
250362,1370
250362,62376
231057,62074
72918,62074
203328,62074
210000,62376
210000,1370
252210,34092
252210,56714
177474,62376
177474,1370
207240,62376
207240,1370
187875,56714
187875,34092
162603,34092
162603,56714
172695,11262
72645,56714
72645,34092
153279,62376
153279,1370
248796,11262
154098,62376
154098,1370
203727,62074
220713,62074
176403,57414
212220,57414
206811,62074
206406,62074
207144,62074
211533,62074
225501,62376
225501,1370
214506,11262
188343,11262
244158,11262
184104,1370
184104,62376
203073,11262
205731,56714
205731,34092
187221,1370
187221,62376
213102,56714
213102,34092
221331,56714
221331,34092
204771,56714
204771,34092
247029,62074
206748,63510
245154,34092
245154,56714
222750,62376
222750,1370
230331,11262
236775,11262
211386,62074
186378,62074
162984,34092
162984,56714
232269,62074
181101,56714
181101,34092
203511,1370
203511,62376
240939,34092
240939,56714
248682,56714
248682,34092
209094,56714
209094,34092
209796,1370
209796,62376
229536,56714
229536,34092
61899,11262
188787,34092
188787,56714
176577,62074
153642,56714
153642,34092
162795,62376
162795,1370
247983,34092
247983,56714
195372,57414
71301,56714
71301,34092
207396,1370
207396,62376
228753,34092
228753,56714
210678,62074
227115,62074
250434,1370
250434,62376
244092,1370
244092,62376
68496,34092
68496,56714
192771,62074
229521,62074
66378,62074
210846,62074
251085,62074
59703,62074
205728,62074
250629,62074
203889,62074
158016,62074
221151,62074
205122,62074
199860,62074
203502,62074
222204,1370
222204,62376
198855,62074
62817,56714
62817,34092
250947,62074
203277,11262
208572,57414
221526,57414
210690,57414
211407,62074
208500,62074
184104,62074
249513,62074
252696,1370
224526,1370
224526,62376
252696,62376
195372,56714
195372,34092
180195,1370
180195,62376
154041,56714
154041,34092
199854,56714
199854,34092
208500,34092
208500,56714
153048,62376
153048,1370
206349,62074
217494,62376
217494,1370
248202,62376
248202,1370
192549,34092
192549,56714
247029,62376
247029,1370
154770,56714
154770,34092
209073,34092
209073,56714
246618,57414
192942,62074
207597,56714
207597,34092
167316,62376
167316,1370
188196,1370
188196,62376
223554,34092
252774,34092
223554,56714
252774,56714
172503,62074
128763,34092
128763,56714
203829,56714
203829,34092
205959,62074
166437,34092
166437,56714
240939,57414
189045,62376
189045,1370
248373,62074
154041,62074
225501,57414
166995,34092
166995,56714
244092,62074
208554,62074
198873,11262
246054,34092
246054,56714
208794,34092
208794,56714
153600,56714
153600,34092
234018,56714
234972,34092
234018,34092
234972,56714
207927,56714
207927,34092
157416,62074
205722,62074
219048,62074
72930,57414
165684,1370
165684,62376
240912,34092
240912,56714
244173,62376
244173,1370
189009,34092
189009,56714
207330,1370
207330,62376
212430,62376
227295,62376
227295,1370
212430,1370
128334,62074
197034,11262
60864,62074
209094,62376
209094,1370
211476,1370
211476,62376
163101,62074
183576,56714
164007,62376
164007,1370
183576,34092
211812,62376
211812,1370
212220,63510
176403,63510
162843,11262
72108,56714
72108,34092
206964,62074
206772,62074
197286,57414
250653,57414
227310,57414
204375,1370
204375,62376
67335,62376
67335,1370
238263,63510
56871,62376
56871,1370
249687,11262
230010,1370
230010,62376
208053,34092
208053,56714
249159,56714
249159,34092
252210,62074
197529,34092
197529,56714
249207,62376
249207,1370
207222,1370
207222,62376
174513,34092
174513,56714
230286,1370
230286,62376
204228,11262
163251,62376
163251,1370
182292,34092
182292,56714
66879,34092
66879,56714
154119,1370
154119,62376
203727,34092
203727,56714
238263,62074
208524,57414
212571,57414
242412,57414
211989,56714
211989,34092
211386,62376
211386,1370
186378,62376
186378,1370
224208,34092
224208,56714
211989,62074
241389,62376
241389,1370
200964,11262
154821,34092
154821,56714
161787,62376
161787,1370
203073,56714
203073,34092
128334,1370
128334,62376
207243,56714
207243,34092
154167,34092
154167,56714
224841,1370
224841,62376
211947,57414
207618,62376
207618,1370
211473,34092
211473,56714
217782,11262
186177,34092
186177,56714
153867,62376
153867,1370
247260,57414
221247,57414
187875,62074
187659,62376
187659,1370
200364,1370
200364,62376
208566,56714
208566,34092
72561,11262
88920,34092
88920,56714
240912,62074
232029,57414
224526,56714
252696,56714
224526,34092
252696,34092
163044,1370
163044,62376
244971,57414
188637,34092
188637,56714
179790,62376
179790,1370
129135,34092
129135,56714
192300,34092
192300,56714
188100,62376
188100,1370
209793,11262
183363,57414
203166,1370
203166,62376
153642,1370
153642,62376
64365,34092
64365,56714
161208,62376
161208,1370
210045,62376
210045,1370
186882,11262
194409,56714
194409,34092
248202,57414
224931,62376
224931,1370
200364,56714
200364,34092
246963,34092
246963,56714
163377,34092
163377,56714
204657,1370
204657,62376
248682,62074
162984,62074
128526,34092
128526,56714
243408,62074
249486,34092
249486,56714
160029,57414
209622,62074
233091,62074
155337,62376
155337,1370
188604,56714
188604,34092
59700,62376
59700,1370
204717,11262
203811,62376
203811,1370
205812,1370
205812,62376
220269,57414
187659,57414
223728,56714
223728,34092
208566,62074
188604,62074
88821,1370
165750,62376
165750,1370
88821,62376
203271,34092
203274,56714
203271,56714
203274,34092
212112,34092
203256,34092
203256,56714
212112,56714
196722,34092
196722,56714
212442,62074
154560,11262
204411,34092
204411,56714
154485,11262
164970,62074
210846,57414
251085,57414
192771,57414
229521,57414
158016,57414
203889,57414
59703,57414
199860,57414
205122,57414
221151,57414
250629,57414
66378,57414
203502,57414
205728,57414
195372,63510
184710,1370
184710,62376
234972,59822
234018,59822
234972,1304
234018,1304
154665,34092
154665,56714
60864,1370
60864,62376
225276,34092
225276,56714
225699,1370
225699,62376
211740,62376
211740,1370
184509,1370
184509,62376
222204,56714
222204,34092
208503,62074
242571,62074
251631,62074
160770,56714
160770,34092
212526,1370
212526,62376
62817,1370
62817,62376
249687,56714
249687,34092
203775,62376
203775,1370
248373,57414
250947,57414
244971,63510
153600,1370
153600,62376
224169,1370
224169,62376
183213,62074
251253,62074
226623,62074
196455,56714
196455,34092
242439,62376
242439,1370
251121,56714
251121,34092
198279,56714
198279,34092
177921,62376
177921,1370
211140,57414
183921,62376
183921,1370
231663,62074
221247,34092
221247,56714
25743,1370
25743,62376
164661,62376
164661,1370
253683,34092
253683,56714
172419,56714
172419,34092
183912,11262
162795,62074
219048,56714
219048,34092
176577,62376
176577,1370
196845,57414
203700,57414
230073,34092
230073,56714
231459,62376
231459,1370
183468,62074
156063,1370
156063,62376
199479,1370
199479,62376
65640,1370
65640,62376
67158,62376
67158,1370
207927,1370
207927,62376
187734,34092
188730,34092
187734,56714
188730,56714
207105,56714
207105,34092
218061,34092
205905,56714
96444,34092
96444,56714
249579,34092
218061,56714
205905,34092
249579,56714
210171,34092
210171,56714
253557,62074
206418,56714
206418,34092
214194,62074
158658,1370
158658,62376
247029,56714
247029,34092
250653,62074
197286,62074
246804,11262
154551,11262
200508,1304
200508,59822
65577,62376
65577,1370
242610,34092
242610,56714
249297,56714
249297,34092
238827,56714
206955,34092
242232,56714
206955,56714
242232,34092
238827,34092
233814,11262
206847,62376
206847,1370
198882,63510
242151,63510
72930,62074
61824,57414
197034,62376
197034,1370
207330,62074
253671,1370
253671,62376
160029,62074
88920,62376
88920,1370
251169,62074
63876,57414
187221,62074
210045,62074
203820,62376
203820,1370
225276,62074
211236,62074
204228,62376
204228,1370
248205,34092
248205,56714
164007,62074
175878,1370
175878,62376
208341,56714
208341,34092
203796,34092
203796,56714
158742,34092
158742,56714
153792,11262
253557,62376
253557,1370
71301,1370
71301,62376
220728,62074
229473,62376
229473,1370
209796,63510
251121,62376
251121,1370
203073,62376
203073,1370
227973,1370
227973,62376
227670,1370
227670,62376
223071,1370
223071,62376
253335,34092
253335,56714
154740,62376
154740,1370
211965,62074
183387,62376
183387,1370
154803,34092
154803,56714
228729,1370
228729,62376
207243,62376
207243,1370
176643,62074
172587,62074
229977,62376
229977,1370
198945,34092
198945,56714
196845,62376
196845,1370
181101,57414
197529,1370
197529,62376
183366,57414
68676,62376
68676,1370
67764,62376
67764,1370
186177,62376
186177,1370
217380,62376
217380,1370
203259,62376
203439,1370
203259,1370
203439,62376
154869,34092
154869,56714
201798,1370
201798,62376
245154,1370
245154,62376
226140,1370
221331,1370
226140,62376
221331,62376
204774,34092
204774,56714
164970,1370
164970,62376
244158,1370
244158,62376
192159,62376
223518,62376
223518,1370
192159,1370
206847,62074
248202,62074
154032,1370
154032,62376
61899,62376
61899,1370
154167,1370
154167,62376
243408,62376
243408,1370
187806,57414
128538,57414
203700,1370
203700,62376
175809,57414
139272,57414
61824,63510
203775,34092
203775,56714
89013,56714
89013,34092
173613,1370
173613,62376
154542,62376
154542,1370
248292,1370
248292,62376
210000,56714
210000,34092
203871,1370
203871,62376
204780,62376
204780,1370
250362,34092
250362,56714
163578,56714
163578,34092
223782,62376
223782,1370
247974,11262
204483,11262
210168,34092
61692,34092
61692,56714
210168,56714
242151,59822
198882,59822
242151,1304
198882,1304
187650,11262
204657,56714
204657,34092
129081,62074
183468,1370
183468,62376
184104,34092
184104,56714
163044,62074
187962,62376
187962,1370
248205,1370
248205,62376
201798,34092
201798,56714
128334,57414
237804,56714
237804,34092
157767,34092
157767,56714
65328,1370
65328,62376
251967,62074
237840,62074
224931,34092
224931,56714
208872,57414
227670,34092
227973,34092
227973,56714
227670,56714
181746,56714
181746,34092
208053,62376
208053,1370
139272,56714
139272,34092
140277,62376
140277,1370
172503,1370
172503,62376
164007,34092
164007,56714
206439,62074
157224,34092
157224,56714
172419,1370
172419,62376
207600,57414
208503,57414
242571,57414
251631,57414
247956,62074
128901,1370
128901,62376
212892,1370
212892,62376
179853,56714
179853,34092
179790,62074
233970,62376
233970,1370
201564,1304
203301,59822
201564,59822
203706,59822
203295,59822
203301,1304
203295,1304
203706,1304
155043,62376
155043,1370
69060,1370
69060,62376
203151,1370
203151,62376
244092,34092
244092,56714
232035,59822
232035,1304
163578,57414
192714,62376
192714,1370
206514,34092
206484,34092
206484,56714
211641,34092
206763,34092
211641,56714
206763,56714
206412,34092
206514,56714
206412,56714
227292,62376
227292,1370
154821,62376
154821,1370
250977,11262
204144,34092
204144,56714
188787,57414
206361,62074
220713,1370
220713,62376
206418,33886
206418,50718
206418,30500
206418,63538
188100,62074
203811,56714
203811,34092
216108,62376
216108,1370
204771,57414
183363,56714
183363,34092
211473,1370
211473,62376
177474,62074
129081,56714
129081,34092
177921,34092
177921,56714
165786,1370
165786,62376
238536,57414
210633,63510
184710,62074
188685,1370
188685,62376
198534,1370
198534,62376
158742,62376
158742,1370
222759,57414
210171,62376
210171,1370
231663,56714
234120,56714
234120,34092
231663,34092
154770,62376
154770,1370
245976,1370
245976,62376
253683,62074
165717,16358
188700,16358
244041,62074
66879,62074
154827,57414
128526,62376
128526,1370
246963,62074
61344,62376
61344,1370
231459,62074
235335,56714
235335,34092
164457,62074
253335,62074
248292,34092
248292,56714
224841,62074
186882,62376
186882,1370
198945,62376
198945,1370
209796,57414
203871,57414
204780,57414
247956,1370
247956,62376
61344,30500
61344,50718
61344,33886
61344,63538
204093,11262
175809,62376
175809,1370
61824,1370
61824,62376
176643,56714
172587,56714
176643,34092
172587,34092
211632,56714
211632,34092
155055,62376
155055,1370
60762,34092
60762,56714
231876,34092
231876,56714
139272,62074
225699,56714
225699,34092
244278,1370
244278,62376
153867,62074
247260,34092
247260,56714
212211,62074
251643,62074
245976,56714
245976,34092
232035,57414
188961,34092
188961,56714
208788,63510
220011,1370
220011,62376
163377,1370
163377,62376
204717,62376
204717,1370
209796,34092
209796,56714
203820,57414
204144,1370
204144,62376
223554,62074
252774,62074
69060,34092
203151,56714
69060,56714
203151,34092
234120,62074
208554,57414
211140,60
189009,62074
245631,62376
245631,1370
192714,34092
192714,56714
200364,62074
164337,1370
164337,62376
215112,62074
203082,34092
203082,56714
238611,56714
238611,34092
196722,62074
212112,62074
203256,62074
203271,62074
203328,57414
232614,62074
172419,57414
211965,57414
198981,62074
203511,56714
203511,34092
186327,34092
186327,56714
207339,62074
252081,62074
217293,62074
207240,62074
156225,56714
156225,34092
154041,62376
154041,1370
242856,11262
248202,63510
203736,1370
203736,62376
187659,62074
210876,16358
216948,62074
225480,34092
225480,56714
216822,1370
216822,62376
192618,16358
245154,62074
211947,62074
154740,34092
154740,56714
227310,62074
128538,56714
128538,34092
223968,62376
223968,1370
210633,34092
210633,56714
211140,34092
211140,56714
210393,63510
234093,63510
155337,34092
155337,56714
212892,57414
198573,57414
188343,56714
188343,34092
217293,56714
217293,34092
187224,62376
187224,1370
157224,62074
187650,34092
187650,56714
204375,62074
158742,62074
211524,30500
211524,33886
211524,63538
211524,50718
171702,1370
171702,62376
161058,62376
161058,1370
206496,62074
88920,62074
64365,62376
64365,1370
188700,56714
165717,56714
165717,34092
188700,34092
206418,63510
250947,1304
250947,59822
227973,62074
227670,62074
153048,62074
231459,34092
231459,56714
140277,34092
140277,56714
247962,56714
247962,34092
214998,57414
178458,56714
178458,34092
244041,62376
244041,1370
172695,34092
172695,56714
194409,1370
194409,62376
65328,56714
65328,34092
216564,57414
164970,57414
209154,62074
217380,56714
203259,56714
203439,34092
203439,56714
203259,34092
217380,34092
207927,57414
179700,1370
179700,62376
171702,34092
171702,56714
155100,62376
155100,1370
89013,62376
89013,1370
224841,56714
224841,34092
201798,62074
249513,59822
249513,1304
210678,57414
227115,57414
205959,57414
177951,62376
177951,1370
213978,56714
213978,34092
129081,1370
129081,62376
175809,34092
175809,56714
223728,11262
72645,62376
72645,1370
210234,33886
210234,63538
210234,30500
210234,50718
71301,62074
209994,62376
209994,1370
213102,1370
213102,62376
247260,63510
217293,1370
217293,62376
166002,1370
166002,62376
207222,63510
205815,62074
181110,56714
181110,34092
208053,57414
198552,34092
198552,56714
194409,62074
248301,1370
248301,62376
248373,59822
248373,1304
206850,62074
209799,34092
209799,56714
212448,57414
232068,62074
247983,57414
154998,57414
191247,56714
191247,34092
220269,56714
220269,34092
156063,62074
211812,62074
157224,62376
157224,1370
162603,62074
210129,59822
210129,1304
205188,1304
205188,59822
157854,56714
157854,34092
249297,62376
179853,57414
249297,1370
67335,62074
212892,56714
212892,34092
190152,62074
206868,62074
243408,56714
243408,34092
128604,62074
192627,1370
192627,62376
210876,56714
210876,34092
224631,1370
224631,62376
153999,62074
249294,34092
249294,56714
166437,62376
166437,1370
59703,63510
221151,63510
199860,63510
203889,63510
203502,63510
192771,63510
251085,63510
205728,63510
66378,63510
210846,63510
158016,63510
229521,63510
205122,63510
250629,63510
203871,62074
204780,62074
157416,34092
205722,56714
205722,34092
157416,56714
204243,56714
204243,34092
183366,56714
183366,34092
167316,11262
223968,62074
192159,56714
223518,56714
192159,34092
223518,34092
154998,56714
154998,34092
201741,62376
201741,1370
207597,62074
235458,62376
235458,1370
154119,62074
129204,57414
205731,57414
176643,1370
172587,1370
176643,62376
172587,62376
222669,62074
253191,62376
253191,1370
204480,1370
204480,62376
161787,34092
161787,56714
195507,1304
195507,59822
154167,62074
203724,1304
203724,59822
207618,62074
244287,56714
244287,34092
68496,62376
68496,1370
209799,62376
209799,1370
66915,34092
66915,56714
180195,62074
187962,34092
187962,56714
237840,62376
237840,1370
250977,62376
250977,1370
166128,57414
230028,63538
230028,50718
230028,33886
230028,30500
244173,62074
214998,62376
214998,1370
251169,34092
251169,56714
209154,1370
209154,62376
224169,57414
205815,62376
205815,1370
242439,62074
245631,57414
203151,62074
69060,62074
72645,57414
203166,34092
203166,56714
238032,33886
238032,50718
238032,30500
238032,63538
165684,34092
165684,56714
163578,62376
163578,1370
56871,56714
56871,34092
195507,57414
154119,57414
229812,34092
229812,56714
164337,56714
164337,34092
249207,62074
162984,62376
162984,1370
68676,62074
207240,56714
207240,34092
72117,63510
251721,59822
201837,59822
248178,1304
201837,1304
248178,59822
208545,59822
251721,1304
208545,1304
221526,63510
210690,63510
208572,63510
212448,62074
199479,62074
196455,62074
246618,63510
194883,57414
191256,57414
65067,62376
65067,1370
210393,1304
210393,59822
234093,1304
234093,59822
188196,62074
183921,56714
183921,34092
164457,57414
242412,1304
212571,59822
242412,59822
212571,1304
208524,59822
208524,1304
188196,34092
188196,56714
174195,34092
174195,56714
154821,57414
232029,62074
154032,62074
244158,62074
206850,34092
206850,56714
248013,57414
213513,62074
235458,62074
166437,62074
153600,62074
188331,62376
188331,1370
203820,34092
203820,56714
209793,56714
209793,34092
187221,1304
187221,59822
211407,57414
228438,1370
228438,62376
187806,62376
187806,1370
253335,62376
253335,1370
64218,56714
64218,34092
244041,34092
244041,56714
230010,56714
230010,34092
172695,1370
172695,62376
230073,1370
230073,62376
211476,62074
188730,62376
187734,1370
188730,1370
187734,62376
209073,62074
174513,62376
174513,1370
164457,62376
164457,1370
158742,57414
217782,34092
217782,56714
201741,62074
211407,33886
211407,30500
211407,50718
211407,63538
153867,57414
64959,34092
64959,56714
207330,16358
227310,63510
245976,57414
211950,57414
226662,62376
226662,1370
203439,62074
203259,62074
217380,62074
232068,59822
232068,1304
224631,56714
224631,34092
233091,1304
233091,59822
202818,57414
163251,62074
231708,59822
231708,1304
253557,57414
210633,62376
210633,1370
208788,62074
161058,62074
160029,1304
160029,59822
166599,62376
238068,1370
166599,1370
238068,62376
209799,57414
140277,62074
187962,62074
205731,1304
205731,59822
188787,62376
188787,1370
65328,57414
198801,62074
65577,57414
231057,63510
250434,59822
250434,1304
220713,56714
220713,34092
231057,63538
231057,30500
231057,33886
231057,50718
198855,1304
198855,59822
154698,57414
216948,62376
216948,1370
155337,62074
188685,56714
188685,34092
183450,34092
183450,56714
154827,1370
154827,62376
223554,57414
252774,57414
206496,34092
206496,56714
207243,62074
154779,56714
154779,34092
196845,56714
196845,34092
251169,1304
251169,59822
181593,62074
206772,57414
206964,57414
216564,56714
216564,34092
203082,11262
238611,11262
72045,62376
72045,1370
211950,1304
211950,59822
165786,34092
165786,56714
203214,1370
203214,62376
72645,62074
177474,57414
153279,62074
129204,59822
129204,1304
203700,34092
203700,56714
248013,62376
248013,1370
203082,62376
238611,1370
238611,62376
203082,1370
208341,57414
203796,57414
154485,62376
162843,62376
162843,1370
154485,1370
154827,56714
154827,34092
155043,34092
155043,56714
171702,62074
248550,1370
204411,62074
248550,62376
88821,56714
165750,56714
88821,34092
165750,34092
206304,62074
203301,57414
203295,57414
201564,57414
203706,57414
173667,1370
173667,62376
252480,56714
252480,34092
222204,62074
212283,62074
183921,57414
173940,62376
173940,1370
212442,33886
212442,63538
212442,30500
212442,50718
176403,62074
212220,62074
236520,56714
236520,34092
189045,57414
156024,56714
156024,34092
198945,62074
188604,1304
188604,59822
203274,62074
65052,62376
65052,1370
165726,11262
206364,34092
206364,56714
242232,57414
206955,57414
238827,57414
203256,57414
212448,63510
165684,16358
188700,1304
188700,59822
165717,1304
165717,59822
221526,59822
210690,1304
221526,1304
208572,1304
208572,59822
210690,59822
237804,62074
214998,56714
214998,34092
154770,57414
177921,62074
209094,62074
210168,63510
61692,63510
248292,62074
206847,34092
206847,56714
187707,62376
187707,1370
67335,1304
67335,59822
155388,57414
211236,59822
211236,1304
72645,63510
248550,56714
248550,34092
184698,1370
184698,62376
66915,11262
234120,62376
231663,1370
234120,1370
231663,62376
203829,57414
228753,62376
228753,1370
196455,57414
183213,30500
183213,50718
183213,33886
183213,63538
203214,57414
229737,62074
208206,62376
208206,1370
227115,1304
210678,59822
227115,59822
210678,1304
241350,57414
251121,62074
204657,57414
204657,62074
225276,62376
225276,1370
248205,62074
238536,56714
238536,34092
204780,63510
203871,63510
210045,56714
210045,34092
154167,57414
157398,34092
157398,56714
242232,62074
206955,62074
238827,62074
224931,62074
204243,62074
236775,62376
230331,1370
236775,1370
230331,62376
250362,16358
246963,62376
246963,1370
198552,1304
198552,59822
153867,1304
153867,59822
212571,63510
208524,63510
242412,63510
210120,57414
225480,1370
225480,62376
210954,62376
210954,1370
64218,1370
64218,62376
204771,62074
212478,56714
212478,34092
175809,63510
191247,59822
191247,1304
167256,34092
167256,56714
188637,62376
188637,1370
72930,63510
231057,57414
210171,62074
61899,57414
206748,54096
210876,1304
210876,59822
234864,1370
234864,62376
250362,62074
128526,62074
228729,62074
184698,62074
204411,57414
183666,34092
183666,56714
239577,1370
239577,62376
213114,57414
252081,63510
207339,63510
238263,59822
238263,1304
209094,57414
166128,59822
166128,1304
249297,62074
67764,62074
172419,62074
160029,63510
252210,57414
249930,62376
249930,1370
197034,56714
197034,34092
188343,62074
246150,62376
246150,1370
252480,62376
252480,1370
166995,1370
166995,62376
153138,62074
206304,62376
206304,1370
247956,34092
247956,56714
217494,62074
161208,62074
204483,62376
247974,62376
247974,1370
204483,1370
177474,1304
177474,59822
192627,56714
192627,34092
221247,63510
181593,57414
249207,34092
249207,56714
247962,62074
68496,62074
72045,63538
72045,30500
72045,50718
72045,33886
224631,62074
227616,57414
199854,57414
184950,59822
184950,1304
61824,62074
153279,1304
153279,59822
204717,34092
204717,56714
183366,63510
165684,1304
165684,59822
197286,63510
250653,63510
153600,57414
183387,62074
183468,57414
210627,62376
210627,1370
252696,62074
65577,34092
65577,56714
128901,11262
188685,62074
203727,1304
203727,59822
176403,54096
212220,54096
183666,1370
183666,62376
208812,11262
160770,1304
160770,59822
207219,62074
212211,57414
215112,63510
211989,59822
211989,1304
234018,1370
234972,1370
234018,62376
234972,62376
208794,11262
208209,34092
208209,56714
155100,56714
155100,34092
207105,30500
207105,63538
207105,33886
207105,50718
203736,34092
203736,56714
194883,1304
194883,59822
206748,1304
206748,59822
157854,50718
157854,33886
157854,63538
157854,30500
212448,63538
212448,30500
212448,33886
212448,50718
154560,1370
154560,62376
128526,57414
192300,1370
192300,62376
192714,62074
196311,59822
207096,59822
196311,1304
207096,1304
247983,63510
165786,57414
225480,57414
188100,57414
245976,62074
198573,63510
65052,34092
65052,56714
72117,62074
72117,63538
72117,33886
72117,30500
72117,50718
155388,1370
155388,62376
204480,34092
204480,56714
180195,57414
214506,34092
214506,56714
207219,62376
207219,1370
203166,57414
232614,59822
232614,1304
177951,34092
177951,56714
241389,59822
241389,1304
153813,34092
153813,56714
226140,57414
221331,57414
208566,57414
195372,62074
153999,62376
153999,1370
166437,57414
183921,62074
207222,54096
174195,62074
209994,34092
209994,56714
229737,57414
230073,62074
210627,56714
210627,34092
72117,1370
72117,62376
211965,1304
211965,59822
223782,62074
203796,62074
208341,62074
233091,57414
88920,57414
210633,62074
198981,59822
198981,1304
216948,57414
154476,62376
154476,1370
216822,34092
216822,56714
203811,57414
154665,62376
154665,1370
246054,62376
246054,1370
61344,63510
206364,30500
206364,63538
206364,33886
206364,50718
235335,50718
235335,30500
235335,63538
235335,33886
236226,62376
236226,1370
204774,57414
187659,59822
187659,1304
188637,62074
209154,34092
209154,56714
66879,62376
66879,1370
183492,1370
183492,62376
207339,57414
252081,57414
226623,34092
226623,56714
251253,56714
251253,34092
211236,57414
153756,1370
153756,62376
245154,1304
245154,59822
206406,57414
207144,57414
206811,57414
154869,62074
204093,62376
204093,1370
219231,57414
208758,57414
196311,57414
207096,57414
251967,50718
251967,63538
251967,30500
251967,33886
65052,62074
222759,63510
56871,62074
198855,57414
248550,62074
192159,62074
223518,62074
158658,62074
213102,62074
211740,34092
211740,56714
154758,57414
183213,1370
183213,62376
250362,57414
196845,63510
203700,63510
204375,34092
204375,56714
206481,62074
212748,62074
251619,62074
211812,59822
211812,1304
222759,30500
222759,63538
222759,50718
222759,33886
246054,62074
63876,33886
63876,63538
63876,30500
63876,50718
128763,1370
128763,62376
203829,62074
235335,63510
229737,59822
229737,1304
229536,63510
161208,59822
161208,1304
198945,57414
253683,1370
253683,62376
230286,57414
203511,57414
249294,57414
96444,57414
192942,57414
246618,59822
246618,1304
219048,59822
219048,1304
198981,57414
183576,62074
184509,34092
184509,56714
154698,34092
154698,56714
203811,63510
204774,1370
204774,62376
129135,1370
129135,62376
246963,57414
67158,59822
67158,1304
236226,57414
209796,54096
207600,62074
156063,56714
156063,34092
212283,34092
212283,56714
154098,1304
154098,59822
204411,62376
204411,1370
59700,59822
59700,1304
167256,62376
167256,1370
173613,62074
206673,57414
183492,57414
238218,62074
224208,57414
208500,57414
207222,50274
248373,63510
250947,63510
210954,34092
210954,56714
67158,62074
59700,62074
157398,62376
157398,1370
173667,57414
211947,63510
63876,59822
63876,1304
247548,62074
187707,30500
187707,33886
187707,50718
187707,63538
244971,62944
244971,63508
244971,49888
244971,62860
188961,62376
188961,1370
248205,57414
72045,57414
195372,30500
195372,63538
195372,50718
195372,33886
192627,62074
186327,1370
186327,62376
215112,63538
215112,33886
215112,30500
215112,50718
211524,57414
229536,50718
229536,30500
229536,63538
229536,33886
249294,62074
153756,56714
153756,34092
247983,30500
186177,57414
247983,33886
247983,63538
247983,50718
253671,62074
222750,62074
220269,62376
220269,1370
155055,34092
155055,56714
180495,62376
180495,1370
61344,57414
223968,50718
223968,63538
223968,33886
223968,30500
157767,62376
157767,1370
223071,57414
203274,57414
212112,57414
203271,57414
196722,57414
176577,59822
176577,1304
187224,62074
208341,63510
203796,63510
232035,63510
228753,57414
212283,1370
212283,62376
222204,57414
210120,34092
210120,56714
161058,59822
161058,1304
224526,57414
252696,57414
252774,63510
223554,63510
203328,1304
203328,59822
71301,57414
173940,56714
173940,34092
175878,59822
175878,1304
207243,57414
162795,57414
248301,62074
72108,62074
224526,62074
247548,62376
247548,1370
212526,57414
233970,62074
189009,62376
189009,1370
247986,62074
227292,62074
187806,62074
229977,62074
209073,1370
209073,62376
198279,1370
198279,62376
195723,62376
195723,1370
229536,1370
229536,62376
212211,59822
212211,1304
155388,56714
155388,34092
228024,56714
228024,34092
154821,62074
210234,57414
242610,57414
72561,1370
72561,62376
244278,62074
154542,62074
211476,1304
211476,59822
205812,1304
205812,59822
175878,62074
250977,34092
250977,56714
244680,1304
244680,59822
156225,59822
156225,1304
195723,62074
60864,16358
252405,1370
252405,62376
246150,62074
253191,56714
253191,34092
200508,62376
200508,1370
164661,34092
164661,56714
216108,62074
222759,1304
222759,59822
246804,1370
154551,1370
246804,62376
154551,62376
163251,1304
163251,59822
183576,62376
183576,1370
219231,62074
208758,62074
181746,1370
181746,62376
248202,33886
248202,30500
248202,50718
248202,63538
166599,34092
238068,34092
238068,56714
166599,56714
72930,33886
72930,30500
72930,50718
72930,63538
182292,1304
182292,59822
242130,57414
173940,62074
162795,1304
162795,59822
72045,63510
230178,62376
230178,1370
188343,59822
188343,1304
154434,62376
154434,1370
198279,63510
207222,62074
183387,1304
183387,59822
225501,63510
181746,62074
198792,56714
198792,34092
62817,57414
242151,50718
198882,33886
242151,30500
198882,30500
242151,63538
198882,63538
242151,33886
198882,50718
229536,62074
218061,62074
249579,62074
205905,62074
96444,62074
244173,1304
244173,59822
208092,56714
208092,34092
187707,57414
211473,62074
154770,62074
165750,59822
88821,1304
88821,59822
165750,1304
187875,1304
187875,59822
153402,62074
208503,63510
251631,63510
242571,63510
220269,63510
154032,57414
204774,62074
186987,57414
252081,33886
252081,30500
207339,30500
207339,63538
252081,63538
207339,33886
207339,50718
252081,50718
223071,1304
223071,59822
251967,57414
206748,63508
206748,62860
206748,62944
206748,49888
252210,59822
252210,1304
238218,1370
238218,62376
65577,62074
210978,1370
210978,62376
205905,57414
218061,57414
249579,57414
155043,57414
244005,1370
244005,62376
210000,62074
128538,63510
211476,57414
230028,57414
204657,63510
209622,1370
209622,62376
212430,1304
227295,59822
227295,1304
212430,59822
207396,1304
207396,59822
246042,34092
246042,56714
221151,1304
210846,59822
192771,59822
203889,59822
205728,1304
229521,1304
203889,1304
158016,1304
205122,59822
192771,1304
59703,59822
66378,59822
210846,1304
203502,59822
221151,59822
251085,1304
199860,1304
250629,59822
59703,1304
251085,59822
229521,59822
199860,59822
203502,1304
250629,1304
158016,59822
205122,1304
66378,1304
205728,59822
187650,59822
187650,1304
225699,62074
249294,63510
220011,11262
187386,34092
187386,56714
160029,62376
160029,1370
167652,56714
167652,34092
186327,57414
60864,56714
60864,34092
65313,1370
65313,62376
242439,34092
242439,56714
186987,1304
186987,59822
61824,50718
61824,30500
61824,33886
61824,63538
128604,57414
175809,62074
207927,62074
154869,57414
167652,62376
167652,1370
72108,59822
72108,1304
188331,57414
203214,56714
203214,34092
153402,62376
153402,1370
189045,62074
238263,33886
238263,30500
238263,50718
238263,63538
153048,1304
153048,59822
187734,62074
188730,62074
72918,1304
72918,59822
153138,1370
153138,62376
204093,34092
204093,56714
248013,56714
248013,34092
186327,62074
61692,62074
210168,62074
187707,63510
206868,57414
244158,1304
244158,59822
203775,62074
72045,62074
222906,62376
222906,1370
211524,63510
183468,63510
154542,57414
203445,1370
203445,62376
249513,57414
231876,50718
231876,33886
231876,30500
231876,63538
211386,16358
186378,16358
184698,34092
184698,56714
230286,1304
230286,59822
235458,57414
244680,57414
62817,63510
216822,63510
227295,62074
212430,62074
184509,62074
245631,34092
245631,56714
165786,62074
214194,1370
214194,62376
229977,57414
198801,57414
207144,59822
206811,59822
206406,1304
206406,59822
207144,1304
206811,1304
206439,1304
206439,59822
209799,62074
238032,57414
192300,62074
249930,34092
249930,56714
175293,57414
192618,59822
192618,1304
166995,62074
68676,59822
68676,1304
246042,57414
226662,62074
249930,62074
165684,57414
228729,1304
228729,59822
206439,30500
206439,63538
206439,33886
206439,50718
238218,63538
238218,50718
238218,30500
238218,33886
207240,57414
210045,1304
210045,59822
210234,63510
203277,62376
203277,1370
210978,34092
210978,56714
202818,56714
202818,34092
154803,62074
67764,1304
67764,59822
179700,34092
179700,56714
206670,59822
206670,1304
207597,1304
207597,59822
234864,62074
214998,62074
128604,1304
128604,59822
208500,59822
208500,1304
224931,57414
195723,1304
195723,59822
210633,62944
210633,62860
210633,63508
210633,49888
239577,56714
239577,34092
175293,59822
175293,1304
198552,16358
224631,57414
246150,34092
246150,56714
179700,62074
179790,57414
229536,57414
244173,57414
237804,57414
212301,59822
212301,1304
183912,56714
183912,34092
243390,57414
212442,63510
187221,57414
229473,1304
229473,59822
65052,57414
211632,62074
231708,57414
198882,62376
198882,1370
242151,1370
242151,62376
211407,1304
211407,59822
212301,57414
154665,57414
246858,11262
250434,62074
232269,63538
232269,50718
232269,33886
232269,30500
186177,63510
216822,62074
241824,59822
241824,1304
222669,63510
203328,63510
72117,57414
198534,34092
198534,56714
162984,57414
212301,50718
212301,33886
212301,30500
212301,63538
62817,30500
62817,63538
62817,33886
62817,50718
173667,50718
173667,63538
173667,30500
173667,33886
179790,1304
179790,59822
174513,62074
153048,57414
227292,57414
215112,57414
194409,57414
220728,63538
220728,30500
220728,50718
220728,33886
243390,62376
243390,1370
230028,63510
203511,62074
199854,63510
248682,1304
248682,59822
192942,1304
192942,59822
212526,34092
212526,56714
177921,57414
72930,1304
72930,59822
157416,1304
205722,1304
157416,59822
205722,59822
128763,62074
160770,62074
187650,57414
235932,1304
210840,59822
210840,1304
235932,59822
212442,57414
167316,56714
167316,34092
65640,57414
183576,50718
183576,63538
183576,30500
183576,33886
211965,63510
206964,63510
206772,63510
198573,59822
198573,1304
129135,62074
225501,1304
225501,59822
204228,62074
248292,57414
198801,1304
198801,59822
64365,62074
156063,1304
156063,59822
206928,59822
250749,1304
253506,59822
206928,1304
253506,1304
206838,59822
250749,59822
206838,1304
249216,59822
249216,1304
199854,30500
199854,33886
199854,63538
199854,50718
181110,57414
220713,63510
212478,57414
206514,1304
206763,1304
206514,59822
206763,59822
206412,1304
211641,1304
211641,59822
206484,59822
206484,1304
206412,59822
65640,1304
65640,59822
234864,50718
234864,33886
234864,63538
234864,30500
229473,62074
183492,62074
188787,63510
157854,62376
157854,1370
203277,57414
183450,62074
206964,33886
206964,50718
206772,63538
206772,30500
206772,33886
206964,30500
206772,50718
206964,63538
187806,63510
213102,1304
213102,59822
251643,57414
211473,1304
211473,59822
208788,1370
208788,62376
226140,62074
205812,62074
222669,33886
222669,30500
222669,50718
222669,63538
206868,59822
190152,59822
206868,1304
190152,1304
244005,62074
212748,56714
251619,34092
206481,34092
212748,34092
206481,56714
251619,56714
162984,1304
162984,59822
253578,56714
253578,34092
225480,62074
173613,59822
173613,1304
188787,62074
203796,16358
208341,16358
210393,62074
234093,62074
192549,57414
183576,1304
183576,59822
158658,1304
158658,59822
128334,59822
128334,1304
183468,33886
183468,63538
183468,30500
183468,50718
207222,50718
207222,33886
207222,63538
207222,30500
206847,1304
206847,59822
64959,1370
64959,62376
223782,59822
223782,1304
206448,1304
206448,59822
207084,1304
207084,59822
251967,63510
232035,1370
232035,62376
190152,30500
206868,50718
190152,50718
190152,33886
190152,63538
206868,30500
206868,33886
206868,63538
249486,30500
249486,63538
249486,50718
249486,33886
210954,62074
209994,62074
199854,62074
236226,62074
212112,16358
203256,16358
196722,16358
203271,16358
156024,62376
156024,1370
209094,59822
209094,1304
198279,30500
198279,63538
198279,50718
198279,33886
162843,34092
162843,56714
195507,63510
154869,59822
154869,1304
196311,50718
196311,30500
207096,30500
196311,63538
207096,33886
207096,50718
207096,63538
196311,33886
190152,57414
63876,63510
248682,57414
65313,34092
65313,56714
197529,62074
203256,63510
187707,62074
235335,62376
235335,1370
198573,62074
157185,1370
157185,62376
204243,1304
204243,59822
184509,57414
242130,56714
242130,34092
154827,63510
155388,63510
183468,1304
183468,59822
206433,1304
206433,59822
206625,1304
206625,59822
206637,1304
206637,59822
234093,33886
234093,63538
210393,33886
210393,63538
210393,30500
234093,50718
210393,50718
234093,30500
210000,1304
210000,59822
249159,62376
249159,1370
198873,1370
198873,62376
223968,57414
203820,62074
246963,63510
208209,62074
161787,62074
216822,16358
25743,57414
206304,34092
206304,56714
250275,59822
206988,59822
206988,1304
250275,1304
64365,1304
64365,59822
206646,59822
206646,1304
210897,59822
210897,1304
206367,59822
206367,1304
209154,59822
209154,1304
157767,57414
208566,59822
208566,1304
204480,57414
247983,62074
154032,1304
154032,59822
164661,1304
164661,59822
215112,1370
215112,62376
232269,57414
183450,62376
183450,1370
210627,57414
160029,50718
160029,30500
160029,63538
160029,33886
180495,56714
180495,34092
247986,63510
253671,57414
211386,56714
186378,56714
211386,34092
186378,34092
224208,1370
224208,62376
206439,1370
206439,62376
228024,63510
232404,59822
232404,1304
59703,63538
158016,63538
205122,50718
210846,30500
250629,33886
251085,63538
229521,63538
205728,33886
250629,50718
250629,63538
210846,50718
210846,33886
203502,50718
251085,50718
158016,50718
250629,30500
205122,63538
205728,50718
192771,30500
229521,50718
66378,30500
66378,33886
158016,33886
203889,63538
203502,30500
203889,30500
199860,33886
205728,63538
192771,63538
205728,30500
158016,30500
59703,50718
210846,63538
192771,50718
199860,30500
229521,33886
203889,33886
221151,30500
199860,63538
221151,63538
205122,30500
221151,50718
229521,30500
66378,63538
221151,33886
59703,33886
192771,33886
203502,63538
59703,30500
205122,33886
203502,33886
251085,30500
66378,50718
251085,33886
203889,50718
199860,50718
208812,57414
211812,57414
212892,62074
227292,1304
227292,59822
163101,62376
163101,1370
221247,1370
221247,62376
203724,57414
62817,62074
210633,63538
210633,33886
210633,50718
210633,30500
163578,62074
198534,57414
248373,1370
248373,62376
206349,59822
206349,1304
183387,57414
237804,1304
237804,59822
155100,62074
187650,62074
242856,57414
243390,56714
243390,34092
153138,30500
153138,33886
153138,50718
153138,63538
216822,57414
234156,1304
234156,59822
182292,57414
204144,62074
203445,56714
203445,34092
207600,63510
65577,63510
208872,1304
208872,59822
199479,59822
199479,1304
212220,50718
176403,50718
176403,30500
176403,63538
212220,33886
212220,63538
212220,30500
176403,33886
230178,34092
230178,56714
64218,62074
209622,34092
209622,56714
176403,63508
212220,62860
176403,49888
212220,63508
212220,62944
212220,49888
176403,62944
176403,62860
206847,57414
163044,16358
187224,1304
187224,59822
155337,57414
210840,1370
235932,1370
235932,62376
210840,62376
206772,1304
206772,59822
206964,59822
206964,1304
208500,63510
164337,62074
239577,62074
206361,30500
206361,63538
206361,33886
206361,50718
224169,33886
224169,63538
224169,30500
224169,50718
207240,63510
173940,1304
173940,59822
188787,33886
188787,50718
188787,30500
188787,63538
188100,1304
188100,59822
187962,16358
154770,59822
154770,1304
217782,1370
217782,62376
230073,57414
253557,63510
232269,63510
203736,62074
240912,1304
240912,59822
210000,57414
160770,1370
160770,62376
60762,57414
155055,57414
166002,62074
180495,62074
207240,1304
207240,59822
162984,63538
162984,33886
162984,30500
162984,50718
154740,62074
191256,34092
191256,56714
25743,63538
25743,30500
25743,50718
25743,33886
204771,63510
251169,1370
251169,62376
223968,1304
223968,59822
212430,57414
227295,57414
222669,57414
197286,59822
250653,59822
250653,1304
197286,1304
210120,62074
128526,63510
245631,62074
227115,63510
210678,63510
172503,59822
172503,1304
178068,62376
178068,1370
249513,1370
249513,62376
207144,50718
207144,63538
206406,63538
206811,30500
206406,33886
206811,33886
206811,63538
206811,50718
207144,33886
207144,30500
206406,50718
206406,30500
154485,34092
154485,56714
188196,1304
188196,59822
154476,56714
154476,34092
158742,59822
158742,1304
250782,62074
211533,62376
211533,1370
244287,62376
244287,1370
228438,62074
210978,62074
153756,62074
191247,16358
252405,56714
252405,34092
162984,63510
224526,1304
252696,1304
252696,59822
224526,59822
183213,63510
157398,62074
209796,62074
206673,59822
206673,1304
224169,1304
224169,59822
196845,62074
203700,62074
217782,62074
222750,57414
225699,57414
187659,50274
188700,35846
165717,35846
212478,62074
223728,57414
204144,57414
165726,56714
165726,34092
204228,34092
204228,56714
216948,1304
216948,59822
188961,62074
154803,1304
154803,59822
204774,63510
195372,1370
195372,62376
128901,34092
128901,56714
162843,62074
184710,16358
244278,1304
244278,59822
208554,63510
206799,59822
206799,1304
244971,50718
244971,63538
244971,30500
244971,33886
210978,63510
233970,59822
233970,1304
236775,62074
230331,62074
164337,57414
242232,63510
206955,63510
238827,63510
183912,62376
183912,1370
194409,63510
194883,50718
194883,63538
194883,30500
194883,33886
129081,63510
203820,63510
244971,50274
212211,30500
212211,33886
212211,50718
212211,63538
89013,62074
67335,57414
203073,62074
196455,63510
229812,62074
206367,62376
206367,1370
206646,62376
210897,1370
210897,62376
206646,1370
211524,59822
211524,1304
237840,57414
210633,57414
206955,50718
242232,33886
206955,63538
206955,33886
238827,50718
238827,33886
238827,63538
242232,63538
242232,30500
238827,30500
206955,30500
242232,50718
212478,63510
231876,62074
205815,59822
205815,1304
216108,59822
216108,1304
163101,59822
163101,1304
230331,57414
236775,57414
195723,33886
195723,50718
195723,63538
195723,30500
153792,34092
153792,56714
232404,62376
232404,1370
206406,63510
207144,63510
206811,63510
203445,62074
232029,63538
232029,30500
232029,50718
232029,33886
232035,30500
232035,33886
232035,63538
232035,50718
210120,63510
224208,63510
246858,63510
220713,59822
220713,1304
209799,63510
213114,1304
213114,59822
227616,59822
227616,1304
209793,33886
209793,30500
209793,63538
209793,50718
225276,59822
225276,1304
238263,63508
238263,49888
238263,62860
238263,62944
208788,33886
208788,30500
208788,63538
208788,50718
199479,57414
242610,63510
210954,57414
198573,63538
198573,50718
198573,33886
198573,30500
166128,62074
222750,56714
222750,34092
225501,50718
225501,63538
225501,33886
225501,30500
205959,59822
205959,1304
163044,34092
163044,56714
198534,63510
248013,63510
199854,1304
199854,59822
243390,63510
208872,63510
224931,59822
224931,1304
203811,62074
210234,59822
210234,1304
178068,56714
178068,34092
165684,35846
210876,35846
207396,57414
235335,57414
230028,59822
230028,1304
214998,63510
198279,57414
214506,62074
207618,57414
224526,63510
211524,1370
211524,62376
96444,16358
249579,16358
205905,16358
218061,16358
246963,50718
246963,63538
246963,33886
246963,30500
154041,57414
247029,1304
247029,59822
61344,1304
61344,59822
192618,56714
192618,34092
207222,124
211533,56714
211533,34092
207597,57414
164970,59822
164970,1304
72108,1370
72108,62376
227310,59822
227310,1304
219231,59822
208758,59822
219231,1304
208758,1304
154167,63510
252480,62074
210690,33886
210690,30500
210690,63538
208572,50718
221526,33886
210690,50718
208572,30500
221526,63538
221526,50718
221526,30500
208572,63538
208572,33886
234864,57414
217782,57414
174195,57414
177921,1304
177921,59822
161787,59822
161787,1304
250782,62376
250782,1370
222906,56714
222906,34092
186882,56714
186882,34092
197034,62074
163578,63510
154041,59822
154041,1304
161787,57414
212301,63510
206670,63538
206670,30500
206670,50718
206670,33886
153999,1304
153999,59822
165726,62376
165726,1370
205815,57414
203439,16358
217380,16358
203259,16358
153792,62376
153792,1370
210171,59822
210171,1304
238032,63510
66879,59822
66879,1304
198945,1304
198945,59822
154167,1304
154167,59822
203295,63510
201564,63510
203301,63510
203706,63510
64218,57414
181746,57414
154119,59822
154119,1304
210234,1370
210234,62376
173667,59822
173667,1304
248373,33886
248373,50718
248373,30500
248373,63538
163251,57414
61344,49888
61344,62944
61344,62860
61344,63508
207096,63510
196311,63510
71301,59822
71301,1304
154434,56714
154434,34092
164457,59822
164457,1304
229977,63510
154485,62074
201741,1304
201741,59822
206496,1304
206496,59822
232614,57414
204480,63510
203736,16358
154434,62074
184710,34092
184710,56714
198573,10652
163044,1304
163044,59822
204375,59822
204375,1304
238218,57414
172503,57414
207618,63538
207618,30500
207618,50718
207618,33886
192300,57414
154803,57414
156024,62074
238032,1304
238032,59822
247986,62376
247986,1370
249207,1304
249207,59822
230010,1304
230010,59822
154821,63510
154098,57414
241389,57414
157185,59822
157185,1304
157854,63510
56871,59822
56871,1304
60864,59822
60864,1304
206418,62860
206418,49888
206418,62944
206418,63508
203829,59822
203829,1304
206304,1304
206304,59822
207618,1304
207618,59822
211407,63510
203724,50718
203724,30500
203724,33886
203724,63538
163101,30500
163101,33886
163101,63538
163101,50718
203166,62074
184698,1304
184698,59822
189045,63510
72645,63538
72645,33886
72645,50718
72645,30500
235458,59822
235458,1304
244158,57414
253578,62376
253578,1370
204243,57414
186177,62074
153813,57414
251643,63510
236520,57414
186177,50718
186177,63538
186177,33886
186177,30500
249687,1370
249687,62376
188331,62074
249513,50718
249513,30500
249513,33886
249513,63538
207330,34092
207330,56714
167256,57414
163377,59822
163377,1304
129204,63510
205731,63510
206673,33886
206673,63538
206673,30500
206673,50718
206448,62376
207084,62376
207084,1370
206448,1370
192942,50718
192942,33886
192942,30500
192942,63538
234093,62944
234093,63508
234093,49888
210393,62860
210393,62944
234093,62860
210393,63508
210393,49888
192942,63510
249207,63510
157398,57414
221331,62074
167652,62074
227292,63538
227292,50718
227292,30500
227292,33886
249297,57414
229737,10652
238032,62376
238032,1370
196302,59822
206856,1304
196302,1304
206856,59822
212892,63510
183666,57414
226623,59822
226623,1304
251253,59822
251253,1304
163251,30500
163251,63538
163251,50718
163251,33886
208554,59822
208554,1304
208788,1304
208788,59822
174195,1304
174195,59822
207330,57414
206748,50274
171702,57414
206928,50718
250749,33886
206928,63538
206838,30500
250749,30500
249216,33886
249216,63538
206928,30500
206928,33886
206838,33886
253506,30500
206838,50718
253506,33886
249216,50718
250749,63538
249216,30500
253506,63538
250749,50718
206838,63538
253506,50718
89013,57414
61692,16358
210168,16358
188196,57414
203277,56714
203277,34092
65067,62074
232029,1370
232029,62376
68676,57414
153642,57414
251121,59822
251121,1304
229737,35732
229737,56696
248301,57414
248205,63510
236226,63510
88821,16358
165750,16358
250275,30500
206988,33886
206988,50718
206988,63538
206988,30500
250275,33886
250275,63538
250275,50718
253191,62074
248301,1304
248301,59822
184710,1304
184710,59822
232029,59822
232029,1304
208503,1304
242571,1304
208503,59822
251631,1304
242571,59822
251631,59822
25743,1304
25743,59822
246054,57414
172419,63510
250275,62376
206988,62376
250275,1370
206988,1370
153642,59822
153642,1304
211950,62074
206433,1370
206637,1370
206625,62376
206637,62376
206625,1370
206433,62376
247260,63508
247260,62860
247260,62944
247260,49888
183492,63510
208209,1370
208209,62376
153999,57414
233814,56714
233814,34092
162603,62376
162603,1370
240939,63510
249930,1304
249930,59822
206670,57414
206448,50718
207084,50718
207084,30500
206448,30500
207084,63538
206448,63538
206448,33886
207084,33886
212526,62074
203736,57414
203274,16358
181101,63510
238068,62074
166599,62074
227310,50718
227310,63538
250653,30500
227310,30500
250653,33886
250653,50718
197286,63538
197286,50718
250653,63538
197286,30500
227310,33886
197286,33886
241824,1370
241824,62376
203871,50718
203871,30500
203871,33886
204780,30500
204780,33886
203871,63538
204780,50718
204780,63538
248682,30500
248682,33886
248682,50718
248682,63538
211533,16358
204717,57414
198981,30500
198981,63538
198981,33886
198981,50718
213114,33886
227616,50718
213114,30500
213114,63538
227616,63538
213114,50718
227616,30500
227616,33886
228438,59822
228438,1304
250362,63510
235458,63510
139272,63510
207219,33886
207219,50718
207219,30500
207219,63538
208794,57414
248682,63510
183666,62074
206748,35732
206748,56696
206850,59822
206850,1304
184104,57414
239577,1304
239577,59822
227115,30500
210678,30500
210678,50718
227115,63538
210678,63538
227115,33886
210678,33886
227115,50718
212211,63510
65067,57414
252081,62944
207339,49888
207339,63508
207339,62944
207339,62860
252081,63508
252081,49888
252081,62860
181593,59822
181593,1304
252480,1304
252480,59822
129081,57414
194409,59822
194409,1304
234156,62376
234156,1370
129135,57414
206367,57414
206646,57414
210897,57414
224169,63510
205812,57414
250947,62376
250947,1370
204375,63510
206637,50718
206433,33886
206637,30500
206433,30500
206433,63538
206625,33886
206433,50718
206625,50718
206625,30500
206637,33886
206637,63538
206625,63538
242856,62376
242856,1370
203274,63510
196722,63510
203271,63510
212112,63510
207330,35846
195372,62860
195372,63508
195372,49888
195372,62944
244092,57414
207240,50718
207240,30500
207240,33886
207240,63538
128538,62376
128538,1370
227310,62376
227310,1370
213114,63510
206367,33886
210897,50718
210897,30500
206646,50718
206646,63538
210897,33886
206367,63538
206367,50718
206646,33886
206367,30500
206646,30500
210897,63538
246963,63508
246963,49888
246963,62944
246963,62860
204480,62074
244287,57414
224208,33886
224208,30500
224208,63538
224208,50718
203724,1370
203724,62376
154827,62074
213513,63510
247260,62376
247260,1370
164007,57414
178458,1370
178458,62376
194409,50718
194409,30500
194409,63538
194409,33886
164007,1304
164007,59822
208758,63510
219231,63510
177951,62074
206349,62376
206349,1370
213978,62074
157224,1304
157224,59822
197034,57414
88920,1304
88920,59822
65328,63510
249159,57414
176577,57414
96444,63510
189009,1304
189009,59822
65067,34092
65067,56714
211533,57414
153600,59822
153600,1304
204228,57414
61899,62074
248202,1304
248202,59822
219231,1370
219231,62376
208758,62376
208758,1370
165786,63510
211632,1370
211632,62376
153600,63510
156024,57414
226662,57414
229977,1304
229977,59822
241824,33886
241824,50718
241824,30500
241824,63538
206349,63538
206349,30500
206349,50718
206349,33886
203727,1370
203727,62376
211476,30500
211476,63538
211476,50718
211476,33886
211740,1304
211740,59822
183213,57414
176643,1304
176643,59822
172587,1304
172587,59822
220728,63510
166995,1304
166995,59822
208206,34092
208206,56714
209796,10808
209796,1372
129135,63510
192300,63510
189009,57414
212571,30500
242412,63538
242412,30500
242412,33886
208524,63538
212571,33886
212571,63538
212571,50718
242412,50718
208524,30500
208524,33886
208524,50718
139272,1304
139272,59822
226140,59822
226140,1304
66879,57414
198792,1370
198792,62376
208812,1370
208812,62376
203301,50718
203706,50718
203706,30500
203301,30500
203301,33886
201564,63538
203295,30500
203295,63538
203706,33886
203301,63538
201564,33886
203295,50718
201564,30500
203706,63538
203295,33886
201564,50718
184950,62074
229737,63510
217002,62074
203214,63510
206439,57414
232269,1304
232269,59822
227616,56714
227616,34092
249297,1304
249297,59822
188700,57414
165717,57414
157185,62074
209073,59822
209073,1304
155043,62074
251121,57414
163101,57414
61344,16358
72117,62944
72117,63508
72117,62860
72117,49888
153279,57414
249513,63510
173667,63510
217002,1370
217002,62376
217002,34092
217002,56714
154476,62074
248013,62074
211989,62376
211989,1370
229812,1304
229812,59822
207600,59822
207600,1304
225699,1304
225699,59822
208053,63510
204771,59822
204771,1304
153756,57414
211533,63510
211965,1370
211965,62376
167256,62074
206670,62376
206670,1370
220713,50718
220713,30500
220713,63538
220713,33886
194883,63510
128901,62074
68496,57414
172695,59822
172695,1304
251643,63538
251643,33886
251643,30500
251643,50718
220713,57414
232068,57414
181101,33886
181101,63538
181101,50718
181101,30500
65313,62074
217494,59822
217494,1304
217494,57414
209994,57414
247548,56714
247548,34092
209796,49888
209796,62860
209796,62944
209796,63508
227616,63510
89013,63510
224208,11262
206856,33886
196302,50718
196302,33886
206856,63538
196302,63538
196302,30500
206856,50718
206856,30500
222906,57414
164457,30500
164457,33886
164457,63538
164457,50718
232614,63538
232614,30500
232614,33886
232614,50718
211140,50274
183492,50718
183492,30500
183492,33886
183492,63538
208812,1304
208812,59822
65052,1304
65052,59822
205188,57414
210129,57414
213978,62376
213978,1370
72561,63510
167256,63510
129135,63538
129135,33886
129135,30500
129135,50718
207243,59822
207243,1304
220269,54096
188685,57414
206748,1370
206748,62376
212283,57414
207330,59822
207330,1304
211947,59822
211947,1304
228753,1304
228753,59822
253557,63538
253557,30500
253557,33886
253557,50718
206799,50718
206799,63538
206799,33886
206799,30500
244287,62074
211386,1304
211386,59822
186378,1304
186378,59822
66915,1370
66915,62376
208206,57414
67764,33886
67764,50718
67764,63538
67764,30500
184104,59822
184104,1304
189045,59822
189045,1304
230028,1370
230028,62376
154740,1304
154740,59822
234864,63510
154779,57414
208566,63510
236226,63538
236226,30500
236226,50718
236226,33886
232404,50718
232404,30500
232404,63538
232404,33886
211965,63538
211965,30500
211965,33886
211965,50718
187962,33886
187962,63538
187962,50718
187962,30500
234156,57414
230010,50718
230010,30500
230010,63538
230010,33886
186378,57414
211386,57414
207927,59822
207927,1304
188961,59822
188961,1304
68496,63538
68496,50718
68496,33886
68496,30500
166437,63510
184509,1304
184509,59822
250653,62376
250653,1370
197286,1370
197286,62376
195723,63510
63876,62376
63876,1370
209622,1304
209622,59822
237804,10808
237804,1372
191256,63510
164457,63510
206838,57414
250749,57414
206928,57414
253506,57414
249216,57414
203328,30500
203328,50718
203328,63538
203328,33886
231459,57414
207219,57414
249579,63510
218061,63510
203736,63510
205905,63510
249216,1370
206928,62376
206838,62376
250749,62376
253506,62376
249216,62376
206838,1370
253506,1370
206928,1370
250749,1370
128334,63510
248205,59822
248205,1304
181593,33886
181593,63538
181593,30500
181593,50718
235335,62074
204717,62074
200964,63510
205959,63510
204375,16358
250434,57414
253671,59822
253671,1304
65067,59822
65067,1304
232404,57414
154542,34092
154542,56714
187875,57414
208872,62376
208872,1370
68496,1304
68496,59822
220011,62074
233814,50718
233814,33886
233814,30500
233814,63538
71301,63510
231459,1304
231459,59822
154560,56714
154560,34092
224841,59822
224841,1304
243408,59822
243408,1304
250947,30500
250947,33886
250947,63538
250947,50718
244092,59822
244092,1304
166128,50718
166128,30500
166128,33886
166128,63538
154542,1304
154542,59822
155055,62074
222204,59822
222204,1304
206448,57414
207084,57414
213513,57414
209073,30500
209073,63538
209073,33886
209073,50718
242151,62860
198882,49888
242151,62944
198882,62860
198882,62944
242151,63508
242151,49888
198882,63508
162795,50718
162795,30500
162795,63538
162795,33886
128763,57414
253683,1304
253683,59822
211950,1370
211950,62376
250434,50718
250434,33886
250434,63538
250434,30500
153402,34092
153402,56714
206955,59822
238827,59822
242232,59822
238827,1304
206955,1304
242232,1304
217293,1304
217293,59822
242439,1304
242439,59822
208206,62074
252210,63510
188331,1304
188331,59822
234156,50718
234156,33886
234156,30500
234156,63538
225480,63510
206364,62074
192300,30500
192300,33886
192300,50718
192300,63538
155388,62074
188100,63510
235458,30500
235458,33886
235458,50718
235458,63538
184509,1372
184509,10808
212526,63510
154998,63510
164661,62074
171702,63538
171702,30500
171702,50718
171702,33886
175809,56696
175809,35732
248301,33886
248301,30500
248301,63538
248301,50718
153792,62074
61899,1304
61899,59822
179700,59822
179700,1304
252774,1304
223554,59822
252774,59822
223554,1304
214506,62376
214506,1370
157398,63510
207927,63510
188730,1304
188730,59822
187734,1304
187734,59822
230073,63510
222750,1304
222750,59822
160770,57414
248202,49888
248202,63508
248202,62944
248202,62860
246054,59822
246054,1304
216108,33886
216108,50718
216108,63538
216108,30500
188331,50718
188331,33886
188331,30500
188331,63538
206988,57414
250275,57414
232029,63510
207243,63510
72930,56696
72930,35732
206625,57414
206433,57414
206637,57414
195723,57414
251643,1304
251643,59822
207339,59822
252081,1304
207339,1304
252081,59822
210978,57414
188331,63510
155055,63510
188604,57414
128526,30500
128526,33886
128526,50718
128526,63538
65313,57414
204780,59822
204780,1304
203871,1304
203871,59822
187386,57414
208872,62074
201741,50718
201741,63538
201741,33886
201741,30500
210876,57414
222906,62074
198279,62074
245154,57414
203724,63510
154119,63510
65052,63510
244041,59822
244041,1304
228729,63538
228729,30500
228729,50718
228729,33886
212220,124
176403,124
249486,1304
249486,59822
181746,63510
233970,50718
233970,63538
233970,33886
233970,30500
246150,57414
219048,57414
66915,62074
206364,63510
174513,59822
174513,1304
249207,16358
249687,57414
223728,62074
183366,63538
183366,50718
183366,30500
183366,33886
72930,10652
226140,30500
226140,63538
226140,50718
226140,33886
231057,1304
231057,59822
166002,34092
166002,56714
242856,56714
242856,34092
60864,57414
88920,63510
206412,1370
206484,1370
206514,62376
206763,62376
206484,62376
211641,1370
211641,62376
206412,62376
206763,1370
206514,1370
153792,57414
244287,63510
128763,30500
128763,50718
128763,33886
128763,63538
214194,1304
214194,59822
205722,57414
157416,57414
223968,63510
165717,63510
188700,63510
201741,57414
187659,63538
187659,30500
187659,50718
187659,33886
198552,57414
155043,63510
241389,33886
241389,50718
241389,63538
241389,30500
228753,50718
228753,30500
228753,33886
228753,63538
162795,63510
208053,1304
208053,59822
248178,57414
201837,57414
208545,57414
251721,57414
206673,63510
211947,63538
211947,50718
211947,30500
211947,33886
247548,59822
247548,1304
249159,62074
161058,57414
196845,30500
196845,33886
196845,63538
196845,50718
249207,57414
230178,57414
253557,59822
253557,1304
206868,1370
190152,1370
190152,62376
206868,62376
181593,63510
157767,62074
240939,62944
240939,49888
240939,63508
240939,62860
242571,33886
208503,33886
242571,50718
251631,50718
208503,30500
208503,63538
251631,33886
251631,30500
242571,63538
208503,50718
242571,30500
251631,63538
246150,1304
246150,59822
200508,30500
200508,63538
200508,50718
200508,33886
204375,57414
212478,1370
212478,62376
192618,35846
242856,63510
226623,1370
251253,62376
251253,1370
226623,62376
224631,63510
212448,49888
212448,62944
212448,62860
212448,63508
209622,63510
154770,63510
213978,57414
192549,50274
180195,1304
180195,59822
154167,56696
154167,35732
181593,1372
181593,10808
187221,50718
187221,33886
187221,30500
187221,63538
183468,16358
216948,63510
212442,1304
212442,59822
227670,16358
229536,59822
229536,1304
195507,30500
195507,33886
195507,63538
195507,50718
162603,1304
162603,59822
155388,35732
155388,56696
172419,1304
172419,59822
211533,1304
211533,59822
248796,56714
248796,34092
203151,57414
227973,57414
227670,57414
69060,57414
163377,57414
165684,63510
61824,49888
61824,63508
61824,62944
61824,62860
166002,1304
166002,59822
235932,50718
235932,30500
235932,63538
235932,33886
210840,63538
210840,50718
210840,33886
210840,30500
186327,1304
186327,59822
222204,63510
188637,63538
188637,33886
188637,50718
188637,30500
61899,63510
225699,63510
247029,57414
177951,1304
177951,59822
204228,1304
204228,59822
200508,57414
184950,57414
154542,63510
188637,59822
188637,1304
244278,50718
244278,63538
244278,33886
244278,30500
206304,57414
61824,59822
61824,1304
187806,63538
187806,50718
187806,33886
187806,30500
62817,1304
62817,59822
212211,10652
224631,59822
224631,1304
177951,57414
225276,57414
221247,33886
221247,50718
221247,30500
221247,63538
220728,59822
220728,1304
163101,63510
250977,62074
187224,57414
229536,35732
229536,56696
230178,63510
72108,50718
72108,63538
72108,33886
72108,30500
205959,50718
205959,33886
205959,30500
205959,63538
154032,63510
249294,1304
249294,59822
236775,1304
236775,59822
230331,59822
230331,1304
129204,33886
129204,50718
129204,30500
129204,63538
183366,1370
183366,62376
210627,63510
227973,63510
206349,57414
203166,63510
210633,1304
210633,59822
186987,62074
224931,63510
162843,57414
154485,57414
64959,30500
64959,33886
64959,63538
64959,50718
207222,10808
207222,1372
206406,1370
206406,62376
206811,1370
207144,1370
206811,62376
207144,62376
66879,33886
66879,50718
66879,30500
66879,63538
154821,63538
154821,50718
154821,33886
154821,30500
207219,59822
207219,1304
204483,56714
247974,56714
247974,34092
204483,34092
204657,1304
204657,59822
229977,33886
229977,30500
229977,50718
229977,63538
183921,63510
206763,50718
206514,50718
206484,63538
206484,50718
211641,30500
206763,30500
206484,30500
206412,63538
206514,30500
206514,63538
206412,30500
211641,33886
211641,63538
206763,33886
206484,33886
206412,50718
206763,63538
211641,50718
206514,33886
206412,33886
183363,63510
208794,62376
208794,1370
248292,59822
248292,1304
229812,1370
229812,62376
183213,1304
183213,59822
232269,1370
232269,62376
204411,63510
230073,50718
230073,33886
230073,63538
230073,30500
203511,63510
174195,10808
174195,1372
176403,50274
212220,50274
72561,34092
72561,56714
187806,1304
187806,59822
72045,1304
72045,59822
171702,63510
230286,63510
155337,1304
155337,59822
128763,59822
128763,1304
181746,30500
181746,50718
181746,63538
181746,33886
245631,63510
165717,33534
188700,33534
231708,50718
231708,30500
231708,63538
231708,33886
191247,57414
204411,59822
204411,1304
207618,35732
207618,56696
72561,62074
154560,62074
139272,50718
139272,30500
139272,63538
139272,33886
203214,62074
181101,59822
181101,1304
240912,57414
65640,63510
220728,57414
65640,30500
65640,50718
65640,33886
65640,63538
204144,59822
204144,1304
192942,1370
192942,62376
154167,33886
154167,50718
154167,63538
154167,30500
204483,62074
247974,62074
210120,10652
222669,59822
222669,1304
221331,59822
221331,1304
252696,63510
224169,62074
250362,35846
207240,16358
203796,49888
203796,62860
208341,62860
208341,62944
203796,63508
208341,49888
203796,62944
208341,63508
253335,57414
157185,57414
247956,57414
243408,57414
208788,62944
208788,63508
208788,49888
208788,62860
153138,59822
153138,1304
164337,1304
164337,59822
248202,54096
211950,63510
250977,57414
207600,50718
207600,30500
207600,63538
207600,33886
72645,59822
72645,1304
199479,63510
253671,30500
253671,33886
253671,50718
253671,63538
238218,63510
128604,63538
128604,50718
128604,30500
128604,33886
206799,57414
183921,59822
183921,1304
156024,63510
237840,63510
208794,59822
208794,1304
157854,57414
231057,50274
154740,57414
198873,57414
171702,16358
199854,35732
199854,56696
207396,30500
207396,33886
207396,63538
207396,50718
246618,30500
246618,63538
246618,33886
246618,50718
247962,63538
247962,33886
247962,30500
247962,50718
217494,34092
217494,56714
234093,1370
210393,62376
234093,62376
210393,1370
245976,63510
207222,62944
207222,62860
207222,63508
207222,49888
61899,63538
61899,33886
61899,30500
61899,50718
213513,1304
213513,59822
207105,62074
223728,59822
223728,1304
179790,63538
179790,50718
179790,33886
179790,30500
175293,62074
214194,57414
154551,57414
246804,57414
153402,1304
153402,59822
155388,30500
155388,50718
155388,63538
155388,33886
210171,57414
154665,63510
129135,56696
129135,35732
220011,56714
220011,34092
210876,63510
206418,62074
247983,49888
247983,63508
247983,62944
247983,62860
207618,63510
216108,57414
153048,33886
153048,63538
153048,50718
153048,30500
208554,33886
208554,63538
208554,30500
208554,50718
72117,1304
72117,59822
198552,63510
210876,33534
165684,33534
187962,59822
187962,1304
65328,62074
186882,62074
207105,63510
227292,63510
72918,57414
162843,1304
162843,59822
203511,59822
203511,1304
154821,1304
154821,59822
189009,30500
189009,33886
189009,63538
189009,50718
164970,63538
164970,33886
164970,30500
164970,50718
230286,33886
230286,63538
230286,50718
230286,30500
206673,62376
206673,1370
252405,63510
212220,57804
176403,57804
228438,63538
228438,30500
228438,50718
228438,33886
62817,10652
208500,50718
208500,63538
208500,33886
208500,30500
221331,63538
221331,33886
221331,30500
221331,50718
161208,57414
164970,63510
253683,33886
253683,63538
253683,30500
253683,50718
247548,57414
210627,62074
209796,35732
209796,56696
175809,63538
175809,30500
175809,50718
175809,33886
207222,59822
207222,1304
180495,57414
213978,63510
129081,16358
253191,59822
253191,1304
223518,63510
192159,63510
166599,1304
166599,59822
238068,59822
238068,1304
222759,35732
222759,56696
204243,1372
204243,10808
237804,63510
212283,63510
223518,57414
192159,57414
212211,56696
212211,35732
204771,50718
204771,63538
204771,33886
204771,30500
174513,30500
174513,50718
174513,63538
174513,33886
203700,33886
203700,30500
203700,63538
203700,50718
251643,34092
251643,56714
183366,63508
183366,62944
183366,62860
183366,49888
223728,1370
223728,62376
60762,50718
60762,63538
60762,30500
60762,33886
210129,63538
205188,30500
210129,33886
210129,50718
210129,30500
205188,33886
205188,63538
205188,50718
200364,57414
230010,63510
206799,1370
206799,62376
209994,63510
72045,35732
72045,56696
244005,1304
244005,59822
203277,63510
225699,63538
225699,50718
225699,30500
225699,33886
128526,59822
128526,1304
65328,59822
65328,1304
198882,56696
242151,56696
242151,35732
198882,35732
59700,57414
158658,30500
158658,63538
158658,33886
158658,50718
196311,1370
207096,62376
207096,1370
196311,62376
62817,35732
62817,56696
140277,16358
60762,63510
205815,33886
205815,30500
205815,63538
205815,50718
204144,63510
164337,63510
249207,63538
249207,30500
249207,50718
249207,33886
216948,33886
216948,63538
216948,50718
216948,30500
244005,56714
244005,34092
248205,33886
248205,30500
248205,63538
248205,50718
64959,57414
179790,63510
162984,56696
162984,35732
203829,63510
194883,35732
194883,56696
246963,1304
246963,59822
89013,1304
89013,59822
211140,63510
208341,59822
203796,59822
208341,1304
203796,1304
213102,57414
192300,56696
192300,35732
192300,59822
192300,1304
196845,49888
203700,62860
196845,63508
203700,62944
196845,62860
203700,49888
203700,63508
196845,62944
64959,62074
181746,59822
181746,1304
244041,50718
244041,33886
244041,30500
244041,63538
188343,57414
192627,57414
211236,56696
211236,35732
173667,62074
241824,57414
244005,57414
232029,1372
232029,10808
251967,59822
251967,1304
221247,63508
221247,62944
221247,49888
221247,62860
227670,63510
154560,57414
247962,57414
174513,63510
158742,63510
178068,62074
223554,50718
252774,63538
252774,50718
223554,63538
252774,33886
223554,30500
223554,33886
252774,30500
228753,63510
187875,56696
187875,35732
231708,35732
231708,56696
176403,59822
212220,59822
212220,1304
176403,1304
248205,56696
248205,35732
183492,59822
183492,1304
200964,56714
200964,34092
206847,63510
210633,16358
213513,16358
194883,10652
206850,57414
212448,1304
212448,59822
231057,49888
231057,63508
231057,62860
231057,62944
187962,57414
199479,50718
199479,63538
199479,33886
199479,30500
183666,63510
203811,33886
203811,50718
203811,63538
203811,30500
128334,33886
128334,50718
128334,30500
128334,63538
175809,10652
166995,50718
166995,33886
166995,63538
166995,30500
154119,63538
154119,30500
154119,50718
154119,33886
178068,57414
204483,57414
247974,57414
198279,59822
198279,1304
232035,56696
232035,35732
197529,16358
191247,63510
171702,1304
171702,59822
248796,63510
198792,62074
230178,62074
236226,59822
236226,1304
225501,50274
198573,56696
198573,35732
238263,1370
238263,62376
207600,16358
154485,59822
154485,1304
186177,1304
186177,59822
237804,10652
212301,62376
212301,1370
153402,57414
172503,33886
172503,30500
172503,50718
172503,63538
210120,1304
210120,59822
209796,33886
209796,50718
209796,63538
209796,30500
209796,59822
209796,1304
175809,63508
175809,62944
175809,62860
175809,49888
248292,63510
196311,56696
196311,35732
207096,56696
207096,35732
155100,59822
155100,1304
163578,30500
163578,33886
163578,63538
163578,50718
253683,57414
210633,54096
208092,63510
154476,63510
188685,1304
188685,59822
194409,16358
181101,62074
235458,56696
235458,35732
250977,59822
250977,1304
215112,1304
215112,59822
207597,35732
207597,56696
64959,63510
237840,33886
237840,30500
237840,50718
237840,63538
172695,62074
247956,59822
247956,1304
229737,50718
229737,33886
229737,63538
229737,30500
183450,57414
181101,10808
181101,1372
220269,62074
63876,56696
63876,35732
60864,35846
248013,62944
248013,49888
248013,62860
248013,63508
180495,63510
212301,35732
212301,56696
154476,57414
206496,63538
206496,33886
206496,30500
206496,50718
209622,16358
223782,63538
223782,30500
223782,33886
223782,50718
216822,63508
216822,62860
216822,49888
216822,62944
72930,1372
72930,10808
217782,63510
203271,59822
212112,59822
203274,59822
203256,59822
203274,1304
203271,1304
212112,1304
196722,1304
196722,59822
203256,1304
241350,50274
175809,1304
175809,59822
64218,1304
64218,59822
208872,30500
208872,33886
208872,63538
208872,50718
224526,33886
224526,50718
224526,63538
224526,30500
167652,57414
177921,63510
208092,63538
208092,30500
208092,33886
208092,50718
157224,57414
178458,57414
167652,1304
167652,59822
252405,62074
129135,1304
129135,59822
248202,10652
206868,63510
180195,63510
161058,50718
161058,30500
161058,33886
161058,63538
198945,63510
204375,30500
204375,50718
204375,63538
204375,33886
160029,62944
160029,62860
160029,63508
160029,49888
184950,63538
184950,33886
184950,50718
184950,30500
209793,62074
183468,56696
183468,35732
198552,35846
214998,1372
214998,10808
208545,30500
201837,33886
201837,30500
248178,50718
208545,63538
251721,63538
201837,50718
248178,33886
208545,33886
251721,50718
251721,30500
208545,50718
248178,30500
248178,63538
251721,33886
201837,63538
220269,1372
220269,10808
248202,35732
248202,56696
154032,30500
154032,50718
154032,63538
154032,33886
253578,62074
174513,57414
222906,59822
222906,1304
228024,33886
228024,63538
228024,30500
228024,50718
252210,33886
252210,50718
252210,30500
252210,63538
88821,57414
165750,57414
175293,63538
175293,33886
175293,50718
175293,30500
194601,11262
225501,56696
225501,35732
210954,63510
211632,59822
211632,1304
235932,57414
210840,57414
213513,50718
213513,63538
213513,33886
213513,30500
246804,62074
211524,56696
211524,35732
66879,63510
191247,35846
206748,63186
206748,42132
216822,33886
216822,30500
216822,63538
216822,50718
203775,57414
232614,56696
232614,35732
249297,63538
249297,50718
249297,30500
249297,33886
203151,16358
69060,16358
227973,16358
230010,16358
206496,1370
206496,62376
176403,10652
212220,10652
72117,16358
248202,124
183366,11262
242610,63538
242610,33886
242610,50718
242610,30500
178458,62074
60762,62376
60762,1370
207396,63510
237804,50718
237804,33886
237804,30500
237804,63538
155388,54096
238218,59822
238218,1304
251967,49888
251967,62860
251967,62944
251967,63508
244287,54096
250782,34092
250782,56714
197286,62860
227310,62944
197286,62944
250653,62860
227310,49888
250653,49888
197286,49888
250653,62944
227310,62860
197286,63508
250653,63508
227310,63508
210678,62376
227115,1370
227115,62376
210678,1370
209073,63510
247962,63510
212430,33886
227295,30500
212430,63538
212430,30500
227295,50718
227295,33886
227295,63538
212430,50718
203295,35732
203706,56696
203301,35732
201564,35732
203706,35732
203295,56696
201564,56696
203301,56696
206850,33886
206850,50718
206850,30500
206850,63538
205731,50718
205731,30500
205731,33886
205731,63538
128538,50718
128538,33886
128538,30500
128538,63538
248013,16358
203775,63510
210954,59822
210954,1304
188961,57414
210171,63510
209799,1304
209799,59822
204411,33886
204411,63538
204411,30500
204411,50718
183912,62074
188100,33886
188100,30500
188100,63538
188100,50718
209796,10652
211236,63510
211812,33886
211812,63538
211812,50718
211812,30500
210234,35732
210234,56696
172503,63510
215112,50274
197034,63510
244680,33886
244680,30500
244680,50718
244680,63538
249579,59822
205905,59822
218061,1304
205905,1304
249579,1304
218061,59822
96444,1304
96444,59822
155388,10652
157767,63510
72108,57414
230028,56696
230028,35732
250782,57414
208206,63510
245631,59822
245631,1304
253671,63510
203775,16358
154119,35732
154119,56696
187221,35732
187221,56696
204774,30500
204774,33886
204774,63538
204774,50718
250362,59822
250362,1304
206799,63510
242130,63510
187659,63510
234156,63510
238536,63510
203277,62074
241389,35732
241389,56696
154821,56696
154821,35732
216564,63510
209094,63510
154665,59822
154665,1304
210171,63538
210171,30500
210171,50718
210171,33886
187734,57414
188730,57414
66915,1304
66915,59822
231708,10652
72561,57414
208209,1304
208209,59822
174195,63510
128901,59822
128901,1304
204717,63510
238263,56696
238263,35732
208341,30500
208341,50718
203796,63538
208341,63538
203796,30500
208341,33886
203796,50718
203796,33886
189045,33886
189045,30500
189045,50718
189045,63538
244680,35732
244680,56696
198873,62074
209994,1304
209994,59822
247260,30500
247260,50718
247260,63538
247260,33886
207222,10652
206847,50718
206847,33886
206847,63538
206847,30500
67764,35732
67764,56696
248796,57414
65577,1304
65577,59822
188787,1304
188787,59822
211950,63538
211950,33886
211950,30500
211950,50718
175878,57414
237804,35732
237804,56696
224526,10652
212220,10808
176403,1372
176403,10808
212220,1372
167256,33886
167256,63538
167256,50718
167256,30500
229812,33886
229812,30500
229812,50718
229812,63538
216108,56696
216108,35732
203082,62074
238611,62074
208092,57414
248682,35732
248682,56696
160029,56696
160029,35732
203166,59822
203166,1304
249297,63510
71301,50718
71301,33886
71301,63538
71301,30500
67158,57414
252405,30500
252405,50718
252405,33886
252405,63538
238032,35732
238032,56696
192627,59822
192627,1304
188604,35732
188604,56696
220728,1370
220728,62376
197529,57414
228438,57414
188331,35732
188331,56696
188100,35732
188100,56696
220011,1304
220011,59822
230010,57414
198534,62074
162603,57414
165786,59822
165786,1304
249294,50718
249294,30500
249294,33886
249294,63538
206748,1372
206748,10808
206361,57414
233970,56696
233970,35732
72918,30500
72918,33886
72918,50718
72918,63538
198573,10808
198573,1372
245976,59822
245976,1304
187875,50718
187875,63538
187875,30500
187875,33886
211740,30500
211740,63538
211740,33886
211740,50718
166002,63510
204771,16358
198801,33886
198801,50718
198801,63538
198801,30500
154821,10652
207597,63538
207597,33886
207597,30500
207597,50718
165726,63510
203700,16358
251121,30500
251121,50718
251121,63538
251121,33886
211407,62376
211407,1370
198855,30500
198855,63538
198855,33886
198855,50718
165726,57414
189009,63510
222906,63510
217002,59822
217002,1304
212748,50718
212748,33886
251619,30500
206481,50718
206481,30500
212748,63538
251619,63538
251619,50718
251619,33886
206481,33886
206481,63538
212748,30500
214998,59822
214998,1304
181101,10652
251253,57414
226623,57414
128538,62944
128538,63508
128538,62860
128538,49888
154434,1304
154434,59822
129081,30500
129081,33886
129081,50718
129081,63538
231708,63510
188637,63510
61692,63538
61692,50718
210168,63538
210168,33886
61692,30500
61692,33886
210168,30500
210168,50718
154476,1304
154476,59822
214506,57414
203151,63510
69060,63510
66879,35732
66879,56696
157398,59822
157398,1304
205722,16358
157416,16358
233091,63538
233091,50718
233091,33886
233091,30500
221247,11262
232068,33886
232068,63538
232068,50718
232068,30500
227292,35732
227292,56696
207600,10652
183666,59822
183666,1304
234018,56696
234972,35732
234018,35732
234972,56696
128526,54096
205722,35732
205722,56696
157416,35732
157416,56696
175809,54096
234864,1304
234864,59822
216948,35732
216948,56696
165786,30500
165786,33886
165786,50718
165786,63538
207219,63510
252696,63538
252696,30500
252696,50718
252696,33886
154803,35732
154803,56696
253578,57414
128763,63510
213978,30500
213978,63538
213978,33886
213978,50718
216108,63510
183912,57414
163578,1304
163578,59822
203445,16358
88821,63510
165750,63510
230073,59822
230073,1304
187806,50274
207396,35732
207396,56696
190152,63510
165726,50718
165726,30500
165726,33886
165726,63538
157398,30500
157398,50718
157398,33886
157398,63538
225501,62860
225501,63508
225501,49888
225501,62944
173613,33886
173613,30500
173613,63538
173613,50718
183213,56696
183213,35732
211407,62860
211407,62944
211407,49888
211407,63508
244680,63510
128526,56696
128526,35732
250947,62944
248373,49888
250947,63508
248373,63508
250947,62860
248373,62944
250947,49888
248373,62860
208758,50718
208758,30500
208758,63538
208758,33886
219231,63538
219231,30500
219231,33886
219231,50718
209073,56696
209073,35732
186177,10652
198573,63508
198573,62944
198573,62860
198573,49888
232068,56696
232068,35732
156063,57414
71301,56696
71301,35732
206850,62376
206850,1370
222759,62376
222759,1370
166002,33886
166002,30500
166002,50718
166002,63538
88821,35846
165750,35846
199854,10652
234120,57414
231663,57414
244278,35732
244278,56696
228729,35732
228729,56696
203502,63508
192771,62860
192771,62944
203502,62944
192771,63508
221151,49888
251085,62860
192771,49888
251085,63508
205728,63508
251085,62944
203502,49888
221151,62860
221151,62944
203502,62860
66378,62944
205728,62944
66378,49888
210846,63508
250629,49888
229521,62860
229521,62944
229521,63508
199860,49888
59703,63508
59703,62944
59703,62860
158016,49888
158016,62860
158016,62944
59703,49888
158016,63508
205122,63508
199860,62860
199860,62944
205122,62944
205122,49888
205122,62860
199860,63508
210846,49888
221151,63508
205728,49888
250629,62860
250629,62944
203889,49888
203889,62860
250629,63508
203889,62944
210846,62944
203889,63508
66378,63508
66378,62860
205728,62860
251085,49888
229521,49888
210846,62860
89013,30500
89013,33886
89013,50718
89013,63538
157185,50718
157185,30500
157185,33886
157185,63538
206772,56696
206772,35732
206964,56696
206964,35732
178458,63510
205188,35732
205188,56696
210129,35732
210129,56696
249513,35732
249513,56696
72930,62944
72930,63508
72930,62860
72930,49888
207600,35732
207600,56696
203259,57414
203439,57414
217380,57414
166128,63510
154551,62074
204771,56696
204771,35732
188331,10652
207339,54096
252081,54096
220713,35732
220713,56696
160770,33886
160770,63538
160770,50718
160770,30500
177921,1372
177921,10808
203214,16358
228729,57414
157767,63538
157767,33886
157767,50718
157767,30500
178458,33886
178458,63538
178458,30500
178458,50718
226140,1372
226140,10808
221331,1372
221331,10808
199860,35732
203889,56696
210846,56696
221151,35732
59703,35732
203502,35732
205122,35732
229521,56696
205122,56696
192771,56696
250629,56696
229521,35732
66378,56696
66378,35732
203889,35732
205728,56696
59703,56696
192771,35732
158016,35732
251085,35732
203502,56696
250629,35732
251085,56696
158016,56696
221151,56696
199860,56696
210846,35732
205728,35732
198573,124
181746,56696
181746,35732
203214,63508
203214,49888
203214,62944
203214,62860
172419,1372
172419,10808
247962,1304
247962,59822
246042,63510
157416,63510
205722,63510
186177,56696
186177,35732
155100,57414
212478,63538
212478,50718
212478,33886
212478,30500
209796,124
155043,1304
155043,59822
68676,35732
68676,56696
221331,63510
226140,63510
165717,33886
165717,30500
188700,30500
188700,63538
165717,50718
165717,63538
188700,50718
188700,33886
206361,1304
206361,59822
153279,63538
153279,50718
153279,33886
153279,30500
223968,56696
223968,35732
244092,63510
182292,63538
182292,33886
182292,30500
182292,50718
166437,59822
166437,1304
232029,35732
232029,56696
207927,1372
207927,10808
250947,35732
250947,56696
72930,50274
211236,63538
211236,30500
211236,33886
211236,50718
178068,63510
237840,59822
237840,1304
187734,33886
187734,30500
187734,50718
188730,63538
188730,50718
188730,33886
188730,30500
187734,63538
222204,50718
222204,30500
222204,33886
222204,63538
72645,35732
72645,56696
253335,1304
253335,59822
212892,33886
212892,30500
212892,50718
212892,63538
196455,59822
196455,1304
214998,54096
206439,63510
183387,50718
183387,63538
183387,33886
183387,30500
61899,50274
154827,1304
154827,59822
59700,33886
59700,50718
59700,63538
59700,30500
201741,63510
182292,56696
182292,35732
208524,35732
212571,56696
210690,56696
242412,56696
242412,35732
210690,35732
208572,56696
208524,56696
221526,56696
212571,35732
221526,35732
208572,35732
215112,62944
215112,63508
215112,49888
215112,62860
68496,63510
247986,56714
247986,34092
222669,50274
209622,57414
153048,35732
153048,56696
56871,57414
224526,56696
224526,35732
163251,35732
163251,56696
206361,63510
244041,57414
161208,50718
161208,63538
161208,33886
161208,30500
244173,33886
244173,50718
244173,63538
244173,30500
198981,63510
203706,62376
203295,1370
203301,62376
203706,1370
201564,62376
201564,1370
203295,62376
203301,1370
211632,57414
204771,10652
66915,57414
63876,1372
63876,10808
153600,63538
153600,33886
153600,30500
153600,50718
210120,10808
210120,1372
204780,56696
203871,56696
203871,35732
204780,35732
234018,63538
234018,33886
234018,50718
234972,63538
234018,30500
234972,50718
234972,30500
234972,33886
206670,63510
210168,49888
61692,63508
210168,62860
210168,62944
61692,62944
210168,63508
61692,62860
61692,49888
166128,1372
166128,10808
203829,63538
203829,50718
203829,30500
203829,33886
211476,63510
248373,56696
248373,35732
204657,35732
204657,56696
198573,54096
212748,1304
251619,1304
212748,59822
251619,59822
206481,1304
206481,59822
196722,35846
203274,35846
203256,35846
203271,35846
212112,35846
231663,1304
231663,59822
205959,56696
205959,35732
187875,10652
186327,63510
167256,56696
167256,35732
67764,57414
187734,63510
188730,63510
207144,35732
206406,56696
206406,35732
206811,56696
207144,56696
206811,35732
207222,56696
207222,35732
223518,16358
192159,16358
202818,63510
210876,33886
210876,50718
210876,30500
210876,63538
207339,1370
207339,62376
252081,62376
252081,1370
248682,1370
248682,62376
163044,50718
163044,30500
163044,33886
163044,63538
229977,56696
229977,35732
204657,63538
204657,50718
204657,33886
204657,30500
198279,49888
198279,62860
198279,63508
198279,62944
183450,1304
183450,59822
204717,16358
211524,49888
211524,62860
211524,62944
211524,63508
227115,56696
227115,35732
210678,35732
210678,56696
25743,63510
153138,35732
153138,56696
241824,56696
241824,35732
228024,49888
228024,63508
228024,62860
228024,62944
235335,49888
235335,63508
235335,62860
235335,62944
187221,63510
228024,57414
229473,33886
229473,30500
229473,50718
229473,63538
188787,35732
188787,56696
88920,30500
88920,63538
88920,50718
88920,33886
173940,57414
212211,1372
212211,10808
128526,49888
128526,62860
128526,62944
128526,63508
154869,35732
154869,56696
201798,16358
154827,10808
154827,1372
249294,62860
249294,49888
249294,62944
249294,63508
206364,57414
220269,49888
220269,62860
220269,62944
220269,63508
222669,62376
222669,1370
61344,35846
25743,62074
253557,54096
154758,50274
187962,63510
222759,54096
203811,59822
203811,1304
209073,57414
188637,57414
205812,33886
205812,30500
205812,63538
205812,50718
153756,63510
247983,59822
247983,1304
163101,56696
163101,35732
128526,124
61692,1304
210168,59822
210168,1304
61692,59822
209094,35732
209094,56696
201798,59822
201798,1304
198873,63510
210234,49888
210234,62860
210234,62944
210234,63508
165684,50718
165684,63538
165684,33886
165684,30500
89013,56696
89013,35732
245631,10808
245631,1372
189045,35732
189045,56696
233970,63510
211476,35732
211476,56696
204144,50718
164337,30500
204144,30500
204144,33886
164337,63538
164337,33886
204144,63538
164337,50718
224841,50718
224841,63538
224841,33886
224841,30500
203439,35846
203259,35846
217380,35846
241824,63510
208566,30500
208566,33886
208566,50718
208566,63538
225501,10652
140277,59822
140277,1304
204774,1304
204774,59822
72117,54096
207243,33886
207243,50718
207243,30500
207243,63538
187962,35846
183666,33886
183666,30500
183666,50718
183666,63538
201741,35732
201741,56696
206772,54096
206964,54096
88920,56696
88920,35732
158658,56696
158658,35732
222204,35732
222204,56696
226140,56696
221331,35732
221331,56696
226140,35732
167652,63510
243390,62074
128334,35732
128334,56696
249159,1304
249159,59822
207597,10652
165786,35732
165786,56696
244278,57414
211947,62376
211947,1370
206367,63510
210897,63510
206646,63510
251169,57414
187806,62944
187806,63508
187806,62860
187806,49888
198945,10808
198945,1372
205188,63510
210129,63510
216564,50274
211533,63538
211533,50718
211533,30500
211533,33886
248202,57804
154803,10652
212283,59822
212283,1304
203829,16358
244287,30500
244287,33886
244287,63538
244287,50718
184710,30500
184710,33886
184710,50718
184710,63538
204093,62074
154740,35732
154740,56696
212211,50274
72045,10652
128526,10652
225276,33886
225276,50718
225276,63538
225276,30500
203259,1304
203259,59822
217380,59822
217380,1304
203439,59822
203439,1304
65067,63510
213114,62376
213114,1370
249687,62074
201837,56696
201837,35732
251721,35732
251721,56696
208545,56696
248178,56696
248178,35732
208545,35732
180495,35732
180495,56696
182292,10652
187806,10652
153642,63510
207597,1372
207597,10808
183666,56696
183666,35732
250782,59822
250782,1304
167316,57414
203073,16358
229473,57414
154665,62074
195723,35732
195723,56696
128604,35732
128604,56696
228438,56696
228438,35732
206349,35732
206349,56696
61344,124
198981,35732
198981,56696
220269,30500
220269,50718
220269,33886
220269,63538
203727,50718
203727,63538
203727,30500
203727,33886
242232,56696
238827,56696
242232,35732
238827,35732
206955,56696
206955,35732
68676,50718
68676,63538
68676,33886
68676,30500
187806,56696
187806,35732
154998,63538
154998,30500
154998,33886
154998,50718
177474,63538
177474,30500
177474,50718
177474,33886
65328,10808
65328,1372
154119,10808
154119,1372
232029,63508
232029,62944
232029,62860
232029,49888
174195,10652
67158,50718
175878,30500
175878,33886
67158,63538
175878,63538
175878,50718
67158,33886
67158,30500
192714,57414
166437,30500
166437,50718
166437,63538
166437,33886
211989,63538
211989,30500
211989,50718
211989,33886
187224,63538
187224,30500
187224,33886
187224,50718
212448,50274
244041,63510
156024,1304
156024,59822
162795,35732
162795,56696
247983,50274
208053,33886
208053,50718
208053,30500
208053,63538
206349,63510
242856,62074
198873,56714
198873,34092
155388,63508
155388,62944
155388,62860
155388,49888
199479,35732
199479,56696
188787,10652
235335,59822
235335,1304
196845,10652
203820,30500
203820,33886
203820,50718
203820,63538
187707,10652
194883,50274
204093,57414
72117,56696
72117,35732
198855,35732
198855,56696
210045,57414
227670,1304
227670,59822
227973,1304
227973,59822
248292,56696
248292,35732
207240,56696
207240,35732
188196,35732
188196,56696
251967,62376
251967,1370
154827,33886
154827,30500
154827,50718
154827,63538
154167,10808
154167,1372
154740,1372
154740,10808
209094,1372
209094,10808
191256,62860
191256,49888
191256,63508
191256,62944
230028,63508
230028,62944
230028,49888
230028,62860
208206,1304
208206,59822
233814,62074
203829,56696
203829,35732
211236,10652
153138,57414
205815,63510
155055,1304
155055,59822
154032,56696
154032,35732
206670,56696
206670,35732
210627,59822
210627,1304
186378,35846
211386,35846
188700,10652
165717,10652
156225,57414
233091,56696
233091,35732
233970,57414
61824,56696
61824,35732
188331,50274
65640,56696
65640,35732
172587,57414
176643,57414
65313,63510
167256,59822
167256,1304
229737,10808
229737,1372
232035,63508
232035,62944
232035,49888
232035,62860
208572,62376
208572,1370
221526,1370
210690,62376
210690,1370
221526,62376
203328,35732
203328,56696
154803,63538
154803,30500
154803,33886
154803,50718
155055,35732
155055,56696
222669,62860
222669,63508
222669,62944
222669,49888
204093,59822
204093,1304
225480,1304
225480,59822
209094,63538
209094,50718
209094,33886
209094,30500
179700,56696
179700,35732
206673,56696
206673,35732
210171,35732
210171,56696
206670,35846
229536,10652
211812,56696
211812,35732
208209,63538
208209,33886
208209,50718
208209,30500
61344,54096
154167,10652
224931,50718
224931,33886
224931,63538
224931,30500
229536,49888
229536,62860
229536,62944
229536,63508
224931,1372
224931,10808
199854,49888
199854,62944
199854,62860
199854,63508
129204,1370
129204,62376
187806,1372
187806,10808
129081,1304
129081,59822
252696,35732
252696,56696
223782,35732
223782,56696
231459,63510
196455,50718
196455,30500
196455,63538
196455,33886
182292,63510
188196,10808
188196,1372
230073,35732
230073,56696
154869,10808
154869,1372
153756,59822
153756,1304
174513,56696
174513,35732
200508,56696
200508,35732
128604,63510
224169,10808
224169,1372
232068,10652
175293,63510
154803,1372
154803,10808
222759,1372
222759,10808
154476,56696
154476,35732
173613,57414
64218,63510
203256,49888
203256,62860
203256,62944
203256,63508
246618,49888
246618,63508
246618,62944
246618,62860
189009,56696
189009,35732
61344,35732
61344,56696
251967,54096
206838,35732
249216,35732
253506,56696
206928,56696
253506,35732
206928,35732
250749,35732
206838,56696
249216,56696
250749,56696
197529,63510
241389,63510
211533,35846
203796,10652
208341,10652
216822,10652
246963,54096
203700,59822
196845,59822
203700,1304
196845,1304
250362,50718
250362,63538
250362,30500
250362,33886
243390,10652
232269,56696
232269,35732
234156,35732
234156,56696
188787,62944
188787,62860
188787,63508
188787,49888
176403,16358
212220,16358
164457,56696
164457,35732
209799,1372
209799,10808
164007,56696
164007,35732
164007,63510
211965,62944
211965,49888
211965,63508
211965,62860
222759,62944
222759,63508
222759,62860
222759,49888
206412,35846
206763,35846
206484,35846
206514,35846
211641,35846
189045,1372
189045,10808
230286,35732
230286,56696
243390,56696
243390,35732
62817,62860
62817,62944
62817,63508
62817,49888
244287,124
253191,57414
163251,63510
188637,56696
188637,35732
210627,30500
210627,33886
210627,63538
210627,50718
230331,50718
236775,30500
230331,33886
230331,30500
236775,63538
236775,33886
236775,50718
230331,63538
200508,63510
236520,63510
238068,57414
166599,57414
204657,10652
197034,16358
153600,35732
153600,56696
154551,63510
246804,63510
181110,50274
203811,10652
187386,63510
210168,10652
61692,10652
206448,56696
207084,35732
206448,35732
207084,56696
61899,10652
59700,56696
59700,35732
212442,62860
212442,49888
212442,63508
212442,62944
224931,35732
224931,56696
213114,54096
231057,35732
231057,56696
210876,10652
177921,33886
177921,30500
177921,63538
177921,50718
164661,63538
164661,50718
164661,33886
164661,30500
183912,63510
212571,1370
212571,62376
242412,1370
208524,62376
242412,62376
208524,1370
253557,62860
253557,62944
253557,49888
253557,63508
200364,59822
200364,1304
175809,1372
175809,10808
128538,11262
209799,50718
209799,63538
209799,33886
209799,30500
165726,16358
65577,1372
65577,10808
227616,56696
213114,56696
213114,35732
227616,35732
229812,57414
183387,35732
183387,56696
154560,59822
154560,1304
253191,33886
253191,50718
253191,63538
253191,30500
161208,35732
161208,56696
182292,10808
182292,1372
158742,35732
158742,56696
65577,10652
206364,59822
206364,1304
201837,63510
251721,63510
248178,63510
208545,63510
244173,56696
244173,35732
211473,33886
211473,30500
211473,63538
211473,50718
211473,57414
155337,63510
184104,63510
186882,1304
186882,59822
154770,35732
154770,56696
204483,1304
204483,59822
247974,1304
247974,59822
154869,63510
204480,1304
204480,59822
183450,63510
228438,63510
216822,1304
216822,59822
251643,35732
251643,56696
69060,59822
69060,1304
203151,59822
203151,1304
65328,50718
65328,63538
65328,33886
65328,30500
196845,16358
247986,57414
206418,56696
206418,35732
206748,35846
212448,54096
203829,10652
163578,10652
248202,50274
208341,35846
203796,35846
163578,56696
163578,35732
154821,1372
154821,10808
205731,35732
205731,56696
207219,56696
207219,35732
158658,57414
212892,1304
212892,59822
203256,33886
203256,63538
203256,30500
203256,50718
217494,63510
206433,56696
206433,35732
206625,35732
206625,56696
206637,56696
206637,35732
247956,63510
231057,62376
231057,1370
153048,63510
223071,63538
223071,33886
223071,50718
223071,30500
223518,1304
192159,59822
192159,1304
223518,59822
214194,33886
214194,30500
214194,50718
214194,63538
181593,10652
154827,35732
154827,56696
232614,10652
153999,30500
153999,33886
153999,50718
153999,63538
64959,1304
64959,59822
225276,63510
61899,10808
61899,1372
207618,10652
212430,56696
227295,56696
212430,35732
227295,35732
172419,30500
172419,63538
172419,33886
172419,50718
206988,56696
250275,56696
206988,35732
250275,35732
68496,56696
68496,35732
154770,1372
154770,10808
192618,33534
225501,124
249216,63510
206838,63510
250749,63510
206928,63510
253506,63510
206646,35732
206367,56696
206646,56696
210897,56696
206367,35732
210897,35732
203445,57414
203259,63510
203439,63510
217380,63510
204657,1372
204657,10808
203073,57414
72930,54096
155055,10652
161058,56696
161058,35732
154098,63510
208572,62944
221526,62860
221526,49888
210690,62944
221526,63508
210690,62860
210690,49888
208572,49888
210690,63508
208572,62860
221526,62944
208572,63508
227616,35846
213114,35846
226662,1304
226662,59822
198534,59822
198534,1304
251643,16358
205905,35846
96444,35846
218061,35846
249579,35846
206772,1370
206772,62376
206964,62376
206964,1370
223782,57414
231459,35732
231459,56696
207597,63510
154770,63538
154770,50718
154770,30500
154770,33886
60762,11262
225501,57804
207330,63510
251121,63510
61899,35732
61899,56696
65052,35732
65052,56696
186177,63508
186177,62944
186177,49888
186177,62860
172503,35732
172503,56696
229473,56696
229473,35732
188700,35732
165717,35732
165717,56696
188700,56696
225501,10808
225501,1372
211407,35732
211407,56696
247986,59822
247986,1304
172695,57414
154542,1372
154542,10808
246054,63510
234120,1304
234120,59822
252405,1304
252405,59822
188196,63510
180195,63538
180195,33886
180195,30500
180195,50718
198792,59822
198792,1304
162603,63538
162603,33886
162603,50718
162603,30500
154698,63510
207084,63510
206448,63510
180495,59822
180495,1304
186987,1372
186987,10808
242610,62376
242610,1370
207240,1372
207240,10808
251121,35732
251121,56696
226662,50718
226662,30500
226662,63538
226662,33886
63876,62860
63876,62944
63876,49888
63876,63508
183387,63510
167316,62074
206850,63510
128334,1372
128334,10808
205188,1370
210129,62376
210129,1370
205188,62376
174195,33886
174195,30500
174195,63538
174195,50718
226140,10652
221331,10652
129204,56696
129204,35732
139272,1372
139272,10808
208794,62074
206856,57414
196302,57414
198801,1372
198801,10808
220269,124
228024,62376
228024,1370
219048,35732
219048,56696
216822,35846
165726,62074
229812,63510
247029,35732
247029,56696
241350,33886
241350,50718
241350,30500
241350,63538
154542,56696
198945,35732
154542,35732
198945,56696
128763,35732
128763,56696
220269,50274
231876,63510
187707,1304
187707,59822
128604,10808
128604,1372
248202,10808
248202,1372
206418,57414
203811,35732
203811,56696
220728,56696
220728,35732
222204,10652
184698,35732
184698,56696
195507,62376
195507,1370
207243,56696
207243,35732
192714,16358
228753,35732
228753,56696
234018,57414
234972,57414
245154,56696
245154,35732
177921,35732
177921,56696
155100,63510
224169,10652
204243,63510
166995,57414
204411,56696
204411,35732
153279,35732
153279,56696
203736,35846
253557,124
203274,10652
157854,62944
157854,63508
157854,49888
157854,62860
154827,54096
206637,63510
206433,63510
206625,63510
177474,63510
173613,56696
173613,35732
203820,1304
203820,59822
244680,10652
72117,124
210954,10808
210954,1372
153792,63510
203700,10652
249486,62376
249486,1370
211989,57414
203727,57414
207330,33534
166128,10652
208872,62944
208872,62860
208872,49888
208872,63508
208209,57414
251967,56696
251967,35732
153600,1372
153600,10808
250782,63510
210000,35732
210000,56696
154827,10652
174195,56696
174195,35732
153867,50718
153867,33886
153867,30500
153867,63538
183576,56696
183576,35732
203511,56696
203511,35732
166599,30500
238068,63538
238068,30500
238068,33886
166599,63538
166599,50718
238068,50718
166599,33886
210876,35732
210876,56696
198855,63510
65328,35732
65328,56696
198534,50718
198534,33886
198534,63538
198534,30500
64959,56696
64959,35732
233091,63510
197034,59822
197034,1304
203277,63508
203277,49888
203277,62944
203277,62860
203511,50718
203511,33886
203511,63538
203511,30500
252405,57414
208500,35732
208500,56696
212112,50718
203271,63538
196722,30500
196722,50718
212112,33886
212112,30500
203271,30500
196722,33886
196722,63538
203274,50718
203274,63538
203271,33886
203274,30500
203271,50718
212112,63538
203274,33886
232269,63508
232269,62860
232269,62944
232269,49888
184509,63510
249297,56696
249297,35732
187659,56696
187659,35732
188961,33886
188961,30500
188961,50718
188961,63538
203166,33886
203166,30500
203166,63538
203166,50718
213978,54096
179790,56696
179790,35732
163578,10808
163578,1372
189045,10652
208053,56696
208053,35732
153792,1304
153792,59822
162984,16358
227295,63510
212430,63510
72045,62860
72045,62944
72045,63508
72045,49888
205815,35732
205815,56696
214506,1304
214506,59822
188604,1372
188604,10808
183363,63508
183363,49888
183363,62944
183363,62860
187707,35732
187707,56696
207222,16358
232068,1372
232068,10808
204657,62860
204657,62944
204657,49888
204657,63508
72108,35732
72108,56696
243390,30500
243390,33886
243390,63538
243390,50718
206799,35732
206799,56696
210978,1304
210978,59822
198279,35732
198279,56696
253683,63510
248292,30500
248292,33886
248292,50718
248292,63538
139272,1370
139272,62376
220269,1304
220269,59822
154119,10652
175878,56696
67158,35732
67158,56696
175878,35732
188961,63510
225480,50718
225480,63538
225480,33886
225480,30500
234864,56696
234864,35732
204717,1304
204717,59822
209622,50718
209622,30500
209622,33886
209622,63538
61344,10652
211812,63510
208206,10652
164970,56696
164970,35732
215112,35732
215112,56696
154560,63510
250362,35732
250362,56696
205812,56696
205812,35732
176403,56696
212220,56696
176403,35732
212220,35732
244287,59822
244287,1304
157854,1304
157854,59822
161058,63510
206748,124
72108,63510
165684,35732
165684,56696
210633,124
154998,62944
154998,63508
154998,62860
154998,49888
129135,10652
192300,10652
253578,63510
154476,33886
154476,63538
154476,50718
154476,30500
158742,33886
158742,63538
158742,50718
158742,30500
64365,35732
64365,56696
238218,56696
238218,35732
203724,35732
203724,56696
248205,10652
203811,16358
65052,10808
65052,1372
157767,59822
157767,1304
153813,50274
208053,1372
208053,10808
244278,63510
252696,10652
183468,49888
183468,62860
183468,63508
183468,62944
175293,10808
175293,1372
203820,16358
203811,62860
203811,62944
203811,49888
203811,63508
161787,10808
161787,1372
232404,63510
230073,10652
194883,10808
194883,1372
220713,16358
247983,54096
232404,35732
232404,56696
163377,63510
163044,35846
187962,35732
187962,56696
153999,63510
173667,56696
173667,35732
206673,35846
203736,59822
203736,1304
172695,63538
172695,50718
172695,30500
172695,33886
72561,59822
72561,1304
154665,33886
154665,50718
154665,63538
154665,30500
250362,10652
251631,1370
251631,62376
242571,62376
208503,1370
208503,62376
242571,1370
194409,56696
194409,35732
184509,56696
184509,35732
25743,10652
230010,56696
230010,35732
157224,30500
157224,33886
157224,63538
157224,50718
204375,35732
204375,56696
213513,62376
213513,1370
211524,54096
252774,63508
223554,63508
223554,49888
252774,62860
252774,62944
252774,49888
223554,62860
223554,62944
207240,62944
207240,49888
207240,63508
207240,62860
211740,63510
157854,62074
198552,33534
186987,30500
186987,63538
186987,50718
186987,33886
246618,56696
246618,35732
187707,63508
187707,49888
187707,62860
187707,62944
217293,57414
210627,35732
210627,56696
198534,10652
205959,10652
198552,63538
198552,33886
198552,30500
198552,50718
224931,10652
247029,63510
164661,57414
72918,63510
227616,54096
207339,35732
207339,56696
252081,35732
252081,56696
211965,35732
211965,56696
208812,62074
56871,35732
56871,56696
207927,35732
207927,56696
235335,35732
235335,56696
187875,63510
250977,63510
203736,50718
203736,30500
203736,33886
203736,63538
217782,1304
217782,59822
212442,56696
212442,35732
175293,10652
248796,62376
248796,1370
64365,57414
191247,63538
191247,33886
191247,50718
191247,30500
164337,56696
164337,35732
204144,35732
204144,56696
166002,56696
166002,35732
206847,1372
206847,10808
157416,10652
205722,10652
205812,63510
225501,54096
203166,16358
188604,10652
246054,33886
246054,63538
246054,50718
246054,30500
247029,16358
203871,62944
204780,63508
204780,62944
203871,62860
204780,49888
203871,49888
204780,62860
203871,63508
181101,49888
181101,62860
181101,63508
181101,62944
204243,56696
204243,35732
206955,54096
242232,54096
238827,54096
206847,35732
206847,56696
247260,54096
226662,63510
208545,62376
201837,62376
251721,62376
248178,62376
201837,1370
251721,1370
248178,1370
208545,1370
229977,10652
154740,33886
154740,50718
154740,63538
154740,30500
253557,35732
253557,56696
198801,56696
198801,35732
238032,63508
238032,62944
238032,49888
238032,62860
238536,49888
238536,62860
238536,62944
238536,63508
154740,10652
206304,63510
154542,10652
216948,10808
216948,1372
61824,10652
210234,54096
245154,63538
245154,50718
245154,30500
245154,33886
155388,59822
155388,1304
153642,50718
153642,30500
153642,63538
153642,33886
128604,10652
216822,35732
216822,56696
249207,56696
249207,35732
167316,1304
167316,59822
186378,63510
211386,63510
171702,56696
171702,35732
249294,62376
249294,1370
203775,63538
203775,30500
203775,33886
203775,50718
155043,1372
155043,10808
166437,10808
166437,1372
210000,10808
210000,1372
65577,35732
65577,56696
246963,16358
195507,56696
195507,35732
212442,62376
212442,1370
198873,1304
198873,59822
210633,10652
216108,10652
248301,35732
248301,56696
206868,35846
184710,35846
242439,16358
251643,35846
188730,56696
188730,35732
187734,56696
187734,35732
192942,35732
192942,56696
212526,1372
212526,10808
178068,59822
178068,1304
234120,63510
248205,1372
248205,10808
154041,63510
154041,50718
154041,30500
154041,63538
154041,33886
210633,56696
210633,35732
65313,1304
65313,59822
212112,63508
196722,63508
203271,49888
203274,62944
196722,49888
203274,49888
203271,62944
203274,63508
203271,63508
203271,62860
212112,49888
196722,62860
196722,62944
212112,62944
203274,62860
212112,62860
172587,50718
172587,63538
172587,33886
172587,30500
176643,50718
176643,63538
176643,30500
176643,33886
208524,49888
212571,49888
208524,62944
208524,62860
212571,62860
242412,63508
208524,63508
242412,62944
242412,62860
242412,49888
212571,63508
212571,62944
230073,62944
230073,63508
230073,62860
230073,49888
172419,54096
210168,35732
61692,56696
210168,56696
61692,35732
242151,50274
198882,50274
198801,63510
128526,16358
154098,63538
154098,30500
154098,33886
154098,50718
183363,50274
188196,63538
188196,30500
188196,50718
188196,33886
212220,59394
176403,59394
247962,62376
247962,1370
240912,56696
240912,35732
195723,10652
233970,10652
205731,62376
205731,1370
188604,30500
188604,63538
188604,33886
188604,50718
253557,10652
198792,63538
198792,30500
198792,50718
198792,33886
211140,62944
211140,62860
211140,49888
211140,63508
249159,33886
249159,30500
249159,50718
249159,63538
188685,56696
188685,35732
212526,59822
212526,1304
68676,10808
68676,1372
206856,35732
206856,56696
196302,35732
196302,56696
205905,33886
205905,50718
96444,50718
218061,63538
249579,63538
249579,30500
96444,33886
96444,63538
249579,50718
96444,30500
205905,30500
205905,63538
218061,30500
218061,33886
218061,50718
249579,33886
183492,35732
183492,56696
153138,63510
213102,30500
213102,33886
213102,50718
213102,63538
230028,54096
210633,10808
210633,1372
188331,1372
188331,10808
248202,16358
244173,10808
244173,1372
242439,57414
248013,63538
248013,33886
248013,30500
248013,50718
67335,63538
67335,30500
67335,33886
67335,50718
96444,62944
96444,62860
96444,49888
96444,63508
186327,50718
186327,30500
186327,63538
186327,33886
204483,63510
247974,63510
183468,10652
207927,63538
207927,50718
207927,30500
207927,33886
243408,63510
220713,10652
184698,57414
188787,1372
188787,10808
246804,1304
246804,59822
161787,56696
161787,35732
192714,1304
192714,59822
65052,10652
209154,57414
166995,56696
166995,35732
64365,50718
64365,63538
64365,33886
64365,30500
203256,35732
203271,56696
196722,56696
212112,56696
203271,35732
203256,56696
212112,35732
203274,56696
196722,35732
203274,35732
225699,35732
225699,56696
224526,1372
252696,1372
252696,10808
224526,10808
250362,49888
250362,63508
250362,62860
250362,62944
203796,35732
208341,56696
203796,56696
208341,35732
203256,10652
212112,10652
203271,10652
196722,10652
140277,35846
89013,10652
236226,35732
236226,56696
232068,63510
154803,63510
236520,11262
154869,33886
154869,63538
154869,50718
154869,30500
207618,10808
207618,1372
157224,63510
244287,16358
154869,10652
187221,10652
173667,10652
206964,10808
206772,10808
206964,1372
206772,1372
242610,63508
242610,62860
242610,49888
242610,62944
139272,56696
139272,35732
227292,10652
248301,63510
207243,1372
207243,10808
196845,124
244041,56696
244041,35732
251169,33886
251169,30500
251169,63538
251169,50718
209094,10652
198552,10652
246963,35732
246963,56696
248550,1304
248550,59822
166995,63510
155055,50718
155055,33886
155055,63538
155055,30500
224631,10808
224631,1372
212478,35732
212478,56696
206748,57804
206964,62944
206964,63508
206772,62860
206772,62944
206772,49888
206772,63508
206964,49888
206964,62860
205959,1372
205959,10808
88920,10808
88920,1372
244173,63510
191247,33534
214194,63510
223071,56696
223071,35732
244287,56696
244287,35732
187650,1372
187650,10808
183576,57414
219231,62944
219231,62860
219231,63508
208758,63508
208758,62944
208758,62860
208758,49888
219231,49888
60864,63510
252480,35732
252480,56696
155043,35732
155043,56696
235458,1372
235458,10808
211407,54096
210840,35732
235932,35732
210840,56696
235932,56696
154032,35846
247962,62944
247962,62860
247962,49888
247962,63508
230178,59822
230178,1304
224841,63510
253191,63510
72117,10652
213513,54096
68676,63510
206988,63510
250275,63510
222204,1372
222204,10808
188685,63510
227670,63538
227670,33886
227973,33886
227973,63538
227670,50718
227973,50718
227973,30500
227670,30500
233091,10808
233091,1372
65328,10652
235458,10652
206748,59394
210120,56696
210120,35732
203511,10652
227670,35846
249159,63510
183363,1370
183363,62376
253671,35732
253671,56696
139272,62944
139272,49888
139272,63508
139272,62860
165786,10652
212442,50274
180495,10652
252480,50718
252480,33886
252480,63538
252480,30500
190152,35846
207330,10652
229737,124
209799,10652
172695,35732
172695,56696
183921,35732
183921,56696
157416,35846
205722,35846
202818,62860
202818,62944
202818,63508
202818,49888
187224,56696
187224,35732
223518,63538
192159,63538
223518,30500
192159,33886
223518,50718
192159,30500
223518,33886
192159,50718
217293,63538
217293,30500
217293,50718
217293,33886
253683,56696
253683,35732
204243,10652
232614,63510
177921,10652
209799,35732
209799,56696
176577,56696
176577,35732
192627,35732
192627,56696
178458,59822
178458,1304
212220,42132
212220,63186
176403,42132
176403,63186
186882,57414
161787,63510
56871,10808
56871,1372
165684,10652
252210,62376
252210,1370
233814,1304
233814,59822
247548,63510
154758,63510
220269,56696
220269,35732
153600,10652
179700,57414
203214,50718
203214,33886
203214,30500
203214,63538
129081,10652
67764,10652
251169,35732
251169,56696
183468,35846
212448,35732
212448,56696
213513,35846
212220,62274
212220,59396
176403,59396
176403,62274
203820,62860
203820,49888
203820,63508
203820,62944
165750,33886
165750,63538
88821,63538
88821,50718
165750,30500
165750,50718
88821,33886
88821,30500
212283,56696
212283,35732
153867,56696
153867,35732
206868,62944
206868,62860
206868,49888
206868,63508
198855,10808
198855,1372
200964,10652
220011,57414
222759,35846
224631,50718
224631,63538
224631,30500
224631,33886
213513,56696
213513,35732
198801,10652
88920,10652
209796,16358
198945,63538
198945,33886
198945,50718
198945,30500
187650,63510
210978,35732
210978,56696
253578,59822
253578,1304
156024,50718
156024,63538
156024,33886
156024,30500
188961,56696
188961,35732
242610,11262
203736,56696
203736,35732
153048,10652
224631,56696
224631,35732
245976,33886
245976,30500
245976,50718
245976,63538
172419,56696
172419,35732
206748,59396
206748,62274
244278,10652
246618,62376
246618,1370
67764,63510
225699,10652
231459,16358
204243,63538
204243,30500
204243,33886
204243,50718
88821,33534
165750,33534
203166,56696
203166,35732
199854,16358
203328,1370
203328,62376
160770,56696
160770,35732
154827,62860
154827,62944
154827,63508
154827,49888
224841,57414
206964,35846
206772,35846
72645,49888
72645,63508
72645,62860
72645,62944
164970,10808
164970,1372
203775,10652
181593,56696
181593,35732
128334,10652
223968,10652
206868,54096
214506,63510
212211,62944
212211,49888
212211,63508
212211,62860
179700,50718
179700,33886
179700,30500
179700,63538
176577,1372
176577,10808
201798,57414
236775,63510
230331,63510
207330,1372
207330,10808
186987,10652
173667,1372
173667,10808
203820,10652
198981,10652
211476,10652
244287,63508
244287,62860
244287,49888
244287,62944
244287,10652
249486,35846
164007,50718
164007,33886
164007,30500
164007,63538
166002,57414
72117,50274
225276,35732
225276,56696
178068,35732
178068,56696
234093,56696
210393,35732
210393,56696
234093,35732
203736,10652
218061,10652
205905,10652
96444,10652
249579,10652
68496,10652
248292,10652
160770,63510
154485,63510
162843,63510
154740,63510
167256,10652
211740,35732
211740,56696
155388,124
191247,10652
208554,1370
208554,62376
249579,49888
249579,62860
249579,62944
218061,62944
205905,62944
218061,49888
249579,63508
218061,62860
205905,63508
218061,63508
205905,62860
205905,49888
246963,10808
246963,1372
219048,1372
219048,10808
154098,56696
154098,35732
224169,49888
224169,62944
224169,63508
224169,62860
241350,63510
209793,63510
246150,63510
206811,49888
207144,62944
207144,62860
206811,62860
206811,62944
206811,63508
207144,49888
206406,63508
206406,62944
206406,62860
206406,49888
207144,63508
196845,56696
196845,35732
166002,10652
128526,10808
128526,1372
184104,35732
184104,56696
248013,10652
247029,50718
247029,33886
247029,30500
247029,63538
206847,62944
206847,62860
206847,49888
206847,63508
213513,34092
213513,56714
204774,56696
204774,35732
177951,63510
203277,16358
198552,56696
198552,35732
153756,35732
153756,56696
207105,1304
207105,59822
206748,51974
206496,35846
204480,54096
183213,62860
183213,63508
183213,62944
183213,49888
241389,10652
213114,1372
213114,10808
220728,63508
220728,62944
220728,62860
220728,49888
176577,50718
176577,33886
176577,30500
176577,63538
155043,10652
183921,30500
183921,63538
183921,50718
183921,33886
203082,16358
238611,16358
211407,10808
211407,1372
191247,56696
191247,35732
249579,35732
205905,56696
249579,56696
96444,35732
96444,56696
205905,35732
218061,56696
218061,35732
250434,10652
244005,63510
154476,10652
206439,35846
72045,50274
207243,10652
208092,11262
207105,57414
246804,34092
246804,56714
155043,30500
155043,33886
155043,63538
155043,50718
64218,56696
64218,35732
206838,35846
253506,35846
250749,35846
249216,35846
206928,35846
212892,10652
224631,10652
153402,63510
211950,62860
211950,62944
211950,63508
211950,49888
228729,10652
196311,10808
207096,1372
207096,10808
196311,1372
251121,10652
155388,1372
155388,10808
211473,56696
211473,35732
248013,56696
248013,35732
207396,10652
186378,10652
211386,10652
210627,10808
210627,1372
192942,49888
192942,62944
192942,62860
192942,63508
211740,16358
166128,56696
166128,35732
204480,10808
204480,1372
200364,63510
71301,16358
154032,124
241350,62376
241350,1370
204780,10652
203871,10652
211947,49888
211947,62860
211947,62944
211947,63508
244092,35732
244092,56696
242130,62860
242130,49888
242130,63508
242130,62944
187650,35732
187650,56696
65577,49888
65577,62860
65577,62944
65577,63508
183363,10808
183363,1372
252210,56696
252210,35732
250434,56696
250434,35732
188100,10652
72645,10652
231459,50718
231459,63538
231459,30500
231459,33886
208206,56696
208206,35732
242856,62944
242856,62860
242856,63508
242856,49888
248796,50718
248796,63538
248796,30500
248796,33886
154551,59822
154551,1304
247029,35846
153867,63510
214998,35732
214998,56696
195372,56696
195372,35732
253557,10808
253557,1372
232068,16358
207339,10808
207339,1372
252081,1372
252081,10808
157416,63538
205722,50718
205722,33886
205722,30500
157416,50718
205722,63538
157416,30500
157416,33886
203736,62860
203736,49888
203736,63508
203736,62944
128901,57414
171702,35846
203166,10652
239577,57414
158658,10652
236226,10808
236226,1372
212526,10652
203328,62944
203328,49888
203328,63508
203328,62860
184509,10652
249297,10652
68676,10652
156024,35732
156024,56696
229977,10808
229977,1372
172419,10652
188604,63510
155337,35732
155337,56696
186177,54096
183492,10808
183492,1372
177951,33886
177951,63538
177951,50718
177951,30500
209799,54096
229812,35732
229812,56696
213114,49888
213114,62860
213114,62944
213114,63508
157398,56696
157398,35732
162984,10652
213978,62944
213978,62860
213978,49888
213978,63508
129081,56696
129081,35732
154434,35732
154434,56696
172695,63510
154821,54096
129081,49888
129081,62860
129081,62944
129081,63508
247983,56696
247983,35732
203214,10652
206955,49888
206955,62860
206955,62944
206955,63508
242232,63508
238827,63508
238827,62860
238827,62944
242232,62944
238827,49888
242232,49888
242232,62860
153813,63510
212283,10652
174513,10652
247986,50718
247986,30500
247986,33886
247986,63538
242439,56696
242439,35732
154665,10808
154665,1372
187659,1372
187659,10808
172587,63510
176643,63510
198945,10652
198534,10808
198534,1372
222750,63510
222669,56696
222669,35732
206406,35846
206811,35846
207144,35846
163251,10652
220713,62944
220713,49888
220713,62860
220713,63508
164457,10652
212892,63508
212892,49888
212892,62944
212892,62860
206673,54096
225501,16358
183450,63538
183450,30500
183450,33886
183450,50718
243390,59822
243390,1304
165786,1372
165786,10808
179853,62376
179853,1370
153642,56696
153642,35732
249687,1304
249687,59822
157185,63510
250434,63510
207084,35846
206448,35846
231663,63510
72918,56696
72918,35732
219048,50718
219048,63538
219048,33886
219048,30500
211407,35846
224841,16358
179853,63510
204480,63508
204480,49888
204480,62860
204480,62944
163044,10652
203511,16358
177474,56696
177474,35732
153642,1372
153642,10808
67335,1372
67335,10808
154032,16358
187962,10652
198573,16358
230073,54096
249930,50718
249930,33886
249930,63538
249930,30500
238827,62376
242232,62376
206955,1370
238827,1370
242232,1370
206955,62376
206484,56696
206763,35732
211641,35732
206514,35732
206412,35732
206514,56696
206412,56696
206763,56696
206484,35732
211641,56696
160029,10652
187659,62944
187659,62860
187659,49888
187659,63508
161787,63538
161787,50718
161787,33886
161787,30500
167652,35732
167652,56696
155337,63538
155337,30500
155337,50718
155337,33886
194409,10652
238218,10652
234864,10652
184104,30500
184104,63538
184104,33886
184104,50718
199479,10652
212283,33886
212283,63538
212283,30500
212283,50718
203214,56696
203214,35732
187659,10652
65577,54096
208209,63510
203214,59822
203214,1304
206748,10652
200364,63538
200364,30500
200364,33886
200364,50718
71301,124
196311,62944
196311,62860
196311,63508
207096,63508
196311,49888
207096,62860
207096,49888
207096,62944
247029,10652
192627,63510
157854,16358
67335,35732
67335,56696
212892,35732
212892,56696
72930,124
190152,62860
190152,49888
190152,63508
190152,62944
71301,10652
216564,49888
216564,63508
216564,62944
216564,62860
248013,59822
248013,1304
207240,10652
192942,35846
206367,35846
210897,35846
206646,35846
188787,54096
163377,56696
163377,35732
238032,54096
224169,35732
224169,56696
156225,56696
156225,35732
223071,63510
213513,62944
213513,63508
213513,62860
213513,49888
210000,63510
213978,1304
213978,59822
155100,35732
155100,56696
178068,30500
178068,33886
178068,50718
178068,63538
60864,10652
250977,1372
250977,10808
206433,35846
206625,35846
206637,35846
222750,1372
222750,10808
251253,33886
251253,30500
226623,33886
251253,50718
226623,63538
251253,63538
226623,30500
226623,50718
162795,10652
242856,33886
242856,63538
242856,30500
242856,50718
231876,1304
231876,59822
243390,63508
243390,62944
243390,62860
243390,49888
227616,1372
227616,10808
253671,10652
253557,50274
207927,10652
188100,10808
188100,1372
207330,35732
207330,56696
157224,56696
157224,35732
249930,57414
207330,63186
207330,42132
204657,54096
210978,30500
210978,33886
210978,50718
210978,63538
208503,62944
251631,63508
242571,63508
251631,49888
242571,62944
208503,62860
251631,62944
242571,49888
251631,62860
208503,63508
242571,62860
208503,49888
210954,56696
210954,35732
179700,63510
247986,16358
240912,16358
186987,63510
247260,11262
251643,54096
197286,35732
250653,56696
197286,56696
250653,35732
217380,63538
203439,63538
203439,50718
203259,30500
217380,33886
217380,50718
203439,33886
217380,30500
203439,30500
203259,63538
203259,33886
203259,50718
183912,50718
183912,63538
183912,33886
183912,30500
201798,50718
201798,30500
201798,33886
201798,63538
211236,1372
211236,10808
244092,63538
244092,50718
244092,33886
244092,30500
163377,63538
163377,33886
163377,50718
163377,30500
184509,50718
184509,33886
184509,63538
184509,30500
203445,63510
154998,11262
186177,1372
186177,10808
201741,10652
248202,35846
210000,30500
210000,50718
210000,63538
210000,33886
167652,33886
167652,30500
167652,63538
167652,50718
177951,56696
177951,35732
65577,33886
65577,30500
65577,50718
65577,63538
253335,63510
60762,49888
60762,63508
60762,62860
60762,62944
207219,10652
207600,62860
207600,63508
207600,62944
207600,49888
210000,10652
238611,57414
203082,57414
172419,124
230010,10808
230010,1372
194883,16358
164970,124
246054,56696
246054,35732
176643,35732
172587,56696
176643,56696
172587,35732
184710,10652
164007,10652
63876,54096
206496,35732
206496,56696
203700,56696
203700,35732
61692,124
210168,124
236226,10652
183468,124
253191,56696
253191,35732
208500,1370
208500,62376
210120,50718
210120,33886
210120,30500
210120,63538
228438,10652
245154,63510
59700,63510
206439,56696
206439,35732
210171,10652
192300,1372
192300,10808
204093,63510
197529,1304
197529,59822
249207,63508
249207,62860
249207,49888
249207,62944
161208,63510
62817,1372
62817,10808
156225,16358
183492,10652
181101,56696
181101,35732
60864,63538
60864,33886
60864,30500
60864,50718
227616,49888
227616,63508
227616,62944
227616,62860
208566,62376
208566,1370
188637,10652
248292,10808
248292,1372
164970,10652
204480,10652
163578,62860
163578,62944
163578,63508
163578,49888
154779,50274
61344,10808
61344,1372
186327,56696
186327,35732
210840,63510
235932,63510
229536,10808
229536,1372
210120,124
231057,54096
67158,63510
175878,63510
212526,54096
154998,1370
154998,62376
237840,35732
237840,56696
188787,50274
204771,63508
204771,49888
204771,62944
204771,62860
211632,30500
211632,63538
211632,33886
211632,50718
240912,33886
240912,50718
240912,63538
240912,30500
184950,63510
206496,57414
180195,10652
204411,10808
204411,1372
206847,16358
164661,63510
208209,56696
208209,35732
204144,10652
164337,10652
210627,10652
214998,10652
153756,63538
153756,30500
153756,33886
153756,50718
236226,62944
236226,62860
236226,49888
236226,63508
212478,10652
207600,35846
69060,50718
203151,63538
69060,33886
203151,30500
69060,63538
203151,33886
69060,30500
203151,50718
203775,1304
203775,59822
179853,50274
128526,51974
188685,10652
64218,50718
64218,30500
64218,63538
64218,33886
187221,10808
187221,1372
217782,50718
217782,63538
217782,30500
217782,33886
175809,124
248682,49888
248682,63508
248682,62944
248682,62860
153048,10808
153048,1372
183492,49888
183492,62860
183492,63508
183492,62944
245631,35732
245631,56696
211641,57414
206484,57414
206763,57414
206412,57414
206514,57414
192618,10652
198534,62944
198534,49888
198534,62860
198534,63508
223554,56696
223554,35732
252774,35732
252774,56696
244173,10652
165786,62860
165786,49888
165786,62944
165786,63508
72918,10652
180195,10808
180195,1372
154665,10652
206304,56696
206304,35732
154551,56714
154551,34092
188685,30500
188685,33886
188685,63538
188685,50718
204411,10652
197529,30500
197529,50718
197529,63538
197529,33886
222906,50718
222906,33886
222906,63538
222906,30500
207144,1372
207144,10808
206811,10808
206406,1372
206406,10808
206811,1372
195372,124
244971,1370
244971,62376
165726,59822
165726,1304
203727,35732
203727,56696
242232,10808
242232,1372
206955,10808
238827,10808
206955,1372
238827,1372
230286,1372
230286,10808
171702,10652
194409,62860
194409,49888
194409,62944
194409,63508
206850,35732
206850,56696
181746,10652
183213,10652
184104,10652
129081,35846
211533,62944
211533,49888
211533,63508
211533,62860
211989,35732
211989,56696
194883,62860
194883,49888
194883,63508
194883,62944
227670,35732
227973,35732
227670,56696
227973,56696
204480,56696
204480,35732
217494,56696
217494,35732
250977,35732
250977,56696
154821,124
179853,1372
179853,10808
155100,30500
155100,50718
155100,33886
155100,63538
226623,63510
251253,63510
230178,35732
230178,56696
65640,10652
155055,1372
155055,10808
64959,10652
209796,63186
209796,42132
195372,1304
195372,59822
212448,10808
212448,1372
62817,54096
220269,10652
183468,10808
183468,1372
231459,10652
240912,10652
183666,10808
183666,1372
244680,10808
244680,1372
196302,63510
206856,63510
245631,10652
226140,50274
223518,35732
223518,56696
192159,35732
192159,56696
69060,35846
203151,35846
227973,35846
223782,10652
67335,63510
227295,10652
212430,10652
222906,10652
209994,35732
209994,56696
192627,16358
244287,35846
227310,56696
227310,35732
204375,63508
204375,62860
204375,62944
204375,49888
190152,54096
203820,56696
203820,35732
203439,33534
203259,33534
217380,33534
203256,33534
196722,33534
212112,33534
203271,33534
56871,33886
56871,63538
56871,50718
56871,30500
192942,10808
192942,1372
219048,63510
60864,56696
60864,35732
164970,54096
187806,54096
157854,10652
186327,10808
186327,1372
227115,63508
227115,62944
227115,62860
227115,49888
210678,62860
210678,49888
210678,63508
210678,62944
236520,63508
236520,49888
236520,62944
236520,62860
229977,54096
249513,49888
249513,63508
249513,62860
249513,62944
187707,50274
203073,59822
203073,1304
215112,10652
212448,1370
212448,62376
244092,10652
204480,30500
204480,33886
204480,63538
204480,50718
166599,56696
166599,35732
238068,56696
238068,35732
60864,33534
248301,10652
232404,35846
59703,62376
221151,1370
192771,1370
59703,1370
203502,62376
221151,62376
203502,1370
205122,62376
210846,1370
250629,1370
205122,1370
229521,1370
229521,62376
205728,1370
203889,62376
66378,62376
203889,1370
199860,1370
66378,1370
199860,62376
250629,62376
251085,1370
205728,62376
158016,62376
158016,1370
210846,62376
251085,62376
192771,62376
154779,63510
188196,10652
224841,35732
224841,56696
222906,56696
222906,35732
154779,33886
154779,30500
154779,50718
154779,63538
153999,35732
153999,56696
221247,1372
221247,10808
230028,35846
251967,50274
248682,10808
248682,1372
204228,10808
204228,1372
88920,54096
129135,10808
129135,1372
230286,10652
183468,54096
216948,10652
243408,56696
243408,35732
246042,63508
246042,62860
246042,62944
246042,49888
128763,10652
231057,57804
206988,35846
250275,35846
180195,35732
180195,56696
240912,63510
214998,30500
214998,33886
214998,50718
214998,63538
235932,35846
210840,35846
155337,10652
72045,10808
72045,1372
206673,1372
206673,10808
243408,30500
243408,33886
243408,50718
243408,63538
208554,63508
208554,62944
208554,49888
208554,62860
198981,10808
198981,1372
209622,35846
243390,1372
243390,10808
198792,63510
225480,35732
225480,56696
217782,62944
217782,49888
217782,63508
217782,62860
242151,10652
198882,10652
192627,10652
228024,56696
228024,35732
154434,57414
192627,33886
192627,50718
192627,30500
192627,63538
251643,49888
251643,62860
251643,62944
251643,63508
65313,50718
65313,33886
65313,30500
65313,63538
183912,59822
183912,1304
194409,35846
154821,63508
154821,62944
154821,62860
154821,49888
206868,35732
206868,56696
190152,56696
190152,35732
244092,1372
244092,10808
188100,124
188343,50718
188343,63538
188343,30500
188343,33886
251643,1370
251643,62376
211140,1372
211140,10808
214194,35732
214194,56696
65067,35732
65067,56696
183666,10652
243408,16358
65052,63538
65052,30500
65052,33886
65052,50718
154698,63508
154698,62944
154698,62860
154698,49888
234972,63510
234018,63510
244158,50718
244158,63538
244158,30500
244158,33886
217002,63538
217002,33886
217002,30500
217002,50718
71301,54096
228753,10652
164457,1372
164457,10808
183576,63510
211632,63510
242232,35846
238827,35846
206955,35846
210978,10652
244287,50274
60762,54096
209154,63538
209154,33886
209154,30500
209154,50718
88920,124
212211,124
154770,10652
221331,124
226140,124
162984,62860
162984,49888
162984,62944
162984,63508
184698,50718
184698,63538
184698,33886
184698,30500
208566,35732
208566,56696
204774,62860
204774,49888
204774,62944
204774,63508
253191,10652
154032,1372
154032,10808
72930,16358
72561,10652
206673,62860
206673,62944
206673,63508
206673,49888
201798,35732
201798,56696
246963,63186
246963,42132
251643,124
89013,1372
89013,10808
207240,54096
177474,10808
177474,1372
187707,1372
187707,10808
237840,49888
237840,63508
237840,62860
237840,62944
64218,1372
64218,10808
184950,10652
180495,30500
180495,33886
180495,50718
180495,63538
188604,16358
163044,56696
163044,35732
187386,63538
187386,33886
187386,50718
187386,30500
231876,1370
231876,62376
204375,35846
210168,35846
61692,35846
237840,10652
198855,10652
251169,63510
211812,10652
154032,10652
166599,63510
238068,63510
203445,35846
161787,10652
232035,10652
244158,63510
172503,10652
203727,63510
211989,63510
203073,50718
203073,30500
203073,63538
203073,33886
212526,62860
212526,62944
212526,49888
212526,63508
217494,10652
200364,10652
246150,35732
246150,56696
187875,1372
187875,10808
206304,63538
206304,30500
206304,33886
206304,50718
201798,35846
179790,10652
186378,33534
211386,33534
206349,35846
63876,35846
212211,54096
236520,30500
236520,63538
236520,33886
236520,50718
233091,10652
163101,16358
195507,62944
195507,62860
195507,49888
195507,63508
210954,10652
62817,124
163101,35846
239577,33886
239577,63538
239577,30500
239577,50718
247260,10808
247260,1372
208500,63508
208500,62944
208500,62860
208500,49888
155337,1372
155337,10808
184104,10808
184104,1372
203445,59822
203445,1304
212301,62944
212301,49888
212301,62860
212301,63508
232068,50274
234120,30500
234120,33886
234120,50718
234120,63538
228729,63510
242571,56696
242571,35732
251631,35732
251631,56696
208503,35732
208503,56696
154041,35732
154041,56696
192618,35732
192618,56696
61899,63508
61899,62860
61899,49888
61899,62944
207222,59394
128526,57804
210120,54096
214998,124
227973,10652
227670,10652
229737,35846
230178,50718
230178,63538
230178,30500
230178,33886
175293,35732
175293,56696
208053,10652
156063,35732
156063,56696
162603,63510
153279,63510
214506,33886
214506,30500
214506,50718
214506,63538
199854,35846
198573,50274
210633,42132
210633,63186
140277,33886
140277,50718
140277,63538
140277,30500
173613,10652
210954,30500
210954,50718
210954,33886
210954,63538
222750,56696
222750,35732
153813,33886
153813,63538
153813,50718
153813,30500
59700,10652
62817,50274
222906,10808
222906,1372
238536,62376
238536,1370
211524,50274
204771,35846
153867,1372
153867,10808
188730,10652
187734,10652
183921,10652
60864,1372
60864,10808
230010,10652
61344,63186
61344,42132
164661,10652
211533,10652
244158,35732
244158,56696
209799,124
245154,1372
245154,10808
230073,16358
211524,35846
184710,56696
184710,35732
211476,10808
211476,1372
252081,50274
207339,50274
221331,54096
226140,54096
161208,10652
208206,1372
208206,10808
183363,50718
183363,30500
183363,63538
183363,33886
56871,10652
229737,54096
216822,124
71301,1372
71301,10808
205959,124
232029,42132
232029,63186
162603,35732
162603,56696
249207,35846
203724,62944
203724,63508
203724,62860
203724,49888
240912,35846
65067,10808
65067,1372
213102,63510
246804,10652
154551,10652
156063,10808
156063,1372
198534,54096
229473,10652
219048,10652
208554,35732
208554,56696
217380,56696
203439,56696
203259,35732
217380,35732
203259,56696
203439,35732
184710,1372
184710,10808
249486,57414
211740,57414
207396,1372
207396,10808
248013,35846
197034,10652
211386,63538
186378,33886
211386,30500
186378,50718
186378,30500
186378,63538
211386,50718
211386,33886
204375,1372
204375,10808
191256,1370
191256,62376
252405,35732
252405,56696
224208,62074
212283,10808
212283,1372
246042,1370
246042,62376
243390,54096
192714,63510
217494,16358
65313,35732
65313,56696
229737,62860
229737,62944
229737,63508
229737,49888
156225,63510
210234,50274
253557,16358
231663,63538
231663,50718
231663,30500
231663,33886
196845,54096
247962,54096
153279,10808
153279,1372
251619,1370
206481,1370
212748,62376
251619,62376
212748,1370
206481,62376
157767,56696
157767,35732
183576,10652
154665,62944
154665,63508
154665,62860
154665,49888
229977,124
231459,35846
245631,50718
245631,63538
245631,33886
245631,30500
210045,35732
210045,56696
253335,30500
253335,50718
253335,63538
253335,33886
206799,10808
206799,1372
153756,10652
210234,35846
25743,10808
25743,1372
129204,62860
205731,62944
205731,62860
129204,62944
129204,49888
129204,63508
205731,63508
205731,49888
166437,10652
163377,10808
163377,1372
156024,1372
156024,10808
173667,49888
173667,62944
173667,62860
173667,63508
209994,33886
209994,30500
209994,50718
209994,63538
196455,62944
196455,63508
196455,62860
196455,49888
200364,16358
252405,10652
157398,10808
157398,1372
154098,1372
154098,10808
153279,10652
203277,35732
203277,56696
248550,57414
194883,124
154698,50274
250362,124
154560,10652
157854,124
212526,16358
199854,124
61344,50274
157416,10808
205722,1372
157416,1372
205722,10808
213978,56696
213978,35732
212442,54096
252480,57414
154032,54096
237840,10808
237840,1372
232614,10808
232614,1372
197034,62944
197034,63508
197034,49888
197034,62860
195372,10652
242439,35846
88920,62944
88920,49888
88920,63508
88920,62860
158658,63510
178458,35732
178458,56696
212478,1304
212478,59822
253557,57804
194409,124
153642,10652
242130,62376
242130,1370
247548,35732
247548,56696
208788,35732
208788,56696
227310,50274
162795,10808
162795,1372
177951,10808
177951,1372
207330,124
153792,1372
153792,10808
186177,124
213978,124
229737,16358
128526,48298
191256,30500
191256,50718
191256,33886
191256,63538
238263,10652
212430,10808
227295,10808
227295,1372
212430,1372
167256,10808
167256,1372
176403,35846
212220,35846
206868,10808
206868,1372
140277,57414
220713,10808
220713,1372
186177,50274
71301,62944
71301,49888
71301,63508
71301,62860
183450,35732
183450,56696
217002,35732
217002,56696
209994,10808
209994,1372
204717,62944
204717,63508
204717,49888
204717,62860
184698,63510
172695,10652
250977,50718
250977,30500
250977,63538
250977,33886
248373,10652
244041,35846
165786,124
216564,1370
216564,62376
235335,10652
231708,35846
188100,54096
198792,56696
198792,35732
207339,63186
207339,42132
252081,42132
252081,63186
153138,10652
230073,124
186378,35732
211386,35732
186378,56696
211386,56696
212526,35732
212526,56696
211812,10808
211812,1372
197034,35846
211533,56696
211533,35732
189045,63508
189045,62860
189045,49888
189045,62944
187650,50718
187650,63538
187650,30500
187650,33886
247983,10808
247983,1372
246963,124
236520,62376
236520,1370
202818,1370
202818,62376
158742,10652
188100,62944
188100,62860
188100,49888
188100,63508
197034,35732
197034,56696
242151,59396
242151,62274
198882,59396
198882,62274
222750,30500
222750,50718
222750,33886
222750,63538
186378,1372
186378,10808
211386,1372
211386,10808
204375,10652
201798,10652
203277,33886
203277,30500
203277,63538
203277,50718
61824,16358
203277,59822
203277,1304
231057,59396
231057,62274
222669,10808
222669,1372
209793,59822
209793,1304
220269,16358
206361,35732
206361,56696
183387,10652
173940,63538
173940,33886
173940,30500
173940,50718
204657,124
253578,63538
253578,30500
253578,33886
253578,50718
208053,54096
154434,50718
154434,63538
154434,30500
154434,33886
64959,62860
64959,49888
64959,63508
64959,62944
230178,10652
188700,124
165717,124
71301,35846
207330,33886
207330,63538
207330,50718
207330,30500
203151,35732
203151,56696
69060,56696
69060,35732
154434,63510
212220,54290
176403,54290
249294,35732
249294,56696
128526,35846
223728,30500
223728,50718
223728,33886
223728,63538
212211,16358
208788,10652
208206,50718
208206,63538
208206,30500
208206,33886
192618,57414
208812,30500
208812,50718
208812,33886
208812,63538
176577,63510
206439,49888
206439,63508
206439,62944
206439,62860
203277,10652
238032,35846
187962,124
233814,62376
233814,1370
180495,16358
217293,63510
249207,10808
249207,1372
25743,35732
25743,56696
211533,33534
195723,62944
195723,62860
195723,63508
195723,49888
238218,49888
238218,62860
238218,63508
238218,62944
198279,10652
66879,10652
247956,10808
247956,1372
187224,63510
232029,54096
249930,35732
249930,56696
165786,54096
214998,63508
214998,62944
214998,49888
214998,62860
163044,1372
163044,10808
205812,10652
199854,10808
199854,1372
249207,10652
206850,35846
216564,1372
216564,10808
209799,62944
209799,49888
209799,62860
209799,63508
163251,1372
163251,10808
215112,16358
203700,124
213513,10808
213513,1372
186987,56696
186987,35732
197529,35846
244287,1372
244287,10808
251643,10652
247986,10652
187650,10652
212442,57804
230178,10808
230178,1372
179700,10652
237840,54096
223782,63510
209994,10652
248550,16358
65067,10652
165726,10652
221247,1304
221247,59822
246042,50274
155100,10652
157854,54096
203829,63508
203829,49888
203829,62944
203829,62860
205815,10652
207222,57804
140277,35732
140277,56696
197034,63538
197034,33886
197034,50718
197034,30500
204657,16358
128526,50274
156225,10652
212301,10808
212301,1372
249687,50718
249687,33886
249687,63538
249687,30500
204228,63510
224208,62860
224208,62944
224208,49888
224208,63508
153756,1372
153756,10808
215112,57804
230010,54096
220713,124
181110,63510
253671,1372
253671,10808
206514,33534
206412,33534
211641,33534
206763,33534
206484,33534
154551,10808
154551,1372
246804,10808
246804,1372
210876,124
232614,124
209073,10652
64218,10652
65640,10808
65640,1372
181746,10808
181746,1372
128538,10808
128538,1372
201798,63510
154698,50718
154698,33886
154698,63538
154698,30500
244971,59396
244971,62274
156225,10808
156225,1372
65577,124
208566,62944
208566,49888
208566,62860
208566,63508
203214,35846
192159,10652
223518,10652
183366,54096
241350,62860
241350,63508
241350,62944
241350,49888
203829,35846
208788,50274
213102,35732
213102,56696
206763,1372
211641,1372
211641,10808
206514,10808
206484,10808
206484,1372
206412,1372
206514,1372
206412,10808
206763,10808
201564,62860
201564,62944
203301,63508
203301,62860
203301,62944
201564,63508
203706,63508
203295,62944
203706,49888
203295,62860
203295,49888
201564,49888
203301,49888
203706,62860
203706,62944
203295,63508
210045,63510
196311,35846
207096,35846
188331,63508
188331,62860
188331,62944
188331,49888
203073,63510
188343,35732
188343,56696
187962,33534
200964,30500
200964,50718
200964,33886
200964,63538
245976,10652
153402,56696
153402,35732
203871,16358
204780,16358
243408,35846
61899,124
230073,10808
230073,1372
154167,63508
154167,49888
154167,62860
154167,62944
224841,35846
245976,56696
245976,35732
247260,50274
247974,10652
204483,10652
188343,63510
204717,35732
204717,56696
229473,63510
157185,56696
157185,35732
231708,1372
231708,10808
203439,10652
203259,10652
217380,10652
207105,1370
207105,62376
154758,1370
154758,62376
166437,56696
166437,35732
211533,124
217782,10652
166128,63508
166128,49888
166128,62860
166128,62944
88920,16358
217782,56696
217782,35732
211524,124
205959,62860
205959,62944
205959,63508
205959,49888
64365,10652
212478,49888
212478,63508
212478,62944
212478,62860
235335,10808
235335,1372
206364,1370
206364,62376
210120,62860
210120,62944
210120,63508
210120,49888
154560,1372
154560,10808
249513,10652
224931,62944
224931,49888
224931,62860
224931,63508
206406,54096
207144,54096
206811,54096
179790,1372
179790,10808
216564,63538
216564,30500
216564,50718
216564,33886
188100,16358
165750,56696
165750,35732
88821,35732
88821,56696
177951,10652
188343,1372
188343,10808
72117,1372
72117,10808
240939,11262
210978,54096
154827,124
226623,35732
251253,35732
226623,56696
251253,56696
248796,62074
154119,49888
154119,62944
154119,63508
154119,62860
205959,16358
217782,1372
217782,10808
187806,124
171702,63508
171702,62944
171702,62860
171702,49888
157767,62860
157767,63508
157767,49888
157767,62944
178458,10652
249513,35846
196455,62376
196455,1370
223968,10808
223968,1372
242439,10652
206850,10808
206850,1372
190152,10808
190152,1372
167316,63538
167316,33886
167316,50718
167316,30500
161058,35846
210978,62944
210978,62860
210978,49888
210978,63508
164007,1372
164007,10808
162984,10808
162984,1372
207222,42132
207222,63186
210234,124
183912,10652
173613,63510
157767,10652
157854,50274
231057,10808
231057,1372
172419,16358
69060,10652
203151,10652
250782,56696
250782,35732
240939,50718
240939,30500
240939,63538
240939,33886
204774,10652
208812,63510
153867,10652
206304,1372
206304,10808
211473,63510
195372,16358
187224,10652
247983,1370
247983,62376
223554,62376
223554,1370
252774,62376
252774,1370
204093,33886
204093,50718
204093,63538
204093,30500
157854,35732
157854,56696
128901,63510
223728,63510
66915,63510
249486,1372
249486,10808
128334,62860
128334,63508
128334,62944
128334,49888
65313,1372
65313,10808
209796,50274
214506,56696
214506,35732
225501,35846
213978,50274
244041,16358
154998,50274
207240,35846
238263,59396
238263,62274
229977,63508
229977,49888
229977,62944
229977,62860
67158,10652
175878,10652
204717,30500
204717,33886
204717,50718
204717,63538
72561,35732
72561,56696
248796,62860
248796,63508
248796,62944
248796,49888
198873,56696
198873,35732
203775,35846
244971,11262
61899,54096
224526,63508
224526,49888
224526,62860
224526,62944
166995,10652
211140,62376
211140,1370
230073,50274
213513,124
248292,16358
239577,35732
239577,56696
213114,63186
213114,42132
242130,63538
242130,50718
242130,33886
242130,30500
230010,124
165786,16358
212220,36720
176403,36720
215112,54096
186882,63510
222750,10652
206748,36720
153600,54096
205815,10808
205815,1372
192549,63510
192714,50718
192714,33886
192714,30500
192714,63538
247974,1372
247974,10808
204483,10808
204483,1372
172419,63508
172419,62944
172419,62860
172419,49888
66915,33886
66915,50718
66915,63538
66915,30500
230010,49888
230010,63508
230010,62860
230010,62944
204717,35846
183213,54096
187875,16358
65577,16358
204717,10652
203775,35732
203775,56696
203082,1304
238611,1304
238611,59822
203082,59822
234972,10808
234018,1372
234018,10808
234972,1372
241389,10808
241389,1372
215112,124
171702,10808
171702,1372
251619,57414
212748,57414
206481,57414
224208,1372
224208,10808
229536,50274
56871,63510
226662,10652
156225,33886
156225,30500
156225,50718
156225,63538
210978,10808
210978,1372
221247,54096
225480,63508
225480,62860
225480,49888
225480,62944
200364,35732
200364,56696
153600,49888
153600,62860
153600,62944
153600,63508
220728,51974
195372,54096
249486,56696
249486,35732
167256,63508
167256,49888
167256,62860
167256,62944
198573,35846
175809,16358
184950,10808
184950,1372
244005,56696
244005,35732
88821,10652
165750,10652
189009,10652
206361,50274
252210,62860
252210,63508
252210,62944
252210,49888
244287,42132
244287,63186
207240,124
189045,54096
64365,63510
154098,10652
173940,35732
173940,56696
183387,10808
183387,1372
156063,63510
243408,10652
215112,59396
215112,62274
246042,33886
246042,30500
246042,50718
246042,63538
163044,124
88920,35846
225480,10652
228024,10652
171702,124
155388,16358
251721,35846
201837,35846
248178,35846
208545,35846
198873,10652
189009,1372
189009,10808
186327,10652
128604,124
227670,33534
211947,56696
211947,35732
210978,16358
184710,57414
198792,57414
167652,10652
153792,35732
153792,56696
154560,56696
154560,35732
203166,63508
203166,49888
203166,62860
203166,62944
242439,63510
163377,10652
191256,10808
191256,1372
234972,35846
234018,35846
247962,10808
247962,1372
223071,10652
245154,10652
173940,63510
197529,10652
209073,35846
186378,124
211386,124
198534,35732
198534,56696
183921,10808
183921,1372
231708,16358
183213,16358
192942,54096
156024,10652
179853,33886
179853,63538
179853,50718
179853,30500
65328,63508
65328,62860
65328,49888
65328,62944
183921,16358
213978,10652
154167,54096
198882,35846
242151,35846
154758,33886
154758,50718
154758,30500
154758,63538
247956,35732
247956,56696
248292,124
60762,1304
60762,59822
209622,10652
246054,1372
246054,10808
244041,10652
253335,56696
253335,35732
221247,10652
251967,51974
183366,1372
183366,10808
210045,1372
210045,10808
245631,63508
245631,62860
245631,49888
245631,62944
210978,124
219048,16358
175293,49888
175293,62860
175293,62944
175293,63508
206364,56696
206364,35732
222759,63186
222759,42132
63876,42132
63876,63186
204375,54096
188331,124
162984,35846
66879,10808
66879,1372
246150,10652
211473,10652
217293,35732
217293,56696
227292,10808
227292,1372
211407,42132
211407,63186
155100,1372
155100,10808
176403,48298
212220,48298
192627,35846
154485,10808
162843,1372
162843,10808
154485,1372
72918,10808
72918,1372
188961,10652
183213,35846
183213,124
157224,10652
184710,124
252480,10652
253683,10652
206496,10808
206496,1372
248292,54096
238611,63538
203082,33886
238611,33886
203082,50718
238611,30500
238611,50718
203082,30500
203082,63538
207243,54096
153756,16358
250947,10652
206964,42132
206964,63186
206772,63186
206772,42132
253578,56696
253578,35732
181110,50718
181110,30500
181110,63538
181110,33886
153756,54096
140277,10652
213978,16358
200964,62376
200964,1370
184710,63510
128334,54096
224208,59822
224208,1304
72561,10808
72561,1372
214998,50274
227310,10652
208812,62860
208812,49888
208812,62944
208812,63508
246150,33886
246150,50718
246150,63538
246150,30500
210168,1372
210168,10808
61692,1372
61692,10808
208053,63508
208053,49888
208053,62860
208053,62944
181593,50274
210120,16358
211740,10652
222669,57804
206496,63510
65313,10652
207597,16358
68676,124
208092,62860
208092,62944
208092,63508
208092,49888
208092,1370
208092,62376
238032,50274
172587,10652
176643,10652
246963,35846
211950,56696
211950,35732
65067,33886
65067,30500
65067,63538
65067,50718
206361,57804
230028,51974
228753,1372
228753,10808
237840,124
62817,16358
204093,56696
204093,35732
246963,10652
207927,49888
207927,62944
207927,63508
207927,62860
128334,124
206418,51974
204411,62944
204411,49888
204411,63508
204411,62860
180195,63508
180195,49888
180195,62944
180195,62860
153999,10808
153999,1372
188604,35846
251619,63510
212748,63510
206481,63510
140277,33534
212301,35846
246150,1372
246150,10808
212526,33886
212526,30500
212526,50718
212526,63538
206868,63186
206868,42132
181110,1370
181110,62376
207222,35846
234093,10652
210393,10652
72645,16358
227292,49888
227292,63508
227292,62944
227292,62860
206304,10652
205722,124
157416,124
246804,56696
154551,56696
154551,35732
246804,35732
172503,1372
172503,10808
221331,50274
161058,1372
161058,10808
244971,10808
244971,1372
156225,35846
215112,59394
234864,10808
234864,1372
187962,10808
187962,1372
252696,62860
252696,62944
252696,63508
252696,49888
206361,62944
206361,49888
206361,62860
206361,63508
67335,10652
252480,63510
223968,49888
223968,62944
223968,62860
223968,63508
249207,54096
157398,10652
248292,62860
248292,63508
248292,62944
248292,49888
212448,59394
237840,50274
161058,10652
237840,16358
198534,124
222204,62860
222204,49888
222204,62944
222204,63508
194409,1372
194409,10808
244092,16358
178068,10652
209154,56696
209154,35732
129135,63508
129135,62860
192300,63508
129135,49888
192300,62944
192300,62860
192300,49888
129135,62944
217293,10652
245976,16358
203082,63510
238611,63510
203511,49888
203511,62944
203511,63508
203511,62860
208053,124
176577,10652
235335,124
183921,49888
183921,62944
183921,62860
183921,63508
242610,10808
242610,1372
194409,54096
208794,63510
221331,49888
226140,49888
226140,62860
221331,63508
226140,63508
221331,62860
226140,62944
221331,62944
163044,57414
238068,10652
166599,10652
249297,1372
249297,10808
155043,54096
206481,42132
212748,63186
251619,63186
212748,42132
251619,42132
206481,63186
248202,59396
248202,62274
163101,10652
211524,10652
225699,62860
225699,49888
225699,62944
225699,63508
60864,124
162843,35732
162843,56696
250977,10652
192618,124
248301,50274
177474,10652
154698,1370
154698,62376
154698,10808
154698,1372
189045,124
153756,124
154758,62944
154758,49888
154758,63508
154758,62860
236226,54096
211965,10652
184698,1372
184698,10808
198573,50720
207243,62944
207243,49888
207243,63508
207243,62860
227616,42132
227616,63186
217782,54096
180495,35846
192618,63510
183492,54096
242856,1304
242856,59822
165684,124
154779,62376
154779,1370
156063,10652
220713,54096
209799,16358
197529,56696
197529,35732
155055,63508
155055,62860
155055,49888
155055,62944
198873,1372
198873,10808
192618,33886
192618,30500
192618,50718
192618,63538
180495,124
163101,63508
163101,62860
163101,62944
163101,49888
206670,33534
245976,63508
245976,62944
245976,49888
245976,62860
248202,63186
248202,42132
238536,50274
204483,56696
247974,56696
204483,35732
247974,35732
188685,16358
206364,49888
206364,62860
206364,62944
206364,63508
223071,10808
223071,1372
209793,57414
203073,10652
231057,59394
207927,54096
247548,30500
247548,50718
247548,33886
247548,63538
207243,124
210234,10652
203445,63538
203445,30500
203445,50718
203445,33886
203700,35846
184950,35732
184950,56696
208794,63508
208794,62944
208794,62860
208794,49888
194883,35846
198981,50274
153813,1370
153813,62376
206481,54096
251619,54096
212748,54096
153600,124
222906,49888
222906,62944
222906,63508
222906,62860
232068,35846
247986,62944
247986,63508
247986,62860
247986,49888
248301,62944
248301,62860
248301,49888
248301,63508
204228,35732
204228,56696
155055,54096
210045,50718
210045,33886
210045,63538
210045,30500
231459,1372
231459,10808
203166,35846
237804,62944
237804,63508
237804,62860
237804,49888
247962,56696
247962,35732
235458,62860
235458,49888
235458,63508
235458,62944
194601,63510
204480,16358
164457,49888
164457,63508
164457,62944
164457,62860
186177,16358
163044,63510
242439,63538
242439,50718
242439,33886
242439,30500
192714,35846
180195,16358
208341,124
203796,124
211524,51974
180495,54096
187386,62376
187386,1370
154740,54096
163377,16358
180495,10808
180495,1372
128526,63186
128526,42132
214998,16358
231663,35732
231663,56696
72117,42132
72117,63186
206481,10808
206481,1372
212748,10808
251619,10808
251619,1372
212748,1372
237804,54096
212448,59396
212448,62274
198873,49888
198873,62860
198873,62944
198873,63508
248550,35732
248550,56696
89013,49888
89013,62860
89013,62944
89013,63508
180495,62860
180495,62944
180495,49888
180495,63508
211524,10808
211524,1372
72045,54096
250653,10652
197286,10652
253335,10652
183450,10652
210045,10652
204375,124
253557,35846
211632,56696
211632,35732
208794,33886
208794,63538
208794,50718
208794,30500
212448,57804
208500,35846
164661,35732
164661,56696
251967,10808
251967,1372
180195,124
224208,10652
154665,56696
154665,35732
203073,35846
251643,10808
251643,1372
165717,1372
188700,1372
165717,10808
188700,10808
174195,49888
174195,62860
174195,62944
174195,63508
210234,51974
231057,51974
238536,10808
238536,1372
156063,50718
156063,30500
156063,33886
156063,63538
164007,16358
140277,63510
231708,124
212448,51974
139272,54096
72117,35846
198882,1372
242151,1372
198882,10808
242151,10808
61692,54096
210168,54096
232614,16358
153642,16358
248550,63538
248550,30500
248550,50718
248550,33886
251967,35846
251121,1372
251121,10808
198801,124
224169,124
207597,124
187386,49888
187386,63508
187386,62944
187386,62860
244005,1372
244005,10808
162843,10652
154485,10652
210234,1372
210234,10808
220269,63186
220269,42132
154485,35732
154485,56696
205959,54096
154998,10808
154998,1372
198981,124
238032,51974
249486,63510
206847,10652
230028,10808
230028,1372
211236,16358
206748,16358
182292,50274
224631,49888
224631,62944
224631,63508
224631,62860
183363,54096
220269,35846
153402,33886
153402,50718
153402,63538
153402,30500
247956,33886
247956,63538
247956,50718
247956,30500
209622,62944
209622,62860
209622,63508
209622,49888
200508,10808
200508,1372
209154,63510
237804,16358
235335,54096
212526,124
251967,42132
251967,63186
188343,16358
207600,1372
207600,10808
206670,63508
206670,62860
206670,49888
206670,62944
226140,16358
221331,16358
179853,62944
179853,63508
179853,49888
179853,62860
162984,124
232068,124
247983,59394
213513,10652
227295,16358
212430,16358
154167,124
211476,63508
211476,62944
211476,62860
211476,49888
249486,42132
249486,63186
248682,35846
192549,62376
192549,1370
184710,42132
184710,63186
184104,16358
198552,1372
198552,10808
68676,35846
153048,124
203445,33534
252405,49888
252405,62944
252405,63508
252405,62860
248292,35846
128538,10652
208053,16358
250362,33534
187659,124
207339,35846
252081,35846
220713,35846
232029,35846
231708,62944
231708,62860
231708,63508
231708,49888
187707,54096
194883,54096
234018,10652
234972,10652
188331,54096
249207,124
186882,30500
186882,33886
186882,50718
186882,63538
212301,54096
237804,124
230028,50274
244680,16358
253578,10652
242856,16358
207600,124
246054,10652
202818,33886
202818,30500
202818,50718
202818,63538
210633,35846
188787,124
154098,35846
251619,56696
206481,35732
206481,56696
212748,35732
251619,35732
212748,56696
231876,57414
204228,10652
229536,54096
212211,62274
212211,59396
154041,10808
154041,1372
244287,59394
221247,62074
72561,63538
72561,30500
72561,50718
72561,33886
248202,59394
247986,56696
247986,35732
217494,33886
217494,50718
217494,30500
217494,63538
247548,10652
242610,54096
238032,1372
238032,10808
154098,16358
230286,124
247548,1372
247548,10808
225480,16358
153756,49888
153756,62944
153756,62860
153756,63508
209622,56696
209622,35732
248682,54096
68676,16358
242856,10652
228024,62074
210627,63508
210627,62944
210627,49888
210627,62860
208524,35846
212571,35846
242412,35846
209094,124
163377,35846
244158,10808
244158,1372
172419,35846
171702,54096
203151,33534
69060,33534
227973,33534
204093,10652
187962,63186
187962,42132
229977,16358
209796,35846
192159,35846
223518,35846
163101,124
181101,124
234864,63508
234864,62944
234864,62860
234864,49888
206484,42132
206412,42132
211641,42132
211641,63186
206412,63186
206763,42132
206514,63186
206484,63186
206763,63186
206514,42132
188787,50720
203700,54096
244005,10652
65328,54096
187875,35846
247956,10652
183213,50274
213102,10808
213102,1372
247962,63186
247962,42132
236226,50274
210978,35846
167652,1372
167652,10808
242130,1372
242130,10808
128604,16358
154542,63538
154542,33886
154542,30500
154542,50718
238536,50718
238536,63538
238536,33886
238536,30500
247983,62274
247983,59396
155043,124
249486,33534
206367,10808
206646,1372
206646,10808
210897,1372
206367,1372
210897,10808
196845,35846
210954,63508
210954,62944
210954,62860
210954,49888
192627,124
221247,50274
204657,35846
154041,10652
196311,54096
207096,54096
60762,50274
212448,42132
212448,63186
155043,49888
155043,62944
155043,63508
155043,62860
206763,63510
206484,63510
206412,63510
211641,63510
206514,63510
237804,50274
164970,62860
164970,49888
164970,62944
164970,63508
155337,62860
155337,63508
155337,49888
155337,62944
182292,16358
223518,49888
192159,63508
192159,62944
223518,62944
192159,49888
192159,62860
223518,63508
223518,62860
154560,30500
154560,63538
154560,33886
154560,50718
212211,35846
196302,1370
196302,62376
206856,62376
206856,1370
184698,10652
181746,62944
181746,63508
181746,49888
181746,62860
190152,63186
190152,42132
158742,62944
158742,49888
158742,63508
158742,62860
212892,16358
192714,10652
203811,35846
219048,35846
187875,124
25743,62944
25743,49888
25743,63508
25743,62860
64959,50274
206799,49888
206799,62944
206799,62860
206799,63508
234156,49888
234156,62860
234156,62944
234156,63508
188343,10652
204771,10808
204771,1372
64218,16358
186987,49888
186987,62860
186987,62944
186987,63508
191247,1372
191247,10808
188100,35846
68676,54096
200964,56696
200964,35732
195372,1372
195372,10808
60864,42132
60864,63186
206670,1372
206670,10808
233814,63510
217002,57414
154476,62944
154476,62860
154476,49888
154476,63508
163044,33534
160029,59396
160029,62274
166437,63508
166437,62860
166437,49888
166437,62944
72930,35846
153642,35846
248202,48298
155055,16358
225276,10652
234120,16358
247983,51974
155388,35846
203724,10652
234120,56696
234120,35732
153792,10652
183912,35732
183912,56696
153999,10652
211476,124
210129,35846
205188,35846
154758,10808
154758,1372
157416,63508
205722,62944
157416,49888
157416,62860
205722,62860
157416,62944
205722,63508
205722,49888
183366,59822
183366,1304
203082,10652
238611,10652
227670,63508
227670,49888
227670,62944
227670,62860
227973,49888
227973,62860
227973,62944
227973,63508
223968,50274
249930,63510
155055,124
153756,35846
162843,33886
162843,63538
162843,50718
162843,30500
163044,42132
163044,63186
64218,63508
64218,62860
64218,49888
64218,62944
187386,50274
229977,35846
153402,10652
154803,124
153402,1372
153402,10808
72108,10652
242232,63186
238827,63186
242232,42132
206955,42132
206955,63186
238827,42132
154770,62944
154770,63508
154770,49888
154770,62860
225501,62274
225501,59396
211140,36720
222669,62274
222669,59396
69060,63508
203151,63508
69060,49888
69060,62860
203151,62944
203151,49888
203151,62860
69060,62944
228753,62944
228753,63508
228753,62860
228753,49888
188685,1372
188685,10808
238536,16358
207240,63186
207240,42132
250782,10652
128526,62274
128526,59396
89013,54096
250782,33886
250782,63538
211236,35846
250782,50718
250782,30500
206439,54096
63876,10652
213102,10652
195372,35846
243390,124
177921,62944
177921,63508
177921,62860
177921,49888
198792,10652
174195,50274
220728,50274
66915,56696
66915,35732
217002,63510
154032,62860
154032,62944
154032,63508
154032,49888
188343,35846
128334,35846
244287,59396
244287,62274
198279,16358
248796,35732
248796,56696
65052,62944
65052,63508
65052,49888
65052,62860
154542,62860
154542,49888
154542,62944
154542,63508
224931,50274
248205,62944
248205,49888
248205,62860
248205,63508
238536,63186
238536,42132
212526,35846
165684,63508
165684,49888
165684,62944
165684,62860
231663,16358
207927,124
200508,10652
181110,49888
181110,63508
181110,62860
181110,62944
232035,35846
246963,50274
249687,63510
209073,62860
209073,49888
209073,62944
209073,63508
203445,35732
203445,56696
154119,35846
215112,10808
215112,1372
192714,35732
192714,56696
206439,1372
206439,10808
231459,124
184710,33534
189045,16358
129081,33534
206748,54290
217494,35846
202818,50274
220728,57804
207597,35846
173667,124
207222,62274
207222,59396
203274,33534
206670,54096
187650,124
212283,63508
212283,49888
212283,62860
212283,62944
206868,124
216948,62860
216948,63508
216948,62944
216948,49888
206349,62944
206349,62860
206349,63508
206349,49888
207105,62860
207105,62944
207105,63508
207105,49888
216822,11490
213978,10808
213978,1372
198534,50274
154434,10652
206673,63186
206673,42132
230010,35846
154779,62860
154779,49888
154779,62944
154779,63508
226662,49888
226662,62944
226662,63508
226662,62860
176403,53386
212220,53386
65640,62860
65640,49888
65640,63508
65640,62944
203073,35732
203073,56696
230286,62860
230286,63508
230286,49888
230286,62944
181593,49888
181593,63508
181593,62944
181593,62860
224208,54096
247260,42132
247260,63186
211524,42132
211524,63186
204771,124
208209,10652
231459,63508
231459,62860
231459,62944
231459,49888
154119,54096
206418,35846
250782,1372
250782,10808
72045,62274
72045,59396
211140,54096
206850,49888
206850,62944
206850,63508
206850,62860
206349,10808
206349,1372
162984,54096
206496,63186
206496,42132
203736,124
212430,124
227295,124
247260,10652
155337,16358
207222,61280
230178,62860
230178,49888
230178,62944
230178,63508
226140,35846
153792,62944
153792,63508
153792,62860
153792,49888
155043,16358
239577,63510
232029,10652
154740,124
206847,35846
232068,62860
232068,49888
232068,62944
232068,63508
213513,42132
213513,63186
154542,54096
246042,10808
246042,1372
129081,124
203511,1372
203511,10808
203511,35846
163377,54096
203820,124
227310,59396
227310,62274
197286,59396
197286,62274
250653,59396
250653,62274
198801,16358
64218,35846
248550,63510
164007,62944
164007,49888
164007,63508
164007,62860
212442,51974
247983,42132
247983,63186
183366,56696
183366,35732
154485,30500
154485,50718
154485,33886
154485,63538
210897,63508
210897,62860
210897,62944
206367,49888
206367,62944
206646,62860
206367,62860
206646,63508
210897,49888
206646,62944
206367,63508
206646,49888
156024,63508
156024,62944
156024,62860
156024,49888
250749,1372
249216,1372
206928,10808
253506,10808
206838,10808
253506,1372
206928,1372
249216,10808
250749,10808
206838,1372
61899,16358
188685,124
154167,35846
211740,1372
211740,10808
210234,63186
210234,42132
208206,124
154119,124
198279,35846
223968,124
176403,61280
212220,61280
167316,63510
157185,10652
60762,124
183366,10652
187221,124
153813,63508
153813,62860
153813,49888
153813,62944
153642,54096
244287,51974
232404,10808
232404,1372
204228,33886
204228,30500
204228,63538
204228,50718
203301,35846
203706,35846
203295,35846
201564,35846
183468,63186
183468,42132
128334,16358
244041,49888
244041,62944
244041,63508
244041,62860
192549,63508
192549,62860
192549,49888
192549,62944
154119,50274
207084,1372
206448,1372
206448,10808
207084,10808
178458,62860
178458,63508
178458,49888
178458,62944
174195,16358
209094,54096
244158,10652
60762,16358
63876,33534
139272,42132
139272,63186
207243,16358
166128,35846
211476,16358
203724,50274
212442,10808
212442,1372
191256,51316
230073,35846
214194,10652
222204,16358
204144,49888
204144,62860
204144,62944
204144,63508
212448,35846
242439,10808
242439,1372
206481,35846
212748,35846
251619,35846
200508,35846
153600,16358
248202,54290
203820,35846
205812,1372
205812,10808
191256,50274
204780,35846
203871,35846
166128,124
248550,35846
207105,56696
207105,35732
207330,54096
190152,124
201798,33534
211236,62944
211236,63508
211236,49888
211236,62860
171702,33534
187659,59396
187659,62274
192549,30500
192549,50718
192549,33886
192549,63538
165786,35846
230028,42132
230028,63186
179790,35846
206418,62376
206418,1370
154476,10808
154476,1372
244680,35846
200364,35846
203277,35846
206988,1372
250275,1372
250275,10808
206988,10808
206625,10808
206637,1372
206433,1372
206433,10808
206625,1372
206637,10808
72930,59396
72930,62274
230286,54096
157398,62860
157398,49888
157398,63508
157398,62944
153792,30500
153792,63538
153792,50718
153792,33886
62817,62274
62817,59396
217782,124
174195,54096
179790,16358
209094,16358
204774,16358
222204,124
227616,33534
213114,33534
235335,16358
209094,35846
175809,35846
154542,124
163377,124
206850,54096
242856,56696
242856,35732
224208,50274
162795,124
213978,35846
211476,50274
227616,62376
227616,1370
187806,16358
206439,10652
252081,36720
207339,36720
139272,35846
244041,1372
244041,10808
206418,59394
230286,35846
248550,10652
204480,124
247029,124
56871,16358
187650,16358
172419,50274
128604,54096
128526,59394
234120,10652
224169,54096
224169,16358
72117,62274
72117,59396
153642,124
206349,54096
157185,1372
157185,10808
198534,16358
230286,16358
203829,10808
203829,1372
196455,35732
196455,56696
229812,10652
219231,56696
208758,35732
208758,56696
219231,35732
214194,1372
214194,10808
225276,10808
225276,1372
153048,16358
60762,62074
154119,16358
154869,16358
199479,10808
199479,1372
208872,56696
208872,35732
61344,3382
203439,124
217380,124
203259,124
206673,33534
230331,56696
236775,35732
230331,35732
236775,56696
206406,42132
206811,42132
207144,42132
206406,63186
207144,63186
206811,63186
241350,11262
249159,56696
249159,35732
153642,62860
153642,63508
153642,62944
153642,49888
247029,10808
247029,1372
222759,10652
246858,63508
246858,62860
246858,62944
246858,49888
236226,124
182292,35846
220269,62274
220269,59396
248205,54096
89013,124
195372,50274
184104,62944
184104,49888
184104,62860
184104,63508
61344,33534
246858,63538
246858,50718
246858,30500
246858,33886
203445,10652
247029,63508
247029,62944
247029,49888
247029,62860
183492,124
203073,124
198552,124
154779,10808
154779,1372
176403,51974
212220,51974
241350,10808
241350,1372
163578,54096
188604,124
248373,62274
248373,59396
232269,50274
216948,54096
65328,124
208092,50274
161787,16358
196845,10808
203700,10808
196845,1372
203700,1372
187659,16358
232614,35846
244092,49888
244092,62860
244092,62944
244092,63508
207618,16358
237804,35846
192942,42132
192942,63186
61344,62274
61344,59396
198873,33886
198873,30500
198873,50718
198873,63538
231663,10652
153867,50274
181101,16358
247974,33886
204483,63538
247974,30500
247974,50718
247974,63538
204483,50718
204483,33886
204483,30500
249687,56696
249687,35732
154167,16358
183921,35846
188685,62860
188685,63508
188685,62944
188685,49888
209799,35846
198279,1372
198279,10808
244971,10652
187707,59396
187707,62274
220269,59394
128901,63538
128901,33886
128901,30500
128901,50718
173940,1372
173940,10808
221247,35732
221247,56696
182292,49888
182292,63508
182292,62860
182292,62944
253506,63508
206928,49888
249216,62944
253506,62860
206838,63508
249216,49888
249216,62860
250749,62860
250749,62944
206928,63508
250749,49888
253506,49888
253506,62944
206838,62944
206838,49888
250749,63508
206838,62860
206928,62860
249216,63508
206928,62944
203082,35732
238611,35732
238611,56696
203082,56696
217782,50274
192627,1372
192627,10808
243408,1372
243408,10808
211386,63186
186378,63186
211386,42132
186378,42132
179790,124
210633,50274
197286,50274
250653,50274
154827,50274
217494,49888
217494,63508
217494,62860
217494,62944
240912,1372
240912,10808
173667,54096
249297,49888
249297,62860
249297,63508
249297,62944
181101,50274
175809,42132
175809,63186
207243,35846
206484,16358
206514,16358
206412,16358
206763,16358
211641,16358
164337,62860
164337,49888
164337,62944
164337,63508
249294,10652
209073,16358
251169,35846
209622,1372
209622,10808
206439,124
198801,50274
153600,35846
248796,10652
209094,62944
209094,49888
209094,63508
209094,62860
208206,54096
206448,63508
207084,63508
206448,62944
207084,62860
206448,62860
207084,62944
207084,49888
206448,49888
208341,63186
203796,63186
208341,42132
203796,42132
247983,35846
251169,10652
215112,51974
247983,57804
244092,35846
253335,16358
222906,50274
61899,59396
61899,62274
231663,35846
212430,35846
227295,35846
198945,50274
165726,49888
165726,62860
165726,63508
165726,62944
205959,35846
241824,62860
241824,49888
241824,62944
241824,63508
164007,35846
213978,51974
188685,35846
251967,124
163101,54096
208872,10652
176577,35846
180195,54096
212442,59396
212442,62274
65577,35846
198945,62944
198945,49888
198945,63508
198945,62860
72645,35846
187875,50274
174195,124
174513,62944
174513,62860
174513,63508
174513,49888
199479,62944
199479,62860
199479,63508
199479,49888
252081,124
207339,124
212526,63186
212526,42132
206868,10652
190152,10652
211950,10652
208206,62860
208206,63508
208206,49888
208206,62944
165717,42132
165717,63186
188700,63186
188700,42132
60762,1372
60762,10808
207597,54096
183912,10808
183912,1372
206367,54096
210897,54096
206646,54096
251967,10652
207396,16358
206637,62860
206625,49888
206625,63508
206625,62860
206433,63508
206433,62944
206433,49888
206637,63508
206433,62860
206637,62944
206637,49888
206625,62944
213978,42132
213978,63186
61824,35846
244173,35846
183921,124
212478,1372
212478,10808
67335,124
217380,62944
203439,62860
203439,62944
203439,63508
203259,63508
217380,49888
203259,62944
217380,63508
203259,62860
203259,49888
217380,62860
203439,49888
183666,49888
183666,62944
183666,63508
183666,62860
247962,35846
188787,16358
210168,63186
210168,42132
61692,42132
61692,63186
166002,62860
166002,62944
166002,49888
166002,63508
154098,124
225501,48298
195507,35846
181593,54096
216822,42132
216822,63186
60762,63186
60762,42132
210876,1372
210876,10808
208788,59396
208788,62274
154869,124
128763,62860
128763,49888
128763,63508
128763,62944
211407,10652
211140,63538
211140,30500
211140,50718
211140,33886
205728,62274
203502,59396
199860,59396
210846,62274
203889,59396
250629,59396
250629,62274
205122,59396
192771,59396
192771,62274
210846,59396
199860,62274
203502,62274
205728,59396
203889,62274
205122,62274
158016,62274
59703,62274
221151,59396
66378,59396
221151,62274
229521,62274
251085,59396
229521,59396
59703,59396
158016,59396
251085,62274
66378,62274
252081,10652
207339,10652
245976,10808
245976,1372
203724,35846
154665,54096
161787,124
61824,10808
61824,1372
153279,124
212442,35846
222669,54096
232035,10808
232035,1372
204228,50274
64218,54096
183366,62074
249930,10652
72045,124
242610,50274
243408,63508
243408,62944
243408,62860
243408,49888
183366,50274
211632,1372
211632,10808
213102,50720
203775,49888
203775,62860
203775,63508
203775,62944
188331,16358
154665,124
178068,10808
178068,1372
198981,16358
250362,63186
250362,42132
163101,1372
163101,10808
231876,56696
231876,35732
172503,49888
172503,62860
172503,62944
172503,63508
64959,1372
64959,10808
191256,54096
60762,56696
60762,35732
89013,16358
207219,62860
207219,63508
207219,62944
207219,49888
173940,10652
160770,10652
229536,124
217293,1372
217293,10808
140277,124
224841,10652
206448,54096
207084,54096
203775,33534
188961,10808
188961,1372
154098,33534
209994,62944
209994,49888
209994,62860
209994,63508
167316,10652
179700,1372
179700,10808
198801,35846
155388,42132
155388,63186
165684,10808
165684,1372
198873,54096
247956,16358
207927,16358
154770,54096
128538,54096
65640,35846
242439,124
176577,124
204411,54096
227616,124
213114,124
184950,49888
184950,63508
184950,62944
184950,62860
244041,124
154740,16358
186987,35846
198801,54096
221331,35846
186177,62274
186177,59396
207618,49888
207618,62944
207618,63508
207618,62860
88821,10808
88821,1372
165750,10808
165750,1372
187386,11262
244287,57804
164661,49888
164661,63508
164661,62944
164661,62860
248205,124
224931,35846
207927,35846
232404,62860
232404,49888
232404,63508
232404,62944
217494,10808
217494,1372
194601,50718
194601,33886
194601,63538
194601,30500
66915,10808
66915,1372
154869,35846
206433,54096
206637,54096
206625,54096
224208,56696
224208,35732
204480,35846
249486,54096
208788,10808
208788,1372
204243,16358
167316,56696
167316,35732
198981,62944
198981,49888
198981,62860
198981,63508
253671,49888
253671,62860
253671,63508
253671,62944
233091,35846
224931,16358
204480,63186
204480,42132
208572,35846
221526,35846
210690,35846
251643,42132
251643,63186
253506,33534
249216,33534
206838,33534
250749,33534
206928,33534
209799,50274
192714,124
222204,54096
238032,42132
238032,63186
154827,16358
183213,51974
189045,35846
244680,62860
244680,49888
244680,63508
244680,62944
207144,10652
206811,10652
206406,10652
155100,16358
211476,35846
155055,35846
187707,124
213978,57804
209994,54096
192627,62860
192627,63508
192627,62944
192627,49888
184104,35846
212301,10652
161787,35846
207396,35846
210000,16358
171702,42132
171702,63186
207396,63508
207396,62944
207396,62860
207396,49888
196302,35846
206856,35846
128538,62074
189009,49888
189009,62860
189009,63508
189009,62944
176577,16358
209622,124
237840,35846
245154,35846
197529,33534
231057,10652
216948,124
203820,1372
203820,10808
153867,62860
153867,49888
153867,63508
153867,62944
184509,50274
187806,59396
187806,62274
253578,10808
253578,1372
244680,124
247260,59396
247260,62274
60762,10652
244092,124
154041,62860
154041,63508
154041,62944
154041,49888
206748,61280
65640,16358
214998,35846
68496,62860
68496,62944
68496,63508
68496,49888
227115,10652
210678,10652
224931,54096
244005,50718
244005,30500
244005,63538
244005,33886
186882,56696
186882,35732
235458,54096
181101,54096
191247,124
158742,10808
158742,1372
244173,16358
178458,1372
178458,10808
203082,35846
238611,35846
128538,50274
183450,10808
183450,1372
186327,63508
186327,62944
186327,49888
186327,62860
198855,35846
209154,1372
209154,10808
211407,124
197529,124
153279,16358
187659,54096
233091,124
65328,16358
203256,124
196722,124
203271,124
212112,124
65640,124
208053,35846
209622,33534
211812,35846
165726,124
244092,54096
239577,10652
234120,35846
244680,50274
214506,10652
67335,16358
233091,16358
248205,16358
187806,35846
186987,124
211740,124
245631,54096
206418,59822
206418,1304
187962,54096
212892,10808
212892,1372
246858,10652
192618,10808
192618,1372
203445,62860
203445,62944
203445,63508
203445,49888
163377,63508
163377,62944
163377,49888
163377,62860
207618,124
223071,63508
223071,62860
223071,62944
223071,49888
216564,36720
198573,63186
198573,42132
157185,62860
157185,62944
157185,63508
157185,49888
206361,1370
206361,62376
56871,35846
216822,54096
206838,54096
206928,54096
250749,54096
253506,54096
249216,54096
211965,59396
211965,62274
162795,35846
163251,63508
163251,62944
163251,62860
163251,49888
217782,16358
203727,10808
203727,1372
211989,1372
211989,10808
205188,63508
205188,62860
210129,49888
205188,49888
210129,62860
210129,62944
210129,63508
205188,62944
196311,63186
207096,42132
207096,63186
196311,42132
174195,35846
251643,33534
206361,54096
204243,50274
154803,50274
206850,63186
206850,42132
207096,10652
196311,10652
242130,51316
66879,63508
66879,62944
66879,62860
66879,49888
173667,35846
211533,42132
211533,63186
153792,54096
154803,54096
216564,54096
249687,10808
249687,1372
181110,10808
181110,1372
244971,54096
249159,1372
249159,10808
244173,124
206673,124
247956,62860
247956,62944
247956,49888
247956,63508
230010,33534
162795,62944
162795,62860
162795,63508
162795,49888
162795,16358
227670,124
178458,50274
176577,54096
235335,35846
200964,49888
200964,63508
200964,62944
200964,62860
223728,63508
223728,62944
223728,62860
223728,49888
222759,124
211524,16358
224169,35846
206448,33534
207084,33534
180195,35846
167316,1372
167316,10808
198855,124
209796,62274
209796,59396
246618,35846
210840,1372
235932,1372
210840,10808
235932,10808
203871,10808
204780,1372
204780,10808
203871,1372
225501,63186
225501,42132
250947,62274
250947,59396
232035,50274
183492,50274
208812,1372
208812,10808
206964,10652
206772,10652
203811,124
230331,10808
236775,1372
230331,1372
236775,10808
188637,62860
188637,63508
188637,49888
188637,62944
179790,49888
179790,62944
179790,63508
179790,62860
184509,63508
184509,62944
184509,62860
184509,49888
206964,124
206772,124
192942,10652
206418,54290
230073,59396
230073,62274
250434,49888
250434,62944
250434,63508
250434,62860
154098,63508
154098,62944
154098,62860
154098,49888
198855,16358
250275,49888
206988,63508
250275,63508
250275,62860
206988,62944
206988,49888
206988,62860
250275,62944
246618,50274
210171,49888
210171,63508
210171,62944
210171,62860
230178,54096
214998,42132
214998,63186
210897,33534
206646,33534
206367,33534
164007,124
62817,35846
72561,63508
72561,49888
72561,62944
72561,62860
204375,63186
204375,42132
153138,1372
153138,10808
224526,124
225501,36720
204243,35846
204657,63186
204657,42132
210234,16358
217002,10652
206433,33534
206625,33534
206637,33534
251121,62860
251121,62944
251121,63508
251121,49888
198279,124
206748,50720
197529,62944
197529,62860
197529,49888
197529,63508
163578,124
209994,124
233091,50274
194883,59396
194883,62274
236775,49888
236775,62860
236775,62944
236775,63508
230331,49888
230331,62860
230331,62944
230331,63508
61344,59394
182292,124
225501,50720
162603,10808
162603,1372
231876,50274
166128,16358
154167,50274
163578,50274
188331,35846
222669,10652
206988,33534
250275,33534
205905,33534
249579,33534
96444,33534
218061,33534
244041,54096
65577,42132
65577,63186
65067,62860
65067,62944
65067,49888
65067,63508
96444,124
249579,124
205905,124
218061,124
208572,50274
210690,50274
221526,50274
165717,49888
188700,62860
165717,62860
188700,62944
188700,63508
165717,62944
188700,49888
165717,63508
139272,10652
235458,124
203775,124
203829,124
251967,62274
251967,59396
224931,124
224841,124
154869,54096
203214,42132
203214,63186
203724,59396
203724,62274
224841,63508
224841,49888
224841,62860
224841,62944
167652,49888
167652,62860
167652,63508
167652,62944
203166,124
208524,1372
242412,10808
208524,10808
242412,1372
212571,10808
212571,1372
223728,10808
223728,1372
222669,59394
128604,35846
253557,62274
253557,59396
153813,10808
153813,1372
253335,35846
161787,54096
211812,16358
153048,35846
199854,50274
128334,50274
223728,56696
223728,35732
206367,10652
206646,10652
210897,10652
236520,59822
236520,1304
154803,16358
211236,124
192549,1372
192549,10808
178068,62860
178068,62944
178068,63508
178068,49888
157854,1372
157854,10808
206673,10652
232404,54096
184104,124
154542,16358
249513,1372
249513,10808
211740,62944
211740,49888
211740,63508
211740,62860
209994,16358
248682,42132
248682,63186
200508,62860
200508,49888
200508,62944
200508,63508
212448,124
154098,54096
244173,62860
244173,49888
244173,63508
244173,62944
198801,49888
198801,63508
198801,62860
198801,62944
213978,62274
213978,59396
248796,1304
248796,59822
186987,16358
249207,42132
249207,63186
206496,16358
89013,35846
184710,54096
181593,124
203736,33534
64218,124
210000,35846
209154,10652
221526,10808
221526,1372
208572,1372
208572,10808
210690,1372
210690,10808
208545,62944
248178,62944
248178,62860
208545,49888
251721,62860
251721,62944
208545,63508
201837,49888
201837,62860
201837,62944
248178,63508
201837,63508
251721,63508
208545,62860
251721,49888
248178,49888
183213,1372
183213,10808
198981,54096
219231,1372
219231,10808
208758,10808
208758,1372
240939,50274
72117,59394
155337,35846
206847,54096
223968,54096
206847,63186
206847,42132
206418,61348
175293,124
206748,33534
211533,54096
154770,124
154665,35846
194409,42132
194409,63186
72930,42132
72930,63186
177921,50274
240912,62860
240912,49888
240912,62944
240912,63508
161058,16358
207618,35846
203727,10652
186177,35846
206763,10652
206484,10652
206514,10652
211641,10652
206412,10652
155043,35846
204243,62944
204243,63508
204243,62860
204243,49888
211524,57804
227616,10652
213114,10652
187221,50274
204144,10808
204144,1372
233814,56696
233814,35732
63876,124
206349,10652
211533,1372
211533,10808
162795,54096
199854,54096
224208,57804
211524,62274
211524,59396
201564,10652
203295,10652
203301,10652
203706,10652
206496,33534
160029,1372
160029,10808
204411,50274
245976,124
203166,10808
203166,1372
187734,62860
187734,63508
188730,49888
187734,49888
188730,62944
187734,62944
188730,63508
188730,62860
155337,124
207330,62944
207330,49888
207330,63508
207330,62860
211524,59394
211965,50274
164337,1372
164337,10808
165726,35846
166437,54096
201798,124
162603,10652
184698,35846
61899,35846
71301,42132
71301,63186
198981,35846
206799,10652
232404,33534
204411,124
72561,124
187962,63508
187962,49888
187962,62860
187962,62944
248682,10652
206748,3382
195507,10808
195507,1372
242130,11262
206646,124
206367,124
210897,124
155100,63508
155100,49888
155100,62860
155100,62944
230028,10652
25743,124
212448,10652
164970,16358
210234,57804
211989,10652
208206,16358
246963,51974
225480,35846
246963,59394
222204,35846
191256,60
175293,16358
210234,59396
210234,62274
225699,1372
225699,10808
247260,62074
203796,33534
208341,33534
154869,62944
154869,62860
154869,63508
154869,49888
235458,16358
248202,53386
128526,54290
210840,33534
235932,33534
210234,59394
189009,35846
248205,50274
72645,10808
72645,1372
231876,62860
231876,63508
231876,62944
231876,49888
72930,50720
198552,62860
198552,62944
198552,63508
198552,49888
238827,10652
242232,10652
206955,10652
248013,42132
248013,63186
203700,63186
203700,42132
250782,63508
250782,62944
250782,62860
250782,49888
198945,54096
238032,10652
226662,35732
226662,56696
225501,59394
220011,1372
220011,10808
187650,54096
246963,62274
246963,59396
242412,50274
212571,50274
208524,50274
206364,54096
157224,62944
157224,62860
157224,63508
157224,49888
222759,33534
223968,16358
207339,59396
252081,62274
207339,62274
252081,59396
164661,10808
164661,1372
206799,35846
188331,59396
188331,62274
228024,59822
228024,1304
175293,35846
225276,35846
232068,54096
212442,10652
198573,62274
198573,59396
210627,54096
250434,35846
216108,63508
216108,62944
216108,49888
216108,62860
207084,10652
206448,10652
234120,63508
234120,62944
234120,62860
234120,49888
232029,124
211632,10652
210876,62944
210876,49888
210876,63508
210876,62860
173667,16358
154740,35846
164457,124
232404,10652
247962,50274
187650,35846
194883,50720
198981,50720
203796,62274
208341,62274
208341,59396
203796,59396
206448,124
207084,124
198855,63508
198855,49888
198855,62860
198855,62944
166002,54096
233091,62944
233091,49888
233091,63508
233091,62860
157854,42132
157854,63186
206772,33534
206964,33534
244158,62944
244158,62860
244158,63508
244158,49888
128901,62860
128901,63508
128901,62944
128901,49888
216822,33534
212442,59394
154551,62860
246804,62944
154551,49888
246804,49888
246804,63508
154551,63508
246804,62860
154551,62944
201741,49888
201741,62860
201741,62944
201741,63508
163044,54096
250434,1372
250434,10808
232269,51974
179790,54096
217494,124
241389,124
230178,124
67158,35846
247956,35846
235458,35846
154551,124
246804,124
224841,10808
224841,1372
246618,10808
246618,1372
208572,10652
210690,10652
221526,10652
224631,54096
247983,124
225276,62944
225276,62860
225276,63508
225276,49888
206433,10652
206625,10652
206637,10652
231057,35846
206988,54096
250275,54096
253557,63186
253557,42132
213513,33534
210633,59396
210633,62274
160029,35846
154821,50274
163251,124
65328,50274
230073,63186
230073,42132
245976,35846
221247,124
200364,124
206625,124
206433,124
206637,124
128604,49888
128604,63508
128604,62860
128604,62944
238611,124
203082,124
158742,16358
211476,54096
251967,59394
183576,49888
183576,62944
183576,62860
183576,63508
204243,54096
220269,57804
183213,57804
187806,50720
194601,62074
206418,54096
189045,50274
153048,54096
231663,62860
231663,49888
231663,62944
231663,63508
158742,35846
206496,10652
203274,124
154560,124
153867,16358
198945,124
230028,124
207597,62944
207597,63508
207597,62860
207597,49888
216822,62274
216822,59396
203511,124
209793,56696
209793,35732
212442,124
164457,54096
61824,124
64959,54096
245154,16358
66378,10652
192771,10652
251085,10652
229521,10652
59703,10652
221151,10652
205122,10652
250629,10652
158016,10652
203889,10652
210846,10652
205728,10652
203502,10652
199860,10652
247260,1304
247260,59822
238032,124
157767,16358
156063,50274
210840,62860
210840,63508
210840,62944
235932,62860
235932,49888
235932,62944
235932,63508
210840,49888
163251,16358
211812,124
154821,16358
186378,49888
211386,62944
186378,62860
186378,63508
211386,49888
186378,62944
211386,63508
211386,62860
191247,49888
191247,62944
191247,62860
191247,63508
183912,49888
183912,63508
183912,62944
183912,62860
246804,54096
154551,54096
210876,42132
210876,63186
165684,42132
165684,63186
238218,50274
247260,124
229812,63508
229812,49888
229812,62944
229812,62860
188196,62944
188196,49888
188196,62860
188196,63508
72918,62944
72918,49888
72918,62860
72918,63508
154740,50274
206364,35846
241824,35846
226662,16358
177951,62860
177951,49888
177951,62944
177951,63508
223554,59396
223554,62274
252774,62274
252774,59396
251121,16358
198279,50274
186327,54096
154485,62944
162843,49888
162843,63508
154485,63508
154485,62860
162843,62944
154485,49888
162843,62860
204774,35846
164970,35846
167256,54096
209073,10808
209073,1372
206514,54096
211641,54096
206412,54096
206484,54096
206763,54096
232404,124
206496,54096
247983,10652
192300,54096
129135,54096
212283,16358
227973,124
209073,54096
230028,33534
230010,63186
230010,42132
219048,62860
219048,62944
219048,49888
219048,63508
175878,35846
210120,50274
232029,16358
229536,62274
229536,59396
187221,16358
163251,35846
72561,54096
165726,1372
165726,10808
220728,54096
243408,124
212211,50720
153867,124
253683,10808
253683,1372
207927,50274
155055,50274
210045,50274
217782,35846
224631,124
203706,10808
203301,10808
203301,1372
201564,1372
203706,1372
201564,10808
203295,10808
203295,1372
244173,50274
154770,50274
222906,54096
251169,10808
251169,1372
223071,35846
210000,124
194601,57414
203724,10808
203724,1372
215112,35846
188343,124
165726,35732
165726,56696
226662,35846
241389,35846
206847,124
65313,62860
65313,63508
65313,62944
65313,49888
206418,59396
206418,62274
212478,54096
213978,59394
187875,63508
187875,62860
187875,62944
187875,49888
206868,16358
220011,63510
212892,35846
172419,42132
172419,63186
233814,57414
222750,62944
222750,49888
222750,63508
222750,62860
210678,35846
227115,35846
209622,42132
209622,63186
153279,35846
247260,16358
248373,1372
248373,10808
65640,54096
236226,16358
248373,50274
225480,10808
225480,1372
243390,16358
242232,124
206955,124
238827,124
65313,54096
208794,1372
208794,10808
227310,10808
227310,1372
187707,50720
161058,62944
161058,49888
161058,62860
161058,63508
183492,16358
188787,59396
188787,62274
205815,63508
205815,49888
205815,62944
205815,62860
192618,63186
192618,42132
166128,54096
128526,50720
153048,63508
153048,49888
153048,62860
153048,62944
183921,54096
250977,16358
231057,42132
231057,63186
154560,62944
154560,62860
154560,63508
154560,49888
249159,63508
249159,62944
249159,62860
249159,49888
165726,33534
198552,42132
198552,63186
203151,124
69060,124
207339,51974
252081,51974
202818,16358
72045,50720
181593,16358
253557,59394
154770,16358
65052,54096
208341,10808
203796,10808
203796,1372
208341,1372
211740,35846
216948,35846
248202,36720
154542,35846
242856,124
60864,49888
60864,63508
60864,62944
60864,62860
156225,124
161208,10808
161208,1372
206850,10652
206811,16358
206406,16358
207144,16358
206304,63508
206304,49888
206304,62944
206304,62860
248205,35846
227616,16358
213114,16358
187386,1372
187386,10808
212283,50274
188787,35846
192714,33534
224631,50274
166002,11490
214506,10808
214506,1372
64959,62274
64959,59396
206439,42132
206439,63186
166437,124
154665,16358
230178,16358
253683,49888
253683,63508
253683,62860
253683,62944
227295,54096
212430,54096
177921,35846
65328,35846
238263,35846
177951,16358
249513,50274
211524,50720
204243,124
177921,16358
198855,50274
245631,124
212301,33534
157416,54096
205722,54096
224526,16358
219048,50274
60762,35846
249486,10652
210000,63508
210000,49888
210000,62944
210000,62860
164457,50274
250362,54096
162984,42132
162984,63186
192159,33534
223518,33534
194601,35732
194601,56696
208092,1372
208092,10808
188196,16358
59700,10808
59700,1372
206799,54096
154869,50274
211476,50720
224841,54096
68676,63508
68676,62860
68676,62944
68676,49888
210978,42132
210978,63186
211524,33534
192942,16358
247956,54096
187659,50720
156225,33534
221247,42132
221247,63186
232614,54096
242610,10652
166002,1372
166002,10808
250362,1372
250362,10808
154434,1372
154434,10808
56871,124
176643,35846
172587,35846
154560,54096
198945,35846
129204,10652
66915,10652
229536,35846
207618,54096
242130,50274
231057,124
242856,54096
203820,54096
248202,51974
155100,35846
177921,54096
206349,124
67335,35846
206670,42132
206670,63186
224526,54096
206811,124
207144,124
206406,124
190152,16358
184509,54096
250977,62944
250977,62860
250977,49888
250977,63508
199479,35846
154803,49888
154803,62944
154803,63508
154803,62860
250947,35846
88920,63186
88920,42132
221247,16358
203727,35846
219048,124
65313,50274
206418,50274
210234,50720
238032,57804
230028,57804
183387,49888
183387,63508
183387,62944
183387,62860
212448,54290
211989,35846
220011,33886
220011,30500
220011,50718
220011,63538
212571,10652
208524,10652
242412,10652
153048,50274
234156,35846
176403,50720
212220,50720
187650,50274
210234,33534
187221,62944
187221,63508
187221,49888
187221,62860
184509,16358
183366,42132
183366,63186
212283,35846
72108,63508
72108,49888
72108,62860
72108,62944
65313,16358
183450,62860
183450,63508
183450,49888
183450,62944
210840,54096
235932,54096
154803,35846
88821,124
165750,124
211947,10652
249486,62944
249486,62860
249486,49888
249486,63508
192159,124
223518,124
128538,1304
128538,59822
154770,35846
203811,10808
203811,1372
128538,16358
252081,16358
207339,16358
232269,57804
210954,50274
232035,62274
232035,59396
229536,50720
181101,35846
210129,10652
205188,10652
223071,16358
210171,35846
207396,124
178458,124
210000,50274
238032,33534
209994,35846
248373,35846
209073,124
67335,54096
155337,54096
184104,54096
72045,16358
241389,16358
206856,49888
196302,63508
196302,62944
196302,62860
206856,62860
206856,62944
206856,63508
196302,49888
128901,1372
128901,10808
212211,42132
212211,63186
203796,54096
208341,54096
246150,63508
246150,62860
246150,49888
246150,62944
187224,49888
187224,63508
187224,62860
187224,62944
246054,62944
246054,49888
246054,63508
246054,62860
208872,1372
208872,10808
241389,62860
241389,49888
241389,63508
241389,62944
153813,11262
172587,62860
172587,62944
172587,63508
172587,49888
176643,49888
176643,63508
176643,62860
176643,62944
61899,59394
233814,63186
233814,42132
224526,35846
222669,51974
205812,35846
186882,10652
227292,50720
187221,54096
229536,16358
161058,50274
183921,50274
205731,35846
183363,63186
183363,42132
227292,124
161787,50274
209796,63418
209796,39186
209793,63508
209793,49888
209793,62860
209793,62944
192771,35846
205122,35846
59703,35846
250629,35846
203502,35846
199860,35846
205728,35846
221151,35846
203889,35846
66378,35846
251085,35846
210846,35846
158016,35846
229521,35846
236520,62074
237840,62274
237840,59396
166437,16358
207222,50720
204774,1372
204774,10808
183468,33534
205905,63186
205905,42132
249579,42132
218061,63186
218061,42132
96444,63186
96444,42132
249579,63186
206811,33534
207144,33534
206406,33534
253191,62944
253191,63508
253191,62860
253191,49888
203328,10652
230028,50720
206439,16358
246618,59396
246618,62274
196311,33534
207096,33534
216108,1372
216108,10808
187650,62860
187650,62944
187650,63508
187650,49888
177474,124
247962,10652
247548,63508
247548,49888
247548,62944
247548,62860
153756,63186
153756,42132
214506,62860
214506,62944
214506,49888
214506,63508
192300,50274
63876,16358
165750,62944
88821,62944
165750,49888
88821,63508
165750,63508
88821,49888
88821,62860
165750,62860
206418,57804
206673,16358
232269,10652
200364,63508
200364,62944
200364,62860
200364,49888
162843,50274
65052,124
248202,61280
249486,16358
184698,16358
183213,59394
161787,63508
161787,62860
161787,49888
161787,62944
248550,33534
247956,124
154476,50274
187707,16358
186882,1372
186882,10808
202818,11262
229473,1372
229473,10808
129204,35846
206481,49888
206481,62944
206481,62860
251619,49888
212748,62860
212748,63508
206481,63508
212748,49888
251619,62944
212748,62944
251619,62860
251619,63508
244041,33534
164970,50274
200364,33534
192942,33534
154827,35846
226623,62860
251253,63508
226623,62944
226623,63508
251253,62944
251253,49888
251253,62860
226623,49888
244005,63508
244005,62944
244005,62860
244005,49888
246804,33886
154551,63538
246804,30500
246804,50718
246804,63538
154551,50718
154551,33886
154551,30500
183666,54096
177474,35846
183366,124
154032,42132
154032,63186
203445,124
203736,11490
203736,63186
203736,42132
192942,124
240912,124
167652,54096
232269,1372
232269,10808
242130,54096
252696,124
206646,16358
210897,16358
206367,16358
244173,54096
68496,10808
68496,1372
157767,1372
157767,10808
196845,63186
196845,42132
205815,124
165786,42132
165786,63186
235932,124
210840,124
215112,54290
238827,33534
242232,33534
206955,33534
179853,11262
252696,16358
183387,35846
238032,50720
224208,16358
166128,50274
224631,16358
210171,10808
210171,1372
181593,35846
206361,51974
209799,42132
209799,63186
64959,124
230028,59394
187659,35846
212478,124
253335,63508
253335,62860
253335,49888
253335,62944
67158,1372
67158,10808
238218,50720
225501,54290
222906,59396
222906,62274
245154,124
224208,124
160770,1372
160770,10808
64959,50720
188604,50274
216948,16358
156225,62860
156225,63508
156225,62944
156225,49888
154821,35846
205905,1372
96444,10808
96444,1372
205905,10808
249579,10808
249579,1372
218061,1372
218061,10808
188100,57804
210954,54096
210120,35846
65313,124
208503,10652
251631,10652
242571,10652
235458,50274
183492,50720
247983,54290
208206,50274
219231,10652
208758,10652
154740,62860
154740,49888
154740,63508
154740,62944
251121,124
210840,10652
235932,10652
60864,54096
71301,57804
184509,35846
247029,33534
177921,124
191247,42132
191247,63186
226140,50720
161208,35846
234156,10808
234156,1372
251121,35846
163377,33534
153999,62860
153999,49888
153999,63508
153999,62944
72561,16358
177951,35846
167652,124
209094,50274
207084,16358
206448,16358
194601,62944
194601,62860
194601,49888
194601,63508
233091,54096
153402,62860
153402,49888
153402,63508
153402,62944
160770,62860
160770,49888
160770,63508
160770,62944
207597,50274
61824,50720
203277,63186
203277,42132
249687,62860
249687,62944
249687,49888
249687,63508
220269,61280
212442,63186
212442,42132
205815,50274
88920,50274
188604,62860
188604,49888
188604,63508
188604,62944
212283,54096
198534,59396
198534,62274
231459,54096
208503,50274
242571,50274
251631,50274
192714,63508
192714,49888
192714,62860
192714,62944
175878,1372
175878,10808
237804,63186
237804,42132
203073,33534
249486,124
234864,50274
248202,50720
210393,35846
234093,35846
247974,124
204483,124
154485,50274
204411,35846
184509,124
183213,50720
246042,54096
252696,35846
177474,16358
206637,16358
206433,16358
206625,16358
253578,62860
253578,62944
253578,49888
253578,63508
128901,35732
128901,56696
208572,59396
221526,62274
210690,59396
210690,62274
221526,59396
208572,62274
173613,10808
173613,1372
250947,1372
250947,10808
212301,124
231057,54290
230028,16358
158658,10808
158658,1372
228753,124
250947,50274
157398,54096
223782,10808
223782,1372
206748,39186
206748,63418
211947,1372
211947,10808
153642,33534
238032,16358
195372,42132
195372,63186
154560,16358
212220,3382
176403,3382
204483,62860
204483,49888
247974,62944
247974,62860
204483,62944
204483,63508
247974,63508
247974,49888
72930,59394
238032,59394
188196,50274
206361,59396
206361,62274
229977,50274
207600,54096
157854,59396
157854,62274
207618,50274
187875,54096
211386,54096
186378,54096
163251,3382
194601,10652
180495,63186
180495,42132
232614,62860
232614,63508
232614,49888
232614,62944
206850,16358
157398,16358
242610,1304
242610,59822
154551,16358
246804,16358
167652,16358
208092,10652
186177,42132
186177,63186
232269,54096
188196,35846
211407,33534
198855,54096
199854,62274
199854,59396
247962,124
207222,3382
67335,50274
206856,10808
196302,1372
196302,10808
206856,1372
183213,62274
183213,59396
222669,124
183576,1372
183576,10808
223968,3382
72045,35846
232404,16358
250653,1372
197286,10808
250653,10808
197286,1372
242439,49888
242439,62944
242439,62860
242439,63508
233814,1372
233814,10808
238032,62274
238032,59396
164337,124
62817,42132
62817,63186
72918,35846
241824,10808
241824,1372
246150,54096
242610,16358
208209,49888
208209,62944
208209,63508
208209,62860
154827,63186
154827,42132
209793,62376
209793,1370
188100,42132
188100,63186
128538,63186
128538,42132
178458,54096
211140,63186
211140,42132
209796,59394
215112,48298
212892,124
244278,62944
244278,63508
244278,49888
244278,62860
157416,33534
205722,33534
187806,63186
187806,42132
163101,33534
188100,50274
214194,63508
214194,49888
214194,62860
214194,62944
198945,16358
253557,50720
206481,124
212748,124
251619,124
206418,10652
229536,32496
226140,59396
226140,62274
226623,10652
251253,10652
189009,11490
208206,35846
211740,33534
155100,124
172503,35846
205731,10652
247974,16358
204483,16358
210627,50274
211473,10808
211473,1372
175878,63508
175878,62860
175878,49888
175878,62944
182292,54096
220728,1372
220728,10808
246858,59396
246858,62274
187659,59394
238536,11262
206850,33534
167316,49888
167316,63508
167316,62944
167316,62860
205722,63186
205722,42132
157416,63186
157416,42132
208500,10652
212211,59394
247974,54096
204483,54096
211965,1372
211965,10808
154041,35846
224631,35846
61824,54096
188343,50274
153792,16358
183213,42132
183213,63186
209154,35846
222906,50720
235335,50274
207105,50274
165750,42132
88821,42132
88821,63186
165750,63186
153279,54096
153867,35846
163578,16358
183366,16358
153792,35846
202818,1372
202818,10808
208341,59394
203796,59394
153138,62860
153138,49888
153138,62944
153138,63508
230028,62274
230028,59396
203274,63186
203274,42132
207105,54096
223968,57804
231876,57804
154560,50274
72561,50274
128901,10652
249297,124
247986,35846
222759,16358
205812,49888
205812,63508
205812,62860
205812,62944
237840,42132
237840,63186
201798,49888
201798,62860
201798,63508
201798,62944
167256,124
157224,1372
157224,10808
201837,10652
248178,10652
251721,10652
208545,10652
206349,16358
222750,35846
60762,57804
192627,54096
227292,16358
242610,56696
242610,35732
240939,62274
240939,59396
206361,1372
206361,10808
203727,62944
203727,62860
203727,63508
211989,49888
211989,62860
211989,62944
211989,63508
203727,49888
65052,35846
181746,50274
233970,49888
233970,62860
233970,62944
233970,63508
220728,10652
242130,60
211407,16358
220728,35846
206772,16358
206964,16358
244158,35846
253557,48298
252774,10652
223554,10652
129135,50274
222750,16358
224841,33534
186327,50274
206481,10652
251619,10652
212748,10652
206856,54096
196302,54096
187221,35846
206412,124
206763,124
206484,124
206514,124
211641,124
246150,50274
176643,10808
172587,1372
172587,10808
176643,1372
186327,124
230073,59394
232269,50720
203073,63508
203073,62860
203073,49888
203073,62944
208812,35732
208812,56696
211950,10808
211950,1372
156024,54096
177474,63508
177474,49888
177474,62944
177474,62860
167652,35846
183213,33534
216822,59394
207240,33534
172503,124
236775,10652
230331,10652
176403,63418
212220,39186
212220,63418
176403,39186
212430,63508
212430,62944
227295,62860
212430,62860
227295,63508
212430,49888
227295,49888
227295,62944
187806,59394
64218,63186
64218,42132
172503,16358
251967,16358
192300,35846
129135,35846
209796,48298
167256,16358
181593,11490
242610,124
215112,61280
212283,124
231708,54096
188100,48298
233814,35846
248301,50720
232269,35846
240939,62074
61344,57804
252210,10652
154041,16358
225276,16358
236226,50720
230178,35846
211812,63508
211812,49888
211812,62944
211812,62860
246618,10652
179700,16358
227292,35846
248292,63186
248292,42132
177951,124
201741,1372
201741,10808
67335,49888
67335,62944
67335,62860
67335,63508
160029,50274
249294,59396
249294,62274
241824,10652
206481,16358
212748,16358
251619,16358
206349,42132
206349,63186
211947,50274
162984,33534
248013,33534
233814,54096
203328,35846
194883,59394
188787,63186
188787,42132
64365,1372
64365,10808
198279,54096
174195,63186
174195,42132
210000,54096
231708,50274
89013,50274
245976,54096
210633,59394
246858,34092
246858,56714
162843,54096
154485,54096
59700,35846
208053,42132
208053,63186
164337,16358
228753,54096
61899,50720
249297,16358
206670,16358
204093,62944
204093,62860
204093,63508
204093,49888
238536,54096
221331,42132
226140,42132
221331,63186
226140,63186
234972,62944
234972,63508
234972,62860
234018,62860
234018,62944
234018,63508
234972,49888
234018,49888
247260,59394
178458,62274
178458,59396
247260,36720
228438,62860
228438,63508
228438,49888
228438,62944
213978,48298
203796,50720
208341,50720
72930,39186
72930,63418
247962,16358
175293,54096
204717,1372
204717,10808
208524,59396
212571,59396
208524,62274
242412,59396
212571,62274
242412,62274
212526,50274
234156,10652
210120,63186
210120,42132
238218,1372
238218,10808
157224,35846
209622,54096
244680,54096
211533,50274
223968,35846
244287,54290
72645,124
238068,49888
166599,63508
238068,62860
238068,63508
238068,62944
166599,49888
166599,62944
166599,62860
232614,50274
251121,50274
194601,1304
194601,59822
204771,54096
183363,11262
204411,16358
194409,33534
68676,50274
235335,42132
235335,63186
228729,1372
228729,10808
213102,50274
210897,42132
206367,42132
206646,63186
210897,63186
206646,42132
206367,63186
195507,10652
211965,35846
25743,16358
199479,16358
67158,49888
67158,62860
67158,62944
67158,63508
207339,59394
252081,59394
249513,62274
249513,59396
72045,32496
67764,10808
67764,1372
212112,63186
212112,42132
203256,42132
203271,63186
196722,42132
203256,63186
203271,42132
196722,63186
251169,63508
251169,62860
251169,49888
251169,62944
199479,124
187734,10808
187734,1372
188730,10808
188730,1372
225276,50274
181746,54096
208554,10652
204780,124
203871,124
229473,35846
250977,50274
176643,16358
172587,16358
234018,16358
234972,16358
179700,62860
179700,63508
179700,62944
179700,49888
72045,59394
251967,50720
205815,16358
128763,1372
128763,10808
203214,10808
203214,1372
183912,124
229473,16358
231876,10652
231663,33534
157854,35846
212448,61280
206481,33534
212748,33534
251619,33534
72918,16358
207219,1372
207219,10808
245154,54096
129135,124
192300,124
217782,59396
217782,62274
174513,10808
174513,1372
207600,63186
207600,42132
242151,16358
198882,16358
179700,35846
207396,50274
229737,63186
229737,42132
242856,35846
251619,50274
206481,50274
212748,50274
233814,10652
216822,1372
216822,10808
71301,48298
157398,124
154998,62074
221331,50720
203274,1372
203274,10808
72918,50274
223071,124
188685,54096
204144,16358
203511,54096
246858,35732
246858,56696
244287,48298
211236,50274
157854,57804
207084,42132
206448,63186
206448,42132
207084,63186
210627,124
212442,54290
227115,10808
210678,10808
227115,1372
210678,1372
248013,124
166995,62944
166995,49888
166995,62860
166995,63508
186882,49888
186882,63508
186882,62944
186882,62860
229977,63186
229977,42132
242610,63186
242610,42132
183492,35846
244287,61280
154779,11262
59700,49888
59700,62860
59700,62944
59700,63508
161208,63508
161208,62860
161208,49888
161208,62944
167316,16358
210171,16358
252210,35846
206748,61348
204717,63186
204717,42132
248301,10808
248301,1372
128538,124
208209,1372
208209,10808
25743,35846
212301,42132
212301,63186
210171,124
187707,32496
65067,54096
220713,33534
222750,50274
188604,54096
163578,35846
249159,10652
183363,51316
206349,33534
167256,35846
240912,33534
212478,50274
192300,16358
129135,16358
157854,59394
183912,50274
248202,3382
236226,35846
228438,1372
228438,10808
216948,50274
235932,16358
210840,16358
186987,54096
206625,42132
206637,42132
206433,63186
206637,63186
206433,42132
206625,63186
65052,50274
183387,16358
220713,42132
220713,63186
217293,63508
217293,62860
217293,49888
217293,62944
209622,50274
153792,124
220011,56696
220011,35732
212478,16358
156024,50274
252696,54096
210627,16358
189045,63186
189045,42132
154998,10652
197034,33534
228753,35846
247260,35732
247260,56696
215112,63186
215112,42132
253557,33534
183666,16358
60762,62274
60762,59396
251967,61348
188961,49888
188961,63508
188961,62860
188961,62944
206304,54096
206418,33534
203082,63508
238611,49888
238611,62860
238611,62944
238611,63508
203082,62944
203082,62860
203082,49888
184950,35846
246054,124
183666,35846
183363,16358
223968,50720
227292,54096
220728,59396
220728,62274
157398,35846
222204,50274
188331,50720
204375,33534
167256,50274
253557,54290
234864,35846
242856,10808
242856,1372
210168,50274
61692,50274
203214,33534
228753,16358
203214,124
163251,50274
65052,16358
246858,16358
67764,63508
67764,62944
67764,62860
67764,49888
230286,50274
245976,50274
157767,124
232068,59396
232068,62274
155388,50274
172695,49888
172695,62944
172695,63508
172695,62860
226623,35846
251253,35846
251967,57804
194883,63186
194883,42132
244971,62074
234864,54096
244278,1372
244278,10808
244092,33534
210129,1372
205188,10808
210129,10808
205188,1372
250977,35846
205812,16358
164661,54096
128604,50274
231057,61280
212112,10808
212112,1372
203256,10808
203256,1372
196722,10808
203271,10808
203271,1372
196722,1372
205959,42132
205959,63186
234864,11490
161058,124
72045,11490
211950,35846
165717,54096
188700,54096
72117,3382
207105,10652
230073,50720
176577,62944
176577,62860
176577,63508
176577,49888
164457,16358
221247,59396
221247,62274
164337,35846
153600,42132
153600,63186
248796,50274
204717,124
64365,62944
64365,62860
64365,49888
64365,63508
247983,61280
207096,16358
196311,16358
242571,1372
251631,1372
208503,10808
208503,1372
251631,10808
242571,10808
246963,33534
243408,33534
187659,57804
206838,42132
249216,63186
206928,63186
249216,42132
206928,42132
250749,63186
253506,42132
250749,42132
253506,63186
206838,63186
246042,11262
210954,16358
177951,50274
183366,59396
183366,62274
195723,10808
195723,1372
208566,10652
211407,51974
206799,124
175809,63418
175809,39186
155100,50274
197286,35846
250653,35846
175809,50274
204144,124
207222,54290
240939,1304
240939,59822
234864,124
188343,49888
188343,62860
188343,62944
188343,63508
153999,124
187707,59394
207105,35846
187224,10808
187224,1372
198534,63186
198534,42132
183213,3382
207096,124
196311,124
204228,62944
204228,63508
204228,49888
204228,62860
183363,124
248796,124
249297,35846
199854,42132
199854,63186
248202,39186
248202,63418
248796,10808
248796,1372
233970,1372
233970,10808
66879,35846
220728,50720
206670,10652
241350,62074
232029,33534
181746,35846
204771,63186
204771,42132
61899,42132
61899,63186
213102,49888
213102,63508
213102,62860
213102,62944
211740,54096
243390,35846
228729,62944
228729,49888
228729,63508
228729,62860
178458,50720
208794,35732
208794,56696
183387,124
234120,33534
208503,35846
251631,35846
242571,35846
204093,10808
204093,1372
248013,1372
248013,10808
154167,63186
154167,42132
140277,49888
140277,62944
140277,62860
140277,63508
252480,10808
252480,1372
172503,33534
250749,10652
249216,10652
206928,10652
253506,10652
206838,10652
198873,50274
205815,54096
250434,16358
252405,1372
252405,10808
172695,10808
172695,1372
160029,16358
188637,1372
188637,10808
155043,50274
203736,10808
203736,1372
211524,3382
184698,62860
184698,49888
184698,63508
184698,62944
245631,16358
166002,16358
158658,62860
158658,49888
158658,62944
158658,63508
204144,35846
189009,50274
242232,16358
238827,16358
206955,16358
164007,54096
247029,54096
129204,1372
129204,10808
198882,59394
242151,59394
208554,35846
72561,35846
177474,54096
186987,50274
161208,16358
206496,124
206988,10652
250275,10652
222669,35846
154167,50720
186177,50720
206418,42132
206418,63186
225501,53386
205812,124
211812,54096
203820,63186
203820,42132
250977,124
203736,54096
231459,42132
231459,63186
246963,57804
200964,57414
206799,33534
203328,59396
203328,62274
211236,54096
207243,42132
207243,63186
200964,62074
198873,124
237804,50720
210234,3382
229737,50274
155055,42132
155055,63186
247974,50274
204483,50274
204228,54096
71301,50274
250434,124
189009,124
198279,59396
198279,62274
206361,59394
206361,35846
249207,33534
180195,50274
157416,50274
205722,50274
247962,33534
207105,57804
188331,59394
208053,50274
227310,35846
225480,124
162603,63508
162603,62944
162603,49888
162603,62860
232404,42132
232404,63186
157767,35846
66879,50274
242610,62074
139272,124
251721,1372
248178,1372
248178,10808
201837,10808
208545,1372
201837,1372
251721,10808
208545,10808
128901,50720
203811,62274
203811,59396
224169,42132
224169,63186
226623,1372
226623,10808
251253,1372
251253,10808
207222,63418
207222,39186
184104,33534
217293,50274
198873,50720
197034,10808
197034,1372
210633,63418
210633,39186
197034,63186
197034,42132
246054,54096
183450,124
247986,124
253335,33534
154560,35846
220269,48298
244971,42132
244971,63186
188637,35846
68496,124
163377,63186
163377,42132
154998,54096
203811,54096
238032,3382
64959,16358
56871,63508
56871,62860
56871,49888
56871,62944
128538,56696
128538,35732
221247,35846
210045,63508
210045,49888
210045,62944
210045,62860
176577,50274
198534,35846
224208,63186
224208,42132
253335,124
230028,3382
244158,50274
128526,61280
25743,54096
217782,63186
217782,42132
65313,35846
210627,35846
207927,63186
207927,42132
154476,54096
240939,62376
240939,1370
234864,16358
196845,62274
203700,62274
203700,59396
196845,59396
220011,10652
239577,1372
239577,10808
165726,42132
165726,63186
229536,11490
246150,124
56871,50274
154779,54096
60762,51974
165786,50274
62817,50720
221331,62274
221331,59396
249930,1372
249930,10808
174513,35846
206304,50274
227115,62274
227115,59396
210678,62274
210678,59396
244971,16358
157854,51974
232068,63186
232068,42132
214506,50274
153600,50274
153138,50274
166995,1372
166995,10808
157854,3382
205815,35846
225501,51974
223782,62944
223782,62860
223782,49888
223782,63508
139272,33534
153642,63186
153642,42132
208092,59396
208092,62274
232269,59396
232269,62274
198882,124
242151,124
163251,54096
164007,50274
188196,124
157767,54096
246054,16358
154476,124
248202,33534
206850,124
191256,11262
212301,16358
249513,16358
166002,35846
229473,49888
229473,62944
229473,62860
229473,63508
212448,16358
216564,63186
216564,42132
207396,54096
249687,10652
153867,54096
250362,11490
155043,63186
155043,42132
65328,42132
65328,63186
154119,63186
154119,42132
154098,50274
56871,54096
198882,54096
242151,54096
210954,124
139272,16358
212478,35846
246054,50274
198573,39186
198573,63418
154758,54096
191256,10652
204657,50274
128334,42132
128334,63186
243390,50274
252081,57804
207339,57804
183912,35846
206364,63186
206364,42132
198792,62860
198792,49888
198792,62944
198792,63508
213978,54290
232068,50720
206364,50274
209793,50274
61824,42132
61824,63186
155388,63418
155388,39186
183666,124
188637,124
154476,16358
157854,36720
191256,42132
191256,63186
225501,33534
174513,124
158658,124
248550,124
154041,124
244041,63186
244041,42132
189009,54096
253578,124
72108,1372
72108,10808
224931,63186
224931,42132
246963,50720
164337,54096
209154,62944
209154,63508
209154,62860
209154,49888
206670,124
211407,57804
242439,33534
245631,50274
166002,124
206364,1372
206364,10808
194601,62376
194601,1370
189009,16358
209154,16358
180195,42132
180195,63186
247974,35846
204483,35846
241350,1304
241350,59822
197034,124
190152,33534
206868,33534
210954,35846
154698,11262
237804,59396
237804,62274
66879,124
184710,62944
184710,62860
184710,49888
184710,63508
195507,50274
72117,50720
172503,54096
231708,33534
129081,59396
129081,62274
157224,16358
249297,50274
154740,42132
154740,63186
247986,10808
247986,1372
206364,51974
181746,124
250749,16358
206928,16358
249216,16358
253506,16358
206838,16358
156063,63508
156063,62944
156063,62860
156063,49888
62817,59394
234093,10808
234093,1372
210393,1372
210393,10808
60762,59394
173613,63508
173613,62860
173613,49888
173613,62944
248292,50274
205959,50274
61692,33534
210168,33534
241389,54096
245154,49888
245154,62860
245154,62944
245154,63508
206988,42132
206988,63186
250275,63186
250275,42132
250275,16358
206988,16358
242571,59396
242571,62274
251631,59396
208503,62274
251631,62274
208503,59396
211473,62944
211473,62860
211473,49888
211473,63508
244287,50720
209796,61280
178458,16358
62817,63418
62817,39186
155100,54096
164457,35846
68676,42132
68676,63186
177951,54096
153999,16358
166599,10808
238068,1372
166599,1372
238068,10808
208872,35846
184950,16358
198573,59394
166437,50274
154434,62944
154434,49888
154434,62860
154434,63508
183468,50274
246804,35846
210168,59394
61692,59394
250782,54096
199479,54096
246150,35846
253191,10808
253191,1372
238263,10808
238263,1372
244971,124
237840,57804
153999,54096
245631,35846
205815,50720
208092,56696
208092,35732
244158,16358
212442,16358
248682,16358
207105,51974
203277,10808
203277,1372
158742,124
236226,63186
236226,42132
59700,16358
216564,11262
174195,59396
174195,62274
212448,36720
234093,59396
210393,59396
234093,62274
210393,62274
247983,36720
64959,35846
183912,54096
186882,16358
247962,59396
247962,62274
181746,16358
224931,50720
183492,63186
183492,42132
207105,124
244971,59394
181593,50720
66879,16358
212220,33534
176403,33534
253671,124
161208,124
177474,50720
248682,124
231876,51974
242439,54096
222906,124
158658,16358
208788,35846
206496,63508
206496,62860
206496,49888
206496,62944
211632,49888
211632,62860
211632,63508
211632,62944
196455,59396
196455,62274
203511,42132
203511,63186
243390,63186
243390,42132
247983,16358
195723,50720
163251,50720
207243,50274
232035,16358
250977,54096
220011,63508
220011,62944
220011,62860
220011,49888
206439,33534
248682,33534
204243,42132
204243,63186
209793,57804
186177,59394
226140,59394
229473,124
225501,61280
162843,124
154485,124
230073,51974
163101,63186
163101,42132
208566,35846
157185,35846
187707,35846
174195,50720
243408,50274
154476,35846
205731,10808
205731,1372
181110,11262
153999,50274
65328,50720
154698,54096
198573,3382
217782,50720
163044,49888
163044,62860
163044,62944
163044,63508
183912,16358
206856,33534
196302,33534
212211,63418
212211,39186
154032,33534
252081,63418
207339,63418
207339,39186
252081,39186
191256,124
208500,10808
208500,1372
203811,63186
203811,42132
219048,54096
211947,35846
247029,50274
204774,124
208812,10652
226662,124
172587,124
176643,124
216564,16358
227292,50274
204717,33534
237840,50720
244866,62376
244866,1370
181101,42132
181101,63186
72117,61280
231459,33534
183366,36720
208554,62274
208554,59396
166437,35846
203166,54096
208554,10808
208554,1372
253671,16358
206847,33534
188787,59394
247029,42132
247029,63186
183213,32496
242130,10652
244092,50274
203700,50720
196845,50720
203511,50274
252480,63508
252480,49888
252480,62860
252480,62944
251967,33534
195372,59396
195372,62274
71301,33534
200964,1304
200964,59822
156225,54096
188961,16358
72045,63186
72045,42132
216564,124
153279,62944
153279,63508
153279,49888
153279,62860
211407,50274
210168,62274
210168,59396
61692,62274
61692,59396
207597,63186
207597,42132
236520,10652
188961,124
237840,59394
241350,16358
154542,50274
179853,54096
249297,54096
192159,10808
192159,1372
223518,1372
223518,10808
209094,42132
209094,63186
183213,54290
253557,3382
206364,10652
220728,61348
188331,42132
188331,63186
231057,16358
200508,50274
183921,42132
183921,63186
238263,50274
196455,10652
66879,54096
67158,16358
229536,63186
229536,42132
252210,10808
252210,1372
210045,16358
181101,62274
181101,59396
183666,50274
194601,124
212892,54096
244287,33534
154551,35846
156024,35846
216822,50720
244005,54096
195372,59394
224208,36720
208566,62274
208566,59396
230073,57804
247548,54096
183450,16358
187707,42132
187707,63186
209073,33534
253557,51974
188961,35846
210045,35846
89013,63186
89013,42132
198534,50720
181593,42132
181593,63186
65640,33534
184104,50274
155337,50274
154542,42132
154542,63186
210840,63186
235932,42132
235932,63186
210840,42132
237804,63418
237804,39186
128526,33534
233814,62944
233814,62860
233814,63508
233814,49888
251169,16358
251967,3382
154434,16358
246150,16358
224931,59396
224931,62274
153642,50274
210876,54096
165684,54096
223782,124
188343,54096
192627,42132
192627,63186
183363,10652
244092,42132
244092,63186
208566,1372
208566,10808
128604,63186
128604,42132
248202,32496
204480,50274
154998,59822
154998,1304
233814,16358
158742,50274
194601,10808
194601,1372
156024,124
204228,35846
242439,42132
242439,63186
248550,49888
248550,62944
248550,62860
248550,63508
188730,35846
187734,35846
204228,16358
188787,39186
188787,63418
187806,57804
194601,54096
220269,50720
247956,33534
222204,42132
222204,63186
198279,42132
198279,63186
201564,50274
203295,50274
203301,50274
203706,50274
253506,124
206928,124
206838,124
250749,124
249216,124
225480,54096
241824,33534
175878,16358
203256,62274
203256,59396
61344,54290
66915,49888
66915,62860
66915,62944
66915,63508
154485,16358
162843,16358
214506,35846
173667,42132
173667,63186
250275,124
206988,124
161058,54096
188637,16358
191256,16358
88920,33534
61824,59396
61824,62274
174513,16358
217293,35846
207222,51974
248292,50720
225480,50274
243408,54096
61344,11490
222759,39186
222759,63418
242856,63186
242856,42132
212448,3382
154779,10652
129204,62274
129204,59396
156024,16358
249159,50720
89013,50720
182292,63186
182292,42132
225501,32496
128334,50720
156063,16358
59700,124
206763,62860
206514,49888
206763,49888
206763,62944
206514,62860
206484,62860
206484,63508
206412,62860
211641,62860
206412,63508
211641,62944
211641,63508
206484,62944
211641,49888
206484,49888
206412,62944
206412,49888
206763,63508
206514,62944
206514,63508
214194,35846
237840,33534
240912,50274
230286,63186
230286,42132
198945,50720
153138,124
153402,54096
64365,50274
156063,35846
211140,16358
178068,50274
203829,63186
203829,42132
184509,42132
184509,63186
157185,124
208554,50274
244971,51316
222669,63186
222669,42132
234120,124
252081,33534
207339,33534
184698,124
207222,48298
214506,16358
204243,50720
213102,54096
173613,124
162843,35846
253557,61280
173940,50720
65577,50274
242130,16358
188685,50274
210171,54096
249579,54096
205905,54096
218061,54096
96444,54096
204144,54096
61344,61280
248796,54096
252696,50274
224526,50274
206799,16358
198552,54096
223782,16358
65067,124
229812,1372
229812,10808
187734,124
188730,124
177921,63186
177921,42132
229977,57804
205959,33534
188787,32496
235458,63186
235458,42132
241350,59396
241350,62274
244680,50720
64218,50274
153138,35846
251121,54096
231459,50274
154434,35846
242130,42132
242130,63186
230286,33534
249513,124
232035,124
206304,124
241350,54096
211407,3382
251967,36720
217293,16358
128763,35846
231663,124
212448,39186
212448,63418
154827,39186
154827,63418
233814,124
209793,54096
164661,35846
163377,50274
72117,57804
161058,50720
61692,11490
210168,11490
153813,54096
198873,16358
229737,39186
229737,63418
253578,54096
72117,63418
72117,39186
192627,33534
192618,63508
192618,62944
192618,62860
192618,49888
182292,59396
182292,62274
206748,32496
248796,62274
248796,59396
72117,32496
202818,10652
203727,50274
161787,50720
210978,50274
224841,42132
224841,63186
206304,35846
154098,42132
154098,63186
248205,42132
248205,63186
244287,3382
211947,59396
211947,62274
230028,61348
211989,50274
203829,54096
216564,10652
153138,11490
203166,42132
203166,63186
231057,33534
212448,33534
66879,50720
246963,3382
187386,59396
187386,62274
203280,1370
203280,62376
153792,63186
153792,42132
230178,50274
246042,59396
246042,62274
182292,50720
209994,33534
196455,50274
128538,62274
128538,59396
153813,10652
220728,42132
220728,63186
157767,50720
225276,124
236520,56696
236520,35732
129081,50720
156225,50274
244158,50720
154770,50720
225501,3382
203277,124
215112,36720
154665,42132
154665,63186
208794,10652
244971,35732
244971,56696
129081,42132
129081,63186
61344,32496
192300,59396
192300,62274
222750,124
234156,33534
203511,62274
203511,59396
187386,54096
247986,33534
154041,33534
219231,50720
208758,50720
154119,50720
208053,33534
234972,33534
234018,33534
153138,32496
153756,50274
178068,54096
206361,42132
206361,63186
188196,54096
211524,54290
212442,61280
200508,16358
246054,35846
61344,51974
246150,50720
253578,16358
223728,10652
221247,36720
248301,124
154485,35846
228438,124
173613,16358
224208,48298
211140,124
179853,1304
179853,59822
72645,54096
246042,42132
246042,63186
157224,124
206748,48298
244005,50274
154770,63186
154770,42132
204771,33534
66915,50720
207618,63186
207618,42132
248373,16358
247983,3382
154821,63186
154821,42132
231057,63418
231057,39186
153138,16358
187659,42132
187659,63186
183387,54096
226623,50274
251253,50274
67158,124
242610,57804
188604,42132
188604,63186
183450,54096
129081,54096
222669,16358
203214,54096
194601,35846
154665,50274
231876,124
179700,50274
192300,50720
203724,16358
209073,63186
209073,42132
206418,124
162795,50274
194883,57804
129204,50274
239577,50720
157185,50720
231057,36720
184698,50274
243390,63418
243390,39186
210234,54290
184509,50720
203439,63186
217380,42132
217380,63186
203259,42132
203259,63186
203439,42132
220728,59394
212283,63186
212283,42132
163251,11490
211533,59396
211533,62274
61344,39186
61344,63418
154821,39186
154821,63418
175809,59396
175809,62274
217494,54096
181593,62274
181593,59396
216948,42132
216948,63186
203328,10808
203328,1372
72117,33534
179853,51316
203700,50274
196845,50274
202818,63186
202818,42132
199854,59394
160029,124
186177,39186
186177,63418
155337,63186
184104,63186
184104,42132
155337,42132
251721,33534
208545,33534
201837,33534
248178,33534
238218,124
165726,50274
207222,53386
162603,35846
243408,42132
243408,63186
180495,33534
244287,53386
234864,50720
65067,35846
220269,63418
220269,39186
166002,42132
166002,63186
225501,63418
225501,39186
203871,54096
204780,54096
198801,42132
198801,63186
222669,63418
222669,39186
63876,63418
63876,39186
205812,54096
154434,50274
167316,124
164661,16358
157224,33534
211524,61348
128334,33534
177474,50274
164661,124
65577,63418
65577,39186
252081,3382
207339,3382
247983,63418
247983,39186
154998,16358
156225,42132
156225,63186
242130,124
206748,52620
231876,1372
231876,10808
65052,50720
229536,39186
229536,63418
198945,59396
198945,62274
179790,42132
179790,63186
245976,42132
245976,63186
206418,3382
65067,16358
241350,10652
157398,50274
231876,62274
231876,59396
217002,62944
217002,63508
217002,62860
217002,49888
181101,63418
181101,39186
211524,61280
128526,53386
210633,3382
179790,50274
210120,39186
210120,63418
154869,42132
154869,63186
236226,62274
236226,59396
165717,11490
206748,53386
248292,33534
206304,16358
219048,42132
219048,63186
211407,36720
203871,33534
204780,33534
223554,35846
252774,35846
246054,50720
248796,16358
68496,54096
246042,16358
233814,33534
249930,50720
224631,50720
246963,54290
189009,50720
210234,61348
72117,36720
153999,35846
200508,33534
154698,10652
158658,35846
208566,50274
222669,61280
212448,61348
247983,33534
248013,59396
248013,62274
231057,61348
210627,42132
210627,63186
72117,51974
25743,3382
207600,33534
187386,10652
164661,11490
210234,61280
67764,124
242610,59396
242610,62274
238032,61348
129135,50720
154041,54096
216564,51316
252210,62274
252210,59396
161787,63186
161787,42132
212430,63186
227295,63186
212430,42132
227295,42132
204771,62274
204771,59396
230028,54290
66879,11490
208206,42132
208206,63186
203724,59394
229536,59394
191247,54096
192549,51316
176577,63186
176577,42132
180195,57804
249930,63508
249930,62860
249930,62944
249930,49888
248013,54096
213978,36720
222669,54290
183363,59822
183363,1304
212448,50720
205959,48298
184509,62274
184509,59396
204228,124
212442,33534
203274,54096
183366,35846
217782,59394
206418,16358
247962,51974
196455,10808
196455,1372
179700,124
204657,39186
204657,63418
221331,59394
174195,39186
174195,63418
213978,50720
204717,54096
154476,59396
154476,62274
208500,59396
208500,62274
226662,10808
226662,1372
210954,63186
210954,42132
195507,59396
195507,62274
165786,48298
213978,61280
66879,32496
205959,50720
244971,59822
244971,1304
235335,59396
235335,62274
205731,62274
205731,59396
238611,33534
203082,33534
198882,3382
242151,3382
210978,33534
194601,16358
186882,35846
244278,35846
177921,50720
183468,3382
234120,10808
234120,1372
244680,33534
166437,42132
166437,63186
215112,33534
195507,33534
247986,63186
247986,42132
65067,50274
201741,124
162795,50720
195372,33534
204780,42132
203871,63186
204780,63186
203871,42132
253557,53386
230286,57804
154758,11262
224208,59396
224208,62274
60762,48298
201741,50720
154542,50720
157185,16358
211476,63186
211476,42132
206964,39186
206772,63418
206964,63418
206772,39186
181746,11490
164457,50720
187806,63418
187806,39186
210954,50720
182292,33534
163101,50274
72918,124
189009,32496
230073,48298
203829,59396
203829,62274
216822,32496
206361,54290
247548,35846
246042,10652
225480,59396
225480,62274
253671,35846
205959,57804
186327,16358
61692,50720
210168,50720
163578,39186
163578,63418
153138,50720
187650,63186
187650,42132
183576,35846
162603,124
66915,50274
175809,50720
247962,59394
154485,50720
162843,50720
202818,54096
165726,54096
164970,63186
164970,42132
250362,59396
250362,62274
208092,54096
214998,62274
214998,59396
167256,63186
167256,42132
248301,59396
248301,62274
155388,62274
155388,59396
253671,50274
188196,50720
192300,63186
192300,42132
129135,42132
129135,63186
207105,10808
207105,1372
223518,54096
192159,54096
250629,33534
229521,33534
203502,33534
199860,33534
221151,33534
158016,33534
205728,33534
66378,33534
205122,33534
210846,33534
251085,33534
192771,33534
203889,33534
59703,33534
176403,32496
212220,32496
183213,48298
153756,33534
253578,50274
200364,10808
200364,1372
244278,124
212112,59396
196722,62274
212112,62274
203271,59396
203274,59396
196722,59396
203271,62274
203274,62274
208500,16358
222906,16358
231876,54096
194883,61280
246804,50274
219048,33534
225480,42132
225480,63186
187734,16358
188730,16358
247956,63186
247956,42132
239577,62860
239577,63508
239577,49888
239577,62944
244971,39186
244971,63418
207240,39186
207240,63418
229977,48298
208500,50274
188100,33534
174513,54096
179853,10652
183468,39186
183468,63418
192549,11262
215112,50720
154119,59396
154119,62274
203700,59394
214194,16358
166128,42132
166128,63186
128526,39186
128526,63418
195723,50274
234156,54096
61824,50274
210633,33534
129135,62274
129135,59396
154998,63186
154998,42132
232269,63186
232269,42132
245154,50274
206799,63186
206799,42132
214998,63418
214998,39186
238263,16358
223071,54096
238263,59394
233091,50720
192618,54096
72645,33534
212301,50274
164457,57804
247260,50720
247983,61348
205815,3382
203271,54096
212112,54096
203256,54096
196722,54096
172695,50720
188100,3382
210627,50720
178458,3382
244680,63186
244680,42132
224631,63186
224631,42132
203214,62274
203214,59396
173940,49888
173940,62860
173940,62944
173940,63508
198855,50720
71301,3382
163578,42132
163578,63186
212571,33534
208524,33534
242412,33534
188637,54096
61899,61280
65640,63186
65640,42132
188961,50720
175293,50274
198873,42132
198873,63186
68496,16358
222759,3382
153813,16358
154998,56696
154998,35732
213102,124
244005,50720
232269,59394
251967,61280
178068,16358
223968,32496
224208,35846
251643,3382
183912,11490
207096,63418
196311,39186
196311,63418
207096,39186
162984,50274
220269,54290
252210,50274
72045,61280
223782,35846
206364,124
154167,63418
154167,39186
208788,16358
234864,62274
234864,59396
209994,42132
209994,63186
253335,1372
253335,10808
238032,54290
227115,16358
210678,16358
253671,54096
246963,36720
204480,63418
204480,39186
154827,59396
154827,62274
203277,33534
203811,33534
248682,39186
248682,63418
206964,3382
206772,3382
189045,50720
250947,16358
234864,32496
207600,50720
61344,50720
242130,59822
242130,1304
207600,59396
207600,62274
154998,51316
248301,16358
153813,59822
153813,1304
178458,35846
181593,39186
181593,63418
206418,61280
220269,3382
229737,3382
183213,61280
247548,124
166002,32496
177921,11490
206364,16358
217494,33534
205731,50274
153402,35846
222906,35846
232614,3382
215112,61348
204657,59396
204657,62274
187875,50720
153813,59396
153813,62274
179790,50720
212283,62274
212283,59396
153999,50720
211140,57804
206361,124
202818,124
192627,50274
215112,3382
249294,35846
212571,16358
208524,16358
242412,16358
183450,35846
241824,54096
253557,36720
244005,35846
231057,48298
158742,54096
160770,35846
211476,59394
162603,16358
128526,3382
230178,42132
230178,63186
72045,39186
72045,63418
164007,63186
164007,42132
244971,57804
167256,59396
167256,62274
195372,3382
154779,1304
154779,59822
213978,3382
241350,124
204771,50274
153138,54096
204771,50720
72645,42132
72645,63186
222759,50274
247548,50274
204657,33534
211473,35846
72045,3382
167316,35846
231663,10808
231663,1372
203829,50274
206955,63418
238827,63418
238827,39186
242232,63418
206955,39186
242232,39186
253683,16358
253557,32496
244158,124
189009,33534
233970,35846
230286,50720
249294,1372
249294,10808
166437,50720
187221,50720
163578,50720
172587,33534
176643,33534
210633,51974
153792,50274
186882,54096
205905,59396
218061,59396
96444,59396
249579,59396
205905,62274
218061,62274
249579,62274
96444,62274
227115,50274
210678,50274
207396,33534
187875,42132
187875,63186
187707,39186
187707,63418
194601,50274
72930,61280
225480,50720
211473,124
183492,3382
212220,11490
176403,11490
228729,124
238536,59822
238536,1304
251721,16358
201837,16358
248178,16358
208545,16358
216108,124
128526,32496
154098,50720
214194,124
223968,63186
223968,42132
203796,50274
208341,50274
175878,124
153279,50720
250434,50720
199479,50274
238218,54096
188700,11490
183576,50720
228438,35846
212442,61348
181746,62274
181746,59396
206364,3382
246858,1370
246858,62376
188331,61280
164970,50720
208053,50720
154998,124
222750,54096
173613,35846
233970,124
203277,54096
60762,3382
139272,63418
139272,39186
203259,10808
217380,10808
217380,1372
203439,10808
203439,1372
203259,1372
154098,57804
236226,3382
199479,50720
197034,54096
211965,16358
198981,63186
198981,42132
175293,50720
204144,50274
153048,63186
153048,42132
206406,63418
207144,39186
206406,39186
206811,39186
206811,63418
207144,63418
229536,3382
250629,1372
158016,1372
192771,10808
210846,10808
229521,1372
199860,10808
199860,1372
210846,1372
192771,1372
229521,10808
250629,10808
205728,10808
251085,1372
158016,10808
221151,10808
59703,1372
205122,10808
66378,10808
66378,1372
251085,10808
221151,1372
205122,1372
203889,1372
203502,10808
59703,10808
205728,1372
203889,10808
203502,1372
183666,42132
183666,63186
207222,32496
244005,124
129135,32496
154551,50274
206418,1372
206418,10808
196845,59394
212526,39186
212526,63418
167256,50720
178068,35846
244173,63186
244173,42132
154758,51316
213978,61348
181746,32496
209799,63418
209799,39186
223968,48298
207927,50720
128526,61348
223071,50274
153402,124
212526,33534
140277,63186
140277,42132
236520,16358
206856,10652
196302,10652
188685,42132
188685,63186
232614,50720
155388,33534
198945,63186
198945,42132
203820,62274
203820,59396
229536,48298
175293,63186
175293,42132
207105,16358
129081,10808
129081,1372
157185,54096
224631,62274
224631,59396
194883,63418
194883,39186
232029,39186
232029,63418
203736,62274
203736,59396
188961,54096
217002,1372
217002,10808
206361,10652
187224,50274
162795,63186
162795,42132
242610,36720
56871,42132
56871,63186
211524,63418
211524,39186
203295,59396
201564,59396
203295,62274
203301,59396
203301,62274
203706,59396
203706,62274
201564,62274
234018,50274
234972,50274
232068,59394
206364,33534
154032,3382
210045,50720
203277,59396
203277,62274
154758,16358
211812,50720
154821,50720
247260,63418
247260,39186
225276,50720
129081,59394
210876,11490
165684,11490
184950,124
231708,42132
231708,63186
204774,54096
216564,59396
216564,62274
210120,50720
242130,62074
240912,63186
240912,42132
220713,39186
220713,63418
156024,50720
227670,42132
227670,63186
165786,33534
155100,42132
155100,63186
203829,50720
205188,33534
210129,33534
238536,10652
69060,10808
203151,1372
69060,1372
203151,10808
203820,33534
154665,62274
154665,59396
208092,1304
208092,59822
203184,1370
203184,62376
203871,50720
204780,50720
157854,48298
128763,124
206304,50720
211140,11262
204411,42132
204411,63186
186987,50720
183213,61348
206868,3382
190152,3382
244158,54096
201564,33534
203295,33534
203706,33534
203301,33534
176643,54096
172587,54096
153048,3382
213978,33534
154803,63186
154803,42132
204657,50720
244971,36720
187707,61280
242439,50274
178458,11490
213978,53386
65313,63186
65313,42132
210234,39186
210234,63418
72930,3382
158742,50720
198279,59394
154119,33534
227973,1372
227670,10808
227670,1372
227973,10808
251253,16358
226623,16358
228438,16358
230028,63418
230028,39186
188100,53386
206439,3382
140277,1372
140277,10808
198792,10808
198792,1372
204144,50720
128538,36720
154779,16358
208206,59396
208206,62274
183387,50720
211236,42132
211236,63186
203445,42132
203445,63186
208053,63418
208053,39186
192300,32496
228024,50274
227616,3382
213114,3382
211473,16358
189045,63418
189045,39186
248202,11490
212442,36720
154167,32496
246963,61280
71301,53386
164337,50720
204774,50720
225699,35846
241389,50720
251967,54290
207105,42132
207105,63186
214506,54096
247986,54096
211524,32496
153813,62074
186987,42132
186987,63186
154779,62274
154779,59396
186327,35846
154758,1304
154758,59822
187806,3382
192159,42132
223518,42132
192159,63186
223518,63186
230010,63418
230010,39186
196455,35846
183492,32496
223554,50274
252774,50274
154698,51316
210045,54096
212283,50720
204228,50720
207600,50274
209622,62274
209622,59396
230073,33534
203256,59394
214998,59394
215112,39186
215112,63418
162603,50720
234555,1370
234555,62376
65067,50720
65640,50720
154779,62074
183363,59396
183363,62274
252480,35846
154476,50720
215112,53386
225699,16358
212748,59396
212748,62274
206481,62274
251619,62274
206481,59396
251619,59396
210129,50274
205188,50274
230028,61280
226140,3382
249513,33534
203724,124
251169,33534
227295,50720
212430,50720
228753,50720
188685,33534
203328,50274
154803,50720
177921,62274
177921,59396
206673,3382
67335,42132
67335,63186
212571,54096
242412,54096
208524,54096
128763,16358
247548,16358
154551,63186
154551,42132
246804,42132
246804,63186
192942,39186
192942,63418
88920,59396
88920,62274
249513,54096
236226,32496
210234,32496
253557,39186
253557,63418
232035,54096
234018,124
234972,124
72930,32496
249513,3382
223968,59396
223968,62274
154509,1370
154509,62376
153813,124
201798,10808
201798,1372
205812,50720
60762,36720
161208,50720
210168,61280
61692,61280
250362,59394
207597,50720
192549,54096
198801,50720
153867,50720
209154,50274
212442,3382
201741,35846
245631,63186
245631,42132
210120,62274
210120,59396
194409,3382
231876,35846
232269,33534
235335,3382
209994,50274
181110,62074
214506,124
72561,42132
72561,63186
154758,42132
154758,63186
247548,11490
207219,50720
207396,42132
207396,63186
229737,33534
155055,39186
155055,63418
64218,33534
197034,59396
197034,62274
184698,54096
59700,50720
128604,3382
207339,50720
252081,50720
162984,39186
162984,63418
244278,16358
247260,57804
172419,63418
172419,39186
204243,59396
204243,62274
128334,3382
196302,124
206856,124
129135,39186
192300,63418
129135,63418
192300,39186
231708,3382
183666,50720
68496,35846
198279,50720
227310,16358
229977,39186
229977,63418
198534,39186
198534,63418
208341,11490
203796,11490
128604,50720
203829,33534
206868,51974
190152,51974
214194,50720
204189,11262
250977,42132
250977,63186
231057,3382
198873,59396
198873,62274
247260,61280
223968,51974
206856,63186
196302,63186
206856,42132
196302,42132
72930,33534
178458,32496
244287,63418
244287,39186
246042,124
181110,59396
181110,62274
164661,42132
164661,63186
189045,62274
189045,59396
209793,51974
211407,54290
183576,16358
194883,33534
162603,54096
233091,42132
233091,63186
247260,35846
210000,42132
210000,63186
181110,10652
204375,63418
204375,39186
172695,124
181110,1304
181110,59822
217002,50720
203259,54096
203439,54096
217380,54096
66915,54096
157398,63186
157398,42132
179790,33534
250782,50274
187224,35846
164457,63418
164457,39186
247962,63418
247962,39186
212301,63418
212301,39186
252774,1372
252774,10808
223554,10808
223554,1372
244005,16358
206304,11490
176403,61348
212220,61348
216948,3382
242130,59396
242130,62274
211632,50274
210954,62274
210954,59396
153402,50274
67764,35846
157854,54290
209796,57804
61824,33534
213114,39186
213114,63418
211407,63418
211407,39186
154041,50720
187806,32496
154560,42132
154560,63186
203724,3382
228729,50720
231876,59394
221526,16358
208572,16358
210690,16358
160029,54096
253578,35846
210633,61280
238032,61280
210045,124
180195,50720
65328,63418
65328,39186
221151,50274
205122,50274
59703,50274
250629,50274
158016,50274
199860,50274
229521,50274
66378,50274
251085,50274
203889,50274
210846,50274
203502,50274
192771,50274
205728,50274
207396,50720
198981,59394
242151,33534
198882,33534
247983,50720
68496,50720
180195,33534
72645,50720
155388,50720
188787,61280
208500,33534
248205,50720
211632,54096
153402,16358
198873,35846
183576,32496
60762,54290
232614,42132
232614,63186
251967,39186
251967,63418
206670,3382
252081,61280
207339,61280
249207,63418
249207,39186
230073,32496
164007,33534
203700,33534
154167,59396
154167,62274
192549,62074
165750,54096
88821,54096
209793,35846
203820,50274
252480,124
205188,16358
210129,16358
219048,50720
203295,16358
203706,16358
201564,16358
203301,16358
246618,54096
203199,62376
203199,1370
164337,50274
65052,42132
65052,63186
224526,63418
224526,39186
235458,50720
251643,50274
72561,59396
72561,62274
156063,50720
155337,33534
181746,50720
207597,63418
207597,39186
188331,63418
188331,39186
201741,16358
212892,63186
212892,42132
154167,33534
128763,50720
153402,11490
166128,50720
220728,54290
188343,42132
188343,63186
204480,59396
204480,62274
153600,63418
153600,39186
217494,63186
217494,42132
247956,50274
221247,50720
236520,1372
236520,10808
154506,62376
154506,1370
224931,63418
224931,39186
64959,59394
198855,42132
198855,63186
229473,50720
238827,3382
206955,3382
242232,3382
201837,50274
208545,50274
248178,50274
251721,50274
164457,3382
240912,54096
232269,124
64959,63186
64959,42132
204774,33534
246963,32496
154758,62074
173613,50720
157767,63186
157767,42132
211140,62274
211140,59396
230028,32496
206799,39186
206799,63418
238032,32496
241350,63186
241350,42132
214998,53386
188100,39186
188100,63418
186882,11490
238536,124
238263,33534
157767,50274
206799,50274
184509,39186
184509,63418
206439,51974
207105,62274
207105,59396
198279,3382
183366,59394
211632,124
253683,124
61899,39186
61899,63418
187806,61280
64365,35846
204093,16358
187734,54096
188730,54096
246963,39186
246963,63418
211476,62274
211476,59396
181110,16358
222906,42132
222906,63186
247548,50720
172695,35846
154779,124
232029,50274
128901,50274
221247,63418
221247,39186
211989,16358
67764,50720
226140,61280
180495,50274
242610,35846
204774,63186
204774,42132
161058,42132
161058,63186
63876,50274
181110,54096
206964,50274
206772,50274
66915,124
224526,63186
224526,42132
198534,59394
161058,33534
61824,3382
210633,36720
216822,50274
154758,10652
246042,51316
245154,63186
245154,42132
223071,50720
154779,63186
154779,42132
187659,61280
232035,3382
178068,124
172503,50720
154119,63418
154119,39186
154758,124
183492,59396
183492,62274
165312,62376
165312,1370
208758,50274
219231,50274
204717,59396
204717,62274
153048,50720
248373,124
217782,57804
196845,63418
196845,39186
210171,50720
198552,11490
221331,3382
212442,63418
212442,39186
210978,48298
236226,63418
236226,39186
164970,39186
164970,63418
249486,50274
209796,50720
250653,16358
197286,16358
156063,124
216564,1304
216564,59822
156024,63186
156024,42132
176577,50720
128538,50720
61899,3382
165786,50720
211407,59394
172419,33534
187224,16358
224169,39186
224169,63418
216822,3382
183492,39186
183492,63418
220728,124
213978,32496
206868,50720
190152,50720
158658,50720
179853,16358
251619,51974
206481,51974
212748,51974
61344,36720
207927,59396
207927,62274
245154,50720
206439,50720
167652,42132
167652,63186
67764,16358
175878,50720
230286,48298
214998,48298
245631,63418
245631,39186
203166,59396
203166,62274
203727,16358
244287,36720
224208,50720
244173,50720
221247,57804
183366,50720
209799,59396
209799,62274
217782,33534
154542,39186
154542,63418
232035,59394
166002,50720
203511,50720
249486,3382
184104,50720
225276,54096
250782,124
238827,50274
242232,50274
206955,50274
157854,50720
223782,50720
250434,50274
67158,50720
179853,63186
179853,42132
226662,62274
226662,59396
188604,33534
212892,50720
65577,33534
196845,3382
188100,62274
188100,59396
183576,124
154032,50720
210690,33534
208572,33534
221526,33534
178458,59394
202818,59396
202818,62274
253683,35846
237804,59394
221331,39186
221331,63418
226140,63418
226140,39186
220269,53386
187659,3382
155388,48298
246963,61348
218061,50720
205905,50720
249579,50720
96444,50720
251967,32496
207222,11490
192549,1304
192549,59822
212211,3382
248796,35846
244092,50720
242151,42132
242151,63186
198882,42132
198882,63186
140277,54096
216564,62074
177921,32496
71301,63418
71301,39186
164970,3382
246858,59394
183363,62074
252480,16358
207243,33534
188331,3382
229977,50720
214194,54096
203811,50274
238032,63418
238032,39186
184698,50720
194409,39186
194409,63418
187707,11490
177921,39186
177921,63418
212442,48298
157224,54096
156063,54096
153402,50720
250977,50720
250434,54096
227973,63186
227973,42132
69060,42132
203151,63186
69060,63186
203151,42132
201741,50274
230073,61280
248205,63418
248205,39186
176577,33534
191256,62274
191256,59396
181593,32496
243390,59396
243390,62274
204243,39186
204243,63418
233970,50720
183468,50720
205959,39186
205959,63418
240912,50720
212211,33534
202818,62074
179853,62074
232269,16358
164661,50720
212442,50720
154869,50720
224169,50720
237840,51974
153600,33534
235458,63418
235458,39186
155388,3382
172695,16358
220728,16358
238611,54096
203082,54096
196845,33534
212892,59396
212892,62274
233970,16358
222204,50720
173667,39186
173667,63418
154740,39186
154740,63418
207222,33534
212430,50274
227295,50274
65052,39186
65052,63418
207219,124
200508,62274
200508,59396
211140,59394
225480,33534
187659,32496
222204,62274
222204,59396
166128,62274
166128,59396
227616,63418
227616,39186
216108,50720
211407,59396
211407,62274
238218,57804
89013,63418
89013,39186
246618,33534
210633,32496
171702,63418
171702,39186
230073,63418
230073,39186
208788,50720
203820,50720
203724,33534
154032,50274
207927,39186
207927,63418
210000,50720
158658,54096
203166,33534
187224,124
208092,16358
203871,59396
203871,62274
204780,62274
204780,59396
178818,1370
178818,62376
205959,3382
216108,16358
67335,50720
64959,32496
238218,16358
231057,50720
214998,50720
163101,48298
210633,50720
220728,48298
174513,50720
241389,50274
229977,3382
188604,50720
161208,54096
155388,59394
231876,16358
186327,63418
186327,39186
194883,32496
191247,11490
228729,50274
60762,50720
153279,42132
153279,63186
240939,35732
240939,56696
204411,63418
204411,39186
228438,50720
178068,50720
157224,50720
154998,62274
154998,59396
67764,50274
240939,16358
201798,42132
201798,63186
210627,59396
210627,62274
63876,3382
164970,33534
250362,50720
216948,33534
252696,63186
252696,42132
154827,50720
203811,50720
157854,61280
187875,62274
187875,59396
187386,1304
187386,59822
250782,35846
204093,124
88920,63418
88920,39186
228729,35846
187707,3382
207243,39186
207243,63418
198981,3382
88920,59394
213102,16358
222906,32496
181746,42132
181746,63186
181101,50720
204768,62376
204768,1370
211740,42132
211740,63186
65577,50720
246042,59822
246042,1304
221247,59394
207084,3382
206448,3382
156024,62274
156024,59396
195372,63418
195372,39186
230073,3382
211533,11490
188961,11490
246618,16358
229473,54096
220269,51974
175809,33534
209796,53386
214998,61280
212211,32496
192549,59396
192549,62274
192549,16358
238218,32496
183912,62274
183912,59396
231876,33534
229977,33534
203700,63418
203700,39186
194409,50274
204411,50720
211407,50720
237804,32496
172419,59396
172419,62274
89013,59396
89013,62274
154740,50720
183213,53386
221331,61280
209073,50274
173667,50720
179853,59396
179853,62274
188100,50720
237840,61280
250782,16358
229977,53386
206367,3382
210897,3382
206646,3382
225699,50720
157185,32496
203727,59396
203727,62274
211476,3382
235335,50720
213513,3382
211812,42132
211812,63186
252480,50274
211236,50720
248301,35846
187224,50720
154665,39186
154665,63418
207618,39186
207618,63418
217494,50274
211989,59396
211989,62274
213513,39186
213513,63418
206637,3382
206625,3382
206433,3382
238536,59396
238536,62274
216108,35846
212478,63186
212478,42132
211140,59822
211140,1304
244278,50720
64365,50720
88920,48298
210627,39186
210627,63418
196722,59394
203274,59394
203271,59394
212112,59394
212892,50274
245631,50720
68676,50720
225276,33534
227670,54096
65313,50720
249294,50274
207465,34092
207465,56714
225699,124
204780,50274
203871,50274
183450,50720
211140,10652
206811,3382
207144,3382
206406,3382
175878,50274
242856,59396
242856,62274
216948,50720
234864,33534
208449,1370
208449,62376
207330,50274
128604,63418
128604,39186
198882,61280
242151,61280
227292,39186
227292,63418
165786,63418
165786,39186
164871,62376
164871,1370
192714,1372
192714,10808
62817,61280
187734,50720
188730,50720
210168,63418
210168,39186
61692,63418
61692,39186
207618,50720
208206,39186
208206,63418
64365,16358
203166,50274
211533,59394
247974,42132
204483,42132
247974,63186
204483,63186
195507,16358
238536,50720
212448,53386
154698,59822
154698,1304
188196,42132
188196,63186
153138,3382
163578,59396
163578,62274
222669,33534
129081,11490
192714,54096
188787,3382
187875,33534
228438,54096
173940,54096
181593,3382
61824,59394
161208,50274
209796,3382
244287,61348
165786,62274
165786,59396
210954,39186
210954,63418
160029,59394
198573,61280
205812,50274
155337,50720
206850,39186
206850,63418
209094,50720
162795,33534
155043,63418
155043,39186
167256,39186
167256,63418
217293,124
198573,32496
211632,16358
179700,54096
203445,1372
203445,10808
194883,3382
206673,63418
206673,39186
232068,63418
232068,39186
234864,3382
224631,39186
224631,63418
157854,32496
229977,62274
229977,59396
154485,63186
162843,63186
154485,42132
162843,42132
165717,50274
204774,62274
204774,59396
65577,62274
65577,59396
186327,50720
187386,62074
128334,39186
128334,63418
173667,3382
66879,48298
249159,35846
182292,39186
182292,63418
234093,16358
210393,16358
205815,32496
206304,62274
206304,59396
215112,32496
187962,3382
236226,59394
186882,50720
154434,124
160029,3382
154119,59394
228729,16358
246150,42132
246150,63186
203727,33534
230286,39186
230286,63418
234864,39186
234864,63418
167316,54096
199854,50720
203775,1372
203775,10808
61344,48298
228753,63418
228753,39186
182292,59394
156225,50720
250275,3382
206988,3382
129204,16358
208206,50720
229737,50720
163101,3382
253671,3382
208092,124
154560,62274
154560,59396
198801,3382
247029,50720
248550,10808
248550,1372
183363,60
189009,48298
180195,3382
250749,3382
249216,3382
253506,3382
206838,3382
206928,3382
203073,54096
154803,39186
154803,63418
164457,63186
164457,42132
183366,63418
183366,39186
206364,57804
72645,62274
72645,59396
62817,32496
188331,32496
242610,59394
242130,56696
242130,35732
186987,59396
186987,62274
154698,42132
154698,63186
203811,59394
198552,50274
207105,59394
208788,124
223782,54096
180495,3382
187650,50720
153813,63186
153813,42132
238611,10808
203082,10808
238611,1372
203082,1372
246858,62074
250947,124
186177,61280
220728,32496
198945,63418
198945,39186
163251,63186
163251,42132
179700,50720
220728,33534
246963,48298
155055,62274
155055,59396
246858,57414
198981,32496
154698,62074
154032,39186
154032,63418
181593,33534
206847,39186
206847,63418
232404,3382
61824,63418
61824,39186
89013,32496
237804,33534
207219,50274
207330,11490
188844,1370
188844,62376
249159,54096
164007,50720
220713,50274
234864,63186
234864,42132
237840,39186
237840,63418
209154,124
188700,50274
189009,3382
192942,3382
251643,39186
251643,63418
179853,124
187962,50720
212211,61280
203445,54096
172419,59394
181593,59394
227292,42132
227292,63186
207105,3382
223968,63418
223968,39186
242610,63418
242610,39186
154779,56696
154779,35732
224208,39186
224208,63418
65640,63418
65640,39186
235932,3382
210840,3382
233814,50274
172587,50720
176643,50720
210978,62274
210978,59396
88920,57804
128538,39186
128538,63418
225501,11490
71301,50720
128763,50274
154032,48298
198981,62274
198981,59396
96444,59394
218061,59394
205905,59394
249579,59394
162843,62274
162843,59396
154770,63418
154770,39186
171702,3382
230073,61348
232035,33534
153600,50720
186882,124
198945,3382
206868,50274
201741,54096
213102,32496
183468,62274
183468,59396
183213,11490
203166,50720
204774,50274
186177,32496
199854,39186
199854,63418
244287,11490
230286,3382
206349,3382
209799,33534
172419,50720
154665,50720
229536,57804
242151,50720
198882,50720
210954,32496
242856,50720
183363,59394
211524,53386
222204,63418
222204,39186
187806,51974
242412,124
208524,124
212571,124
180195,48298
153138,48298
204228,63186
204228,42132
203073,1372
203073,10808
198882,63418
242151,63418
242151,39186
198882,39186
237840,3382
216948,63418
216948,39186
212526,59396
212526,62274
201798,54096
244287,32496
241824,16358
213978,11490
230286,53386
216564,59394
241350,56696
241350,35732
174195,59394
211140,62074
67158,54096
220728,3382
248202,61348
157854,39186
157854,63418
128763,54096
67158,50274
247983,53386
157854,33534
250653,50720
227310,50720
197286,50720
248373,59394
156063,59396
156063,62274
59700,54096
197529,10808
197529,1372
153813,56696
153813,35732
224931,59394
245976,59396
245976,62274
158742,63186
158742,42132
183213,39186
183213,63418
203724,54096
240939,10808
240939,1372
59700,50274
195372,50720
188637,50720
177951,63186
177951,42132
233091,59396
233091,62274
65067,63186
65067,42132
214506,50720
153867,59396
153867,62274
188100,59394
237840,32496
217002,32496
180495,63418
180495,39186
229737,59396
229737,62274
66915,16358
210876,50274
165684,50274
212283,33534
153867,42132
153867,63186
72645,50274
234120,50274
203736,59394
68496,50274
163377,50720
234156,16358
61344,53386
228024,10808
228024,1372
233091,33534
210234,53386
212283,39186
212283,63418
173613,54096
231057,53386
154167,3382
211965,124
211473,50720
191247,50274
244278,50274
203445,59396
203445,62274
212442,53386
162795,39186
162795,63418
196302,16358
206856,16358
206868,39186
206868,63418
187707,57804
71301,59396
71301,62274
204480,33534
64365,124
221151,59394
203889,59394
250629,59394
229521,59394
205122,59394
192771,59394
59703,59394
205728,59394
210846,59394
251085,59394
158016,59394
66378,59394
203502,59394
199860,59394
195372,61280
199860,16358
205728,16358
203889,16358
192771,16358
158016,16358
203502,16358
250629,16358
66378,16358
229521,16358
210846,16358
251085,16358
59703,16358
221151,16358
205122,16358
66879,3382
226662,33534
180195,39186
180195,63418
204771,59394
88920,3382
216108,54096
153642,50720
209094,39186
209094,63418
232029,3382
248292,59396
248292,62274
236226,57804
194409,50720
211950,16358
187221,42132
187221,63186
207243,50720
163101,57804
128526,11490
206304,63186
206304,42132
165786,3382
65052,59396
65052,62274
228753,33534
195723,35846
210129,62274
210129,59396
205188,62274
205188,59396
198981,57804
154821,59396
154821,62274
210978,39186
210978,63418
203511,59394
166128,63418
166128,39186
251721,3382
208545,3382
201837,3382
248178,3382
253557,11490
232269,32496
173940,124
230010,3382
235932,50720
210840,50720
204093,50720
203511,33534
205722,50720
157416,50720
199854,33534
251169,124
162984,3382
227292,3382
212571,3382
208524,3382
242412,3382
166995,35846
252405,16358
228753,63186
228753,42132
153138,59396
153138,62274
209793,1372
209793,10808
211989,33534
224631,3382
154485,59396
154485,62274
237840,48298
207618,33534
183912,3382
208572,54096
221526,54096
210690,54096
183921,33534
248292,63418
248292,39186
213102,11490
225480,59394
208209,16358
212892,33534
187386,16358
206361,33534
250782,50720
228753,50274
197529,54096
221331,32496
226140,32496
153279,50274
248796,3382
212478,63418
212478,39186
183468,32496
208092,62074
241824,50720
198873,32496
247956,50720
160029,50720
183921,50720
237840,36720
252696,39186
252696,63418
65328,59396
65328,62274
203700,3382
64218,62274
64218,59396
222906,39186
222906,63418
224208,59394
238536,35732
238536,56696
154476,63186
154476,42132
198855,33534
213978,39186
213978,63418
207105,54290
196845,61280
214506,3382
195723,124
229536,61280
194424,34092
194424,56714
224931,33534
206670,50720
224526,3382
221247,3382
166437,39186
166437,63418
222906,59394
251121,62274
251121,59396
214998,57804
207597,33534
212478,59396
212478,62274
183366,3382
234156,50720
212748,59394
251619,59394
206481,59394
231459,50720
206349,50274
184698,42132
184698,63186
247260,51974
207600,59394
166995,124
224631,11490
199854,3382
224631,33534
181746,63418
181746,39186
183666,63418
183666,39186
183576,11490
205815,48298
242856,50274
153600,59396
153600,62274
178458,42132
178458,63186
230028,53386
230178,62274
230178,59396
248292,48298
217782,39186
217782,63418
248178,124
208545,124
251721,124
201837,124
231708,62274
231708,59396
207339,54290
252081,54290
60762,61280
183468,59394
204411,59396
204411,62274
250782,11490
204228,62274
204228,59396
206646,50720
206367,50720
210897,50720
72045,57804
223071,33534
171702,50274
210633,57804
162984,50720
183366,32496
183666,62274
183666,59396
128538,35846
177474,42132
177474,63186
155388,61280
72918,33534
163251,32496
192549,42132
192549,63186
214194,33534
224208,54290
174513,50274
248373,50720
250947,50720
232269,39186
232269,63418
233970,50274
231708,50720
241389,33534
238218,35846
244041,3382
203274,50720
203256,50720
203271,50720
212112,50720
196722,50720
220728,39186
220728,63418
248373,54096
190152,50274
187962,50274
163251,33534
232404,50720
227973,54096
212478,50720
211812,50274
177921,33534
224208,3382
248301,54096
200508,3382
208341,3382
203796,3382
65052,32496
210045,59396
210045,62274
187659,63418
187659,39186
206361,3382
207105,33534
25743,50274
162984,32496
188331,57804
198801,59396
198801,62274
206418,63418
206418,39186
191316,34092
191316,56714
166995,50720
189009,63186
189009,42132
68676,33534
248373,3382
128538,57804
184698,33534
209793,10652
216108,50274
187386,35732
187386,56696
156024,32496
203295,124
201564,124
203301,124
203706,124
154740,59396
154740,62274
222669,3382
205722,59396
205722,62274
157416,62274
157416,59396
232035,50720
167652,63418
167652,39186
66879,39186
66879,63418
88920,50720
62817,3382
72108,35846
206364,59396
206364,62274
246618,59394
210690,3382
221526,3382
208572,3382
154434,50720
244971,3382
206673,50720
154803,59396
154803,62274
194601,62274
194601,59396
235458,33534
203256,50274
171702,50720
154698,124
187806,48298
205815,63186
205815,42132
191256,59822
191256,1304
172503,39186
172503,63418
227310,124
201837,59396
248178,62274
201837,62274
248178,59396
208545,59396
208545,62274
251721,59396
251721,62274
248301,32496
212220,52620
176403,52620
224631,32496
220011,50720
244971,35846
155043,62274
155043,59396
129081,3382
128901,54096
222204,33534
235335,39186
235335,63418
209796,33534
213102,35846
206361,61280
65067,32496
247962,3382
209799,59394
178068,62274
178068,59396
208500,54096
128538,59394
194601,34092
194601,56714
183387,50274
237804,11490
155034,62376
155034,1370
203274,11490
203256,11490
196722,11490
203271,11490
212112,11490
166128,3382
211533,50720
187806,33534
211476,63418
211476,39186
181110,124
203295,3382
203301,3382
201564,3382
203706,3382
211947,16358
190152,39186
190152,63418
154698,16358
172503,63186
172503,42132
208872,16358
233970,54096
153756,63418
153756,39186
187659,48298
238263,3382
187386,124
203775,54096
205731,16358
209994,50720
207240,3382
249513,59394
166995,16358
164970,61280
172419,3382
197529,63186
197529,42132
245976,50720
244680,48298
175809,32496
187221,3382
69060,54096
203151,54096
209622,59394
249297,3382
238218,59396
238218,62274
62817,57804
235335,33534
211476,32496
210954,11490
161058,3382
184509,32496
246042,59394
199479,63186
199479,42132
174195,33534
154560,50720
154827,61280
154098,48298
204480,50720
128334,57804
213114,50274
227616,50274
205188,124
210129,124
72045,48298
173940,16358
165312,11262
238263,124
195723,62274
195723,59396
244092,62274
244092,59396
246054,3382
207219,35846
248292,32496
153642,63418
153642,39186
188196,63418
188196,39186
211632,50720
195507,3382
206481,39186
212748,63418
251619,39186
251619,63418
206481,63418
212748,39186
231708,63418
231708,39186
250782,32496
246150,59396
246150,62274
208500,124
179790,39186
179790,63418
198279,33534
234018,3382
234972,3382
187221,39186
187221,63418
228438,50274
183450,50274
206838,50720
249216,50720
253506,50720
250749,50720
206928,50720
183366,57804
222669,61348
206361,48298
212301,3382
209793,59396
209793,62274
251169,50274
220269,32496
207339,32496
252081,32496
253671,39186
253671,63418
72918,54096
211236,63418
211236,39186
244680,62274
244680,59396
236520,50274
198945,33534
209073,50720
230286,62274
230286,59396
246054,42132
246054,63186
208500,3382
72117,54290
205959,53386
189009,39186
189009,63418
204093,35846
243408,50720
65640,50274
203811,11490
232269,3382
225699,54096
207222,36720
173940,35846
164007,59396
164007,62274
162795,3382
198981,39186
198981,63418
234156,63186
234156,42132
207600,63418
207600,39186
129081,50274
206448,50720
207084,50720
238218,63418
238218,39186
208209,35846
245976,33534
165687,1370
165687,62376
244971,61280
205959,59396
205959,62274
212478,3382
195372,32496
210168,3382
61692,3382
211473,50274
188700,50720
165717,50720
198573,33534
211965,59394
206364,59394
204243,33534
249687,35846
186177,57804
212526,50720
249207,3382
154167,59394
211740,63418
211740,39186
204657,48298
188787,11490
153048,57804
252696,3382
154869,63418
154869,39186
253578,50720
212571,59394
208524,59394
242412,59394
249513,50720
251121,63186
251121,42132
229536,51974
155100,62274
155100,59396
173667,50274
61824,32496
175293,3382
222750,63186
222750,42132
214998,33534
184104,59396
184104,62274
155337,59396
155337,62274
175809,48298
165786,59394
180195,62274
180195,59396
188685,50720
172695,54096
253578,11490
155055,50720
238032,53386
68676,63418
68676,39186
155388,32496
206361,16358
187707,48298
246858,124
206988,50720
250275,50720
206625,50720
206433,50720
206637,50720
252210,16358
248205,62274
248205,59396
186177,3382
248205,33534
207243,59396
207243,62274
156024,39186
156024,63418
247548,32496
210678,33534
227115,33534
224169,3382
234864,48298
250947,59394
163251,62274
163251,59396
240939,10652
164661,32496
179853,35732
179853,56696
208872,59396
208872,62274
209793,42132
209793,63186
172419,61280
154041,42132
154041,63186
223518,62274
192159,62274
223518,59396
192159,59396
153792,39186
153792,63418
208092,42132
208092,63186
178458,39186
178458,63418
203328,33534
166002,33534
154758,59396
154758,62274
187875,32496
164337,63186
164337,42132
181110,42132
181110,63186
210678,124
227115,124
207618,3382
210129,3382
205188,3382
177951,50720
200508,124
61899,32496
209073,3382
251253,33534
226623,33534
249297,59396
249297,62274
241350,50720
66879,33534
175809,59394
250362,3382
211524,48298
202818,51316
167256,32496
231876,54290
183213,36720
72918,62274
72918,59396
188787,48298
209799,50720
206361,61348
158742,33534
206439,50274
206418,53386
227292,32496
251631,16358
208503,16358
242571,16358
209793,124
252480,54096
248796,59394
153048,63418
153048,39186
197286,124
250653,124
199479,39186
199479,63418
64272,62376
64272,1370
203775,42132
203775,63186
173940,11490
25743,63186
25743,42132
210876,50720
154821,3382
252405,124
153792,33534
225276,62274
225276,59396
203445,59394
206304,32496
154770,3382
175293,39186
175293,63418
207219,54096
184710,39186
184710,63418
160029,63418
160029,39186
246858,54096
254118,62376
254118,1370
235458,3382
154698,62274
154698,59396
181746,33534
211632,35846
244092,39186
244092,63418
161058,59396
161058,62274
238536,59394
193965,1370
193965,62376
155043,50720
208788,54096
153756,59396
153756,62274
72045,51974
157185,50274
208872,50274
203736,50720
179790,3382
241824,124
199854,61280
208209,124
209094,33534
210234,48298
230178,63418
230178,39186
231876,42132
231876,63186
224931,32496
241824,42132
241824,63186
203811,63418
203811,39186
154098,39186
154098,63418
60864,50274
224841,3382
247260,51316
211524,36720
205731,33534
206748,11490
207927,33534
246804,50720
175878,54096
60864,50720
205959,32496
162603,50274
234972,54096
234018,54096
244680,39186
244680,63418
253578,59396
253578,62274
244644,62376
244644,1370
206349,50720
206439,39186
206439,63418
235335,57804
154770,32496
128334,62274
128334,59396
155388,53386
204771,39186
204771,63418
155055,33534
244278,54096
251253,124
226623,124
154167,11490
165684,50720
224169,50274
189045,33534
71301,59394
234156,124
72045,33534
167316,42132
167316,63186
155100,39186
155100,63418
154434,54096
216822,61280
203295,54096
203706,54096
201564,54096
203301,54096
223968,59394
241350,59394
204144,63186
204144,42132
187962,63418
187962,39186
157398,50720
203829,59394
56871,50720
203820,59394
246804,63418
154551,63418
154551,39186
246804,39186
203796,39186
208341,63418
216822,63418
203796,63418
208341,39186
216822,39186
217380,59396
203259,59396
203439,62274
203259,62274
203439,59396
217380,62274
204375,3382
64218,63418
64218,39186
72561,50720
66879,63186
66879,42132
211740,50274
210234,36720
153402,32496
211236,33534
210045,42132
210045,63186
251643,59394
223554,33534
252774,33534
192549,10652
242412,63186
212571,42132
208524,42132
242412,42132
212571,63186
208524,63186
222759,50720
175809,3382
188961,32496
153999,3382
191256,56696
191256,35732
229977,59394
129204,33534
250977,39186
250977,63418
187221,62274
187221,59396
248301,57804
229536,33534
197034,59394
184509,59394
71301,54290
206418,32496
230028,11490
192549,124
238263,50720
186327,63186
186327,42132
242610,50720
204144,63418
164337,39186
164337,63418
204144,39186
72561,63418
72561,39186
251253,59396
251253,62274
226623,62274
226623,59396
72117,11490
209796,32496
247974,62274
204483,62274
204483,59396
247974,59396
247962,57804
207219,16358
157416,63418
205722,39186
205722,63418
157416,39186
211965,50720
238536,51316
154827,59394
195723,3382
198945,59394
230073,11490
88821,50274
165750,50274
247260,3382
241350,57804
235335,32496
203082,42132
238611,63186
238611,42132
203082,63186
163101,39186
163101,63418
198945,32496
154542,32496
25743,63418
25743,39186
249294,16358
186882,63186
186882,42132
153999,63186
153999,42132
236226,48298
222669,36720
220713,48298
203151,59396
69060,62274
69060,59396
203151,62274
232269,54290
197034,50274
226662,50720
72645,3382
231876,3382
183921,63418
183921,39186
211533,3382
234864,59394
211965,3382
253671,50720
183450,11490
249297,63186
249297,42132
183363,56696
183363,35732
212301,57804
192714,42132
192714,63186
198801,63418
198801,39186
227973,59396
227670,59396
227670,62274
227973,62274
238536,62074
195723,16358
206673,50274
157767,59396
157767,62274
212892,39186
212892,63418
243390,50720
232068,33534
246618,3382
153756,50720
209073,39186
209073,63418
166002,39186
166002,63418
232614,33534
187386,63186
187386,42132
65052,11490
194601,63186
194601,42132
60762,33534
252405,54096
66915,35846
250947,54096
235335,59394
223071,42132
223071,63186
203820,39186
203820,63418
187875,39186
187875,63418
246858,35846
180495,62274
180495,59396
184509,33534
198855,63418
198855,39186
195372,57804
153642,59396
153642,62274
206364,50720
183492,57804
204717,50720
204483,50720
247974,50720
236226,61280
233091,63418
233091,39186
198552,50720
233091,3382
241389,42132
241389,63186
192627,50720
61344,48980
206439,57804
252696,33534
195063,11262
250362,50274
65067,11490
61344,61348
191256,39186
191256,63418
250947,3382
155043,33534
158658,50274
206868,36720
188961,50274
212448,32496
163044,63418
163044,39186
200964,39186
200964,63418
198801,33534
204411,57804
222669,50720
181110,51316
217293,62274
217293,59396
234972,59396
234018,59396
234972,62274
234018,62274
188604,63418
188604,39186
153348,11262
187962,11490
209994,39186
209994,63418
246858,50274
184509,11490
212112,50274
203271,50274
203274,50274
196722,50274
244158,42132
244158,63186
248292,59394
207330,50720
154476,32496
248682,50274
251643,50720
224526,33534
68496,63418
68496,39186
200364,54096
247962,50720
230010,50274
248178,54096
251721,54096
208545,54096
201837,54096
229473,50274
154998,39186
154998,63418
248796,11490
179700,33534
203775,50720
249486,51974
242610,51316
203871,3382
204780,3382
246963,53386
128538,51316
183492,48298
220269,33534
204771,3382
233091,59394
203073,63186
203073,42132
157416,59394
205722,59394
195507,54096
225276,42132
225276,63186
154812,1370
154812,62376
183492,59394
227973,50720
69060,50720
203151,50720
227670,50720
153813,59394
211407,61348
198873,39186
198873,63418
211473,54096
67764,54096
164457,59396
164457,62274
179853,60
154542,33534
154542,59396
154542,62274
163377,63418
163377,39186
203511,39186
203511,63418
128901,16358
223968,33534
153048,33534
213114,50720
183387,42132
183387,63186
154098,62274
154098,59396
241389,39186
241389,63418
174195,32496
163251,39186
163251,63418
65313,62274
65313,59396
60864,11490
217782,61280
198855,3382
203700,61280
244173,59396
244173,62274
187221,32496
238032,36720
56871,39186
56871,63418
153138,33534
160029,42132
160029,63186
154560,39186
154560,63418
128334,59394
165786,57804
212448,48298
220713,3382
198534,3382
206361,36720
242610,33534
203259,11490
203439,11490
217380,11490
172587,63186
172587,42132
176643,42132
176643,63186
206496,39186
206496,63418
205905,11490
218061,11490
249579,11490
96444,11490
211812,33534
203214,50720
250782,63186
250782,42132
166437,32496
206349,39186
206349,63418
189045,48298
210171,63186
210171,42132
246618,42132
246618,63186
188961,3382
247986,59396
247986,62274
248013,50720
206304,33534
209799,61280
205815,63418
205815,39186
211965,54096
243408,62274
243408,59396
249687,54096
210978,59394
202818,59394
64959,39186
64959,63418
188343,50720
207096,3382
196311,3382
154551,50720
166437,33534
204480,59394
198279,61280
252480,50720
183366,61280
207240,50274
250653,59394
227310,59394
197286,59394
209799,3382
183912,39186
183912,63418
204717,59394
163101,59394
203724,61280
191247,50720
203724,50720
203736,32496
65052,33534
207396,63418
207396,39186
247029,11490
211641,63418
206514,39186
206412,63418
206763,63418
211641,39186
206412,39186
206763,39186
206484,63418
206484,39186
206514,63418
173613,50274
227295,63418
227295,39186
212430,63418
212430,39186
200964,1372
200964,10808
198855,62274
198855,59396
249486,57804
202818,59822
202818,1304
248013,59394
212283,32496
183576,54096
232614,63418
232614,39186
198981,61280
183468,11490
203328,16358
184950,50274
249486,63418
249486,39186
222750,62274
222750,59396
223782,50274
153792,50720
183387,39186
183387,63418
246042,56696
246042,35732
209094,3382
203166,59394
204657,59394
244005,42132
244005,63186
226140,57804
204411,3382
183912,42132
183912,63186
177951,62274
177951,59396
207597,62274
207597,59396
183363,50720
193965,34092
193965,56714
248796,32496
225699,63418
225699,39186
72930,57804
188343,33534
189045,59394
164970,59396
164970,62274
253671,59396
253671,62274
205188,54096
210129,54096
154098,53386
56871,33534
230331,50720
236775,50720
176577,63418
176577,39186
205812,42132
205812,63186
188100,61280
197529,50720
205815,33534
153792,62274
153792,59396
207219,39186
207219,63418
252696,50720
224526,50720
232269,61348
192300,33534
129135,33534
211533,32496
154476,39186
154476,63418
186378,50274
211386,50274
207600,3382
65052,3382
235458,62274
235458,59396
61899,57804
186987,63418
186987,39186
249513,63186
249513,42132
217494,50720
89013,33534
231663,50274
161058,59394
183363,63418
183363,39186
219048,59396
219048,62274
244680,32496
154779,59394
179700,42132
179700,63186
183912,50720
163377,62274
163377,59396
194883,48298
244005,59396
244005,62274
247983,32496
208554,16358
240939,59394
209793,59394
154167,48298
183912,33534
207339,61348
252081,61348
209793,3382
208788,39186
208788,63418
233814,3382
226662,50274
210978,50720
207396,32496
158742,59396
158742,62274
247029,62274
247029,59396
246618,124
209622,11490
232035,39186
232035,63418
221526,124
210690,124
208572,124
222759,59394
128604,33534
208206,59394
72645,39186
72645,63418
174513,39186
174513,63418
60762,53386
186378,50720
211386,50720
88821,11490
165750,11490
194883,11490
227115,3382
210678,3382
251121,3382
251967,53386
64218,50720
206670,63418
206670,39186
231459,62274
231459,59396
157854,53386
206850,50274
162603,33534
251619,3382
212748,3382
206481,3382
230028,48298
238032,48298
154032,53386
207927,59394
188196,33534
249930,32496
189045,57804
230286,32496
187734,50274
188730,50274
154869,62274
154869,59396
246150,33534
234018,42132
234972,63186
234972,42132
234018,63186
247548,42132
247548,63186
251121,33534
248796,42132
248796,63186
206646,63418
206367,39186
206367,63418
210897,39186
206646,39186
210897,63418
246804,59396
246804,62274
206496,50274
190152,36720
206964,59394
206772,59394
128763,63418
128763,39186
210171,39186
210171,63418
178068,42132
178068,63186
183387,33534
203871,63418
204780,63418
203871,39186
204780,39186
153756,59394
155100,33534
204093,54096
198279,39186
198279,63418
209154,33534
68676,3382
178068,32496
211950,62274
211950,59396
198573,51974
246054,63418
246054,39186
164007,39186
164007,63418
65640,3382
183666,32496
252405,35846
207618,59396
207618,62274
210045,33534
184950,54096
249687,50720
214506,42132
214506,63186
177474,3382
211812,39186
211812,63418
231057,32496
188196,62274
188196,59396
209622,50720
238032,11490
192549,59394
210000,62274
210000,59396
230028,36720
198801,59394
187650,63418
187650,39186
156063,42132
156063,63186
206367,50274
210897,50274
206646,50274
247983,48298
223554,59394
252774,59394
227115,54096
210678,54096
89013,48298
248373,63418
248373,39186
248205,3382
222759,57804
190152,57804
206868,57804
203259,59394
203439,59394
217380,59394
165726,3382
65067,63418
65067,39186
228024,62274
228024,59396
240912,62274
240912,59396
172695,50274
224931,11490
252210,33534
246042,62074
157185,3382
252696,59396
224526,59396
224526,62274
252696,62274
156024,11490
179700,62274
179700,59396
208566,16358
161787,59396
161787,62274
244680,59394
184104,39186
184104,63418
155337,63418
155337,39186
210120,59394
65313,39186
65313,63418
248301,59394
212526,59394
238536,35846
249297,33534
204243,59394
244173,33534
155100,50720
245154,63418
245154,39186
72930,11490
204717,50274
207618,32496
187962,59394
206748,48980
204189,56714
204189,34092
228753,3382
246150,32496
207396,3382
198792,35846
198573,11490
166437,3382
207243,3382
217293,54096
227310,54096
253191,50720
242610,3382
221526,59394
210690,59394
208572,59394
157398,63418
157398,39186
247548,33534
224208,53386
163578,57804
200364,50720
241824,57804
212442,32496
154770,59396
154770,62274
210978,57804
244971,50720
242610,51974
155388,51974
249486,62274
249486,59396
244173,39186
244173,63418
210171,50274
172695,32496
177921,59394
154119,3382
173940,32496
226140,33534
195723,39186
195723,63418
244971,60
238068,50720
166599,50720
245154,33534
128334,48298
216564,60
247962,36720
206964,50720
206772,50720
188100,54290
63876,50720
195507,124
203214,59394
72918,50720
204780,59394
203871,59394
250782,62274
250782,59396
154698,36720
153402,63186
153402,42132
153600,3382
206868,62274
206868,59396
210978,51974
194409,32496
161787,39186
161787,63418
217380,3382
203259,3382
203439,3382
128334,32496
241350,35846
188685,62274
188685,59396
210627,32496
65637,62376
65637,1370
180495,61280
249579,50274
96444,50274
205905,50274
218061,50274
60762,63418
60762,39186
214998,3382
204411,33534
154032,11490
247260,48298
231459,39186
231459,63418
154770,33534
154779,51316
206856,3382
196302,3382
207330,39186
207330,63418
216108,39186
216108,63418
182292,32496
249297,39186
249297,63418
174513,32496
201741,32496
154119,61280
203796,32496
208341,32496
154869,33534
228729,54096
232035,42132
232035,63186
222906,11490
217782,51974
183363,35846
211812,3382
245976,39186
245976,63418
207219,57804
208758,35846
219231,35846
188637,39186
188637,63418
65067,59396
65067,62274
229977,32496
172503,50274
187806,11490
209094,62274
209094,59396
210690,42132
221526,63186
208572,63186
210690,63186
221526,42132
208572,42132
67158,33534
199479,33534
227670,11490
187875,48298
175293,59396
175293,62274
162795,32496
157224,50274
212211,11490
153813,51316
248292,3382
67764,32496
187875,59394
232269,48298
155388,11490
200364,63186
200364,42132
253578,3382
244173,3382
210120,33534
198279,32496
64959,61280
244005,32496
154665,3382
253683,54096
249159,16358
222750,33534
154758,59394
207084,50274
206448,50274
195723,54096
217782,32496
167256,59394
156225,59396
156225,62274
191256,62074
160770,50720
161787,32496
165786,53386
225501,61348
181746,59394
209994,62274
209994,59396
176577,3382
180195,53386
229977,61280
249216,39186
206838,39186
250749,63418
249216,63418
253506,63418
253506,39186
206838,63418
206928,63418
206928,39186
250749,39186
171702,59396
171702,62274
153402,33534
210000,39186
210000,63418
189009,59396
189009,62274
188637,32496
164541,62376
164541,1370
199479,32496
232614,32496
171702,11490
208788,59394
224208,33534
181110,50720
153138,63418
153138,39186
164457,32496
154032,59394
192300,59394
208788,3382
203259,50720
203439,50720
217380,50720
253191,16358
153669,62376
153669,1370
177474,33534
183492,33534
65328,59394
241389,3382
154551,62274
154551,59396
154041,50274
192618,11490
153999,63418
153999,39186
207105,50720
207105,48298
212430,3382
227295,3382
166995,54096
153999,32496
211524,11490
207084,63418
206448,39186
206448,63418
207084,39186
182292,11490
206637,50274
206625,50274
206433,50274
222159,1370
222159,62376
195372,51974
253335,50720
163101,62274
163101,59396
160029,33534
246858,33534
174195,11490
203727,3382
244041,39186
244041,63418
154119,32496
197529,59396
197529,62274
235458,32496
157767,3382
212478,61280
211989,3382
153048,62274
153048,59396
232404,50274
248682,3382
244680,3382
157767,39186
157767,63418
204483,63418
247974,39186
204483,39186
247974,63418
176643,50274
172587,50274
183366,51974
221331,57804
242439,50720
153279,63418
153279,39186
227616,50720
210627,59394
236226,33534
175878,33534
249687,42132
249687,63186
250275,50274
206988,50274
183450,3382
244680,11490
187875,11490
192159,50720
223518,50720
208554,33534
207144,50720
206811,50720
206406,50720
197286,54096
250653,54096
188787,57804
198792,124
205122,3382
203889,3382
192771,3382
158016,3382
59703,3382
229521,3382
250629,3382
221151,3382
251085,3382
66378,3382
199860,3382
205728,3382
210846,3382
203502,3382
181110,59394
198534,32496
206856,57804
196302,57804
253557,61348
244005,11490
219048,63418
219048,39186
249687,16358
183492,51974
217782,3382
154434,59396
154434,62274
210234,11490
206637,63418
206625,39186
206625,63418
206637,39186
206433,63418
206433,39186
249855,11262
253578,63418
253578,39186
211476,33534
242610,54290
64218,59394
153999,33534
60762,32496
154098,3382
206856,50274
196302,50274
242856,59394
155043,59394
204243,32496
208092,63418
208092,39186
236775,35846
230331,35846
207927,57804
214194,50274
183366,48298
188604,59396
188604,62274
216564,50720
154779,50720
186327,62274
186327,59396
183921,62274
183921,59396
207465,11262
253578,32496
129081,32496
224631,59394
188637,50274
211476,57804
165786,32496
221247,48298
72930,48298
203736,3382
230286,59394
180495,50720
195507,59394
208812,35846
220713,59394
204774,59394
165717,32496
188700,32496
183912,59394
238263,63418
238263,39186
232068,3382
162795,57804
194601,59394
183387,3382
191256,57804
71301,51974
183468,61280
160770,16358
196311,50274
207096,50274
188100,32496
72108,50720
61824,61280
64365,54096
167652,50720
198792,16358
216948,32496
211236,62274
211236,59396
246963,11490
249513,63418
249513,39186
232029,50720
158742,63418
158742,39186
187707,51974
248205,32496
238218,3382
187734,63418
188730,63418
188730,39186
187734,39186
219420,62376
219420,1370
242130,50720
247029,59394
248550,63186
248550,42132
234120,57804
208341,61280
203796,61280
252405,63418
252405,39186
214506,59396
214506,62274
188787,33534
247956,62274
247956,59396
167652,50274
250434,42132
250434,63186
243408,59394
201798,50720
253578,42132
253578,63186
162603,3382
233970,63418
233970,39186
190152,62274
190152,59396
210633,54290
212283,59394
129204,3382
208500,63186
208500,42132
66879,62274
66879,59396
72645,59394
72117,48298
230073,54290
220728,61280
88920,61280
211407,32496
210171,33534
204771,11490
157398,33534
183450,63418
183450,39186
67335,3382
206418,48298
201741,63418
201741,39186
188961,39186
188961,63418
128334,11490
221247,32496
250947,33534
194409,11490
156024,33534
183450,63186
183450,42132
209994,3382
154167,61280
212430,33534
227295,33534
205815,57804
211632,3382
154665,36720
175809,61280
220728,53386
189045,32496
204657,32496
198855,32496
203829,63418
203829,39186
192942,50720
203328,3382
232404,39186
232404,63418
207600,11490
223554,16358
252774,16358
203820,61280
206304,39186
206304,63418
225480,11490
210876,32496
251169,3382
186327,3382
154698,50720
156024,59394
253191,35846
211950,124
65577,48298
206799,57804
177474,39186
177474,63418
187962,32496
239577,32496
191256,59394
171702,32496
67335,63418
67335,39186
171702,59394
178458,61280
234156,50274
71301,32496
156063,33534
233091,32496
153048,32496
167256,33534
203511,61280
224841,50720
192714,50720
227310,3382
250653,3382
197286,3382
209073,32496
236520,42132
236520,63186
179700,32496
163101,50720
71301,61280
153867,3382
207219,32496
230178,61280
207927,3382
211533,39186
211533,63418
210171,32496
198945,11490
242571,33534
251631,33534
208503,33534
253335,54096
72918,63186
72918,42132
242856,39186
242856,63418
204189,1370
204189,62376
157224,42132
157224,63186
154998,50720
128604,32496
203073,3382
154032,57804
186378,11490
211386,11490
219420,11262
248373,33534
208053,3382
207240,32496
253191,124
250947,39186
250947,63418
62817,48298
210120,32496
197034,50720
139272,50274
154821,32496
253671,42132
253671,63186
234120,63186
234120,42132
207222,61348
207600,61280
253335,50274
238263,54096
165726,59396
165726,62274
206799,3382
165726,51316
68676,62274
68676,59396
253683,3382
227310,63418
227310,39186
209622,3382
248292,11490
154698,56696
154698,35732
220713,59396
220713,62274
198792,50720
203820,3382
187707,33534
188343,62274
188343,59396
207465,1370
207465,62376
165684,32496
251643,32496
183666,33534
245976,59394
229473,63186
229473,42132
179790,32496
206481,57804
212748,57804
251619,57804
153138,57804
186987,3382
213102,63186
213102,42132
188961,42132
188961,63186
154434,32496
242232,59394
238827,59394
206955,59394
65313,33534
228438,39186
228438,63418
129204,124
223728,35846
225480,61280
223968,61280
163101,53386
212301,59394
153888,11262
247548,59396
247548,62274
206964,57804
206772,57804
203775,59396
203775,62274
198801,57804
206361,39186
206361,63418
89013,59394
250362,39186
250362,63418
247956,39186
247956,63418
206763,3382
206412,3382
206484,3382
206514,3382
211641,3382
208053,59394
234156,63418
234156,39186
140277,3382
164970,32496
204093,50274
188196,32496
154041,63418
154041,39186
216564,56696
216564,35732
246054,32496
241824,50274
208758,54096
219231,54096
231663,50720
234120,50720
162984,62274
162984,59396
194601,3382
153600,32496
240912,11490
208206,33534
65577,59394
212892,3382
248796,50720
187962,59396
187962,62274
241389,32496
203700,11490
234120,54096
210954,33534
229812,35846
206439,62274
206439,59396
231663,42132
231663,63186
230178,50720
158658,32496
222759,62274
222759,59396
204771,61280
210690,63418
208572,63418
221526,63418
221526,39186
208572,39186
210690,39186
153867,63418
153867,39186
206850,3382
154542,3382
66915,32496
251643,62274
251643,59396
221331,33534
249159,42132
249159,63186
247260,32496
186177,48298
180495,59394
229812,50274
163251,57804
253464,11262
220170,56714
192768,56714
192768,34092
238377,34092
220170,34092
238377,56714
232068,61280
207144,50274
206406,50274
206811,50274
187875,61280
207240,50720
236226,51974
196311,50720
207096,50720
205812,63418
205812,39186
249294,59394
156225,63418
156225,39186
248205,61280
242130,35846
214194,39186
214194,63418
211989,124
154821,33534
61824,11490
198552,32496
179790,57804
157185,42132
157185,63186
72561,59394
203736,50274
212283,3382
216108,32496
206928,50274
249216,50274
250749,50274
206838,50274
253506,50274
233814,51974
68676,32496
217002,54096
153138,63186
153138,42132
210120,3382
192942,50274
165717,3382
188700,3382
197034,11490
187650,59396
187650,62274
232068,32496
200508,54096
211476,61280
183921,59394
153642,3382
239577,50274
199854,32496
221247,51974
211965,39186
211965,63418
161058,63418
161058,39186
198534,61280
153867,59394
166995,50274
231663,54096
154758,50720
183492,61280
253671,33534
246042,60
157185,63418
157185,39186
187875,3382
204774,63418
204774,39186
72645,32496
212301,59396
212301,62274
249930,50274
251967,48298
88920,32496
248796,63418
248796,39186
238068,16358
166599,16358
237840,54290
183492,11490
72918,3382
233970,32496
217293,33534
186882,32496
206670,50274
222750,50720
232029,32496
165786,61280
207243,32496
209793,16358
244278,39186
244278,63418
129135,59394
153048,48298
225480,39186
225480,63418
203727,124
67335,33534
202818,56696
202818,35732
140277,59396
140277,62274
187650,3382
206364,32496
250782,63418
250782,39186
246054,48298
227670,59394
180195,59394
206418,36720
67335,59396
67335,62274
225699,50274
242232,50720
238827,50720
206955,50720
62817,33534
225480,3382
69060,11490
227973,11490
203151,11490
153279,3382
153756,48298
66915,3382
206988,63418
250275,39186
206988,39186
250275,63418
212478,32496
210954,59394
246150,63418
246150,39186
72918,63418
72918,39186
216564,63418
216564,39186
65640,32496
183450,32496
204780,32496
203871,32496
203073,50720
244005,33534
242130,39186
242130,63418
236226,11490
187386,59394
241824,39186
241824,63418
167514,1370
167514,62376
189009,57804
181593,57804
199044,56714
199044,34092
243408,11490
164661,63418
164661,39186
208758,39186
219231,63418
208758,63418
219231,39186
88920,51974
192627,62274
192627,59396
217782,48298
154560,59394
208206,32496
227670,3382
242610,48298
161787,33534
208872,124
157416,11490
205722,11490
128763,57804
209073,59396
209073,62274
207597,3382
65637,11262
181593,61280
68496,32496
154827,32496
207597,32496
188700,63418
188700,39186
165717,63418
165717,39186
202818,35846
154032,32496
153813,50720
210876,3382
165684,3382
243390,32496
173667,32496
153600,59394
188685,39186
188685,63418
154758,56696
154758,35732
154998,35846
188730,32496
187734,32496
209799,32496
222669,48298
197286,39186
250653,63418
197286,63418
250653,39186
248205,59394
188100,51974
234864,57804
213102,39186
213102,63418
223782,32496
201798,62274
201798,59396
248550,54096
209793,33534
230178,3382
220728,36720
224208,61280
163578,3382
208206,3382
154740,59394
249159,124
166599,35846
238068,35846
184698,32496
248373,42132
248373,63186
154098,59394
128901,32496
209793,54290
220269,11490
198573,57804
203829,3382
173940,50274
203166,63418
203166,39186
203277,50720
244278,32496
183450,33534
210633,11490
64959,3382
139272,3382
165312,56714
165312,34092
66879,57804
204411,32496
209154,54096
179853,50720
232035,61280
235335,48298
234093,124
210393,124
172419,32496
203256,3382
249207,50720
166128,32496
154698,60
203277,59394
246054,33534
242130,36720
210393,3382
234093,3382
153813,35846
180495,48298
242130,59394
212892,59394
250977,62274
250977,59396
251967,11490
163578,61280
163578,59394
129204,54096
154434,63186
154434,42132
230286,61280
155055,59394
164457,33534
204243,11490
205815,62274
205815,59396
184950,63186
184950,42132
247029,57804
154821,61280
226662,54096
65328,3382
164970,59394
194424,1370
194424,62376
242130,57804
205959,59394
204774,3382
232269,61280
234120,62274
234120,59396
191247,32496
181110,56696
181110,35732
164970,57804
238263,61280
224208,51974
181746,3382
228729,32496
228024,16358
210000,33534
204228,33534
128901,11490
206364,63418
206364,39186
224208,32496
208092,59394
204657,3382
203277,50274
233814,39186
233814,63418
163101,32496
207396,62274
207396,59396
154698,63418
154698,39186
184698,63418
184698,39186
250434,3382
221247,61280
252210,3382
196845,11490
163101,61280
208566,33534
198792,50274
64218,51974
187224,54096
96444,39186
249579,39186
218061,63418
205905,63418
96444,63418
205905,39186
218061,39186
203736,63418
249579,63418
203736,39186
207243,59394
198801,61280
186177,33534
187386,50720
192549,50720
165750,50720
88821,50720
228024,39186
228024,63418
174513,42132
174513,63186
189045,3382
65577,3382
208449,11262
253683,33534
247986,50720
177474,32496
163101,51974
223968,11490
175809,11490
246618,61280
222759,61280
211533,61280
236520,50720
248013,11490
205731,3382
250434,63418
250434,39186
154542,11490
192549,57804
177921,3382
222750,39186
222750,63418
140277,50720
161208,42132
161208,63186
157398,32496
173613,32496
203511,3382
178068,39186
178068,63418
251121,50720
248013,50274
189045,61280
167316,50720
253683,50720
223071,39186
223071,63418
183912,32496
198981,33534
209622,32496
210978,3382
231663,59396
231663,62274
154485,39186
154485,63418
162843,63418
162843,39186
192300,3382
129135,3382
192627,63418
192627,39186
194883,51974
153402,62274
153402,59396
208524,39186
212571,63418
242412,39186
212571,39186
242412,63418
208524,63418
203811,3382
206772,61280
206964,61280
230178,33534
163251,48298
209622,39186
209622,63418
161058,61280
158610,11262
253677,11262
227292,33534
197529,3382
183921,11490
160770,3382
166002,3382
165726,50720
200364,50274
211965,33534
229977,54290
154098,32496
206868,59394
160770,124
203274,3382
203271,3382
212112,3382
196722,3382
158658,63418
158658,39186
208209,54096
211140,61280
188637,63186
188637,42132
246858,61280
240912,59394
65577,32496
163578,32496
251121,63418
251121,39186
209094,32496
192618,50720
247962,61280
206439,32496
165312,1304
165312,59822
206364,61348
205722,3382
157416,3382
154476,33534
172503,32496
237840,11490
216564,35846
187221,57804
249687,124
211140,63418
211140,39186
244005,39186
244005,63418
217002,11490
204375,50720
243408,48298
199044,62376
199044,1370
217002,50274
233091,61280
207927,32496
228438,32496
177951,63418
177951,39186
154740,32496
249294,33534
184950,63418
184950,39186
237804,3382
192618,50274
214194,42132
214194,63186
153867,33534
210840,50274
235932,50274
213513,50274
247029,3382
211140,50720
203724,42132
203724,63186
224841,63418
224841,39186
247029,39186
247029,63418
222204,59394
229737,59394
232614,62274
232614,59396
244680,61280
243390,59394
246042,39186
246042,63418
253335,42132
253335,63186
162843,33534
211740,3382
154434,33534
250434,32496
163044,3382
65328,61280
155055,32496
154032,61280
211947,124
67764,39186
67764,63418
217494,63418
217494,39186
240939,63186
240939,42132
244041,50720
157224,63418
157224,39186
89013,3382
244158,59396
244158,62274
153756,3382
191256,50720
128763,32496
154998,59394
195507,63186
195507,42132
222204,32496
187221,61280
213102,59396
213102,62274
205731,124
212301,50720
247029,32496
206361,50720
242856,33534
181593,48298
164457,61280
238068,124
166599,124
251643,61280
61899,33534
225276,32496
245154,3382
192714,3382
241350,3382
210393,50274
234093,50274
156063,39186
156063,63418
153888,1370
153888,62376
223968,54290
188331,33534
217536,56714
217536,34092
203829,11490
206847,3382
154827,33534
209154,62274
209154,59396
188637,33534
179853,57804
207105,61348
25743,50720
226662,42132
226662,63186
231876,61280
176643,39186
172587,39186
172587,63418
176643,63418
187221,33534
204228,63418
204228,39186
203214,39186
203214,63418
163578,33534
200508,50720
154827,3382
162795,48298
181101,3382
249486,59394
204144,32496
164337,32496
207927,48298
243390,48298
226662,57804
198792,54096
247548,39186
247548,63418
212748,50720
206481,50720
251619,50720
203166,3382
207927,61280
208500,59394
206847,50720
214998,32496
234864,61280
227292,59396
227292,62274
231876,61348
203511,11490
222759,51974
199479,48298
187659,51974
65328,32496
71301,11490
249207,32496
208545,42132
201837,42132
251721,42132
248178,63186
201837,63186
248178,42132
208545,63186
251721,63186
187875,57804
206496,3382
209154,42132
209154,63186
204657,57804
242412,61280
208524,61280
212571,61280
204411,59394
153279,33534
200508,63186
200508,42132
223782,39186
223782,63418
153348,1370
153348,62376
242856,3382
160029,61280
208788,63186
208788,42132
187221,48298
198855,59394
244158,63418
244158,39186
176577,32496
190152,32496
206868,32496
154476,59394
203724,63418
203724,39186
203301,59394
203706,59394
203295,59394
201564,59394
67371,62376
67371,1370
219048,59394
167514,11262
204411,61280
153279,32496
212478,33534
184710,3382
166995,32496
234018,39186
234018,63418
234972,63418
234972,39186
250362,61280
198801,32496
153642,59394
182292,3382
72108,50274
198981,51974
206964,51974
206772,51974
206964,59396
206772,62274
206772,59396
206964,62274
205812,3382
204657,61280
205722,32496
157416,32496
251643,11490
203871,11490
204780,11490
227115,42132
210678,42132
210678,63186
227115,63186
220713,57804
204717,11490
206361,32496
228753,32496
203775,3382
192300,11490
129135,11490
88920,53386
248550,50720
154770,59394
153048,59394
154803,59394
253683,39186
253683,63418
210840,63418
235932,39186
235932,63418
210840,39186
154698,59394
56871,62274
56871,59396
211947,54096
244173,32496
63876,32496
179853,59394
128538,3382
180195,32496
162603,42132
162603,63186
167652,33534
201798,3382
225699,3382
194424,11262
154506,11262
217002,35846
153867,32496
235335,61280
209793,48298
228729,63418
228729,39186
216948,62274
216948,59396
246042,50720
246618,63418
246618,39186
207597,59394
154098,11490
196455,16358
189009,59394
183366,51316
154869,59394
245976,61280
252210,124
206361,53386
248301,39186
248301,63418
154485,33534
209094,59394
162960,11262
211236,3382
225276,59394
153642,57804
154758,60
183576,63418
183576,39186
199479,3382
96444,3382
205905,3382
249579,3382
218061,3382
241824,3382
64365,62274
64365,59396
251643,57804
251169,62274
251169,59396
216948,48298
63876,57804
187806,54290
203445,50274
211740,57804
197529,59394
163377,3382
220011,16358
203700,32496
196845,32496
183666,59394
211476,51974
231876,63418
231876,39186
192549,60
165687,11262
210045,39186
210045,63418
204375,32496
157854,61348
226140,51974
248292,61280
203151,59394
227973,59394
69060,59394
154740,33534
208053,61280
231663,57804
197286,33534
250653,33534
229812,50720
242439,59396
242439,62274
243408,57804
175293,32496
208503,124
251631,124
242571,124
153402,63418
153402,39186
89013,11490
190152,59394
203328,124
195063,62376
195063,1370
59700,63418
59700,39186
61899,51974
245976,3382
211140,35846
249930,35846
203445,11490
161208,63418
161208,39186
214194,3382
183363,61280
228024,124
164970,48298
154779,35846
216564,61280
128334,61280
140277,50274
65067,33534
161787,59394
203811,61280
72645,61280
227973,3382
211632,63418
211632,39186
208053,32496
207105,61280
187659,33534
204717,39186
204717,63418
160770,50274
229473,63418
229473,39186
72561,33534
128538,48298
251643,51974
185817,11262
235335,51974
162984,48298
181746,48298
248013,39186
248013,63418
192714,50274
198792,32496
64218,48298
250947,63186
250947,42132
67158,3382
244158,33534
65328,33534
211947,33534
188685,59394
251253,54096
226623,54096
157398,59396
157398,62274
203274,63418
203274,39186
183576,3382
207396,11490
204771,32496
248682,50720
154740,61280
204774,61280
64218,3382
172695,39186
172695,63418
226140,11490
253683,50274
176577,59396
176577,62274
155043,61280
157398,3382
222669,53386
245631,59396
245631,62274
72930,51974
203295,42132
201564,42132
201564,63186
203706,63186
203706,42132
203301,63186
203301,42132
203295,63186
155388,57804
154119,11490
204480,61280
128604,59396
128604,62274
164970,53386
184950,3382
245154,32496
185817,1370
185817,62376
251643,53386
209184,11262
249222,11262
162984,59394
200508,59394
176403,48980
212220,48980
238218,59394
179700,39186
179700,63418
225276,3382
154803,61280
245631,3382
188961,33534
153048,61280
192300,48298
214194,32496
209796,11490
237195,1370
237195,62376
206349,51974
67158,63186
67158,42132
206847,32496
205731,54096
247260,60
64218,57804
203082,50274
238611,50274
251169,54096
222204,3382
241350,51316
251643,48298
216948,61280
206670,51974
59700,42132
59700,63186
210978,61280
242232,57804
238827,57804
206955,57804
214506,33534
153867,57804
173613,39186
173613,63418
212283,61280
247956,3382
194409,59396
194409,62274
209073,59394
203796,51974
208341,51974
223728,50720
240939,35846
203214,11490
154119,48298
199479,57804
198945,61280
245631,33534
248373,61280
203166,61280
220011,11490
201798,50274
249159,39186
249159,63418
183921,61280
224169,32496
211812,32496
212430,32496
227295,32496
153669,34092
153669,56714
250782,33534
203871,61280
204780,61280
162603,32496
247986,63418
247986,39186
154770,61280
198552,63418
198552,39186
154560,33534
244092,59394
167514,56714
167514,34092
242610,61280
69060,3382
203151,3382
165786,51974
244680,57804
211950,3382
217293,50720
230010,59396
230010,62274
163377,59394
206364,54290
194409,59394
230010,50720
230286,11490
203214,50274
186327,32496
229473,32496
216564,3382
197529,11490
162984,11490
189009,51974
240939,51316
208758,62274
219231,62274
219231,59396
208758,59396
248682,32496
223071,3382
232029,62274
232029,59396
214506,63418
214506,39186
59700,32496
233814,59396
233814,62274
203811,32496
72645,11490
63876,62274
63876,59396
60762,11490
203280,56714
203280,34092
228024,35846
221247,33534
203727,54096
211989,54096
223968,61348
206418,48980
188604,3382
203775,59394
216108,3382
172419,57804
153600,48298
216822,51974
200964,50274
161208,32496
153600,57804
203082,62274
238611,62274
238611,59396
203082,59396
234864,51974
179790,48298
242610,60
225276,39186
225276,63418
203082,3382
238611,3382
154803,33534
64365,39186
64365,63418
211965,42132
211965,63186
208566,54096
188685,3382
246150,11490
250977,33534
192159,59394
223518,59394
238827,62274
238827,59396
206955,62274
242232,62274
206955,59396
242232,59396
207600,32496
213513,50720
225699,11490
212301,51974
175878,42132
175878,63186
157224,32496
60864,39186
60864,63418
233970,3382
227292,59394
249294,124
163377,57804
162984,57804
209994,61280
128901,63186
128901,42132
234120,48298
248706,11262
220713,32496
244866,56714
244866,34092
222159,11262
206439,11490
212892,61280
161058,32496
227616,51974
213114,51974
210171,3382
205959,11490
175878,39186
175878,63418
67158,39186
67158,63418
234156,3382
244041,32496
251967,48980
67335,32496
232614,57804
242439,39186
242439,63418
188343,59394
249297,50720
65637,1304
65637,59822
208566,3382
129081,61348
208092,50720
203796,61348
208341,61348
254118,11262
252210,54096
210627,33534
204774,32496
237804,61280
213513,59394
247029,48298
212283,11490
221247,51316
174513,3382
207105,63418
207105,39186
65313,32496
218121,11262
166995,63418
166995,39186
212112,63418
196722,39186
203256,39186
212112,39186
203271,39186
203271,63418
203256,63418
196722,63418
158658,42132
158658,63186
192627,3382
211947,3382
244173,59394
253191,39186
253191,63418
203820,11490
172503,3382
164007,32496
207105,53386
234093,39186
210393,63418
210393,39186
234093,63418
181101,59394
68676,59394
153756,61280
251631,3382
208503,3382
242571,3382
209796,51974
188331,51974
213114,59394
227616,59394
195723,32496
64959,33534
155100,59394
192771,124
158016,124
210846,124
66378,124
229521,124
199860,124
203502,124
59703,124
205728,124
205122,124
221151,124
251085,124
250629,124
203889,124
154509,59822
154509,1304
187224,32496
188604,32496
156024,3382
166437,59396
166437,62274
213513,32496
231708,59394
89013,61280
186882,33534
72108,3382
238827,61280
242232,61280
206955,61280
240912,32496
223518,3382
192159,3382
206673,51974
196302,63418
196302,39186
206856,39186
206856,63418
157854,11490
196311,32496
207096,32496
217293,63186
217293,42132
208503,54096
251631,54096
242571,54096
208053,11490
154758,35846
187650,59394
155043,3382
217782,36720
203073,50274
195372,11490
210129,63186
210129,42132
205188,63186
205188,42132
162603,63418
162603,39186
211407,53386
191247,63418
191247,39186
249930,54096
207243,48298
216948,57804
220713,50720
225699,63186
225699,42132
212211,51974
230331,54096
236775,54096
230091,1370
230091,62376
221331,51974
207243,57804
203511,32496
200364,3382
154803,3382
139272,50720
140277,59394
252480,32496
157767,32496
66915,63418
66915,39186
210678,39186
227115,63418
227115,39186
210678,63418
230178,59394
216822,61348
205959,61280
249930,11490
246858,42132
246858,63186
220011,54096
225480,32496
204483,33534
247974,33534
211740,59396
211740,62274
68496,63186
68496,42132
249930,124
211632,42132
211632,63186
231876,48298
180495,32496
207240,59396
207240,62274
154509,11262
65313,59394
204093,32496
252480,39186
252480,63418
244278,3382
224931,3382
128901,124
179853,63418
179853,39186
154779,39186
154779,63418
187221,59394
243408,32496
209622,61280
188604,59394
186327,61280
230178,32496
64365,32496
184509,3382
207618,59394
154803,32496
247260,54290
216564,57804
211524,48980
153138,59394
222759,32496
64218,32496
212430,59394
227295,59394
238218,63186
238218,42132
188637,3382
203445,3382
217380,50274
203259,50274
203439,50274
198855,61280
203775,11490
205122,61280
210846,61280
221151,61280
199860,61280
251085,61280
203889,61280
66378,61280
229521,61280
158016,61280
205728,61280
203502,61280
192771,61280
250629,61280
59703,61280
210876,63418
210876,39186
183912,61280
154665,57804
207156,11262
248202,52620
231459,32496
220011,35846
211407,48980
205812,33534
203166,11490
211236,32496
243408,3382
72117,61348
211641,50274
206763,50274
206412,50274
206484,50274
206514,50274
164007,59394
211950,50274
211476,11490
246054,57804
187734,63186
187734,42132
188730,42132
188730,63186
192159,50274
223518,50274
247974,59394
204483,59394
200508,63418
200508,39186
198873,59394
246804,33534
178818,59822
178818,1304
72108,16358
176577,11490
247986,32496
219048,3382
186378,39186
186378,63418
211386,63418
211386,39186
64959,51974
206670,11490
208092,35846
208794,35846
206799,59396
206799,62274
251121,59394
184950,50720
209994,32496
129135,48298
187962,61280
210234,48980
128604,57804
177951,33534
128334,51974
187659,11490
227310,33534
237195,56714
237195,34092
184698,62274
184698,59396
246042,57804
249294,50720
212301,48298
69060,50274
203151,50274
231459,59394
217494,59396
217494,62274
244041,11490
198855,57804
204774,11490
206868,11490
190152,11490
231876,50720
200964,124
230331,16358
236775,16358
173940,39186
173940,63418
220713,61280
209073,11490
216948,59394
239577,35846
165684,39186
165684,63418
154098,61280
172419,11490
162795,53386
232614,61280
153642,32496
204480,3382
203328,59394
203277,39186
203277,63418
195372,54290
62817,51974
140277,11490
244041,50274
165726,59394
183921,3382
153600,61280
207597,61280
197034,63418
197034,39186
229977,11490
211632,32496
173667,62274
173667,59396
234093,33534
210393,33534
223968,53386
211473,32496
187650,33534
227670,50274
227973,50274
207105,36720
243408,63418
243408,39186
203706,39186
203706,63418
201564,39186
203295,63418
201564,63418
203301,39186
203301,63418
203295,39186
154869,3382
211407,11490
211950,54096
128901,35846
249930,16358
163251,59394
253578,33534
208572,61280
221526,61280
210690,61280
154098,54290
65577,57804
229977,51974
206763,50720
206412,50720
211641,50720
206514,50720
206484,50720
230286,54290
60762,61348
238032,48980
243390,61280
198552,3382
227310,63186
227310,42132
208554,124
211407,61280
154506,1304
154506,59822
66915,42132
66915,63186
242232,51974
238827,51974
206955,51974
232269,36720
210000,59394
178458,57804
188730,33534
187734,33534
197529,50274
230028,48980
217293,39186
217293,63418
204093,11490
191247,3382
204189,54096
232614,59394
208554,3382
206439,36720
203445,50720
249513,61280
210678,59394
227115,59394
248301,3382
164457,59394
163377,32496
187386,3382
155043,32496
211140,56696
211140,35732
155034,11262
246042,35846
175809,57804
165726,11490
200964,54096
67335,59394
164871,11262
208209,63418
208209,39186
65577,61280
203727,59394
154758,3382
225699,33534
183576,63186
183576,42132
209094,61280
65052,59394
154779,3382
207339,11490
252081,11490
72117,53386
174513,57804
163101,54290
211989,59394
164457,48298
157767,33534
179790,59394
206406,32496
206811,32496
207144,32496
231459,11490
213102,3382
181746,61280
247962,32496
88920,11490
248550,62274
248550,59396
187386,39186
187386,63418
210627,61280
238536,39186
238536,63418
204093,63418
204093,39186
158742,3382
251619,36720
212748,36720
206481,36720
219231,3382
208758,3382
65640,57804
242439,59394
155337,59394
184104,59394
208209,50274
176643,32496
172587,32496
208206,61280
232269,53386
203829,61280
211407,48298
213513,11490
205815,11490
229812,63418
229812,39186
210978,32496
248292,57804
247029,51974
246804,32496
154551,32496
203073,62274
203073,59396
217293,3382
211965,61280
167652,32496
204375,50274
129081,39186
129081,63418
208053,62274
208053,59396
65313,61280
156063,32496
223782,42132
223782,63186
249207,11490
240912,57804
249294,3382
207243,61280
188787,51974
231459,3382
201741,3382
221331,11490
210129,59394
205188,59394
180195,61280
179790,11490
208812,50720
179790,53386
248706,62376
248706,1370
154821,59394
212526,61280
212301,61280
72561,3382
209154,50720
224169,59396
224169,62274
230010,57804
206868,61348
190152,61348
178818,11262
249294,39186
249294,63418
236775,39186
230331,63418
236775,63418
230331,39186
244644,11262
240912,63418
240912,39186
247962,54290
174195,61280
228438,3382
72108,124
203082,50720
238611,50720
154998,60
154041,32496
212892,11490
250947,61280
154869,32496
154740,3382
206673,59394
128763,63186
128763,42132
245631,32496
153813,3382
162843,32496
224931,61280
211533,51974
222906,33534
210120,11490
217002,124
233091,11490
206847,50274
248796,61280
250749,51974
253506,51974
206838,51974
249216,51974
206928,51974
158742,32496
186177,51974
153756,32496
249486,50720
204375,11490
179853,35846
178458,48298
210120,61280
205722,48298
157416,48298
192627,59394
167256,61280
250362,32496
173940,63186
173940,42132
175878,3382
202818,39186
202818,63418
206439,59394
242505,62376
242505,1370
244971,51974
153999,59396
153999,62274
198981,11490
189009,61280
210045,32496
223071,32496
219048,32496
238263,63186
238263,42132
184104,32496
211740,59394
161208,33534
166995,3382
217002,16358
192714,59396
192714,62274
244158,32496
207105,32496
192549,35732
192549,56696
174513,33534
154560,3382
154551,33534
72117,48980
208872,63418
208872,39186
188844,11262
199479,62274
199479,59396
183387,32496
183213,48980
237195,59822
237195,1304
199044,11262
192300,61280
203199,34092
203199,56714
210168,32496
61692,32496
203328,54096
64959,11490
206349,59396
206349,62274
72108,63418
72108,39186
242610,32496
244092,32496
157767,59394
206418,50720
222669,32496
165750,3382
88821,3382
205722,61280
157416,61280
211950,39186
211950,63418
197286,42132
250653,42132
197286,63186
250653,63186
204657,11490
25743,62274
25743,59396
239577,54096
208209,50720
205812,32496
246054,59396
246054,62274
208872,54096
129081,61280
176577,59394
129204,42132
129204,63186
167256,3382
234972,50720
234018,50720
230010,32496
249486,54290
61899,11490
173613,42132
173613,63186
239577,11490
203277,11490
164007,48298
192627,11490
239577,124
154698,3382
173667,33534
211473,39186
211473,63418
242610,53386
165726,63418
165726,39186
232029,59394
155481,11262
206349,59394
154758,57804
153756,51974
213114,57804
208554,54096
209799,57804
181110,35846
188685,32496
129204,59394
63876,59394
162843,59394
154542,59394
233091,57804
246150,59394
222750,3382
237840,61348
154770,11490
206439,61348
211947,63418
211947,39186
211140,3382
191256,35846
174513,48298
179853,3382
187659,54290
224169,33534
210954,3382
207330,32496
198855,48298
180195,11490
164337,33534
230010,59394
208566,124
196455,33534
195507,61280
244173,57804
155337,32496
68496,3382
162960,62376
162960,1370
220269,61348
179790,61280
208209,3382
128538,51974
209073,51974
200364,59396
200364,62274
198801,48298
207240,11490
128538,32496
210633,61348
206799,59394
156024,61280
203727,42132
211989,42132
211989,63186
203727,63186
162795,61280
222159,1304
222159,59822
154485,32496
155055,61280
224208,51316
224841,32496
204480,32496
161787,11490
155055,3382
174195,3382
180195,54290
243390,33534
234555,56714
234555,34092
179790,59396
179790,62274
175878,32496
67158,32496
165717,62274
165717,59396
243390,3382
210840,57804
235932,57804
230286,51974
154665,32496
203736,61280
161787,3382
208758,16358
219231,16358
227295,61280
212430,61280
128763,3382
235458,59394
244173,48298
206850,50720
207084,51974
206448,51974
154998,3382
211236,59394
178458,33534
230091,11262
223554,3382
252774,3382
203829,32496
205815,61280
235458,48298
165750,32496
88821,32496
231708,32496
153813,61280
216108,63186
216108,42132
201798,11490
216948,11490
247962,61348
188100,11490
183666,3382
248178,59394
208545,59394
201837,59394
251721,59394
232029,57804
171702,61280
67335,57804
68676,61280
175809,53386
214506,59394
129204,63418
129204,39186
208206,11490
207240,59394
206481,61280
212748,61280
251619,61280
248202,48980
153867,48298
207396,59394
237840,53386
206367,51974
210897,51974
206646,51974
248550,50274
154098,51974
239577,16358
177951,32496
68676,11490
205959,54290
251967,52620
128901,59396
128901,62274
128538,61280
253191,50274
206625,51974
206433,51974
206637,51974
164970,11490
188331,11490
128604,59394
194601,51974
231459,48298
153792,59394
64959,57804
206772,32496
206964,32496
192627,32496
249294,54096
203271,32496
203274,32496
203256,32496
196722,32496
212112,32496
72918,59394
249297,11490
251169,50720
234156,57804
204144,33534
211947,50720
155055,48298
251253,3382
226623,3382
175809,51974
178068,33534
172695,3382
195372,48298
186951,62376
186951,1370
220011,42132
220011,63186
198534,33534
192159,63418
223518,63418
223518,39186
192159,39186
128604,61280
250275,51974
206988,51974
164661,3382
244092,3382
198855,11490
182292,61280
198792,63418
198792,39186
204483,3382
247974,3382
72561,32496
194883,54290
195507,63418
195507,39186
203256,61280
164337,3382
217494,32496
60864,3382
212526,11490
162795,59396
162795,62274
154485,59394
188700,59396
188700,62274
242130,3382
238068,63418
238068,39186
166599,63418
166599,39186
176577,61280
129081,51974
249207,50274
166599,50274
238068,50274
213513,62274
213513,59396
157854,48980
153813,57804
186177,11490
188343,39186
188343,63418
154821,57804
198801,11490
165726,32496
156225,59394
163377,11490
222906,3382
242856,61280
203073,59394
246858,39186
246858,63418
217782,11490
64272,11262
214506,32496
206496,50720
238218,61280
246804,59394
187224,63418
187224,39186
206448,57804
207084,57804
249159,50274
251169,42132
251169,63186
208788,33534
209154,3382
158742,59394
60864,32496
252081,48298
207339,48298
238218,48298
192159,11490
223518,11490
219048,11490
228024,59394
184509,61280
153999,48298
183921,32496
187650,61280
188196,59394
207618,61280
178458,51974
220728,11490
208872,3382
204228,59394
212211,57804
207219,3382
209799,11490
248301,63186
248301,42132
201798,59394
192768,59822
192768,1304
220170,59822
238377,59822
238377,1304
220170,1304
164007,57804
204657,51974
188730,3382
187734,3382
249486,11490
206364,61280
209796,54290
187659,36720
208566,59394
227616,62274
213114,62274
227616,59396
213114,59396
227292,57804
245976,11490
163044,50720
154560,32496
64218,11490
225276,11490
231459,57804
202818,50720
205815,59394
206364,36720
253191,54096
154869,61280
231708,11490
166128,33534
210633,48980
226623,59394
251253,59394
183363,3382
197286,61280
250653,61280
227310,61280
228024,3382
247986,50274
203727,50720
210000,3382
204189,35732
204189,56696
161787,61280
192549,35846
165684,59396
210876,62274
165684,62274
210876,59396
200964,35846
206625,57804
206637,57804
206433,57804
219231,63186
208758,63186
208758,42132
219231,42132
208092,3382
153642,11490
203184,56714
203184,34092
252405,63186
252405,42132
222906,61280
232614,11490
181101,32496
225276,61280
228438,63186
228438,42132
207339,48980
252081,48980
245154,59394
234018,59394
234972,59394
161208,3382
153867,61280
242439,48298
194601,39186
194601,63418
212478,59394
204243,3382
211947,63186
211947,42132
209073,57804
210000,32496
166437,11490
62817,11490
192714,59394
253578,59394
72561,61280
246963,48980
206868,54290
190152,54290
214998,11490
249486,48980
154434,39186
154434,63418
188331,48298
153642,61280
160770,54096
206349,32496
250977,59394
247002,62376
247002,1370
232404,51974
203775,50274
206850,59396
206850,62274
242439,3382
188637,48298
206799,50720
250434,62274
250434,59396
214506,61280
242505,1304
242505,59822
184698,11490
181110,57804
250275,57804
206928,57804
206838,57804
206988,57804
249216,57804
250749,57804
253506,57804
210627,3382
222759,53386
236520,35846
249297,59394
226662,3382
214998,51974
225699,32496
184710,50720
164007,3382
212448,48980
176643,3382
172587,3382
213102,57804
229812,59396
229812,62274
154041,3382
208503,63418
251631,39186
208503,39186
251631,63418
242571,63418
242571,39186
252405,3382
155100,32496
186882,39186
186882,63418
235932,51974
210840,51974
203082,59394
238611,59394
235458,61280
210978,11490
208341,48980
203796,48980
129135,61280
207339,53386
252081,53386
186987,32496
235458,57804
188343,3382
206964,53386
206772,53386
242439,11490
205122,54096
203502,54096
66378,54096
205728,54096
158016,54096
221151,54096
210846,54096
203889,54096
59703,54096
192771,54096
251085,54096
250629,54096
199860,54096
229521,54096
210633,48298
153813,63418
153813,39186
247956,61280
59700,3382
204093,42132
204093,63186
222906,57804
231663,48298
222750,59394
248013,32496
56871,32496
128901,39186
128901,63418
217782,54290
184950,59396
184950,62274
162795,11490
153756,57804
200964,59396
200964,62274
208794,50720
65640,48298
67335,61280
154560,61280
154032,54290
207597,11490
221409,11262
203199,11262
155337,3382
232029,11490
210897,57804
206646,57804
206367,57804
220713,51974
184104,3382
233814,50720
165312,62074
209184,1370
209184,62376
243390,57804
165786,11490
232068,11490
153669,11262
230010,48298
163044,11490
160770,63418
160770,39186
238827,32496
242232,32496
206955,32496
162984,61280
229536,61348
207222,48980
232404,57804
252210,59394
222204,61280
251631,50720
208503,50720
242571,50720
226623,42132
251253,63186
251253,42132
226623,63186
67764,3382
173940,33534
59703,39186
229521,39186
59703,63418
210846,39186
192771,63418
250629,63418
229521,63418
250629,39186
203889,39186
251085,39186
158016,63418
210846,63418
66378,63418
203889,63418
203502,63418
66378,39186
192771,39186
205728,63418
221151,39186
205122,39186
199860,39186
205728,39186
251085,63418
221151,63418
203502,39186
158016,39186
199860,63418
205122,63418
213978,52620
237804,48298
165717,59394
240912,51974
243408,51974
244278,33534
216822,48980
224841,50274
212526,3382
190152,48980
206868,48980
206304,59394
206418,11490
198873,11490
154779,60
253671,11490
248292,51974
205731,42132
205731,63186
154758,63418
154758,39186
247956,32496
153642,48298
167256,11490
211740,48298
153756,11490
174513,59396
174513,62274
205188,39186
210129,63418
210129,39186
205188,63418
224631,61280
249486,32496
186882,3382
202818,61280
206439,54290
192942,32496
249159,32496
217494,11490
155043,48298
157185,11490
165312,35732
165312,56696
245631,61280
203820,32496
241350,61280
201741,42132
201741,63186
205731,59394
88821,63418
165750,63418
88821,39186
165750,39186
210171,48298
207243,11490
154041,57804
211386,3382
186378,3382
211950,63186
211950,42132
212448,52620
229737,32496
244173,61280
203166,32496
211632,33534
222759,54290
210678,50720
227115,50720
187650,32496
177951,59394
252405,50720
246804,3382
154551,3382
154551,59394
154770,48298
227616,57804
235335,11490
250977,3382
240912,3382
199854,11490
241824,51974
195063,62074
162795,59394
249159,3382
249687,50274
249486,36720
244158,59394
199854,57804
187806,61348
252774,61280
223554,61280
207240,57804
154665,33534
183576,33534
154698,57804
184710,11490
163377,48298
63876,51974
167652,3382
96444,32496
218061,32496
249579,32496
205905,32496
212892,32496
197034,3382
241824,48298
206964,54290
206772,54290
153600,11490
210978,53386
253683,42132
253683,63186
65577,11490
240912,48298
153048,11490
227292,11490
206838,11490
206928,11490
250749,11490
249216,11490
253506,11490
236520,124
156225,32496
213513,51974
205959,51974
251619,32496
206481,32496
212748,32496
183366,33534
183450,59396
183450,62274
206673,32496
247260,52620
195372,61348
188700,59394
244971,54290
153792,32496
208092,51316
194409,61280
220713,53386
206673,57804
188685,48298
128604,11490
216822,48298
172695,42132
172695,63186
204228,32496
208554,50720
188637,57804
163251,48980
156225,11490
229737,11490
244092,11490
153999,11490
242856,11490
248682,62274
248682,59396
206670,32496
205731,63418
205731,39186
209094,11490
56871,59394
65313,3382
181593,51974
153138,61280
243408,61280
208758,124
219231,124
64218,61280
65640,11490
206673,59396
206673,62274
196455,54096
233814,59394
188604,11490
188196,3382
59700,33534
187224,59396
187224,62274
246804,11490
247983,48980
223968,48980
64959,48298
154698,35846
189045,11490
187650,57804
244158,3382
252210,42132
252210,63186
166437,61280
208566,42132
208566,63186
191316,62376
191316,1370
248796,33534
206439,48980
206364,48980
220011,32496
207330,3382
221247,54290
251169,39186
251169,63418
207144,11490
206811,11490
206406,11490
210393,54096
234093,54096
221151,50720
158016,50720
205728,50720
203502,50720
192771,50720
229521,50720
199860,50720
59703,50720
66378,50720
203889,50720
250629,50720
251085,50720
205122,50720
210846,50720
203328,63418
203328,39186
250977,32496
230178,48298
211989,39186
211989,63418
203727,39186
203727,63418
204411,11490
229812,3382
179790,51974
128538,60
252405,50274
183363,57804
206670,57804
252480,59396
252480,62274
242856,32496
247029,61280
241824,32496
212526,32496
211386,32496
186378,32496
249687,63418
249687,39186
249930,63418
249930,39186
248013,3382
213114,32496
227616,32496
177921,48298
204480,11490
156024,48298
204189,16358
232614,48298
180495,11490
186327,57804
233970,33534
210876,59394
165684,59394
251631,63186
242571,42132
208503,42132
242571,63186
251631,42132
208503,63186
207927,11490
184710,50274
253335,3382
198552,59394
155055,11490
230073,53386
227292,51974
66879,59394
209793,61348
128763,33534
225501,52620
203214,32496
201564,50720
203301,50720
203706,50720
203295,50720
242571,59394
251631,59394
208503,59394
183912,48298
249486,61348
208788,61280
217293,59394
206364,11490
244971,33534
192942,11490
212301,32496
207084,32496
206448,32496
249159,33534
156063,59394
207396,61280
72045,61348
158658,3382
56871,3382
154665,59394
219381,62376
219381,1370
210897,32496
206646,32496
206367,32496
209073,48298
212448,11490
224841,11490
167316,63418
167316,39186
248796,48298
221526,50720
210690,50720
208572,50720
218121,62376
218121,1370
154119,57804
222906,51974
204717,3382
241350,39186
241350,63418
208500,63418
208500,39186
229473,33534
206670,59394
154476,11490
198552,59396
198552,62274
178068,59394
181110,3382
184698,3382
154476,61280
252480,63186
252480,42132
245154,11490
244092,61280
223071,62274
223071,59396
207330,62274
207330,59396
223071,59394
154119,51974
252210,39186
252210,63418
222204,48298
206625,32496
206433,32496
206637,32496
194601,48298
210045,59394
247983,52620
166437,48298
184509,48298
192549,3382
188343,61280
198981,48298
247260,33534
250749,32496
206838,32496
249216,32496
206928,32496
253506,32496
208566,63418
208566,39186
206988,32496
250275,32496
211473,42132
211473,63186
244971,48298
209994,59394
192627,48298
208872,63186
208872,42132
177474,11490
192618,39186
192618,63418
203214,3382
157185,33534
153348,1304
153348,59822
204144,3382
180195,51974
206850,59394
196455,3382
166437,59394
60864,59396
60864,62274
230331,124
236775,124
186327,33534
206481,54290
251619,54290
212748,54290
208872,50720
206349,61348
154032,62274
154032,59396
189045,51974
203706,61280
201564,61280
203295,61280
203301,61280
186327,59394
157224,3382
177474,59394
154032,51974
234093,50720
210393,50720
224526,32496
180495,51974
217002,39186
217002,63418
208500,61280
245976,32496
153642,51974
188604,61280
211989,50720
163101,61348
212112,61280
196722,61280
203274,61280
203271,61280
206496,62274
206496,59396
210954,61280
212430,11490
227295,11490
229812,16358
163251,61280
231162,11262
209793,50720
129204,50720
205731,50720
203388,1304
203388,59822
236520,59396
236520,62274
164661,33534
187386,35846
198573,48298
211740,50720
242439,32496
198945,48298
252774,63418
252774,39186
223554,39186
223554,63418
157416,57804
205722,57804
207240,48298
65637,56714
65637,34092
172503,57804
207339,52620
252081,52620
211236,11490
234156,32496
128604,48298
208449,56696
208449,35732
175293,11490
198534,11490
203445,61280
195372,36720
208518,56714
208518,34092
186987,33534
253335,62274
253335,59396
205722,51974
157416,51974
248301,61280
198873,48298
244173,11490
208554,63418
208554,39186
211236,61280
154779,61280
154167,57804
158742,61280
206367,59394
206646,59394
210897,59394
253464,62376
253464,1370
222906,48298
228729,3382
165750,62274
88821,59396
88821,62274
165750,59396
175878,62274
175878,59396
60762,48980
63876,11490
244278,59396
244278,62274
164541,11262
203388,11262
157854,52620
226623,50720
251253,50720
207465,50718
207465,30500
207465,33886
207465,63538
184104,11490
248301,48298
227616,61280
213114,61280
239577,63418
239577,39186
223728,63418
223728,39186
163251,51974
228024,50720
163044,50274
163377,61280
177921,61280
139272,32496
203328,50720
179700,11490
192618,32496
212571,50720
208524,50720
242412,50720
206364,48298
188844,56696
188844,35732
246054,11490
25743,57804
201741,33534
188685,57804
160770,33534
207396,48298
191247,62274
191247,59396
244287,48980
198573,48980
251643,54290
195063,1304
195063,59822
188637,59396
188637,62274
208554,59394
218061,61280
96444,61280
249579,61280
205905,61280
247962,11490
183666,61280
208812,16358
192627,57804
154551,11490
155388,61348
237195,11262
158742,11490
153999,61280
172503,48298
232068,57804
209793,32496
153348,62074
171684,1370
171684,62376
181101,57804
206364,53386
244041,48298
216309,62376
216309,1370
244278,63186
244278,42132
187659,53386
231876,53386
204189,63186
204189,42132
209799,48298
163101,11490
242439,57804
232404,32496
247956,59394
198552,48298
207330,59394
161058,11490
191256,61280
207084,59394
206448,59394
153138,51974
89013,57804
208449,59822
208449,1304
247974,32496
204483,32496
65640,62274
65640,59396
222759,48298
230331,42132
236775,63186
236775,42132
230331,63186
208812,42132
208812,63186
209793,61280
228024,54096
248205,11490
244041,51974
206955,53386
242232,53386
238827,53386
188730,57804
187734,57804
210627,11490
232410,1370
232410,62376
235458,11490
192549,61280
247983,11490
253557,48980
187386,51316
213978,48980
154827,11490
153048,53386
247260,53386
128526,48980
206988,11490
250275,11490
200508,61280
246054,61280
251721,63418
201837,39186
251721,39186
248178,39186
248178,63418
201837,63418
208545,39186
208545,63418
172419,48298
183666,11490
165750,59394
88821,59394
232269,11490
207927,53386
206496,59394
242505,11262
203277,32496
236520,54096
206625,59394
206433,59394
206637,59394
231708,61280
204243,61280
213114,11490
227616,11490
191316,50274
166128,57804
206349,57804
154167,51974
129081,57804
220011,124
207618,11490
224526,11490
247986,3382
212748,61348
206481,61348
251619,61348
210000,61280
191256,3382
245154,62274
245154,59396
204093,3382
233970,42132
233970,63186
223518,32496
192159,32496
198873,33534
213102,59394
189009,53386
223782,3382
254118,1304
254118,59822
249687,3382
164457,11490
233091,48298
203184,11262
154698,61280
163377,51974
217494,48298
252696,32496
198573,61348
223554,54096
252774,54096
228024,57804
191247,59394
248550,3382
188685,11490
88920,54290
213102,33534
200964,16358
233970,62274
233970,59396
179700,59394
247986,11490
206673,11490
253671,32496
60864,59394
177951,3382
253671,59394
226140,48298
221331,48298
183468,48980
219048,61280
128334,53386
227670,32496
227973,32496
154821,11490
220713,54290
211812,11490
245631,59394
167652,57804
238536,3382
252696,59394
224526,59394
209073,61348
244005,59394
230010,51974
197034,32496
187734,48298
188730,48298
225699,59396
225699,62274
216309,11262
162843,11490
229812,124
201741,59396
201741,62274
154542,48298
253464,34092
253464,56714
166599,54096
238068,54096
223554,124
252774,124
207618,48298
215112,11490
238827,54290
206955,54290
242232,54290
153792,3382
209073,61280
157185,57804
213513,48298
155043,57804
244680,51974
188196,11490
209793,36720
206349,11490
208554,63186
208554,42132
155034,1304
155034,59822
192771,63186
229521,63186
250629,63186
229521,42132
251085,42132
251085,63186
192771,42132
66378,63186
210846,42132
250629,42132
59703,42132
203889,42132
205728,63186
199860,42132
205728,42132
221151,63186
203502,42132
205122,42132
221151,42132
158016,42132
203502,63186
66378,42132
59703,63186
158016,63186
210846,63186
203889,63186
199860,63186
205122,63186
244041,59394
188730,59396
188730,62274
187734,59396
187734,62274
64365,42132
64365,63186
208053,57804
165726,51974
248205,48298
154821,48298
154740,11490
215112,52620
25743,11490
187386,61280
183366,11490
245154,61280
163578,11490
248796,57804
184509,57804
222159,56714
222159,34092
192549,36720
196455,59394
251643,61348
154758,61280
155100,3382
211386,59396
186378,59396
186378,62274
211386,62274
154779,57804
65052,48298
154812,11262
196455,124
210840,32496
235932,32496
247260,11490
186987,57804
157185,62274
157185,59396
208812,39186
208812,63418
188343,32496
208209,33534
244971,32496
154665,48298
209094,57804
244158,11490
128763,59396
128763,62274
161787,48298
229473,3382
198792,3382
154041,48298
179853,61280
181101,11490
195507,50720
173613,3382
234093,42132
210393,63186
234093,63186
210393,42132
154506,35732
154506,56696
128538,33534
72108,54096
206304,3382
228753,11490
204189,63538
204189,30500
204189,33886
204189,50718
157224,57804
229536,54290
211740,51974
192618,3382
206673,61280
216948,51974
193965,11262
175878,59394
210171,57804
173940,3382
155337,11490
212211,61348
203775,63418
203775,39186
162795,51974
214194,11490
129081,48980
67764,62274
67764,59396
198873,57804
210978,54290
224931,57804
176577,57804
154998,61280
192714,11490
207219,59396
207219,62274
68496,57804
181110,61280
206448,11490
207084,11490
65640,51974
246858,1304
246858,59822
204768,59822
204768,1304
251121,61280
183366,54290
209994,48298
187386,57804
66879,51974
180495,53386
227670,63418
227670,39186
227973,39186
227973,63418
202818,3382
210897,62274
206367,59396
206646,59396
206646,62274
210897,59396
206367,62274
166995,63186
166995,42132
203727,61280
157224,48298
209154,39186
209154,63418
66915,59396
66915,62274
230010,11490
196302,48298
206856,48298
177921,57804
252210,50720
229737,61280
204144,62274
204144,59396
66879,61280
211989,61280
183921,57804
154485,11490
252696,11490
208812,54096
223728,54096
247002,56714
247002,34092
154476,48298
206847,11490
224631,48298
65052,61280
214998,54290
224931,51974
203328,61280
205188,50720
210129,50720
220011,50274
206625,11490
206637,11490
206433,11490
237804,51974
181101,33534
249573,34092
249573,56714
192300,57804
183387,11490
196302,51974
206856,51974
247974,61280
204483,61280
206799,61280
227292,61280
250977,61280
231057,52620
225501,48980
222759,11490
243390,11490
183576,50274
213513,61280
188685,61280
156225,3382
195723,63186
195723,42132
204228,11490
155388,54290
221247,11490
249297,32496
211947,59394
195372,53386
250434,33534
184698,59394
219420,59822
219420,1304
194601,61280
166128,11490
220728,48980
212301,53386
209793,63418
209793,39186
204189,62074
242439,51974
155481,1370
155481,62376
189045,53386
166128,59394
232404,59394
203388,56714
203388,34092
157185,48298
206772,11490
206964,11490
206838,59394
253506,59394
206928,59394
250749,59394
249216,59394
253677,1370
158610,1370
158610,62376
253677,62376
238218,51974
201741,48298
227115,61280
210678,61280
226662,63418
226662,39186
211950,50720
209094,48298
222204,11490
194883,61348
206349,61280
65067,59394
241389,62274
241389,59396
233814,57804
183468,48298
222159,62074
154542,61280
175293,33534
157767,11490
212442,48980
212301,54290
154434,59394
72930,61348
72561,11490
187875,51974
204144,57804
246042,61280
206646,11490
210897,11490
206367,11490
203151,32496
69060,32496
217380,32496
203439,32496
203259,32496
224931,48298
67371,59822
67371,1304
167256,48298
217380,61280
203259,61280
203439,61280
204189,124
68496,33534
173667,57804
228729,59396
228729,62274
244041,59396
244041,62274
213114,48980
227616,48980
154665,60
163044,32496
247962,48980
250362,48980
246618,50720
222759,61348
154509,56696
154509,35732
153792,61280
181110,63418
181110,39186
188844,1304
188844,59822
228729,57804
65640,59394
250434,57804
234120,3382
230331,50274
236775,50274
224841,57804
223728,63186
223728,42132
65067,3382
164007,11490
181110,60
223728,16358
231057,48980
155100,48298
187875,53386
67335,48298
177474,62274
177474,59396
253578,61280
183492,36720
206964,61348
206772,61348
204717,32496
65637,62074
198981,54290
206799,51974
247260,61348
62817,61348
186987,59394
153999,59394
183468,57804
67158,62274
67158,59396
157767,61280
241350,36720
206673,48980
249297,61280
244041,57804
222759,48980
207219,42132
207219,63186
215112,48980
167316,50274
237804,57804
176643,57804
172587,57804
249687,33534
187962,48298
228753,48298
180495,57804
238263,61348
206484,11490
206763,11490
206514,11490
206412,11490
211641,11490
207243,51974
206406,48980
206811,48980
207144,48980
247002,11262
203073,11490
253191,3382
171702,48298
224841,51974
157398,59394
154560,11490
242151,61348
198882,61348
210129,61280
205188,61280
201798,63418
201798,39186
203328,63186
203328,42132
206448,59396
207084,59396
206448,62274
207084,62274
187806,36720
166002,50274
153279,11490
178818,56714
178818,34092
212526,48298
206772,48298
206964,48298
164871,59822
164871,1304
155100,61280
213513,53386
207096,59396
196311,62274
207096,62274
196311,59396
251643,48980
231663,3382
206964,48980
206772,48980
223728,50274
211812,59394
189009,61348
167652,48298
199479,53386
242130,61280
154779,36720
184710,32496
246858,3382
234156,51974
203439,39186
203259,63418
203259,39186
217380,39186
217380,63418
203439,63418
68496,62274
68496,59396
246054,59394
198279,11490
153279,61280
163578,48298
155043,11490
250275,59394
206988,59394
204375,62274
204375,59396
246042,3382
67158,11490
153867,11490
153600,51974
226662,32496
164541,56714
164541,34092
217002,59396
217002,62274
196455,39186
196455,63418
153279,59394
164007,61280
173667,48298
201837,50720
248178,50720
208545,50720
251721,50720
192942,48980
209154,59394
241389,48298
195723,59394
196455,50720
208053,51974
206433,59396
206625,62274
206433,62274
206625,59396
206637,62274
206637,59396
216108,33534
203151,39186
203151,63418
69060,63418
69060,39186
206670,53386
232029,48298
228729,48298
234156,59396
234156,62274
252405,32496
244644,59822
244644,1304
198945,57804
204144,59394
72108,62274
72108,59396
162603,11490
206856,59396
196302,62274
206856,62274
196302,59396
155034,56696
155034,35732
187224,42132
187224,63186
206811,59396
206406,62274
207144,59396
206811,62274
206406,59396
207144,62274
231459,61280
210627,48298
153813,60
234864,53386
154476,3382
156225,57804
154827,48298
67764,63186
67764,42132
196302,32496
206856,32496
247548,3382
211632,59396
211632,62274
157224,59396
157224,62274
231876,32496
154827,57804
206481,11490
251619,11490
212748,11490
184104,48298
187221,11490
187224,3382
164457,54290
165687,59822
165687,1304
212478,48298
67371,34092
67371,56714
172503,62274
172503,59396
186327,48298
208209,42132
208209,63186
206856,59394
196302,59394
192942,62274
192942,59396
179700,3382
187707,61348
153888,62074
244092,48298
248550,11490
248682,11490
232404,11490
203184,1304
203184,59822
222204,57804
177921,51974
67335,11490
129204,61280
196302,50720
206856,50720
253677,56714
158610,56714
158610,34092
253677,34092
241389,59394
155337,61280
184104,61280
208092,32496
72918,61280
68496,48298
228753,59396
228753,62274
242151,48980
198882,48980
208449,34092
208449,56714
241824,59396
241824,62274
237195,62074
206670,61348
165687,16358
175878,11490
206850,11490
174195,48298
207105,48980
195372,48980
200364,11490
197034,61280
223071,11490
208092,61280
196311,11490
207096,11490
153048,51974
208794,39186
208794,63418
244644,35732
244644,56696
186177,61348
249294,63186
249294,42132
211740,61280
153999,57804
194409,48980
63876,54864
154869,11490
198873,3382
241389,11490
72045,54290
224841,59394
63876,61280
183492,61348
211533,57804
65640,53386
204144,48298
164337,48298
211473,3382
209622,51974
234864,61348
194883,53386
230010,54864
210171,62274
210171,59396
188196,61280
200364,39186
200364,63418
155100,57804
165726,61280
187962,48980
155337,48298
207243,53386
229812,32496
176643,59396
176643,62274
172587,62274
172587,59396
236226,36720
199479,11490
229812,54096
214506,61348
185817,34092
185817,56714
198552,57804
241389,61280
153888,34092
153888,56714
223728,3382
203280,1304
203280,59822
227292,48298
153402,3382
230331,3382
236775,3382
174195,57804
67371,11262
183912,57804
188961,59396
188961,62274
249207,62274
249207,59396
207240,51974
166995,33534
217782,61348
203256,48980
206304,48298
66915,33534
188844,34092
188844,56714
236520,63418
236520,39186
210633,53386
210045,11490
65577,51974
210954,48298
230073,48980
153600,53386
172587,48298
176643,48298
251721,61280
208545,61280
201837,61280
248178,61280
63876,48980
204411,48298
207927,51974
217494,59394
223554,50720
252774,50720
248682,59394
64272,56714
64272,34092
244041,53386
247548,59394
204717,61280
129135,57804
206496,11490
140277,63418
140277,39186
207396,57804
209793,53386
206670,62274
206670,59396
242505,56714
242505,34092
164871,56714
164871,34092
242610,61348
154434,11490
164337,57804
213114,61348
227616,61348
212301,61348
231663,11490
209184,34092
209184,56714
232404,59396
232404,62274
198873,51974
208566,50720
174195,51974
248550,59394
207096,57804
196311,57804
60762,51316
211386,59394
186378,59394
206349,48980
65328,11490
253671,61280
184104,57804
202959,56714
202959,34092
204375,59394
220170,62376
192768,62376
238377,1370
192768,1370
220170,1370
238377,62376
231663,32496
206850,32496
172419,51974
244866,11262
230010,61280
196455,42132
196455,63186
224841,48298
238827,48298
206955,48298
242232,48298
157398,61280
198873,61280
56871,61280
247956,48298
202959,11262
153642,53386
65637,56696
65637,35732
238068,3382
166599,3382
207465,35732
207465,56696
154803,48298
249294,61280
71301,48980
228753,61280
227295,59396
212430,62274
227295,62274
212430,59396
217380,48980
203259,48980
203439,48980
250275,59396
206988,62274
206988,59396
250275,62274
194601,33534
206673,61348
200964,3382
25743,33534
201798,32496
158658,33534
177951,61280
205815,51974
206670,61280
154803,57804
155034,56714
155034,34092
65067,48298
209184,1304
209184,59822
65313,48298
154041,11490
228438,33534
246150,3382
234120,63418
234120,39186
244092,57804
167652,59396
167652,62274
211740,32496
207219,48298
208566,61280
165786,54290
203274,48980
153888,59822
153888,1304
219420,34092
219420,56714
200364,59394
253335,39186
253335,63418
203277,3382
217494,3382
211476,48298
245631,11490
65577,53386
231162,62376
231162,1370
231459,51974
164337,59396
164337,62274
154509,1372
154509,10808
236520,3382
64218,61348
217002,63186
217002,42132
65328,48298
203271,48980
196722,48980
212112,48980
188343,11490
207465,62074
208500,50720
248301,51974
206811,59394
206406,59394
207144,59394
156063,11490
213513,57804
232410,34092
232410,56714
72108,33534
228753,59394
246804,61280
154551,61280
249855,34092
249855,56714
186882,50274
213114,53386
227616,53386
167652,11490
206670,48980
164457,53386
245631,57804
204480,48298
250782,59394
250749,59396
250749,62274
206838,62274
206928,62274
249216,62274
253506,59396
249216,59396
206838,59396
253506,62274
206928,59396
192942,59394
244971,11490
227670,61280
246150,48298
164337,11490
229737,51974
217293,61280
240939,33534
242232,11490
206955,11490
238827,11490
204657,53386
210840,11490
235932,11490
181110,36720
252774,63186
252774,42132
223554,63186
223554,42132
154041,62274
154041,59396
67158,59394
153792,11490
216108,62274
216108,59396
213513,48980
247956,11490
162843,61280
231663,39186
231663,63418
210171,11490
128763,48298
183912,51974
233814,32496
210954,51974
210000,11490
203259,61348
203439,61348
217380,61348
244731,62376
244731,1370
187806,53386
183366,53386
197529,61280
206673,53386
198279,48980
192627,61280
236226,61348
236226,54290
64218,53386
238536,60
56871,11490
210840,59394
235932,59394
246963,52620
161208,62274
161208,59396
177474,61280
181746,57804
244731,11262
252405,59396
252405,62274
157398,11490
249207,59394
254118,56696
254118,35732
212211,48298
253578,48298
228729,63186
228729,42132
153792,51974
162984,53386
66915,11490
232029,51974
203199,59822
203199,1304
188331,54290
221247,53386
226140,54290
203280,11262
171702,48980
246858,32496
207084,48980
206448,48980
65313,11490
238827,61348
242232,61348
206955,61348
205812,62274
205812,59396
244005,48298
247548,48298
178068,11490
194601,54290
198801,53386
249513,61348
166437,57804
220170,11262
238377,11262
192768,11262
179790,54290
155337,57804
219048,48298
64365,57804
184509,51974
72108,32496
139272,59396
139272,62274
72117,52620
223518,61280
192159,61280
67764,48298
220011,39186
220011,63418
204144,11490
228024,32496
248013,61280
157854,54864
234093,59394
210393,59394
210897,48980
206367,48980
206646,48980
201741,57804
248682,51974
178068,3382
223071,48298
226662,59394
247986,59394
167316,33534
174513,59394
211476,54290
238827,48980
206955,48980
242232,48980
206625,48980
206433,48980
206637,48980
216948,53386
251253,39186
251253,63418
226623,63418
226623,39186
154506,10808
154506,1372
252210,61280
157398,48298
67764,57804
128334,54290
212442,52620
241350,48298
154803,11490
206847,59396
206847,62274
251253,61280
226623,61280
249207,48980
249687,32496
217782,53386
155055,57804
194409,57804
253335,57804
154665,11490
234120,32496
234120,11490
181101,61280
192627,51974
226662,48298
221409,56714
221409,34092
209073,53386
198882,32496
242151,32496
197529,32496
229536,36720
253191,32496
191316,30500
191316,33886
191316,63538
191316,50718
254118,56714
254118,34092
203073,61280
156225,48298
154485,61280
210954,57804
205731,61280
246150,61280
233814,48980
229737,48980
224841,62274
224841,59396
172587,11490
176643,11490
232029,61280
178818,35732
178818,56696
204483,11490
247974,11490
210120,48298
186987,11490
140277,32496
203445,61348
238611,39186
203082,39186
238611,63418
203082,63418
129081,48298
251169,59394
153402,59394
183387,59394
228438,59396
228438,62274
235335,54290
209622,57804
176577,48298
128538,54290
220713,11490
172503,11490
240912,61280
158658,59396
158658,62274
203775,61280
223782,33534
253683,11490
207465,1304
207465,59822
64365,3382
203082,11490
238611,11490
160770,59396
160770,62274
234120,59394
195723,33534
203214,61280
154998,33534
153402,48298
249216,61348
253506,61348
206838,61348
250749,61348
206928,61348
244866,59822
244866,1304
153792,57804
59700,59396
59700,62274
62817,54290
192549,39186
192549,63418
253335,32496
25743,32496
153348,56714
153348,34092
211812,61280
184710,59394
63876,48298
165717,61280
210633,52620
208812,3382
203445,39186
203445,63418
61899,48298
188604,48298
187707,54290
208794,42132
208794,63186
71301,61348
252480,3382
203256,61348
140277,61280
229737,57804
212442,11490
156024,57804
231162,56714
231162,34092
249486,61280
249930,59396
249930,62274
253683,32496
234018,61280
234972,61280
183366,61348
248796,51974
184710,59396
184710,62274
208794,16358
253335,11490
250275,48980
206988,48980
195723,11490
200364,32496
235458,51974
210897,61280
206646,61280
206367,61280
198792,42132
198792,63186
244158,57804
244971,53386
192714,61280
247260,48980
242439,61280
232029,48980
165726,60
219420,56696
219420,35732
249216,48980
250749,48980
253506,48980
206928,48980
206838,48980
235335,61348
203082,61280
238611,61280
208209,32496
222750,61280
199854,48298
240939,3382
61824,48980
249579,48980
96444,48980
205905,48980
218061,48980
207240,61280
250782,3382
154665,51316
231663,59394
204189,35846
68676,57804
164337,59394
166002,59394
167316,3382
165726,57804
207396,51974
206439,48298
154758,36720
198279,57804
221247,60
244644,56714
244644,34092
208053,48298
204480,51974
186327,11490
208812,124
204375,48980
194409,48298
165312,10808
165312,1372
238068,32496
166599,32496
186177,54290
232404,48980
178818,62074
211473,62274
211473,59396
181746,51974
172695,33534
188700,48980
165717,48980
206850,48980
173613,57804
194601,32496
250782,48298
206496,32496
188700,61280
61899,54290
183366,52620
195063,34092
195063,56714
233091,53386
206448,61280
207084,61280
221331,54290
242571,61280
251631,61280
208503,61280
235932,48980
210840,48980
232068,51974
162984,51974
203736,48980
173613,33534
220713,61348
250434,11490
249513,48980
128334,61348
212478,11490
206484,32496
211641,32496
206763,32496
206514,32496
206412,32496
231663,51974
244005,3382
188637,59394
174513,53386
164970,51974
243390,53386
177951,11490
199479,59394
188100,48980
209994,11490
140277,48980
188604,57804
249216,53386
206928,53386
253506,53386
250749,53386
206838,53386
196311,48980
207096,48980
196722,61348
212112,61348
203271,61348
68676,48298
250362,61348
209799,51974
192768,62074
220170,62074
238377,62074
211533,48980
211140,54290
239577,62274
239577,59396
207240,48980
208794,54096
249222,1370
249222,62376
207084,61348
206448,61348
163377,53386
248682,48980
208794,50274
253683,59396
253683,62274
206433,61280
206637,61280
206625,61280
154032,48980
241389,57804
202818,33534
229536,53386
166002,62274
166002,59396
139272,59394
174513,11490
173613,48298
203775,32496
204189,59822
204189,1304
167316,32496
211740,54290
213102,51974
155100,11490
232410,1304
232410,59822
198855,53386
211407,52620
224208,60
205812,11490
244278,59394
165684,48980
210876,48980
163044,59394
205815,53386
229977,61348
183366,60
208209,62274
208209,59396
65640,61280
224841,53386
210897,61348
206367,61348
206646,61348
165684,61280
210876,61280
224526,61280
252696,61280
187650,48298
184950,33534
221247,48980
206625,61348
206433,61348
206637,61348
227310,57804
187650,11490
173667,11490
238263,32496
163044,59396
163044,62274
64365,48298
217536,11262
206361,48980
153669,59822
153669,1304
244971,48980
231708,48980
194424,1304
194424,59822
199479,61280
211473,33534
156225,51974
207219,33534
227973,61280
203724,48980
224169,11490
213513,61348
206988,61348
250275,61348
232269,48980
207597,48298
247029,61348
220269,36720
154509,62074
204093,59396
204093,62274
198552,61280
211533,61348
210978,61348
183387,59396
183387,62274
154506,62074
206748,59776
236226,53386
223782,59396
223782,62274
187962,51974
155481,56714
155481,34092
208053,53386
235932,59396
210840,62274
210840,59396
235932,62274
188637,11490
187224,57804
162984,48980
172419,53386
197529,39186
197529,63418
242610,11490
249855,1370
249855,62376
178458,48980
153279,57804
224169,57804
226140,61348
224208,11490
207084,53386
206448,53386
229473,62274
229473,59396
196311,59394
207096,59394
211950,33534
154812,59822
154812,1304
230178,57804
214506,11490
187659,61348
198945,51974
231876,36720
231876,48980
155481,62074
228024,63186
228024,42132
252405,11490
199854,48980
208758,32496
219231,32496
153279,48298
211641,48980
206412,48980
206484,48980
206763,48980
206514,48980
161208,11490
154998,57804
234156,48298
232035,32496
231057,11490
208554,61280
244041,61280
230010,48980
198573,54290
72918,32496
183366,48980
206646,53386
206367,53386
210897,53386
206868,48298
190152,48298
162603,62274
162603,59396
153792,48298
157224,11490
154509,56714
154509,34092
248292,53386
187221,53386
238218,33534
186951,34092
186951,56714
69060,61280
203151,61280
242151,57804
198882,57804
206433,53386
206625,53386
206637,53386
88920,61348
154434,3382
177474,48298
64365,59394
203700,48980
244041,48980
211740,53386
208518,62376
208518,1370
154506,34092
154506,56714
182292,51974
72930,54290
187224,48298
244287,52620
253191,62274
253191,59396
224631,51974
206763,62274
206514,59396
206412,59396
206514,62274
211641,62274
206412,62274
206484,59396
211641,59396
206763,59396
206484,62274
192714,63418
192714,39186
249930,33534
242505,62074
208341,57804
203796,57804
247956,57804
181593,53386
160770,42132
160770,63186
199854,51974
156225,61280
64272,59822
64272,1304
253335,59394
213114,54290
204480,57804
198882,51974
242151,51974
206763,59394
206484,59394
206412,59394
206514,59394
211641,59394
188100,61348
227670,48980
154740,48298
128763,11490
162843,3382
230010,54290
232035,48980
211812,62274
211812,59396
219381,11262
188685,51974
154770,57804
187224,33534
236775,33534
230331,33534
72930,48980
206496,48980
162795,54290
67764,33534
249930,42132
249930,63186
245154,57804
203724,61348
206988,53386
250275,53386
203445,32496
154032,61348
173613,59396
173613,62274
209793,48980
232404,61348
163101,48980
68496,61280
251619,48980
212748,48980
206481,48980
222669,48980
187659,48980
254118,62074
208518,11262
226140,48980
214506,48980
198792,62274
198792,59396
248682,61280
188961,59394
179790,61348
226662,11490
198279,48298
192618,62274
192618,59396
230286,61348
213513,54290
224631,57804
61899,61348
234120,51974
245631,48298
183492,54290
171684,11262
211476,48980
205812,59394
210840,61348
235932,61348
192300,51974
129135,51974
203073,63418
203073,39186
231708,51974
161208,57804
64218,54290
199479,51974
249513,32496
187806,48980
234864,54290
59700,48298
198981,61348
228753,57804
238218,11490
154098,61348
219048,57804
224208,61348
178068,61280
167652,59394
204093,33534
233814,36720
244092,51974
232404,61280
165726,48980
211632,11490
250749,61280
206928,61280
249216,61280
206838,61280
253506,61280
201798,61280
153138,53386
246618,61348
173667,51974
203388,62074
227670,61348
236520,51316
203388,62376
203388,1370
232614,48980
206799,32496
249294,61348
161208,48298
192768,57414
220170,57414
238377,57414
246858,10808
246858,1372
229473,48298
209073,48980
172503,59394
158658,48298
212220,53160
176403,53160
183921,48298
188196,48298
200508,32496
198801,51974
249222,56714
249222,34092
196455,61280
207240,54290
66915,48298
232404,53386
154485,3382
205959,36720
230010,53386
188787,61348
167652,53386
208788,57804
207156,34092
207156,56714
223071,57804
188331,61348
88821,61280
165750,61280
230178,53386
243408,61348
183387,61280
245976,57804
153888,56696
153888,35732
154740,57804
252405,33534
230178,11490
220011,33534
194601,11490
197034,61348
140277,61348
247029,53386
163251,61348
128334,48980
172695,62274
172695,59396
172503,51974
59703,61348
210846,61348
229521,61348
192771,61348
205122,61348
66378,61348
203889,61348
221151,61348
205728,61348
199860,61348
250629,61348
203502,61348
251085,61348
158016,61348
154665,51974
205815,48980
196845,48980
221409,62376
221409,1370
235932,53386
210840,53386
221331,61348
204144,61280
164337,61280
217002,3382
59700,11490
227616,48298
213114,48298
211473,57804
248550,32496
246054,51974
177951,48298
248550,63418
248550,39186
244680,53386
206670,48298
192618,59394
183492,48980
212526,57804
227295,48298
212430,48298
248682,57804
223071,61280
181593,61348
240939,39186
240939,63418
233091,51974
154041,59394
244041,61348
208206,48298
139272,11490
191247,61280
220269,48980
224841,48980
253191,63186
253191,42132
208092,48298
208758,33534
219231,33534
238536,57804
202959,1370
202959,62376
139272,57804
154827,51974
72045,36720
63876,61348
223782,48298
208500,61348
236226,48980
207084,48298
206448,48298
212301,48980
160029,61348
206673,48298
208500,48980
206988,61280
250275,61280
203274,61348
203277,61280
198534,51974
157854,51316
223968,36720
206799,48298
160029,32496
203199,35732
203199,56696
241350,32496
232035,61348
229473,11490
66879,53386
234555,11262
189045,54290
198981,53386
206868,61280
206811,61280
206406,61280
207144,61280
212211,48980
183468,53386
238218,54290
240939,50720
72045,48980
203724,32496
244278,61280
194424,62074
251121,32496
182292,48298
210168,48980
61692,48980
198792,33534
228024,61348
194883,48980
203736,48298
189009,54290
204228,3382
59700,57804
209094,51974
206433,48298
206637,48298
206625,48298
185817,35732
185817,56696
195723,57804
154665,61280
163044,48980
224169,48298
164007,51974
176577,53386
203727,32496
192714,32496
207618,57804
198279,51974
221247,61348
164871,35732
164871,56696
232029,54864
232614,53386
253671,57804
211947,61280
223782,57804
250947,32496
248373,32496
235335,48980
183450,59394
226662,51974
207240,54864
187224,59394
206856,61280
196302,61280
178818,1372
178818,10808
182292,57804
153756,53386
184104,51974
246150,57804
205959,48980
206304,61280
184698,48298
244041,54290
229473,59394
212283,48298
172695,11490
198855,51974
207240,53386
158658,57804
188730,59394
187734,59394
253557,52620
209994,57804
196311,51974
207096,51974
128763,59394
211140,48298
234156,59394
229536,48980
239577,33534
160770,32496
204228,61280
175293,59394
153279,59396
153279,62274
209796,61348
184698,61280
250275,48298
206838,48298
206988,48298
253506,48298
206928,48298
250749,48298
249216,48298
197034,48980
162960,34092
162960,56714
171702,57804
206847,57804
240939,124
222159,56696
222159,35732
201741,59394
206367,48298
206646,48298
210897,48298
230010,61348
252696,57804
224526,57804
210000,48298
188637,53386
199044,1304
199044,59822
242610,48980
190152,53386
206868,53386
188961,48298
72045,53386
228729,33534
186951,11262
128604,48980
239577,63186
239577,42132
206670,54290
194601,57804
192714,51974
160770,11490
228024,51974
154167,53386
60762,52620
211476,61348
206439,53386
64959,61348
206847,59394
232068,48298
217002,33534
164871,62074
184710,48980
62817,53386
202959,1304
202959,59822
219048,51974
156024,51974
208341,54290
203796,54290
162984,54290
229473,57804
209799,53386
154812,10808
154812,1372
216108,48298
243390,51974
198552,51974
248205,57804
223728,124
167514,57414
252480,59394
241824,59394
217536,50718
217536,33886
217536,30500
217536,63538
183213,52620
160029,48980
176643,59394
172587,59394
209073,54290
216822,57804
223728,33534
171702,51974
233970,48298
66915,61280
195723,61280
250653,32496
197286,32496
217293,32496
242130,51974
187386,36720
163251,53386
61899,48980
183468,51974
240912,61348
244005,61280
204717,61348
187386,60
178458,61348
227616,54290
186327,53386
198279,61348
210171,53386
201798,48980
247029,54290
211740,61348
194424,56696
194424,35732
191256,48298
203151,48980
227973,48980
69060,48980
246054,53386
230091,1372
230091,10808
216822,54290
249513,51974
172503,53386
188730,11490
187734,11490
174513,61280
213102,48298
253191,33534
249855,56696
249855,35732
205722,61348
157416,61348
64272,56696
64272,35732
155481,59822
155481,1304
176577,51974
65067,61280
161208,59394
253464,59822
253464,1304
186177,53386
250362,51974
233814,11490
173667,59394
162603,61280
204411,54290
175878,61280
67158,61280
153348,35732
153348,56696
183492,53386
204768,11262
194601,50720
206847,48298
203700,61348
203073,48980
89013,51974
212220,59776
176403,59776
153048,54290
238263,48980
153048,48980
153813,36720
206673,54290
61824,61348
205812,61280
183666,48298
203184,35732
203184,56696
177474,57804
207618,51974
190152,61280
153138,61348
246618,48980
244158,48298
204411,51974
180195,48980
188637,51974
211812,48298
208872,33534
65052,57804
209622,48980
155043,53386
153669,56696
153669,35732
154869,48298
166599,59396
238068,62274
238068,59396
166599,62274
248706,56714
248706,34092
244278,48298
232029,53386
204375,48298
198801,48980
214998,36720
183387,48298
155337,51974
203073,32496
167256,51974
153642,54290
128901,57804
242412,48980
212571,48980
208524,48980
204189,36720
244158,61280
211632,48298
210171,59394
175809,61348
128604,53386
163578,51974
232404,48298
162795,61348
206349,53386
212430,57804
227295,57804
240939,54096
207465,57414
203445,51974
231708,57804
245154,48298
203151,61348
69060,61348
227973,61348
25743,48980
234018,48980
234972,48980
231663,61348
249297,57804
242412,61348
212571,61348
208524,61348
204375,61280
207927,54290
164457,51974
253464,35732
253464,56696
249579,61348
205905,61348
96444,61348
218061,61348
63876,54290
242130,48298
212220,63136
212220,63540
176403,63540
176403,63136
197529,48980
237840,48980
210045,3382
199044,56696
199044,35732
203445,48980
220713,48980
158658,59394
165786,61348
187386,32496
208341,48298
203796,48298
188331,48980
154812,35732
154812,56696
222204,51974
198552,48980
208545,48980
248178,48980
251721,48980
201837,48980
187962,53386
208449,1372
208449,10808
198981,48980
232410,11262
233970,11490
154998,32496
154167,61348
211632,57804
155034,10808
155034,1372
224169,59394
165687,62074
249930,3382
172587,51974
176643,51974
233970,59394
228753,51974
200364,57804
200508,11490
228438,61280
191247,48980
244278,11490
187962,57804
161787,57804
232029,36720
154119,61348
195723,51974
164661,50274
204717,48980
164970,54290
154041,51974
207330,61280
230286,36720
211524,52620
209154,61280
248178,61348
201837,61348
251721,61348
208545,61348
233814,61280
246618,32496
214194,48298
203736,61348
161058,48980
235932,61280
210840,61280
207222,52620
231708,61348
208518,57414
201741,11490
66879,61348
228438,48298
204657,54290
173940,62274
173940,59396
224841,61348
153756,61348
63876,53386
162603,48298
247029,48980
252774,61348
223554,61348
208794,3382
224208,48980
206856,54290
196302,54290
203082,61348
238611,61348
248301,33534
200508,48980
241350,60
234864,48980
187962,54290
214194,62274
214194,59396
185817,1304
185817,59822
67371,62074
210234,52620
214998,61348
207600,48980
166128,48298
208092,60
217494,57804
188637,61280
233814,54290
128901,33534
211812,57804
153642,61348
211965,32496
67764,61280
166995,62274
166995,59396
153867,53386
213102,61280
244173,51974
163578,54290
154869,57804
155388,48980
203256,51974
172695,48298
211533,48298
188787,48980
196302,53386
206856,53386
229812,33534
221409,59822
221409,1304
204375,57804
241350,33534
211236,57804
196845,61348
179700,61280
88920,48980
158658,61280
187386,51974
204771,48980
183363,33534
219231,59394
208758,59394
248796,48980
252480,33534
206799,54290
188787,54290
212526,51974
194601,61348
64365,61280
221331,48980
204243,48298
163377,54290
249207,61280
72918,11490
166599,33534
238068,33534
204375,51974
249297,51974
162960,1304
162960,59822
241389,51974
229977,48980
203775,48980
244731,56714
244731,34092
208209,11490
206847,48980
198534,57804
244644,10808
244644,1372
72918,57804
210840,48298
235932,48298
247956,51974
203811,48298
207597,57804
238536,61280
203082,32496
238611,32496
211473,48298
235335,53386
188343,57804
64365,33534
253671,48298
212301,11490
227310,32496
225480,61348
207096,61280
196311,61280
228438,59394
224841,61280
128763,61280
206850,51974
166995,48298
225699,59394
157416,48980
205722,48980
207219,61280
157224,59394
167514,56696
167514,35732
210000,57804
244680,61348
68496,59394
166002,48298
175809,54290
192714,61348
232068,48980
250977,11490
248373,48980
206496,51974
224208,52620
243408,53386
154812,34092
154812,56714
230091,57414
208572,48980
221526,48980
210690,48980
203295,48980
203301,48980
203706,48980
201564,48980
88821,48980
165750,48980
248013,48980
65328,57804
139272,48980
172587,53386
176643,53386
208449,62074
224526,51974
248682,61348
247548,61280
211476,53386
241824,11490
247260,59776
216108,61280
129081,54290
210171,51974
206838,54290
253506,54290
250749,54290
206928,54290
249216,54290
205812,48298
241350,51974
165717,48298
188700,48298
201798,61348
166128,36720
224841,54290
196722,51974
212112,51974
203271,51974
154041,53386
208500,32496
167514,59822
167514,1304
63876,36720
66915,59394
229521,32496
221151,32496
66378,32496
205122,32496
210846,32496
203502,32496
59703,32496
158016,32496
250629,32496
203889,32496
205728,32496
251085,32496
199860,32496
192771,32496
216309,56714
216309,34092
166599,63186
238068,42132
238068,63186
166599,42132
200508,61348
205959,61348
250782,61280
208053,61348
233970,61280
203082,48980
238611,48980
181101,48298
241824,53386
217380,51974
203259,51974
203439,51974
234120,61348
195507,48980
181593,54290
158742,48298
191316,11262
166437,51974
165312,57414
216948,61348
206856,48980
196302,48980
204780,48980
203871,48980
167652,61280
227292,48980
174513,51974
187707,36720
192714,57804
209796,48980
188730,53386
187734,53386
200364,61280
156063,3382
203073,51974
206856,61348
196302,61348
228024,61280
211140,53386
182292,61348
198945,48980
208794,124
128763,54290
211632,61280
232614,51974
207240,61348
181593,48980
192942,61280
216948,48980
188844,10808
188844,1372
65052,51974
202818,60
183576,59396
183576,62274
163377,61348
153756,54290
226140,53386
207396,61348
203727,61348
195063,35732
195063,56696
154779,32496
249573,50274
209994,53386
175878,48298
67158,48298
233814,61348
178458,54290
188331,36720
210876,48298
165684,48298
183363,51974
166128,61280
162843,48298
248706,59822
248706,1304
210120,51974
153138,48980
203274,51974
65640,61348
207330,48980
210627,57804
200364,61348
224169,48980
203829,48980
206439,61280
162603,59394
211140,51974
60864,61280
252480,61280
206799,53386
242610,52620
219420,62074
172503,61280
167256,57804
164541,59822
164541,1304
60864,48980
200964,32496
245154,51974
198534,48298
183450,61280
89013,53386
250947,61348
249294,32496
253335,48298
199854,61348
239577,3382
171702,53386
229737,48298
246858,61348
207084,54290
206448,54290
188700,51974
165717,51974
192714,48980
200364,51974
208518,1304
208518,59822
205188,48980
210129,48980
128901,3382
249486,48298
224931,61348
157224,51974
166002,61280
203724,51974
155055,51974
187707,48980
162843,57804
234156,11490
237804,61348
154551,48298
246804,48298
204243,57804
210627,51974
189045,61348
206799,61348
253677,1304
158610,59822
253677,59822
158610,1304
247962,48298
183576,48298
206646,54290
206367,54290
210897,54290
211989,32496
223782,59394
128901,59394
232029,54290
200364,48298
206625,54290
206433,54290
206637,54290
224169,51974
248373,61348
156063,61280
238032,52620
154821,53386
175809,48980
209622,61348
194409,53386
238536,48980
64218,48980
230028,52620
206850,61280
210690,32496
212571,32496
208572,32496
242412,32496
221526,32496
208524,32496
252696,51974
154476,57804
180195,61348
203214,48980
244158,51974
204243,51974
59700,59394
248301,11490
194409,51974
228729,61280
187875,54290
210876,51974
165684,51974
210120,57804
188604,51974
154434,61280
179700,48298
72108,63186
72108,42132
206349,48298
210045,61280
248292,61348
172419,54290
72108,11490
241824,61348
208092,57804
67764,59394
161058,51974
187734,51974
188730,51974
208758,11490
219231,11490
250275,54290
206988,54290
167514,63510
246858,51974
209184,56696
209184,35732
189009,48980
154485,48298
197286,57804
250653,57804
175878,51974
243408,54290
242130,33534
214194,61280
203295,32496
203301,32496
201564,32496
203706,32496
177921,61348
68676,51974
183912,61348
242151,11490
198882,11490
244971,61348
139272,51974
238536,33534
210954,61348
206361,52620
188331,53386
72645,48980
249513,11490
218121,16358
253677,35732
158610,56696
253677,56696
158610,35732
250434,59394
242130,32496
223071,51974
154770,51974
183468,54290
246858,54290
158658,11490
153792,53386
194424,57414
242439,61348
191256,54290
201741,61280
139272,36720
157767,61348
203775,61348
72645,61348
240939,61280
253191,11490
241350,48980
219381,56714
219381,34092
153813,32496
223554,32496
252774,32496
172419,61348
56871,48298
155043,51974
157767,48980
232029,61348
183921,51974
154485,57804
194601,53386
188961,61280
247260,53160
214194,59394
205815,61348
175878,57804
128604,51974
65640,54290
72645,48298
225276,48298
223782,61280
128538,11490
222906,61348
207105,11490
229737,61348
191247,48298
234972,32496
234018,32496
230286,48980
249855,1304
249855,59822
207243,54290
240912,48980
161058,61348
180495,61348
154542,57804
153402,61280
227292,61348
217494,61280
183450,48298
203727,48980
211989,61348
179790,48980
161058,48298
248205,51974
166128,48980
61824,51974
204189,50274
211989,48980
211236,48298
155034,62074
62817,48980
248301,54290
234555,59822
234555,1304
217782,60
195507,61348
221331,53386
208572,61348
221526,61348
210690,61348
246858,48298
206304,57804
157224,53386
167514,62074
154560,48298
216564,51974
211965,48980
206364,51316
249486,53386
224631,48980
175293,48980
245976,48298
154821,51974
216309,57414
206496,61280
187221,51974
186987,48298
203871,61348
204780,61348
66879,48980
244173,53386
232404,54290
153600,54290
249159,11490
204189,10652
191247,57804
223518,48980
192159,48980
171702,54290
225480,48980
212478,57804
67371,35732
67371,56696
183912,53386
172695,59394
237195,57414
210129,61348
205188,61348
246042,51974
198801,54290
232035,51974
206748,53160
217494,51974
68496,11490
187962,61348
173667,48980
65313,57804
157767,51974
247260,63540
247260,63136
206304,51974
165687,56696
165687,35732
210978,48980
230091,54096
199044,1372
199044,10808
203301,61348
203706,61348
201564,61348
203295,61348
211386,61280
186378,61280
210840,54290
235932,54290
250947,48980
65577,54290
153999,51974
197529,61348
209994,51974
192618,48980
162984,36720
67335,53386
232068,61348
204189,10808
204189,1372
167316,59394
253464,62074
187707,53386
188730,61280
187734,61280
251169,61280
224526,48298
208788,32496
238218,53386
222750,32496
199479,54290
199044,57414
207243,61348
163251,54290
242505,56696
242505,35732
238536,51974
218061,51974
96444,51974
205905,51974
249579,51974
165726,48298
211140,52620
252480,57804
156225,61348
244971,59776
161058,57804
222669,52620
172695,61280
204657,61348
65328,51974
203277,61348
203073,61348
195507,32496
207219,59394
154098,36720
164970,61348
250434,48298
253671,51974
234018,61348
234972,61348
173667,61280
153756,48980
66915,57804
153600,61348
247962,53386
154542,51974
210171,61280
164457,48980
211533,54290
203811,48980
183912,48980
206514,51974
211641,51974
206763,51974
206484,51974
206412,51974
206811,57804
206406,57804
207144,57804
162960,56696
162960,35732
154740,51974
203388,35732
203388,56696
247956,53386
187386,48298
173940,48298
187875,61348
228438,11490
203736,51974
227973,48298
227670,48298
253335,51974
211632,59394
203082,51974
238611,51974
203199,62074
192714,48298
248178,32496
208545,32496
205188,32496
210129,32496
251721,32496
201837,32496
154167,48980
205722,53386
157416,53386
216108,11490
210168,61348
61692,61348
186177,48980
230091,34092
230091,56714
222669,11490
243408,48980
206799,48980
61899,53386
204657,48980
216108,59394
155100,51974
173613,59394
212283,51974
202959,62074
128538,53386
185817,62074
207096,48298
196311,48298
153138,54290
67158,57804
200508,51974
208758,51974
219231,51974
211473,59394
167514,10808
167514,1372
165717,57804
188700,57804
174195,61348
248292,54290
238536,32496
161208,61280
204771,48298
164541,62074
209184,62074
228753,53386
223782,11490
165726,61348
242856,61348
212430,51974
227295,51974
221151,48980
205122,48980
250629,48980
210846,48980
199860,48980
229521,48980
192771,48980
251085,48980
158016,48980
205728,48980
66378,48980
203502,48980
59703,48980
203889,48980
217536,50274
211965,61348
72561,48298
198792,11490
239577,48298
216564,33534
193965,56696
193965,35732
162984,61348
60762,60
238068,11490
166599,11490
208092,33534
211740,11490
203184,10808
203184,1372
248292,48980
64272,62074
247986,61280
200964,50720
207219,11490
244092,61348
229473,61280
186987,61280
228729,59394
248550,61280
206361,11490
246150,51974
65067,57804
61344,54864
172419,48980
251121,11490
204768,34092
204768,56714
207927,61348
153792,61348
153999,53386
204771,61348
227115,32496
210678,32496
191247,51974
244278,57804
203700,51974
67335,51974
210678,48980
227115,48980
165687,35846
230331,32496
236775,32496
72930,53386
203511,61348
203328,32496
188844,62074
207144,51974
206406,51974
206811,51974
165684,57804
210876,57804
252696,48298
25743,59394
244866,35732
244866,56696
214506,48298
244005,57804
250947,57804
203277,48980
196845,57804
203700,57804
203871,48298
204780,48298
128538,61348
198534,48980
179853,51974
221409,62074
209094,53386
217002,48298
153048,61348
188961,48980
153867,51974
67158,51974
203511,48980
173613,61280
219048,61348
208206,51974
218121,62074
180495,48980
178068,48298
166995,11490
242130,54290
219231,57804
208758,57804
227115,61348
210678,61348
72918,51974
249930,48298
160029,51974
157185,48980
191256,36720
128538,48980
244644,62074
165786,48980
227670,51974
232410,62074
157185,36720
207618,61348
154119,48980
184509,61348
174513,54290
248706,35732
248706,56696
224526,48980
206349,54290
207156,1304
207156,59822
253677,62074
158610,62074
230091,35732
230091,56696
248373,57804
173613,11490
233970,57804
234018,11490
234972,11490
244866,62074
194424,30500
194424,33886
194424,63538
194424,50718
207465,50274
203280,62074
227292,54290
216309,10808
216309,1372
184710,61280
186951,59822
186951,1304
154827,61348
204411,53386
56871,57804
240912,54290
192942,57804
203184,62074
188196,57804
246054,36720
211386,48980
241350,11490
186378,48980
153669,62074
194601,36720
249687,11490
209799,54290
192159,61348
223518,61348
250362,48298
154098,48980
198873,61348
231459,61348
233091,48980
216108,57804
238263,51974
252480,48298
180495,54290
253671,48980
199044,62074
204144,53386
164337,53386
251169,48980
238536,11490
250782,51974
140277,51974
251169,32496
246858,11490
212283,57804
154803,51974
242856,48980
154509,57414
165312,35846
250977,48298
253335,61280
208566,32496
217293,57804
154665,54290
187875,48980
157767,48298
177474,51974
217782,48980
203820,48980
240939,48980
203439,48298
217380,48298
203259,48298
203151,48298
69060,48298
129204,32496
205731,32496
208812,50274
222750,11490
164661,59396
164661,62274
209799,61348
211965,57804
224631,61348
229812,63186
229812,42132
192942,51974
177951,57804
208545,11490
251721,11490
248178,11490
201837,11490
64959,54290
65640,48980
234156,61280
184104,61348
234972,51974
234018,51974
157185,51974
206847,61280
160029,57804
197286,61348
250653,61348
203166,48980
165312,50718
165312,30500
165312,63538
165312,33886
198855,48980
226623,32496
251253,32496
154434,48298
204189,59394
203727,11490
210120,48980
167652,51974
139272,61280
61692,51974
210168,51974
209154,32496
203280,35732
203280,56696
204774,48980
186882,59394
224169,61280
191256,51974
241824,48980
246054,48980
181746,61348
203199,10808
203199,1372
198945,61348
68496,53386
228024,33534
192627,61348
162795,48980
206481,48298
251619,48298
212748,48298
206847,51974
249222,56696
249222,35732
241389,53386
187224,61280
196845,51974
206481,53386
212748,53386
251619,53386
188700,61348
165717,61348
194409,54290
203073,57804
214194,51974
167316,59396
167316,62274
211740,48980
228024,54290
248013,61348
154041,61280
238263,11490
154770,48980
253335,61348
244866,16358
192627,53386
249297,48298
183366,59776
210045,57804
128763,51974
234156,53386
176577,48980
64365,11490
248796,54290
231708,48298
241824,61280
223728,11490
207396,48980
175293,57804
248202,59776
237804,48980
195723,48980
157767,57804
166995,57804
206850,61348
208788,48980
207465,35846
163044,61280
208554,32496
203328,61348
217782,51316
171702,61348
154779,51974
235458,53386
186882,48298
225276,57804
154476,51974
183468,61348
200964,42132
200964,63186
183363,32496
207156,35732
207156,56696
234120,61280
206496,61348
204144,51974
252696,48980
153813,33534
243390,54290
154506,57414
248682,36720
164871,1372
164871,10808
203724,57804
234120,53386
188343,48298
242439,48980
65067,51974
247548,51974
198534,61348
184950,32496
59700,61280
207240,36720
244680,48980
156063,48298
165684,61348
210876,61348
68676,48980
244173,48980
156063,57804
241824,54290
231162,62074
251121,57804
249855,62074
207618,48980
205812,57804
208053,48980
231459,48980
128901,51974
153642,48980
210393,48980
234093,48980
238218,61348
184698,51974
187224,11490
210393,32496
234093,32496
204480,53386
176643,61280
172587,61280
208524,11490
212571,11490
242412,11490
235458,61348
154779,48980
166128,51974
204480,48980
204480,61348
231663,61280
67764,11490
225276,61348
191256,32496
208053,54290
212430,53386
227295,53386
225480,48298
208206,57804
236520,48980
188787,53386
185817,1372
185817,10808
251169,11490
153669,50718
153669,30500
153669,63538
153669,33886
188100,36720
153279,53386
245154,53386
193965,1372
193965,10808
249297,48980
211140,33534
188685,53386
220728,52620
199479,61348
210168,48298
61692,48298
61344,52620
214998,48980
154827,53386
221247,52620
232035,11490
203328,48980
129204,48980
157398,57804
155337,61348
203811,61348
204189,57414
226662,61348
154560,57804
211812,51974
212211,54290
206484,61280
211641,61280
206514,61280
206412,61280
206763,61280
203073,48298
184698,57804
251631,32496
208503,32496
242571,32496
227295,48980
212430,48980
207105,51316
66879,54290
153402,51974
223728,59396
223728,62274
212892,48980
234156,48980
154560,51974
155055,53386
183921,61348
187386,33534
153279,51974
235458,48980
234120,54290
247548,57804
254118,10808
254118,1372
199854,54290
211473,61280
192627,48980
224931,48980
89013,61348
153999,48980
203724,11490
218121,59822
218121,1304
248796,61348
205722,54290
157416,54290
210045,48298
222204,61348
234156,61348
209799,48980
25743,51974
182292,48980
251121,51974
203214,61348
225699,61280
210393,61280
234093,61280
186987,48980
227310,48980
250653,48980
197286,48980
154758,33534
237195,35732
237195,56696
65052,48980
128763,53386
209622,48298
228438,57804
248550,61348
207219,54290
248202,53160
158742,57804
200364,48980
154779,33534
197034,51974
167316,11490
61824,48298
203199,57414
216948,54290
153669,10808
153669,1372
183387,57804
189045,48980
204375,53386
154119,53386
177474,48980
211812,48980
164970,48980
230331,11490
236775,11490
154812,62074
204189,49888
204189,62944
204189,62860
204189,63508
69060,51974
203151,51974
227973,51974
155481,56696
155481,35732
240912,53386
232035,57804
207597,51974
205815,54290
227310,61348
252210,32496
249159,59396
249159,62274
207243,48980
217002,59394
216564,48980
199044,63510
153402,57804
233091,54290
163377,48980
153813,51974
251631,57804
242571,57804
208503,57804
186327,51974
245976,51974
222204,53386
153867,48980
196302,11490
206856,11490
216564,52620
205728,11490
203889,11490
158016,11490
210846,11490
199860,11490
250629,11490
192771,11490
203502,11490
66378,11490
221151,11490
229521,11490
205122,11490
59703,11490
251085,11490
211473,11490
212448,59776
155055,61348
164541,35732
164541,56696
252480,11490
223071,53386
185817,33886
185817,50718
185817,30500
185817,63538
71301,36720
72918,61348
253683,59394
162960,62074
204375,36720
201798,48298
211236,48980
183576,57804
206484,57804
211641,57804
206412,57804
206514,57804
206763,57804
241350,54290
204375,54290
242412,51974
212571,51974
208524,51974
206748,63540
206748,63136
153600,48980
204093,48298
251121,48980
222906,54290
227973,57804
227670,57804
209094,48980
207330,48298
207096,36720
196311,36720
196455,32496
248550,48980
183387,51974
225276,51974
167514,50718
167514,63538
167514,33886
167514,30500
166002,51974
198981,36720
195723,61348
176577,61348
201798,57804
187221,48980
231459,53386
215112,59776
192300,61348
129135,61348
198792,59394
198855,54290
154665,48980
203511,48298
178818,57414
241824,54864
157854,63136
157854,63540
198792,48298
157398,51974
161787,51974
229812,11490
186882,62274
186882,59396
183363,48980
213978,59776
231057,59776
242439,54290
249294,48980
72561,51974
219048,48980
188685,61348
201837,51974
248178,51974
251721,51974
208545,51974
203727,51974
221409,56696
221409,35732
167652,54290
188637,54290
72918,48980
65577,61348
199044,30500
199044,50718
199044,63538
199044,33886
253578,57804
154506,10652
237840,52620
249513,57804
252081,59776
207339,59776
249222,59822
249222,1304
198792,61280
187386,11490
208566,61348
183363,11490
208206,48980
211140,59776
154041,54290
192768,35732
192768,56696
220170,56696
220170,35732
238377,35732
238377,56696
184710,51974
163044,51974
179853,32496
203775,51974
154998,11490
207156,1370
207156,62376
233814,60
208092,51974
72561,57804
242439,53386
164337,51974
208518,62074
205731,61348
228729,11490
154758,51974
173940,59394
204189,3382
203280,16358
157224,61280
65577,48980
183666,51974
183912,54290
208566,48980
192549,51974
183387,48980
183468,36720
222759,36720
204243,61348
248205,61348
207465,59396
207465,62274
203151,57804
69060,57804
165726,54290
204768,62074
195507,11490
177921,48980
245631,51974
232614,54290
217293,61348
205188,11490
210129,11490
247002,62074
198552,61348
245154,48980
217293,11490
223728,32496
248706,62074
181101,51974
154665,53386
187386,48980
207105,52620
166002,48980
247983,59776
211476,36720
230178,51974
214506,57804
129204,61348
204717,51974
165312,54096
221247,59776
207597,48980
250947,51974
207927,48980
214194,57804
246054,61348
252210,48980
251967,53160
179853,33534
198801,61348
154869,51974
187650,53386
246618,51974
208500,11490
209154,11490
154434,51974
201798,51974
203706,11490
203295,11490
203301,11490
201564,11490
236520,59394
61692,57804
210168,57804
244680,54290
246042,33534
72645,51974
203271,48298
203256,48298
203274,48298
196722,48298
212112,48298
157854,60
178458,53386
197529,51974
203829,48298
206847,36720
67335,48980
154758,48980
172503,61348
245976,48980
162603,57804
154998,48298
245976,61348
65313,51974
205731,48980
179700,51974
162603,51974
198552,53386
211812,53386
183921,53386
248373,51974
183366,53160
187650,51974
64959,48980
154509,10652
154119,54290
204774,61348
188604,48980
60864,48298
140277,48298
207600,48298
191256,53386
253578,48980
174195,48980
233091,61348
244092,53386
249207,48298
204771,51974
249687,59396
249687,62274
156024,61348
206799,11490
200964,33534
203871,51974
204780,51974
216564,54290
203700,48298
196845,48298
204189,62274
204189,59396
207096,61348
196311,61348
155043,54290
153813,48980
217293,51974
211632,51974
65328,48980
204411,48980
231162,1304
231162,59822
155043,61348
250782,57804
204093,59394
228753,48980
162843,51974
251169,61348
211989,11490
243390,61348
246618,11490
194409,61348
208500,51974
246042,54290
207600,61348
157185,59394
216309,56696
216309,35732
166437,48980
223071,48980
203439,57804
217380,57804
203259,57804
154698,33534
186987,51974
223518,48298
192159,48298
223518,51974
192159,51974
211965,51974
238218,36720
248013,51974
167316,61280
172587,54290
176643,54290
165687,34092
165687,56714
241389,48980
191247,61348
180195,36720
25743,48298
211950,59394
198552,54290
181746,48980
140277,57804
249297,61348
166995,61280
244005,51974
154812,57414
216564,59776
216564,32496
204375,61348
183450,48980
154167,54290
154827,48980
223554,48980
252774,48980
192618,61280
234555,56696
234555,35732
153792,54290
208524,57804
242412,57804
212571,57804
216309,54096
158742,51974
158742,61348
252405,59394
226662,54290
250434,51974
188604,61348
68676,53386
211140,48980
154740,48980
155100,61348
198855,61348
172503,54290
207330,51974
230091,59822
230091,1304
219381,59822
219381,1304
232410,35732
232410,56696
211947,57804
225501,59776
202818,11490
249207,57804
128604,54290
208449,10652
238611,57804
203082,57804
220011,59396
220011,62274
209154,57804
181110,33534
188685,48980
162795,36720
187650,48980
224526,61348
208572,11490
210690,11490
221526,11490
191316,57414
154779,11490
188196,51974
164661,51974
248205,48980
250653,51974
197286,51974
249207,51974
206418,52620
250434,48980
208092,11490
212526,48980
248013,48298
164007,61348
208788,61348
203445,48298
225276,48980
207156,62074
165750,57804
88821,57804
203820,61348
228024,48980
207219,53386
222750,51974
188961,51974
154485,51974
129135,48980
192300,48980
203829,61348
226623,11490
251253,11490
238218,48980
231459,54290
60864,51974
212283,61348
187221,54290
163578,48980
246042,32496
200508,57804
213102,61348
248682,48298
221526,57804
208572,57804
210690,57804
165312,10652
212526,53386
234120,48980
202959,35732
202959,56696
167514,10652
204228,48298
156225,48980
155337,53386
184104,53386
203811,57804
244158,48980
139272,48298
226662,48980
229812,59394
164007,53386
231663,53386
251121,61348
220011,3382
65052,61348
242505,1372
242505,10808
242610,59776
161208,51974
211947,32496
248301,53386
184950,59394
230091,62074
179853,48298
89013,48980
204411,61348
198873,54290
154698,48980
225480,51974
192549,33534
183366,63540
183366,63136
209622,54290
181110,48980
184950,57804
212526,61348
204774,48298
157854,53046
209094,61348
231663,48980
216822,53386
61824,57804
207465,1372
207465,10808
203184,57414
212478,51974
181110,51974
181110,32496
160770,59394
211632,48980
192549,48980
205905,48298
218061,48298
96444,48298
249579,48298
191256,33534
203214,51974
183921,48980
252210,61348
246618,57804
162603,48980
247962,52620
234156,54290
188730,54290
187734,54290
216309,36720
184950,48980
203820,48298
188844,57414
203811,51974
249855,30500
249855,50718
249855,33886
249855,63538
167256,61348
166995,59394
164457,61348
195507,51974
253464,33886
253464,50718
253464,63538
253464,30500
211950,48980
221526,51974
208572,51974
210690,51974
210171,54290
188844,10652
246042,48298
219231,48980
208758,48980
178458,36720
164661,48980
206772,36720
206964,36720
165750,51974
88821,51974
208794,32496
212478,53386
64272,1372
64272,10808
248202,63540
248202,63136
66915,48980
154698,51974
253683,48980
227292,36720
254118,57414
192627,54290
153279,48980
176577,54290
211386,48298
186378,48298
247956,61348
72108,59394
184698,61348
188343,51974
213114,36720
244866,35846
210129,51974
205188,51974
252696,61348
188961,57804
248550,48298
231663,54290
211989,51974
179790,36720
244092,48980
247002,1304
247002,59822
213978,53160
201741,51974
242505,57414
163578,53386
229977,36720
210954,48980
251253,57804
226623,57804
251169,51974
163578,61348
201564,51974
203295,51974
203301,51974
203706,51974
157854,59776
238263,57804
192618,51974
207396,53386
154542,48980
250362,57804
217293,48980
253578,51974
210000,51974
154821,61348
229473,51974
233814,51316
60864,57804
245631,53386
248550,57804
88821,61348
165750,61348
238827,36720
242232,36720
206955,36720
253683,61280
160029,11490
25743,61280
205812,51974
154041,61348
230073,36720
194601,48980
164541,57414
231876,11490
203214,48298
246858,48980
176643,61348
172587,61348
208449,57414
72561,48980
210120,61348
68496,51974
157224,54290
154821,48980
234555,62074
208794,62274
208794,59396
183666,57804
88821,48298
165750,48298
165312,16358
236775,62274
230331,59396
230331,62274
236775,59396
226662,61280
181101,48980
155034,57414
206850,57804
89013,54290
199479,48980
192618,48298
211947,48980
154758,32496
232614,61348
251631,48980
208503,48980
242571,48980
208872,59394
181746,53386
211236,51974
231162,35732
231162,56696
210633,59776
154998,48980
244173,61348
225699,57804
174513,61348
249687,59394
157854,53160
200364,53386
195723,48298
153867,54290
249159,59394
222204,48980
208812,11490
178068,51974
154560,48980
167256,48980
173667,61348
207339,63540
252081,63540
252081,63136
207339,63136
227310,51974
183576,48980
200964,59394
204228,57804
251643,36720
164007,48980
199044,10652
155100,53386
251967,63136
251967,63540
153813,48298
244731,35732
244731,56696
192714,53386
227292,53386
217002,61280
158742,48980
228024,11490
212892,48298
222750,57804
209793,11490
208554,61348
72117,59776
172419,36720
164970,36720
249573,62376
249573,1370
212442,59776
224208,59776
244731,57414
196311,53386
207096,53386
206847,53386
160770,48980
216564,11490
173940,61280
67158,48980
154698,32496
252405,61280
186327,36720
56871,51974
166437,53386
208812,32496
251253,61348
226623,61348
153813,11490
218121,35732
218121,56696
184104,48980
184710,57804
163044,57804
166437,61348
236520,33534
154770,61348
245154,61348
198573,53386
229812,61280
214506,51974
242856,51974
225699,48980
232068,54290
244173,54290
203082,48298
238611,48298
184509,48980
233814,48298
214194,48980
244644,57414
204243,48980
191316,36720
59700,51974
248205,53386
183576,51974
216309,62074
175293,48298
253671,61348
167652,61348
179853,48980
253335,48980
183363,48298
164661,59394
210171,61348
154827,54290
205812,48980
247260,61540
154434,61348
206847,54290
206364,52620
247002,57414
61899,36720
172503,48980
253671,53386
207219,51974
128901,48298
208209,59394
68676,61348
208554,48980
217494,61348
188637,61348
211140,11490
206763,61348
211641,61348
206484,61348
206412,61348
206514,61348
248796,36720
242130,48980
242130,11490
253683,51974
239577,57804
60762,59776
154869,48980
207618,53386
156024,48980
250977,57804
210171,48980
211236,61348
175878,48980
155043,48980
67335,54290
209154,61348
203775,48298
154770,53386
203511,51974
155055,48980
251967,59776
179700,57804
248301,48980
233091,36720
222750,48980
184509,54290
242571,61348
251631,61348
208503,61348
186882,61280
128604,61348
154803,48980
244158,61348
206496,57804
208449,50718
208449,33886
208449,63538
208449,30500
154542,61348
184710,48298
163044,48298
192618,57804
197529,48298
154041,48980
207465,10652
211386,57804
186378,57804
204144,54290
204771,57804
231876,51316
247986,48980
198855,36720
219231,61280
208758,61280
183363,54290
163101,36720
206868,52620
154665,61348
219381,62074
207096,54290
196311,54290
210000,48980
209154,51974
188100,54864
186327,48980
242130,53386
188844,33886
188844,30500
188844,50718
188844,63538
129081,53386
156225,54290
128538,52620
202818,48980
153999,36720
183450,51974
211407,53160
191316,59822
191316,1304
203277,51974
153348,57414
210627,61348
209796,54864
204189,63510
200964,61280
158610,30500
158610,63538
158610,33886
253677,50718
253677,63538
253677,30500
158610,50718
253677,33886
202959,57414
64365,51974
236520,32496
175878,61348
139272,61348
154740,61348
188343,48980
209184,63538
209184,33886
209184,50718
209184,30500
183363,36720
164541,10808
164541,1372
210168,53386
61692,53386
172695,57804
194409,36720
157224,61348
193965,62074
211386,51974
186378,51974
173940,57804
155337,48980
211950,32496
196455,61348
208812,33534
186951,56696
186951,35732
249222,62074
207144,61348
206811,61348
206406,61348
224931,54290
186951,62074
172587,48980
176643,48980
237804,54290
244278,51974
209994,61348
154821,54290
204483,48298
247974,48298
203280,35846
246858,53386
203166,48298
206304,61348
244971,52620
210627,48980
225699,48298
207156,63538
207156,50718
207156,30500
207156,33886
203280,10808
203280,1372
236520,11490
203388,57414
209154,48980
72108,61280
210678,11490
227115,11490
226623,48980
251253,48980
249222,50718
249222,30500
249222,63538
249222,33886
247260,63360
164871,16358
178818,10652
219231,61348
208758,61348
212112,57804
203274,57804
203256,57804
196722,57804
203271,57804
233814,53386
222750,61348
208092,48980
209793,51316
243390,48980
250947,11490
248373,11490
241350,53386
204480,54290
198945,53386
212448,53160
242856,57804
154758,11490
155481,57414
71301,54864
202818,57804
154998,51974
161208,53386
56871,48980
253335,53386
219420,33886
219420,50718
219420,30500
219420,63538
188685,54290
196455,57804
250782,61348
222906,36720
205122,51974
229521,51974
221151,51974
203889,51974
66378,51974
250629,51974
59703,51974
192771,51974
158016,51974
210846,51974
203502,51974
199860,51974
205728,51974
251085,51974
249294,51974
204768,16358
222159,57414
212892,61348
209184,57414
167514,62944
167514,62860
167514,49888
167514,63508
162960,50718
162960,33886
162960,63538
162960,30500
128526,36720
193965,59822
193965,1304
156225,53386
212283,48980
207600,51974
249159,48298
244287,59776
186882,48980
203727,57804
194424,10808
194424,1372
179853,11490
207330,61348
188343,61348
192300,53386
186327,61348
197529,57804
209094,54290
177921,54290
65328,61348
247002,56696
247002,35732
167514,54096
195063,57414
249159,61280
155055,54290
175293,61280
154698,11490
60864,61348
153999,61348
176403,61540
212220,61540
249930,57804
203166,61348
217494,48980
179700,61348
207597,61348
216309,59822
216309,1304
228024,48298
244092,54290
244731,10808
244731,1372
192942,61348
191316,56696
191316,35732
160770,61280
218121,56714
218121,34092
211140,32496
203511,57804
211407,63136
211407,63540
210678,51974
227115,51974
204189,48980
208872,32496
65313,61348
157398,48980
249573,33886
249573,30500
249573,63538
249573,50718
248301,61348
226623,51974
251253,51974
196455,48980
190152,52620
208206,61348
128538,59776
208788,51974
183666,48980
183666,61348
246054,54290
206847,61348
229737,54290
203796,53386
208341,53386
244278,48980
25743,36720
225699,51974
67335,61348
228729,53386
253557,59776
161787,48980
171684,34092
171684,56714
188196,61348
157398,61348
248550,51974
184509,53386
203073,53386
204228,51974
248796,53386
211524,53160
250362,53386
154434,57804
230091,63186
230091,42132
211632,53386
208554,57804
157185,61280
193965,57414
128334,36720
210045,51974
216309,50274
198279,54290
245154,54290
208872,48980
201741,48980
246804,57804
154551,57804
245976,53386
192942,36720
209799,36720
177951,51974
203280,57414
209793,52620
155100,48980
229473,53386
171684,59822
171684,1304
213978,63540
213978,63136
252081,53160
207339,53160
191256,11490
154098,54864
253683,57804
210234,53160
192549,32496
208872,57804
191316,1372
191316,10808
247983,53160
229536,59776
198792,57804
88920,36720
200964,11490
212478,48980
228753,61348
247974,48980
204483,48980
67158,53386
175878,53386
203820,51974
244644,10652
154551,51974
246804,51974
213102,48980
204774,51974
208209,61280
199479,36720
230178,61348
233970,51974
167652,48980
184698,48980
184950,11490
225501,53160
248682,53386
244866,10808
244866,1372
166002,61348
64218,36720
203445,57804
248706,63538
248706,50718
248706,30500
248706,33886
249930,59394
208518,35732
208518,56696
246042,36720
247002,10808
247002,1372
184710,61348
163044,61348
207330,57804
207144,36720
206811,36720
206406,36720
177921,53386
164337,54290
206811,48298
206406,48298
207144,48298
153642,36720
227616,36720
231057,53160
248301,36720
211533,53386
161208,48980
174513,48980
184710,54290
163044,54290
212526,54290
213102,54290
207465,16358
184104,54290
171684,16358
207465,49888
207465,62860
207465,63508
207465,62944
250362,54290
203775,57804
250977,48980
157224,48980
61344,59776
67158,61348
236520,57804
179853,54290
162603,53386
186327,54290
253683,48298
246150,61348
203328,51974
252405,48980
228753,54290
183387,53386
193965,33886
193965,30500
193965,63538
193965,50718
238536,61348
153888,30500
153888,33886
153888,50718
153888,63538
235458,54290
188730,61348
187734,61348
174195,54290
219420,10652
67764,53386
211407,59776
234972,57804
234018,57804
164007,54290
187386,61348
223518,57804
192159,57804
65640,36720
156024,53386
199854,53386
154032,36720
223071,61348
66915,51974
192618,61348
250434,61280
64365,53386
191316,59396
191316,62274
187221,36720
204768,35732
204768,56696
241389,61348
212301,36720
228729,51974
188604,53386
153600,36720
59700,48980
153792,48980
72918,48298
211965,11490
177474,61348
188637,48980
60762,53160
59700,53386
183363,61348
192714,54290
205731,11490
129204,11490
183450,57804
208209,48980
212430,54290
227295,54290
153867,61348
244731,62074
193965,54096
198945,54290
187650,54290
181110,11490
203700,54290
166599,57804
238068,57804
217494,53386
188196,48980
226662,53386
179853,36720
164661,48298
231876,54864
183921,54290
252774,11490
223554,11490
253191,57804
219381,56696
219381,35732
244866,57414
191256,48980
249159,48980
227295,61348
212430,61348
181110,48298
129135,53386
208209,57804
247956,48980
183366,61540
208053,36720
203328,11490
211740,54864
187221,61348
248682,54290
244731,1304
244731,59822
173667,54290
201741,53386
222906,48980
177474,53386
155100,54290
214194,61348
246042,61348
241389,54290
72108,48980
218061,57804
96444,57804
249579,57804
205905,57804
178068,61348
65067,61348
249687,61280
247986,57804
247548,61348
222759,59776
249207,53386
193965,10652
206673,36720
158658,53386
60762,63540
60762,63136
220269,51316
155034,10652
187386,54290
164337,48980
211947,61348
167316,48298
244644,50718
244644,30500
244644,33886
244644,63538
230178,54290
64959,53386
155337,54290
218121,35846
197286,11490
250653,11490
245631,61348
251121,48298
224169,61348
192549,11490
230091,50718
230091,30500
230091,33886
230091,63538
173613,53386
64272,16358
154812,10652
206850,36720
128763,48980
220269,60
203820,57804
212211,53386
198792,51974
238032,53160
209994,48980
237804,53386
188700,54290
165717,54290
154869,61348
65637,35846
173613,51974
177951,48980
230028,53160
254118,10652
195507,57804
229737,53386
253191,59394
203829,51974
228438,48980
72930,36720
185817,57414
205731,57804
249207,54290
181101,61348
72645,57804
175293,51974
165312,63186
165312,42132
244971,63360
216564,48298
249207,61348
203184,35846
214194,53386
230091,62944
230091,63508
230091,62860
230091,49888
156063,51974
153402,61348
161787,61348
176577,36720
153813,54290
234555,16358
204144,48980
239577,59394
250977,51974
246963,59776
203706,57804
203295,57804
203301,57804
201564,57804
212892,57804
206364,60
178068,57804
181746,54290
227115,57804
210678,57804
247986,51974
207243,36720
139272,54290
129204,57804
222204,54290
244158,53386
193965,35846
211989,57804
207597,53386
204144,61348
154740,53386
208092,61348
192300,54290
210876,54290
165684,54290
173667,53386
154476,61348
246963,63540
246963,63136
196845,54290
203829,57804
204780,57804
203871,57804
222669,59776
210954,54290
204093,61280
165687,10652
208794,11490
173940,51974
183366,63360
237195,1372
237195,10808
203811,53386
153867,36720
165312,124
164541,63510
166995,51974
139272,53386
246042,48980
208812,62274
208812,59396
203277,48298
186378,61348
211386,61348
242856,48298
252480,51974
215112,53160
229473,48980
224631,53386
181101,36720
165726,53386
157185,61348
232410,57414
187224,53386
72645,54864
208209,51974
211524,63136
211524,63540
247002,50718
247002,33886
247002,30500
247002,63538
252210,57804
237840,59776
72561,61348
245631,48980
231162,30500
231162,63538
231162,50718
231162,33886
221409,63538
221409,33886
221409,50718
221409,30500
185817,10652
203259,54290
217380,54290
203439,54290
179700,48980
246042,11490
220269,52620
223782,53386
186882,51974
154506,54096
211473,51974
247956,54290
213102,36720
216564,61348
164871,35846
192942,48298
25743,54290
203439,53386
217380,53386
203259,53386
240939,57804
183213,59776
210234,63136
210234,63540
233970,48980
154803,53386
65637,30500
65637,33886
65637,63538
65637,50718
197034,48298
205731,51974
244158,54290
252210,11490
202818,32496
155034,33886
155034,63538
155034,50718
155034,30500
192549,54290
249294,11490
216108,48980
158658,51974
242151,54290
198882,54290
154509,54096
220713,36720
208209,48298
204093,57804
154698,54290
154560,61348
203184,16358
186987,54290
220713,59776
208449,35846
225501,63136
225501,63540
221247,61540
212442,53160
208812,48980
186177,36720
251619,52620
206481,52620
212748,52620
206418,59776
223071,54290
206406,53386
207144,53386
206811,53386
129204,51974
241350,61348
242130,61348
154779,54290
206364,53160
238536,36720
128526,54864
165687,33534
68496,54290
153669,35846
238068,59394
166599,59394
212448,63136
212448,63540
247986,48298
180195,54864
224931,53386
204483,51974
247974,51974
205812,53386
67764,51974
183387,61348
211950,61280
211812,54290
193965,16358
230091,63510
183213,53160
68676,54290
238536,48298
173667,54864
254118,50718
254118,33886
254118,63538
254118,30500
65637,1372
65637,10808
227310,11490
188961,61348
153279,54290
249294,57804
247974,57804
204483,57804
210954,53386
203445,54290
209796,36720
203073,54290
249687,48980
246804,48980
232269,52620
230178,48980
207600,57804
211632,61348
252210,51974
211812,61348
208794,33534
200364,54290
203328,57804
205188,57804
248178,57804
201837,57804
210129,57804
251721,57804
208545,57804
200508,48298
244971,61540
203445,53386
208554,11490
203736,57804
154803,61348
72108,57804
153279,61348
217536,1304
217536,59822
207465,33534
205959,54864
188730,48980
187734,48980
217002,57804
221409,57414
204093,48980
216948,36720
128763,61348
156024,54290
244731,30500
244731,63538
244731,33886
244731,50718
165786,54864
245631,54290
211140,63540
211140,63136
166128,61348
203166,51974
206772,59776
206964,59776
204189,33534
250434,54290
225480,57804
212892,51974
229812,48980
249687,48298
153669,57414
187650,61348
216108,51974
249573,57414
217494,54290
206748,61540
157185,53386
164661,57804
238611,53386
203082,53386
196845,53386
211140,61348
206412,54290
211641,54290
206514,54290
206484,54290
206763,54290
240939,61348
166995,48980
166128,54290
210393,61348
234093,61348
237195,30500
237195,50718
237195,63538
237195,33886
244287,53160
206406,54290
207144,54290
206811,54290
216309,42132
216309,63186
154434,48980
208554,51974
210633,53160
154758,54290
208449,16358
154698,48298
222906,53386
129135,54290
61344,63540
61344,63136
184710,53386
163044,53386
223782,51974
246963,53160
188100,53046
161787,53386
219048,53386
164337,61348
247983,63136
247983,63540
172695,48980
203256,54290
207465,63510
244278,53386
56871,61348
204717,48298
253191,48298
153669,16358
209184,10652
223728,48980
203199,10652
162603,61348
172503,36720
220713,54864
181101,54290
208503,11490
251631,11490
242571,11490
61344,53160
253191,61280
247986,61348
228438,51974
154476,48980
210168,54290
61692,54290
238032,63136
238032,63540
224631,54290
164457,36720
193965,124
199044,50274
230028,63136
230028,63540
221247,53160
211473,53386
212301,54864
216108,53386
66915,53386
188700,53386
165717,53386
204228,61348
64272,35846
25743,61348
72117,53160
206496,36720
65328,53386
65313,48980
212283,53386
211524,59776
210000,61348
154779,48298
154551,48980
233970,53386
158658,48980
64272,10652
210633,63136
210633,63540
253578,61348
192942,54290
166599,48298
238068,48298
71301,53046
221247,63540
221247,63136
178818,35846
191247,54290
217536,1370
217536,62376
194883,36720
242571,51974
251631,51974
208503,51974
248202,61540
217536,62074
217536,35732
217536,56696
62817,36720
210393,11490
234093,11490
230091,10652
223554,51974
252774,51974
210045,61348
183576,59394
64272,57414
212112,54290
196722,54290
203271,54290
204771,53386
164541,10652
160770,57804
216564,53386
154779,61348
181110,54290
206304,48980
210234,59776
187224,51974
161058,53386
208566,57804
154869,53386
227670,53386
216309,63510
171702,36720
209994,54290
154506,35846
210876,53386
165684,53386
192942,53386
242232,59776
238827,59776
206955,59776
244005,61348
225699,61348
65313,53386
251169,57804
213513,36720
199044,54096
230091,50274
197034,57804
167652,36720
208518,63510
162843,61348
174195,53386
192549,48298
244866,10652
157185,54290
208872,61280
249297,53386
208794,48980
231876,60
188604,54290
154509,35846
209094,36720
178068,48980
249207,36720
164871,10652
72117,63136
72117,63540
195723,54290
253578,53386
216309,50718
216309,63538
216309,33886
216309,30500
163101,54864
221247,63360
155481,50718
155481,33886
155481,30500
155481,63538
198882,48298
242151,48298
203274,54290
224208,53160
249159,57804
207222,53160
227310,48298
175878,54290
244866,63186
244866,42132
217293,48298
72108,48298
154803,54290
253557,53160
194601,59776
229977,54864
208566,11490
234555,10652
199044,62860
199044,63508
199044,62944
199044,49888
153792,36720
227670,54290
222159,30500
222159,33886
222159,50718
222159,63538
230091,124
154770,36720
203199,33886
203199,63538
203199,30500
203199,50718
154740,54290
153348,10808
153348,1372
206763,48298
206412,48298
211641,48298
206484,48298
206514,48298
222159,1372
222159,10808
246150,48980
128901,61348
203700,53386
253335,54290
208788,11490
253683,61348
202959,50718
202959,63538
202959,33886
202959,30500
254118,35846
157398,53386
194424,10652
208566,51974
203184,10652
236775,48980
230331,48980
212478,61348
67371,30500
67371,50718
67371,33886
67371,63538
154485,61348
25743,53386
68496,48980
153669,10652
164871,57414
252405,51974
153999,54290
207105,60
171684,35732
171684,56696
209073,36720
232068,53386
128538,63136
128538,63540
208500,57804
217002,51974
154041,36720
213102,53386
188844,35846
249159,51974
248013,57804
251085,57804
199860,57804
158016,57804
210846,57804
205728,57804
203889,57804
66378,57804
192771,57804
221151,57804
205122,57804
250629,57804
59703,57804
229521,57804
203502,57804
207396,54290
167316,57804
140277,54290
223782,48980
160770,51974
207105,53160
176403,63360
212220,63360
222750,48298
210000,53386
220011,48298
178818,30500
178818,50718
178818,63538
178818,33886
184950,61280
218121,33534
166599,61280
238068,61280
198534,54290
198279,53386
203736,53386
183450,61348
166995,53386
203820,53386
140277,53386
154506,33886
154506,30500
154506,50718
154506,63538
160770,48298
198873,48980
253557,54864
242610,53160
250977,61348
193965,42132
193965,63186
163101,59776
128538,61540
218121,50718
218121,63538
218121,30500
218121,33886
203775,53386
212301,59776
231876,52620
203727,48298
249573,11262
244287,63540
244287,63136
186987,61348
206361,59776
230073,53160
207105,59776
217782,52620
65067,48980
205812,61348
253671,54290
171684,62074
203280,63186
203280,42132
230286,54864
219048,54290
161208,54290
229812,48298
236775,57804
230331,57804
198873,53386
64272,50718
64272,33886
64272,63538
64272,30500
164871,30500
164871,33886
164871,63538
164871,50718
247002,54096
208503,48298
242571,48298
251631,48298
222759,54864
203511,53386
65052,53386
232410,1372
232410,10808
206439,52620
236226,59776
64365,48980
230028,59776
173613,48980
207219,48980
230073,52620
238032,59776
224526,53386
224169,54290
156024,36720
230073,63136
230073,63540
231708,53386
188844,16358
228438,53386
154032,54864
154698,61348
252480,53386
183213,63136
183213,63540
206349,36720
153888,57414
167316,48980
166002,53386
191316,62074
189009,36720
156063,61348
209622,53386
194424,63510
165312,63510
187224,48980
66879,36720
197529,53386
234972,48298
234018,48298
165687,124
96444,54290
205905,54290
249579,54290
218061,54290
167514,50274
161208,61348
66915,36720
67764,48980
225501,54864
183492,52620
172695,51974
250434,36720
173940,48980
206799,54864
216309,63508
216309,49888
216309,62860
216309,62944
198792,48980
154998,36720
203811,54290
247548,48980
153048,36720
204093,51974
192159,53386
223518,53386
231057,63540
231057,63136
191247,53386
227973,53386
198801,36720
230010,57522
230010,55632
211407,54864
244680,54864
207465,63186
207465,42132
203388,63538
203388,50718
203388,33886
203388,30500
230010,36720
245976,54290
206484,53386
206412,53386
206514,53386
206763,53386
211641,53386
229812,57804
234555,57414
204717,57804
175293,61348
195063,1372
195063,10808
203736,54290
191316,54096
210627,53386
249930,61280
162843,48980
229536,52620
204483,61348
247974,61348
193965,63510
238263,48298
238611,54290
203082,54290
234555,1372
234555,10808
154998,61348
67158,54290
203184,63186
203184,42132
229473,54290
65637,10652
182292,54290
249687,57804
219420,35846
154542,53386
250434,61348
250782,48980
128901,61280
182292,53386
203166,57804
216564,63136
216564,63540
206856,54864
196302,54864
166437,54290
69060,53386
203151,53386
203256,53386
203184,54096
211947,11490
153888,1372
153888,10808
246042,53386
208788,48298
179853,61348
153402,48980
204774,57804
232410,33886
232410,30500
232410,63538
232410,50718
231708,54290
154812,54096
187875,54864
69060,54290
203151,54290
227973,54290
154509,50274
188343,53386
211632,36720
206304,53386
249513,54290
229473,61348
167256,53386
191256,61348
128604,36720
207465,54096
154509,30500
154509,33886
154509,50718
154509,63538
208518,62860
208518,63508
208518,62944
208518,49888
153669,54096
242610,63136
242610,63540
164541,63538
164541,33886
164541,50718
164541,30500
153348,33886
153348,30500
153348,50718
153348,63538
252696,53386
232035,48298
234864,36720
177474,54290
244731,50274
226140,36720
221331,36720
203214,57804
67335,36720
177951,61348
154665,59776
211236,53386
220728,53160
154485,48980
234120,54864
236226,52620
206850,54290
154770,54290
164871,54096
211947,51974
192768,10808
220170,1372
220170,10808
192768,1372
238377,10808
238377,1372
211140,53160
185817,54096
206496,54290
248202,54864
230091,16358
187962,36720
229521,48298
66378,48298
158016,48298
251085,48298
203502,48298
205122,48298
199860,48298
210846,48298
250629,48298
192771,48298
221151,48298
205728,48298
203889,48298
59703,48298
218121,124
157854,57522
157854,55632
203184,50718
203184,63538
203184,33886
203184,30500
209184,63510
185817,50720
66915,61348
224526,54290
218121,10652
153813,61348
196722,53386
212112,53386
203271,53386
166995,54864
191316,59394
88920,54864
200964,51974
163377,36720
212448,61540
203724,54290
224208,63540
224208,63136
212220,54864
176403,54864
208572,48298
210690,48298
208524,48298
212571,48298
242412,48298
221526,48298
201798,53386
196455,51974
186882,57804
250434,53386
153888,10652
244173,36720
183363,53386
160029,48298
204228,48980
205959,59776
165687,30500
165687,33886
165687,63538
165687,50718
249513,48298
223728,59394
246858,57804
203775,54290
242505,50718
242505,33886
242505,30500
242505,63538
128538,63360
154758,61348
201741,54290
164661,61348
209796,61540
253671,36720
246804,61348
154551,61348
246618,48298
153669,63186
153669,42132
213978,61540
177474,36720
65052,54290
207222,59776
228729,48980
215112,63540
215112,63136
216309,10652
155034,35846
205815,36720
211950,57804
244278,61348
231057,61540
203274,53386
207330,54290
207105,54864
186882,61348
166128,53386
187650,36720
211473,48980
220728,54864
210045,48980
249687,51974
167256,54290
65328,54290
231162,57414
220728,59776
160770,61348
208209,61348
68496,61348
181101,53386
197286,48298
250653,48298
166002,57804
63876,55632
63876,57522
154542,54290
253191,48980
206418,63540
206418,63136
215112,61540
222159,10652
206964,54864
206772,54864
203280,10652
209796,53160
201798,54290
239577,61280
72045,59776
246150,53386
211140,63360
252480,48980
171684,35846
197529,54290
157767,54290
60864,54290
230286,59776
207339,61540
252081,61540
210627,54290
206364,63136
206364,63540
175809,61540
248706,16358
154506,42132
154506,63186
246150,54290
251169,48298
230091,62274
230091,59396
188961,53386
231663,54864
230010,59776
222759,52620
249855,35846
252405,48298
64365,54290
220011,57804
252696,54290
242130,59776
214998,54864
228729,54290
153348,10652
234156,54864
203199,54096
154509,63186
154509,42132
206850,48298
206964,52620
206772,52620
207600,53386
72645,53386
167514,63418
167514,39186
203301,48298
203295,48298
203706,48298
201564,48298
59700,54290
206868,63540
206868,63136
203724,48298
177951,53386
242856,54290
210120,54290
238263,54290
249297,54290
175809,54864
56871,53386
203199,35846
188787,36720
188844,54096
244005,48980
181593,36720
65637,57414
192549,61348
198792,53386
206868,53160
207222,51316
223554,57804
252774,57804
217782,59776
247548,53386
196455,48298
212442,63540
212442,63136
179853,53386
207618,54290
196455,11490
96444,53386
249579,53386
218061,53386
205905,53386
206418,53160
167316,51974
207597,54290
172695,53386
247962,59776
212892,53386
216564,63360
211989,48298
206418,61540
252405,61348
59700,61348
154506,16358
186987,53386
238536,54290
155481,10808
155481,1372
178818,54096
223518,54290
192159,54290
164871,33534
195063,33886
195063,63538
195063,50718
195063,30500
200964,48980
220170,30500
192768,30500
192768,63538
192768,33886
238377,50718
238377,30500
238377,33886
192768,50718
238377,63538
220170,63538
220170,33886
220170,50718
166437,36720
244158,36720
162960,16358
128538,53160
211947,48298
128901,48980
208518,33886
208518,63538
208518,50718
208518,30500
193965,50274
234555,33886
234555,63538
234555,30500
234555,50718
154509,16358
202818,36720
161787,54290
167514,16358
156063,48980
233970,61348
206748,63360
203199,16358
192618,54290
61824,54290
239577,51974
199044,63418
199044,39186
244644,54096
65067,53386
228024,36720
251967,61540
248205,54290
153402,53386
198792,61348
220011,59394
210678,48298
227115,48298
238068,48980
166599,48980
229536,61540
67764,54290
201741,61348
160029,54290
208500,48298
154506,63510
195372,51316
203328,48298
204411,36720
180495,54864
183468,59776
244005,53386
211140,61540
215112,54864
250782,53386
195507,48298
211533,61540
167514,63186
167514,42132
155388,54864
191316,63186
191316,42132
236520,51974
206418,54864
161058,54290
164871,63186
164871,42132
164661,61280
206850,53386
210633,61540
226623,48298
251253,48298
183450,53386
206364,59776
206361,53160
200964,48298
204657,54864
209154,48298
195372,52620
214998,52620
167514,35846
208449,54096
183576,61348
203277,57804
222759,63360
190152,63540
190152,63136
206367,36720
210897,36720
206646,36720
249573,10808
249573,1372
200964,57804
224169,53386
88821,54290
165750,54290
154476,53386
229812,61348
210129,48298
251721,48298
201837,48298
205188,48298
248178,48298
208545,48298
181746,36720
208449,63186
208449,42132
253557,51316
232614,36720
248292,54864
252405,57804
225480,53386
249855,57414
190152,53160
64365,61348
194424,54096
154869,54290
214506,53386
231876,53046
216822,63540
216822,63136
220728,63136
220728,63540
154506,50274
167514,36720
225501,61540
212220,51316
176403,51316
244971,63540
244971,63136
244866,54096
154698,53386
240939,51974
249222,16358
217002,48980
162984,59776
243408,61540
225276,53386
253557,63136
253557,63540
247002,16358
187806,52620
158658,54290
154698,59776
194424,49888
194424,63508
194424,62860
194424,62944
154509,63510
154476,54290
208554,48298
207240,59776
183387,54290
206304,54290
216564,61540
222159,35846
206439,53160
61344,61540
188787,51316
203871,53386
204780,53386
184698,53386
206799,36720
249486,54864
210120,53386
204189,59776
216564,53160
242130,52620
247983,61540
173940,61348
206496,53386
249573,36720
173613,54290
154812,30500
154812,33886
154812,50718
154812,63538
128901,54290
187659,52620
195063,10652
232035,54290
166002,54290
158742,53386
248202,63360
204243,54290
187386,53386
72117,61540
208449,63510
227310,54290
241824,55632
241824,57522
208053,54864
206496,48298
214998,51316
246858,50720
244644,35846
206748,54864
217002,61348
154758,48298
214998,53160
253464,35846
72930,53160
204771,54290
204243,53386
184950,51974
210978,54864
250947,48298
248373,48298
200964,61348
234555,35846
204768,35846
231162,1372
231162,10808
206439,63136
206439,63540
204189,32496
178818,50274
181110,61348
229812,51974
175809,36720
203388,1372
203388,10808
191316,10652
72108,51974
208206,53386
128526,52620
154812,16358
242232,52620
206955,52620
238827,52620
210393,57804
234093,57804
244866,124
208206,54290
206928,36720
249216,36720
250749,36720
253506,36720
206838,36720
216309,124
225501,51316
209796,53046
204189,61280
206748,51316
72045,52620
196302,36720
206856,36720
60762,63360
188844,63510
232404,36720
188343,54290
165312,33534
193965,36720
188100,55632
188100,57522
209793,53160
162795,54864
206448,36720
207084,36720
197034,54290
209796,63360
187707,59776
203829,53386
207222,63136
207222,63540
205959,52620
211965,48298
191316,16358
187224,54290
211407,61540
186378,54290
211386,54290
154506,49888
154506,62860
154506,62944
154506,63508
213978,63360
154812,42132
154812,63186
153813,53386
244287,61540
72108,61348
220269,53160
244731,10652
231057,54864
253464,57414
250275,36720
206988,36720
206433,36720
206625,36720
206637,36720
249573,59396
249573,62274
223968,52620
67371,57414
173940,53386
194409,59776
242232,54864
238827,54864
206955,54864
204189,52620
166995,61348
236520,61280
230073,61540
65067,54290
211473,54290
128526,53046
154812,35846
61824,53386
187734,36720
188730,36720
248013,54290
223782,54290
185817,35846
242610,63360
207465,59394
206670,36720
60864,53386
252480,61348
63876,59776
155034,16358
214998,60
248682,59776
128526,51316
237840,53160
212442,61540
202818,51974
244005,54290
242505,35846
212478,54290
71301,57522
71301,55632
249930,51974
223071,36720
155034,54096
198279,61540
199479,54864
65637,16358
207219,61348
248202,51316
214998,61540
189045,54864
230286,52620
206514,36720
211641,36720
206763,36720
206412,36720
206484,36720
154098,59776
220713,63360
206418,63360
187806,59776
208092,54290
216309,16358
64272,54096
245154,36720
209793,60
154998,54290
214194,36720
155388,61540
211533,36720
244971,53160
203280,54096
236520,60
154509,49888
154509,62860
154509,62944
154509,63508
192549,53386
253557,60
206772,63360
206964,63360
233814,52620
204189,57804
210171,36720
251121,53386
183576,61280
212283,54290
244278,54290
219231,36720
208758,36720
206670,54864
243390,54864
236520,36720
222669,53160
210000,54290
202818,61348
199044,35846
88821,53386
165750,53386
162984,54864
237195,10652
208341,36720
203796,36720
174513,36720
249855,10652
188196,53386
242856,53386
167316,53386
222759,61540
207084,54864
206448,54864
165312,62944
165312,63508
165312,62860
165312,49888
227616,54864
213114,54864
231057,63360
203511,54290
157224,36720
204717,54290
212442,54864
244866,30500
244866,63538
244866,33886
244866,50718
154509,62274
154509,59396
244041,54864
61899,51316
205812,54290
203199,63186
203199,42132
209622,36720
209793,54864
204768,1372
204768,10808
209184,63508
209184,62944
209184,49888
209184,62860
179790,54864
183492,59776
157767,53386
208794,57804
253578,54290
247002,42132
247002,63186
249486,52620
185817,50274
206625,54864
206637,54864
206433,54864
162603,36720
60762,61540
157854,61540
203214,54290
206673,54864
217536,62274
217536,59396
183576,36720
178818,16358
68676,36720
215112,63360
204375,59776
194601,63360
157854,63360
207927,36720
153642,54864
186882,53386
164871,124
251643,54864
183666,53386
220269,59776
188331,51316
216822,53160
155481,10652
230091,35846
153756,54864
209622,61540
193965,49888
193965,63508
193965,62944
193965,62860
165312,50720
223554,48298
252774,48298
186951,30500
186951,63538
186951,50718
186951,33886
206928,54864
253506,54864
250749,54864
249216,54864
206838,54864
250275,54864
206988,54864
64272,63186
64272,42132
128901,36720
72918,53386
209793,59776
212448,63360
216108,61348
204189,51974
200508,53386
248550,53386
204480,61540
186378,53386
211386,53386
203166,53386
253191,51974
250947,54290
207240,55632
207240,57522
206349,54864
253683,53386
247548,54290
164970,54864
208518,10808
208518,1372
208788,54290
188844,63186
188844,42132
203820,54290
178818,42132
178818,63186
253464,10652
228024,53386
185817,63186
185817,42132
205731,48298
129204,48298
207222,60
203388,35846
242151,53386
198882,53386
206868,59776
209796,52620
188637,36720
163377,54864
251643,59776
234120,55632
234120,57522
162960,10652
242505,10652
241824,53046
243408,54864
210897,54864
206646,54864
206367,54864
207330,53386
244041,36720
214998,59776
158658,61348
154698,52620
184710,36720
248373,54290
128334,54864
154560,54290
162843,54290
56871,54290
199854,36720
167514,124
188100,59776
242232,63360
206955,63360
238827,63360
153888,35846
176403,53046
212220,53046
154812,63510
250782,54290
254118,16358
242610,61540
165726,61540
195372,59776
211632,54290
211950,11490
155388,36720
252480,54290
252210,48298
213513,54864
248550,54290
207339,63360
252081,63360
209796,59776
209796,60
244866,33534
153402,54290
237840,61540
207465,11490
233970,54290
207465,124
207465,50720
173613,61348
247956,54864
211236,54290
68496,54864
240939,32496
183387,36720
72930,61540
71301,59776
211965,54290
247002,10652
228438,61348
225699,53386
200508,54290
249207,59776
232269,59776
203280,124
208794,36720
174513,54864
230073,54864
212301,63360
186177,61540
249294,48298
247029,54864
248682,61540
208092,36720
128526,53160
165726,36720
247983,63360
236775,59394
230331,59394
209073,54864
210393,51974
234093,51974
185817,63510
61344,63360
224208,63360
220170,63510
238377,63510
192768,63510
235932,36720
210840,36720
164007,54864
253578,36720
178818,63510
171702,54864
154041,54864
203280,33886
203280,63538
203280,30500
203280,50718
207219,54864
187386,59776
154485,54290
71301,52620
188100,52620
188961,54290
181110,53386
219231,48298
208758,48298
184104,54864
228753,36720
198279,36720
163044,36720
166599,51974
238068,51974
250653,54290
197286,54290
204093,61348
232404,54864
158610,57414
253677,57414
229536,63360
211524,54864
196311,59776
207096,59776
128526,63540
128526,63136
154665,61540
209796,63540
209796,63136
221331,51316
226140,51316
232410,10652
187707,52620
244644,16358
195723,53386
181101,51316
232068,36720
207222,54864
167652,54864
157224,54864
190152,59776
65577,36720
243390,36720
231663,55632
231663,57522
72561,54290
195723,36720
176643,36720
172587,36720
72918,54290
186177,51316
187962,54864
225501,53046
213114,52620
244092,54864
198534,53386
210234,54864
219420,16358
230091,59394
216948,54864
214194,54290
234972,54290
234018,54290
153669,124
184698,54290
220269,61540
204189,63418
204189,39186
248202,53046
191316,63510
66879,54864
211533,51316
155337,54864
244287,63360
153138,36720
251643,52620
249222,10652
191316,62944
191316,49888
191316,63508
191316,62860
231459,54864
164541,62944
164541,62860
164541,63508
164541,49888
240939,60
186987,36720
206406,59776
206811,59776
207144,59776
206772,61540
206964,61540
162843,53386
197034,53386
211524,61540
185817,32496
158610,35846
253677,35846
223782,61348
194424,63186
194424,42132
214998,63360
154560,53386
249930,48980
62817,61540
244731,63508
244731,49888
244731,62860
244731,62944
244731,63510
230010,53046
247002,124
72930,52620
175809,63360
232269,53160
194424,50720
224208,61540
62817,51316
237195,63510
254118,50274
210234,61540
154779,53386
65313,54290
247962,63540
247962,63136
187386,52620
207156,1372
207156,10808
139272,59776
172695,61348
248013,53386
212220,60
176403,60
237840,54864
212748,59776
206481,59776
251619,59776
237840,63540
237840,63136
194424,50274
196845,36720
203700,36720
211950,61348
236226,63360
211407,63360
203724,61540
64218,54864
176643,54864
172587,54864
209796,51316
213513,59776
209796,57522
209796,55632
208566,48298
198279,63360
193965,59396
193965,62274
64272,124
185817,16358
211812,36720
210840,54864
235932,54864
251967,63360
156225,54864
162603,54290
154506,63418
154506,39186
219231,54290
208758,54290
212430,36720
227295,36720
194424,35846
207600,54290
63876,61540
154098,52620
154506,124
231162,10652
231057,51316
220269,54864
226140,60
221331,60
220713,61540
237195,35846
202959,1372
202959,10808
207105,63540
207105,63136
210633,63360
243408,53046
154485,53386
220713,52620
219381,57414
204717,53386
220269,63136
220269,63540
183213,61540
204774,53386
244644,63510
72930,63136
72930,63540
234018,53386
234972,53386
250977,53386
203214,53386
192942,59776
153792,51316
164970,52620
213978,54864
162960,35846
254118,63510
154509,124
184950,61348
204768,10652
204657,61540
206361,54864
242412,53386
208524,53386
212571,53386
177951,54290
230073,63360
167514,62274
167514,59396
188844,124
211473,61348
253557,61540
187806,51316
252081,51316
207339,51316
251121,54290
231876,59776
192618,53386
247002,35846
224169,36720
155034,63510
201741,36720
222759,53160
206799,59776
249159,61348
154758,53386
72045,63360
246963,61540
72117,63360
155034,42132
155034,63186
154119,54864
214998,53046
72930,63360
178818,49888
178818,63508
178818,62944
178818,62860
154098,57522
154098,55632
183468,54864
67371,10652
189009,54864
251967,51316
61344,51316
217293,53386
65577,54864
72561,53386
244287,54864
211533,63136
211533,63540
153792,60
206772,53160
206964,53160
248682,52620
203727,53386
183213,54864
247029,53046
203280,33534
249687,53386
208872,11490
232035,61540
216309,62274
216309,59396
163101,63360
198552,54864
238377,49888
220170,62860
220170,62944
220170,63508
220170,49888
192768,62944
192768,63508
238377,62944
192768,62860
238377,63508
192768,49888
238377,62860
154665,63360
206361,63540
206361,63136
235458,54864
72117,51316
216822,36720
154779,52620
208812,57804
241389,36720
207240,52620
205959,61540
154509,39186
154509,63418
209073,61540
248706,10652
212448,54864
188685,54864
164661,54290
205812,36720
199854,61540
208092,53386
128526,60
208209,53386
186987,51316
212442,63360
162960,10808
162960,1372
209622,51316
232029,55632
232029,57522
181101,60
154998,53386
153048,54864
157398,54290
165687,1372
165687,10808
177921,36720
153348,35846
223728,57804
72645,57522
72645,55632
203184,124
249222,35846
188331,60
224208,54864
224841,54864
212448,51316
207156,35846
247983,51316
242412,54290
208524,54290
212571,54290
225276,54290
246618,53386
219381,50718
219381,30500
219381,33886
219381,63538
248706,35846
230028,54864
238032,54864
191316,124
232269,63136
232269,63540
88920,53046
240912,54864
206439,59776
247986,54290
223728,61280
213513,52620
239577,48980
213114,59776
171702,59776
237840,51316
187224,61348
225480,54290
72045,61540
234156,36720
154098,53046
203700,51316
196845,51316
67764,61348
65640,54864
228729,61348
186177,60
61899,60
191316,3382
183492,53160
203277,54290
203727,54290
246858,63360
221409,10652
183468,61540
246618,54290
212892,54290
249294,54290
194883,61540
62817,60
240939,11490
65577,61540
230028,61540
244287,51316
232029,59776
154665,52620
238032,61540
206847,59776
154812,50274
158610,10652
253677,10652
162984,61540
229977,59776
230073,51316
154827,36720
89013,54864
241824,36720
207222,61540
225501,63360
191316,48980
216309,35846
194601,61540
162795,59776
209073,59776
203829,54290
171684,33886
171684,63538
171684,50718
171684,30500
253557,63360
186177,53160
246804,53386
154551,53386
175809,51316
164457,54864
186951,57414
201741,54864
249855,10808
249855,1372
154827,54864
208449,124
175809,53160
191256,59776
195372,54864
254118,54096
165312,63418
165312,39186
163101,52620
164661,36720
207156,57414
66915,54290
188844,50274
241350,59776
187806,61540
216108,54290
194424,16358
154812,63508
154812,62944
154812,49888
154812,62860
225699,54290
227670,54864
227973,54864
212301,61540
188844,62860
188844,62944
188844,49888
188844,63508
235335,36720
154506,62274
154506,59396
231876,57522
231876,55632
63876,52620
186327,52620
154779,59776
224841,36720
247002,62860
247002,49888
247002,63508
247002,62944
236775,51974
230331,51974
128526,61540
247002,50274
199854,53160
208794,51974
211524,63360
204480,36720
236226,61540
206364,54864
191316,35846
186327,59776
186987,60
62817,53160
212211,36720
167316,54290
62817,63360
67371,35846
222669,54864
157416,54864
205722,54864
203199,63510
247962,53160
155388,53160
154812,124
200364,54864
179700,53386
71301,53160
164541,16358
153279,36720
247986,51316
196311,54864
207096,54864
243390,51316
206439,54864
210978,61540
236226,53160
232269,54864
249513,53386
210234,63360
204189,54290
202818,48298
154167,54864
205959,57522
205959,55632
191256,63360
208449,50274
183213,63360
228438,54290
199479,59776
217293,54290
207105,61540
211407,51316
166128,51316
188196,54290
208812,36720
208449,63418
208449,39186
187962,59776
253464,10808
253464,1372
185817,63508
185817,62860
185817,62944
185817,49888
200964,54290
224526,36720
252696,36720
225501,60
230073,59776
217002,53386
203796,63136
208341,63136
208341,63540
203796,63540
206364,63360
227616,59776
249687,61348
204144,36720
248682,63360
207927,54864
230286,53046
220011,48980
244644,42132
244644,63186
242232,61540
206955,61540
238827,61540
251967,54864
208872,61348
72930,51316
164970,59776
180195,59776
236520,61348
203199,124
166995,54290
208794,59394
207105,63360
186177,63360
205959,53046
207105,53046
229977,53046
221526,53386
210690,53386
208572,53386
248202,60
199044,16358
249486,59776
183666,54290
188637,54864
154827,51316
248178,53386
251721,53386
208545,53386
201837,53386
160770,53386
230178,54864
235335,54864
188100,53160
237840,63360
71301,61540
242232,53160
238827,53160
206955,53160
211950,51974
155481,62860
155481,62944
155481,63508
155481,49888
204480,63360
186882,54290
203724,53386
211524,51316
210234,51316
222669,51316
253191,61348
180195,53046
240912,53046
188100,61540
242130,63360
221409,63510
187707,63360
204480,53160
206856,59776
196302,59776
154551,54290
246804,54290
188787,60
153138,54864
183468,52620
244287,60
72930,59776
238377,35846
220170,35846
192768,35846
211740,59776
179790,59776
220728,61540
206748,60
205815,54864
186177,52620
194409,61540
222750,54290
180195,61540
234555,124
212442,51316
155055,54864
187659,51316
208518,10652
220011,51974
222669,63136
222669,63540
183576,54290
210393,48298
234093,48298
199044,42132
199044,63186
163251,36720
155388,63360
195063,35846
214998,63136
214998,63540
250782,36720
222669,61540
88920,61540
155034,50274
129135,36720
192300,36720
220269,63360
249930,61348
230091,39186
230091,63418
239577,61348
211740,57522
211740,55632
210633,51316
187221,54864
211989,53386
212301,52620
244680,53046
196311,61540
207096,61540
215112,51316
179700,54290
214506,54290
158742,54290
224169,51316
178068,53386
208053,52620
154032,52620
230028,51316
60762,54864
254118,62944
254118,63508
254118,49888
254118,62860
153600,61540
165786,36720
213978,51316
184950,48298
208449,62860
208449,62944
208449,49888
208449,63508
195507,53386
61824,36720
192627,54864
208872,48298
218121,42132
218121,63186
155043,54864
243390,61540
222750,53386
162984,52620
244731,54096
199854,63136
199854,63540
198279,53160
244644,124
154167,36720
191256,63136
191256,63540
227616,52620
206673,59776
203259,54864
203439,54864
217380,54864
165786,53046
211533,53160
188331,52620
153600,54864
235335,61540
236520,48298
155043,36720
223968,59776
254118,33534
236775,61280
230331,61280
164337,54864
204144,54864
231876,53160
248706,10808
248706,1372
72645,53046
230010,63360
63876,53046
247983,54864
191256,61540
153642,59776
206850,59776
211740,36720
210633,60
72645,54290
190152,54864
206868,54864
195372,61540
165726,63360
173667,53046
203184,63510
199044,124
238032,51316
212526,36720
65637,50720
187707,61540
204375,61540
244731,36720
201837,54290
248178,54290
208545,54290
251721,54290
194883,54864
188844,63418
188844,39186
171684,10808
171684,1372
221409,62944
221409,49888
221409,62860
221409,63508
69060,54864
203151,54864
155388,51316
221526,54290
208572,54290
210690,54290
163101,61540
154434,53386
209793,53046
198573,36720
208053,51316
165684,61540
61692,53160
210168,53160
207240,61540
65052,36720
232029,63540
232029,63136
206364,61540
232035,53160
139272,61540
217782,61540
183468,63360
237195,63508
237195,62860
237195,49888
237195,62944
207243,54864
65637,33534
187875,53046
228438,36720
253557,53046
183450,54290
217494,54864
232035,63360
186177,59776
217494,61540
211989,54290
204780,54290
203871,54290
228753,54864
164337,36720
239577,53386
230028,63360
202959,63510
246054,59776
195372,53160
72045,53160
162984,63360
208500,53386
236775,48298
230331,48298
208053,53160
238032,63360
223968,54864
219420,57414
155388,63136
155388,63540
207240,53046
203796,51316
208341,51316
206811,61540
207144,61540
206406,61540
218121,54096
203811,54864
202959,10652
251169,54290
163578,54864
185817,124
204093,53386
242505,63510
233814,59776
154998,61540
183576,53386
203166,54290
235335,63360
188331,59776
166599,61348
238068,61348
200508,61540
231162,50274
187806,63360
246963,51316
154434,54290
153792,54864
242856,36720
175809,59776
72918,61540
175809,63540
175809,63136
199854,51316
219420,1372
219420,10808
211533,63360
186951,10652
186177,63540
186177,63136
194883,53046
242439,54864
209622,53160
249159,53386
207465,3382
209184,10808
209184,1372
216309,59394
250362,63540
250362,63136
251643,61540
208500,54290
216108,36720
153600,59776
71301,63360
246963,54864
195507,54290
194883,53160
253677,1372
253677,10808
158610,10808
158610,1372
204768,33886
204768,30500
204768,50718
204768,63538
210168,63540
61692,63540
61692,63136
210168,63136
198855,54864
223968,53160
178458,52620
244644,50274
211989,61540
203727,61540
222204,54864
241389,54864
242856,51316
217293,61540
242130,61540
207243,61540
207618,54864
254118,42132
254118,63186
249297,36720
232410,35846
249573,63510
188100,63360
229977,52620
227973,55632
227670,55632
227670,57522
227973,57522
160029,53386
64218,61540
199044,59396
199044,62274
206496,59776
167316,61348
207396,54864
165717,61540
188700,61540
154821,36720
154998,63360
216309,52620
219381,35846
249207,61540
173940,54290
203277,53386
62817,52620
186327,54864
229977,57522
229977,55632
232410,63510
63876,63360
217380,57522
217380,55632
203259,57522
203439,55632
203259,55632
203439,57522
249573,35732
249573,56696
247002,63510
62817,59776
199854,63360
207927,51316
62817,63540
62817,63136
64272,33534
206349,61540
205722,61540
157416,61540
128526,59776
244278,36720
62817,54864
155481,63510
209622,63360
249573,62944
249573,63508
249573,49888
249573,62860
206349,53160
206673,52620
220728,51316
191256,52620
230073,60
222159,16358
204375,52620
204189,50720
154506,33534
210171,54864
208872,51974
246054,54864
188787,61540
198279,63540
198279,63136
207240,63360
172695,54290
192942,61540
63876,63136
63876,63540
198573,61540
213114,61540
194409,52620
232269,51316
249930,53386
212526,61540
185817,59396
185817,62274
173667,36720
154821,54864
165687,42132
165687,63186
251169,53386
195372,63540
195372,63136
234864,54864
155481,50720
155034,49888
155034,63508
155034,62944
155034,62860
187806,53160
128526,63360
212211,61540
194883,52620
237840,60
88920,59776
209994,54864
61344,57522
61344,55632
206304,36720
238263,53386
246963,63360
208788,51316
206361,61540
209622,63540
209622,63136
248682,54864
61899,52620
209793,63540
209793,63136
172503,54864
217782,54864
246618,61540
155034,124
198573,51316
204375,54864
203199,49888
203199,62944
203199,62860
203199,63508
178818,62274
178818,59396
65577,51316
154827,61540
206847,54864
88920,63360
69060,55632
69060,57522
203151,55632
203151,57522
227292,52620
202959,62860
202959,63508
202959,62944
202959,49888
198882,51316
242151,51316
208341,63360
203796,63360
226662,54864
244173,54864
205188,53386
210129,53386
244644,62860
244644,62944
244644,49888
244644,63508
248205,54864
187659,59776
198792,54290
153348,63510
181101,61540
191316,50720
188787,52620
175878,36720
186951,10808
186951,1372
88920,55632
88920,57522
201564,53386
203301,53386
203295,53386
203706,53386
220728,63360
128334,53160
203889,54290
210846,54290
221151,54290
205122,54290
203502,54290
192771,54290
250629,54290
66378,54290
229521,54290
205728,54290
59703,54290
158016,54290
199860,54290
251085,54290
162960,57414
61344,60
153600,63360
206868,51316
229977,61540
204189,11490
166128,60
250362,54864
194424,124
206850,61540
211533,59776
187806,60
207243,59776
213114,53160
187224,36720
253683,54290
212112,54864
196722,54864
203271,54864
203256,54864
213513,61540
188637,59776
222204,36720
153999,59776
208503,53386
242571,53386
251631,53386
194409,63360
158016,53386
251085,53386
199860,53386
203889,53386
221151,53386
205728,53386
203502,53386
210846,53386
250629,53386
59703,53386
66378,53386
205122,53386
229521,53386
192771,53386
153669,50274
246042,63136
246042,63540
208812,51974
198981,51316
227115,53386
210678,53386
204228,53386
218121,1372
218121,10808
210876,61540
212301,55632
212301,57522
254118,62274
254118,59396
249486,63540
249486,63136
227310,53386
154812,63418
154812,39186
153669,33534
187734,54864
188730,54864
246042,63360
217782,63360
242130,63136
242130,63540
191256,53160
61824,63360
232029,52620
225501,57522
225501,55632
232035,53386
183450,36720
203871,54864
204780,54864
189045,36720
185817,63418
185817,39186
207339,60
252081,60
223728,51974
238218,51316
194883,51316
178818,124
154509,33534
164541,54096
61692,54864
210168,54864
247962,61540
165726,53160
184710,59776
175293,54290
180195,52620
230286,61540
209799,54864
165312,50274
223728,61348
249486,60
240939,36720
204189,61348
165726,63136
165726,63540
153402,36720
195063,63510
209073,63360
248682,53160
243390,63360
206868,61540
153348,33534
178818,33534
187386,63360
248682,63540
248682,63136
173667,51316
209799,61540
205959,63360
226662,51316
172419,61540
195063,33534
183492,63360
65640,59776
172419,54864
183666,36720
212526,63360
72108,53386
248205,36720
154119,36720
207156,10652
204657,36720
216822,63360
247962,51316
246054,52620
187386,61540
154998,63136
154998,63540
154827,60
68496,36720
196311,63360
207096,63360
217536,59394
205959,53160
187875,36720
217782,53160
227616,61540
209154,53386
157185,54864
234555,42132
234555,63186
230010,52620
65328,36720
222669,63360
186951,35846
208449,33534
249855,16358
129081,54864
225480,54864
204480,63136
204480,63540
245631,36720
64959,36720
67371,10808
67371,1372
209154,54290
172503,59776
253335,54864
210129,54290
205188,54290
204657,63360
183213,51316
153813,59776
209799,59776
235458,36720
208812,59394
172419,59776
178818,39186
178818,63418
191316,61280
232269,61540
216309,39186
216309,63418
204228,54290
241350,52620
166995,53046
232410,62944
232410,62860
232410,49888
232410,63508
201564,54290
203301,54290
203295,54290
203706,54290
187734,59776
188730,59776
191316,60
67158,36720
206496,61540
229536,54864
210171,59776
194424,33534
208092,63360
211476,51316
210393,51316
234093,51316
209073,52620
183912,36720
207465,48980
223071,54864
190152,51316
230286,57522
230286,55632
242151,61540
198882,61540
243390,60
207243,63360
171702,61540
164457,59776
219381,10652
206349,59776
229977,53160
210045,54290
129081,36720
216108,54864
163044,59776
202818,54290
139272,63136
139272,63540
64365,36720
180195,57522
180195,55632
154698,61540
204768,57414
204375,63360
249222,10808
249222,1372
242571,54290
251631,54290
208503,54290
211533,52620
183921,54864
66879,59776
248202,55632
248202,57522
64218,63360
178068,54290
227115,54290
210678,54290
198801,54864
155055,36720
71301,63136
71301,63540
244644,63418
244644,39186
203328,53386
206418,57522
206418,55632
230010,61540
229536,53160
153669,63510
247548,36720
233970,54864
88920,53160
89013,36720
212112,55632
203256,57522
203271,57522
212112,57522
196722,57522
203256,55632
203271,55632
196722,55632
128526,55632
128526,57522
207219,36720
203388,63510
250977,54290
187707,53160
194409,54864
204771,54864
248292,36720
139272,63360
195372,63360
222204,61540
153888,16358
155100,54864
210045,53386
208794,61348
178818,50720
186177,54864
162795,52620
128763,36720
206847,61540
251253,53386
226623,53386
249159,36720
232029,53046
196845,52620
212748,63136
251619,63540
206481,63540
251619,63136
206481,63136
212748,63540
156063,54290
198981,52620
153867,54864
213978,60
203184,62860
203184,63508
203184,62944
203184,49888
211476,52620
64365,54864
212748,60
251619,60
206481,60
220011,61280
183492,63136
183492,63540
163578,36720
210627,36720
203445,54864
198534,36720
207144,63360
206811,63360
206406,63360
165312,32496
139272,52620
188196,36720
190152,61540
204480,54864
250362,53160
249486,53160
212526,53160
252405,53386
172419,51316
67764,54864
229977,63360
65577,63360
233814,53160
251619,53160
212748,53160
206481,53160
206673,61540
244680,36720
206349,52620
165786,57522
165786,55632
242130,53160
222759,63540
222759,63136
160029,51316
246963,60
188100,63540
188100,63136
156063,53386
209799,51316
198534,61540
222759,57522
222759,55632
216948,53160
220713,53160
248292,53046
192549,59776
203724,63360
153642,61540
211407,60
247974,53386
204483,53386
208209,54290
181746,63360
232029,61540
154032,57522
154032,55632
208053,60
232035,63540
232035,63136
206772,63136
206772,63540
206964,63136
206964,63540
235335,51316
247986,63360
207927,60
174513,59776
207618,36720
251253,54290
226623,54290
64218,59776
154770,61540
72930,54864
220713,57522
220713,55632
204411,54864
198552,61540
191247,61540
227310,51316
197286,51316
250653,51316
166437,63360
88821,61540
165750,61540
128763,54864
244731,62274
244731,59396
208788,61540
230286,63360
206439,51316
203724,36720
222204,63360
155481,50274
207240,63540
207240,63136
189009,59776
179790,52620
181101,53160
222669,60
206439,61540
203274,54864
251643,63360
153348,49888
153348,62944
153348,63508
153348,62860
139272,54864
238263,51316
249207,63360
72117,54864
175809,60
188787,59776
230286,53160
224169,63360
154770,63360
165786,61540
211965,51316
248373,51316
250947,51316
187707,51316
153999,52620
154758,59776
72117,60
161208,36720
154032,53160
238536,63136
238536,63540
222159,50720
244287,53046
193965,39186
193965,63418
154740,36720
234864,59776
64218,53046
154032,59776
212211,53160
154698,63360
208092,61540
187221,59776
194883,63136
194883,63540
203328,54290
227616,53160
207096,52620
196311,52620
207222,63360
250947,53386
154998,53160
187962,61540
249207,52620
154167,61540
164541,50274
238218,52620
192942,63360
208788,53386
242505,50274
63876,53160
72930,60
172695,36720
249573,59822
249573,1304
220170,10652
192768,10652
238377,10652
200964,61540
59700,36720
199479,61540
246042,53160
154869,36720
164541,35846
209073,53160
187386,53160
203388,10652
251643,53160
166128,63360
156024,61540
216822,51316
253557,55632
253557,57522
176577,54864
236226,63136
236226,63540
248706,57414
248373,53386
158658,54864
166128,59776
233970,36720
203736,54864
163101,55632
163101,57522
176403,55632
212220,55632
176403,57522
212220,57522
153792,61540
206856,55632
206856,57522
196302,55632
196302,57522
212301,53160
207465,39186
207465,63418
164541,39186
164541,63418
155388,59776
186327,51316
163251,54864
129081,51316
195063,49888
195063,62944
195063,62860
195063,63508
203796,61540
208341,61540
222159,63510
65577,60
64218,53160
195507,61540
203277,63540
203277,63136
183363,63540
183363,63136
246858,61540
180195,63360
192300,54864
128334,52620
230091,61280
165687,57414
213513,53160
249687,36720
228729,54864
154827,53160
204411,61540
245631,51316
65067,36720
203445,55632
203445,57522
183492,61540
249855,33534
203184,33534
166002,53160
192159,54864
223518,54864
61824,53160
226662,36720
232029,63360
180195,53160
247002,36720
207396,53046
155034,39186
155034,63418
223728,48298
199044,36720
183366,54864
210978,53046
231057,60
232269,63360
233091,54864
248205,63360
212478,54864
211965,53386
181110,59776
246042,61540
238218,59776
232614,54864
249579,54864
218061,54864
205905,54864
96444,54864
166128,61540
154770,53160
154821,51316
212211,63540
212211,63136
186327,61540
242856,52620
212448,60
208053,61540
230331,61348
236775,61348
209622,59776
212526,54864
248013,54864
193965,59394
205731,53386
209622,52620
208341,53160
203796,53160
67371,50720
212526,63540
212526,63136
163578,51316
244278,54864
216822,52620
153888,33534
211947,53386
203736,63136
203736,63540
207222,53046
232035,51316
187806,63540
187806,63136
219381,16358
203511,54864
153756,61540
206439,63360
253191,53386
167652,59776
160770,54290
213978,53046
206364,53046
222906,59776
252405,61540
206406,52620
206811,52620
207144,52620
175293,36720
198792,54864
155337,36720
209799,63360
128901,53386
198573,60
172419,63360
167514,33534
248205,61540
198873,51316
189045,51316
196455,53386
203724,53160
157767,36720
211950,51316
153348,50274
129204,53386
247962,60
181101,63540
181101,63136
230178,36720
203706,61540
201564,61540
203295,61540
203301,61540
244041,59776
224169,60
162795,61540
154098,61540
251967,60
217782,63540
217782,63136
157224,59776
250653,53386
197286,53386
249222,57414
249486,61540
213513,63360
192300,61540
129135,61540
157398,54864
202959,35846
219048,54864
224526,61540
209184,35846
176577,52620
234555,54096
231663,53046
192549,52620
164007,53046
235335,53160
216822,61540
227310,61540
206799,63360
204774,54290
211236,36720
153669,49888
153669,62944
153669,62860
153669,63508
207339,54864
252081,54864
203214,54864
247260,54864
186951,16358
208872,51316
64218,63540
64218,63136
164661,53386
219381,1372
219381,10808
194883,63360
72645,63360
207240,53160
217002,54290
242505,49888
242505,63508
242505,62944
242505,62860
206673,53160
209793,61540
64272,63510
206349,63360
206868,63360
207465,32496
188844,59396
188844,62274
243408,57522
243408,55632
222906,61540
128604,54864
247002,50720
213114,63360
203820,54864
234864,63360
163377,61540
187224,54864
187806,54864
230073,53046
188700,63360
165717,63360
209994,61540
248292,55632
248292,57522
252210,53386
155388,52620
88920,52620
208053,63136
208053,63540
231876,61540
204480,51316
166437,54864
209094,54864
207465,61280
128334,63360
128334,59776
165312,3382
163044,54864
184710,54864
206799,61540
204780,63360
203871,63360
194883,59776
166437,53160
211473,54864
220011,61348
214998,57522
214998,55632
229812,53386
180495,57522
180495,55632
206361,63360
172587,59776
176643,59776
206748,57522
206748,55632
181101,63360
181746,61540
154827,63360
209793,63360
171684,63186
171684,42132
212478,61540
206964,57522
206964,55632
206772,57522
206772,55632
155388,60
199479,63360
249573,62074
198573,53160
154821,61540
175809,52620
254118,124
211641,54864
206412,54864
206514,54864
206763,54864
206484,54864
203256,63360
165684,63360
153813,52620
247986,53386
66879,61540
153600,53160
192942,52620
154758,52620
129135,54864
245154,54864
160029,61540
230091,50720
198279,59776
206763,59776
206514,59776
211641,59776
206484,59776
206412,59776
207105,57522
207105,55632
207618,63360
128334,61540
89013,61540
247029,55632
247029,57522
196455,54290
228729,36720
230091,33534
211950,48298
156024,59776
245976,54864
242232,63540
242232,63136
238827,63540
206955,63540
238827,63136
206955,63136
242610,54864
232035,36720
172419,53160
230178,61540
67764,36720
231459,53046
180495,61540
200964,63360
154506,50720
238263,61540
249486,51316
204093,54290
65637,11490
249687,54290
243390,59776
208554,53386
153792,63360
210000,36720
222159,33534
212478,36720
244092,61540
155055,63360
213114,63540
213114,63136
172419,60
198855,59776
203811,63360
238536,53386
205731,54290
233091,59776
188604,54864
166599,53386
238068,53386
219420,50720
166995,36720
243390,53160
167514,51974
211947,54290
157767,51316
225276,36720
203277,63360
172419,52620
223968,63360
206349,63540
206349,63136
164007,55632
164007,57522
227616,63360
246042,59776
161787,36720
220728,53046
206868,60
171684,33534
209799,60
188331,61540
228024,61540
129081,63360
220728,55632
220728,57522
154698,63136
154698,63540
206847,63360
61824,51316
181746,59776
153888,63510
185817,33534
173667,63360
196845,53160
198792,36720
181746,54864
66879,53046
207243,53160
224208,55632
224208,57522
188787,53160
154740,54864
187221,52620
223554,54290
252774,54290
129204,54290
216948,63360
247986,61540
247974,54290
204483,54290
229473,36720
216948,59776
171684,10652
165786,63360
199044,50720
163578,61540
129081,55632
129081,57522
166002,52620
247986,36720
153999,54864
61824,61540
253464,33534
65052,61540
165786,51316
216948,52620
194601,52620
224169,61540
164970,51316
206847,52620
183363,53160
173940,36720
246618,63360
249297,61540
244092,63360
195507,63360
72045,63136
72045,63540
247029,61540
88920,63540
88920,63136
212892,54864
210876,63360
60762,53046
128334,53046
247983,60
200964,36720
158742,54864
154665,53160
200964,53386
179790,61540
191247,63360
198552,63360
189009,61540
207144,54864
206811,54864
206406,54864
163101,53160
190152,63360
216948,61540
153756,53046
167514,50720
216309,50720
206799,55632
206799,57522
202959,50274
208500,61540
242505,33534
167652,51316
153642,52620
212748,51316
206481,51316
251619,51316
165750,63360
88821,63360
212211,63360
211473,36720
206850,52620
197286,61540
250653,61540
207396,61540
218121,57414
234156,57522
234156,55632
223782,54864
162795,63360
235458,63360
230091,48298
154665,54864
252210,54290
197529,54864
245631,54864
183363,52620
154770,59776
247002,33534
207396,63360
225276,61540
207396,36720
167652,52620
158658,36720
155043,61540
231459,55632
231459,57522
252480,36720
157185,59776
221247,54864
249294,51316
196455,61540
89013,63360
188961,36720
205722,63360
157416,63360
173613,36720
61692,51316
210168,51316
184104,36720
222159,49888
222159,62944
222159,63508
222159,62860
235335,59776
194601,53160
189045,61540
223782,36720
164871,63510
204657,53046
153642,63360
154803,36720
234120,53046
250362,63360
248013,63360
223554,53386
252774,53386
64218,51316
178458,59776
175809,53046
184509,36720
154779,61540
184710,61540
206361,51316
153792,59776
233091,52620
231876,63136
231876,63540
196302,63360
206856,63360
248292,61540
173667,61540
202818,53386
203274,57522
203274,55632
186882,36720
187659,60
203388,62944
203388,63508
203388,62860
203388,49888
154998,59776
188685,36720
153600,51316
204411,59776
216948,53046
64218,52620
65640,52620
154803,54864
208092,53160
165726,59776
244092,36720
220269,53046
223968,61540
198945,36720
231162,49888
231162,63508
231162,62860
231162,62944
206673,63360
204768,124
248205,53160
201564,63360
203295,63360
203301,63360
203706,63360
235458,61540
192771,54864
250629,54864
199860,54864
205122,54864
221151,54864
59703,54864
229521,54864
251085,54864
210846,54864
158016,54864
203889,54864
203502,54864
205728,54864
66378,54864
188637,61540
164457,51316
167652,61540
205959,51316
208554,54290
153048,53046
249855,63510
171684,124
246054,53160
128334,63540
128334,63136
249159,54290
207600,54864
64272,63508
64272,49888
64272,62860
64272,62944
219420,124
166437,61540
204657,55632
204657,57522
233814,63136
233814,63540
244041,61540
231162,63510
219420,63510
154509,50720
225699,36720
206748,53046
183468,53160
197034,63360
188700,54864
165717,54864
190152,60
61824,63540
61824,63136
208053,59776
210627,61540
167514,61540
252774,61540
223554,61540
239577,54290
192714,54864
252405,54290
198552,53046
219420,32496
189009,53046
231057,57522
231057,55632
203700,52620
232068,51316
253464,16358
187386,63136
187386,63540
247029,36720
189045,53046
245631,60
211740,53046
162984,63540
162984,63136
206670,59776
164007,36720
240912,55632
240912,57522
250782,61540
157398,63360
165687,54096
198855,52620
201798,54864
200364,57522
200364,55632
204717,63360
65637,32496
171702,63360
186327,53046
167514,59776
154779,63360
209994,36720
231708,61540
157398,36720
208572,61540
210690,61540
221526,61540
155043,51316
155337,61540
184104,61540
230286,51316
163377,59776
238263,63360
175293,53386
226140,52620
221331,52620
210954,36720
208566,53386
194424,63418
194424,39186
253683,36720
206367,59776
206646,59776
210897,59776
208449,50720
164457,61540
206670,61540
208092,59776
67371,16358
217536,48980
209994,63360
248373,61540
164970,53160
211407,57522
211407,55632
210120,61540
249855,124
207927,61540
248301,51316
227292,53160
210876,54864
165684,54864
249222,124
211632,54864
204657,51316
207618,61540
248682,51316
250977,36720
211533,60
206481,61540
251619,61540
212748,61540
72561,61540
203829,54864
244680,55632
244680,57522
72045,51316
155043,63360
248013,63540
248013,63136
203388,33534
65577,53160
187659,54864
252696,61540
203736,53160
188787,54864
204480,59776
206646,61540
210897,61540
206367,61540
206850,63540
206850,63136
188787,63360
167652,53160
163044,61540
61899,59776
246054,63360
228438,54864
156024,63360
128334,55632
128334,57522
209622,60
60762,57522
60762,55632
207597,36720
249294,61540
203700,63136
203700,63540
65637,124
248292,63360
253464,63510
162795,51316
223518,55632
192159,55632
192159,57522
223518,57522
203388,50274
203775,54864
204189,53386
232029,53160
173613,54864
153756,36720
251643,63136
251643,63540
129081,63136
129081,63540
205959,63540
205959,63136
186327,60
188685,53046
154098,63360
157416,36720
205722,36720
173667,60
212211,51316
207243,51316
209094,61540
198552,57522
198552,55632
222906,52620
245976,51316
223968,53046
194424,62274
194424,59396
72108,54290
234864,61540
192627,36720
180495,63360
171702,52620
253671,59776
252480,54864
153348,16358
204768,33534
223968,63136
223968,63540
222759,51316
212112,63360
203271,63360
203274,63360
196722,63360
211524,60
210234,60
209793,55632
209793,57522
164457,52620
205815,53046
249207,54864
64959,63360
154740,60
153600,52620
230028,60
179790,63360
235458,53046
154098,53160
208788,36720
204774,63360
242505,16358
230178,63360
183387,54864
198534,53160
246042,52620
61899,61540
195372,60
198873,36720
184104,63360
155337,63360
153792,53160
231459,63360
204228,36720
250782,53160
192942,54864
219231,53386
208758,53386
208812,61348
187875,61540
154041,59776
210978,55632
210978,57522
215112,60
202959,62274
202959,59396
248796,61540
203388,59396
203388,62274
236226,51316
209799,53160
163377,57522
163377,55632
96444,63360
65640,61540
64218,55632
64218,57522
198882,63360
242151,63360
194883,60
249930,54290
234093,61540
210393,61540
204480,60
154032,51316
237195,16358
181593,63360
183492,51316
217536,10652
250362,57522
250362,55632
187875,57522
187875,55632
208341,52620
203796,52620
195063,50274
65313,36720
232068,61540
244680,61540
164007,63360
187962,63360
232029,51316
208566,54290
225480,36720
183363,63360
227616,63136
227616,63540
188100,51316
242856,53160
222906,51316
231459,36720
198873,60
210393,63360
234093,63360
163377,53046
155388,53046
222906,63360
214506,36720
183468,63540
183468,63136
238032,60
203214,63360
214506,61540
246618,51316
204189,48298
172503,61540
175809,55632
175809,57522
209799,52620
66879,63360
183666,61540
153348,50720
153642,57522
153642,55632
229737,61540
187734,61540
188730,61540
67335,54864
210171,61540
207396,53160
88920,51316
195063,16358
234864,53160
154827,59776
154167,63360
224208,53046
186327,53160
61824,59776
167316,36720
181101,54864
154827,53046
207243,52620
203199,39186
203199,63418
235335,63540
235335,63136
204411,51316
224841,59776
193965,33534
232068,60
164970,61540
207597,54864
128538,54864
203199,33534
245976,36720
167652,60
217494,63360
203724,63136
203724,63540
198882,36720
242151,36720
154032,63540
154032,63136
206928,59776
206838,59776
250749,59776
249216,59776
253506,59776
163251,53046
244731,50720
178068,36720
198981,60
188844,33534
245631,61540
219048,36720
212442,60
180195,63136
180195,63540
181110,52620
250434,51316
249573,59394
191247,54864
198279,52620
153999,53160
161058,36720
153642,53046
210978,36720
238536,63360
224631,36720
216822,54864
250782,63360
209094,59776
154812,59396
154812,62274
249297,63360
242232,57522
242232,55632
206955,57522
238827,57522
238827,55632
206955,55632
163377,63360
184950,61540
216309,61280
154821,60
227292,51316
174513,61540
206448,59776
207084,59776
164541,63186
164541,42132
212478,63360
64218,60
203811,63136
203811,63540
188787,63540
188787,63136
231459,61540
249216,61540
206838,61540
206928,61540
250749,61540
253506,61540
243408,63360
207927,53046
180495,53046
238218,54864
207096,63540
196311,63540
207096,63136
196311,63136
248796,52620
203277,54864
229536,63136
229536,63540
183468,51316
193965,60
228024,63360
254118,39186
254118,63418
155481,35846
236226,54864
188637,63360
208524,61540
212571,61540
242412,61540
179790,51316
162795,53160
213102,52620
67371,49888
67371,62860
67371,62944
67371,63508
206439,60
247956,61540
249855,49888
249855,62860
249855,63508
249855,62944
219420,33534
243408,36720
241350,63360
221409,10808
221409,1372
229812,61540
140277,54864
154779,53160
66915,52620
253677,33534
158610,33534
203700,63360
196845,63360
210627,54864
204717,63540
204717,63136
207084,61540
206448,61540
195063,50720
164007,61540
203511,36720
225480,63360
167256,36720
240939,48298
153888,124
206637,59776
206625,59776
206433,59776
203811,53160
224931,36720
214506,52620
155055,53160
208788,63360
249855,54096
236520,54290
155055,61540
229977,51316
167514,60
206670,53160
206850,54864
249573,10652
192300,63360
129135,63360
204375,53160
129081,53160
234156,53046
208566,61540
249579,63360
203736,63360
205905,63360
218061,63360
206850,63360
212478,51316
204411,63360
231876,63360
178458,53160
65577,53046
246054,53046
207618,53160
175293,61540
216822,59776
203796,59776
208341,59776
187962,52620
187707,63136
187707,63540
189045,63360
203796,54864
208341,54864
198573,63360
203280,63508
203280,49888
203280,62860
203280,62944
61899,53160
154032,53046
242439,53046
65637,63186
65637,42132
230091,60
223968,51316
206637,61540
206433,61540
206625,61540
154032,61540
65637,63510
245154,52620
191316,51316
194409,53160
180495,36720
162984,53160
244731,42132
244731,63186
210978,63360
211812,54864
197034,54864
211740,63360
189009,63360
203214,63136
203214,63540
225480,53160
188604,36720
154509,59394
198534,63360
247029,63360
199854,59776
71301,51316
192300,59776
129135,59776
203700,53160
206763,61540
206412,61540
211641,61540
206484,61540
206514,61540
249294,53386
218121,63510
167514,57804
139272,53160
183492,54864
153999,63360
197529,57522
197529,55632
197034,63136
197034,63540
248796,59776
63876,51316
171684,57414
65577,57522
65577,55632
65640,51316
189009,52620
211476,60
65577,59776
233814,61540
189045,60
204657,53160
66879,57522
66879,55632
206406,51316
206811,51316
207144,51316
211965,61540
167256,54864
153888,62860
153888,49888
153888,63508
153888,62944
206406,53160
207144,53160
206811,53160
213114,55632
213114,57522
198573,52620
68676,54864
222159,50274
153813,63360
198873,53160
153600,53046
206496,54864
164541,124
233814,54864
211386,61540
186378,61540
224631,61540
249855,63186
249855,42132
196845,61540
196845,59776
153669,39186
153669,63418
154770,52620
65328,61540
25743,61540
242856,63136
242856,63540
179790,53160
219231,51316
208758,51316
167256,63360
247956,36720
232404,59776
252774,63360
223554,63360
196302,52620
206856,52620
224169,54864
215112,57522
215112,55632
212301,53046
153279,54864
231162,35846
167514,32496
253671,61540
173667,57522
173667,55632
228753,51316
250947,61540
185817,59394
155481,32496
241350,61540
248292,51316
183363,59776
212283,61540
192942,51316
229737,54864
229536,51316
204768,63186
204768,42132
188331,63360
192768,33534
220170,33534
238377,33534
162795,53046
244158,54864
153600,60
65052,63360
208209,36720
157398,61540
61692,63360
210168,63360
175293,51316
244866,63508
244866,49888
244866,62944
244866,62860
222204,53160
249687,54864
244731,63418
244731,39186
206673,63136
206673,63540
232404,61540
209073,63136
209073,63540
217536,57414
210168,36720
61692,36720
180195,51316
198534,51316
252696,51316
224526,51316
254118,50720
227292,59776
234555,33534
160770,36720
205815,59776
183363,61540
188730,63360
187734,63360
206850,51316
156225,55632
156225,57522
154167,53046
249513,51316
210171,63360
249513,61540
204657,59776
65640,63360
204480,52620
181101,59776
154698,53160
153669,59396
153669,62274
176577,53046
154827,52620
211947,61540
61344,53046
177921,63360
210633,54864
188685,61540
210978,51316
231162,50720
220011,36720
204717,54864
199854,54864
206847,63540
206847,63136
250275,59776
206988,59776
244866,63510
206496,52620
211632,59776
234864,52620
177951,36720
253191,54290
211740,61540
61824,52620
237195,33534
199479,55632
199479,57522
234156,61540
207330,63360
72645,61540
153138,59776
248550,54864
154665,63540
154665,63136
204189,60
207243,53046
204189,63540
204189,63136
248013,55632
248013,57522
64959,53160
240939,54290
243390,63540
243390,63136
154542,61540
167652,63360
207096,53160
196311,53160
188196,61540
202818,63136
202818,63540
242439,61540
211236,61540
205722,57522
205722,55632
157416,57522
157416,55632
172503,63360
203184,39186
203184,63418
181593,61540
155034,59396
155034,62274
187221,53046
181593,54864
193965,57804
231162,16358
164970,53046
208053,55632
208053,57522
153138,53046
244680,53160
241824,59776
212211,60
206988,61540
250275,61540
60864,61540
198279,51316
206964,51316
206772,51316
25743,51316
203871,61540
204780,61540
206670,57522
206670,55632
181746,53160
154770,54864
192942,53160
248796,63360
217494,36720
208092,63136
208092,63540
231057,53046
238536,59776
153756,57522
153756,55632
204375,63136
204375,63540
188685,55632
188685,57522
212442,55632
212442,57522
213513,63540
213513,63136
229977,63136
229977,63540
206856,61540
196302,61540
183921,53160
247029,63136
247029,63540
203280,63510
65313,54864
196845,63540
196845,63136
155388,57522
155388,55632
246858,36720
153792,52620
188196,54864
244680,63360
187707,60
234156,59776
225276,63360
183912,54864
192627,53046
206418,51316
177951,54864
208794,51316
207927,63360
163377,53160
183921,51316
154779,63136
154779,63540
181593,53160
153642,53160
210954,61540
186327,63360
154821,63360
65328,63360
207156,63186
207156,42132
240912,36720
184509,53046
205722,53046
157416,53046
203811,55632
203811,57522
164541,62274
164541,59396
238536,61540
204774,54864
208872,61540
162960,124
165786,53160
209994,51316
177474,54864
72045,54864
161058,61540
162795,57522
162795,55632
227310,36720
222759,53046
245976,53160
157767,53160
228753,59776
252405,63360
155043,60
229812,36720
244092,53160
210954,51316
238827,51316
242232,51316
206955,51316
213114,51316
178068,61540
251643,57522
251643,55632
194409,51316
206349,51316
203775,57522
203775,55632
189009,55632
189009,57522
206304,61540
203700,61540
211632,52620
166437,51316
203700,59776
166437,59776
249579,55632
205905,55632
205905,57522
96444,57522
96444,55632
218061,55632
218061,57522
249579,57522
236775,36720
230331,36720
203199,50720
214506,53160
198873,61540
251631,61540
208503,61540
242571,61540
188685,63360
203811,61540
157185,51316
203073,54864
187659,53160
205815,53160
64365,53046
66915,59776
179790,55632
179790,57522
176577,59776
203724,51316
139272,51316
227310,63360
206496,63540
206496,63136
153813,61540
227616,51316
224526,63360
157185,52620
204717,61540
66879,52620
224841,61540
244731,124
207219,59776
88821,54864
165750,54864
222906,60
219231,61540
208758,61540
179790,53046
207243,60
231162,54096
212301,51316
59700,54864
128763,59776
203256,63136
203256,63540
181593,53046
253677,16358
158610,16358
244173,53046
227295,54864
212430,54864
247986,59776
178068,63360
174513,63360
249222,33534
240912,61540
154167,59776
65052,51316
206799,52620
154119,61540
225276,54864
194601,54864
237195,50720
243408,53160
164871,62860
164871,49888
164871,63508
164871,62944
205728,57522
203502,57522
251085,55632
229521,55632
250629,55632
205728,55632
251085,57522
229521,57522
59703,57522
205122,55632
250629,57522
221151,57522
192771,57522
66378,57522
59703,55632
158016,57522
192771,55632
158016,55632
210846,57522
203502,55632
221151,55632
66378,55632
205122,57522
199860,57522
210846,55632
199860,55632
203889,55632
203889,57522
166002,63540
166002,63136
216948,63136
216948,63540
247962,63360
248292,53160
244041,63360
61692,61540
210168,61540
210000,54864
89013,51316
177474,52620
220713,53046
155100,61540
161208,54864
230010,53160
154770,63136
154770,63540
154032,63360
244041,52620
207330,63136
207330,63540
229473,54864
206367,53160
210897,53160
206646,53160
183921,36720
65067,63360
225480,61540
210120,36720
171702,51316
217494,55632
217494,57522
203736,55632
203736,57522
244644,59396
244644,62274
194601,63136
194601,63540
154740,51316
247548,63360
206670,52620
195723,61540
177474,53160
205815,63360
187707,54864
206361,57522
206361,55632
247029,53160
167316,54864
249207,53160
196302,53046
206856,53046
189045,55632
189045,57522
252774,54864
223554,54864
157224,61540
245154,53160
153048,52620
237804,36720
221526,63360
210690,63360
208572,63360
154119,53046
25743,63360
203328,54864
172503,51316
205815,52620
247956,63360
157416,53160
205722,53160
211632,61540
203166,54864
234156,63360
155100,36720
163101,53046
167652,55632
167652,57522
203214,55632
203214,57522
156024,54864
153048,59776
211236,63360
248796,53160
166599,54290
238068,54290
68496,59776
204093,36720
225480,63136
225480,63540
154098,51316
155043,53160
246150,54864
210954,60
129081,61540
253464,49888
253464,62860
253464,62944
253464,63508
172587,61540
176643,61540
214194,54864
235335,60
154869,51316
216108,59776
154758,61540
167514,59394
210120,63360
68496,53046
201798,55632
201798,57522
216309,60
205815,61540
192942,63136
192942,63540
249294,63360
166002,59776
247002,62274
247002,59396
203889,63360
210846,63360
203502,63360
250629,63360
192771,63360
158016,63360
229521,63360
59703,63360
205728,63360
221151,63360
205122,63360
251085,63360
199860,63360
66378,63360
198573,63540
198573,63136
207084,53160
206448,53160
177921,61540
242439,57522
242439,55632
229737,36720
234555,63510
128334,51316
153756,63360
247956,55632
247956,57522
192627,61540
206670,63360
165684,63540
165684,63136
211236,54864
184509,60
72645,53160
183666,63360
188343,36720
251121,61540
191316,33534
229812,54290
249573,54096
154476,63360
203820,63360
206304,63360
207096,51316
196311,51316
252405,53160
208449,59396
208449,62274
253671,63360
140277,57522
140277,55632
183912,61540
243408,63136
243408,63540
224169,59776
247548,61540
154476,54864
65328,54864
244158,53046
230286,63540
230286,63136
246618,53160
208092,54864
245976,63360
65640,53160
166002,54864
208053,63360
155034,33534
67371,33534
203277,61540
206367,63360
210897,63360
206646,63360
153642,51316
222159,124
187221,51316
176577,51316
230073,57522
230073,55632
214506,63360
206433,53160
206625,53160
206637,53160
212448,55632
212448,57522
207084,57522
207084,55632
206448,55632
206448,57522
224931,53046
199479,53046
153867,53046
165786,60
207330,61540
227616,55632
227616,57522
204243,36720
65313,63360
250362,61540
246618,36720
209073,57522
209073,55632
167514,3382
238263,36720
237804,53046
203820,51316
217536,3382
242505,59396
242505,62274
251085,61540
59703,61540
221151,61540
205122,61540
205728,61540
158016,61540
210846,61540
203889,61540
192771,61540
203502,61540
229521,61540
250629,61540
199860,61540
66378,61540
207156,33534
206811,63136
206811,63540
207144,63540
206406,63540
207144,63136
206406,63136
209094,51316
164457,63360
154119,57522
154119,55632
161787,54864
198945,54864
154869,54864
206673,51316
203511,63360
204657,60
154803,51316
154506,32496
178458,61540
204189,61540
157416,63136
205722,63136
157416,63540
205722,63540
223518,63360
192159,63360
204780,53160
203871,53160
225699,61540
154119,63360
184950,36720
184950,54290
206637,55632
206433,55632
206433,57522
206637,57522
206625,55632
206625,57522
208500,63360
154758,63360
176577,60
88920,60
196455,63360
206496,63360
198792,61540
186378,63360
211386,63360
184104,55632
184104,57522
197286,36720
250653,36720
207330,36720
216309,33534
206673,55632
206673,57522
201741,59776
163578,63360
216309,59776
241824,61540
206850,53160
166002,61540
160029,63360
246054,61540
237840,53046
233091,51316
154821,59776
239577,36720
227292,63136
227292,63540
208053,53046
203700,54864
196845,54864
153048,57522
153048,55632
244041,53160
163578,60
167256,61540
162603,54864
204189,53160
244041,55632
244041,57522
153138,55632
153138,57522
166995,57522
166995,55632
249930,36720
253671,52620
207330,54864
212892,51316
56871,36720
65313,61540
213978,57522
213978,55632
252405,36720
65577,63136
65577,63540
198945,61540
128604,52620
189009,53160
192627,63360
65313,53160
192549,63360
208206,61540
187659,63540
187659,63136
164661,53160
156225,61540
154998,52620
209094,63360
227670,63360
227973,63360
192618,54864
209073,51316
191316,63418
191316,39186
250749,55632
206838,57522
249216,57522
206928,55632
250275,57522
206838,55632
249216,55632
206928,57522
206988,55632
250749,57522
253506,55632
250275,55632
206988,57522
253506,57522
215112,53046
250653,63360
197286,63360
198801,53046
244092,55632
244092,57522
187875,53160
198855,51316
219420,11490
210678,61540
227115,61540
65637,54096
242856,63360
232410,50274
246858,59776
172419,63540
172419,63136
203511,51316
203328,61540
128604,59776
207465,36720
206349,55632
206349,57522
232410,16358
245976,61540
187650,53046
253677,63510
158610,63510
222669,53046
224169,53160
206799,53046
198981,59776
244287,55632
244287,57522
183912,63360
235458,53160
229977,60
237804,54864
230091,32496
154041,57522
154041,55632
199854,52620
249216,53160
253506,53160
206928,53160
206838,53160
250749,53160
211632,53160
157767,61540
166437,63136
166437,63540
226662,63360
96444,63540
96444,63136
209094,52620
165786,59776
172503,52620
244731,35846
182292,36720
217536,35846
174195,53046
206670,63136
206670,63540
180495,53160
164970,60
207156,16358
222159,11490
223728,36720
154827,63540
154827,63136
233970,59776
231162,124
206367,57522
210897,55632
210897,57522
206646,57522
206646,55632
206367,55632
194409,63540
194409,63136
210627,63360
183213,60
188196,63360
184698,54864
199854,60
157224,63360
60864,63360
235932,59776
210840,59776
181593,59776
186378,54864
211386,54864
160029,36720
226662,61540
219420,54096
174513,57522
174513,55632
213513,55632
213513,57522
238218,61540
207600,63360
195507,53160
162984,51316
208812,51316
244158,61540
242412,63360
212571,63360
208524,63360
67335,53046
153600,63136
153600,63540
156225,53046
183387,53160
203277,51316
164970,63360
185817,3382
226140,61540
221331,61540
154740,53046
154803,60
224931,63360
250782,59776
191316,51974
163377,52620
183921,63136
183921,63540
154041,51316
197034,55632
197034,57522
234864,53046
232068,53160
210840,61540
235932,61540
161058,63360
203256,61540
212892,63360
250977,61540
225699,63360
206928,63360
253506,63360
206838,63360
250749,63360
249216,63360
164871,63418
164871,39186
155100,63360
235335,53046
216108,61540
153402,63360
212112,63136
203274,63136
203271,63136
196722,63540
203274,63540
196722,63136
212112,63540
203271,63540
204771,63360
174195,36720
154167,53160
252696,60
224526,60
208758,63360
219231,63360
192549,61540
206772,53046
206964,53046
192627,55632
192627,57522
198945,51316
197034,61540
237195,50274
163251,55632
163251,57522
199479,51316
206304,53160
216108,63360
238536,53160
153669,3382
181110,63360
224931,61540
206448,63360
207084,63360
251643,51316
188331,53160
187875,63360
243390,53046
253671,54864
153792,63540
153792,63136
245976,63540
245976,63136
183912,53160
154542,54864
153048,61540
206361,53046
198801,51316
153867,51316
56871,54864
64959,59776
235458,55632
235458,57522
198855,53046
250434,54864
219420,63186
219420,42132
175293,60
162960,33534
194424,3382
177921,53046
72108,36720
242856,59776
65640,55632
65640,57522
163251,61540
64959,61540
172419,53046
220728,60
241824,63360
206646,52620
206367,52620
210897,52620
192768,50274
220170,50274
238377,50274
207396,63136
207396,63540
253578,59776
208794,61280
222204,51316
230286,60
203775,63360
217002,36720
204657,63136
204657,63540
65052,60
96444,61540
232404,53160
222159,32496
208554,61540
68496,51316
249573,50720
245154,53046
232269,53046
206637,63360
206625,63360
206433,63360
231708,54864
242856,61540
246858,53160
178818,32496
250947,63360
248373,63360
207243,63136
207243,63540
253578,61540
154032,60
171684,54096
226623,61540
251253,61540
207222,57522
207222,55632
247956,51316
248706,124
155055,63540
155055,63136
210000,51316
164337,51316
204144,51316
64959,51316
244173,51316
243390,52620
230178,51316
60864,54864
244731,16358
206850,60
89013,53160
153402,61540
212442,53046
252405,59776
195723,63360
242505,42132
242505,63186
163101,63540
163101,63136
199479,52620
65637,49888
65637,63508
65637,62860
65637,62944
198534,60
205812,54864
157398,53160
249579,63540
205905,63136
218061,63136
205905,63540
249579,63136
218061,63540
205959,60
234093,54290
210393,54290
154821,53160
68676,61540
165786,63540
165786,63136
212301,63136
212301,63540
208758,53160
219231,53160
157767,63136
157767,63540
187650,54864
153642,60
248682,60
252696,63360
206448,52620
207084,52620
220713,63136
220713,63540
179790,63540
179790,63136
187659,53046
153138,63360
166002,63360
232404,55632
232404,57522
128604,51316
201741,63360
222906,53160
187806,53046
205815,55632
205815,57522
66879,53160
207927,57522
207927,55632
249297,53160
212283,36720
182292,61540
220269,55632
220269,57522
243390,55632
243390,57522
166002,36720
212211,52620
203511,61540
250977,63360
25743,59776
204411,53160
199044,32496
188100,60
164337,59776
204144,59776
157185,61540
207219,51316
253464,124
66915,61540
222759,60
211947,63360
244680,63540
244680,63136
228438,59776
232029,60
61899,63360
181110,61540
167652,63540
167652,63136
175293,63360
211740,52620
153999,61540
248373,36720
210978,53160
211632,63360
241350,63540
241350,63136
206637,52620
206625,52620
206433,52620
206988,53160
250275,53160
203184,50274
204717,36720
187962,51316
248292,63136
248292,63540
165312,48980
207219,61540
232404,63360
164871,50274
210120,51316
230091,61540
208518,59396
208518,62274
241389,51316
191316,52620
175878,54864
67158,54864
250782,52620
216948,55632
216948,57522
244158,59776
184104,53160
155337,53160
65328,53160
184509,54864
203871,63136
203871,63540
204780,63136
204780,63540
157767,52620
232068,52620
156225,36720
247548,53160
236226,60
196455,51316
161058,54864
203184,50720
252480,53046
203277,53160
156225,63360
248292,60
153756,53160
209094,53160
204144,61540
164337,61540
228753,61540
253671,53160
201741,61540
183492,60
203511,53160
245631,63360
245154,51316
232068,63360
153756,51316
248706,33534
153888,54096
240912,63360
187659,61540
153888,50720
222669,57522
222669,55632
164457,53046
208092,52620
221331,59776
226140,59776
233970,61540
198573,59776
162960,42132
162960,63186
210120,53160
178458,63360
229737,51316
206304,54864
176643,63360
172587,63360
154542,63360
188331,54864
65067,53160
203214,61540
167514,51316
248013,61540
253578,63360
128604,61540
25743,60
214194,53160
246150,53046
249486,63360
163377,51316
195507,36720
214506,54864
208566,51316
128763,61540
198534,52620
233970,63360
188637,52620
198534,63540
198534,63136
173667,59776
153348,32496
221409,35846
203280,50720
218061,61540
203736,61540
249579,61540
205905,61540
179853,52620
25743,54864
212448,53046
209994,60
248205,63136
248205,63540
224631,51316
214194,59776
154551,61540
246804,61540
154041,63360
250782,54864
224931,54864
165717,51316
188700,51316
64959,52620
129204,61540
89013,60
163578,59776
204780,36720
203871,36720
181593,63540
181593,63136
154041,61540
187221,61540
164661,52620
155055,55632
155055,57522
177474,59776
207465,51974
224841,52620
207600,36720
154812,33534
244005,54864
210627,59776
250275,63360
206988,63360
156024,52620
165726,54864
230091,53386
237804,60
231708,63360
234864,57522
234864,55632
204411,52620
186882,54864
184698,36720
248013,51316
162984,55632
162984,57522
242571,63360
208503,63360
251631,63360
154119,51316
212526,51316
247962,54864
188685,53160
206856,53160
196302,53160
203277,36720
228753,52620
204774,36720
221247,57522
221247,55632
192549,63540
192549,63136
164661,63540
164661,63136
154869,60
204774,53160
176577,53160
229812,63360
167514,61348
188343,54864
179853,59776
153138,61540
235335,52620
182292,54864
216309,53160
153867,59776
247260,55632
247260,57522
183387,52620
222204,63136
222204,63540
155055,51316
211524,53046
208566,63360
207600,51316
211950,61540
224631,54864
165684,51316
68496,61540
253506,52620
206838,52620
249216,52620
250749,52620
206928,52620
204771,36720
183576,54864
198792,63360
167514,63360
231459,53160
198882,53160
242151,53160
198945,60
233091,53046
203199,50274
206670,51316
211236,51316
220011,53386
244644,33534
203277,57522
203277,55632
89013,59776
238377,54096
220170,54096
192768,54096
184950,63360
194424,48980
72918,53046
195723,51316
224841,63360
211476,59776
155481,59396
155481,62274
210840,57522
210840,55632
235932,55632
235932,57522
208449,32496
210954,53046
221331,53160
226140,53160
219420,62944
219420,63508
219420,62860
219420,49888
208500,51316
248550,55632
248550,57522
222750,36720
217782,53046
245154,61540
232410,33534
176643,57522
176643,55632
172587,57522
172587,55632
198792,59776
206496,53160
246054,63136
246054,63540
198534,59776
227292,61540
204771,51316
203295,53160
201564,53160
203301,53160
203706,53160
210234,53046
237840,55632
237840,57522
208872,63360
234864,63136
234864,63540
206847,51316
153600,57522
153600,55632
210393,36720
234093,36720
229536,60
204717,53160
238611,54864
203082,54864
154119,53160
247983,57522
247983,55632
244278,59776
157224,55632
157224,57522
72045,60
67371,11490
174513,51316
162795,60
198552,36720
154812,50720
89013,57522
89013,55632
213114,53046
202818,63360
225699,53160
252774,55632
223554,57522
252774,57522
223554,55632
65052,54864
211524,57522
211524,55632
198801,60
164457,53160
207330,53160
194424,32496
201564,36720
203301,36720
203295,36720
203706,36720
198855,63360
210954,63360
164970,55632
164970,57522
209799,63136
209799,63540
153048,51316
208206,54864
252774,51316
223554,51316
222204,59776
220713,51316
154506,59394
64272,50274
65640,53046
194424,59394
198801,52620
198945,53046
153048,53160
195723,53160
210168,55632
61692,55632
61692,57522
210168,57522
234555,62944
234555,62860
234555,63508
234555,49888
253578,53160
212283,63360
217494,53046
173667,53160
245154,59776
207927,59776
200364,53046
212571,51316
242412,51316
208524,51316
154098,63136
154098,63540
249573,63186
249573,42132
206367,51316
206646,51316
210897,51316
161787,51316
154509,32496
188685,63136
188685,63540
240939,63360
204774,61540
205812,59776
165312,11490
156063,36720
174195,54864
212283,54864
209094,60
210234,55632
210234,57522
232614,59776
249207,63136
249207,63540
183921,61540
154821,53046
220170,63186
192768,63186
238377,42132
192768,42132
238377,63186
220170,42132
232068,63540
232068,63136
179853,61540
252696,54864
183366,55632
183366,57522
203328,63360
224526,59776
186378,36720
211386,36720
198873,52620
166437,52620
61899,63136
61899,63540
69060,63360
203151,63360
197034,53160
154041,53046
200508,63360
232614,52620
129081,52620
72645,63136
72645,63540
248205,59776
198873,63360
224631,63360
156024,53160
211965,63360
187650,59776
225699,54864
161058,53160
166995,63360
207243,55632
207243,57522
163251,53160
207156,49888
207156,62860
207156,62944
207156,63508
244173,59776
246150,36720
189045,53160
203811,51316
228438,63360
214194,63360
208572,51316
221526,51316
210690,51316
154560,61540
224526,54864
212892,61540
211812,51316
186951,49888
186951,62944
186951,63508
186951,62860
187650,52620
232404,52620
208500,53160
247548,54864
204411,60
163251,63360
183666,59776
203256,51316
204717,51316
154758,53160
25743,53160
162843,36720
154485,36720
203511,53046
211236,53160
198855,53160
196722,61540
203274,61540
203271,61540
212112,61540
210876,51316
223071,51316
184950,51316
193965,50720
211473,53046
213102,51316
154758,63540
154758,63136
158742,36720
204768,54096
216309,61540
178068,53160
203820,61540
251169,61540
187734,51316
188730,51316
157767,63360
227292,63360
155337,63136
155337,63540
244005,53046
209073,53046
253464,54096
229737,53046
237195,54096
240939,61540
207156,63510
198801,59776
192714,57522
192714,55632
206847,53160
211533,54864
61824,54864
188844,50720
192627,53160
163101,51316
245631,53046
180495,63540
180495,63136
219381,63508
219381,49888
219381,62860
219381,62944
203214,51316
187650,51316
195723,52620
246618,63540
246618,63136
224841,57522
224841,55632
218121,3382
66915,53160
71301,60
187875,51316
167652,53046
242439,36720
181746,63540
181746,63136
211947,51316
154476,36720
235458,59776
162603,59776
72645,36720
209799,53046
154167,51316
177921,54864
250362,36720
244092,51316
65640,60
207597,61540
206364,55632
206364,57522
180495,51316
206799,51316
165726,52620
228438,61540
237804,61540
214506,63540
214506,63136
153402,53160
128604,60
180195,60
209994,53160
197034,51316
227295,51316
212430,51316
231459,63540
231459,63136
166128,54864
212430,52620
227295,52620
245154,60
249294,36720
193965,61280
166128,53160
204774,63540
204774,63136
198855,61540
211965,36720
232410,59396
232410,62274
206670,53046
229536,53046
207618,63540
207618,63136
154167,57522
154167,55632
233091,61540
251643,53046
221247,53046
224169,63136
224169,63540
206349,53046
250782,63136
250782,63540
232614,53046
222159,54096
153792,53046
182292,63360
206367,63136
210897,63136
206646,63136
210897,63540
206367,63540
206646,63540
198552,51316
204771,57522
204771,55632
166128,52620
167514,48980
188700,57522
188700,55632
165717,55632
165717,57522
154542,51316
238536,52620
232068,59776
219048,53046
207084,53046
206448,53046
67335,59776
210171,51316
217494,53160
212211,59776
196455,54864
189045,59776
128901,52620
165684,36720
233814,63360
203439,53046
203259,53046
217380,53046
165717,63136
188700,63136
165717,63540
188700,63540
153813,53160
67371,63510
163377,60
249513,63360
206988,52620
250275,52620
211812,52620
247974,61540
204483,61540
154098,60
225276,53160
230178,60
67335,52620
249159,54864
208872,54290
208209,61540
153402,54864
156024,51316
64272,63418
64272,39186
128604,53160
211476,53160
65052,53160
234093,54864
210393,54864
207927,53160
183387,59776
171702,53160
129081,59776
234156,51316
194601,53046
248796,51316
154542,36720
250947,36720
153348,124
153669,48980
250749,51316
253506,51316
206928,51316
249216,51316
206838,51316
179790,60
60864,36720
252405,52620
192627,63540
192627,63136
220011,54290
244173,61540
206481,54864
251619,54864
212748,54864
154434,63360
253335,57522
253335,55632
65067,61540
179853,63360
207600,61540
232269,57522
232269,55632
210120,54864
153867,52620
253677,62860
253677,62944
253677,49888
158610,49888
253677,63508
158610,63508
158610,62944
158610,62860
177474,51316
207156,54096
198873,63540
198873,63136
154740,61540
253578,54864
206772,60
206964,60
210954,54864
217293,53046
206625,53046
206433,53046
206637,53046
187962,53160
214194,52620
248301,54864
192618,61540
230091,3382
206304,53046
197529,63360
198945,63360
238611,53160
203082,53160
183666,54864
253464,42132
253464,63186
179700,63360
249297,54864
162795,63540
162795,63136
232410,54096
210840,53046
235932,53046
241350,53160
184698,61540
227973,53046
227670,53046
64959,63540
64959,63136
244092,63540
244092,63136
207219,53046
154542,53046
231162,59396
231162,62274
158742,63360
207084,63540
207084,63136
206448,63136
206448,63540
230091,57804
236520,63360
65067,53046
219048,61540
155481,33534
155481,124
187221,63360
198801,61540
226140,54864
221331,54864
65328,59776
202818,61540
164457,60
207240,51316
198279,54864
235458,51316
252210,61540
155034,50720
225480,55632
225480,57522
204771,61540
254118,32496
244278,61540
65328,51316
165684,55632
165684,57522
210876,55632
210876,57522
229737,57522
229737,55632
247002,39186
247002,63418
232404,51316
63876,60
236520,63540
236520,63136
217536,63508
217536,62944
217536,49888
217536,62860
188604,61540
128763,51316
163377,63136
163377,63540
244173,60
155043,59776
238827,53046
242232,53046
206955,53046
179853,63136
179853,63540
228024,59776
195063,32496
184710,52620
206988,51316
250275,51316
166437,60
244278,63360
217536,36720
206625,51316
207084,51316
206637,51316
206448,51316
206433,51316
206838,53046
249216,53046
250275,53046
206928,53046
250749,53046
206988,53046
253506,53046
244041,53046
186882,52620
203829,51316
250362,51316
154434,61540
249573,3382
232269,60
207618,53046
244971,54864
210000,60
181593,60
251121,36720
206625,63540
206637,63136
206637,63540
206433,63136
206433,63540
206625,63136
217002,61540
212478,59776
220170,59396
220170,62274
192768,59396
238377,59396
238377,62274
192768,62274
204717,55632
204717,57522
205731,61540
210171,53046
153999,63136
153999,63540
209799,55632
209799,57522
184710,63360
195507,63540
195507,63136
213114,60
208758,63540
219231,63136
219231,63540
208758,63136
224841,53160
177921,53160
171702,63136
171702,63540
207330,51316
155481,16358
212430,59776
227295,59776
238263,54864
165684,53160
153642,63540
153642,63136
128604,53046
191247,51316
165717,53160
188700,53160
253191,36720
217494,63540
217494,63136
248301,59776
242439,63360
166599,36720
238068,36720
249222,49888
249222,62860
249222,63508
249222,62944
184509,51316
249207,51316
153813,63540
153813,63136
248796,63540
248796,63136
206349,60
229737,63360
230178,55632
230178,57522
208872,36720
167514,61280
172695,54864
164457,55632
164457,57522
205812,63360
251121,63360
249222,50274
219381,33534
181746,52620
186987,54864
207597,63360
183213,53046
253578,52620
154869,61540
155481,54096
206367,53046
210897,53046
206646,53046
172419,55632
172419,57522
209184,39186
209184,63418
188700,36720
165717,36720
227115,63360
210678,63360
72918,63360
201741,53046
240912,63540
240912,63136
230028,53046
238032,53046
203829,63360
241389,59776
161787,60
206847,60
67335,51316
200964,59776
203820,36720
183213,55632
183213,57522
155043,63136
155043,63540
216309,32496
129081,53046
157224,53046
68676,59776
208518,50274
216309,48298
232404,53046
231708,53160
247986,53160
155043,57522
155043,55632
246963,53046
206496,51316
186951,124
203724,59776
192159,61540
223518,61540
185817,11490
203796,57522
208341,55632
203796,55632
208341,57522
157224,51316
188604,53046
203151,53046
69060,53046
154434,54864
172695,59776
154803,53046
194883,57522
194883,55632
232614,61540
198552,63540
191247,63540
198552,63136
191247,63136
203724,52620
235932,63360
210840,63360
246858,54864
153048,63360
153999,53046
60864,63540
60864,63136
206496,60
187221,53160
206799,60
209184,50720
67371,32496
184104,51316
155337,51316
203871,55632
204780,55632
203871,57522
204780,57522
174513,52620
208554,63360
220713,60
210978,63540
210978,63136
154041,52620
178068,54864
172503,53046
242505,54096
249486,55632
249486,57522
225480,51316
198801,53160
211812,59776
65067,51316
219048,63360
188730,52620
187734,52620
210876,63540
210876,63136
96444,51316
247956,60
177921,63136
177921,63540
68676,60
248706,42132
248706,63186
186378,51316
211386,51316
244158,63360
187650,61540
154821,52620
227292,60
166995,59776
252405,54864
192549,53160
238032,57522
230028,57522
230028,55632
238032,55632
187221,60
203511,63540
203511,63136
191247,36720
202959,33534
209094,53046
247983,53046
222159,42132
222159,63186
65577,52620
179853,53160
178458,51316
187962,63540
187962,63136
227292,54864
88821,36720
165750,36720
230010,60
162843,53046
154476,61540
191247,53046
68676,51316
203166,63360
210120,60
172503,60
227616,53046
206304,63540
206304,63136
188844,59394
188637,51316
162843,54864
232614,51316
165687,63510
206838,63540
206928,63540
253506,63136
253506,63540
206928,63136
249216,63136
206838,63136
250749,63540
250749,63136
249216,63540
216309,57804
248301,52620
164661,61540
216948,51316
235932,53160
210840,53160
216309,63540
216309,63136
154740,53160
232410,63186
232410,42132
174195,61540
192300,55632
192300,57522
180495,52620
224841,53046
248292,59776
154542,53160
174195,60
216822,57522
216822,55632
181593,51316
166995,61540
163044,52620
155337,57522
155337,55632
205812,61540
72930,53046
245631,59776
212892,36720
164541,33534
178458,63540
178458,63136
172503,53160
174195,63360
198573,54864
157185,60
184104,53046
207219,55632
207219,57522
250362,53046
227616,60
65637,39186
65637,63418
196722,51316
203271,51316
212112,51316
203274,51316
222906,63540
222906,63136
183921,53046
237804,63360
68676,53160
244731,59394
208206,63360
204375,51316
179700,54864
197034,36720
206673,53046
184104,63136
184104,63540
216309,3382
162960,54096
163044,63360
244866,50720
195723,59776
223968,60
231708,63136
231708,63540
237195,63186
237195,42132
158610,124
253677,124
154542,60
203829,36720
225699,63136
225699,63540
154770,51316
246618,54864
210978,59776
249513,36720
64365,61540
228024,51316
206799,53160
244644,50720
202818,59776
233091,60
181593,52620
187962,55632
187962,57522
164007,53160
176643,53046
172587,53046
229737,60
66915,54864
162960,62860
162960,49888
162960,63508
162960,62944
128334,60
204480,53046
230010,63136
230010,63540
242571,51316
208503,51316
251631,51316
206361,60
216309,51316
199044,60
183387,63360
183468,60
198882,63540
198882,63136
242151,63540
242151,63136
172503,55632
172503,57522
183387,63540
183387,63136
211386,63540
186378,63136
211386,63136
186378,63540
244092,53046
218121,48980
208209,54864
210171,52620
235335,57522
235335,55632
207144,60
206406,60
206811,60
244173,57522
244173,55632
153756,63136
153756,63540
210876,53160
213102,53160
186882,53160
203811,36720
224631,60
183921,63360
139272,60
65640,63540
65640,63136
176577,61540
154821,57522
154821,55632
225480,59776
208503,54864
251631,54864
242571,54864
210045,36720
199860,51316
203889,51316
250629,51316
251085,51316
158016,51316
203502,51316
192771,51316
205728,51316
66378,51316
221151,51316
59703,51316
229521,51316
205122,51316
210846,51316
198855,60
186987,61540
217380,63360
203439,63360
203259,63360
199479,53160
198552,53160
191247,53160
212301,60
244041,63540
244041,63136
177474,63360
248796,54864
192300,53046
210876,36720
237804,51316
68676,63360
188961,53160
72561,63360
222204,53046
249297,59776
191247,55632
191247,57522
246963,55632
246963,57522
203727,53160
211989,53160
230178,53160
154485,53046
203511,57522
203511,55632
167256,59776
247002,60
171702,55632
171702,57522
252696,59776
67158,59776
175878,59776
187659,63360
60864,51316
88821,63540
165750,63136
88821,63136
165750,63540
183450,53160
181110,63136
181110,63540
230091,51316
192942,60
154485,54864
231708,36720
195507,51316
231162,42132
231162,63186
154119,59776
191316,57804
212526,57522
212526,55632
128604,63360
203820,53160
218061,51316
205905,51316
249579,51316
232404,63136
232404,63540
227115,51316
210678,51316
154560,54864
129204,63360
205731,63360
204243,60
211989,63360
203727,63360
165312,62274
165312,59396
153756,60
64365,51316
222204,55632
222204,57522
181101,52620
251967,55632
251967,57522
189009,63136
189009,63540
241824,51316
203328,51316
203256,53160
236226,53046
88821,51316
165750,51316
198981,54864
198981,53160
249159,63360
208812,61280
165684,59776
188637,53160
174513,53046
210840,52620
235932,52620
208518,35846
157185,63360
213513,51316
153138,52620
203166,51316
67764,59776
234972,61540
234018,61540
162843,63360
154485,63360
210954,53160
191316,59776
248205,53046
203271,53046
203274,53046
203256,53046
196722,53046
212112,53046
154740,63360
182292,63136
182292,63540
203328,57522
203328,55632
195372,57522
195372,55632
249159,61540
206304,59776
222204,60
207219,63360
72108,61540
208554,51316
217293,53160
207240,60
244005,61540
183450,63360
242610,53046
128763,63360
188343,61540
213513,53046
68496,55632
68496,57522
236520,61540
212526,60
203700,60
196845,60
183387,61540
154167,63136
154167,63540
209184,16358
67764,53046
162960,63510
217002,54864
232068,54864
209184,59396
209184,62274
155100,57522
155100,55632
210690,36720
208572,36720
221526,36720
188637,53046
211632,53046
164871,50720
153138,53160
167514,48298
202818,53160
226662,57522
226662,55632
153402,59776
25743,52620
158742,61540
208812,48298
62817,53046
157767,59776
196455,36720
220170,16358
238377,16358
192768,16358
66915,63360
252480,61540
238218,63360
65313,63540
65313,63136
89013,53046
228753,63360
177474,63540
177474,63136
162603,52620
154434,36720
187875,63136
187875,63540
203166,36720
68676,52620
187650,60
155043,53046
245154,63540
245154,63136
252210,51316
206673,60
205731,51316
129204,51316
153279,51316
233814,53046
175293,63136
175293,63540
204480,55632
204480,57522
238827,60
242232,60
206955,60
177474,61540
251619,63360
206481,63360
212748,63360
155055,60
212478,52620
64365,59776
249159,59776
205815,63136
205815,63540
207096,60
196311,60
231162,32496
244005,36720
177921,59776
205188,61540
210129,61540
250275,63136
250275,63540
206988,63540
206988,63136
253683,61540
228729,51316
183492,53046
247260,53046
201564,63136
203706,63540
203706,63136
203301,63540
201564,63540
203295,63136
203301,63136
203295,63540
164007,51316
177921,60
226623,63360
251253,63360
184698,63360
213102,59776
224526,53160
162603,53160
193965,3382
128538,57522
128538,55632
72108,63360
183450,61540
72645,59776
188343,53046
193965,32496
68496,63360
187734,53046
188730,53046
253683,54864
249222,59396
249222,62274
200364,63360
198855,57522
198855,55632
252405,63136
252405,63540
229737,53160
177921,51316
172695,63360
207465,61348
153348,11490
249222,54096
178068,51316
253191,61540
208758,52620
219231,52620
251967,53046
164007,63540
164007,63136
198801,63360
211950,63360
233091,53160
244158,52620
154770,53046
154167,52620
154803,61540
203214,36720
207618,59776
171702,60
248013,53160
228729,59776
165750,53160
88821,53160
154476,53046
211947,36720
226140,63360
221331,63360
89013,63136
89013,63540
242856,54864
154485,61540
162843,61540
242505,39186
242505,63418
162603,63360
155337,53046
228729,53046
200508,54864
179700,61540
165717,59776
188700,59776
187875,60
206484,63360
206412,63360
206514,63360
206763,63360
211641,63360
234120,63360
153888,39186
153888,63418
209994,57522
209994,55632
201564,51316
203301,51316
203295,51316
203706,51316
210978,60
246150,61540
188961,63360
183666,53160
198873,53046
210678,54864
227115,54864
211407,53046
153348,54096
232614,53160
198801,57522
198801,55632
153888,50274
209622,54864
211476,54864
204144,55632
204144,57522
183366,53046
153669,59394
167256,53160
232035,59776
217536,16358
230091,51974
203820,63136
203820,63540
183576,59776
222750,61540
211950,54290
244092,59776
67764,51316
154041,60
161787,61540
187650,53160
207597,53160
219420,39186
219420,63418
72561,54864
244173,63360
203871,59776
204780,59776
203073,57522
203073,55632
164337,55632
164337,57522
186177,53046
212478,53160
244005,63360
65067,54864
153867,61540
153669,50720
182292,53046
187221,57522
187221,55632
247548,53046
210171,57522
210171,55632
210045,54864
219048,55632
219048,57522
129135,55632
129135,57522
203811,59776
242610,55632
242610,57522
253677,54096
158610,54096
204774,59776
208500,36720
244173,52620
252774,36720
223554,36720
157398,59776
164337,63360
204144,63360
253335,51316
246054,57522
246054,55632
217782,57522
217782,55632
219231,59776
208758,59776
154869,63360
235458,63136
235458,63540
249222,42132
249222,63186
180495,60
208500,63136
208500,63540
210045,61540
177951,51316
186327,63136
186327,63540
250977,53160
204771,53160
207600,53160
211236,63136
211236,63540
247548,59776
228753,60
230091,61348
212571,36720
242412,36720
208524,36720
172695,61540
247956,53046
217293,63360
191316,32496
161058,63136
161058,63540
247002,59394
191316,61348
247002,32496
238218,60
200508,53046
217002,59776
210840,51316
235932,51316
154119,63540
154119,63136
204243,61540
252480,59776
212526,59776
184509,61540
244866,48980
181746,53046
250782,53046
210690,54864
208572,54864
208524,54864
221526,54864
242412,54864
212571,54864
188685,51316
209073,60
230091,36720
200364,51316
175293,53160
65052,53046
154551,63360
246804,63360
129135,53160
192300,53160
153348,39186
153348,63418
164541,50720
217536,63510
188637,55632
188637,57522
193965,48980
231162,33534
164661,59776
203727,54864
67158,63360
175878,63360
247956,53160
250782,51316
229812,59776
228753,53160
156024,60
186882,59776
248178,61540
208545,61540
201837,61540
251721,61540
207096,57522
196311,57522
207096,55632
196311,55632
225276,59776
156063,54864
188844,32496
254118,59394
203445,63360
214194,63540
214194,63136
208554,54864
224631,53160
72918,54864
225699,59776
233091,63360
208206,36720
203871,51316
204780,51316
237195,124
208500,54864
201741,55632
201741,57522
207597,60
166437,53046
198792,53160
227973,61540
227670,61540
96444,36720
205905,36720
249579,36720
218061,36720
154041,53160
67335,60
232410,50720
231459,51316
72918,36720
192618,63360
166128,63136
166128,63540
96444,53160
208794,61540
153888,42132
153888,63186
187806,57522
187806,55632
203445,53046
198945,53160
158742,51316
188961,61540
183912,53046
218121,63508
218121,49888
218121,62860
218121,62944
178818,59394
184950,53160
153756,59776
214194,61540
209184,50274
210045,63360
183912,59776
223968,55632
223968,57522
211812,61540
59700,59776
204780,53046
203871,53046
203082,63540
203082,63136
238611,63136
238611,63540
237195,39186
237195,63418
161208,59776
252696,53046
224526,53046
184950,53386
246150,63360
188604,63360
245154,63360
249297,63540
249297,63136
229536,57522
229536,55632
210627,53160
204375,60
158610,63186
253677,63186
253677,42132
158610,42132
201798,63360
241389,57522
241389,55632
177951,61540
253191,63360
154167,60
157398,63136
157398,63540
154827,55632
154827,57522
208341,53046
203796,53046
200508,53160
188331,53046
249207,60
207597,51316
236775,61540
230331,61540
252210,63360
213102,60
203082,63360
238611,63360
217293,36720
249573,16358
225276,63540
225276,63136
66879,63136
66879,63540
204243,63360
230178,59776
183468,55632
183468,57522
204189,54864
204483,63360
247974,63360
253671,51316
244158,53160
65328,63540
65328,63136
153402,53046
204411,63540
204411,63136
210876,59776
154119,60
211386,53160
186378,53160
192300,51316
165786,52620
240939,63136
240939,63540
88821,57522
88821,55632
165750,55632
165750,57522
228753,55632
228753,57522
187224,53046
204411,53046
230010,51316
208794,48298
203274,53160
196722,53160
203271,53160
212112,53160
199044,33534
253335,63360
153048,60
203511,59776
219381,63510
211476,63136
211476,63540
247974,36720
204483,36720
224631,53046
209994,59776
198873,54864
250434,59776
247986,60
217380,63136
203439,63136
203259,63136
217380,63540
203439,63540
203259,63540
187386,54864
153867,60
163251,59776
164871,59396
164871,62274
241389,52620
208566,36720
229812,54864
67158,61540
175878,61540
156063,61540
241389,60
204093,63360
217293,54864
207396,55632
207396,57522
176643,52620
172587,52620
164661,63360
251121,53160
244092,60
198981,61540
248013,36720
210393,53386
234093,53386
253335,53046
251121,54864
224931,51316
209154,61540
246804,54864
154551,54864
211476,61540
211812,53160
160770,61540
241389,61540
158742,53160
217536,1372
217536,10808
188331,63540
188331,63136
249573,61280
195063,124
238263,53160
213513,60
156024,63540
156024,63136
204243,53046
195507,54864
203727,53046
210120,63136
210120,63540
211641,52620
206763,52620
206514,52620
206484,52620
206412,52620
163251,63540
163251,63136
204411,55632
204411,57522
181110,53160
156063,53046
248706,54096
204144,53046
249573,48980
199044,3382
188730,55632
187734,55632
187734,57522
188730,57522
153792,55632
153792,57522
156024,53046
217536,33534
163578,53160
72918,53160
160770,63360
164337,53046
67335,61540
155481,39186
155481,63418
210627,51316
160029,53160
203166,61540
154812,60
210000,61540
253683,63360
129135,53046
238218,53160
182292,53160
185817,48980
203214,53160
223728,53386
248706,62860
248706,63508
248706,49888
248706,62944
219048,53160
249222,63510
178068,63540
178068,63136
221331,63540
226140,63540
221331,63136
226140,63136
221409,50720
207600,63540
204771,63540
207600,63136
204771,63136
155100,53046
65067,60
154560,36720
227670,53160
227670,63540
227670,63136
187224,51316
188196,53046
61692,59776
210168,59776
249579,53160
218061,53160
205905,53160
65052,59776
156063,63360
211989,54864
207330,57522
207330,55632
250977,54864
212211,54864
96444,53046
218061,53046
249579,53046
205905,53046
247548,63540
247548,63136
249159,53160
62817,55632
62817,57522
65067,63540
65067,63136
232614,63360
209094,63136
209094,63540
183387,51316
186951,50720
72561,51316
210045,53046
203820,57522
203820,55632
232410,124
154560,63360
245631,53160
189045,63136
189045,63540
200364,61540
203388,16358
183450,54864
244158,57522
244158,55632
184104,59776
155337,59776
202959,50720
183921,55632
183921,57522
186951,63510
129135,51316
184710,60
208503,36720
242571,36720
251631,36720
244731,60
212526,53046
185817,48298
172587,51316
176643,51316
65067,59776
247029,51316
56871,61540
187875,59776
174513,53160
187650,63360
231663,63360
242151,59776
198882,59776
161208,51316
209994,52620
200508,36720
157185,53160
153867,55632
153867,57522
154434,53160
173667,63540
173667,63136
177951,63360
224931,60
203829,55632
203829,57522
244041,51316
217002,52620
187734,53160
188730,53160
186987,63360
246618,59776
72645,51316
241389,53046
60864,53160
204093,61540
178068,59776
250434,60
201741,51316
194409,60
191256,54864
244005,51316
217494,51316
223071,59776
192618,55632
192618,57522
64959,60
153888,32496
163578,53046
154740,59776
164970,63540
164970,63136
184950,60
153279,52620
224931,53160
203082,61540
238611,61540
59700,51316
154803,63360
201564,54864
203295,54864
203301,54864
203706,54864
162843,53160
154485,53160
212430,61540
227295,61540
208206,51316
234972,54864
234018,54864
205722,59776
157416,59776
224931,63540
224931,63136
217536,124
217536,61280
211947,54864
219381,124
219048,63540
219048,63136
225699,51316
203256,36720
234972,63360
234018,63360
222159,62274
222159,59396
203727,36720
211989,36720
253671,63136
253671,63540
202818,52620
184950,63136
184950,63540
208872,53386
204243,51316
248706,63510
59700,63360
207600,55632
207600,57522
249297,53046
183912,63540
183912,63136
242439,63540
242439,63136
216309,53386
249930,54864
225480,52620
222159,63418
222159,39186
211950,36720
231708,53046
195723,63540
195723,63136
186882,61540
153279,59776
67764,61540
246150,51316
65328,60
208449,3382
227115,53046
210678,53046
64959,54864
183576,63360
248205,51316
216108,53160
247986,52620
252696,53160
72045,53046
244680,59776
208209,53160
203736,51316
234156,53160
163251,51316
166437,57522
166437,55632
180495,59776
222906,53046
200964,53160
238263,57522
238263,55632
251169,63360
209994,53046
232614,57522
232614,55632
161208,53046
179700,36720
197034,53046
249513,53160
238263,59776
232410,39186
232410,63418
195063,11490
230331,53386
236775,53386
211236,53046
253464,50720
223518,51316
192159,51316
214506,59776
153279,60
207396,59776
223518,53160
192159,53160
186951,54096
212430,60
227295,60
203829,61540
183666,51316
240912,53160
129135,52620
192300,52620
230178,52620
205731,54864
181746,57522
181746,55632
208206,53160
242439,53160
64272,50720
64365,63360
68676,53046
161787,63360
203445,63540
203445,63136
153867,63360
246858,57522
246858,55632
236520,53386
203082,51316
238611,51316
161787,53046
204189,63360
157767,54864
234864,51316
198552,59776
204657,52620
211812,60
208341,60
203796,60
213102,61540
229812,51316
128901,63136
128901,63540
240912,51316
162984,53046
163044,60
210000,63360
194601,57522
194601,55632
184509,63360
250362,59776
216948,60
244173,53160
227670,51316
69060,51316
227973,51316
203151,51316
162984,60
247986,54864
241350,54864
203820,59776
205722,51316
157416,51316
207927,63540
207927,63136
249297,51316
163578,55632
163578,57522
158658,59776
154476,53160
166599,61540
238068,61540
232614,60
236775,51316
230331,51316
203775,61540
72561,36720
244731,32496
206439,57522
206439,55632
155481,11490
188196,59776
212892,55632
212892,57522
223071,55632
223071,57522
208566,54864
244158,51316
232035,52620
153279,53046
212892,59776
129204,54864
207156,124
204144,52620
164337,52620
208788,59776
25743,63136
25743,63540
198855,63136
198855,63540
88821,59776
165750,59776
154770,60
154476,59776
208794,63136
208794,63540
156225,53160
211632,51316
235932,63136
210840,63540
235932,63540
210840,63136
165312,61280
72930,57522
72930,55632
186882,63136
186882,63540
155055,59776
246150,53160
204243,54864
249294,53160
231162,63418
231162,39186
210954,63540
210954,63136
192714,63360
223728,51316
205812,53160
204228,53160
227295,53160
212430,53160
228729,61540
128901,53160
197529,53160
188604,57522
188604,55632
158742,63540
158742,63136
250434,61540
188196,53160
233970,53046
154812,59394
210171,53160
251643,60
234120,61540
204228,61540
157224,52620
173940,52620
228438,53160
236775,63360
230331,63360
65328,53046
209094,55632
209094,57522
155337,60
184104,60
192627,51316
184698,53046
217002,53160
238263,63540
238263,63136
202959,54096
248178,54864
201837,54864
251721,54864
210129,54864
208545,54864
205188,54864
244158,63136
244158,63540
235458,60
191247,59776
216822,53046
212571,53160
242412,53160
208524,53160
237195,3382
153867,53160
216108,53046
198792,52620
188343,51316
128604,55632
128604,57522
204375,55632
204375,57522
154509,60
204768,63510
248301,61540
178458,54864
157185,53046
229737,63136
229737,63540
241389,63360
206412,60
211641,60
206484,60
206514,60
206763,60
173940,53160
61899,54864
64365,55632
64365,57522
188961,54864
198945,57522
198945,55632
252210,54864
206847,55632
206847,57522
203775,51316
187962,60
206670,60
65637,50274
242856,60
206646,60
206367,60
210897,60
201741,53160
253683,53160
251169,54864
205188,63360
210129,63360
183450,59776
128901,59776
207600,59776
157398,51316
187224,59776
203184,62274
203184,59396
203151,61540
69060,61540
229812,53160
225276,53046
247002,3382
203439,53160
217380,53160
203259,53160
198573,53046
161058,53046
153402,63540
153402,63136
59700,61540
154041,63540
154041,63136
161208,61540
252696,55632
252696,57522
208209,63360
242130,54864
217002,63360
59700,53046
243408,51316
246804,51316
154551,51316
67335,53160
199044,51316
199479,63540
199479,63136
181746,51316
210120,53046
233970,53160
203073,53160
223782,59776
160029,63540
160029,63136
165726,53046
183912,57522
183912,55632
246804,53160
154551,53160
173940,59776
195063,39186
195063,63418
155055,53046
223782,53046
65313,59776
204771,59776
208812,63136
208812,63540
204771,53046
206856,51316
196302,51316
176577,63136
176577,63540
224526,55632
224526,57522
177951,60
174195,51316
207618,55632
207618,57522
208449,59394
253335,61540
198981,53046
244005,55632
244005,57522
154869,53046
206868,57522
206868,55632
190152,55632
190152,57522
218121,50274
223071,53046
164661,51316
154740,52620
163251,52620
225699,52620
253671,53046
203388,54096
186327,57522
186327,55632
158658,53046
72108,54864
153048,63136
153048,63540
224841,63540
224841,63136
253191,54864
167514,52620
232068,53046
236775,54290
230331,54290
186987,59776
154560,53046
223728,54290
155034,32496
154869,53160
212283,51316
203727,63136
203727,63540
211989,63540
211989,63136
218121,59396
218121,62274
173940,61540
210954,59776
208554,36720
155100,53160
244005,53160
236520,59776
204717,59776
186951,33534
203775,53160
249573,63418
249573,39186
227973,53160
229473,59776
69060,63136
203151,63136
203151,63540
227973,63136
69060,63540
227973,63540
203736,53046
184509,57522
184509,55632
239577,54864
244680,51316
203328,53046
211386,57522
211386,55632
186378,55632
186378,57522
208206,53046
198873,59776
72561,53160
166599,63360
238068,63360
222906,54864
224931,59776
207465,57804
204228,63360
231708,55632
231708,57522
211740,60
217536,51974
216108,52620
128901,61540
204483,53160
247974,53160
61692,53046
210168,53046
230091,54290
65328,52620
185817,61280
154506,60
197529,51316
211740,53160
251253,36720
226623,36720
183912,52620
186951,63186
186951,42132
206418,53046
199479,60
232410,3382
186177,57522
186177,55632
188604,51316
164457,63540
164457,63136
224631,63540
224631,63136
210000,53046
205815,51316
197529,61540
67764,63360
248682,55632
248682,57522
210168,52620
61692,52620
192714,53046
238218,53046
217293,63540
217293,63136
203073,63360
157398,53046
165687,3382
188343,63360
176577,63360
247029,59776
233091,57522
233091,55632
173613,59776
203082,57522
203082,55632
238611,57522
238611,55632
211632,63540
211632,63136
213102,63136
213102,63540
203271,36720
203274,36720
196722,36720
212112,36720
173613,53046
211812,63360
192714,53160
221526,53160
208572,53160
210690,53160
203166,53160
216108,51316
188844,3382
183666,63540
183666,63136
211989,53046
253506,60
206838,60
250749,60
249216,60
206928,60
245631,57522
245631,55632
211473,59776
241824,53160
216309,63360
212892,53160
211236,59776
162603,61540
167256,51316
222750,63360
202959,59394
249930,61540
248301,60
243408,59776
223071,60
204228,54864
209184,32496
208209,51316
192714,51316
65637,48980
201837,63360
251721,63360
208545,63360
248178,63360
173940,54864
183576,51316
66915,51316
166995,53160
245976,59776
207927,52620
223071,52620
165312,36720
165726,55632
165726,57522
231162,36720
249573,60
227115,36720
210678,36720
252480,51316
203736,36720
173613,51316
177474,60
230178,63136
230178,63540
65052,63136
65052,63540
154542,57522
154542,55632
172503,63540
172503,63136
250977,63136
250977,63540
249573,51316
224631,55632
224631,57522
181593,57522
181593,55632
183921,60
199860,53046
221151,53046
229521,53046
66378,53046
251085,53046
203502,53046
250629,53046
158016,53046
192771,53046
59703,53046
203889,53046
205122,53046
205728,53046
210846,53046
251253,53160
226623,53160
196302,63540
196302,63136
206856,63540
206856,63136
232404,60
203280,48980
248292,52620
244731,61280
161058,59776
253677,50720
158610,50720
219381,50720
227310,59776
244041,60
210627,53046
204717,53046
153402,52620
60864,55632
60864,57522
250275,60
206988,60
155043,52620
253578,63540
253578,63136
206637,60
206625,60
207084,60
206448,60
206433,60
211641,51316
206763,51316
206514,51316
206484,51316
206412,51316
198801,63136
198801,63540
203259,61540
217380,61540
203439,61540
238218,63540
238218,63136
164007,59776
176577,55632
176577,57522
203829,63136
203829,63540
153348,63186
153348,42132
165312,59394
244644,60
158658,51316
206304,52620
223554,53160
252774,53160
154560,53160
167256,63136
167256,63540
171684,3382
128604,63540
128604,63136
230178,53046
244278,53160
226623,54864
251253,54864
209994,63540
209994,63136
246054,51316
223071,61540
252480,63360
248205,52620
241389,53160
188961,59776
205812,52620
155481,63186
155481,42132
250947,53160
248373,53160
211473,51316
153999,51316
246804,36720
154551,36720
244866,63418
244866,39186
140277,63360
234555,50720
203511,52620
155100,51316
203280,63418
203280,39186
67371,50274
211236,60
172695,53160
208566,53160
156225,63540
156225,63136
246150,57522
246150,55632
251121,63136
251121,63540
200508,63540
200508,63136
227310,54864
206304,51316
249294,59776
184710,63136
184710,63540
208794,63360
230091,48980
153867,63136
153867,63540
188961,63136
188961,63540
154803,59776
201741,52620
231663,61540
139272,57522
139272,55632
208794,60
239577,61540
203388,59394
68676,63136
68676,63540
198882,60
242151,60
246804,53046
154551,53046
247986,63540
247986,63136
192300,60
223782,51316
205812,51316
202959,3382
128763,57522
128763,55632
231459,59776
253683,59776
209154,53046
237804,63136
237804,63540
219381,63186
219381,42132
61899,53046
250782,60
154551,60
246804,60
206304,55632
206304,57522
188700,53046
165717,53046
129135,63540
192300,63540
192300,63136
129135,63136
153669,36720
233970,52620
224169,52620
206763,63540
206763,63136
206514,63540
206412,63540
206484,63540
206484,63136
211641,63540
206412,63136
211641,63136
206514,63136
160029,59776
158658,61540
226140,53046
221331,53046
186882,63360
204228,63540
204228,63136
68496,52620
247956,59776
209184,33534
187875,52620
249294,54864
188604,53160
172695,52620
189009,51316
67335,63360
207330,60
72561,53046
208812,61540
154542,63540
154542,63136
203073,51316
56871,63360
66879,51316
184710,53160
156225,51316
154560,51316
228438,52620
212892,63136
212892,63540
203199,59396
203199,62274
64272,62274
64272,59396
244731,3382
211950,53386
252081,55632
207339,55632
252081,57522
207339,57522
164007,60
245154,57522
245154,55632
65637,3382
248205,55632
248205,57522
235458,52620
187707,53046
208206,60
210627,60
222750,51316
203445,53160
194409,55632
194409,57522
72918,63540
72918,63136
154869,59776
217494,59776
241824,52620
154485,51316
162843,51316
192159,53046
223518,53046
195063,54096
250977,59776
199854,53046
204483,51316
247974,51316
231162,3382
252774,59776
223554,59776
156024,57522
156024,55632
210627,63540
210627,63136
203166,63136
203166,63540
210876,53046
165684,53046
247548,52620
242505,124
67158,53046
128763,53046
227295,63360
212430,63360
167256,53046
204774,55632
204774,57522
129204,36720
203277,59776
244971,55632
244971,57522
245976,57522
245976,55632
212478,55632
212478,57522
208788,53160
210120,59776
154812,32496
155034,60
221409,50274
177474,53046
234156,52620
203829,53160
204144,53160
164337,53160
246618,53046
183450,52620
182292,51316
236520,53160
222750,53160
188343,53160
208812,63360
249855,63418
249855,39186
234120,51316
231663,51316
203199,3382
193965,59776
129135,60
225480,53046
247956,63136
247956,63540
207396,51316
154434,63540
154434,63136
228753,63136
228753,63540
244644,32496
237804,53160
212478,60
178458,60
187224,61540
65313,53046
249297,52620
72108,59776
167316,51316
247548,51316
249513,63540
249513,63136
67335,55632
67335,57522
242505,59394
244005,60
177921,55632
177921,57522
163044,63540
163044,63136
154740,63540
154740,63136
183576,52620
128901,51316
204774,51316
155100,59776
207597,53046
203829,53046
154740,57522
154740,55632
252405,51316
128538,53046
69060,53160
203151,53160
223782,61540
249930,59776
203811,53046
247956,52620
160770,51316
196455,55632
196455,57522
165687,48980
175878,53046
207618,51316
188685,59776
250782,57522
250782,55632
244278,53046
210627,52620
218121,59394
193965,54290
171684,48980
254118,3382
249294,63540
249294,63136
210978,52620
223728,61540
188604,60
198981,63360
207156,63418
207156,39186
173940,63360
72108,51316
163101,60
212526,52620
210954,55632
210954,57522
193965,61540
229473,53046
222750,54864
216822,60
161787,53160
211476,63360
153138,63540
153138,63136
197286,59776
250653,59776
212571,63136
242412,63540
208524,63136
212571,63540
208524,63540
242412,63136
227295,53046
212430,53046
155100,63540
155100,63136
154119,52620
154665,53046
207597,63136
207597,63540
230331,54864
236775,54864
183576,53160
208449,48980
250434,63360
153756,52620
201798,53046
198981,63136
198981,63540
247002,48980
234120,36720
233091,63540
233091,63136
204228,53046
163044,53160
203073,63136
203073,63540
249159,51316
140277,53046
65052,55632
65052,57522
245976,53046
204144,60
164337,60
164661,54864
249687,51316
166599,54864
238068,54864
188961,52620
179700,53160
217536,57804
244278,52620
229473,51316
224841,51316
244866,3382
192714,61540
203445,61540
219420,50274
203388,63186
203388,42132
253671,60
154509,61280
153669,32496
154821,63540
154821,63136
56871,60
242412,53046
208524,53046
212571,53046
211812,63540
211812,63136
249855,50720
248013,53046
195063,42132
195063,63186
203328,36720
192627,59776
244644,3382
172587,53160
176643,53160
163044,57522
163044,55632
184710,55632
184710,57522
224631,59776
203166,55632
203166,57522
203439,51316
217380,51316
203259,51316
212211,53046
153402,51316
209154,63360
224526,63540
224526,63136
252696,63136
252696,63540
183576,61540
210045,53160
229473,61540
234156,63540
234156,63136
206484,53160
206763,53160
206412,53160
206514,53160
211641,53160
208209,59776
174195,53160
173613,61540
249573,124
239577,59776
66915,53046
174195,59776
188196,51316
66915,63136
66915,63540
237804,55632
237804,57522
193965,51316
188787,53046
154803,55632
154803,57522
211473,61540
237804,59776
253671,57522
253671,55632
174195,63540
174195,63136
229737,59776
199044,59394
253683,51316
214506,51316
89013,52620
249159,52620
223728,63360
248550,63360
203256,59776
206412,57522
206484,55632
206484,57522
206412,55632
206763,55632
211641,55632
206514,55632
206514,57522
211641,57522
206763,57522
251121,53046
218121,32496
211965,53160
209154,54864
228024,52620
140277,63136
140277,63540
67764,57522
67764,55632
204228,51316
207597,59776
212283,63540
212283,63136
183450,51316
158742,53046
250947,63136
248373,63136
250947,63540
248373,63540
204243,63136
204243,63540
203073,61540
197034,59776
217536,54096
219420,3382
208812,60
198792,53046
211812,53046
210846,36720
229521,36720
199860,36720
203889,36720
203502,36720
192771,36720
66378,36720
221151,36720
250629,36720
205728,36720
158016,36720
59703,36720
251085,36720
205122,36720
187650,63540
187650,63136
153279,61540
203736,59776
249579,59776
218061,59776
205905,59776
96444,59776
224526,52620
161208,63360
249297,57522
249297,55632
196845,53046
203700,53046
175878,53160
67158,53160
192714,63540
192714,63136
251253,63540
251253,63136
226623,63540
226623,63136
226662,53046
248301,63360
212283,53160
228729,63360
188637,63540
188637,63136
223554,63136
252774,63136
223554,63540
252774,63540
198279,60
183666,60
158742,57522
158742,55632
199044,57804
247548,57522
247548,55632
162603,63540
162603,63136
248706,50720
205188,51316
210129,51316
161787,59776
211473,57522
211473,55632
232035,60
208518,39186
208518,63418
164541,60
252774,53046
223554,53046
248373,59776
182292,60
228438,51316
183666,52620
197529,63540
197529,63136
212478,63540
212478,63136
155034,59394
203775,53046
248301,53046
204243,53160
160029,53046
245631,52620
253464,63418
253464,39186
185817,60
244173,63540
244173,63136
198882,52620
242151,52620
163578,52620
248706,50274
220011,54864
188196,63136
188196,63540
201798,63136
201798,63540
162960,50720
216309,61348
183450,63540
183450,63136
231459,60
227310,53160
223071,63360
189045,52620
251121,51316
249159,63540
249159,63136
240939,53386
154803,53160
157185,55632
157185,57522
196455,53160
162960,50274
154665,55632
154665,57522
188961,51316
163578,63540
163578,63136
65067,52620
204144,63136
204144,63540
226662,63540
226662,63136
157224,53160
226662,59776
187707,57522
187707,55632
60864,60
231708,51316
230091,53160
154770,57522
154770,55632
203082,36720
238611,36720
220170,39186
238377,39186
238377,63418
220170,63418
192768,39186
192768,63418
211386,59776
186378,59776
249687,63540
249687,63136
165312,60
214506,53046
199044,61540
210690,53046
221526,53046
208572,53046
214194,51316
252210,36720
246618,55632
246618,57522
157185,63136
157185,63540
68676,57522
68676,55632
253191,59776
210000,53160
153348,59396
153348,62274
68496,60
153999,57522
153999,55632
198882,54864
242151,54864
160770,59776
206799,63540
206799,63136
188685,60
211740,51316
153402,57522
153402,55632
210840,60
235932,60
203820,53046
245631,63540
245631,63136
249855,3382
193965,52620
163251,60
231663,36720
234018,36720
234972,36720
213102,63360
208500,59776
198945,59776
207156,50274
167514,53160
237195,62274
237195,59396
211533,55632
211533,57522
221526,63136
221526,63540
208572,63136
208572,63540
210690,63136
210690,63540
198945,63136
198945,63540
225276,55632
225276,57522
183576,63136
183576,63540
202959,16358
193965,51974
188844,61280
173667,52620
249222,3382
234093,59776
210393,59776
203214,59776
219048,51316
216309,48980
204093,59776
244731,33534
208794,54290
205731,36720
208566,63540
208566,63136
247974,54864
204483,54864
203166,59776
246858,52620
195507,59776
199044,59776
224931,55632
224931,57522
192159,63540
223518,63136
223518,63540
192159,63136
246150,60
196455,59776
188196,57522
188196,55632
207597,57522
207597,55632
185817,61540
201798,51316
233970,57522
233970,55632
178818,11490
154476,63540
154476,63136
217536,61348
157416,60
205722,60
206439,53046
204189,51316
164661,60
209184,54096
228753,53046
208872,54864
128763,52620
244278,51316
206304,60
156225,59776
231162,59394
187386,55632
187386,57522
211386,60
186378,60
25743,53046
72117,57522
72117,55632
249687,63360
184698,53160
226662,60
203775,63540
203775,63136
67371,124
173940,53046
212892,53046
210690,59776
208572,59776
221526,59776
219381,54096
236775,59776
230331,59776
156225,60
201837,51316
248178,51316
208545,51316
251721,51316
56871,51316
67158,51316
175878,51316
64959,53046
238263,53046
208812,54290
217536,63186
217536,42132
249687,61540
162960,32496
155100,60
223071,63136
223071,63540
249930,53046
244971,53046
219231,60
208758,60
175878,52620
67158,52620
208518,54096
242856,53046
228729,55632
228729,57522
155481,3382
203277,53046
212430,63540
212430,63136
227295,63136
227295,63540
232614,63136
232614,63540
253335,36720
248205,60
157398,57522
157398,55632
205812,53046
234972,53046
234018,53046
208209,63136
208209,63540
225276,51316
249930,63360
208503,57522
251631,55632
251631,57522
208503,55632
242571,55632
242571,57522
187224,63360
160770,54864
244731,51316
253683,63136
253683,63540
222204,52620
162843,63540
154485,63136
154485,63540
162843,63136
208209,52620
200364,36720
153279,53160
60864,59776
156063,53160
246150,63540
246150,63136
208794,53160
251169,53160
222750,53046
208518,50720
184710,51316
184509,59776
61692,60
210168,60
182292,57522
182292,55632
233970,51316
253191,51316
209184,124
233814,57522
233814,55632
222750,63136
222750,63540
208092,57522
208092,55632
197529,53046
220170,50720
238377,50720
192768,50720
210954,52620
202959,124
155034,3382
203214,53046
253191,53160
209622,53046
252480,52620
154434,53046
249297,60
204093,53160
203727,51316
211989,51316
198792,63136
198792,63540
72108,53160
153669,61280
177951,53046
199044,48980
188196,60
203295,59776
203301,59776
201564,59776
203706,59776
199044,61280
207600,53046
160029,54864
197286,54864
250653,54864
154560,60
187659,55632
187659,57522
238068,51316
166599,51316
154476,51316
249222,48980
177951,59776
64365,60
253578,51316
173940,51316
201798,61540
174195,57522
174195,55632
183912,51316
248013,59776
203700,57522
203700,55632
196845,57522
196845,55632
65067,55632
65067,57522
223071,53160
203184,48980
210045,63136
210045,63540
194601,51316
207219,52620
226623,53046
251253,53046
167256,60
192159,36720
223518,36720
56871,53046
244680,52620
167256,55632
167256,57522
229812,52620
217293,51316
253683,52620
187224,57522
187224,55632
183387,60
197286,53160
250653,53160
196311,53046
207096,53046
179700,53046
184698,59776
210393,57522
210393,55632
234093,57522
234093,55632
239577,53046
153888,3382
178068,60
211965,63136
211965,63540
234018,53160
234972,53160
208206,63540
208206,63136
192618,63136
192618,63540
187650,55632
187650,57522
177921,52620
164871,3382
211632,60
234555,39186
234555,63418
239577,63360
203829,59776
216309,51974
175293,59776
174513,63540
174513,63136
183387,53046
222750,60
158658,63360
249855,48980
207465,48298
64365,52620
154506,11490
200508,55632
200508,57522
241824,63540
241824,63136
72045,57522
72045,55632
194601,60
178068,52620
248706,32496
228438,53046
153669,60
165717,60
188700,60
222159,3382
206847,53046
158016,53160
251085,53160
221151,53160
250629,53160
229521,53160
199860,53160
205122,53160
203502,53160
192771,53160
59703,53160
210846,53160
205728,53160
66378,53160
203889,53160
247974,60
204483,60
204189,55632
204189,57522
178818,3382
181746,60
237195,48980
184509,53160
61824,53046
188604,59776
211965,59776
167514,54290
219048,59776
247986,57522
247986,55632
162843,60
154485,60
184509,63136
184509,63540
194424,61280
164871,32496
67371,63186
67371,42132
200508,51316
237195,11490
211476,53046
208788,63136
208788,63540
202959,63418
202959,39186
154476,55632
154476,57522
65052,52620
183468,53046
210000,59776
128901,63360
249687,53160
154812,61280
188730,60
187734,60
157767,60
203445,51316
210171,60
177951,53160
203388,3382
207618,52620
216108,63136
216108,63540
163044,51316
174513,60
226662,53160
162960,39186
162960,63418
247029,60
64272,3382
212283,60
250947,59776
251169,36720
192618,53046
206406,55632
206406,57522
207144,55632
207144,57522
206811,55632
206811,57522
236226,55632
236226,57522
164541,32496
224841,60
68496,53160
154869,63136
154869,63540
234555,50274
206418,60
250434,53046
190152,53046
206868,53046
207618,60
224169,53046
164871,60
175878,55632
175878,57522
246858,63540
246858,63136
244278,57522
244278,55632
232410,48980
227115,57522
227115,55632
210678,57522
210678,55632
192618,36720
244644,59394
248550,53046
204774,53046
162843,59776
154485,59776
210129,53160
205188,53160
166995,51316
208788,60
210171,63136
210171,63540
254118,48980
158742,59776
67158,57522
67158,55632
188604,63136
188604,63540
212283,55632
212283,57522
178818,60
211140,54864
208524,59776
242412,59776
212571,59776
198552,60
207339,53046
252081,53046
247002,61348
203184,3382
88821,53046
165750,53046
192771,59776
229521,59776
59703,59776
203889,59776
250629,59776
205728,59776
205122,59776
158016,59776
66378,59776
251085,59776
221151,59776
199860,59776
210846,59776
203502,59776
247002,52620
72918,51316
228024,63136
228024,63540
166995,52620
252696,52620
72918,55632
72918,57522
249294,55632
249294,57522
192627,60
208500,57522
208500,55632
223782,63360
248706,59396
248706,62274
201798,53160
203727,57522
203727,55632
187221,63136
187221,63540
205188,36720
210129,36720
158658,57522
158658,55632
218121,39186
218121,63418
178818,48980
207330,59776
242505,3382
183387,55632
183387,57522
162603,51316
244158,60
252480,55632
252480,57522
162960,62274
162960,59396
167316,59776
249855,50274
204093,51316
72561,60
210678,53160
227115,53160
185817,61348
188343,63136
188343,63540
187734,63540
187734,63136
188730,63540
188730,63136
183492,57522
183492,55632
210045,57522
210045,55632
66915,60
179700,63540
179700,63136
208524,55632
210690,55632
212571,55632
221526,57522
208572,55632
208572,57522
212571,57522
208524,57522
210690,57522
221526,55632
242412,57522
242412,55632
175293,54864
225276,52620
219420,48980
196722,59776
203274,59776
212112,59776
203271,59776
249687,59776
140277,53160
198882,53046
242151,53046
211812,57522
211812,55632
164541,51316
249222,59394
244005,63136
244005,63540
208812,53160
209154,36720
229473,63360
208554,55632
208554,57522
158016,63136
250629,63540
251085,63540
205122,63540
66378,63136
158016,63540
205728,63136
205122,63136
221151,63136
205728,63540
203502,63136
199860,63136
192771,63540
203889,63136
203889,63540
192771,63136
229521,63136
210846,63540
210846,63136
203502,63540
251085,63136
229521,63540
59703,63136
59703,63540
66378,63540
250629,63136
199860,63540
221151,63540
253464,3382
191316,54290
199854,57522
199854,55632
230091,63540
230091,63136
194424,61348
162843,57522
162843,55632
184698,55632
184698,57522
157398,60
177474,55632
177474,57522
175878,63540
175878,63136
192618,51316
223728,63136
223728,63540
234864,60
223518,59776
192159,59776
205812,63136
205812,63540
240912,60
208788,54864
161208,55632
161208,57522
161058,55632
161058,57522
186987,53046
249513,60
221409,32496
65313,51316
156063,55632
156063,57522
203073,53046
223782,55632
223782,57522
228024,54864
177951,57522
177951,55632
154998,54864
72645,52620
188787,57522
188787,55632
244092,52620
161058,51316
212283,53046
191247,60
173613,63360
232410,59394
230091,52620
207396,52620
153279,63360
176643,63540
176643,63136
172587,63136
172587,63540
208566,59776
210633,57522
210633,55632
211473,63360
247002,51974
245976,60
156063,63136
156063,63540
157224,60
211632,57522
211632,55632
164337,63540
164337,63136
253335,53160
250362,52620
210393,63540
210393,63136
234093,63540
234093,63136
249207,55632
249207,57522
167514,53046
205815,60
247002,51316
228024,53160
203199,48980
242439,51316
208206,55632
208206,57522
67335,63540
67335,63136
192942,57522
192942,55632
209154,53160
183921,59776
189009,60
246618,52620
217002,53046
203724,60
250947,54864
211236,55632
211236,57522
247029,52620
249855,32496
154551,63540
246804,63540
154551,63136
246804,63136
247548,60
183363,54864
229812,63540
229812,63136
247974,63136
204483,63540
247974,63540
204483,63136
248178,53160
208545,53160
201837,53160
251721,53160
166599,59776
238068,59776
218121,61348
64272,32496
240912,59776
154869,57522
154869,55632
203871,52620
204780,52620
249486,53046
211947,59776
248301,53160
157224,63540
157224,63136
161787,57522
161787,55632
213102,53046
248178,36720
208545,36720
201837,36720
251721,36720
203724,54864
171684,49888
171684,62860
171684,62944
171684,63508
56871,53160
203280,50274
195507,55632
195507,57522
153138,51316
204228,60
221409,62274
221409,59396
201741,63540
201741,63136
192618,53160
234972,55632
234018,57522
234018,55632
234972,57522
184698,63540
184698,63136
253578,53046
203259,36720
217380,36720
203439,36720
65328,55632
65328,57522
204774,52620
195063,59396
195063,62274
154485,55632
154485,57522
197286,63540
227310,63540
250653,63136
227310,63136
250653,63540
197286,63136
193965,61348
211989,57522
211989,55632
210000,57522
210000,55632
217002,63540
217002,63136
205722,52620
157416,52620
66879,60
244680,60
217293,55632
217293,57522
218121,50720
248373,54864
248682,53046
128901,60
208518,51316
161058,52620
231708,59776
209622,57522
209622,55632
72561,63136
72561,63540
188637,60
251253,51316
226623,51316
246054,60
246042,54864
244644,61280
59700,55632
59700,57522
234093,53160
210393,53160
212283,59776
203511,60
158610,63418
253677,63418
158610,39186
253677,39186
65313,57522
65313,55632
69060,36720
203151,36720
244866,50274
210000,63136
210000,63540
232035,54864
172695,63136
172695,63540
186987,53160
140277,61540
188343,60
248550,51316
203295,53046
203301,53046
201564,53046
203706,53046
72117,53046
164541,61540
188343,57522
188343,55632
246150,59776
203280,3382
220011,63136
220011,63540
154506,3382
234156,60
240939,59776
172695,53046
194424,51316
253464,50274
227670,36720
227973,36720
153669,57804
154434,59776
249513,54864
183576,60
206496,55632
206496,57522
165687,62860
165687,49888
165687,62944
165687,63508
210129,53046
205188,53046
61824,55632
61824,57522
185817,51974
253335,63136
253335,63540
207219,60
249513,59776
221409,33534
153402,60
211965,54864
204243,59776
204189,53046
251721,53046
208545,53046
248178,53046
201837,53046
252480,60
200364,53160
243408,52620
60864,53046
250977,51316
204375,53046
223728,54864
154560,63136
154560,63540
242571,59776
208503,59776
251631,59776
240939,57522
240939,55632
64365,53160
153999,60
252480,53160
155481,36720
166002,53046
164871,48980
237195,32496
210627,55632
210627,57522
211236,52620
64272,48980
154509,11490
158658,52620
253464,32496
231162,48980
253464,48980
219048,60
239577,51316
195723,54864
173613,55632
173613,57522
203295,57522
201564,55632
203706,55632
201564,57522
203301,57522
203301,55632
203706,57522
203295,55632
56871,57522
56871,55632
154542,59776
204093,54864
208206,59776
154506,48980
206850,57522
206850,55632
208209,57522
208209,55632
140277,51316
216108,55632
216108,57522
173940,63540
173940,63136
203388,63418
203388,39186
210120,57522
210120,55632
211947,55632
211947,57522
236775,53160
230331,53160
238611,53046
203082,53046
154551,57522
246804,57522
246804,55632
154551,55632
248301,63540
248301,63136
167316,61540
203328,53160
221409,63418
221409,39186
188331,55632
188331,57522
156063,51316
196455,63540
196455,63136
167256,52620
153279,55632
153279,57522
167316,60
188844,48980
222159,48980
202959,63186
202959,42132
210678,63540
227115,63540
210678,63136
227115,63136
225699,53046
188844,60
220170,124
192768,124
238377,124
236520,52620
210120,52620
220011,61540
161787,63136
161787,63540
179853,54864
208566,57522
208566,55632
164871,59394
171684,50720
251169,57522
251169,55632
203388,124
154506,61280
213102,54864
155055,52620
223728,53160
72561,59776
241824,60
229473,57522
229473,55632
205731,57522
205731,55632
198873,57522
198873,55632
249930,51316
183921,52620
196302,60
206856,60
153888,62274
153888,59396
194409,53046
184950,59776
242439,59776
209184,63186
209184,42132
198792,51316
186951,50274
208500,53046
154509,3382
250434,52620
249222,39186
249222,63418
203820,52620
166599,53160
238068,53160
172695,51316
158610,3382
253677,3382
244005,59776
228438,63540
228438,63136
157398,52620
248796,60
205731,53160
129204,53160
160029,52620
203184,59394
251169,63540
251169,63136
186987,63540
186987,63136
153348,3382
204717,52620
231708,60
188343,59776
229737,52620
251169,53046
129204,57522
129204,55632
214194,53046
250977,53046
61824,60
154869,52620
166995,63136
166995,63540
160770,53160
198534,54864
211533,53046
248706,63418
248706,39186
204093,63136
204093,63540
202818,54864
241350,57522
241350,55632
227295,55632
227295,57522
212430,55632
212430,57522
128763,53160
181101,55632
181101,57522
214506,55632
214506,57522
211740,63540
211740,63136
248178,55632
248178,57522
251721,57522
210129,57522
208545,55632
251721,55632
205188,57522
208545,57522
205188,55632
210129,55632
201837,55632
201837,57522
67764,52620
242505,50720
216309,54290
217002,51316
162603,53046
154509,48980
240939,54864
158610,50274
253677,50274
200364,63136
200364,63540
227670,59776
227973,59776
195507,53046
228729,60
199044,63360
210876,60
207330,53046
203199,32496
197529,36720
234120,63136
234120,63540
221409,16358
67764,60
202959,48980
177951,63540
177951,63136
173940,60
253578,57522
253578,55632
254118,11490
252210,55632
252210,57522
154803,52620
205188,63136
205188,63540
210129,63540
210129,63136
154812,3382
242130,55632
242130,57522
203166,53046
234018,63136
234018,63540
234972,63136
234972,63540
226623,55632
226623,57522
251253,55632
251253,57522
198279,53046
207219,53160
214194,57522
214194,55632
167514,54864
171702,53046
205731,53046
186987,52620
251121,59776
209154,63540
209154,63136
187962,53046
204771,52620
207600,52620
227115,59776
210678,59776
192768,59394
238377,59394
220170,59394
227310,60
218121,51974
223782,52620
154560,57522
154560,55632
251121,57522
251121,55632
244278,63136
244278,63540
207396,60
160029,60
165684,60
203073,36720
224631,52620
234120,53160
220011,53046
195723,60
208872,59776
208872,60
186378,53046
211386,53046
208449,61280
161208,52620
231663,63136
231663,63540
166128,53046
249930,53160
171684,63510
211947,53160
176643,60
172587,60
249294,52620
165687,39186
165687,63418
67158,63136
67158,63540
249294,53046
198792,55632
198792,57522
178068,53046
129204,53046
208209,53046
208503,53046
242571,53046
251631,53046
205812,55632
205812,57522
210045,51316
188961,53046
208209,60
207156,48980
208518,63186
208518,42132
140277,36720
179700,59776
234555,48980
183666,53046
184104,52620
155337,52620
167316,52620
251169,51316
155034,61280
233970,63540
233970,63136
217494,60
227292,53046
198945,52620
245976,52620
230091,11490
230091,54864
139272,53046
162603,57522
162603,55632
179700,57522
179700,55632
217293,60
181101,53046
56871,59776
241389,63540
241389,63136
59700,52620
193965,63360
229473,52620
154434,51316
173613,52620
203199,60
203388,48980
128763,60
158610,32496
253677,32496
242505,48980
253677,48980
158610,48980
203328,63540
203328,63136
222750,55632
222750,57522
244731,52620
164541,57804
201798,36720
242439,60
166002,51316
155481,59394
208503,53160
251631,53160
242571,53160
212283,52620
220011,51316
253191,63136
253191,63540
192714,36720
193965,53160
203328,59776
182292,59776
247962,55632
247962,57522
238263,52620
253683,57522
253683,55632
208554,59776
199044,51974
247974,53046
204483,53046
240939,53160
220011,59776
156063,60
201837,63540
208545,63540
201837,63136
251721,63540
251721,63136
248178,63540
208545,63136
248178,63136
210633,53046
72918,59776
59700,53160
161787,52620
243408,60
205812,60
249930,52620
65313,52620
72561,57522
72561,55632
209154,51316
203277,52620
161208,60
248550,61540
188961,60
198279,55632
198279,57522
247002,61280
183912,60
208518,33534
166599,53046
238068,53046
207597,52620
167514,11490
230091,63360
207156,3382
154476,60
158658,60
188685,52620
208500,52620
228438,57522
228438,55632
252210,53160
247002,57804
154434,55632
154434,57522
205731,63136
129204,63540
129204,63136
205731,63540
153813,54864
253191,53046
208566,53046
178458,53046
25743,55632
25743,57522
211950,54864
59700,60
203184,32496
250977,60
197286,60
250653,60
173613,60
228729,52620
186882,53046
192627,52620
204228,57522
204228,55632
223782,60
67371,48980
209154,55632
209154,57522
226140,57522
221331,57522
226140,55632
221331,55632
67371,62274
67371,59396
211947,53046
203775,36720
252210,53046
251121,60
244731,59776
248373,60
200508,59776
217293,59776
154803,63136
154803,63540
198573,57522
198573,55632
238377,51316
192768,51316
220170,51316
207465,59776
203775,59776
214194,60
212748,55632
251619,55632
206481,57522
212748,57522
251619,57522
206481,55632
153669,51974
249222,32496
129081,60
72108,63540
72108,63136
208794,59776
203820,60
208518,16358
183450,60
231663,53160
254118,61280
222906,57522
222906,55632
239577,53160
154560,59776
220011,53160
129204,59776
67371,54096
211473,60
203184,60
249855,59396
249855,62274
211950,60
204768,62944
204768,49888
204768,63508
204768,62860
200964,52620
211140,53046
56871,63540
56871,63136
236775,63540
236775,63136
230331,63136
230331,63540
228024,55632
228024,57522
212892,60
191316,63540
191316,63136
250434,55632
250434,57522
219420,62274
219420,59396
164541,61348
203445,36720
253578,60
203727,59776
211989,59776
184950,54864
248796,57522
248796,55632
249513,52620
222159,59394
155481,48980
128763,63540
128763,63136
208554,53046
234555,3382
218121,61280
178818,61280
165687,32496
238218,57522
238218,55632
67764,53160
234972,51316
234018,51316
158658,53160
197034,52620
242130,53046
163044,53046
184710,53046
211965,60
248550,63136
248550,63540
217380,59776
203259,59776
203151,59776
203439,59776
69060,59776
218121,11490
242856,55632
242856,57522
167316,63136
167316,63540
249687,52620
253683,53046
209184,3382
64272,59394
236775,60
230331,60
241350,53046
250977,52620
195372,53046
249222,50720
65313,60
162960,48980
249687,53046
178068,57522
178068,55632
72918,60
88821,60
165750,60
167316,63360
207156,32496
249573,35846
183666,55632
183666,57522
220011,63360
224931,52620
203727,60
211989,60
239577,52620
164541,51974
204243,55632
204243,57522
155034,48980
72108,52620
202959,61280
187224,52620
167316,53046
244731,57804
187224,60
67371,3382
167316,53160
153279,63136
153279,63540
217536,50720
252405,53046
207156,62274
207156,59396
252405,60
229473,60
231459,52620
232035,53046
186882,51316
165687,50720
72108,53046
244731,48980
186987,55632
186987,57522
191316,53160
204228,59776
216564,54864
206514,53046
206412,53046
206484,53046
206763,53046
211641,53046
253683,60
208518,124
225699,60
225699,57522
225699,55632
252210,63540
252210,63136
204483,59776
247974,59776
208554,53160
204717,60
203199,51316
203811,52620
253191,52620
192768,48980
220170,48980
238377,48980
249513,53046
207600,60
248373,52620
212892,52620
227310,55632
227310,57522
211473,52620
153138,60
192618,59776
223728,59776
210045,60
166002,55632
166002,57522
68496,63540
68496,63136
154476,52620
234018,60
234972,60
204768,50720
153669,61348
248706,48980
200964,54864
204093,52620
211947,63136
211947,63540
188196,52620
160770,53046
195063,3382
223728,60
210000,52620
250434,53160
250947,60
219381,50274
186951,63418
186951,39186
219381,32496
223782,53160
201741,60
153348,48980
246804,59776
154551,59776
203166,52620
252210,59776
154542,52620
211950,59776
203736,52620
248550,36720
203388,50720
207144,53046
206406,53046
206811,53046
246858,51316
186951,32496
166599,63136
238068,63540
238068,63136
166599,63540
249687,60
204771,60
205731,59776
211950,63540
211950,63136
64365,63540
64365,63136
212211,55632
212211,57522
249573,59776
208788,52620
203388,61280
250947,53046
217293,52620
199044,61348
237195,59394
229812,53046
191316,53386
154485,52620
162843,52620
242571,63136
251631,63136
242571,63540
208503,63540
208503,63136
251631,63540
154698,54864
165687,50274
66915,55632
66915,57522
179700,51316
161208,53160
232068,55632
232068,57522
217002,57522
217002,55632
186951,3382
210045,59776
224169,57522
224169,55632
211950,53160
220011,52620
195063,48980
234120,59776
162603,60
216108,60
248373,53046
249930,63540
249930,63136
173613,53160
246042,57522
246042,55632
167316,55632
167316,57522
217536,32496
203829,60
197529,59776
154812,51316
195507,52620
166128,57522
166128,55632
164541,54864
208449,60
249207,53046
191316,11490
67371,63418
67371,39186
220011,60
154779,54864
227292,57522
227292,55632
194424,11490
203280,62274
203280,59396
188343,52620
246618,60
244005,52620
165312,48298
248550,53160
200508,60
229473,53160
208872,53160
200964,63540
200964,63136
230091,59776
188604,52620
229812,55632
229812,57522
167514,63136
167514,63540
219048,52620
184698,51316
160770,63540
160770,63136
202959,32496
196455,53046
153888,48980
246150,52620
220170,3382
238377,3382
192768,3382
227310,53046
203082,52620
238611,52620
193965,48298
184509,52620
207465,54290
192942,53046
208554,63540
208554,63136
207465,51316
165684,52620
181110,54864
192618,60
247002,11490
156063,59776
211965,52620
208794,52620
247962,53046
203724,53046
251253,59776
226623,59776
157767,53046
162960,3382
249573,32496
231162,61280
231708,52620
229812,60
203082,59776
238611,59776
250947,52620
187386,53046
164007,52620
250977,55632
250977,57522
244644,48980
249159,60
242505,61280
209184,11490
254118,60
206850,53046
197034,60
65637,62274
65637,59396
206496,53046
165312,61540
211989,52620
203727,52620
191256,57522
191256,55632
208788,53046
249159,53046
211965,53046
227310,52620
204768,48980
183576,53046
203199,59394
214506,60
248796,53046
166002,60
237804,52620
178818,48298
191256,53046
59700,63540
59700,63136
128901,53046
244866,59396
244866,62274
203829,52620
250434,63136
250434,63540
208812,59776
247002,59776
164541,36720
161058,60
200964,51316
198981,55632
198981,57522
154509,51316
242151,57522
242151,55632
198882,57522
198882,55632
183450,55632
183450,57522
231162,57804
154779,53046
193965,11490
186882,55632
186882,57522
208872,63540
208872,63136
222750,59776
216309,11490
211140,57522
211140,55632
187224,53160
164541,63360
203811,60
179853,57522
179853,55632
232410,32496
167514,53386
212478,53046
239577,63540
239577,63136
248706,3382
203445,59776
160770,52620
228729,53160
208206,52620
231663,59776
165717,52620
188700,52620
250362,60
64272,60
252480,63540
252480,63136
217536,39186
217536,63418
250653,53046
197286,53046
155481,57804
199044,48298
207156,50720
61899,55632
61899,57522
212748,53046
251619,53046
206481,53046
179853,53046
201564,52620
203706,52620
203301,52620
203295,52620
217494,52620
239577,55632
239577,57522
211476,55632
211476,57522
154434,52620
252405,57522
252405,55632
244644,51316
67158,60
174195,52620
154812,48980
208794,53386
236775,53046
230331,53046
193965,63136
193965,63540
244866,11490
249687,55632
249687,57522
253464,62274
253464,59396
154506,51316
164541,59394
178458,57522
178458,55632
207465,61540
155481,48298
207219,63540
207219,63136
203277,60
160029,57522
160029,55632
208794,54864
229473,63540
229473,63136
197286,55632
197286,57522
250653,57522
250653,55632
234093,60
210393,60
160770,60
200364,59776
208449,11490
238068,52620
166599,52620
208812,53386
219381,48980
244731,61540
175878,60
184698,60
177951,52620
154506,48298
230331,52620
236775,52620
211473,53160
65637,48298
198552,52620
248301,55632
248301,57522
225276,60
194424,60
201798,59776
165750,52620
88821,52620
234555,62274
234555,59396
250653,52620
197286,52620
249930,55632
249930,57522
165687,11490
158742,52620
210129,59776
205188,59776
128901,54864
167514,55632
167514,57522
72108,55632
72108,57522
210876,52620
198534,53046
187224,63136
187224,63540
234018,59776
234972,59776
219381,63418
219381,39186
188961,55632
188961,57522
155034,51316
165312,51316
164871,61280
191247,52620
204093,53046
219231,54864
208758,54864
72561,52620
191316,48298
205905,52620
249579,52620
96444,52620
218061,52620
219381,3382
251121,52620
165312,61348
228438,60
185817,36720
160770,55632
160770,57522
173940,57522
173940,55632
204768,39186
204768,63418
225480,60
244866,32496
171684,39186
171684,63418
183576,57522
183576,55632
203256,52620
205905,60
96444,60
218061,60
249579,60
237195,51316
165312,57804
238263,60
155100,52620
183450,53046
249159,55632
249159,57522
244278,60
253191,55632
253191,57522
207465,60
242439,52620
156225,52620
165312,51974
219420,59394
175293,52620
228024,53046
178818,57804
221409,3382
154434,60
209154,60
164871,54864
248178,59776
201837,59776
208545,59776
251721,59776
175293,53046
204768,3382
140277,59776
204228,52620
154560,52620
203214,52620
184698,52620
186951,48980
233970,60
208788,55632
208788,57522
64959,55632
64959,57522
191316,63360
238068,55632
166599,57522
166599,55632
238068,57522
202818,55632
202818,57522
165312,53160
253191,60
231162,60
239577,60
244866,59394
186951,62274
186951,59396
210393,53046
234093,53046
203166,60
249930,60
166599,60
238068,60
253335,59776
238536,54864
153669,11490
158658,63540
158658,63136
153813,57522
153813,55632
184950,53046
250947,55632
250947,57522
172695,55632
172695,57522
164871,11490
251169,59776
203184,51316
164541,3382
249294,60
247974,55632
247974,57522
204483,55632
204483,57522
203724,55632
203724,57522
72108,60
192159,52620
223518,52620
212571,60
242412,60
208524,60
246804,52620
154551,52620
178818,51316
72918,52620
161208,63540
161208,63136
165687,62274
165687,59396
248373,57522
248373,55632
204243,52620
207465,63136
207465,63540
192549,54864
185817,57804
216564,53046
164871,61348
253677,62274
158610,62274
253677,59396
158610,59396
223554,52620
252774,52620
203280,60
248013,52620
154779,57522
154779,55632
217002,60
232035,55632
232035,57522
237195,36720
209184,48980
154506,57804
186882,60
154698,53046
208566,52620
203280,32496
249513,57522
249513,55632
249573,52620
240912,52620
211965,55632
211965,57522
219420,48298
154509,57804
203280,59394
203301,60
203295,60
201564,60
203706,60
204483,52620
247974,52620
207465,52620
203280,11490
208518,3382
251169,60
154509,51974
164541,53046
153888,11490
155481,51316
204093,60
247986,53046
209184,59394
203214,60
249222,61280
203439,52620
203259,52620
217380,52620
185817,51316
203388,32496
223782,63136
223782,63540
184950,52620
203274,60
56871,52620
208524,52620
212571,52620
242412,52620
166995,60
179700,60
154506,51974
221409,54096
195723,53046
191316,61540
195507,60
154509,48298
207330,52620
186378,52620
211386,52620
164871,51974
157767,57522
157767,55632
242505,32496
203184,11490
182292,52620
228024,60
202959,51316
196722,52620
203274,52620
212112,52620
203271,52620
221409,124
178818,51974
154998,55632
154998,57522
153813,53046
200508,52620
232410,61280
194424,36720
216564,57522
216564,55632
219381,59396
219381,62274
244866,60
203073,59776
217536,54290
223728,52620
171684,32496
227670,52620
222159,57804
173613,63540
173613,63136
188844,11490
171684,59394
188844,51316
208812,54864
246042,53046
208812,52620
212112,60
203271,60
203256,60
196722,60
221526,52620
210690,52620
208572,52620
226662,52620
202959,61540
254118,61348
203736,60
192714,59776
249855,59394
165312,63360
230091,57522
230091,55632
237195,60
154509,61348
60864,52620
183363,55632
183363,57522
244731,61348
248013,60
172695,60
208449,61348
247002,48298
154812,36720
203199,61280
249573,33534
222750,52620
158742,60
164541,48980
207465,53386
153888,60
203184,61280
188844,61540
154509,36720
196455,52620
154506,61348
64272,61280
164541,61280
203199,11490
65637,51974
155481,51974
236775,55632
230331,57522
236775,57522
230331,55632
216309,54864
209154,59776
192159,60
223518,60
207156,59394
208500,60
155481,61280
171684,51974
165312,59776
209184,61540
181110,55632
181110,57522
208449,48298
223728,53046
247002,54290
155481,60
183363,53046
218121,60
231162,48298
153348,36720
231162,11490
234555,32496
208518,59394
64272,11490
153669,59776
221409,63186
221409,42132
244866,61348
208572,60
210690,60
221526,60
198792,60
65637,57804
181110,53046
67764,63136
67764,63540
200964,60
171684,59396
171684,62274
154812,11490
153888,57804
248550,59776
221409,11490
165312,52620
220011,55632
220011,57522
254118,36720
204780,60
203871,60
254118,51316
227973,52620
231162,51974
208872,55632
208872,57522
237195,61280
203280,51316
197529,52620
242505,60
209184,51316
203082,60
238611,60
244731,48298
207465,63360
220170,61348
238377,61348
192768,61348
251253,52620
226623,52620
65637,59394
249573,57804
208449,61540
194424,51974
221409,48980
222159,61280
208518,48980
211473,63136
211473,63540
178818,61348
154506,36720
165687,61348
188844,36720
154698,57522
154698,55632
193965,53386
248706,59394
65637,61348
254118,51974
179700,52620
199044,11490
164871,51316
162960,59394
194424,57804
164661,53046
153348,59394
200364,60
238536,57522
238536,55632
192549,53046
153888,59394
199044,52620
208092,53046
203775,52620
203445,52620
153669,51316
211947,60
178818,36720
204093,57522
204093,55632
210129,60
205188,60
155481,61348
218121,61540
244866,51316
164871,57804
64272,57804
72645,60
234120,60
231162,51316
155034,11490
232410,61348
228729,63540
228729,63136
164541,48298
230091,53046
165687,59394
238377,32496
192768,32496
220170,32496
153348,48298
153669,48298
171684,61280
232410,60
203073,52620
171684,50274
207465,53160
253335,60
154758,54864
208518,61540
154506,61540
155034,36720
247002,63540
247002,63136
203280,61348
208518,32496
207465,54864
153888,36720
203151,52620
69060,52620
254118,48298
232410,51316
236520,54864
249855,61348
192714,52620
253464,57804
253464,59394
222159,36720
219381,11490
154509,53046
244644,61540
204768,50274
154506,53046
244731,51974
208758,53046
219231,53046
204768,32496
222159,48298
210045,52620
232410,61540
165312,63136
165312,63540
231663,60
154509,61540
196455,60
208449,51974
231162,52620
231162,61348
210678,52620
227115,52620
208518,60
208566,60
198534,55632
198534,57522
217536,60
65637,60
251253,60
226623,60
203388,61348
153348,57804
249855,36720
193965,54864
153669,52620
244644,36720
240939,53046
249573,61540
192549,55632
192549,57522
247002,53160
248178,60
251721,60
201837,60
208545,60
210129,52620
205188,52620
178818,53046
140277,52620
202959,61348
194424,61540
217536,59776
153888,61280
244731,11490
213102,57522
213102,55632
222159,51974
64272,61348
154758,53046
199044,54864
207465,57522
207465,55632
153669,61540
249222,57804
244731,63360
175293,57522
175293,55632
195063,48298
242505,51316
247002,61540
203889,52620
205122,52620
158016,52620
229521,52620
59703,52620
203502,52620
199860,52620
205728,52620
221151,52620
66378,52620
192771,52620
210846,52620
251085,52620
250629,52620
249573,51974
153348,60
251631,60
208503,60
242571,60
219420,57804
218121,54290
208449,57804
199044,53160
153348,51316
249222,61348
184950,55632
184950,57522
202818,53046
195063,57804
204774,60
234555,57804
253464,61348
244644,11490
165687,61280
155034,61540
156063,52620
203184,61348
208449,36720
199044,53046
249222,11490
153888,48298
234555,61348
251721,52620
208545,52620
248178,52620
201837,52620
234972,52620
234018,52620
227115,60
210678,60
193965,53046
202959,36720
253464,11490
162960,11490
153669,53386
249855,61280
65637,53046
253677,57804
158610,57804
164541,57522
164541,55632
234555,60
195063,51316
210393,52620
234093,52620
65637,36720
220170,61280
238377,61280
192768,61280
223728,57522
223728,55632
203775,60
248706,57804
162960,57804
208449,54864
186951,59394
222159,60
217380,60
203259,60
203439,60
219420,61280
153888,51316
221409,61540
69060,60
203151,60
208449,51316
171684,11490
203388,51316
64272,51974
227973,60
227670,60
155034,48298
165312,54864
248706,11490
218121,57804
203328,52620
178818,61540
195063,36720
209184,61280
153888,51974
249855,11490
186951,11490
219420,61348
195723,55632
195723,57522
154812,61540
201798,52620
249855,51974
155034,57804
171684,61348
140277,60
154812,57804
208554,60
158610,59394
253677,59394
201798,60
253464,54864
222159,61348
249222,51974
222159,51316
195063,59394
129204,52620
129204,60
242505,61348
244731,53160
209154,52620
192714,60
234555,54864
64272,36720
249855,54864
249573,63360
208518,54864
211950,57522
211950,55632
240939,52620
219381,59394
219420,51974
153669,54864
202959,60
188844,61348
238536,53046
154758,57522
154758,55632
209184,63360
165687,51974
248706,61280
164871,48298
153669,54290
162960,61280
207156,61348
64272,61540
231162,59776
217536,53046
153669,53046
244731,63136
244731,63540
208872,53046
211947,52620
219381,57804
252210,60
253677,61348
158610,61348
64272,51316
207156,57804
244644,57804
154506,54864
203073,60
195063,60
194424,48298
251169,52620
244644,48298
65637,54864
211950,53046
208503,52620
251631,52620
242571,52620
191316,54864
67371,57804
67371,48298
195063,61540
192618,52620
253464,51974
208518,57804
223554,60
252774,60
219420,61540
185817,59776
252210,52620
153348,51974
188844,57804
185817,54864
200364,52620
67371,36720
205731,52620
205731,60
249222,54864
197529,60
209184,36720
153888,54864
164661,57522
164661,55632
153348,61540
219381,36720
64272,54864
155481,61540
254118,57804
247002,54864
237195,61540
164871,36720
164871,61540
164541,59776
249855,57804
158610,54864
253677,54864
154998,53046
185817,52620
247002,53386
195063,51974
207156,61280
253677,11490
158610,11490
203199,61348
234120,52620
203328,60
153348,61348
221409,51316
253464,36720
217536,51316
208518,57522
208518,55632
248550,60
203445,60
237195,61348
236520,53046
188844,48298
249222,36720
164541,53160
207465,53046
154812,48298
178818,54864
222159,53046
253464,60
195063,61348
254118,61540
253464,61280
253335,52620
155481,52620
155034,54864
234555,59394
207156,36720
237195,57804
64272,48298
164871,57522
164871,55632
186951,61280
232410,36720
204768,62274
204768,59396
67371,59394
191316,53046
193965,55632
193965,57522
208554,52620
200964,55632
200964,57522
153888,61348
207156,51974
218121,48298
211950,52620
219420,54864
188844,51974
153348,54864
162960,36720
234555,51316
216309,57522
216309,55632
218121,54864
128901,57522
128901,55632
249573,63540
249573,63136
158610,51974
253677,51974
67371,51974
204768,60
242505,36720
153348,61280
244731,54864
207156,60
231663,52620
238377,36720
220170,36720
192768,36720
154509,63360
253464,53046
208872,52620
185817,63360
244866,61280
249855,60
154509,53160
199044,55632
199044,57522
221409,36720
192768,60
238377,60
220170,60
154509,54864
185817,54290
208794,53046
164871,53046
162960,61348
246858,60
154506,57522
154506,55632
186951,36720
185817,63136
185817,63540
207156,11490
221409,59394
247002,63360
155481,59776
249573,61348
216309,53046
153348,53046
249573,53160
153669,53160
249855,61540
217536,11490
244644,54864
158610,60
253677,60
217536,52620
154509,63540
154509,63136
203199,36720
204768,11490
218121,51316
162960,60
253464,61540
248706,61348
253464,51316
253677,36720
158610,36720
186951,57804
232410,51974
153669,63360
203388,60
188844,63360
208518,61280
218121,53386
195063,53046
221409,57804
199044,54290
165312,53386
222159,61540
194424,63540
194424,63136
195063,54864
208449,63360
203388,11490
234555,11490
155034,61348
154506,63360
185817,53160
64272,53046
65637,61280
219420,36720
249855,51316
192771,60
229521,60
199860,60
66378,60
205728,60
251085,60
205122,60
203889,60
203502,60
250629,60
59703,60
221151,60
210846,60
158016,60
221409,63360
162960,51974
219231,57522
219231,55632
208758,55632
208758,57522
217536,54864
203388,36720
203184,36720
165312,53046
219381,51974
67371,61348
158610,61280
253677,61280
202959,11490
208449,53046
188844,54864
208518,63360
203280,61280
158610,53046
253677,53046
248706,36720
234555,53046
65637,61540
219420,53046
244731,54290
154506,53160
237195,51974
178818,57522
178818,55632
234555,55632
234555,57522
208518,36720
203388,61540
248706,51974
202959,63540
202959,63136
232410,11490
236520,57522
236520,55632
155481,63136
155481,63540
248550,52620
194424,53160
242505,11490
202959,63360
153888,61540
194424,63360
238377,11490
192768,11490
220170,11490
154506,63540
154506,63136
165687,60
191316,57522
191316,55632
202959,53160
165687,54864
219381,61348
162960,54864
231162,54290
242505,61540
248706,54864
154812,63360
209184,60
164541,11490
154509,57522
154509,55632
231162,61540
153669,55632
153669,57522
253677,51316
158610,51316
248706,60
254118,63360
217536,53386
249855,53046
153888,53046
153669,63136
153669,63540
185817,53386
155034,51974
244644,61348
188844,53160
154812,61348
237195,63360
154812,51974
155481,63360
209184,57804
158610,61540
253677,61540
237195,63136
237195,63540
242505,51974
244644,51974
203199,61540
244731,53386
164871,53160
209184,59776
171684,60
155481,53160
64272,57522
64272,55632
244644,63360
65637,55632
65637,57522
178818,63360
232410,63360
154812,54864
254118,54864
237195,53160
178818,53160
253464,48298
155034,63360
65637,51316
244866,51974
219381,61280
209184,48298
249222,53046
217536,48298
153888,57522
153888,55632
164541,54290
249855,59776
164871,53386
67371,53046
249222,48298
249855,57522
249855,55632
249573,48298
154812,53160
164871,54290
154509,59776
178818,63136
178818,63540
153348,57522
153348,55632
204768,61348
188844,59776
208812,53046
194424,52620
253464,55632
253464,57522
155481,53046
254118,63136
254118,63540
200964,53046
185817,53046
195063,57522
195063,55632
249222,60
204768,51316
199044,63540
199044,63136
254118,53160
219381,48298
165687,61540
209184,53160
199044,53386
247002,53046
231162,54864
219420,60
162960,61540
203280,36720
249222,57522
249222,55632
208518,61348
194424,59776
254118,53046
64272,63360
165687,57804
242505,57804
218121,55632
218121,57522
232410,63136
232410,63540
209184,61348
64272,53160
203184,61540
165312,54290
219420,59776
217536,55632
217536,57522
219381,51316
222159,63136
222159,63540
249855,48298
203280,51974
249222,61540
207156,54864
234555,48298
155481,54864
234555,51974
253677,48298
158610,48298
155034,53046
194424,54864
154812,59776
154506,54290
165312,57522
165312,55632
195063,61280
222159,54864
208449,53160
208794,57522
208794,55632
222159,63360
154812,53046
208449,55632
208449,57522
219381,54864
204768,59394
231162,53386
248706,48298
162960,48298
232410,53160
249573,11490
246858,53046
186951,51974
165687,53046
209184,63136
209184,63540
178818,54290
248706,53046
162960,53046
203199,57804
220170,57804
238377,57804
192768,57804
208449,59776
221409,61280
244644,53160
253677,55632
253677,57522
158610,57522
158610,55632
164541,63540
164541,63136
162960,59776
232410,57804
202959,51974
219420,63360
153888,59776
195063,63360
244866,57804
219381,60
203184,57804
203280,57804
155481,54290
154509,54290
244644,53046
234555,61280
219381,53046
222159,53160
154506,59776
249855,63360
244866,36720
253464,63360
155034,53160
186951,60
153348,63360
244731,57522
244731,55632
244644,59776
248706,61540
192768,61540
220170,61540
238377,61540
253464,59776
249573,54864
154509,52620
65637,54290
165687,48298
164871,63360
64272,63540
64272,63136
207156,61540
155034,57522
155034,55632
186951,61348
164871,63136
164871,63540
185817,57522
185817,55632
153888,53386
218121,53160
207156,51316
188844,63136
188844,63540
237195,53046
208449,63540
208449,63136
249222,54290
249222,59776
221409,48298
219381,61540
203199,53160
219381,55632
219381,57522
249573,54290
165687,57522
165687,55632
165687,51316
244731,53046
237195,48298
188844,53046
244644,55632
244644,57522
186951,48298
162960,51316
244866,63540
244866,63136
247002,55632
247002,57522
67371,61280
219420,51316
153888,54290
218121,53046
155034,59776
154812,57522
154812,55632
219420,55632
219420,57522
248706,59776
154812,63136
154812,63540
203184,51974
208812,55632
208812,57522
219420,53160
202959,57804
203388,51974
254118,59776
67371,61540
221409,60
67371,51316
203280,63136
203280,63540
231162,53160
242505,63360
222159,54290
231162,63540
231162,63136
171684,53386
154812,52620
203388,57804
248706,55632
248706,57522
171684,54290
221409,63540
221409,63136
162960,55632
162960,57522
234555,36720
64272,53386
153888,63360
244866,53160
221409,59776
203388,63360
203199,48298
203199,54864
186951,51316
217536,63136
217536,63540
202959,52620
219420,52620
249855,53160
194424,54290
253677,63360
158610,63360
231162,63360
192768,63360
238377,63360
220170,63360
164541,53386
221409,61348
188844,52620
218121,63136
218121,63540
219420,54290
207156,59776
178818,59776
222159,55632
222159,57522
202959,59776
253677,59776
158610,59776
208518,53160
209184,51974
154506,52620
65637,63360
192768,63540
238377,63136
220170,63136
238377,63540
192768,63136
220170,63540
203184,54864
248706,51316
219381,54290
203184,53160
203280,53160
219420,63136
219420,63540
207156,53046
188844,57522
188844,55632
155481,57522
155481,55632
221409,53160
203184,48298
203199,63360
237195,59776
64272,54290
244866,54864
234555,61540
153348,59776
249573,55632
249573,57522
186951,61540
165687,53386
203280,61540
208518,63540
208518,63136
65637,59776
254118,55632
254118,57522
155034,63136
155034,63540
209184,54864
203388,53160
244866,61540
171684,36720
222159,59776
249855,54290
238377,53160
192768,53160
220170,53160
65637,53386
217536,61540
171684,54864
67371,54864
204768,61280
219381,53386
203280,54864
165687,54290
208449,53386
67371,60
253464,54290
231162,53046
249855,52620
153348,53160
253464,53160
186951,54864
238377,51974
220170,51974
192768,51974
248706,54290
162960,54290
219381,59776
218121,63360
203199,51974
208449,54290
195063,63136
195063,63540
65637,63136
65637,63540
221409,53046
188844,53386
203388,63540
203388,63136
178818,53386
203199,63540
203199,63136
155481,53386
153348,63540
153348,63136
244644,52620
164871,52620
207156,57522
207156,55632
217536,63360
231162,55632
231162,57522
154506,53386
249855,63136
249855,63540
186951,53046
221409,54864
249855,53386
67371,63136
67371,63540
244644,63136
244644,63540
164871,59776
171684,57804
242505,53160
64272,59776
194424,57522
194424,55632
195063,53160
203388,54864
253464,53386
249222,51316
232410,48298
203184,63360
178818,52620
237195,52620
218121,52620
242505,54864
209184,52620
232410,59776
254118,54290
203184,63136
203184,63540
244644,53386
207156,54290
155034,53386
219420,53386
171684,55632
171684,57522
171684,51316
154509,53386
222159,53386
65637,53160
202959,48298
242505,48298
153888,52620
162960,63360
242505,53046
203280,57522
203280,55632
67371,57522
67371,55632
249573,53386
219381,63136
219381,63540
208518,48298
242505,63540
242505,63136
232410,52620
186951,55632
186951,57522
249222,53386
218121,59776
254118,52620
209184,53046
237195,54864
155034,52620
244866,53046
203280,53046
219381,63360
154812,53386
171684,48298
222159,52620
158610,54290
253677,54290
244866,55632
244866,57522
253464,63540
253464,63136
67371,63360
154812,54290
208449,52620
158610,53160
253677,53160
194424,53046
153348,54290
217536,53160
67371,59776
164541,52620
153888,53160
188844,54290
203388,48298
221409,51974
207156,48298
186951,53386
254118,53386
195063,59776
244866,48298
67371,54290
194424,53386
249222,63360
208518,11490
219381,53160
218121,36720
253677,53386
158610,53386
204768,57804
171684,61540
248706,63360
65637,52620
207156,63360
244866,63360
186951,59776
171684,53046
155034,54290
237195,54290
219381,52620
203280,63360
203280,48298
64272,52620
153348,53386
186951,54290
186951,52620
195063,54290
203199,52620
244644,54290
208518,59776
248706,53386
162960,53386
203184,55632
203184,57522
203199,59776
158610,63540
158610,63136
253677,63540
253677,63136
253464,52620
171684,52620
203388,53046
220170,54864
238377,54864
192768,54864
153348,52620
203199,55632
203199,57522
186951,53160
208518,51974
249222,52620
204768,53046
202959,54864
204768,51974
238377,53046
192768,53046
220170,53046
237195,53386
153888,63136
153888,63540
221409,55632
221409,57522
67371,53386
249222,63540
249222,63136
203184,52620
207156,53386
209184,55632
209184,57522
203184,53046
237195,57522
237195,55632
232410,54290
203184,59776
162960,52620
203388,57522
203388,55632
203388,59776
186951,63360
186951,63136
186951,63540
165687,53160
242505,57522
242505,55632
67371,53160
249573,53046
238377,48298
192768,48298
220170,48298
234555,63360
249222,53160
171684,59776
242505,59776
207156,63540
207156,63136
162960,53160
238377,55632
192768,55632
220170,57522
238377,57522
192768,57522
220170,55632
234555,54290
158610,52620
253677,52620
204768,54864
234555,63540
234555,63136
221409,52620
234555,53160
244866,54290
234555,53386
165687,63360
208518,53046
204768,61540
162960,63136
162960,63540
195063,53386
232410,53046
248706,52620
203199,53046
232410,54864
248706,53160
207156,52620
67371,52620
203280,54290
238377,59776
192768,59776
220170,59776
244866,53386
242505,54290
204768,55632
204768,57522
248706,63136
248706,63540
209184,54290
207156,53160
202959,55632
202959,57522
203184,54290
232410,55632
232410,57522
195063,52620
203388,52620
204768,48298
202959,54290
203199,53386
244866,52620
203184,53386
165687,63540
165687,63136
171684,53160
203280,52620
202959,53046
208518,54290
165687,36720
242505,53386
203280,53386
209184,53386
171684,63360
242505,52620
232410,53386
165687,59776
203199,54290
171684,63540
171684,63136
220170,52620
238377,52620
192768,52620
204768,63360
203388,54290
208518,52620
221409,54290
204768,53160
203388,53386
203280,59776
202959,53386
244866,59776
234555,59776
204768,36720
220170,54290
238377,54290
192768,54290
221409,53386
165687,52620
204768,54290
204768,53386
192768,53386
238377,53386
220170,53386
234555,52620
204768,63540
204768,63136
208518,53386
204768,59776
204768,52620
