[2025-11-14T00:02:23.450+0000] {processor.py:161} INFO - Started process (PID=986) to work on /opt/airflow/dags/sodai_pipeline.py
[2025-11-14T00:02:23.452+0000] {processor.py:830} INFO - Processing file /opt/airflow/dags/sodai_pipeline.py for tasks to queue
[2025-11-14T00:02:23.457+0000] {logging_mixin.py:188} INFO - [2025-11-14T00:02:23.456+0000] {dagbag.py:545} INFO - Filling up the DagBag from /opt/airflow/dags/sodai_pipeline.py
[2025-11-14T00:02:23.476+0000] {processor.py:840} INFO - DAG(s) 'sodai_pipeline_dag' retrieved from /opt/airflow/dags/sodai_pipeline.py
[2025-11-14T00:02:23.501+0000] {logging_mixin.py:188} INFO - [2025-11-14T00:02:23.501+0000] {dag.py:3096} INFO - Sync 1 DAGs
[2025-11-14T00:02:23.515+0000] {logging_mixin.py:188} INFO - [2025-11-14T00:02:23.515+0000] {dag.py:3954} INFO - Setting next_dagrun for sodai_pipeline_dag to 2025-11-09 00:00:00+00:00, run_after=2025-11-16 00:00:00+00:00
[2025-11-14T00:02:23.524+0000] {processor.py:183} INFO - Processing /opt/airflow/dags/sodai_pipeline.py took 0.080 seconds
[2025-11-14T00:07:31.538+0000] {processor.py:161} INFO - Started process (PID=991) to work on /opt/airflow/dags/sodai_pipeline.py
[2025-11-14T00:07:31.541+0000] {processor.py:830} INFO - Processing file /opt/airflow/dags/sodai_pipeline.py for tasks to queue
[2025-11-14T00:07:31.544+0000] {logging_mixin.py:188} INFO - [2025-11-14T00:07:31.544+0000] {dagbag.py:545} INFO - Filling up the DagBag from /opt/airflow/dags/sodai_pipeline.py
[2025-11-14T00:07:31.561+0000] {processor.py:840} INFO - DAG(s) 'sodai_pipeline_dag' retrieved from /opt/airflow/dags/sodai_pipeline.py
[2025-11-14T00:07:31.586+0000] {logging_mixin.py:188} INFO - [2025-11-14T00:07:31.586+0000] {dag.py:3096} INFO - Sync 1 DAGs
[2025-11-14T00:07:31.605+0000] {logging_mixin.py:188} INFO - [2025-11-14T00:07:31.605+0000] {dag.py:3954} INFO - Setting next_dagrun for sodai_pipeline_dag to 2025-11-09 00:00:00+00:00, run_after=2025-11-16 00:00:00+00:00
[2025-11-14T00:07:31.613+0000] {processor.py:183} INFO - Processing /opt/airflow/dags/sodai_pipeline.py took 0.083 seconds
[2025-11-14T00:37:16.308+0000] {processor.py:161} INFO - Started process (PID=996) to work on /opt/airflow/dags/sodai_pipeline.py
[2025-11-14T00:37:16.309+0000] {processor.py:830} INFO - Processing file /opt/airflow/dags/sodai_pipeline.py for tasks to queue
[2025-11-14T00:37:16.311+0000] {logging_mixin.py:188} INFO - [2025-11-14T00:37:16.311+0000] {dagbag.py:545} INFO - Filling up the DagBag from /opt/airflow/dags/sodai_pipeline.py
[2025-11-14T00:37:16.326+0000] {processor.py:840} INFO - DAG(s) 'sodai_pipeline_dag' retrieved from /opt/airflow/dags/sodai_pipeline.py
[2025-11-14T00:37:16.346+0000] {logging_mixin.py:188} INFO - [2025-11-14T00:37:16.346+0000] {dag.py:3096} INFO - Sync 1 DAGs
[2025-11-14T00:37:16.358+0000] {logging_mixin.py:188} INFO - [2025-11-14T00:37:16.358+0000] {dag.py:3954} INFO - Setting next_dagrun for sodai_pipeline_dag to 2025-11-09 00:00:00+00:00, run_after=2025-11-16 00:00:00+00:00
[2025-11-14T00:37:16.368+0000] {processor.py:183} INFO - Processing /opt/airflow/dags/sodai_pipeline.py took 0.068 seconds
[2025-11-14T00:39:44.178+0000] {processor.py:161} INFO - Started process (PID=1001) to work on /opt/airflow/dags/sodai_pipeline.py
[2025-11-14T00:39:44.179+0000] {processor.py:830} INFO - Processing file /opt/airflow/dags/sodai_pipeline.py for tasks to queue
[2025-11-14T00:39:44.184+0000] {logging_mixin.py:188} INFO - [2025-11-14T00:39:44.182+0000] {dagbag.py:545} INFO - Filling up the DagBag from /opt/airflow/dags/sodai_pipeline.py
[2025-11-14T00:39:44.202+0000] {processor.py:840} INFO - DAG(s) 'sodai_pipeline_dag' retrieved from /opt/airflow/dags/sodai_pipeline.py
[2025-11-14T00:39:44.230+0000] {logging_mixin.py:188} INFO - [2025-11-14T00:39:44.230+0000] {dag.py:3096} INFO - Sync 1 DAGs
[2025-11-14T00:39:44.246+0000] {logging_mixin.py:188} INFO - [2025-11-14T00:39:44.246+0000] {dag.py:3954} INFO - Setting next_dagrun for sodai_pipeline_dag to 2025-11-09 00:00:00+00:00, run_after=2025-11-16 00:00:00+00:00
[2025-11-14T00:39:44.255+0000] {processor.py:183} INFO - Processing /opt/airflow/dags/sodai_pipeline.py took 0.087 seconds
[2025-11-14T01:04:09.480+0000] {processor.py:161} INFO - Started process (PID=1006) to work on /opt/airflow/dags/sodai_pipeline.py
[2025-11-14T01:04:09.481+0000] {processor.py:830} INFO - Processing file /opt/airflow/dags/sodai_pipeline.py for tasks to queue
[2025-11-14T01:04:09.488+0000] {logging_mixin.py:188} INFO - [2025-11-14T01:04:09.484+0000] {dagbag.py:545} INFO - Filling up the DagBag from /opt/airflow/dags/sodai_pipeline.py
[2025-11-14T01:04:09.503+0000] {processor.py:840} INFO - DAG(s) 'sodai_pipeline_dag' retrieved from /opt/airflow/dags/sodai_pipeline.py
[2025-11-14T01:04:09.536+0000] {logging_mixin.py:188} INFO - [2025-11-14T01:04:09.536+0000] {dag.py:3096} INFO - Sync 1 DAGs
[2025-11-14T01:04:09.555+0000] {logging_mixin.py:188} INFO - [2025-11-14T01:04:09.555+0000] {dag.py:3954} INFO - Setting next_dagrun for sodai_pipeline_dag to 2025-11-09 00:00:00+00:00, run_after=2025-11-16 00:00:00+00:00
[2025-11-14T01:04:09.567+0000] {processor.py:183} INFO - Processing /opt/airflow/dags/sodai_pipeline.py took 0.097 seconds
[2025-11-14T01:26:39.049+0000] {processor.py:161} INFO - Started process (PID=1011) to work on /opt/airflow/dags/sodai_pipeline.py
[2025-11-14T01:26:39.080+0000] {processor.py:830} INFO - Processing file /opt/airflow/dags/sodai_pipeline.py for tasks to queue
[2025-11-14T01:26:39.099+0000] {logging_mixin.py:188} INFO - [2025-11-14T01:26:39.097+0000] {dagbag.py:545} INFO - Filling up the DagBag from /opt/airflow/dags/sodai_pipeline.py
[2025-11-14T01:26:39.160+0000] {processor.py:840} INFO - DAG(s) 'sodai_pipeline_dag' retrieved from /opt/airflow/dags/sodai_pipeline.py
[2025-11-14T01:26:39.223+0000] {logging_mixin.py:188} INFO - [2025-11-14T01:26:39.222+0000] {dag.py:3096} INFO - Sync 1 DAGs
[2025-11-14T01:26:39.375+0000] {logging_mixin.py:188} INFO - [2025-11-14T01:26:39.374+0000] {dag.py:3954} INFO - Setting next_dagrun for sodai_pipeline_dag to 2025-11-09 00:00:00+00:00, run_after=2025-11-16 00:00:00+00:00
[2025-11-14T01:26:39.416+0000] {processor.py:183} INFO - Processing /opt/airflow/dags/sodai_pipeline.py took 0.522 seconds
[2025-11-14T01:50:58.588+0000] {processor.py:161} INFO - Started process (PID=1016) to work on /opt/airflow/dags/sodai_pipeline.py
[2025-11-14T01:50:58.590+0000] {processor.py:830} INFO - Processing file /opt/airflow/dags/sodai_pipeline.py for tasks to queue
[2025-11-14T01:50:58.597+0000] {logging_mixin.py:188} INFO - [2025-11-14T01:50:58.595+0000] {dagbag.py:545} INFO - Filling up the DagBag from /opt/airflow/dags/sodai_pipeline.py
[2025-11-14T01:50:58.620+0000] {processor.py:840} INFO - DAG(s) 'sodai_pipeline_dag' retrieved from /opt/airflow/dags/sodai_pipeline.py
[2025-11-14T01:50:58.656+0000] {logging_mixin.py:188} INFO - [2025-11-14T01:50:58.656+0000] {dag.py:3096} INFO - Sync 1 DAGs
[2025-11-14T01:50:58.677+0000] {logging_mixin.py:188} INFO - [2025-11-14T01:50:58.677+0000] {dag.py:3954} INFO - Setting next_dagrun for sodai_pipeline_dag to 2025-11-09 00:00:00+00:00, run_after=2025-11-16 00:00:00+00:00
[2025-11-14T01:50:58.687+0000] {processor.py:183} INFO - Processing /opt/airflow/dags/sodai_pipeline.py took 0.114 seconds
[2025-11-14T01:51:28.986+0000] {processor.py:161} INFO - Started process (PID=1021) to work on /opt/airflow/dags/sodai_pipeline.py
[2025-11-14T01:51:28.989+0000] {processor.py:830} INFO - Processing file /opt/airflow/dags/sodai_pipeline.py for tasks to queue
[2025-11-14T01:51:29.001+0000] {logging_mixin.py:188} INFO - [2025-11-14T01:51:28.997+0000] {dagbag.py:545} INFO - Filling up the DagBag from /opt/airflow/dags/sodai_pipeline.py
[2025-11-14T01:51:29.032+0000] {processor.py:840} INFO - DAG(s) 'sodai_pipeline_dag' retrieved from /opt/airflow/dags/sodai_pipeline.py
[2025-11-14T01:51:29.085+0000] {logging_mixin.py:188} INFO - [2025-11-14T01:51:29.084+0000] {dag.py:3096} INFO - Sync 1 DAGs
[2025-11-14T01:51:29.108+0000] {logging_mixin.py:188} INFO - [2025-11-14T01:51:29.108+0000] {dag.py:3954} INFO - Setting next_dagrun for sodai_pipeline_dag to 2025-11-09 00:00:00+00:00, run_after=2025-11-16 00:00:00+00:00
[2025-11-14T01:51:29.121+0000] {processor.py:183} INFO - Processing /opt/airflow/dags/sodai_pipeline.py took 0.147 seconds
[2025-11-14T01:51:59.365+0000] {processor.py:161} INFO - Started process (PID=1026) to work on /opt/airflow/dags/sodai_pipeline.py
[2025-11-14T01:51:59.366+0000] {processor.py:830} INFO - Processing file /opt/airflow/dags/sodai_pipeline.py for tasks to queue
[2025-11-14T01:51:59.370+0000] {logging_mixin.py:188} INFO - [2025-11-14T01:51:59.369+0000] {dagbag.py:545} INFO - Filling up the DagBag from /opt/airflow/dags/sodai_pipeline.py
[2025-11-14T01:51:59.393+0000] {processor.py:840} INFO - DAG(s) 'sodai_pipeline_dag' retrieved from /opt/airflow/dags/sodai_pipeline.py
[2025-11-14T01:51:59.422+0000] {logging_mixin.py:188} INFO - [2025-11-14T01:51:59.422+0000] {dag.py:3096} INFO - Sync 1 DAGs
[2025-11-14T01:51:59.443+0000] {logging_mixin.py:188} INFO - [2025-11-14T01:51:59.443+0000] {dag.py:3954} INFO - Setting next_dagrun for sodai_pipeline_dag to 2025-11-09 00:00:00+00:00, run_after=2025-11-16 00:00:00+00:00
[2025-11-14T01:51:59.454+0000] {processor.py:183} INFO - Processing /opt/airflow/dags/sodai_pipeline.py took 0.096 seconds
[2025-11-14T01:52:29.791+0000] {processor.py:161} INFO - Started process (PID=1033) to work on /opt/airflow/dags/sodai_pipeline.py
[2025-11-14T01:52:29.792+0000] {processor.py:830} INFO - Processing file /opt/airflow/dags/sodai_pipeline.py for tasks to queue
[2025-11-14T01:52:29.795+0000] {logging_mixin.py:188} INFO - [2025-11-14T01:52:29.794+0000] {dagbag.py:545} INFO - Filling up the DagBag from /opt/airflow/dags/sodai_pipeline.py
[2025-11-14T01:52:29.819+0000] {processor.py:840} INFO - DAG(s) 'sodai_pipeline_dag' retrieved from /opt/airflow/dags/sodai_pipeline.py
[2025-11-14T01:52:29.851+0000] {logging_mixin.py:188} INFO - [2025-11-14T01:52:29.851+0000] {dag.py:3096} INFO - Sync 1 DAGs
[2025-11-14T01:52:29.881+0000] {processor.py:183} INFO - Processing /opt/airflow/dags/sodai_pipeline.py took 0.101 seconds
[2025-11-14T01:53:00.095+0000] {processor.py:161} INFO - Started process (PID=1038) to work on /opt/airflow/dags/sodai_pipeline.py
[2025-11-14T01:53:00.097+0000] {processor.py:830} INFO - Processing file /opt/airflow/dags/sodai_pipeline.py for tasks to queue
[2025-11-14T01:53:00.103+0000] {logging_mixin.py:188} INFO - [2025-11-14T01:53:00.102+0000] {dagbag.py:545} INFO - Filling up the DagBag from /opt/airflow/dags/sodai_pipeline.py
[2025-11-14T01:53:00.124+0000] {processor.py:840} INFO - DAG(s) 'sodai_pipeline_dag' retrieved from /opt/airflow/dags/sodai_pipeline.py
[2025-11-14T01:53:00.158+0000] {logging_mixin.py:188} INFO - [2025-11-14T01:53:00.158+0000] {dag.py:3096} INFO - Sync 1 DAGs
[2025-11-14T01:53:00.186+0000] {processor.py:183} INFO - Processing /opt/airflow/dags/sodai_pipeline.py took 0.108 seconds
[2025-11-14T01:53:30.515+0000] {processor.py:161} INFO - Started process (PID=1043) to work on /opt/airflow/dags/sodai_pipeline.py
[2025-11-14T01:53:30.516+0000] {processor.py:830} INFO - Processing file /opt/airflow/dags/sodai_pipeline.py for tasks to queue
[2025-11-14T01:53:30.519+0000] {logging_mixin.py:188} INFO - [2025-11-14T01:53:30.518+0000] {dagbag.py:545} INFO - Filling up the DagBag from /opt/airflow/dags/sodai_pipeline.py
[2025-11-14T01:53:30.541+0000] {processor.py:840} INFO - DAG(s) 'sodai_pipeline_dag' retrieved from /opt/airflow/dags/sodai_pipeline.py
[2025-11-14T01:53:30.570+0000] {logging_mixin.py:188} INFO - [2025-11-14T01:53:30.570+0000] {dag.py:3096} INFO - Sync 1 DAGs
[2025-11-14T01:53:30.596+0000] {processor.py:183} INFO - Processing /opt/airflow/dags/sodai_pipeline.py took 0.095 seconds
[2025-11-14T01:54:01.013+0000] {processor.py:161} INFO - Started process (PID=1048) to work on /opt/airflow/dags/sodai_pipeline.py
[2025-11-14T01:54:01.014+0000] {processor.py:830} INFO - Processing file /opt/airflow/dags/sodai_pipeline.py for tasks to queue
[2025-11-14T01:54:01.018+0000] {logging_mixin.py:188} INFO - [2025-11-14T01:54:01.017+0000] {dagbag.py:545} INFO - Filling up the DagBag from /opt/airflow/dags/sodai_pipeline.py
[2025-11-14T01:54:01.049+0000] {processor.py:840} INFO - DAG(s) 'sodai_pipeline_dag' retrieved from /opt/airflow/dags/sodai_pipeline.py
[2025-11-14T01:54:01.097+0000] {logging_mixin.py:188} INFO - [2025-11-14T01:54:01.096+0000] {dag.py:3096} INFO - Sync 1 DAGs
[2025-11-14T01:54:01.125+0000] {processor.py:183} INFO - Processing /opt/airflow/dags/sodai_pipeline.py took 0.129 seconds
[2025-11-14T01:54:31.300+0000] {processor.py:161} INFO - Started process (PID=1053) to work on /opt/airflow/dags/sodai_pipeline.py
[2025-11-14T01:54:31.302+0000] {processor.py:830} INFO - Processing file /opt/airflow/dags/sodai_pipeline.py for tasks to queue
[2025-11-14T01:54:31.308+0000] {logging_mixin.py:188} INFO - [2025-11-14T01:54:31.306+0000] {dagbag.py:545} INFO - Filling up the DagBag from /opt/airflow/dags/sodai_pipeline.py
[2025-11-14T01:54:31.334+0000] {processor.py:840} INFO - DAG(s) 'sodai_pipeline_dag' retrieved from /opt/airflow/dags/sodai_pipeline.py
[2025-11-14T01:54:31.372+0000] {logging_mixin.py:188} INFO - [2025-11-14T01:54:31.371+0000] {dag.py:3096} INFO - Sync 1 DAGs
[2025-11-14T01:54:31.396+0000] {processor.py:183} INFO - Processing /opt/airflow/dags/sodai_pipeline.py took 0.106 seconds
[2025-11-14T01:55:01.794+0000] {processor.py:161} INFO - Started process (PID=1058) to work on /opt/airflow/dags/sodai_pipeline.py
[2025-11-14T01:55:01.796+0000] {processor.py:830} INFO - Processing file /opt/airflow/dags/sodai_pipeline.py for tasks to queue
[2025-11-14T01:55:01.804+0000] {logging_mixin.py:188} INFO - [2025-11-14T01:55:01.803+0000] {dagbag.py:545} INFO - Filling up the DagBag from /opt/airflow/dags/sodai_pipeline.py
[2025-11-14T01:55:01.821+0000] {processor.py:840} INFO - DAG(s) 'sodai_pipeline_dag' retrieved from /opt/airflow/dags/sodai_pipeline.py
[2025-11-14T01:55:01.857+0000] {logging_mixin.py:188} INFO - [2025-11-14T01:55:01.857+0000] {dag.py:3096} INFO - Sync 1 DAGs
[2025-11-14T01:55:01.884+0000] {processor.py:183} INFO - Processing /opt/airflow/dags/sodai_pipeline.py took 0.105 seconds
[2025-11-14T01:55:32.160+0000] {processor.py:161} INFO - Started process (PID=1063) to work on /opt/airflow/dags/sodai_pipeline.py
[2025-11-14T01:55:32.161+0000] {processor.py:830} INFO - Processing file /opt/airflow/dags/sodai_pipeline.py for tasks to queue
[2025-11-14T01:55:32.167+0000] {logging_mixin.py:188} INFO - [2025-11-14T01:55:32.166+0000] {dagbag.py:545} INFO - Filling up the DagBag from /opt/airflow/dags/sodai_pipeline.py
[2025-11-14T01:55:32.188+0000] {processor.py:840} INFO - DAG(s) 'sodai_pipeline_dag' retrieved from /opt/airflow/dags/sodai_pipeline.py
[2025-11-14T01:55:32.217+0000] {logging_mixin.py:188} INFO - [2025-11-14T01:55:32.217+0000] {dag.py:3096} INFO - Sync 1 DAGs
[2025-11-14T01:55:32.239+0000] {processor.py:183} INFO - Processing /opt/airflow/dags/sodai_pipeline.py took 0.095 seconds
[2025-11-14T01:56:02.546+0000] {processor.py:161} INFO - Started process (PID=1068) to work on /opt/airflow/dags/sodai_pipeline.py
[2025-11-14T01:56:02.548+0000] {processor.py:830} INFO - Processing file /opt/airflow/dags/sodai_pipeline.py for tasks to queue
[2025-11-14T01:56:02.552+0000] {logging_mixin.py:188} INFO - [2025-11-14T01:56:02.551+0000] {dagbag.py:545} INFO - Filling up the DagBag from /opt/airflow/dags/sodai_pipeline.py
[2025-11-14T01:56:02.575+0000] {processor.py:840} INFO - DAG(s) 'sodai_pipeline_dag' retrieved from /opt/airflow/dags/sodai_pipeline.py
[2025-11-14T01:56:02.603+0000] {logging_mixin.py:188} INFO - [2025-11-14T01:56:02.603+0000] {dag.py:3096} INFO - Sync 1 DAGs
[2025-11-14T01:56:02.629+0000] {processor.py:183} INFO - Processing /opt/airflow/dags/sodai_pipeline.py took 0.094 seconds
[2025-11-14T01:56:32.910+0000] {processor.py:161} INFO - Started process (PID=1073) to work on /opt/airflow/dags/sodai_pipeline.py
[2025-11-14T01:56:32.911+0000] {processor.py:830} INFO - Processing file /opt/airflow/dags/sodai_pipeline.py for tasks to queue
[2025-11-14T01:56:32.916+0000] {logging_mixin.py:188} INFO - [2025-11-14T01:56:32.915+0000] {dagbag.py:545} INFO - Filling up the DagBag from /opt/airflow/dags/sodai_pipeline.py
[2025-11-14T01:56:32.943+0000] {processor.py:840} INFO - DAG(s) 'sodai_pipeline_dag' retrieved from /opt/airflow/dags/sodai_pipeline.py
[2025-11-14T01:56:32.974+0000] {logging_mixin.py:188} INFO - [2025-11-14T01:56:32.974+0000] {dag.py:3096} INFO - Sync 1 DAGs
[2025-11-14T01:56:33.001+0000] {processor.py:183} INFO - Processing /opt/airflow/dags/sodai_pipeline.py took 0.103 seconds
[2025-11-14T01:57:03.312+0000] {processor.py:161} INFO - Started process (PID=1078) to work on /opt/airflow/dags/sodai_pipeline.py
[2025-11-14T01:57:03.315+0000] {processor.py:830} INFO - Processing file /opt/airflow/dags/sodai_pipeline.py for tasks to queue
[2025-11-14T01:57:03.319+0000] {logging_mixin.py:188} INFO - [2025-11-14T01:57:03.319+0000] {dagbag.py:545} INFO - Filling up the DagBag from /opt/airflow/dags/sodai_pipeline.py
[2025-11-14T01:57:03.338+0000] {processor.py:840} INFO - DAG(s) 'sodai_pipeline_dag' retrieved from /opt/airflow/dags/sodai_pipeline.py
[2025-11-14T01:57:03.363+0000] {logging_mixin.py:188} INFO - [2025-11-14T01:57:03.363+0000] {dag.py:3096} INFO - Sync 1 DAGs
[2025-11-14T01:57:03.383+0000] {processor.py:183} INFO - Processing /opt/airflow/dags/sodai_pipeline.py took 0.081 seconds
[2025-11-14T01:57:33.683+0000] {processor.py:161} INFO - Started process (PID=1085) to work on /opt/airflow/dags/sodai_pipeline.py
[2025-11-14T01:57:33.684+0000] {processor.py:830} INFO - Processing file /opt/airflow/dags/sodai_pipeline.py for tasks to queue
[2025-11-14T01:57:33.688+0000] {logging_mixin.py:188} INFO - [2025-11-14T01:57:33.687+0000] {dagbag.py:545} INFO - Filling up the DagBag from /opt/airflow/dags/sodai_pipeline.py
[2025-11-14T01:57:33.707+0000] {processor.py:840} INFO - DAG(s) 'sodai_pipeline_dag' retrieved from /opt/airflow/dags/sodai_pipeline.py
[2025-11-14T01:57:33.738+0000] {logging_mixin.py:188} INFO - [2025-11-14T01:57:33.738+0000] {dag.py:3096} INFO - Sync 1 DAGs
[2025-11-14T01:57:33.757+0000] {logging_mixin.py:188} INFO - [2025-11-14T01:57:33.757+0000] {dag.py:3954} INFO - Setting next_dagrun for sodai_pipeline_dag to 2025-11-09 00:00:00+00:00, run_after=2025-11-16 00:00:00+00:00
[2025-11-14T01:57:33.768+0000] {processor.py:183} INFO - Processing /opt/airflow/dags/sodai_pipeline.py took 0.104 seconds
[2025-11-14T01:58:04.046+0000] {processor.py:161} INFO - Started process (PID=1090) to work on /opt/airflow/dags/sodai_pipeline.py
[2025-11-14T01:58:04.048+0000] {processor.py:830} INFO - Processing file /opt/airflow/dags/sodai_pipeline.py for tasks to queue
[2025-11-14T01:58:04.053+0000] {logging_mixin.py:188} INFO - [2025-11-14T01:58:04.052+0000] {dagbag.py:545} INFO - Filling up the DagBag from /opt/airflow/dags/sodai_pipeline.py
[2025-11-14T01:58:04.082+0000] {processor.py:840} INFO - DAG(s) 'sodai_pipeline_dag' retrieved from /opt/airflow/dags/sodai_pipeline.py
[2025-11-14T01:58:04.116+0000] {logging_mixin.py:188} INFO - [2025-11-14T01:58:04.116+0000] {dag.py:3096} INFO - Sync 1 DAGs
[2025-11-14T01:58:04.129+0000] {logging_mixin.py:188} INFO - [2025-11-14T01:58:04.129+0000] {dag.py:3954} INFO - Setting next_dagrun for sodai_pipeline_dag to 2025-11-09 00:00:00+00:00, run_after=2025-11-16 00:00:00+00:00
[2025-11-14T01:58:04.140+0000] {processor.py:183} INFO - Processing /opt/airflow/dags/sodai_pipeline.py took 0.109 seconds
[2025-11-14T01:58:34.388+0000] {processor.py:161} INFO - Started process (PID=1095) to work on /opt/airflow/dags/sodai_pipeline.py
[2025-11-14T01:58:34.391+0000] {processor.py:830} INFO - Processing file /opt/airflow/dags/sodai_pipeline.py for tasks to queue
[2025-11-14T01:58:34.404+0000] {logging_mixin.py:188} INFO - [2025-11-14T01:58:34.401+0000] {dagbag.py:545} INFO - Filling up the DagBag from /opt/airflow/dags/sodai_pipeline.py
[2025-11-14T01:58:34.429+0000] {processor.py:840} INFO - DAG(s) 'sodai_pipeline_dag' retrieved from /opt/airflow/dags/sodai_pipeline.py
[2025-11-14T01:58:34.461+0000] {logging_mixin.py:188} INFO - [2025-11-14T01:58:34.461+0000] {dag.py:3096} INFO - Sync 1 DAGs
[2025-11-14T01:58:34.480+0000] {logging_mixin.py:188} INFO - [2025-11-14T01:58:34.480+0000] {dag.py:3954} INFO - Setting next_dagrun for sodai_pipeline_dag to 2025-11-09 00:00:00+00:00, run_after=2025-11-16 00:00:00+00:00
[2025-11-14T01:58:34.491+0000] {processor.py:183} INFO - Processing /opt/airflow/dags/sodai_pipeline.py took 0.112 seconds
[2025-11-14T01:59:04.776+0000] {processor.py:161} INFO - Started process (PID=1100) to work on /opt/airflow/dags/sodai_pipeline.py
[2025-11-14T01:59:04.784+0000] {processor.py:830} INFO - Processing file /opt/airflow/dags/sodai_pipeline.py for tasks to queue
[2025-11-14T01:59:04.791+0000] {logging_mixin.py:188} INFO - [2025-11-14T01:59:04.790+0000] {dagbag.py:545} INFO - Filling up the DagBag from /opt/airflow/dags/sodai_pipeline.py
[2025-11-14T01:59:04.823+0000] {processor.py:840} INFO - DAG(s) 'sodai_pipeline_dag' retrieved from /opt/airflow/dags/sodai_pipeline.py
[2025-11-14T01:59:04.860+0000] {logging_mixin.py:188} INFO - [2025-11-14T01:59:04.860+0000] {dag.py:3096} INFO - Sync 1 DAGs
[2025-11-14T01:59:04.877+0000] {logging_mixin.py:188} INFO - [2025-11-14T01:59:04.877+0000] {dag.py:3954} INFO - Setting next_dagrun for sodai_pipeline_dag to 2025-11-09 00:00:00+00:00, run_after=2025-11-16 00:00:00+00:00
[2025-11-14T01:59:04.886+0000] {processor.py:183} INFO - Processing /opt/airflow/dags/sodai_pipeline.py took 0.119 seconds
[2025-11-14T01:59:35.140+0000] {processor.py:161} INFO - Started process (PID=1105) to work on /opt/airflow/dags/sodai_pipeline.py
[2025-11-14T01:59:35.141+0000] {processor.py:830} INFO - Processing file /opt/airflow/dags/sodai_pipeline.py for tasks to queue
[2025-11-14T01:59:35.144+0000] {logging_mixin.py:188} INFO - [2025-11-14T01:59:35.143+0000] {dagbag.py:545} INFO - Filling up the DagBag from /opt/airflow/dags/sodai_pipeline.py
[2025-11-14T01:59:35.165+0000] {processor.py:840} INFO - DAG(s) 'sodai_pipeline_dag' retrieved from /opt/airflow/dags/sodai_pipeline.py
[2025-11-14T01:59:35.199+0000] {logging_mixin.py:188} INFO - [2025-11-14T01:59:35.199+0000] {dag.py:3096} INFO - Sync 1 DAGs
[2025-11-14T01:59:35.220+0000] {logging_mixin.py:188} INFO - [2025-11-14T01:59:35.220+0000] {dag.py:3954} INFO - Setting next_dagrun for sodai_pipeline_dag to 2025-11-09 00:00:00+00:00, run_after=2025-11-16 00:00:00+00:00
[2025-11-14T01:59:35.230+0000] {processor.py:183} INFO - Processing /opt/airflow/dags/sodai_pipeline.py took 0.104 seconds
[2025-11-14T02:00:05.459+0000] {processor.py:161} INFO - Started process (PID=1110) to work on /opt/airflow/dags/sodai_pipeline.py
[2025-11-14T02:00:05.462+0000] {processor.py:830} INFO - Processing file /opt/airflow/dags/sodai_pipeline.py for tasks to queue
[2025-11-14T02:00:05.466+0000] {logging_mixin.py:188} INFO - [2025-11-14T02:00:05.465+0000] {dagbag.py:545} INFO - Filling up the DagBag from /opt/airflow/dags/sodai_pipeline.py
[2025-11-14T02:00:05.481+0000] {processor.py:840} INFO - DAG(s) 'sodai_pipeline_dag' retrieved from /opt/airflow/dags/sodai_pipeline.py
[2025-11-14T02:00:05.503+0000] {logging_mixin.py:188} INFO - [2025-11-14T02:00:05.503+0000] {dag.py:3096} INFO - Sync 1 DAGs
[2025-11-14T02:00:05.520+0000] {logging_mixin.py:188} INFO - [2025-11-14T02:00:05.520+0000] {dag.py:3954} INFO - Setting next_dagrun for sodai_pipeline_dag to 2025-11-09 00:00:00+00:00, run_after=2025-11-16 00:00:00+00:00
[2025-11-14T02:00:05.528+0000] {processor.py:183} INFO - Processing /opt/airflow/dags/sodai_pipeline.py took 0.079 seconds
[2025-11-14T02:00:35.902+0000] {processor.py:161} INFO - Started process (PID=1115) to work on /opt/airflow/dags/sodai_pipeline.py
[2025-11-14T02:00:35.906+0000] {processor.py:830} INFO - Processing file /opt/airflow/dags/sodai_pipeline.py for tasks to queue
[2025-11-14T02:00:35.915+0000] {logging_mixin.py:188} INFO - [2025-11-14T02:00:35.913+0000] {dagbag.py:545} INFO - Filling up the DagBag from /opt/airflow/dags/sodai_pipeline.py
[2025-11-14T02:00:35.945+0000] {processor.py:840} INFO - DAG(s) 'sodai_pipeline_dag' retrieved from /opt/airflow/dags/sodai_pipeline.py
[2025-11-14T02:00:35.993+0000] {logging_mixin.py:188} INFO - [2025-11-14T02:00:35.993+0000] {dag.py:3096} INFO - Sync 1 DAGs
[2025-11-14T02:00:36.018+0000] {logging_mixin.py:188} INFO - [2025-11-14T02:00:36.018+0000] {dag.py:3954} INFO - Setting next_dagrun for sodai_pipeline_dag to 2025-11-09 00:00:00+00:00, run_after=2025-11-16 00:00:00+00:00
[2025-11-14T02:00:36.033+0000] {processor.py:183} INFO - Processing /opt/airflow/dags/sodai_pipeline.py took 0.150 seconds
[2025-11-14T02:01:06.299+0000] {processor.py:161} INFO - Started process (PID=1120) to work on /opt/airflow/dags/sodai_pipeline.py
[2025-11-14T02:01:06.302+0000] {processor.py:830} INFO - Processing file /opt/airflow/dags/sodai_pipeline.py for tasks to queue
[2025-11-14T02:01:06.305+0000] {logging_mixin.py:188} INFO - [2025-11-14T02:01:06.304+0000] {dagbag.py:545} INFO - Filling up the DagBag from /opt/airflow/dags/sodai_pipeline.py
[2025-11-14T02:01:06.323+0000] {processor.py:840} INFO - DAG(s) 'sodai_pipeline_dag' retrieved from /opt/airflow/dags/sodai_pipeline.py
[2025-11-14T02:01:06.350+0000] {logging_mixin.py:188} INFO - [2025-11-14T02:01:06.350+0000] {dag.py:3096} INFO - Sync 1 DAGs
[2025-11-14T02:01:06.365+0000] {logging_mixin.py:188} INFO - [2025-11-14T02:01:06.365+0000] {dag.py:3954} INFO - Setting next_dagrun for sodai_pipeline_dag to 2025-11-09 00:00:00+00:00, run_after=2025-11-16 00:00:00+00:00
[2025-11-14T02:01:06.376+0000] {processor.py:183} INFO - Processing /opt/airflow/dags/sodai_pipeline.py took 0.088 seconds
[2025-11-14T02:01:36.700+0000] {processor.py:161} INFO - Started process (PID=1125) to work on /opt/airflow/dags/sodai_pipeline.py
[2025-11-14T02:01:36.702+0000] {processor.py:830} INFO - Processing file /opt/airflow/dags/sodai_pipeline.py for tasks to queue
[2025-11-14T02:01:36.706+0000] {logging_mixin.py:188} INFO - [2025-11-14T02:01:36.705+0000] {dagbag.py:545} INFO - Filling up the DagBag from /opt/airflow/dags/sodai_pipeline.py
[2025-11-14T02:01:36.728+0000] {processor.py:840} INFO - DAG(s) 'sodai_pipeline_dag' retrieved from /opt/airflow/dags/sodai_pipeline.py
[2025-11-14T02:01:36.754+0000] {logging_mixin.py:188} INFO - [2025-11-14T02:01:36.754+0000] {dag.py:3096} INFO - Sync 1 DAGs
[2025-11-14T02:01:36.773+0000] {logging_mixin.py:188} INFO - [2025-11-14T02:01:36.773+0000] {dag.py:3954} INFO - Setting next_dagrun for sodai_pipeline_dag to 2025-11-09 00:00:00+00:00, run_after=2025-11-16 00:00:00+00:00
[2025-11-14T02:01:36.784+0000] {processor.py:183} INFO - Processing /opt/airflow/dags/sodai_pipeline.py took 0.102 seconds
[2025-11-14T02:02:07.066+0000] {processor.py:161} INFO - Started process (PID=1130) to work on /opt/airflow/dags/sodai_pipeline.py
[2025-11-14T02:02:07.068+0000] {processor.py:830} INFO - Processing file /opt/airflow/dags/sodai_pipeline.py for tasks to queue
[2025-11-14T02:02:07.074+0000] {logging_mixin.py:188} INFO - [2025-11-14T02:02:07.073+0000] {dagbag.py:545} INFO - Filling up the DagBag from /opt/airflow/dags/sodai_pipeline.py
[2025-11-14T02:02:07.095+0000] {processor.py:840} INFO - DAG(s) 'sodai_pipeline_dag' retrieved from /opt/airflow/dags/sodai_pipeline.py
[2025-11-14T02:02:07.124+0000] {logging_mixin.py:188} INFO - [2025-11-14T02:02:07.124+0000] {dag.py:3096} INFO - Sync 1 DAGs
[2025-11-14T02:02:07.140+0000] {logging_mixin.py:188} INFO - [2025-11-14T02:02:07.140+0000] {dag.py:3954} INFO - Setting next_dagrun for sodai_pipeline_dag to 2025-11-09 00:00:00+00:00, run_after=2025-11-16 00:00:00+00:00
[2025-11-14T02:02:07.148+0000] {processor.py:183} INFO - Processing /opt/airflow/dags/sodai_pipeline.py took 0.095 seconds
[2025-11-14T02:02:37.435+0000] {processor.py:161} INFO - Started process (PID=1135) to work on /opt/airflow/dags/sodai_pipeline.py
[2025-11-14T02:02:37.437+0000] {processor.py:830} INFO - Processing file /opt/airflow/dags/sodai_pipeline.py for tasks to queue
[2025-11-14T02:02:37.440+0000] {logging_mixin.py:188} INFO - [2025-11-14T02:02:37.440+0000] {dagbag.py:545} INFO - Filling up the DagBag from /opt/airflow/dags/sodai_pipeline.py
[2025-11-14T02:02:37.467+0000] {processor.py:840} INFO - DAG(s) 'sodai_pipeline_dag' retrieved from /opt/airflow/dags/sodai_pipeline.py
[2025-11-14T02:02:37.500+0000] {logging_mixin.py:188} INFO - [2025-11-14T02:02:37.500+0000] {dag.py:3096} INFO - Sync 1 DAGs
[2025-11-14T02:02:37.521+0000] {logging_mixin.py:188} INFO - [2025-11-14T02:02:37.520+0000] {dag.py:3954} INFO - Setting next_dagrun for sodai_pipeline_dag to 2025-11-09 00:00:00+00:00, run_after=2025-11-16 00:00:00+00:00
[2025-11-14T02:02:37.533+0000] {processor.py:183} INFO - Processing /opt/airflow/dags/sodai_pipeline.py took 0.113 seconds
[2025-11-14T02:03:07.804+0000] {processor.py:161} INFO - Started process (PID=1140) to work on /opt/airflow/dags/sodai_pipeline.py
[2025-11-14T02:03:07.808+0000] {processor.py:830} INFO - Processing file /opt/airflow/dags/sodai_pipeline.py for tasks to queue
[2025-11-14T02:03:07.811+0000] {logging_mixin.py:188} INFO - [2025-11-14T02:03:07.811+0000] {dagbag.py:545} INFO - Filling up the DagBag from /opt/airflow/dags/sodai_pipeline.py
[2025-11-14T02:03:07.829+0000] {processor.py:840} INFO - DAG(s) 'sodai_pipeline_dag' retrieved from /opt/airflow/dags/sodai_pipeline.py
[2025-11-14T02:03:07.853+0000] {logging_mixin.py:188} INFO - [2025-11-14T02:03:07.853+0000] {dag.py:3096} INFO - Sync 1 DAGs
[2025-11-14T02:03:07.869+0000] {logging_mixin.py:188} INFO - [2025-11-14T02:03:07.869+0000] {dag.py:3954} INFO - Setting next_dagrun for sodai_pipeline_dag to 2025-11-09 00:00:00+00:00, run_after=2025-11-16 00:00:00+00:00
[2025-11-14T02:03:07.878+0000] {processor.py:183} INFO - Processing /opt/airflow/dags/sodai_pipeline.py took 0.087 seconds
[2025-11-14T02:03:38.165+0000] {processor.py:161} INFO - Started process (PID=1145) to work on /opt/airflow/dags/sodai_pipeline.py
[2025-11-14T02:03:38.166+0000] {processor.py:830} INFO - Processing file /opt/airflow/dags/sodai_pipeline.py for tasks to queue
[2025-11-14T02:03:38.169+0000] {logging_mixin.py:188} INFO - [2025-11-14T02:03:38.169+0000] {dagbag.py:545} INFO - Filling up the DagBag from /opt/airflow/dags/sodai_pipeline.py
[2025-11-14T02:03:38.186+0000] {processor.py:840} INFO - DAG(s) 'sodai_pipeline_dag' retrieved from /opt/airflow/dags/sodai_pipeline.py
[2025-11-14T02:03:38.214+0000] {logging_mixin.py:188} INFO - [2025-11-14T02:03:38.214+0000] {dag.py:3096} INFO - Sync 1 DAGs
[2025-11-14T02:03:38.235+0000] {logging_mixin.py:188} INFO - [2025-11-14T02:03:38.235+0000] {dag.py:3954} INFO - Setting next_dagrun for sodai_pipeline_dag to 2025-11-09 00:00:00+00:00, run_after=2025-11-16 00:00:00+00:00
[2025-11-14T02:03:38.244+0000] {processor.py:183} INFO - Processing /opt/airflow/dags/sodai_pipeline.py took 0.090 seconds
[2025-11-14T02:04:08.476+0000] {processor.py:161} INFO - Started process (PID=1150) to work on /opt/airflow/dags/sodai_pipeline.py
[2025-11-14T02:04:08.478+0000] {processor.py:830} INFO - Processing file /opt/airflow/dags/sodai_pipeline.py for tasks to queue
[2025-11-14T02:04:08.481+0000] {logging_mixin.py:188} INFO - [2025-11-14T02:04:08.480+0000] {dagbag.py:545} INFO - Filling up the DagBag from /opt/airflow/dags/sodai_pipeline.py
[2025-11-14T02:04:08.504+0000] {processor.py:840} INFO - DAG(s) 'sodai_pipeline_dag' retrieved from /opt/airflow/dags/sodai_pipeline.py
[2025-11-14T02:04:08.524+0000] {logging_mixin.py:188} INFO - [2025-11-14T02:04:08.524+0000] {dag.py:3096} INFO - Sync 1 DAGs
[2025-11-14T02:04:08.538+0000] {logging_mixin.py:188} INFO - [2025-11-14T02:04:08.538+0000] {dag.py:3954} INFO - Setting next_dagrun for sodai_pipeline_dag to 2025-11-09 00:00:00+00:00, run_after=2025-11-16 00:00:00+00:00
[2025-11-14T02:04:08.548+0000] {processor.py:183} INFO - Processing /opt/airflow/dags/sodai_pipeline.py took 0.086 seconds
[2025-11-14T02:04:38.831+0000] {processor.py:161} INFO - Started process (PID=1155) to work on /opt/airflow/dags/sodai_pipeline.py
[2025-11-14T02:04:38.833+0000] {processor.py:830} INFO - Processing file /opt/airflow/dags/sodai_pipeline.py for tasks to queue
[2025-11-14T02:04:38.836+0000] {logging_mixin.py:188} INFO - [2025-11-14T02:04:38.836+0000] {dagbag.py:545} INFO - Filling up the DagBag from /opt/airflow/dags/sodai_pipeline.py
[2025-11-14T02:04:38.852+0000] {processor.py:840} INFO - DAG(s) 'sodai_pipeline_dag' retrieved from /opt/airflow/dags/sodai_pipeline.py
[2025-11-14T02:04:38.876+0000] {logging_mixin.py:188} INFO - [2025-11-14T02:04:38.876+0000] {dag.py:3096} INFO - Sync 1 DAGs
[2025-11-14T02:04:38.890+0000] {logging_mixin.py:188} INFO - [2025-11-14T02:04:38.890+0000] {dag.py:3954} INFO - Setting next_dagrun for sodai_pipeline_dag to 2025-11-09 00:00:00+00:00, run_after=2025-11-16 00:00:00+00:00
[2025-11-14T02:04:38.899+0000] {processor.py:183} INFO - Processing /opt/airflow/dags/sodai_pipeline.py took 0.078 seconds
[2025-11-14T02:05:09.107+0000] {processor.py:161} INFO - Started process (PID=1160) to work on /opt/airflow/dags/sodai_pipeline.py
[2025-11-14T02:05:09.108+0000] {processor.py:830} INFO - Processing file /opt/airflow/dags/sodai_pipeline.py for tasks to queue
[2025-11-14T02:05:09.111+0000] {logging_mixin.py:188} INFO - [2025-11-14T02:05:09.110+0000] {dagbag.py:545} INFO - Filling up the DagBag from /opt/airflow/dags/sodai_pipeline.py
[2025-11-14T02:05:09.122+0000] {processor.py:840} INFO - DAG(s) 'sodai_pipeline_dag' retrieved from /opt/airflow/dags/sodai_pipeline.py
[2025-11-14T02:05:09.141+0000] {logging_mixin.py:188} INFO - [2025-11-14T02:05:09.141+0000] {dag.py:3096} INFO - Sync 1 DAGs
[2025-11-14T02:05:09.154+0000] {logging_mixin.py:188} INFO - [2025-11-14T02:05:09.154+0000] {dag.py:3954} INFO - Setting next_dagrun for sodai_pipeline_dag to 2025-11-09 00:00:00+00:00, run_after=2025-11-16 00:00:00+00:00
[2025-11-14T02:05:09.162+0000] {processor.py:183} INFO - Processing /opt/airflow/dags/sodai_pipeline.py took 0.067 seconds
[2025-11-14T02:05:39.375+0000] {processor.py:161} INFO - Started process (PID=1165) to work on /opt/airflow/dags/sodai_pipeline.py
[2025-11-14T02:05:39.376+0000] {processor.py:830} INFO - Processing file /opt/airflow/dags/sodai_pipeline.py for tasks to queue
[2025-11-14T02:05:39.377+0000] {logging_mixin.py:188} INFO - [2025-11-14T02:05:39.377+0000] {dagbag.py:545} INFO - Filling up the DagBag from /opt/airflow/dags/sodai_pipeline.py
[2025-11-14T02:05:39.389+0000] {processor.py:840} INFO - DAG(s) 'sodai_pipeline_dag' retrieved from /opt/airflow/dags/sodai_pipeline.py
[2025-11-14T02:05:39.409+0000] {logging_mixin.py:188} INFO - [2025-11-14T02:05:39.409+0000] {dag.py:3096} INFO - Sync 1 DAGs
[2025-11-14T02:05:39.424+0000] {logging_mixin.py:188} INFO - [2025-11-14T02:05:39.424+0000] {dag.py:3954} INFO - Setting next_dagrun for sodai_pipeline_dag to 2025-11-09 00:00:00+00:00, run_after=2025-11-16 00:00:00+00:00
[2025-11-14T02:05:39.434+0000] {processor.py:183} INFO - Processing /opt/airflow/dags/sodai_pipeline.py took 0.065 seconds
[2025-11-14T02:06:09.716+0000] {processor.py:161} INFO - Started process (PID=1170) to work on /opt/airflow/dags/sodai_pipeline.py
[2025-11-14T02:06:09.717+0000] {processor.py:830} INFO - Processing file /opt/airflow/dags/sodai_pipeline.py for tasks to queue
[2025-11-14T02:06:09.720+0000] {logging_mixin.py:188} INFO - [2025-11-14T02:06:09.719+0000] {dagbag.py:545} INFO - Filling up the DagBag from /opt/airflow/dags/sodai_pipeline.py
[2025-11-14T02:06:09.739+0000] {processor.py:840} INFO - DAG(s) 'sodai_pipeline_dag' retrieved from /opt/airflow/dags/sodai_pipeline.py
[2025-11-14T02:06:09.764+0000] {logging_mixin.py:188} INFO - [2025-11-14T02:06:09.764+0000] {dag.py:3096} INFO - Sync 1 DAGs
[2025-11-14T02:06:09.777+0000] {logging_mixin.py:188} INFO - [2025-11-14T02:06:09.777+0000] {dag.py:3954} INFO - Setting next_dagrun for sodai_pipeline_dag to 2025-11-09 00:00:00+00:00, run_after=2025-11-16 00:00:00+00:00
[2025-11-14T02:06:09.787+0000] {processor.py:183} INFO - Processing /opt/airflow/dags/sodai_pipeline.py took 0.077 seconds
[2025-11-14T02:06:40.042+0000] {processor.py:161} INFO - Started process (PID=1175) to work on /opt/airflow/dags/sodai_pipeline.py
[2025-11-14T02:06:40.044+0000] {processor.py:830} INFO - Processing file /opt/airflow/dags/sodai_pipeline.py for tasks to queue
[2025-11-14T02:06:40.051+0000] {logging_mixin.py:188} INFO - [2025-11-14T02:06:40.049+0000] {dagbag.py:545} INFO - Filling up the DagBag from /opt/airflow/dags/sodai_pipeline.py
[2025-11-14T02:06:40.073+0000] {processor.py:840} INFO - DAG(s) 'sodai_pipeline_dag' retrieved from /opt/airflow/dags/sodai_pipeline.py
[2025-11-14T02:06:40.104+0000] {logging_mixin.py:188} INFO - [2025-11-14T02:06:40.104+0000] {dag.py:3096} INFO - Sync 1 DAGs
[2025-11-14T02:06:40.121+0000] {logging_mixin.py:188} INFO - [2025-11-14T02:06:40.121+0000] {dag.py:3954} INFO - Setting next_dagrun for sodai_pipeline_dag to 2025-11-09 00:00:00+00:00, run_after=2025-11-16 00:00:00+00:00
[2025-11-14T02:06:40.134+0000] {processor.py:183} INFO - Processing /opt/airflow/dags/sodai_pipeline.py took 0.106 seconds
[2025-11-14T02:07:10.398+0000] {processor.py:161} INFO - Started process (PID=1180) to work on /opt/airflow/dags/sodai_pipeline.py
[2025-11-14T02:07:10.399+0000] {processor.py:830} INFO - Processing file /opt/airflow/dags/sodai_pipeline.py for tasks to queue
[2025-11-14T02:07:10.402+0000] {logging_mixin.py:188} INFO - [2025-11-14T02:07:10.401+0000] {dagbag.py:545} INFO - Filling up the DagBag from /opt/airflow/dags/sodai_pipeline.py
[2025-11-14T02:07:10.420+0000] {processor.py:840} INFO - DAG(s) 'sodai_pipeline_dag' retrieved from /opt/airflow/dags/sodai_pipeline.py
[2025-11-14T02:07:10.444+0000] {logging_mixin.py:188} INFO - [2025-11-14T02:07:10.444+0000] {dag.py:3096} INFO - Sync 1 DAGs
[2025-11-14T02:07:10.461+0000] {logging_mixin.py:188} INFO - [2025-11-14T02:07:10.460+0000] {dag.py:3954} INFO - Setting next_dagrun for sodai_pipeline_dag to 2025-11-09 00:00:00+00:00, run_after=2025-11-16 00:00:00+00:00
[2025-11-14T02:07:10.470+0000] {processor.py:183} INFO - Processing /opt/airflow/dags/sodai_pipeline.py took 0.082 seconds
[2025-11-14T02:07:40.765+0000] {processor.py:161} INFO - Started process (PID=1185) to work on /opt/airflow/dags/sodai_pipeline.py
[2025-11-14T02:07:40.767+0000] {processor.py:830} INFO - Processing file /opt/airflow/dags/sodai_pipeline.py for tasks to queue
[2025-11-14T02:07:40.769+0000] {logging_mixin.py:188} INFO - [2025-11-14T02:07:40.769+0000] {dagbag.py:545} INFO - Filling up the DagBag from /opt/airflow/dags/sodai_pipeline.py
[2025-11-14T02:07:40.785+0000] {processor.py:840} INFO - DAG(s) 'sodai_pipeline_dag' retrieved from /opt/airflow/dags/sodai_pipeline.py
[2025-11-14T02:07:40.815+0000] {logging_mixin.py:188} INFO - [2025-11-14T02:07:40.814+0000] {dag.py:3096} INFO - Sync 1 DAGs
[2025-11-14T02:07:40.830+0000] {logging_mixin.py:188} INFO - [2025-11-14T02:07:40.830+0000] {dag.py:3954} INFO - Setting next_dagrun for sodai_pipeline_dag to 2025-11-09 00:00:00+00:00, run_after=2025-11-16 00:00:00+00:00
[2025-11-14T02:07:40.841+0000] {processor.py:183} INFO - Processing /opt/airflow/dags/sodai_pipeline.py took 0.088 seconds
[2025-11-14T02:08:11.205+0000] {processor.py:161} INFO - Started process (PID=1190) to work on /opt/airflow/dags/sodai_pipeline.py
[2025-11-14T02:08:11.206+0000] {processor.py:830} INFO - Processing file /opt/airflow/dags/sodai_pipeline.py for tasks to queue
[2025-11-14T02:08:11.211+0000] {logging_mixin.py:188} INFO - [2025-11-14T02:08:11.210+0000] {dagbag.py:545} INFO - Filling up the DagBag from /opt/airflow/dags/sodai_pipeline.py
[2025-11-14T02:08:11.232+0000] {processor.py:840} INFO - DAG(s) 'sodai_pipeline_dag' retrieved from /opt/airflow/dags/sodai_pipeline.py
[2025-11-14T02:08:11.261+0000] {logging_mixin.py:188} INFO - [2025-11-14T02:08:11.261+0000] {dag.py:3096} INFO - Sync 1 DAGs
[2025-11-14T02:08:11.278+0000] {logging_mixin.py:188} INFO - [2025-11-14T02:08:11.278+0000] {dag.py:3954} INFO - Setting next_dagrun for sodai_pipeline_dag to 2025-11-09 00:00:00+00:00, run_after=2025-11-16 00:00:00+00:00
[2025-11-14T02:08:11.287+0000] {processor.py:183} INFO - Processing /opt/airflow/dags/sodai_pipeline.py took 0.090 seconds
[2025-11-14T02:08:41.592+0000] {processor.py:161} INFO - Started process (PID=1195) to work on /opt/airflow/dags/sodai_pipeline.py
[2025-11-14T02:08:41.593+0000] {processor.py:830} INFO - Processing file /opt/airflow/dags/sodai_pipeline.py for tasks to queue
[2025-11-14T02:08:41.596+0000] {logging_mixin.py:188} INFO - [2025-11-14T02:08:41.595+0000] {dagbag.py:545} INFO - Filling up the DagBag from /opt/airflow/dags/sodai_pipeline.py
[2025-11-14T02:08:41.618+0000] {processor.py:840} INFO - DAG(s) 'sodai_pipeline_dag' retrieved from /opt/airflow/dags/sodai_pipeline.py
[2025-11-14T02:08:41.649+0000] {logging_mixin.py:188} INFO - [2025-11-14T02:08:41.649+0000] {dag.py:3096} INFO - Sync 1 DAGs
[2025-11-14T02:08:41.664+0000] {logging_mixin.py:188} INFO - [2025-11-14T02:08:41.664+0000] {dag.py:3954} INFO - Setting next_dagrun for sodai_pipeline_dag to 2025-11-09 00:00:00+00:00, run_after=2025-11-16 00:00:00+00:00
[2025-11-14T02:08:41.677+0000] {processor.py:183} INFO - Processing /opt/airflow/dags/sodai_pipeline.py took 0.095 seconds
[2025-11-14T02:09:11.973+0000] {processor.py:161} INFO - Started process (PID=1200) to work on /opt/airflow/dags/sodai_pipeline.py
[2025-11-14T02:09:11.975+0000] {processor.py:830} INFO - Processing file /opt/airflow/dags/sodai_pipeline.py for tasks to queue
[2025-11-14T02:09:11.979+0000] {logging_mixin.py:188} INFO - [2025-11-14T02:09:11.978+0000] {dagbag.py:545} INFO - Filling up the DagBag from /opt/airflow/dags/sodai_pipeline.py
[2025-11-14T02:09:12.006+0000] {processor.py:840} INFO - DAG(s) 'sodai_pipeline_dag' retrieved from /opt/airflow/dags/sodai_pipeline.py
[2025-11-14T02:09:12.034+0000] {logging_mixin.py:188} INFO - [2025-11-14T02:09:12.034+0000] {dag.py:3096} INFO - Sync 1 DAGs
[2025-11-14T02:09:12.050+0000] {logging_mixin.py:188} INFO - [2025-11-14T02:09:12.050+0000] {dag.py:3954} INFO - Setting next_dagrun for sodai_pipeline_dag to 2025-11-09 00:00:00+00:00, run_after=2025-11-16 00:00:00+00:00
[2025-11-14T02:09:12.063+0000] {processor.py:183} INFO - Processing /opt/airflow/dags/sodai_pipeline.py took 0.100 seconds
[2025-11-14T02:09:42.312+0000] {processor.py:161} INFO - Started process (PID=1205) to work on /opt/airflow/dags/sodai_pipeline.py
[2025-11-14T02:09:42.313+0000] {processor.py:830} INFO - Processing file /opt/airflow/dags/sodai_pipeline.py for tasks to queue
[2025-11-14T02:09:42.316+0000] {logging_mixin.py:188} INFO - [2025-11-14T02:09:42.315+0000] {dagbag.py:545} INFO - Filling up the DagBag from /opt/airflow/dags/sodai_pipeline.py
[2025-11-14T02:09:42.332+0000] {processor.py:840} INFO - DAG(s) 'sodai_pipeline_dag' retrieved from /opt/airflow/dags/sodai_pipeline.py
[2025-11-14T02:09:42.353+0000] {logging_mixin.py:188} INFO - [2025-11-14T02:09:42.353+0000] {dag.py:3096} INFO - Sync 1 DAGs
[2025-11-14T02:09:42.367+0000] {logging_mixin.py:188} INFO - [2025-11-14T02:09:42.367+0000] {dag.py:3954} INFO - Setting next_dagrun for sodai_pipeline_dag to 2025-11-09 00:00:00+00:00, run_after=2025-11-16 00:00:00+00:00
[2025-11-14T02:09:42.375+0000] {processor.py:183} INFO - Processing /opt/airflow/dags/sodai_pipeline.py took 0.078 seconds
[2025-11-14T02:10:12.691+0000] {processor.py:161} INFO - Started process (PID=1210) to work on /opt/airflow/dags/sodai_pipeline.py
[2025-11-14T02:10:12.693+0000] {processor.py:830} INFO - Processing file /opt/airflow/dags/sodai_pipeline.py for tasks to queue
[2025-11-14T02:10:12.697+0000] {logging_mixin.py:188} INFO - [2025-11-14T02:10:12.696+0000] {dagbag.py:545} INFO - Filling up the DagBag from /opt/airflow/dags/sodai_pipeline.py
[2025-11-14T02:10:12.715+0000] {processor.py:840} INFO - DAG(s) 'sodai_pipeline_dag' retrieved from /opt/airflow/dags/sodai_pipeline.py
[2025-11-14T02:10:12.741+0000] {logging_mixin.py:188} INFO - [2025-11-14T02:10:12.741+0000] {dag.py:3096} INFO - Sync 1 DAGs
[2025-11-14T02:10:12.753+0000] {logging_mixin.py:188} INFO - [2025-11-14T02:10:12.753+0000] {dag.py:3954} INFO - Setting next_dagrun for sodai_pipeline_dag to 2025-11-09 00:00:00+00:00, run_after=2025-11-16 00:00:00+00:00
[2025-11-14T02:10:12.767+0000] {processor.py:183} INFO - Processing /opt/airflow/dags/sodai_pipeline.py took 0.085 seconds
[2025-11-14T02:10:42.994+0000] {processor.py:161} INFO - Started process (PID=1215) to work on /opt/airflow/dags/sodai_pipeline.py
[2025-11-14T02:10:42.996+0000] {processor.py:830} INFO - Processing file /opt/airflow/dags/sodai_pipeline.py for tasks to queue
[2025-11-14T02:10:42.999+0000] {logging_mixin.py:188} INFO - [2025-11-14T02:10:42.999+0000] {dagbag.py:545} INFO - Filling up the DagBag from /opt/airflow/dags/sodai_pipeline.py
[2025-11-14T02:10:43.017+0000] {processor.py:840} INFO - DAG(s) 'sodai_pipeline_dag' retrieved from /opt/airflow/dags/sodai_pipeline.py
[2025-11-14T02:10:43.045+0000] {logging_mixin.py:188} INFO - [2025-11-14T02:10:43.045+0000] {dag.py:3096} INFO - Sync 1 DAGs
[2025-11-14T02:10:43.069+0000] {logging_mixin.py:188} INFO - [2025-11-14T02:10:43.069+0000] {dag.py:3954} INFO - Setting next_dagrun for sodai_pipeline_dag to 2025-11-09 00:00:00+00:00, run_after=2025-11-16 00:00:00+00:00
[2025-11-14T02:10:43.082+0000] {processor.py:183} INFO - Processing /opt/airflow/dags/sodai_pipeline.py took 0.103 seconds
[2025-11-14T02:11:13.431+0000] {processor.py:161} INFO - Started process (PID=1220) to work on /opt/airflow/dags/sodai_pipeline.py
[2025-11-14T02:11:13.434+0000] {processor.py:830} INFO - Processing file /opt/airflow/dags/sodai_pipeline.py for tasks to queue
[2025-11-14T02:11:13.437+0000] {logging_mixin.py:188} INFO - [2025-11-14T02:11:13.437+0000] {dagbag.py:545} INFO - Filling up the DagBag from /opt/airflow/dags/sodai_pipeline.py
[2025-11-14T02:11:13.462+0000] {processor.py:840} INFO - DAG(s) 'sodai_pipeline_dag' retrieved from /opt/airflow/dags/sodai_pipeline.py
[2025-11-14T02:11:13.494+0000] {logging_mixin.py:188} INFO - [2025-11-14T02:11:13.494+0000] {dag.py:3096} INFO - Sync 1 DAGs
[2025-11-14T02:11:13.514+0000] {logging_mixin.py:188} INFO - [2025-11-14T02:11:13.514+0000] {dag.py:3954} INFO - Setting next_dagrun for sodai_pipeline_dag to 2025-11-09 00:00:00+00:00, run_after=2025-11-16 00:00:00+00:00
[2025-11-14T02:11:13.524+0000] {processor.py:183} INFO - Processing /opt/airflow/dags/sodai_pipeline.py took 0.102 seconds
[2025-11-14T02:11:43.807+0000] {processor.py:161} INFO - Started process (PID=1225) to work on /opt/airflow/dags/sodai_pipeline.py
[2025-11-14T02:11:43.809+0000] {processor.py:830} INFO - Processing file /opt/airflow/dags/sodai_pipeline.py for tasks to queue
[2025-11-14T02:11:43.813+0000] {logging_mixin.py:188} INFO - [2025-11-14T02:11:43.812+0000] {dagbag.py:545} INFO - Filling up the DagBag from /opt/airflow/dags/sodai_pipeline.py
[2025-11-14T02:11:43.833+0000] {processor.py:840} INFO - DAG(s) 'sodai_pipeline_dag' retrieved from /opt/airflow/dags/sodai_pipeline.py
[2025-11-14T02:11:43.863+0000] {logging_mixin.py:188} INFO - [2025-11-14T02:11:43.863+0000] {dag.py:3096} INFO - Sync 1 DAGs
[2025-11-14T02:11:43.884+0000] {logging_mixin.py:188} INFO - [2025-11-14T02:11:43.884+0000] {dag.py:3954} INFO - Setting next_dagrun for sodai_pipeline_dag to 2025-11-09 00:00:00+00:00, run_after=2025-11-16 00:00:00+00:00
[2025-11-14T02:11:43.896+0000] {processor.py:183} INFO - Processing /opt/airflow/dags/sodai_pipeline.py took 0.105 seconds
[2025-11-14T02:12:14.180+0000] {processor.py:161} INFO - Started process (PID=1230) to work on /opt/airflow/dags/sodai_pipeline.py
[2025-11-14T02:12:14.184+0000] {processor.py:830} INFO - Processing file /opt/airflow/dags/sodai_pipeline.py for tasks to queue
[2025-11-14T02:12:14.187+0000] {logging_mixin.py:188} INFO - [2025-11-14T02:12:14.187+0000] {dagbag.py:545} INFO - Filling up the DagBag from /opt/airflow/dags/sodai_pipeline.py
[2025-11-14T02:12:14.204+0000] {processor.py:840} INFO - DAG(s) 'sodai_pipeline_dag' retrieved from /opt/airflow/dags/sodai_pipeline.py
[2025-11-14T02:12:14.231+0000] {logging_mixin.py:188} INFO - [2025-11-14T02:12:14.231+0000] {dag.py:3096} INFO - Sync 1 DAGs
[2025-11-14T02:12:14.245+0000] {logging_mixin.py:188} INFO - [2025-11-14T02:12:14.245+0000] {dag.py:3954} INFO - Setting next_dagrun for sodai_pipeline_dag to 2025-11-09 00:00:00+00:00, run_after=2025-11-16 00:00:00+00:00
[2025-11-14T02:12:14.254+0000] {processor.py:183} INFO - Processing /opt/airflow/dags/sodai_pipeline.py took 0.090 seconds
[2025-11-14T02:12:44.540+0000] {processor.py:161} INFO - Started process (PID=1235) to work on /opt/airflow/dags/sodai_pipeline.py
[2025-11-14T02:12:44.544+0000] {processor.py:830} INFO - Processing file /opt/airflow/dags/sodai_pipeline.py for tasks to queue
[2025-11-14T02:12:44.547+0000] {logging_mixin.py:188} INFO - [2025-11-14T02:12:44.546+0000] {dagbag.py:545} INFO - Filling up the DagBag from /opt/airflow/dags/sodai_pipeline.py
[2025-11-14T02:12:44.564+0000] {processor.py:840} INFO - DAG(s) 'sodai_pipeline_dag' retrieved from /opt/airflow/dags/sodai_pipeline.py
[2025-11-14T02:12:44.601+0000] {logging_mixin.py:188} INFO - [2025-11-14T02:12:44.601+0000] {dag.py:3096} INFO - Sync 1 DAGs
[2025-11-14T02:12:44.622+0000] {logging_mixin.py:188} INFO - [2025-11-14T02:12:44.622+0000] {dag.py:3954} INFO - Setting next_dagrun for sodai_pipeline_dag to 2025-11-09 00:00:00+00:00, run_after=2025-11-16 00:00:00+00:00
[2025-11-14T02:12:44.632+0000] {processor.py:183} INFO - Processing /opt/airflow/dags/sodai_pipeline.py took 0.101 seconds
[2025-11-14T02:13:14.888+0000] {processor.py:161} INFO - Started process (PID=1240) to work on /opt/airflow/dags/sodai_pipeline.py
[2025-11-14T02:13:14.890+0000] {processor.py:830} INFO - Processing file /opt/airflow/dags/sodai_pipeline.py for tasks to queue
[2025-11-14T02:13:14.894+0000] {logging_mixin.py:188} INFO - [2025-11-14T02:13:14.893+0000] {dagbag.py:545} INFO - Filling up the DagBag from /opt/airflow/dags/sodai_pipeline.py
[2025-11-14T02:13:14.913+0000] {processor.py:840} INFO - DAG(s) 'sodai_pipeline_dag' retrieved from /opt/airflow/dags/sodai_pipeline.py
[2025-11-14T02:13:14.952+0000] {logging_mixin.py:188} INFO - [2025-11-14T02:13:14.952+0000] {dag.py:3096} INFO - Sync 1 DAGs
[2025-11-14T02:13:14.974+0000] {logging_mixin.py:188} INFO - [2025-11-14T02:13:14.974+0000] {dag.py:3954} INFO - Setting next_dagrun for sodai_pipeline_dag to 2025-11-09 00:00:00+00:00, run_after=2025-11-16 00:00:00+00:00
[2025-11-14T02:13:14.989+0000] {processor.py:183} INFO - Processing /opt/airflow/dags/sodai_pipeline.py took 0.112 seconds
[2025-11-14T02:13:45.309+0000] {processor.py:161} INFO - Started process (PID=1245) to work on /opt/airflow/dags/sodai_pipeline.py
[2025-11-14T02:13:45.312+0000] {processor.py:830} INFO - Processing file /opt/airflow/dags/sodai_pipeline.py for tasks to queue
[2025-11-14T02:13:45.316+0000] {logging_mixin.py:188} INFO - [2025-11-14T02:13:45.315+0000] {dagbag.py:545} INFO - Filling up the DagBag from /opt/airflow/dags/sodai_pipeline.py
[2025-11-14T02:13:45.340+0000] {processor.py:840} INFO - DAG(s) 'sodai_pipeline_dag' retrieved from /opt/airflow/dags/sodai_pipeline.py
[2025-11-14T02:13:45.374+0000] {logging_mixin.py:188} INFO - [2025-11-14T02:13:45.374+0000] {dag.py:3096} INFO - Sync 1 DAGs
[2025-11-14T02:13:45.390+0000] {logging_mixin.py:188} INFO - [2025-11-14T02:13:45.390+0000] {dag.py:3954} INFO - Setting next_dagrun for sodai_pipeline_dag to 2025-11-09 00:00:00+00:00, run_after=2025-11-16 00:00:00+00:00
[2025-11-14T02:13:45.400+0000] {processor.py:183} INFO - Processing /opt/airflow/dags/sodai_pipeline.py took 0.117 seconds
[2025-11-14T02:14:15.652+0000] {processor.py:161} INFO - Started process (PID=1250) to work on /opt/airflow/dags/sodai_pipeline.py
[2025-11-14T02:14:15.653+0000] {processor.py:830} INFO - Processing file /opt/airflow/dags/sodai_pipeline.py for tasks to queue
[2025-11-14T02:14:15.656+0000] {logging_mixin.py:188} INFO - [2025-11-14T02:14:15.655+0000] {dagbag.py:545} INFO - Filling up the DagBag from /opt/airflow/dags/sodai_pipeline.py
[2025-11-14T02:14:15.678+0000] {processor.py:840} INFO - DAG(s) 'sodai_pipeline_dag' retrieved from /opt/airflow/dags/sodai_pipeline.py
[2025-11-14T02:14:15.720+0000] {logging_mixin.py:188} INFO - [2025-11-14T02:14:15.720+0000] {dag.py:3096} INFO - Sync 1 DAGs
[2025-11-14T02:14:15.738+0000] {logging_mixin.py:188} INFO - [2025-11-14T02:14:15.738+0000] {dag.py:3954} INFO - Setting next_dagrun for sodai_pipeline_dag to 2025-11-09 00:00:00+00:00, run_after=2025-11-16 00:00:00+00:00
[2025-11-14T02:14:15.750+0000] {processor.py:183} INFO - Processing /opt/airflow/dags/sodai_pipeline.py took 0.109 seconds
[2025-11-14T02:14:45.986+0000] {processor.py:161} INFO - Started process (PID=1255) to work on /opt/airflow/dags/sodai_pipeline.py
[2025-11-14T02:14:45.988+0000] {processor.py:830} INFO - Processing file /opt/airflow/dags/sodai_pipeline.py for tasks to queue
[2025-11-14T02:14:45.993+0000] {logging_mixin.py:188} INFO - [2025-11-14T02:14:45.993+0000] {dagbag.py:545} INFO - Filling up the DagBag from /opt/airflow/dags/sodai_pipeline.py
[2025-11-14T02:14:46.011+0000] {processor.py:840} INFO - DAG(s) 'sodai_pipeline_dag' retrieved from /opt/airflow/dags/sodai_pipeline.py
[2025-11-14T02:14:46.047+0000] {logging_mixin.py:188} INFO - [2025-11-14T02:14:46.047+0000] {dag.py:3096} INFO - Sync 1 DAGs
[2025-11-14T02:14:46.061+0000] {logging_mixin.py:188} INFO - [2025-11-14T02:14:46.061+0000] {dag.py:3954} INFO - Setting next_dagrun for sodai_pipeline_dag to 2025-11-09 00:00:00+00:00, run_after=2025-11-16 00:00:00+00:00
[2025-11-14T02:14:46.070+0000] {processor.py:183} INFO - Processing /opt/airflow/dags/sodai_pipeline.py took 0.093 seconds
[2025-11-14T02:15:16.333+0000] {processor.py:161} INFO - Started process (PID=1260) to work on /opt/airflow/dags/sodai_pipeline.py
[2025-11-14T02:15:16.334+0000] {processor.py:830} INFO - Processing file /opt/airflow/dags/sodai_pipeline.py for tasks to queue
[2025-11-14T02:15:16.337+0000] {logging_mixin.py:188} INFO - [2025-11-14T02:15:16.337+0000] {dagbag.py:545} INFO - Filling up the DagBag from /opt/airflow/dags/sodai_pipeline.py
[2025-11-14T02:15:16.352+0000] {processor.py:840} INFO - DAG(s) 'sodai_pipeline_dag' retrieved from /opt/airflow/dags/sodai_pipeline.py
[2025-11-14T02:15:16.385+0000] {logging_mixin.py:188} INFO - [2025-11-14T02:15:16.385+0000] {dag.py:3096} INFO - Sync 1 DAGs
[2025-11-14T02:15:16.404+0000] {logging_mixin.py:188} INFO - [2025-11-14T02:15:16.404+0000] {dag.py:3954} INFO - Setting next_dagrun for sodai_pipeline_dag to 2025-11-09 00:00:00+00:00, run_after=2025-11-16 00:00:00+00:00
[2025-11-14T02:15:16.412+0000] {processor.py:183} INFO - Processing /opt/airflow/dags/sodai_pipeline.py took 0.086 seconds
[2025-11-14T02:15:46.660+0000] {processor.py:161} INFO - Started process (PID=1265) to work on /opt/airflow/dags/sodai_pipeline.py
[2025-11-14T02:15:46.662+0000] {processor.py:830} INFO - Processing file /opt/airflow/dags/sodai_pipeline.py for tasks to queue
[2025-11-14T02:15:46.666+0000] {logging_mixin.py:188} INFO - [2025-11-14T02:15:46.665+0000] {dagbag.py:545} INFO - Filling up the DagBag from /opt/airflow/dags/sodai_pipeline.py
[2025-11-14T02:15:46.682+0000] {processor.py:840} INFO - DAG(s) 'sodai_pipeline_dag' retrieved from /opt/airflow/dags/sodai_pipeline.py
[2025-11-14T02:15:46.709+0000] {logging_mixin.py:188} INFO - [2025-11-14T02:15:46.709+0000] {dag.py:3096} INFO - Sync 1 DAGs
[2025-11-14T02:15:46.726+0000] {logging_mixin.py:188} INFO - [2025-11-14T02:15:46.726+0000] {dag.py:3954} INFO - Setting next_dagrun for sodai_pipeline_dag to 2025-11-09 00:00:00+00:00, run_after=2025-11-16 00:00:00+00:00
[2025-11-14T02:15:46.735+0000] {processor.py:183} INFO - Processing /opt/airflow/dags/sodai_pipeline.py took 0.100 seconds
[2025-11-14T02:16:17.070+0000] {processor.py:161} INFO - Started process (PID=1270) to work on /opt/airflow/dags/sodai_pipeline.py
[2025-11-14T02:16:17.072+0000] {processor.py:830} INFO - Processing file /opt/airflow/dags/sodai_pipeline.py for tasks to queue
[2025-11-14T02:16:17.075+0000] {logging_mixin.py:188} INFO - [2025-11-14T02:16:17.075+0000] {dagbag.py:545} INFO - Filling up the DagBag from /opt/airflow/dags/sodai_pipeline.py
[2025-11-14T02:16:17.093+0000] {processor.py:840} INFO - DAG(s) 'sodai_pipeline_dag' retrieved from /opt/airflow/dags/sodai_pipeline.py
[2025-11-14T02:16:17.117+0000] {logging_mixin.py:188} INFO - [2025-11-14T02:16:17.117+0000] {dag.py:3096} INFO - Sync 1 DAGs
[2025-11-14T02:16:17.133+0000] {logging_mixin.py:188} INFO - [2025-11-14T02:16:17.133+0000] {dag.py:3954} INFO - Setting next_dagrun for sodai_pipeline_dag to 2025-11-09 00:00:00+00:00, run_after=2025-11-16 00:00:00+00:00
[2025-11-14T02:16:17.145+0000] {processor.py:183} INFO - Processing /opt/airflow/dags/sodai_pipeline.py took 0.085 seconds
[2025-11-14T02:16:47.427+0000] {processor.py:161} INFO - Started process (PID=1275) to work on /opt/airflow/dags/sodai_pipeline.py
[2025-11-14T02:16:47.429+0000] {processor.py:830} INFO - Processing file /opt/airflow/dags/sodai_pipeline.py for tasks to queue
[2025-11-14T02:16:47.433+0000] {logging_mixin.py:188} INFO - [2025-11-14T02:16:47.432+0000] {dagbag.py:545} INFO - Filling up the DagBag from /opt/airflow/dags/sodai_pipeline.py
[2025-11-14T02:16:47.461+0000] {processor.py:840} INFO - DAG(s) 'sodai_pipeline_dag' retrieved from /opt/airflow/dags/sodai_pipeline.py
[2025-11-14T02:16:47.493+0000] {logging_mixin.py:188} INFO - [2025-11-14T02:16:47.493+0000] {dag.py:3096} INFO - Sync 1 DAGs
[2025-11-14T02:16:47.506+0000] {logging_mixin.py:188} INFO - [2025-11-14T02:16:47.506+0000] {dag.py:3954} INFO - Setting next_dagrun for sodai_pipeline_dag to 2025-11-09 00:00:00+00:00, run_after=2025-11-16 00:00:00+00:00
[2025-11-14T02:16:47.515+0000] {processor.py:183} INFO - Processing /opt/airflow/dags/sodai_pipeline.py took 0.100 seconds
[2025-11-14T02:17:17.814+0000] {processor.py:161} INFO - Started process (PID=1280) to work on /opt/airflow/dags/sodai_pipeline.py
[2025-11-14T02:17:17.815+0000] {processor.py:830} INFO - Processing file /opt/airflow/dags/sodai_pipeline.py for tasks to queue
[2025-11-14T02:17:17.819+0000] {logging_mixin.py:188} INFO - [2025-11-14T02:17:17.819+0000] {dagbag.py:545} INFO - Filling up the DagBag from /opt/airflow/dags/sodai_pipeline.py
[2025-11-14T02:17:17.835+0000] {processor.py:840} INFO - DAG(s) 'sodai_pipeline_dag' retrieved from /opt/airflow/dags/sodai_pipeline.py
[2025-11-14T02:17:17.860+0000] {logging_mixin.py:188} INFO - [2025-11-14T02:17:17.860+0000] {dag.py:3096} INFO - Sync 1 DAGs
[2025-11-14T02:17:17.878+0000] {logging_mixin.py:188} INFO - [2025-11-14T02:17:17.878+0000] {dag.py:3954} INFO - Setting next_dagrun for sodai_pipeline_dag to 2025-11-09 00:00:00+00:00, run_after=2025-11-16 00:00:00+00:00
[2025-11-14T02:17:17.886+0000] {processor.py:183} INFO - Processing /opt/airflow/dags/sodai_pipeline.py took 0.079 seconds
[2025-11-14T02:17:48.210+0000] {processor.py:161} INFO - Started process (PID=1285) to work on /opt/airflow/dags/sodai_pipeline.py
[2025-11-14T02:17:48.213+0000] {processor.py:830} INFO - Processing file /opt/airflow/dags/sodai_pipeline.py for tasks to queue
[2025-11-14T02:17:48.217+0000] {logging_mixin.py:188} INFO - [2025-11-14T02:17:48.217+0000] {dagbag.py:545} INFO - Filling up the DagBag from /opt/airflow/dags/sodai_pipeline.py
[2025-11-14T02:17:48.241+0000] {processor.py:840} INFO - DAG(s) 'sodai_pipeline_dag' retrieved from /opt/airflow/dags/sodai_pipeline.py
[2025-11-14T02:17:48.271+0000] {logging_mixin.py:188} INFO - [2025-11-14T02:17:48.271+0000] {dag.py:3096} INFO - Sync 1 DAGs
[2025-11-14T02:17:48.284+0000] {logging_mixin.py:188} INFO - [2025-11-14T02:17:48.284+0000] {dag.py:3954} INFO - Setting next_dagrun for sodai_pipeline_dag to 2025-11-09 00:00:00+00:00, run_after=2025-11-16 00:00:00+00:00
[2025-11-14T02:17:48.293+0000] {processor.py:183} INFO - Processing /opt/airflow/dags/sodai_pipeline.py took 0.095 seconds
[2025-11-14T02:18:18.577+0000] {processor.py:161} INFO - Started process (PID=1290) to work on /opt/airflow/dags/sodai_pipeline.py
[2025-11-14T02:18:18.580+0000] {processor.py:830} INFO - Processing file /opt/airflow/dags/sodai_pipeline.py for tasks to queue
[2025-11-14T02:18:18.585+0000] {logging_mixin.py:188} INFO - [2025-11-14T02:18:18.584+0000] {dagbag.py:545} INFO - Filling up the DagBag from /opt/airflow/dags/sodai_pipeline.py
[2025-11-14T02:18:18.602+0000] {processor.py:840} INFO - DAG(s) 'sodai_pipeline_dag' retrieved from /opt/airflow/dags/sodai_pipeline.py
[2025-11-14T02:18:18.625+0000] {logging_mixin.py:188} INFO - [2025-11-14T02:18:18.624+0000] {dag.py:3096} INFO - Sync 1 DAGs
[2025-11-14T02:18:18.641+0000] {logging_mixin.py:188} INFO - [2025-11-14T02:18:18.641+0000] {dag.py:3954} INFO - Setting next_dagrun for sodai_pipeline_dag to 2025-11-09 00:00:00+00:00, run_after=2025-11-16 00:00:00+00:00
[2025-11-14T02:18:18.649+0000] {processor.py:183} INFO - Processing /opt/airflow/dags/sodai_pipeline.py took 0.091 seconds
[2025-11-14T02:18:48.965+0000] {processor.py:161} INFO - Started process (PID=1295) to work on /opt/airflow/dags/sodai_pipeline.py
[2025-11-14T02:18:48.966+0000] {processor.py:830} INFO - Processing file /opt/airflow/dags/sodai_pipeline.py for tasks to queue
[2025-11-14T02:18:48.973+0000] {logging_mixin.py:188} INFO - [2025-11-14T02:18:48.971+0000] {dagbag.py:545} INFO - Filling up the DagBag from /opt/airflow/dags/sodai_pipeline.py
[2025-11-14T02:18:48.998+0000] {processor.py:840} INFO - DAG(s) 'sodai_pipeline_dag' retrieved from /opt/airflow/dags/sodai_pipeline.py
[2025-11-14T02:18:49.028+0000] {logging_mixin.py:188} INFO - [2025-11-14T02:18:49.027+0000] {dag.py:3096} INFO - Sync 1 DAGs
[2025-11-14T02:18:49.045+0000] {logging_mixin.py:188} INFO - [2025-11-14T02:18:49.045+0000] {dag.py:3954} INFO - Setting next_dagrun for sodai_pipeline_dag to 2025-11-09 00:00:00+00:00, run_after=2025-11-16 00:00:00+00:00
[2025-11-14T02:18:49.057+0000] {processor.py:183} INFO - Processing /opt/airflow/dags/sodai_pipeline.py took 0.103 seconds
[2025-11-14T02:19:19.375+0000] {processor.py:161} INFO - Started process (PID=1300) to work on /opt/airflow/dags/sodai_pipeline.py
[2025-11-14T02:19:19.376+0000] {processor.py:830} INFO - Processing file /opt/airflow/dags/sodai_pipeline.py for tasks to queue
[2025-11-14T02:19:19.381+0000] {logging_mixin.py:188} INFO - [2025-11-14T02:19:19.380+0000] {dagbag.py:545} INFO - Filling up the DagBag from /opt/airflow/dags/sodai_pipeline.py
[2025-11-14T02:19:19.408+0000] {processor.py:840} INFO - DAG(s) 'sodai_pipeline_dag' retrieved from /opt/airflow/dags/sodai_pipeline.py
[2025-11-14T02:19:19.440+0000] {logging_mixin.py:188} INFO - [2025-11-14T02:19:19.440+0000] {dag.py:3096} INFO - Sync 1 DAGs
[2025-11-14T02:19:19.460+0000] {logging_mixin.py:188} INFO - [2025-11-14T02:19:19.459+0000] {dag.py:3954} INFO - Setting next_dagrun for sodai_pipeline_dag to 2025-11-09 00:00:00+00:00, run_after=2025-11-16 00:00:00+00:00
[2025-11-14T02:19:19.472+0000] {processor.py:183} INFO - Processing /opt/airflow/dags/sodai_pipeline.py took 0.108 seconds
[2025-11-14T02:19:49.730+0000] {processor.py:161} INFO - Started process (PID=1305) to work on /opt/airflow/dags/sodai_pipeline.py
[2025-11-14T02:19:49.732+0000] {processor.py:830} INFO - Processing file /opt/airflow/dags/sodai_pipeline.py for tasks to queue
[2025-11-14T02:19:49.735+0000] {logging_mixin.py:188} INFO - [2025-11-14T02:19:49.735+0000] {dagbag.py:545} INFO - Filling up the DagBag from /opt/airflow/dags/sodai_pipeline.py
[2025-11-14T02:19:49.756+0000] {processor.py:840} INFO - DAG(s) 'sodai_pipeline_dag' retrieved from /opt/airflow/dags/sodai_pipeline.py
[2025-11-14T02:19:49.793+0000] {logging_mixin.py:188} INFO - [2025-11-14T02:19:49.793+0000] {dag.py:3096} INFO - Sync 1 DAGs
[2025-11-14T02:19:49.812+0000] {logging_mixin.py:188} INFO - [2025-11-14T02:19:49.812+0000] {dag.py:3954} INFO - Setting next_dagrun for sodai_pipeline_dag to 2025-11-09 00:00:00+00:00, run_after=2025-11-16 00:00:00+00:00
[2025-11-14T02:19:49.822+0000] {processor.py:183} INFO - Processing /opt/airflow/dags/sodai_pipeline.py took 0.106 seconds
[2025-11-14T02:20:20.102+0000] {processor.py:161} INFO - Started process (PID=1310) to work on /opt/airflow/dags/sodai_pipeline.py
[2025-11-14T02:20:20.104+0000] {processor.py:830} INFO - Processing file /opt/airflow/dags/sodai_pipeline.py for tasks to queue
[2025-11-14T02:20:20.109+0000] {logging_mixin.py:188} INFO - [2025-11-14T02:20:20.109+0000] {dagbag.py:545} INFO - Filling up the DagBag from /opt/airflow/dags/sodai_pipeline.py
[2025-11-14T02:20:20.142+0000] {processor.py:840} INFO - DAG(s) 'sodai_pipeline_dag' retrieved from /opt/airflow/dags/sodai_pipeline.py
[2025-11-14T02:20:20.191+0000] {logging_mixin.py:188} INFO - [2025-11-14T02:20:20.191+0000] {dag.py:3096} INFO - Sync 1 DAGs
[2025-11-14T02:20:20.214+0000] {logging_mixin.py:188} INFO - [2025-11-14T02:20:20.214+0000] {dag.py:3954} INFO - Setting next_dagrun for sodai_pipeline_dag to 2025-11-09 00:00:00+00:00, run_after=2025-11-16 00:00:00+00:00
[2025-11-14T02:20:20.227+0000] {processor.py:183} INFO - Processing /opt/airflow/dags/sodai_pipeline.py took 0.137 seconds
[2025-11-14T02:20:50.427+0000] {processor.py:161} INFO - Started process (PID=1315) to work on /opt/airflow/dags/sodai_pipeline.py
[2025-11-14T02:20:50.434+0000] {processor.py:830} INFO - Processing file /opt/airflow/dags/sodai_pipeline.py for tasks to queue
[2025-11-14T02:20:50.438+0000] {logging_mixin.py:188} INFO - [2025-11-14T02:20:50.438+0000] {dagbag.py:545} INFO - Filling up the DagBag from /opt/airflow/dags/sodai_pipeline.py
[2025-11-14T02:20:50.463+0000] {processor.py:840} INFO - DAG(s) 'sodai_pipeline_dag' retrieved from /opt/airflow/dags/sodai_pipeline.py
[2025-11-14T02:20:50.506+0000] {logging_mixin.py:188} INFO - [2025-11-14T02:20:50.506+0000] {dag.py:3096} INFO - Sync 1 DAGs
[2025-11-14T02:20:50.524+0000] {logging_mixin.py:188} INFO - [2025-11-14T02:20:50.524+0000] {dag.py:3954} INFO - Setting next_dagrun for sodai_pipeline_dag to 2025-11-09 00:00:00+00:00, run_after=2025-11-16 00:00:00+00:00
[2025-11-14T02:20:50.534+0000] {processor.py:183} INFO - Processing /opt/airflow/dags/sodai_pipeline.py took 0.116 seconds
[2025-11-14T02:21:20.883+0000] {processor.py:161} INFO - Started process (PID=1320) to work on /opt/airflow/dags/sodai_pipeline.py
[2025-11-14T02:21:20.885+0000] {processor.py:830} INFO - Processing file /opt/airflow/dags/sodai_pipeline.py for tasks to queue
[2025-11-14T02:21:20.894+0000] {logging_mixin.py:188} INFO - [2025-11-14T02:21:20.894+0000] {dagbag.py:545} INFO - Filling up the DagBag from /opt/airflow/dags/sodai_pipeline.py
[2025-11-14T02:21:20.912+0000] {processor.py:840} INFO - DAG(s) 'sodai_pipeline_dag' retrieved from /opt/airflow/dags/sodai_pipeline.py
[2025-11-14T02:21:20.943+0000] {logging_mixin.py:188} INFO - [2025-11-14T02:21:20.943+0000] {dag.py:3096} INFO - Sync 1 DAGs
[2025-11-14T02:21:20.960+0000] {logging_mixin.py:188} INFO - [2025-11-14T02:21:20.960+0000] {dag.py:3954} INFO - Setting next_dagrun for sodai_pipeline_dag to 2025-11-09 00:00:00+00:00, run_after=2025-11-16 00:00:00+00:00
[2025-11-14T02:21:20.972+0000] {processor.py:183} INFO - Processing /opt/airflow/dags/sodai_pipeline.py took 0.100 seconds
[2025-11-14T02:21:51.342+0000] {processor.py:161} INFO - Started process (PID=1325) to work on /opt/airflow/dags/sodai_pipeline.py
[2025-11-14T02:21:51.344+0000] {processor.py:830} INFO - Processing file /opt/airflow/dags/sodai_pipeline.py for tasks to queue
[2025-11-14T02:21:51.347+0000] {logging_mixin.py:188} INFO - [2025-11-14T02:21:51.347+0000] {dagbag.py:545} INFO - Filling up the DagBag from /opt/airflow/dags/sodai_pipeline.py
[2025-11-14T02:21:51.371+0000] {processor.py:840} INFO - DAG(s) 'sodai_pipeline_dag' retrieved from /opt/airflow/dags/sodai_pipeline.py
[2025-11-14T02:21:51.410+0000] {logging_mixin.py:188} INFO - [2025-11-14T02:21:51.410+0000] {dag.py:3096} INFO - Sync 1 DAGs
[2025-11-14T02:21:51.428+0000] {logging_mixin.py:188} INFO - [2025-11-14T02:21:51.428+0000] {dag.py:3954} INFO - Setting next_dagrun for sodai_pipeline_dag to 2025-11-09 00:00:00+00:00, run_after=2025-11-16 00:00:00+00:00
[2025-11-14T02:21:51.442+0000] {processor.py:183} INFO - Processing /opt/airflow/dags/sodai_pipeline.py took 0.114 seconds
[2025-11-14T02:22:21.784+0000] {processor.py:161} INFO - Started process (PID=1330) to work on /opt/airflow/dags/sodai_pipeline.py
[2025-11-14T02:22:21.785+0000] {processor.py:830} INFO - Processing file /opt/airflow/dags/sodai_pipeline.py for tasks to queue
[2025-11-14T02:22:21.789+0000] {logging_mixin.py:188} INFO - [2025-11-14T02:22:21.789+0000] {dagbag.py:545} INFO - Filling up the DagBag from /opt/airflow/dags/sodai_pipeline.py
[2025-11-14T02:22:21.816+0000] {processor.py:840} INFO - DAG(s) 'sodai_pipeline_dag' retrieved from /opt/airflow/dags/sodai_pipeline.py
[2025-11-14T02:22:21.851+0000] {logging_mixin.py:188} INFO - [2025-11-14T02:22:21.851+0000] {dag.py:3096} INFO - Sync 1 DAGs
[2025-11-14T02:22:21.872+0000] {logging_mixin.py:188} INFO - [2025-11-14T02:22:21.872+0000] {dag.py:3954} INFO - Setting next_dagrun for sodai_pipeline_dag to 2025-11-09 00:00:00+00:00, run_after=2025-11-16 00:00:00+00:00
[2025-11-14T02:22:21.887+0000] {processor.py:183} INFO - Processing /opt/airflow/dags/sodai_pipeline.py took 0.122 seconds
[2025-11-14T02:22:52.170+0000] {processor.py:161} INFO - Started process (PID=1335) to work on /opt/airflow/dags/sodai_pipeline.py
[2025-11-14T02:22:52.171+0000] {processor.py:830} INFO - Processing file /opt/airflow/dags/sodai_pipeline.py for tasks to queue
[2025-11-14T02:22:52.175+0000] {logging_mixin.py:188} INFO - [2025-11-14T02:22:52.175+0000] {dagbag.py:545} INFO - Filling up the DagBag from /opt/airflow/dags/sodai_pipeline.py
[2025-11-14T02:22:52.201+0000] {processor.py:840} INFO - DAG(s) 'sodai_pipeline_dag' retrieved from /opt/airflow/dags/sodai_pipeline.py
[2025-11-14T02:22:52.228+0000] {logging_mixin.py:188} INFO - [2025-11-14T02:22:52.227+0000] {dag.py:3096} INFO - Sync 1 DAGs
[2025-11-14T02:22:52.244+0000] {logging_mixin.py:188} INFO - [2025-11-14T02:22:52.243+0000] {dag.py:3954} INFO - Setting next_dagrun for sodai_pipeline_dag to 2025-11-09 00:00:00+00:00, run_after=2025-11-16 00:00:00+00:00
[2025-11-14T02:22:52.252+0000] {processor.py:183} INFO - Processing /opt/airflow/dags/sodai_pipeline.py took 0.092 seconds
[2025-11-14T02:23:22.506+0000] {processor.py:161} INFO - Started process (PID=1340) to work on /opt/airflow/dags/sodai_pipeline.py
[2025-11-14T02:23:22.507+0000] {processor.py:830} INFO - Processing file /opt/airflow/dags/sodai_pipeline.py for tasks to queue
[2025-11-14T02:23:22.513+0000] {logging_mixin.py:188} INFO - [2025-11-14T02:23:22.511+0000] {dagbag.py:545} INFO - Filling up the DagBag from /opt/airflow/dags/sodai_pipeline.py
[2025-11-14T02:23:22.531+0000] {processor.py:840} INFO - DAG(s) 'sodai_pipeline_dag' retrieved from /opt/airflow/dags/sodai_pipeline.py
[2025-11-14T02:23:22.563+0000] {logging_mixin.py:188} INFO - [2025-11-14T02:23:22.563+0000] {dag.py:3096} INFO - Sync 1 DAGs
[2025-11-14T02:23:22.581+0000] {logging_mixin.py:188} INFO - [2025-11-14T02:23:22.581+0000] {dag.py:3954} INFO - Setting next_dagrun for sodai_pipeline_dag to 2025-11-09 00:00:00+00:00, run_after=2025-11-16 00:00:00+00:00
[2025-11-14T02:23:22.593+0000] {processor.py:183} INFO - Processing /opt/airflow/dags/sodai_pipeline.py took 0.094 seconds
[2025-11-14T02:23:52.951+0000] {processor.py:161} INFO - Started process (PID=1345) to work on /opt/airflow/dags/sodai_pipeline.py
[2025-11-14T02:23:52.953+0000] {processor.py:830} INFO - Processing file /opt/airflow/dags/sodai_pipeline.py for tasks to queue
[2025-11-14T02:23:52.956+0000] {logging_mixin.py:188} INFO - [2025-11-14T02:23:52.955+0000] {dagbag.py:545} INFO - Filling up the DagBag from /opt/airflow/dags/sodai_pipeline.py
[2025-11-14T02:23:52.975+0000] {processor.py:840} INFO - DAG(s) 'sodai_pipeline_dag' retrieved from /opt/airflow/dags/sodai_pipeline.py
[2025-11-14T02:23:53.004+0000] {logging_mixin.py:188} INFO - [2025-11-14T02:23:53.004+0000] {dag.py:3096} INFO - Sync 1 DAGs
[2025-11-14T02:23:53.018+0000] {logging_mixin.py:188} INFO - [2025-11-14T02:23:53.017+0000] {dag.py:3954} INFO - Setting next_dagrun for sodai_pipeline_dag to 2025-11-09 00:00:00+00:00, run_after=2025-11-16 00:00:00+00:00
[2025-11-14T02:23:53.031+0000] {processor.py:183} INFO - Processing /opt/airflow/dags/sodai_pipeline.py took 0.103 seconds
[2025-11-14T02:24:23.286+0000] {processor.py:161} INFO - Started process (PID=1350) to work on /opt/airflow/dags/sodai_pipeline.py
[2025-11-14T02:24:23.289+0000] {processor.py:830} INFO - Processing file /opt/airflow/dags/sodai_pipeline.py for tasks to queue
[2025-11-14T02:24:23.292+0000] {logging_mixin.py:188} INFO - [2025-11-14T02:24:23.292+0000] {dagbag.py:545} INFO - Filling up the DagBag from /opt/airflow/dags/sodai_pipeline.py
[2025-11-14T02:24:23.309+0000] {processor.py:840} INFO - DAG(s) 'sodai_pipeline_dag' retrieved from /opt/airflow/dags/sodai_pipeline.py
[2025-11-14T02:24:23.330+0000] {logging_mixin.py:188} INFO - [2025-11-14T02:24:23.329+0000] {dag.py:3096} INFO - Sync 1 DAGs
[2025-11-14T02:24:23.344+0000] {logging_mixin.py:188} INFO - [2025-11-14T02:24:23.344+0000] {dag.py:3954} INFO - Setting next_dagrun for sodai_pipeline_dag to 2025-11-09 00:00:00+00:00, run_after=2025-11-16 00:00:00+00:00
[2025-11-14T02:24:23.352+0000] {processor.py:183} INFO - Processing /opt/airflow/dags/sodai_pipeline.py took 0.079 seconds
[2025-11-14T02:24:53.564+0000] {processor.py:161} INFO - Started process (PID=1355) to work on /opt/airflow/dags/sodai_pipeline.py
[2025-11-14T02:24:53.566+0000] {processor.py:830} INFO - Processing file /opt/airflow/dags/sodai_pipeline.py for tasks to queue
[2025-11-14T02:24:53.569+0000] {logging_mixin.py:188} INFO - [2025-11-14T02:24:53.569+0000] {dagbag.py:545} INFO - Filling up the DagBag from /opt/airflow/dags/sodai_pipeline.py
[2025-11-14T02:24:53.586+0000] {processor.py:840} INFO - DAG(s) 'sodai_pipeline_dag' retrieved from /opt/airflow/dags/sodai_pipeline.py
[2025-11-14T02:24:53.610+0000] {logging_mixin.py:188} INFO - [2025-11-14T02:24:53.609+0000] {dag.py:3096} INFO - Sync 1 DAGs
[2025-11-14T02:24:53.623+0000] {logging_mixin.py:188} INFO - [2025-11-14T02:24:53.623+0000] {dag.py:3954} INFO - Setting next_dagrun for sodai_pipeline_dag to 2025-11-09 00:00:00+00:00, run_after=2025-11-16 00:00:00+00:00
[2025-11-14T02:24:53.631+0000] {processor.py:183} INFO - Processing /opt/airflow/dags/sodai_pipeline.py took 0.077 seconds
[2025-11-14T02:25:23.911+0000] {processor.py:161} INFO - Started process (PID=1360) to work on /opt/airflow/dags/sodai_pipeline.py
[2025-11-14T02:25:23.913+0000] {processor.py:830} INFO - Processing file /opt/airflow/dags/sodai_pipeline.py for tasks to queue
[2025-11-14T02:25:23.916+0000] {logging_mixin.py:188} INFO - [2025-11-14T02:25:23.915+0000] {dagbag.py:545} INFO - Filling up the DagBag from /opt/airflow/dags/sodai_pipeline.py
[2025-11-14T02:25:23.933+0000] {processor.py:840} INFO - DAG(s) 'sodai_pipeline_dag' retrieved from /opt/airflow/dags/sodai_pipeline.py
[2025-11-14T02:25:23.959+0000] {logging_mixin.py:188} INFO - [2025-11-14T02:25:23.959+0000] {dag.py:3096} INFO - Sync 1 DAGs
[2025-11-14T02:25:23.972+0000] {logging_mixin.py:188} INFO - [2025-11-14T02:25:23.972+0000] {dag.py:3954} INFO - Setting next_dagrun for sodai_pipeline_dag to 2025-11-09 00:00:00+00:00, run_after=2025-11-16 00:00:00+00:00
[2025-11-14T02:25:23.989+0000] {processor.py:183} INFO - Processing /opt/airflow/dags/sodai_pipeline.py took 0.088 seconds
[2025-11-14T02:25:54.226+0000] {processor.py:161} INFO - Started process (PID=1365) to work on /opt/airflow/dags/sodai_pipeline.py
[2025-11-14T02:25:54.228+0000] {processor.py:830} INFO - Processing file /opt/airflow/dags/sodai_pipeline.py for tasks to queue
[2025-11-14T02:25:54.233+0000] {logging_mixin.py:188} INFO - [2025-11-14T02:25:54.231+0000] {dagbag.py:545} INFO - Filling up the DagBag from /opt/airflow/dags/sodai_pipeline.py
[2025-11-14T02:25:54.256+0000] {processor.py:840} INFO - DAG(s) 'sodai_pipeline_dag' retrieved from /opt/airflow/dags/sodai_pipeline.py
[2025-11-14T02:25:54.290+0000] {logging_mixin.py:188} INFO - [2025-11-14T02:25:54.290+0000] {dag.py:3096} INFO - Sync 1 DAGs
[2025-11-14T02:25:54.307+0000] {logging_mixin.py:188} INFO - [2025-11-14T02:25:54.307+0000] {dag.py:3954} INFO - Setting next_dagrun for sodai_pipeline_dag to 2025-11-09 00:00:00+00:00, run_after=2025-11-16 00:00:00+00:00
[2025-11-14T02:25:54.315+0000] {processor.py:183} INFO - Processing /opt/airflow/dags/sodai_pipeline.py took 0.108 seconds
[2025-11-14T02:26:24.603+0000] {processor.py:161} INFO - Started process (PID=1370) to work on /opt/airflow/dags/sodai_pipeline.py
[2025-11-14T02:26:24.604+0000] {processor.py:830} INFO - Processing file /opt/airflow/dags/sodai_pipeline.py for tasks to queue
[2025-11-14T02:26:24.609+0000] {logging_mixin.py:188} INFO - [2025-11-14T02:26:24.609+0000] {dagbag.py:545} INFO - Filling up the DagBag from /opt/airflow/dags/sodai_pipeline.py
[2025-11-14T02:26:24.627+0000] {processor.py:840} INFO - DAG(s) 'sodai_pipeline_dag' retrieved from /opt/airflow/dags/sodai_pipeline.py
[2025-11-14T02:26:24.648+0000] {logging_mixin.py:188} INFO - [2025-11-14T02:26:24.647+0000] {dag.py:3096} INFO - Sync 1 DAGs
[2025-11-14T02:26:24.660+0000] {logging_mixin.py:188} INFO - [2025-11-14T02:26:24.660+0000] {dag.py:3954} INFO - Setting next_dagrun for sodai_pipeline_dag to 2025-11-09 00:00:00+00:00, run_after=2025-11-16 00:00:00+00:00
[2025-11-14T02:26:24.671+0000] {processor.py:183} INFO - Processing /opt/airflow/dags/sodai_pipeline.py took 0.080 seconds
[2025-11-14T02:26:54.908+0000] {processor.py:161} INFO - Started process (PID=1375) to work on /opt/airflow/dags/sodai_pipeline.py
[2025-11-14T02:26:54.910+0000] {processor.py:830} INFO - Processing file /opt/airflow/dags/sodai_pipeline.py for tasks to queue
[2025-11-14T02:26:54.912+0000] {logging_mixin.py:188} INFO - [2025-11-14T02:26:54.911+0000] {dagbag.py:545} INFO - Filling up the DagBag from /opt/airflow/dags/sodai_pipeline.py
[2025-11-14T02:26:54.923+0000] {processor.py:840} INFO - DAG(s) 'sodai_pipeline_dag' retrieved from /opt/airflow/dags/sodai_pipeline.py
[2025-11-14T02:26:54.940+0000] {logging_mixin.py:188} INFO - [2025-11-14T02:26:54.940+0000] {dag.py:3096} INFO - Sync 1 DAGs
[2025-11-14T02:26:54.951+0000] {logging_mixin.py:188} INFO - [2025-11-14T02:26:54.951+0000] {dag.py:3954} INFO - Setting next_dagrun for sodai_pipeline_dag to 2025-11-09 00:00:00+00:00, run_after=2025-11-16 00:00:00+00:00
[2025-11-14T02:26:54.959+0000] {processor.py:183} INFO - Processing /opt/airflow/dags/sodai_pipeline.py took 0.059 seconds
[2025-11-14T02:27:25.221+0000] {processor.py:161} INFO - Started process (PID=1380) to work on /opt/airflow/dags/sodai_pipeline.py
[2025-11-14T02:27:25.224+0000] {processor.py:830} INFO - Processing file /opt/airflow/dags/sodai_pipeline.py for tasks to queue
[2025-11-14T02:27:25.226+0000] {logging_mixin.py:188} INFO - [2025-11-14T02:27:25.226+0000] {dagbag.py:545} INFO - Filling up the DagBag from /opt/airflow/dags/sodai_pipeline.py
[2025-11-14T02:27:25.238+0000] {processor.py:840} INFO - DAG(s) 'sodai_pipeline_dag' retrieved from /opt/airflow/dags/sodai_pipeline.py
[2025-11-14T02:27:25.255+0000] {logging_mixin.py:188} INFO - [2025-11-14T02:27:25.255+0000] {dag.py:3096} INFO - Sync 1 DAGs
[2025-11-14T02:27:25.265+0000] {logging_mixin.py:188} INFO - [2025-11-14T02:27:25.265+0000] {dag.py:3954} INFO - Setting next_dagrun for sodai_pipeline_dag to 2025-11-09 00:00:00+00:00, run_after=2025-11-16 00:00:00+00:00
[2025-11-14T02:27:25.272+0000] {processor.py:183} INFO - Processing /opt/airflow/dags/sodai_pipeline.py took 0.056 seconds
[2025-11-14T02:27:55.605+0000] {processor.py:161} INFO - Started process (PID=1385) to work on /opt/airflow/dags/sodai_pipeline.py
[2025-11-14T02:27:55.606+0000] {processor.py:830} INFO - Processing file /opt/airflow/dags/sodai_pipeline.py for tasks to queue
[2025-11-14T02:27:55.608+0000] {logging_mixin.py:188} INFO - [2025-11-14T02:27:55.607+0000] {dagbag.py:545} INFO - Filling up the DagBag from /opt/airflow/dags/sodai_pipeline.py
[2025-11-14T02:27:55.619+0000] {processor.py:840} INFO - DAG(s) 'sodai_pipeline_dag' retrieved from /opt/airflow/dags/sodai_pipeline.py
[2025-11-14T02:27:55.639+0000] {logging_mixin.py:188} INFO - [2025-11-14T02:27:55.639+0000] {dag.py:3096} INFO - Sync 1 DAGs
[2025-11-14T02:27:55.666+0000] {logging_mixin.py:188} INFO - [2025-11-14T02:27:55.666+0000] {dag.py:3954} INFO - Setting next_dagrun for sodai_pipeline_dag to 2025-11-09 00:00:00+00:00, run_after=2025-11-16 00:00:00+00:00
[2025-11-14T02:27:55.690+0000] {processor.py:183} INFO - Processing /opt/airflow/dags/sodai_pipeline.py took 0.092 seconds
[2025-11-14T02:28:25.913+0000] {processor.py:161} INFO - Started process (PID=1390) to work on /opt/airflow/dags/sodai_pipeline.py
[2025-11-14T02:28:25.915+0000] {processor.py:830} INFO - Processing file /opt/airflow/dags/sodai_pipeline.py for tasks to queue
[2025-11-14T02:28:25.917+0000] {logging_mixin.py:188} INFO - [2025-11-14T02:28:25.917+0000] {dagbag.py:545} INFO - Filling up the DagBag from /opt/airflow/dags/sodai_pipeline.py
[2025-11-14T02:28:25.937+0000] {processor.py:840} INFO - DAG(s) 'sodai_pipeline_dag' retrieved from /opt/airflow/dags/sodai_pipeline.py
[2025-11-14T02:28:25.956+0000] {logging_mixin.py:188} INFO - [2025-11-14T02:28:25.956+0000] {dag.py:3096} INFO - Sync 1 DAGs
[2025-11-14T02:28:25.968+0000] {logging_mixin.py:188} INFO - [2025-11-14T02:28:25.968+0000] {dag.py:3954} INFO - Setting next_dagrun for sodai_pipeline_dag to 2025-11-09 00:00:00+00:00, run_after=2025-11-16 00:00:00+00:00
[2025-11-14T02:28:25.975+0000] {processor.py:183} INFO - Processing /opt/airflow/dags/sodai_pipeline.py took 0.070 seconds
[2025-11-14T02:28:56.336+0000] {processor.py:161} INFO - Started process (PID=1395) to work on /opt/airflow/dags/sodai_pipeline.py
[2025-11-14T02:28:56.338+0000] {processor.py:830} INFO - Processing file /opt/airflow/dags/sodai_pipeline.py for tasks to queue
[2025-11-14T02:28:56.342+0000] {logging_mixin.py:188} INFO - [2025-11-14T02:28:56.342+0000] {dagbag.py:545} INFO - Filling up the DagBag from /opt/airflow/dags/sodai_pipeline.py
[2025-11-14T02:28:56.364+0000] {processor.py:840} INFO - DAG(s) 'sodai_pipeline_dag' retrieved from /opt/airflow/dags/sodai_pipeline.py
[2025-11-14T02:28:56.386+0000] {logging_mixin.py:188} INFO - [2025-11-14T02:28:56.386+0000] {dag.py:3096} INFO - Sync 1 DAGs
[2025-11-14T02:28:56.399+0000] {logging_mixin.py:188} INFO - [2025-11-14T02:28:56.399+0000] {dag.py:3954} INFO - Setting next_dagrun for sodai_pipeline_dag to 2025-11-09 00:00:00+00:00, run_after=2025-11-16 00:00:00+00:00
[2025-11-14T02:28:56.409+0000] {processor.py:183} INFO - Processing /opt/airflow/dags/sodai_pipeline.py took 0.084 seconds
[2025-11-14T02:29:26.665+0000] {processor.py:161} INFO - Started process (PID=1400) to work on /opt/airflow/dags/sodai_pipeline.py
[2025-11-14T02:29:26.666+0000] {processor.py:830} INFO - Processing file /opt/airflow/dags/sodai_pipeline.py for tasks to queue
[2025-11-14T02:29:26.668+0000] {logging_mixin.py:188} INFO - [2025-11-14T02:29:26.668+0000] {dagbag.py:545} INFO - Filling up the DagBag from /opt/airflow/dags/sodai_pipeline.py
[2025-11-14T02:29:26.680+0000] {processor.py:840} INFO - DAG(s) 'sodai_pipeline_dag' retrieved from /opt/airflow/dags/sodai_pipeline.py
[2025-11-14T02:29:26.699+0000] {logging_mixin.py:188} INFO - [2025-11-14T02:29:26.699+0000] {dag.py:3096} INFO - Sync 1 DAGs
[2025-11-14T02:29:26.710+0000] {logging_mixin.py:188} INFO - [2025-11-14T02:29:26.709+0000] {dag.py:3954} INFO - Setting next_dagrun for sodai_pipeline_dag to 2025-11-09 00:00:00+00:00, run_after=2025-11-16 00:00:00+00:00
[2025-11-14T02:29:26.716+0000] {processor.py:183} INFO - Processing /opt/airflow/dags/sodai_pipeline.py took 0.057 seconds
[2025-11-14T02:29:57.119+0000] {processor.py:161} INFO - Started process (PID=1405) to work on /opt/airflow/dags/sodai_pipeline.py
[2025-11-14T02:29:57.123+0000] {processor.py:830} INFO - Processing file /opt/airflow/dags/sodai_pipeline.py for tasks to queue
[2025-11-14T02:29:57.128+0000] {logging_mixin.py:188} INFO - [2025-11-14T02:29:57.127+0000] {dagbag.py:545} INFO - Filling up the DagBag from /opt/airflow/dags/sodai_pipeline.py
[2025-11-14T02:29:57.156+0000] {processor.py:840} INFO - DAG(s) 'sodai_pipeline_dag' retrieved from /opt/airflow/dags/sodai_pipeline.py
[2025-11-14T02:29:57.184+0000] {logging_mixin.py:188} INFO - [2025-11-14T02:29:57.184+0000] {dag.py:3096} INFO - Sync 1 DAGs
[2025-11-14T02:29:57.202+0000] {logging_mixin.py:188} INFO - [2025-11-14T02:29:57.201+0000] {dag.py:3954} INFO - Setting next_dagrun for sodai_pipeline_dag to 2025-11-09 00:00:00+00:00, run_after=2025-11-16 00:00:00+00:00
[2025-11-14T02:29:57.211+0000] {processor.py:183} INFO - Processing /opt/airflow/dags/sodai_pipeline.py took 0.108 seconds
[2025-11-14T02:30:27.483+0000] {processor.py:161} INFO - Started process (PID=1410) to work on /opt/airflow/dags/sodai_pipeline.py
[2025-11-14T02:30:27.485+0000] {processor.py:830} INFO - Processing file /opt/airflow/dags/sodai_pipeline.py for tasks to queue
[2025-11-14T02:30:27.487+0000] {logging_mixin.py:188} INFO - [2025-11-14T02:30:27.487+0000] {dagbag.py:545} INFO - Filling up the DagBag from /opt/airflow/dags/sodai_pipeline.py
[2025-11-14T02:30:27.503+0000] {processor.py:840} INFO - DAG(s) 'sodai_pipeline_dag' retrieved from /opt/airflow/dags/sodai_pipeline.py
[2025-11-14T02:30:27.526+0000] {logging_mixin.py:188} INFO - [2025-11-14T02:30:27.526+0000] {dag.py:3096} INFO - Sync 1 DAGs
[2025-11-14T02:30:27.540+0000] {logging_mixin.py:188} INFO - [2025-11-14T02:30:27.540+0000] {dag.py:3954} INFO - Setting next_dagrun for sodai_pipeline_dag to 2025-11-09 00:00:00+00:00, run_after=2025-11-16 00:00:00+00:00
[2025-11-14T02:30:27.551+0000] {processor.py:183} INFO - Processing /opt/airflow/dags/sodai_pipeline.py took 0.076 seconds
[2025-11-14T02:30:57.815+0000] {processor.py:161} INFO - Started process (PID=1415) to work on /opt/airflow/dags/sodai_pipeline.py
[2025-11-14T02:30:57.817+0000] {processor.py:830} INFO - Processing file /opt/airflow/dags/sodai_pipeline.py for tasks to queue
[2025-11-14T02:30:57.821+0000] {logging_mixin.py:188} INFO - [2025-11-14T02:30:57.820+0000] {dagbag.py:545} INFO - Filling up the DagBag from /opt/airflow/dags/sodai_pipeline.py
[2025-11-14T02:30:57.849+0000] {processor.py:840} INFO - DAG(s) 'sodai_pipeline_dag' retrieved from /opt/airflow/dags/sodai_pipeline.py
[2025-11-14T02:30:57.877+0000] {logging_mixin.py:188} INFO - [2025-11-14T02:30:57.877+0000] {dag.py:3096} INFO - Sync 1 DAGs
[2025-11-14T02:30:57.894+0000] {logging_mixin.py:188} INFO - [2025-11-14T02:30:57.894+0000] {dag.py:3954} INFO - Setting next_dagrun for sodai_pipeline_dag to 2025-11-09 00:00:00+00:00, run_after=2025-11-16 00:00:00+00:00
[2025-11-14T02:30:57.902+0000] {processor.py:183} INFO - Processing /opt/airflow/dags/sodai_pipeline.py took 0.100 seconds
[2025-11-14T02:31:28.192+0000] {processor.py:161} INFO - Started process (PID=1420) to work on /opt/airflow/dags/sodai_pipeline.py
[2025-11-14T02:31:28.193+0000] {processor.py:830} INFO - Processing file /opt/airflow/dags/sodai_pipeline.py for tasks to queue
[2025-11-14T02:31:28.196+0000] {logging_mixin.py:188} INFO - [2025-11-14T02:31:28.195+0000] {dagbag.py:545} INFO - Filling up the DagBag from /opt/airflow/dags/sodai_pipeline.py
[2025-11-14T02:31:28.211+0000] {processor.py:840} INFO - DAG(s) 'sodai_pipeline_dag' retrieved from /opt/airflow/dags/sodai_pipeline.py
[2025-11-14T02:31:28.233+0000] {logging_mixin.py:188} INFO - [2025-11-14T02:31:28.233+0000] {dag.py:3096} INFO - Sync 1 DAGs
[2025-11-14T02:31:28.253+0000] {logging_mixin.py:188} INFO - [2025-11-14T02:31:28.253+0000] {dag.py:3954} INFO - Setting next_dagrun for sodai_pipeline_dag to 2025-11-09 00:00:00+00:00, run_after=2025-11-16 00:00:00+00:00
[2025-11-14T02:31:28.261+0000] {processor.py:183} INFO - Processing /opt/airflow/dags/sodai_pipeline.py took 0.076 seconds
[2025-11-14T02:31:58.537+0000] {processor.py:161} INFO - Started process (PID=1425) to work on /opt/airflow/dags/sodai_pipeline.py
[2025-11-14T02:31:58.539+0000] {processor.py:830} INFO - Processing file /opt/airflow/dags/sodai_pipeline.py for tasks to queue
[2025-11-14T02:31:58.543+0000] {logging_mixin.py:188} INFO - [2025-11-14T02:31:58.543+0000] {dagbag.py:545} INFO - Filling up the DagBag from /opt/airflow/dags/sodai_pipeline.py
[2025-11-14T02:31:58.560+0000] {processor.py:840} INFO - DAG(s) 'sodai_pipeline_dag' retrieved from /opt/airflow/dags/sodai_pipeline.py
[2025-11-14T02:31:58.589+0000] {logging_mixin.py:188} INFO - [2025-11-14T02:31:58.589+0000] {dag.py:3096} INFO - Sync 1 DAGs
[2025-11-14T02:31:58.611+0000] {logging_mixin.py:188} INFO - [2025-11-14T02:31:58.611+0000] {dag.py:3954} INFO - Setting next_dagrun for sodai_pipeline_dag to 2025-11-09 00:00:00+00:00, run_after=2025-11-16 00:00:00+00:00
[2025-11-14T02:31:58.620+0000] {processor.py:183} INFO - Processing /opt/airflow/dags/sodai_pipeline.py took 0.093 seconds
[2025-11-14T02:32:28.933+0000] {processor.py:161} INFO - Started process (PID=1430) to work on /opt/airflow/dags/sodai_pipeline.py
[2025-11-14T02:32:28.935+0000] {processor.py:830} INFO - Processing file /opt/airflow/dags/sodai_pipeline.py for tasks to queue
[2025-11-14T02:32:28.939+0000] {logging_mixin.py:188} INFO - [2025-11-14T02:32:28.938+0000] {dagbag.py:545} INFO - Filling up the DagBag from /opt/airflow/dags/sodai_pipeline.py
[2025-11-14T02:32:28.961+0000] {processor.py:840} INFO - DAG(s) 'sodai_pipeline_dag' retrieved from /opt/airflow/dags/sodai_pipeline.py
[2025-11-14T02:32:28.990+0000] {logging_mixin.py:188} INFO - [2025-11-14T02:32:28.990+0000] {dag.py:3096} INFO - Sync 1 DAGs
[2025-11-14T02:32:29.003+0000] {logging_mixin.py:188} INFO - [2025-11-14T02:32:29.002+0000] {dag.py:3954} INFO - Setting next_dagrun for sodai_pipeline_dag to 2025-11-09 00:00:00+00:00, run_after=2025-11-16 00:00:00+00:00
[2025-11-14T02:32:29.017+0000] {processor.py:183} INFO - Processing /opt/airflow/dags/sodai_pipeline.py took 0.095 seconds
[2025-11-14T02:32:59.295+0000] {processor.py:161} INFO - Started process (PID=1435) to work on /opt/airflow/dags/sodai_pipeline.py
[2025-11-14T02:32:59.298+0000] {processor.py:830} INFO - Processing file /opt/airflow/dags/sodai_pipeline.py for tasks to queue
[2025-11-14T02:32:59.302+0000] {logging_mixin.py:188} INFO - [2025-11-14T02:32:59.301+0000] {dagbag.py:545} INFO - Filling up the DagBag from /opt/airflow/dags/sodai_pipeline.py
[2025-11-14T02:32:59.333+0000] {processor.py:840} INFO - DAG(s) 'sodai_pipeline_dag' retrieved from /opt/airflow/dags/sodai_pipeline.py
[2025-11-14T02:32:59.359+0000] {logging_mixin.py:188} INFO - [2025-11-14T02:32:59.359+0000] {dag.py:3096} INFO - Sync 1 DAGs
[2025-11-14T02:32:59.380+0000] {logging_mixin.py:188} INFO - [2025-11-14T02:32:59.380+0000] {dag.py:3954} INFO - Setting next_dagrun for sodai_pipeline_dag to 2025-11-09 00:00:00+00:00, run_after=2025-11-16 00:00:00+00:00
[2025-11-14T02:32:59.389+0000] {processor.py:183} INFO - Processing /opt/airflow/dags/sodai_pipeline.py took 0.105 seconds
[2025-11-14T02:33:29.647+0000] {processor.py:161} INFO - Started process (PID=1440) to work on /opt/airflow/dags/sodai_pipeline.py
[2025-11-14T02:33:29.648+0000] {processor.py:830} INFO - Processing file /opt/airflow/dags/sodai_pipeline.py for tasks to queue
[2025-11-14T02:33:29.654+0000] {logging_mixin.py:188} INFO - [2025-11-14T02:33:29.651+0000] {dagbag.py:545} INFO - Filling up the DagBag from /opt/airflow/dags/sodai_pipeline.py
[2025-11-14T02:33:29.688+0000] {processor.py:840} INFO - DAG(s) 'sodai_pipeline_dag' retrieved from /opt/airflow/dags/sodai_pipeline.py
[2025-11-14T02:33:29.724+0000] {logging_mixin.py:188} INFO - [2025-11-14T02:33:29.724+0000] {dag.py:3096} INFO - Sync 1 DAGs
[2025-11-14T02:33:29.739+0000] {logging_mixin.py:188} INFO - [2025-11-14T02:33:29.739+0000] {dag.py:3954} INFO - Setting next_dagrun for sodai_pipeline_dag to 2025-11-09 00:00:00+00:00, run_after=2025-11-16 00:00:00+00:00
[2025-11-14T02:33:29.748+0000] {processor.py:183} INFO - Processing /opt/airflow/dags/sodai_pipeline.py took 0.121 seconds
[2025-11-14T02:34:00.040+0000] {processor.py:161} INFO - Started process (PID=1445) to work on /opt/airflow/dags/sodai_pipeline.py
[2025-11-14T02:34:00.043+0000] {processor.py:830} INFO - Processing file /opt/airflow/dags/sodai_pipeline.py for tasks to queue
[2025-11-14T02:34:00.046+0000] {logging_mixin.py:188} INFO - [2025-11-14T02:34:00.045+0000] {dagbag.py:545} INFO - Filling up the DagBag from /opt/airflow/dags/sodai_pipeline.py
[2025-11-14T02:34:00.060+0000] {processor.py:840} INFO - DAG(s) 'sodai_pipeline_dag' retrieved from /opt/airflow/dags/sodai_pipeline.py
[2025-11-14T02:34:00.088+0000] {logging_mixin.py:188} INFO - [2025-11-14T02:34:00.088+0000] {dag.py:3096} INFO - Sync 1 DAGs
[2025-11-14T02:34:00.102+0000] {logging_mixin.py:188} INFO - [2025-11-14T02:34:00.102+0000] {dag.py:3954} INFO - Setting next_dagrun for sodai_pipeline_dag to 2025-11-09 00:00:00+00:00, run_after=2025-11-16 00:00:00+00:00
[2025-11-14T02:34:00.111+0000] {processor.py:183} INFO - Processing /opt/airflow/dags/sodai_pipeline.py took 0.080 seconds
[2025-11-14T02:34:30.465+0000] {processor.py:161} INFO - Started process (PID=1450) to work on /opt/airflow/dags/sodai_pipeline.py
[2025-11-14T02:34:30.467+0000] {processor.py:830} INFO - Processing file /opt/airflow/dags/sodai_pipeline.py for tasks to queue
[2025-11-14T02:34:30.469+0000] {logging_mixin.py:188} INFO - [2025-11-14T02:34:30.469+0000] {dagbag.py:545} INFO - Filling up the DagBag from /opt/airflow/dags/sodai_pipeline.py
[2025-11-14T02:34:30.486+0000] {processor.py:840} INFO - DAG(s) 'sodai_pipeline_dag' retrieved from /opt/airflow/dags/sodai_pipeline.py
[2025-11-14T02:34:30.517+0000] {logging_mixin.py:188} INFO - [2025-11-14T02:34:30.517+0000] {dag.py:3096} INFO - Sync 1 DAGs
[2025-11-14T02:34:30.531+0000] {logging_mixin.py:188} INFO - [2025-11-14T02:34:30.531+0000] {dag.py:3954} INFO - Setting next_dagrun for sodai_pipeline_dag to 2025-11-09 00:00:00+00:00, run_after=2025-11-16 00:00:00+00:00
[2025-11-14T02:34:30.539+0000] {processor.py:183} INFO - Processing /opt/airflow/dags/sodai_pipeline.py took 0.086 seconds
[2025-11-14T02:35:00.797+0000] {processor.py:161} INFO - Started process (PID=1455) to work on /opt/airflow/dags/sodai_pipeline.py
[2025-11-14T02:35:00.799+0000] {processor.py:830} INFO - Processing file /opt/airflow/dags/sodai_pipeline.py for tasks to queue
[2025-11-14T02:35:00.802+0000] {logging_mixin.py:188} INFO - [2025-11-14T02:35:00.802+0000] {dagbag.py:545} INFO - Filling up the DagBag from /opt/airflow/dags/sodai_pipeline.py
[2025-11-14T02:35:00.824+0000] {processor.py:840} INFO - DAG(s) 'sodai_pipeline_dag' retrieved from /opt/airflow/dags/sodai_pipeline.py
[2025-11-14T02:35:00.894+0000] {logging_mixin.py:188} INFO - [2025-11-14T02:35:00.894+0000] {dag.py:3096} INFO - Sync 1 DAGs
[2025-11-14T02:35:00.909+0000] {logging_mixin.py:188} INFO - [2025-11-14T02:35:00.909+0000] {dag.py:3954} INFO - Setting next_dagrun for sodai_pipeline_dag to 2025-11-09 00:00:00+00:00, run_after=2025-11-16 00:00:00+00:00
[2025-11-14T02:35:00.917+0000] {processor.py:183} INFO - Processing /opt/airflow/dags/sodai_pipeline.py took 0.135 seconds
[2025-11-14T02:35:31.104+0000] {processor.py:161} INFO - Started process (PID=1460) to work on /opt/airflow/dags/sodai_pipeline.py
[2025-11-14T02:35:31.105+0000] {processor.py:830} INFO - Processing file /opt/airflow/dags/sodai_pipeline.py for tasks to queue
[2025-11-14T02:35:31.108+0000] {logging_mixin.py:188} INFO - [2025-11-14T02:35:31.108+0000] {dagbag.py:545} INFO - Filling up the DagBag from /opt/airflow/dags/sodai_pipeline.py
[2025-11-14T02:35:31.135+0000] {processor.py:840} INFO - DAG(s) 'sodai_pipeline_dag' retrieved from /opt/airflow/dags/sodai_pipeline.py
[2025-11-14T02:35:31.164+0000] {logging_mixin.py:188} INFO - [2025-11-14T02:35:31.163+0000] {dag.py:3096} INFO - Sync 1 DAGs
[2025-11-14T02:35:31.177+0000] {logging_mixin.py:188} INFO - [2025-11-14T02:35:31.177+0000] {dag.py:3954} INFO - Setting next_dagrun for sodai_pipeline_dag to 2025-11-09 00:00:00+00:00, run_after=2025-11-16 00:00:00+00:00
[2025-11-14T02:35:31.186+0000] {processor.py:183} INFO - Processing /opt/airflow/dags/sodai_pipeline.py took 0.097 seconds
[2025-11-14T02:36:01.528+0000] {processor.py:161} INFO - Started process (PID=1465) to work on /opt/airflow/dags/sodai_pipeline.py
[2025-11-14T02:36:01.530+0000] {processor.py:830} INFO - Processing file /opt/airflow/dags/sodai_pipeline.py for tasks to queue
[2025-11-14T02:36:01.533+0000] {logging_mixin.py:188} INFO - [2025-11-14T02:36:01.533+0000] {dagbag.py:545} INFO - Filling up the DagBag from /opt/airflow/dags/sodai_pipeline.py
[2025-11-14T02:36:01.550+0000] {processor.py:840} INFO - DAG(s) 'sodai_pipeline_dag' retrieved from /opt/airflow/dags/sodai_pipeline.py
[2025-11-14T02:36:01.578+0000] {logging_mixin.py:188} INFO - [2025-11-14T02:36:01.578+0000] {dag.py:3096} INFO - Sync 1 DAGs
[2025-11-14T02:36:01.596+0000] {logging_mixin.py:188} INFO - [2025-11-14T02:36:01.596+0000] {dag.py:3954} INFO - Setting next_dagrun for sodai_pipeline_dag to 2025-11-09 00:00:00+00:00, run_after=2025-11-16 00:00:00+00:00
[2025-11-14T02:36:01.605+0000] {processor.py:183} INFO - Processing /opt/airflow/dags/sodai_pipeline.py took 0.090 seconds
[2025-11-14T02:36:31.921+0000] {processor.py:161} INFO - Started process (PID=1470) to work on /opt/airflow/dags/sodai_pipeline.py
[2025-11-14T02:36:31.923+0000] {processor.py:830} INFO - Processing file /opt/airflow/dags/sodai_pipeline.py for tasks to queue
[2025-11-14T02:36:31.927+0000] {logging_mixin.py:188} INFO - [2025-11-14T02:36:31.926+0000] {dagbag.py:545} INFO - Filling up the DagBag from /opt/airflow/dags/sodai_pipeline.py
[2025-11-14T02:36:31.948+0000] {processor.py:840} INFO - DAG(s) 'sodai_pipeline_dag' retrieved from /opt/airflow/dags/sodai_pipeline.py
[2025-11-14T02:36:31.980+0000] {logging_mixin.py:188} INFO - [2025-11-14T02:36:31.980+0000] {dag.py:3096} INFO - Sync 1 DAGs
[2025-11-14T02:36:32.003+0000] {logging_mixin.py:188} INFO - [2025-11-14T02:36:32.003+0000] {dag.py:3954} INFO - Setting next_dagrun for sodai_pipeline_dag to 2025-11-09 00:00:00+00:00, run_after=2025-11-16 00:00:00+00:00
[2025-11-14T02:36:32.012+0000] {processor.py:183} INFO - Processing /opt/airflow/dags/sodai_pipeline.py took 0.104 seconds
[2025-11-14T02:37:02.329+0000] {processor.py:161} INFO - Started process (PID=1475) to work on /opt/airflow/dags/sodai_pipeline.py
[2025-11-14T02:37:02.331+0000] {processor.py:830} INFO - Processing file /opt/airflow/dags/sodai_pipeline.py for tasks to queue
[2025-11-14T02:37:02.335+0000] {logging_mixin.py:188} INFO - [2025-11-14T02:37:02.335+0000] {dagbag.py:545} INFO - Filling up the DagBag from /opt/airflow/dags/sodai_pipeline.py
[2025-11-14T02:37:02.357+0000] {processor.py:840} INFO - DAG(s) 'sodai_pipeline_dag' retrieved from /opt/airflow/dags/sodai_pipeline.py
[2025-11-14T02:37:02.391+0000] {logging_mixin.py:188} INFO - [2025-11-14T02:37:02.391+0000] {dag.py:3096} INFO - Sync 1 DAGs
[2025-11-14T02:37:02.410+0000] {logging_mixin.py:188} INFO - [2025-11-14T02:37:02.410+0000] {dag.py:3954} INFO - Setting next_dagrun for sodai_pipeline_dag to 2025-11-09 00:00:00+00:00, run_after=2025-11-16 00:00:00+00:00
[2025-11-14T02:37:02.419+0000] {processor.py:183} INFO - Processing /opt/airflow/dags/sodai_pipeline.py took 0.102 seconds
[2025-11-14T02:37:32.701+0000] {processor.py:161} INFO - Started process (PID=1480) to work on /opt/airflow/dags/sodai_pipeline.py
[2025-11-14T02:37:32.704+0000] {processor.py:830} INFO - Processing file /opt/airflow/dags/sodai_pipeline.py for tasks to queue
[2025-11-14T02:37:32.708+0000] {logging_mixin.py:188} INFO - [2025-11-14T02:37:32.707+0000] {dagbag.py:545} INFO - Filling up the DagBag from /opt/airflow/dags/sodai_pipeline.py
[2025-11-14T02:37:32.729+0000] {processor.py:840} INFO - DAG(s) 'sodai_pipeline_dag' retrieved from /opt/airflow/dags/sodai_pipeline.py
[2025-11-14T02:37:32.757+0000] {logging_mixin.py:188} INFO - [2025-11-14T02:37:32.757+0000] {dag.py:3096} INFO - Sync 1 DAGs
[2025-11-14T02:37:32.772+0000] {logging_mixin.py:188} INFO - [2025-11-14T02:37:32.771+0000] {dag.py:3954} INFO - Setting next_dagrun for sodai_pipeline_dag to 2025-11-09 00:00:00+00:00, run_after=2025-11-16 00:00:00+00:00
[2025-11-14T02:37:32.781+0000] {processor.py:183} INFO - Processing /opt/airflow/dags/sodai_pipeline.py took 0.095 seconds
[2025-11-14T02:38:03.139+0000] {processor.py:161} INFO - Started process (PID=1485) to work on /opt/airflow/dags/sodai_pipeline.py
[2025-11-14T02:38:03.142+0000] {processor.py:830} INFO - Processing file /opt/airflow/dags/sodai_pipeline.py for tasks to queue
[2025-11-14T02:38:03.147+0000] {logging_mixin.py:188} INFO - [2025-11-14T02:38:03.146+0000] {dagbag.py:545} INFO - Filling up the DagBag from /opt/airflow/dags/sodai_pipeline.py
[2025-11-14T02:38:03.171+0000] {processor.py:840} INFO - DAG(s) 'sodai_pipeline_dag' retrieved from /opt/airflow/dags/sodai_pipeline.py
[2025-11-14T02:38:03.197+0000] {logging_mixin.py:188} INFO - [2025-11-14T02:38:03.197+0000] {dag.py:3096} INFO - Sync 1 DAGs
[2025-11-14T02:38:03.212+0000] {logging_mixin.py:188} INFO - [2025-11-14T02:38:03.212+0000] {dag.py:3954} INFO - Setting next_dagrun for sodai_pipeline_dag to 2025-11-09 00:00:00+00:00, run_after=2025-11-16 00:00:00+00:00
[2025-11-14T02:38:03.220+0000] {processor.py:183} INFO - Processing /opt/airflow/dags/sodai_pipeline.py took 0.099 seconds
[2025-11-14T02:38:33.502+0000] {processor.py:161} INFO - Started process (PID=1490) to work on /opt/airflow/dags/sodai_pipeline.py
[2025-11-14T02:38:33.504+0000] {processor.py:830} INFO - Processing file /opt/airflow/dags/sodai_pipeline.py for tasks to queue
[2025-11-14T02:38:33.506+0000] {logging_mixin.py:188} INFO - [2025-11-14T02:38:33.506+0000] {dagbag.py:545} INFO - Filling up the DagBag from /opt/airflow/dags/sodai_pipeline.py
[2025-11-14T02:38:33.521+0000] {processor.py:840} INFO - DAG(s) 'sodai_pipeline_dag' retrieved from /opt/airflow/dags/sodai_pipeline.py
[2025-11-14T02:38:33.549+0000] {logging_mixin.py:188} INFO - [2025-11-14T02:38:33.549+0000] {dag.py:3096} INFO - Sync 1 DAGs
[2025-11-14T02:38:33.569+0000] {logging_mixin.py:188} INFO - [2025-11-14T02:38:33.568+0000] {dag.py:3954} INFO - Setting next_dagrun for sodai_pipeline_dag to 2025-11-09 00:00:00+00:00, run_after=2025-11-16 00:00:00+00:00
[2025-11-14T02:38:33.578+0000] {processor.py:183} INFO - Processing /opt/airflow/dags/sodai_pipeline.py took 0.085 seconds
[2025-11-14T02:39:03.861+0000] {processor.py:161} INFO - Started process (PID=1495) to work on /opt/airflow/dags/sodai_pipeline.py
[2025-11-14T02:39:03.864+0000] {processor.py:830} INFO - Processing file /opt/airflow/dags/sodai_pipeline.py for tasks to queue
[2025-11-14T02:39:03.871+0000] {logging_mixin.py:188} INFO - [2025-11-14T02:39:03.870+0000] {dagbag.py:545} INFO - Filling up the DagBag from /opt/airflow/dags/sodai_pipeline.py
[2025-11-14T02:39:03.895+0000] {processor.py:840} INFO - DAG(s) 'sodai_pipeline_dag' retrieved from /opt/airflow/dags/sodai_pipeline.py
[2025-11-14T02:39:03.928+0000] {logging_mixin.py:188} INFO - [2025-11-14T02:39:03.928+0000] {dag.py:3096} INFO - Sync 1 DAGs
[2025-11-14T02:39:03.946+0000] {logging_mixin.py:188} INFO - [2025-11-14T02:39:03.946+0000] {dag.py:3954} INFO - Setting next_dagrun for sodai_pipeline_dag to 2025-11-09 00:00:00+00:00, run_after=2025-11-16 00:00:00+00:00
[2025-11-14T02:39:03.956+0000] {processor.py:183} INFO - Processing /opt/airflow/dags/sodai_pipeline.py took 0.107 seconds
[2025-11-14T02:39:34.213+0000] {processor.py:161} INFO - Started process (PID=1500) to work on /opt/airflow/dags/sodai_pipeline.py
[2025-11-14T02:39:34.218+0000] {processor.py:830} INFO - Processing file /opt/airflow/dags/sodai_pipeline.py for tasks to queue
[2025-11-14T02:39:34.222+0000] {logging_mixin.py:188} INFO - [2025-11-14T02:39:34.221+0000] {dagbag.py:545} INFO - Filling up the DagBag from /opt/airflow/dags/sodai_pipeline.py
[2025-11-14T02:39:34.244+0000] {processor.py:840} INFO - DAG(s) 'sodai_pipeline_dag' retrieved from /opt/airflow/dags/sodai_pipeline.py
[2025-11-14T02:39:34.287+0000] {logging_mixin.py:188} INFO - [2025-11-14T02:39:34.286+0000] {dag.py:3096} INFO - Sync 1 DAGs
[2025-11-14T02:39:34.310+0000] {logging_mixin.py:188} INFO - [2025-11-14T02:39:34.310+0000] {dag.py:3954} INFO - Setting next_dagrun for sodai_pipeline_dag to 2025-11-09 00:00:00+00:00, run_after=2025-11-16 00:00:00+00:00
[2025-11-14T02:39:34.323+0000] {processor.py:183} INFO - Processing /opt/airflow/dags/sodai_pipeline.py took 0.124 seconds
[2025-11-14T02:40:04.504+0000] {processor.py:161} INFO - Started process (PID=1505) to work on /opt/airflow/dags/sodai_pipeline.py
[2025-11-14T02:40:04.506+0000] {processor.py:830} INFO - Processing file /opt/airflow/dags/sodai_pipeline.py for tasks to queue
[2025-11-14T02:40:04.511+0000] {logging_mixin.py:188} INFO - [2025-11-14T02:40:04.510+0000] {dagbag.py:545} INFO - Filling up the DagBag from /opt/airflow/dags/sodai_pipeline.py
[2025-11-14T02:40:04.538+0000] {processor.py:840} INFO - DAG(s) 'sodai_pipeline_dag' retrieved from /opt/airflow/dags/sodai_pipeline.py
[2025-11-14T02:40:04.568+0000] {logging_mixin.py:188} INFO - [2025-11-14T02:40:04.568+0000] {dag.py:3096} INFO - Sync 1 DAGs
[2025-11-14T02:40:04.588+0000] {logging_mixin.py:188} INFO - [2025-11-14T02:40:04.588+0000] {dag.py:3954} INFO - Setting next_dagrun for sodai_pipeline_dag to 2025-11-09 00:00:00+00:00, run_after=2025-11-16 00:00:00+00:00
[2025-11-14T02:40:04.601+0000] {processor.py:183} INFO - Processing /opt/airflow/dags/sodai_pipeline.py took 0.107 seconds
[2025-11-14T02:40:34.961+0000] {processor.py:161} INFO - Started process (PID=1510) to work on /opt/airflow/dags/sodai_pipeline.py
[2025-11-14T02:40:34.965+0000] {processor.py:830} INFO - Processing file /opt/airflow/dags/sodai_pipeline.py for tasks to queue
[2025-11-14T02:40:34.975+0000] {logging_mixin.py:188} INFO - [2025-11-14T02:40:34.974+0000] {dagbag.py:545} INFO - Filling up the DagBag from /opt/airflow/dags/sodai_pipeline.py
[2025-11-14T02:40:34.996+0000] {processor.py:840} INFO - DAG(s) 'sodai_pipeline_dag' retrieved from /opt/airflow/dags/sodai_pipeline.py
[2025-11-14T02:40:35.020+0000] {logging_mixin.py:188} INFO - [2025-11-14T02:40:35.020+0000] {dag.py:3096} INFO - Sync 1 DAGs
[2025-11-14T02:40:35.036+0000] {logging_mixin.py:188} INFO - [2025-11-14T02:40:35.035+0000] {dag.py:3954} INFO - Setting next_dagrun for sodai_pipeline_dag to 2025-11-09 00:00:00+00:00, run_after=2025-11-16 00:00:00+00:00
[2025-11-14T02:40:35.044+0000] {processor.py:183} INFO - Processing /opt/airflow/dags/sodai_pipeline.py took 0.099 seconds
[2025-11-14T02:41:05.297+0000] {processor.py:161} INFO - Started process (PID=1515) to work on /opt/airflow/dags/sodai_pipeline.py
[2025-11-14T02:41:05.301+0000] {processor.py:830} INFO - Processing file /opt/airflow/dags/sodai_pipeline.py for tasks to queue
[2025-11-14T02:41:05.306+0000] {logging_mixin.py:188} INFO - [2025-11-14T02:41:05.305+0000] {dagbag.py:545} INFO - Filling up the DagBag from /opt/airflow/dags/sodai_pipeline.py
[2025-11-14T02:41:05.325+0000] {processor.py:840} INFO - DAG(s) 'sodai_pipeline_dag' retrieved from /opt/airflow/dags/sodai_pipeline.py
[2025-11-14T02:41:05.354+0000] {logging_mixin.py:188} INFO - [2025-11-14T02:41:05.353+0000] {dag.py:3096} INFO - Sync 1 DAGs
[2025-11-14T02:41:05.374+0000] {logging_mixin.py:188} INFO - [2025-11-14T02:41:05.374+0000] {dag.py:3954} INFO - Setting next_dagrun for sodai_pipeline_dag to 2025-11-09 00:00:00+00:00, run_after=2025-11-16 00:00:00+00:00
[2025-11-14T02:41:05.386+0000] {processor.py:183} INFO - Processing /opt/airflow/dags/sodai_pipeline.py took 0.095 seconds
[2025-11-14T02:41:35.680+0000] {processor.py:161} INFO - Started process (PID=1520) to work on /opt/airflow/dags/sodai_pipeline.py
[2025-11-14T02:41:35.683+0000] {processor.py:830} INFO - Processing file /opt/airflow/dags/sodai_pipeline.py for tasks to queue
[2025-11-14T02:41:35.686+0000] {logging_mixin.py:188} INFO - [2025-11-14T02:41:35.685+0000] {dagbag.py:545} INFO - Filling up the DagBag from /opt/airflow/dags/sodai_pipeline.py
[2025-11-14T02:41:35.711+0000] {processor.py:840} INFO - DAG(s) 'sodai_pipeline_dag' retrieved from /opt/airflow/dags/sodai_pipeline.py
[2025-11-14T02:41:35.743+0000] {logging_mixin.py:188} INFO - [2025-11-14T02:41:35.743+0000] {dag.py:3096} INFO - Sync 1 DAGs
[2025-11-14T02:41:35.756+0000] {logging_mixin.py:188} INFO - [2025-11-14T02:41:35.756+0000] {dag.py:3954} INFO - Setting next_dagrun for sodai_pipeline_dag to 2025-11-09 00:00:00+00:00, run_after=2025-11-16 00:00:00+00:00
[2025-11-14T02:41:35.766+0000] {processor.py:183} INFO - Processing /opt/airflow/dags/sodai_pipeline.py took 0.105 seconds
[2025-11-14T02:42:05.967+0000] {processor.py:161} INFO - Started process (PID=1525) to work on /opt/airflow/dags/sodai_pipeline.py
[2025-11-14T02:42:05.968+0000] {processor.py:830} INFO - Processing file /opt/airflow/dags/sodai_pipeline.py for tasks to queue
[2025-11-14T02:42:05.971+0000] {logging_mixin.py:188} INFO - [2025-11-14T02:42:05.971+0000] {dagbag.py:545} INFO - Filling up the DagBag from /opt/airflow/dags/sodai_pipeline.py
[2025-11-14T02:42:05.996+0000] {processor.py:840} INFO - DAG(s) 'sodai_pipeline_dag' retrieved from /opt/airflow/dags/sodai_pipeline.py
[2025-11-14T02:42:06.026+0000] {logging_mixin.py:188} INFO - [2025-11-14T02:42:06.026+0000] {dag.py:3096} INFO - Sync 1 DAGs
[2025-11-14T02:42:06.046+0000] {logging_mixin.py:188} INFO - [2025-11-14T02:42:06.046+0000] {dag.py:3954} INFO - Setting next_dagrun for sodai_pipeline_dag to 2025-11-09 00:00:00+00:00, run_after=2025-11-16 00:00:00+00:00
[2025-11-14T02:42:06.056+0000] {processor.py:183} INFO - Processing /opt/airflow/dags/sodai_pipeline.py took 0.099 seconds
[2025-11-14T02:42:36.335+0000] {processor.py:161} INFO - Started process (PID=1530) to work on /opt/airflow/dags/sodai_pipeline.py
[2025-11-14T02:42:36.337+0000] {processor.py:830} INFO - Processing file /opt/airflow/dags/sodai_pipeline.py for tasks to queue
[2025-11-14T02:42:36.343+0000] {logging_mixin.py:188} INFO - [2025-11-14T02:42:36.343+0000] {dagbag.py:545} INFO - Filling up the DagBag from /opt/airflow/dags/sodai_pipeline.py
[2025-11-14T02:42:36.364+0000] {processor.py:840} INFO - DAG(s) 'sodai_pipeline_dag' retrieved from /opt/airflow/dags/sodai_pipeline.py
[2025-11-14T02:42:36.391+0000] {logging_mixin.py:188} INFO - [2025-11-14T02:42:36.391+0000] {dag.py:3096} INFO - Sync 1 DAGs
[2025-11-14T02:42:36.407+0000] {logging_mixin.py:188} INFO - [2025-11-14T02:42:36.407+0000] {dag.py:3954} INFO - Setting next_dagrun for sodai_pipeline_dag to 2025-11-09 00:00:00+00:00, run_after=2025-11-16 00:00:00+00:00
[2025-11-14T02:42:36.415+0000] {processor.py:183} INFO - Processing /opt/airflow/dags/sodai_pipeline.py took 0.090 seconds
[2025-11-14T02:43:06.725+0000] {processor.py:161} INFO - Started process (PID=1535) to work on /opt/airflow/dags/sodai_pipeline.py
[2025-11-14T02:43:06.728+0000] {processor.py:830} INFO - Processing file /opt/airflow/dags/sodai_pipeline.py for tasks to queue
[2025-11-14T02:43:06.731+0000] {logging_mixin.py:188} INFO - [2025-11-14T02:43:06.731+0000] {dagbag.py:545} INFO - Filling up the DagBag from /opt/airflow/dags/sodai_pipeline.py
[2025-11-14T02:43:06.751+0000] {processor.py:840} INFO - DAG(s) 'sodai_pipeline_dag' retrieved from /opt/airflow/dags/sodai_pipeline.py
[2025-11-14T02:43:06.775+0000] {logging_mixin.py:188} INFO - [2025-11-14T02:43:06.775+0000] {dag.py:3096} INFO - Sync 1 DAGs
[2025-11-14T02:43:06.792+0000] {logging_mixin.py:188} INFO - [2025-11-14T02:43:06.792+0000] {dag.py:3954} INFO - Setting next_dagrun for sodai_pipeline_dag to 2025-11-09 00:00:00+00:00, run_after=2025-11-16 00:00:00+00:00
[2025-11-14T02:43:06.800+0000] {processor.py:183} INFO - Processing /opt/airflow/dags/sodai_pipeline.py took 0.086 seconds
[2025-11-14T02:43:37.092+0000] {processor.py:161} INFO - Started process (PID=1540) to work on /opt/airflow/dags/sodai_pipeline.py
[2025-11-14T02:43:37.095+0000] {processor.py:830} INFO - Processing file /opt/airflow/dags/sodai_pipeline.py for tasks to queue
[2025-11-14T02:43:37.099+0000] {logging_mixin.py:188} INFO - [2025-11-14T02:43:37.098+0000] {dagbag.py:545} INFO - Filling up the DagBag from /opt/airflow/dags/sodai_pipeline.py
[2025-11-14T02:43:37.119+0000] {processor.py:840} INFO - DAG(s) 'sodai_pipeline_dag' retrieved from /opt/airflow/dags/sodai_pipeline.py
[2025-11-14T02:43:37.149+0000] {logging_mixin.py:188} INFO - [2025-11-14T02:43:37.149+0000] {dag.py:3096} INFO - Sync 1 DAGs
[2025-11-14T02:43:37.168+0000] {logging_mixin.py:188} INFO - [2025-11-14T02:43:37.168+0000] {dag.py:3954} INFO - Setting next_dagrun for sodai_pipeline_dag to 2025-11-09 00:00:00+00:00, run_after=2025-11-16 00:00:00+00:00
[2025-11-14T02:43:37.178+0000] {processor.py:183} INFO - Processing /opt/airflow/dags/sodai_pipeline.py took 0.098 seconds
[2025-11-14T02:44:07.442+0000] {processor.py:161} INFO - Started process (PID=1545) to work on /opt/airflow/dags/sodai_pipeline.py
[2025-11-14T02:44:07.448+0000] {processor.py:830} INFO - Processing file /opt/airflow/dags/sodai_pipeline.py for tasks to queue
[2025-11-14T02:44:07.457+0000] {logging_mixin.py:188} INFO - [2025-11-14T02:44:07.456+0000] {dagbag.py:545} INFO - Filling up the DagBag from /opt/airflow/dags/sodai_pipeline.py
[2025-11-14T02:44:07.482+0000] {processor.py:840} INFO - DAG(s) 'sodai_pipeline_dag' retrieved from /opt/airflow/dags/sodai_pipeline.py
[2025-11-14T02:44:07.512+0000] {logging_mixin.py:188} INFO - [2025-11-14T02:44:07.512+0000] {dag.py:3096} INFO - Sync 1 DAGs
[2025-11-14T02:44:07.527+0000] {logging_mixin.py:188} INFO - [2025-11-14T02:44:07.527+0000] {dag.py:3954} INFO - Setting next_dagrun for sodai_pipeline_dag to 2025-11-09 00:00:00+00:00, run_after=2025-11-16 00:00:00+00:00
[2025-11-14T02:44:07.535+0000] {processor.py:183} INFO - Processing /opt/airflow/dags/sodai_pipeline.py took 0.110 seconds
[2025-11-14T02:44:37.797+0000] {processor.py:161} INFO - Started process (PID=1550) to work on /opt/airflow/dags/sodai_pipeline.py
[2025-11-14T02:44:37.798+0000] {processor.py:830} INFO - Processing file /opt/airflow/dags/sodai_pipeline.py for tasks to queue
[2025-11-14T02:44:37.802+0000] {logging_mixin.py:188} INFO - [2025-11-14T02:44:37.801+0000] {dagbag.py:545} INFO - Filling up the DagBag from /opt/airflow/dags/sodai_pipeline.py
[2025-11-14T02:44:37.827+0000] {processor.py:840} INFO - DAG(s) 'sodai_pipeline_dag' retrieved from /opt/airflow/dags/sodai_pipeline.py
[2025-11-14T02:44:37.851+0000] {logging_mixin.py:188} INFO - [2025-11-14T02:44:37.851+0000] {dag.py:3096} INFO - Sync 1 DAGs
[2025-11-14T02:44:37.867+0000] {logging_mixin.py:188} INFO - [2025-11-14T02:44:37.867+0000] {dag.py:3954} INFO - Setting next_dagrun for sodai_pipeline_dag to 2025-11-09 00:00:00+00:00, run_after=2025-11-16 00:00:00+00:00
[2025-11-14T02:44:37.875+0000] {processor.py:183} INFO - Processing /opt/airflow/dags/sodai_pipeline.py took 0.089 seconds
[2025-11-14T02:45:08.174+0000] {processor.py:161} INFO - Started process (PID=1555) to work on /opt/airflow/dags/sodai_pipeline.py
[2025-11-14T02:45:08.175+0000] {processor.py:830} INFO - Processing file /opt/airflow/dags/sodai_pipeline.py for tasks to queue
[2025-11-14T02:45:08.178+0000] {logging_mixin.py:188} INFO - [2025-11-14T02:45:08.178+0000] {dagbag.py:545} INFO - Filling up the DagBag from /opt/airflow/dags/sodai_pipeline.py
[2025-11-14T02:45:08.199+0000] {processor.py:840} INFO - DAG(s) 'sodai_pipeline_dag' retrieved from /opt/airflow/dags/sodai_pipeline.py
[2025-11-14T02:45:08.224+0000] {logging_mixin.py:188} INFO - [2025-11-14T02:45:08.224+0000] {dag.py:3096} INFO - Sync 1 DAGs
[2025-11-14T02:45:08.237+0000] {logging_mixin.py:188} INFO - [2025-11-14T02:45:08.237+0000] {dag.py:3954} INFO - Setting next_dagrun for sodai_pipeline_dag to 2025-11-09 00:00:00+00:00, run_after=2025-11-16 00:00:00+00:00
[2025-11-14T02:45:08.246+0000] {processor.py:183} INFO - Processing /opt/airflow/dags/sodai_pipeline.py took 0.084 seconds
[2025-11-14T02:45:38.453+0000] {processor.py:161} INFO - Started process (PID=1560) to work on /opt/airflow/dags/sodai_pipeline.py
[2025-11-14T02:45:38.455+0000] {processor.py:830} INFO - Processing file /opt/airflow/dags/sodai_pipeline.py for tasks to queue
[2025-11-14T02:45:38.460+0000] {logging_mixin.py:188} INFO - [2025-11-14T02:45:38.460+0000] {dagbag.py:545} INFO - Filling up the DagBag from /opt/airflow/dags/sodai_pipeline.py
[2025-11-14T02:45:38.481+0000] {processor.py:840} INFO - DAG(s) 'sodai_pipeline_dag' retrieved from /opt/airflow/dags/sodai_pipeline.py
[2025-11-14T02:45:38.507+0000] {logging_mixin.py:188} INFO - [2025-11-14T02:45:38.506+0000] {dag.py:3096} INFO - Sync 1 DAGs
[2025-11-14T02:45:38.524+0000] {logging_mixin.py:188} INFO - [2025-11-14T02:45:38.524+0000] {dag.py:3954} INFO - Setting next_dagrun for sodai_pipeline_dag to 2025-11-09 00:00:00+00:00, run_after=2025-11-16 00:00:00+00:00
[2025-11-14T02:45:38.535+0000] {processor.py:183} INFO - Processing /opt/airflow/dags/sodai_pipeline.py took 0.095 seconds
[2025-11-14T02:46:08.939+0000] {processor.py:161} INFO - Started process (PID=1565) to work on /opt/airflow/dags/sodai_pipeline.py
[2025-11-14T02:46:08.941+0000] {processor.py:830} INFO - Processing file /opt/airflow/dags/sodai_pipeline.py for tasks to queue
[2025-11-14T02:46:08.944+0000] {logging_mixin.py:188} INFO - [2025-11-14T02:46:08.944+0000] {dagbag.py:545} INFO - Filling up the DagBag from /opt/airflow/dags/sodai_pipeline.py
[2025-11-14T02:46:08.966+0000] {processor.py:840} INFO - DAG(s) 'sodai_pipeline_dag' retrieved from /opt/airflow/dags/sodai_pipeline.py
[2025-11-14T02:46:09.005+0000] {logging_mixin.py:188} INFO - [2025-11-14T02:46:09.005+0000] {dag.py:3096} INFO - Sync 1 DAGs
[2025-11-14T02:46:09.027+0000] {logging_mixin.py:188} INFO - [2025-11-14T02:46:09.027+0000] {dag.py:3954} INFO - Setting next_dagrun for sodai_pipeline_dag to 2025-11-09 00:00:00+00:00, run_after=2025-11-16 00:00:00+00:00
[2025-11-14T02:46:09.037+0000] {processor.py:183} INFO - Processing /opt/airflow/dags/sodai_pipeline.py took 0.110 seconds
[2025-11-14T02:46:39.330+0000] {processor.py:161} INFO - Started process (PID=1570) to work on /opt/airflow/dags/sodai_pipeline.py
[2025-11-14T02:46:39.332+0000] {processor.py:830} INFO - Processing file /opt/airflow/dags/sodai_pipeline.py for tasks to queue
[2025-11-14T02:46:39.335+0000] {logging_mixin.py:188} INFO - [2025-11-14T02:46:39.335+0000] {dagbag.py:545} INFO - Filling up the DagBag from /opt/airflow/dags/sodai_pipeline.py
[2025-11-14T02:46:39.354+0000] {processor.py:840} INFO - DAG(s) 'sodai_pipeline_dag' retrieved from /opt/airflow/dags/sodai_pipeline.py
[2025-11-14T02:46:39.384+0000] {logging_mixin.py:188} INFO - [2025-11-14T02:46:39.384+0000] {dag.py:3096} INFO - Sync 1 DAGs
[2025-11-14T02:46:39.401+0000] {logging_mixin.py:188} INFO - [2025-11-14T02:46:39.401+0000] {dag.py:3954} INFO - Setting next_dagrun for sodai_pipeline_dag to 2025-11-09 00:00:00+00:00, run_after=2025-11-16 00:00:00+00:00
[2025-11-14T02:46:39.412+0000] {processor.py:183} INFO - Processing /opt/airflow/dags/sodai_pipeline.py took 0.091 seconds
[2025-11-14T02:47:09.750+0000] {processor.py:161} INFO - Started process (PID=1575) to work on /opt/airflow/dags/sodai_pipeline.py
[2025-11-14T02:47:09.751+0000] {processor.py:830} INFO - Processing file /opt/airflow/dags/sodai_pipeline.py for tasks to queue
[2025-11-14T02:47:09.754+0000] {logging_mixin.py:188} INFO - [2025-11-14T02:47:09.754+0000] {dagbag.py:545} INFO - Filling up the DagBag from /opt/airflow/dags/sodai_pipeline.py
[2025-11-14T02:47:09.784+0000] {processor.py:840} INFO - DAG(s) 'sodai_pipeline_dag' retrieved from /opt/airflow/dags/sodai_pipeline.py
[2025-11-14T02:47:09.813+0000] {logging_mixin.py:188} INFO - [2025-11-14T02:47:09.813+0000] {dag.py:3096} INFO - Sync 1 DAGs
[2025-11-14T02:47:09.834+0000] {logging_mixin.py:188} INFO - [2025-11-14T02:47:09.834+0000] {dag.py:3954} INFO - Setting next_dagrun for sodai_pipeline_dag to 2025-11-09 00:00:00+00:00, run_after=2025-11-16 00:00:00+00:00
[2025-11-14T02:47:09.844+0000] {processor.py:183} INFO - Processing /opt/airflow/dags/sodai_pipeline.py took 0.106 seconds
[2025-11-14T02:47:40.130+0000] {processor.py:161} INFO - Started process (PID=1580) to work on /opt/airflow/dags/sodai_pipeline.py
[2025-11-14T02:47:40.133+0000] {processor.py:830} INFO - Processing file /opt/airflow/dags/sodai_pipeline.py for tasks to queue
[2025-11-14T02:47:40.136+0000] {logging_mixin.py:188} INFO - [2025-11-14T02:47:40.136+0000] {dagbag.py:545} INFO - Filling up the DagBag from /opt/airflow/dags/sodai_pipeline.py
[2025-11-14T02:47:40.159+0000] {processor.py:840} INFO - DAG(s) 'sodai_pipeline_dag' retrieved from /opt/airflow/dags/sodai_pipeline.py
[2025-11-14T02:47:40.193+0000] {logging_mixin.py:188} INFO - [2025-11-14T02:47:40.193+0000] {dag.py:3096} INFO - Sync 1 DAGs
[2025-11-14T02:47:40.209+0000] {logging_mixin.py:188} INFO - [2025-11-14T02:47:40.209+0000] {dag.py:3954} INFO - Setting next_dagrun for sodai_pipeline_dag to 2025-11-09 00:00:00+00:00, run_after=2025-11-16 00:00:00+00:00
[2025-11-14T02:47:40.219+0000] {processor.py:183} INFO - Processing /opt/airflow/dags/sodai_pipeline.py took 0.110 seconds
[2025-11-14T02:48:10.533+0000] {processor.py:161} INFO - Started process (PID=1585) to work on /opt/airflow/dags/sodai_pipeline.py
[2025-11-14T02:48:10.535+0000] {processor.py:830} INFO - Processing file /opt/airflow/dags/sodai_pipeline.py for tasks to queue
[2025-11-14T02:48:10.537+0000] {logging_mixin.py:188} INFO - [2025-11-14T02:48:10.536+0000] {dagbag.py:545} INFO - Filling up the DagBag from /opt/airflow/dags/sodai_pipeline.py
[2025-11-14T02:48:10.553+0000] {processor.py:840} INFO - DAG(s) 'sodai_pipeline_dag' retrieved from /opt/airflow/dags/sodai_pipeline.py
[2025-11-14T02:48:10.580+0000] {logging_mixin.py:188} INFO - [2025-11-14T02:48:10.580+0000] {dag.py:3096} INFO - Sync 1 DAGs
[2025-11-14T02:48:10.594+0000] {logging_mixin.py:188} INFO - [2025-11-14T02:48:10.594+0000] {dag.py:3954} INFO - Setting next_dagrun for sodai_pipeline_dag to 2025-11-09 00:00:00+00:00, run_after=2025-11-16 00:00:00+00:00
[2025-11-14T02:48:10.602+0000] {processor.py:183} INFO - Processing /opt/airflow/dags/sodai_pipeline.py took 0.078 seconds
[2025-11-14T02:48:40.914+0000] {processor.py:161} INFO - Started process (PID=1590) to work on /opt/airflow/dags/sodai_pipeline.py
[2025-11-14T02:48:40.916+0000] {processor.py:830} INFO - Processing file /opt/airflow/dags/sodai_pipeline.py for tasks to queue
[2025-11-14T02:48:40.919+0000] {logging_mixin.py:188} INFO - [2025-11-14T02:48:40.919+0000] {dagbag.py:545} INFO - Filling up the DagBag from /opt/airflow/dags/sodai_pipeline.py
[2025-11-14T02:48:40.941+0000] {processor.py:840} INFO - DAG(s) 'sodai_pipeline_dag' retrieved from /opt/airflow/dags/sodai_pipeline.py
[2025-11-14T02:48:40.972+0000] {logging_mixin.py:188} INFO - [2025-11-14T02:48:40.972+0000] {dag.py:3096} INFO - Sync 1 DAGs
[2025-11-14T02:48:40.993+0000] {logging_mixin.py:188} INFO - [2025-11-14T02:48:40.993+0000] {dag.py:3954} INFO - Setting next_dagrun for sodai_pipeline_dag to 2025-11-09 00:00:00+00:00, run_after=2025-11-16 00:00:00+00:00
[2025-11-14T02:48:41.002+0000] {processor.py:183} INFO - Processing /opt/airflow/dags/sodai_pipeline.py took 0.103 seconds
[2025-11-14T02:49:11.285+0000] {processor.py:161} INFO - Started process (PID=1595) to work on /opt/airflow/dags/sodai_pipeline.py
[2025-11-14T02:49:11.287+0000] {processor.py:830} INFO - Processing file /opt/airflow/dags/sodai_pipeline.py for tasks to queue
[2025-11-14T02:49:11.291+0000] {logging_mixin.py:188} INFO - [2025-11-14T02:49:11.290+0000] {dagbag.py:545} INFO - Filling up the DagBag from /opt/airflow/dags/sodai_pipeline.py
[2025-11-14T02:49:11.314+0000] {processor.py:840} INFO - DAG(s) 'sodai_pipeline_dag' retrieved from /opt/airflow/dags/sodai_pipeline.py
[2025-11-14T02:49:11.345+0000] {logging_mixin.py:188} INFO - [2025-11-14T02:49:11.345+0000] {dag.py:3096} INFO - Sync 1 DAGs
[2025-11-14T02:49:11.364+0000] {logging_mixin.py:188} INFO - [2025-11-14T02:49:11.364+0000] {dag.py:3954} INFO - Setting next_dagrun for sodai_pipeline_dag to 2025-11-09 00:00:00+00:00, run_after=2025-11-16 00:00:00+00:00
[2025-11-14T02:49:11.373+0000] {processor.py:183} INFO - Processing /opt/airflow/dags/sodai_pipeline.py took 0.103 seconds
[2025-11-14T02:49:41.622+0000] {processor.py:161} INFO - Started process (PID=1600) to work on /opt/airflow/dags/sodai_pipeline.py
[2025-11-14T02:49:41.624+0000] {processor.py:830} INFO - Processing file /opt/airflow/dags/sodai_pipeline.py for tasks to queue
[2025-11-14T02:49:41.627+0000] {logging_mixin.py:188} INFO - [2025-11-14T02:49:41.626+0000] {dagbag.py:545} INFO - Filling up the DagBag from /opt/airflow/dags/sodai_pipeline.py
[2025-11-14T02:49:41.667+0000] {processor.py:840} INFO - DAG(s) 'sodai_pipeline_dag' retrieved from /opt/airflow/dags/sodai_pipeline.py
[2025-11-14T02:49:41.713+0000] {logging_mixin.py:188} INFO - [2025-11-14T02:49:41.713+0000] {dag.py:3096} INFO - Sync 1 DAGs
[2025-11-14T02:49:41.731+0000] {logging_mixin.py:188} INFO - [2025-11-14T02:49:41.731+0000] {dag.py:3954} INFO - Setting next_dagrun for sodai_pipeline_dag to 2025-11-09 00:00:00+00:00, run_after=2025-11-16 00:00:00+00:00
[2025-11-14T02:49:41.741+0000] {processor.py:183} INFO - Processing /opt/airflow/dags/sodai_pipeline.py took 0.132 seconds
[2025-11-14T02:50:11.971+0000] {processor.py:161} INFO - Started process (PID=1605) to work on /opt/airflow/dags/sodai_pipeline.py
[2025-11-14T02:50:11.972+0000] {processor.py:830} INFO - Processing file /opt/airflow/dags/sodai_pipeline.py for tasks to queue
[2025-11-14T02:50:11.975+0000] {logging_mixin.py:188} INFO - [2025-11-14T02:50:11.975+0000] {dagbag.py:545} INFO - Filling up the DagBag from /opt/airflow/dags/sodai_pipeline.py
[2025-11-14T02:50:11.997+0000] {processor.py:840} INFO - DAG(s) 'sodai_pipeline_dag' retrieved from /opt/airflow/dags/sodai_pipeline.py
[2025-11-14T02:50:12.024+0000] {logging_mixin.py:188} INFO - [2025-11-14T02:50:12.024+0000] {dag.py:3096} INFO - Sync 1 DAGs
[2025-11-14T02:50:12.040+0000] {logging_mixin.py:188} INFO - [2025-11-14T02:50:12.040+0000] {dag.py:3954} INFO - Setting next_dagrun for sodai_pipeline_dag to 2025-11-09 00:00:00+00:00, run_after=2025-11-16 00:00:00+00:00
[2025-11-14T02:50:12.051+0000] {processor.py:183} INFO - Processing /opt/airflow/dags/sodai_pipeline.py took 0.095 seconds
[2025-11-14T02:50:42.335+0000] {processor.py:161} INFO - Started process (PID=1610) to work on /opt/airflow/dags/sodai_pipeline.py
[2025-11-14T02:50:42.337+0000] {processor.py:830} INFO - Processing file /opt/airflow/dags/sodai_pipeline.py for tasks to queue
[2025-11-14T02:50:42.344+0000] {logging_mixin.py:188} INFO - [2025-11-14T02:50:42.344+0000] {dagbag.py:545} INFO - Filling up the DagBag from /opt/airflow/dags/sodai_pipeline.py
[2025-11-14T02:50:42.364+0000] {processor.py:840} INFO - DAG(s) 'sodai_pipeline_dag' retrieved from /opt/airflow/dags/sodai_pipeline.py
[2025-11-14T02:50:42.393+0000] {logging_mixin.py:188} INFO - [2025-11-14T02:50:42.392+0000] {dag.py:3096} INFO - Sync 1 DAGs
[2025-11-14T02:50:42.415+0000] {logging_mixin.py:188} INFO - [2025-11-14T02:50:42.415+0000] {dag.py:3954} INFO - Setting next_dagrun for sodai_pipeline_dag to 2025-11-09 00:00:00+00:00, run_after=2025-11-16 00:00:00+00:00
[2025-11-14T02:50:42.426+0000] {processor.py:183} INFO - Processing /opt/airflow/dags/sodai_pipeline.py took 0.102 seconds
[2025-11-14T02:51:12.686+0000] {processor.py:161} INFO - Started process (PID=1615) to work on /opt/airflow/dags/sodai_pipeline.py
[2025-11-14T02:51:12.688+0000] {processor.py:830} INFO - Processing file /opt/airflow/dags/sodai_pipeline.py for tasks to queue
[2025-11-14T02:51:12.691+0000] {logging_mixin.py:188} INFO - [2025-11-14T02:51:12.690+0000] {dagbag.py:545} INFO - Filling up the DagBag from /opt/airflow/dags/sodai_pipeline.py
[2025-11-14T02:51:12.710+0000] {processor.py:840} INFO - DAG(s) 'sodai_pipeline_dag' retrieved from /opt/airflow/dags/sodai_pipeline.py
[2025-11-14T02:51:12.742+0000] {logging_mixin.py:188} INFO - [2025-11-14T02:51:12.742+0000] {dag.py:3096} INFO - Sync 1 DAGs
[2025-11-14T02:51:12.761+0000] {logging_mixin.py:188} INFO - [2025-11-14T02:51:12.761+0000] {dag.py:3954} INFO - Setting next_dagrun for sodai_pipeline_dag to 2025-11-09 00:00:00+00:00, run_after=2025-11-16 00:00:00+00:00
[2025-11-14T02:51:12.772+0000] {processor.py:183} INFO - Processing /opt/airflow/dags/sodai_pipeline.py took 0.097 seconds
[2025-11-14T02:51:43.148+0000] {processor.py:161} INFO - Started process (PID=1620) to work on /opt/airflow/dags/sodai_pipeline.py
[2025-11-14T02:51:43.150+0000] {processor.py:830} INFO - Processing file /opt/airflow/dags/sodai_pipeline.py for tasks to queue
[2025-11-14T02:51:43.152+0000] {logging_mixin.py:188} INFO - [2025-11-14T02:51:43.152+0000] {dagbag.py:545} INFO - Filling up the DagBag from /opt/airflow/dags/sodai_pipeline.py
[2025-11-14T02:51:43.174+0000] {processor.py:840} INFO - DAG(s) 'sodai_pipeline_dag' retrieved from /opt/airflow/dags/sodai_pipeline.py
[2025-11-14T02:51:43.220+0000] {logging_mixin.py:188} INFO - [2025-11-14T02:51:43.220+0000] {dag.py:3096} INFO - Sync 1 DAGs
[2025-11-14T02:51:43.236+0000] {logging_mixin.py:188} INFO - [2025-11-14T02:51:43.235+0000] {dag.py:3954} INFO - Setting next_dagrun for sodai_pipeline_dag to 2025-11-09 00:00:00+00:00, run_after=2025-11-16 00:00:00+00:00
[2025-11-14T02:51:43.245+0000] {processor.py:183} INFO - Processing /opt/airflow/dags/sodai_pipeline.py took 0.109 seconds
[2025-11-14T03:07:50.574+0000] {processor.py:161} INFO - Started process (PID=1625) to work on /opt/airflow/dags/sodai_pipeline.py
[2025-11-14T03:07:50.575+0000] {processor.py:830} INFO - Processing file /opt/airflow/dags/sodai_pipeline.py for tasks to queue
[2025-11-14T03:07:50.578+0000] {logging_mixin.py:188} INFO - [2025-11-14T03:07:50.577+0000] {dagbag.py:545} INFO - Filling up the DagBag from /opt/airflow/dags/sodai_pipeline.py
[2025-11-14T03:07:50.593+0000] {processor.py:840} INFO - DAG(s) 'sodai_pipeline_dag' retrieved from /opt/airflow/dags/sodai_pipeline.py
[2025-11-14T03:07:50.619+0000] {logging_mixin.py:188} INFO - [2025-11-14T03:07:50.619+0000] {dag.py:3096} INFO - Sync 1 DAGs
[2025-11-14T03:07:50.638+0000] {logging_mixin.py:188} INFO - [2025-11-14T03:07:50.638+0000] {dag.py:3954} INFO - Setting next_dagrun for sodai_pipeline_dag to 2025-11-09 00:00:00+00:00, run_after=2025-11-16 00:00:00+00:00
[2025-11-14T03:07:50.653+0000] {processor.py:183} INFO - Processing /opt/airflow/dags/sodai_pipeline.py took 0.096 seconds
[2025-11-14T03:13:12.985+0000] {processor.py:161} INFO - Started process (PID=1630) to work on /opt/airflow/dags/sodai_pipeline.py
[2025-11-14T03:13:12.987+0000] {processor.py:830} INFO - Processing file /opt/airflow/dags/sodai_pipeline.py for tasks to queue
[2025-11-14T03:13:12.992+0000] {logging_mixin.py:188} INFO - [2025-11-14T03:13:12.991+0000] {dagbag.py:545} INFO - Filling up the DagBag from /opt/airflow/dags/sodai_pipeline.py
[2025-11-14T03:13:13.011+0000] {processor.py:840} INFO - DAG(s) 'sodai_pipeline_dag' retrieved from /opt/airflow/dags/sodai_pipeline.py
[2025-11-14T03:13:13.042+0000] {logging_mixin.py:188} INFO - [2025-11-14T03:13:13.042+0000] {dag.py:3096} INFO - Sync 1 DAGs
[2025-11-14T03:13:13.055+0000] {logging_mixin.py:188} INFO - [2025-11-14T03:13:13.055+0000] {dag.py:3954} INFO - Setting next_dagrun for sodai_pipeline_dag to 2025-11-09 00:00:00+00:00, run_after=2025-11-16 00:00:00+00:00
[2025-11-14T03:13:13.064+0000] {processor.py:183} INFO - Processing /opt/airflow/dags/sodai_pipeline.py took 0.090 seconds
[2025-11-14T03:48:00.414+0000] {processor.py:161} INFO - Started process (PID=1635) to work on /opt/airflow/dags/sodai_pipeline.py
[2025-11-14T03:48:00.415+0000] {processor.py:830} INFO - Processing file /opt/airflow/dags/sodai_pipeline.py for tasks to queue
[2025-11-14T03:48:00.419+0000] {logging_mixin.py:188} INFO - [2025-11-14T03:48:00.418+0000] {dagbag.py:545} INFO - Filling up the DagBag from /opt/airflow/dags/sodai_pipeline.py
[2025-11-14T03:48:00.443+0000] {processor.py:840} INFO - DAG(s) 'sodai_pipeline_dag' retrieved from /opt/airflow/dags/sodai_pipeline.py
[2025-11-14T03:48:00.472+0000] {logging_mixin.py:188} INFO - [2025-11-14T03:48:00.472+0000] {dag.py:3096} INFO - Sync 1 DAGs
[2025-11-14T03:48:00.487+0000] {logging_mixin.py:188} INFO - [2025-11-14T03:48:00.487+0000] {dag.py:3954} INFO - Setting next_dagrun for sodai_pipeline_dag to 2025-11-09 00:00:00+00:00, run_after=2025-11-16 00:00:00+00:00
[2025-11-14T03:48:00.495+0000] {processor.py:183} INFO - Processing /opt/airflow/dags/sodai_pipeline.py took 0.092 seconds
[2025-11-14T04:52:41.898+0000] {processor.py:161} INFO - Started process (PID=1640) to work on /opt/airflow/dags/sodai_pipeline.py
[2025-11-14T04:52:41.900+0000] {processor.py:830} INFO - Processing file /opt/airflow/dags/sodai_pipeline.py for tasks to queue
[2025-11-14T04:52:41.903+0000] {logging_mixin.py:188} INFO - [2025-11-14T04:52:41.902+0000] {dagbag.py:545} INFO - Filling up the DagBag from /opt/airflow/dags/sodai_pipeline.py
[2025-11-14T04:52:41.923+0000] {processor.py:840} INFO - DAG(s) 'sodai_pipeline_dag' retrieved from /opt/airflow/dags/sodai_pipeline.py
[2025-11-14T04:52:41.949+0000] {logging_mixin.py:188} INFO - [2025-11-14T04:52:41.948+0000] {dag.py:3096} INFO - Sync 1 DAGs
[2025-11-14T04:52:41.965+0000] {logging_mixin.py:188} INFO - [2025-11-14T04:52:41.965+0000] {dag.py:3954} INFO - Setting next_dagrun for sodai_pipeline_dag to 2025-11-09 00:00:00+00:00, run_after=2025-11-16 00:00:00+00:00
[2025-11-14T04:52:41.975+0000] {processor.py:183} INFO - Processing /opt/airflow/dags/sodai_pipeline.py took 0.088 seconds
[2025-11-14T06:17:04.867+0000] {processor.py:161} INFO - Started process (PID=1645) to work on /opt/airflow/dags/sodai_pipeline.py
[2025-11-14T06:17:04.868+0000] {processor.py:830} INFO - Processing file /opt/airflow/dags/sodai_pipeline.py for tasks to queue
[2025-11-14T06:17:04.871+0000] {logging_mixin.py:188} INFO - [2025-11-14T06:17:04.870+0000] {dagbag.py:545} INFO - Filling up the DagBag from /opt/airflow/dags/sodai_pipeline.py
[2025-11-14T06:17:04.886+0000] {processor.py:840} INFO - DAG(s) 'sodai_pipeline_dag' retrieved from /opt/airflow/dags/sodai_pipeline.py
[2025-11-14T06:17:04.921+0000] {logging_mixin.py:188} INFO - [2025-11-14T06:17:04.921+0000] {dag.py:3096} INFO - Sync 1 DAGs
[2025-11-14T06:17:04.956+0000] {logging_mixin.py:188} INFO - [2025-11-14T06:17:04.956+0000] {dag.py:3954} INFO - Setting next_dagrun for sodai_pipeline_dag to 2025-11-09 00:00:00+00:00, run_after=2025-11-16 00:00:00+00:00
[2025-11-14T06:17:04.968+0000] {processor.py:183} INFO - Processing /opt/airflow/dags/sodai_pipeline.py took 0.108 seconds
[2025-11-14T07:37:19.791+0000] {processor.py:161} INFO - Started process (PID=1650) to work on /opt/airflow/dags/sodai_pipeline.py
[2025-11-14T07:37:19.793+0000] {processor.py:830} INFO - Processing file /opt/airflow/dags/sodai_pipeline.py for tasks to queue
[2025-11-14T07:37:19.798+0000] {logging_mixin.py:188} INFO - [2025-11-14T07:37:19.798+0000] {dagbag.py:545} INFO - Filling up the DagBag from /opt/airflow/dags/sodai_pipeline.py
[2025-11-14T07:37:19.816+0000] {processor.py:840} INFO - DAG(s) 'sodai_pipeline_dag' retrieved from /opt/airflow/dags/sodai_pipeline.py
[2025-11-14T07:37:20.002+0000] {logging_mixin.py:188} INFO - [2025-11-14T07:37:20.002+0000] {dag.py:3096} INFO - Sync 1 DAGs
[2025-11-14T07:37:20.137+0000] {logging_mixin.py:188} INFO - [2025-11-14T07:37:20.137+0000] {dag.py:3954} INFO - Setting next_dagrun for sodai_pipeline_dag to 2025-11-09 00:00:00+00:00, run_after=2025-11-16 00:00:00+00:00
[2025-11-14T07:37:20.147+0000] {processor.py:183} INFO - Processing /opt/airflow/dags/sodai_pipeline.py took 0.369 seconds
[2025-11-14T08:51:07.774+0000] {processor.py:161} INFO - Started process (PID=1655) to work on /opt/airflow/dags/sodai_pipeline.py
[2025-11-14T08:51:07.778+0000] {processor.py:830} INFO - Processing file /opt/airflow/dags/sodai_pipeline.py for tasks to queue
[2025-11-14T08:51:07.783+0000] {logging_mixin.py:188} INFO - [2025-11-14T08:51:07.783+0000] {dagbag.py:545} INFO - Filling up the DagBag from /opt/airflow/dags/sodai_pipeline.py
[2025-11-14T08:51:07.800+0000] {processor.py:840} INFO - DAG(s) 'sodai_pipeline_dag' retrieved from /opt/airflow/dags/sodai_pipeline.py
[2025-11-14T08:51:07.832+0000] {logging_mixin.py:188} INFO - [2025-11-14T08:51:07.832+0000] {dag.py:3096} INFO - Sync 1 DAGs
[2025-11-14T08:51:07.845+0000] {logging_mixin.py:188} INFO - [2025-11-14T08:51:07.845+0000] {dag.py:3954} INFO - Setting next_dagrun for sodai_pipeline_dag to 2025-11-09 00:00:00+00:00, run_after=2025-11-16 00:00:00+00:00
[2025-11-14T08:51:07.856+0000] {processor.py:183} INFO - Processing /opt/airflow/dags/sodai_pipeline.py took 0.094 seconds
[2025-11-14T09:40:19.465+0000] {processor.py:161} INFO - Started process (PID=1660) to work on /opt/airflow/dags/sodai_pipeline.py
[2025-11-14T09:40:19.468+0000] {processor.py:830} INFO - Processing file /opt/airflow/dags/sodai_pipeline.py for tasks to queue
[2025-11-14T09:40:19.473+0000] {logging_mixin.py:188} INFO - [2025-11-14T09:40:19.473+0000] {dagbag.py:545} INFO - Filling up the DagBag from /opt/airflow/dags/sodai_pipeline.py
[2025-11-14T09:40:19.497+0000] {processor.py:840} INFO - DAG(s) 'sodai_pipeline_dag' retrieved from /opt/airflow/dags/sodai_pipeline.py
[2025-11-14T09:40:19.524+0000] {logging_mixin.py:188} INFO - [2025-11-14T09:40:19.524+0000] {dag.py:3096} INFO - Sync 1 DAGs
[2025-11-14T09:40:19.542+0000] {logging_mixin.py:188} INFO - [2025-11-14T09:40:19.542+0000] {dag.py:3954} INFO - Setting next_dagrun for sodai_pipeline_dag to 2025-11-09 00:00:00+00:00, run_after=2025-11-16 00:00:00+00:00
[2025-11-14T09:40:19.556+0000] {processor.py:183} INFO - Processing /opt/airflow/dags/sodai_pipeline.py took 0.102 seconds
[2025-11-14T10:52:08.662+0000] {processor.py:161} INFO - Started process (PID=1665) to work on /opt/airflow/dags/sodai_pipeline.py
[2025-11-14T10:52:08.663+0000] {processor.py:830} INFO - Processing file /opt/airflow/dags/sodai_pipeline.py for tasks to queue
[2025-11-14T10:52:08.666+0000] {logging_mixin.py:188} INFO - [2025-11-14T10:52:08.665+0000] {dagbag.py:545} INFO - Filling up the DagBag from /opt/airflow/dags/sodai_pipeline.py
[2025-11-14T10:52:08.692+0000] {processor.py:840} INFO - DAG(s) 'sodai_pipeline_dag' retrieved from /opt/airflow/dags/sodai_pipeline.py
[2025-11-14T10:52:08.716+0000] {logging_mixin.py:188} INFO - [2025-11-14T10:52:08.716+0000] {dag.py:3096} INFO - Sync 1 DAGs
[2025-11-14T10:52:08.741+0000] {logging_mixin.py:188} INFO - [2025-11-14T10:52:08.741+0000] {dag.py:3954} INFO - Setting next_dagrun for sodai_pipeline_dag to 2025-11-09 00:00:00+00:00, run_after=2025-11-16 00:00:00+00:00
[2025-11-14T10:52:08.760+0000] {processor.py:183} INFO - Processing /opt/airflow/dags/sodai_pipeline.py took 0.114 seconds
[2025-11-14T11:41:24.147+0000] {processor.py:161} INFO - Started process (PID=1670) to work on /opt/airflow/dags/sodai_pipeline.py
[2025-11-14T11:41:24.152+0000] {processor.py:830} INFO - Processing file /opt/airflow/dags/sodai_pipeline.py for tasks to queue
[2025-11-14T11:41:24.155+0000] {logging_mixin.py:188} INFO - [2025-11-14T11:41:24.154+0000] {dagbag.py:545} INFO - Filling up the DagBag from /opt/airflow/dags/sodai_pipeline.py
[2025-11-14T11:41:24.173+0000] {processor.py:840} INFO - DAG(s) 'sodai_pipeline_dag' retrieved from /opt/airflow/dags/sodai_pipeline.py
[2025-11-14T11:41:24.198+0000] {logging_mixin.py:188} INFO - [2025-11-14T11:41:24.198+0000] {dag.py:3096} INFO - Sync 1 DAGs
[2025-11-14T11:41:24.211+0000] {logging_mixin.py:188} INFO - [2025-11-14T11:41:24.211+0000] {dag.py:3954} INFO - Setting next_dagrun for sodai_pipeline_dag to 2025-11-09 00:00:00+00:00, run_after=2025-11-16 00:00:00+00:00
[2025-11-14T11:41:24.220+0000] {processor.py:183} INFO - Processing /opt/airflow/dags/sodai_pipeline.py took 0.085 seconds
[2025-11-14T12:16:49.262+0000] {processor.py:161} INFO - Started process (PID=1675) to work on /opt/airflow/dags/sodai_pipeline.py
[2025-11-14T12:16:49.264+0000] {processor.py:830} INFO - Processing file /opt/airflow/dags/sodai_pipeline.py for tasks to queue
[2025-11-14T12:16:49.268+0000] {logging_mixin.py:188} INFO - [2025-11-14T12:16:49.268+0000] {dagbag.py:545} INFO - Filling up the DagBag from /opt/airflow/dags/sodai_pipeline.py
[2025-11-14T12:16:49.284+0000] {processor.py:840} INFO - DAG(s) 'sodai_pipeline_dag' retrieved from /opt/airflow/dags/sodai_pipeline.py
[2025-11-14T12:16:49.306+0000] {logging_mixin.py:188} INFO - [2025-11-14T12:16:49.306+0000] {dag.py:3096} INFO - Sync 1 DAGs
[2025-11-14T12:16:49.322+0000] {logging_mixin.py:188} INFO - [2025-11-14T12:16:49.322+0000] {dag.py:3954} INFO - Setting next_dagrun for sodai_pipeline_dag to 2025-11-09 00:00:00+00:00, run_after=2025-11-16 00:00:00+00:00
[2025-11-14T12:16:49.329+0000] {processor.py:183} INFO - Processing /opt/airflow/dags/sodai_pipeline.py took 0.074 seconds
[2025-11-14T12:23:57.238+0000] {processor.py:161} INFO - Started process (PID=1680) to work on /opt/airflow/dags/sodai_pipeline.py
[2025-11-14T12:23:57.240+0000] {processor.py:830} INFO - Processing file /opt/airflow/dags/sodai_pipeline.py for tasks to queue
[2025-11-14T12:23:57.242+0000] {logging_mixin.py:188} INFO - [2025-11-14T12:23:57.242+0000] {dagbag.py:545} INFO - Filling up the DagBag from /opt/airflow/dags/sodai_pipeline.py
[2025-11-14T12:23:57.262+0000] {processor.py:840} INFO - DAG(s) 'sodai_pipeline_dag' retrieved from /opt/airflow/dags/sodai_pipeline.py
[2025-11-14T12:23:57.284+0000] {logging_mixin.py:188} INFO - [2025-11-14T12:23:57.284+0000] {dag.py:3096} INFO - Sync 1 DAGs
[2025-11-14T12:23:57.298+0000] {logging_mixin.py:188} INFO - [2025-11-14T12:23:57.298+0000] {dag.py:3954} INFO - Setting next_dagrun for sodai_pipeline_dag to 2025-11-09 00:00:00+00:00, run_after=2025-11-16 00:00:00+00:00
[2025-11-14T12:23:57.305+0000] {processor.py:183} INFO - Processing /opt/airflow/dags/sodai_pipeline.py took 0.076 seconds
[2025-11-14T12:33:19.566+0000] {processor.py:161} INFO - Started process (PID=1685) to work on /opt/airflow/dags/sodai_pipeline.py
[2025-11-14T12:33:19.569+0000] {processor.py:830} INFO - Processing file /opt/airflow/dags/sodai_pipeline.py for tasks to queue
[2025-11-14T12:33:19.572+0000] {logging_mixin.py:188} INFO - [2025-11-14T12:33:19.571+0000] {dagbag.py:545} INFO - Filling up the DagBag from /opt/airflow/dags/sodai_pipeline.py
[2025-11-14T12:33:19.586+0000] {processor.py:840} INFO - DAG(s) 'sodai_pipeline_dag' retrieved from /opt/airflow/dags/sodai_pipeline.py
[2025-11-14T12:33:19.612+0000] {logging_mixin.py:188} INFO - [2025-11-14T12:33:19.612+0000] {dag.py:3096} INFO - Sync 1 DAGs
[2025-11-14T12:33:19.626+0000] {logging_mixin.py:188} INFO - [2025-11-14T12:33:19.626+0000] {dag.py:3954} INFO - Setting next_dagrun for sodai_pipeline_dag to 2025-11-09 00:00:00+00:00, run_after=2025-11-16 00:00:00+00:00
[2025-11-14T12:33:19.635+0000] {processor.py:183} INFO - Processing /opt/airflow/dags/sodai_pipeline.py took 0.081 seconds
[2025-11-14T12:54:13.193+0000] {processor.py:161} INFO - Started process (PID=1690) to work on /opt/airflow/dags/sodai_pipeline.py
[2025-11-14T12:54:13.194+0000] {processor.py:830} INFO - Processing file /opt/airflow/dags/sodai_pipeline.py for tasks to queue
[2025-11-14T12:54:13.198+0000] {logging_mixin.py:188} INFO - [2025-11-14T12:54:13.197+0000] {dagbag.py:545} INFO - Filling up the DagBag from /opt/airflow/dags/sodai_pipeline.py
[2025-11-14T12:54:13.219+0000] {processor.py:840} INFO - DAG(s) 'sodai_pipeline_dag' retrieved from /opt/airflow/dags/sodai_pipeline.py
[2025-11-14T12:54:13.242+0000] {logging_mixin.py:188} INFO - [2025-11-14T12:54:13.242+0000] {dag.py:3096} INFO - Sync 1 DAGs
[2025-11-14T12:54:13.254+0000] {logging_mixin.py:188} INFO - [2025-11-14T12:54:13.253+0000] {dag.py:3954} INFO - Setting next_dagrun for sodai_pipeline_dag to 2025-11-09 00:00:00+00:00, run_after=2025-11-16 00:00:00+00:00
[2025-11-14T12:54:13.263+0000] {processor.py:183} INFO - Processing /opt/airflow/dags/sodai_pipeline.py took 0.079 seconds
[2025-11-14T13:01:02.495+0000] {processor.py:161} INFO - Started process (PID=1695) to work on /opt/airflow/dags/sodai_pipeline.py
[2025-11-14T13:01:02.499+0000] {processor.py:830} INFO - Processing file /opt/airflow/dags/sodai_pipeline.py for tasks to queue
[2025-11-14T13:01:02.502+0000] {logging_mixin.py:188} INFO - [2025-11-14T13:01:02.501+0000] {dagbag.py:545} INFO - Filling up the DagBag from /opt/airflow/dags/sodai_pipeline.py
[2025-11-14T13:01:02.519+0000] {processor.py:840} INFO - DAG(s) 'sodai_pipeline_dag' retrieved from /opt/airflow/dags/sodai_pipeline.py
[2025-11-14T13:01:02.543+0000] {logging_mixin.py:188} INFO - [2025-11-14T13:01:02.542+0000] {dag.py:3096} INFO - Sync 1 DAGs
[2025-11-14T13:01:02.554+0000] {logging_mixin.py:188} INFO - [2025-11-14T13:01:02.554+0000] {dag.py:3954} INFO - Setting next_dagrun for sodai_pipeline_dag to 2025-11-09 00:00:00+00:00, run_after=2025-11-16 00:00:00+00:00
[2025-11-14T13:01:02.562+0000] {processor.py:183} INFO - Processing /opt/airflow/dags/sodai_pipeline.py took 0.078 seconds
[2025-11-14T13:04:56.974+0000] {processor.py:161} INFO - Started process (PID=1700) to work on /opt/airflow/dags/sodai_pipeline.py
[2025-11-14T13:04:56.977+0000] {processor.py:830} INFO - Processing file /opt/airflow/dags/sodai_pipeline.py for tasks to queue
[2025-11-14T13:04:56.982+0000] {logging_mixin.py:188} INFO - [2025-11-14T13:04:56.982+0000] {dagbag.py:545} INFO - Filling up the DagBag from /opt/airflow/dags/sodai_pipeline.py
[2025-11-14T13:04:56.999+0000] {processor.py:840} INFO - DAG(s) 'sodai_pipeline_dag' retrieved from /opt/airflow/dags/sodai_pipeline.py
[2025-11-14T13:04:57.023+0000] {logging_mixin.py:188} INFO - [2025-11-14T13:04:57.023+0000] {dag.py:3096} INFO - Sync 1 DAGs
[2025-11-14T13:04:57.041+0000] {logging_mixin.py:188} INFO - [2025-11-14T13:04:57.041+0000] {dag.py:3954} INFO - Setting next_dagrun for sodai_pipeline_dag to 2025-11-09 00:00:00+00:00, run_after=2025-11-16 00:00:00+00:00
[2025-11-14T13:04:57.051+0000] {processor.py:183} INFO - Processing /opt/airflow/dags/sodai_pipeline.py took 0.101 seconds
[2025-11-14T13:08:32.382+0000] {processor.py:161} INFO - Started process (PID=1705) to work on /opt/airflow/dags/sodai_pipeline.py
[2025-11-14T13:08:32.384+0000] {processor.py:830} INFO - Processing file /opt/airflow/dags/sodai_pipeline.py for tasks to queue
[2025-11-14T13:08:32.387+0000] {logging_mixin.py:188} INFO - [2025-11-14T13:08:32.386+0000] {dagbag.py:545} INFO - Filling up the DagBag from /opt/airflow/dags/sodai_pipeline.py
[2025-11-14T13:08:32.406+0000] {processor.py:840} INFO - DAG(s) 'sodai_pipeline_dag' retrieved from /opt/airflow/dags/sodai_pipeline.py
[2025-11-14T13:08:32.431+0000] {logging_mixin.py:188} INFO - [2025-11-14T13:08:32.431+0000] {dag.py:3096} INFO - Sync 1 DAGs
[2025-11-14T13:08:32.448+0000] {logging_mixin.py:188} INFO - [2025-11-14T13:08:32.448+0000] {dag.py:3954} INFO - Setting next_dagrun for sodai_pipeline_dag to 2025-11-09 00:00:00+00:00, run_after=2025-11-16 00:00:00+00:00
[2025-11-14T13:08:32.456+0000] {processor.py:183} INFO - Processing /opt/airflow/dags/sodai_pipeline.py took 0.088 seconds
[2025-11-14T13:16:45.151+0000] {processor.py:161} INFO - Started process (PID=1710) to work on /opt/airflow/dags/sodai_pipeline.py
[2025-11-14T13:16:45.153+0000] {processor.py:830} INFO - Processing file /opt/airflow/dags/sodai_pipeline.py for tasks to queue
[2025-11-14T13:16:45.155+0000] {logging_mixin.py:188} INFO - [2025-11-14T13:16:45.155+0000] {dagbag.py:545} INFO - Filling up the DagBag from /opt/airflow/dags/sodai_pipeline.py
[2025-11-14T13:16:45.170+0000] {processor.py:840} INFO - DAG(s) 'sodai_pipeline_dag' retrieved from /opt/airflow/dags/sodai_pipeline.py
[2025-11-14T13:16:45.198+0000] {logging_mixin.py:188} INFO - [2025-11-14T13:16:45.198+0000] {dag.py:3096} INFO - Sync 1 DAGs
[2025-11-14T13:16:45.212+0000] {logging_mixin.py:188} INFO - [2025-11-14T13:16:45.212+0000] {dag.py:3954} INFO - Setting next_dagrun for sodai_pipeline_dag to 2025-11-09 00:00:00+00:00, run_after=2025-11-16 00:00:00+00:00
[2025-11-14T13:16:45.220+0000] {processor.py:183} INFO - Processing /opt/airflow/dags/sodai_pipeline.py took 0.080 seconds
[2025-11-14T13:17:15.600+0000] {processor.py:161} INFO - Started process (PID=1715) to work on /opt/airflow/dags/sodai_pipeline.py
[2025-11-14T13:17:15.601+0000] {processor.py:830} INFO - Processing file /opt/airflow/dags/sodai_pipeline.py for tasks to queue
[2025-11-14T13:17:15.604+0000] {logging_mixin.py:188} INFO - [2025-11-14T13:17:15.604+0000] {dagbag.py:545} INFO - Filling up the DagBag from /opt/airflow/dags/sodai_pipeline.py
[2025-11-14T13:17:15.620+0000] {processor.py:840} INFO - DAG(s) 'sodai_pipeline_dag' retrieved from /opt/airflow/dags/sodai_pipeline.py
[2025-11-14T13:17:15.643+0000] {logging_mixin.py:188} INFO - [2025-11-14T13:17:15.643+0000] {dag.py:3096} INFO - Sync 1 DAGs
[2025-11-14T13:17:15.656+0000] {logging_mixin.py:188} INFO - [2025-11-14T13:17:15.656+0000] {dag.py:3954} INFO - Setting next_dagrun for sodai_pipeline_dag to 2025-11-09 00:00:00+00:00, run_after=2025-11-16 00:00:00+00:00
[2025-11-14T13:17:15.665+0000] {processor.py:183} INFO - Processing /opt/airflow/dags/sodai_pipeline.py took 0.075 seconds
[2025-11-14T13:17:45.972+0000] {processor.py:161} INFO - Started process (PID=1720) to work on /opt/airflow/dags/sodai_pipeline.py
[2025-11-14T13:17:45.974+0000] {processor.py:830} INFO - Processing file /opt/airflow/dags/sodai_pipeline.py for tasks to queue
[2025-11-14T13:17:45.977+0000] {logging_mixin.py:188} INFO - [2025-11-14T13:17:45.976+0000] {dagbag.py:545} INFO - Filling up the DagBag from /opt/airflow/dags/sodai_pipeline.py
[2025-11-14T13:17:46.007+0000] {processor.py:840} INFO - DAG(s) 'sodai_pipeline_dag' retrieved from /opt/airflow/dags/sodai_pipeline.py
[2025-11-14T13:17:46.038+0000] {logging_mixin.py:188} INFO - [2025-11-14T13:17:46.038+0000] {dag.py:3096} INFO - Sync 1 DAGs
[2025-11-14T13:17:46.058+0000] {logging_mixin.py:188} INFO - [2025-11-14T13:17:46.058+0000] {dag.py:3954} INFO - Setting next_dagrun for sodai_pipeline_dag to 2025-11-09 00:00:00+00:00, run_after=2025-11-16 00:00:00+00:00
[2025-11-14T13:17:46.067+0000] {processor.py:183} INFO - Processing /opt/airflow/dags/sodai_pipeline.py took 0.102 seconds
[2025-11-14T13:18:16.292+0000] {processor.py:161} INFO - Started process (PID=1725) to work on /opt/airflow/dags/sodai_pipeline.py
[2025-11-14T13:18:16.295+0000] {processor.py:830} INFO - Processing file /opt/airflow/dags/sodai_pipeline.py for tasks to queue
[2025-11-14T13:18:16.297+0000] {logging_mixin.py:188} INFO - [2025-11-14T13:18:16.297+0000] {dagbag.py:545} INFO - Filling up the DagBag from /opt/airflow/dags/sodai_pipeline.py
[2025-11-14T13:18:16.312+0000] {processor.py:840} INFO - DAG(s) 'sodai_pipeline_dag' retrieved from /opt/airflow/dags/sodai_pipeline.py
[2025-11-14T13:18:16.333+0000] {logging_mixin.py:188} INFO - [2025-11-14T13:18:16.333+0000] {dag.py:3096} INFO - Sync 1 DAGs
[2025-11-14T13:18:16.345+0000] {logging_mixin.py:188} INFO - [2025-11-14T13:18:16.345+0000] {dag.py:3954} INFO - Setting next_dagrun for sodai_pipeline_dag to 2025-11-09 00:00:00+00:00, run_after=2025-11-16 00:00:00+00:00
[2025-11-14T13:18:16.353+0000] {processor.py:183} INFO - Processing /opt/airflow/dags/sodai_pipeline.py took 0.072 seconds
[2025-11-14T13:18:46.602+0000] {processor.py:161} INFO - Started process (PID=1730) to work on /opt/airflow/dags/sodai_pipeline.py
[2025-11-14T13:18:46.604+0000] {processor.py:830} INFO - Processing file /opt/airflow/dags/sodai_pipeline.py for tasks to queue
[2025-11-14T13:18:46.610+0000] {logging_mixin.py:188} INFO - [2025-11-14T13:18:46.610+0000] {dagbag.py:545} INFO - Filling up the DagBag from /opt/airflow/dags/sodai_pipeline.py
[2025-11-14T13:18:46.627+0000] {processor.py:840} INFO - DAG(s) 'sodai_pipeline_dag' retrieved from /opt/airflow/dags/sodai_pipeline.py
[2025-11-14T13:18:46.654+0000] {logging_mixin.py:188} INFO - [2025-11-14T13:18:46.654+0000] {dag.py:3096} INFO - Sync 1 DAGs
[2025-11-14T13:18:46.673+0000] {logging_mixin.py:188} INFO - [2025-11-14T13:18:46.673+0000] {dag.py:3954} INFO - Setting next_dagrun for sodai_pipeline_dag to 2025-11-09 00:00:00+00:00, run_after=2025-11-16 00:00:00+00:00
[2025-11-14T13:18:46.685+0000] {processor.py:183} INFO - Processing /opt/airflow/dags/sodai_pipeline.py took 0.097 seconds
[2025-11-14T13:19:16.889+0000] {processor.py:161} INFO - Started process (PID=1735) to work on /opt/airflow/dags/sodai_pipeline.py
[2025-11-14T13:19:16.891+0000] {processor.py:830} INFO - Processing file /opt/airflow/dags/sodai_pipeline.py for tasks to queue
[2025-11-14T13:19:16.894+0000] {logging_mixin.py:188} INFO - [2025-11-14T13:19:16.893+0000] {dagbag.py:545} INFO - Filling up the DagBag from /opt/airflow/dags/sodai_pipeline.py
[2025-11-14T13:19:16.916+0000] {processor.py:840} INFO - DAG(s) 'sodai_pipeline_dag' retrieved from /opt/airflow/dags/sodai_pipeline.py
[2025-11-14T13:19:16.947+0000] {logging_mixin.py:188} INFO - [2025-11-14T13:19:16.947+0000] {dag.py:3096} INFO - Sync 1 DAGs
[2025-11-14T13:19:16.967+0000] {logging_mixin.py:188} INFO - [2025-11-14T13:19:16.966+0000] {dag.py:3954} INFO - Setting next_dagrun for sodai_pipeline_dag to 2025-11-09 00:00:00+00:00, run_after=2025-11-16 00:00:00+00:00
[2025-11-14T13:19:16.982+0000] {processor.py:183} INFO - Processing /opt/airflow/dags/sodai_pipeline.py took 0.107 seconds
[2025-11-14T13:19:47.169+0000] {processor.py:161} INFO - Started process (PID=1740) to work on /opt/airflow/dags/sodai_pipeline.py
[2025-11-14T13:19:47.170+0000] {processor.py:830} INFO - Processing file /opt/airflow/dags/sodai_pipeline.py for tasks to queue
[2025-11-14T13:19:47.173+0000] {logging_mixin.py:188} INFO - [2025-11-14T13:19:47.173+0000] {dagbag.py:545} INFO - Filling up the DagBag from /opt/airflow/dags/sodai_pipeline.py
[2025-11-14T13:19:47.188+0000] {processor.py:840} INFO - DAG(s) 'sodai_pipeline_dag' retrieved from /opt/airflow/dags/sodai_pipeline.py
[2025-11-14T13:19:47.206+0000] {logging_mixin.py:188} INFO - [2025-11-14T13:19:47.206+0000] {dag.py:3096} INFO - Sync 1 DAGs
[2025-11-14T13:19:47.219+0000] {logging_mixin.py:188} INFO - [2025-11-14T13:19:47.219+0000] {dag.py:3954} INFO - Setting next_dagrun for sodai_pipeline_dag to 2025-11-09 00:00:00+00:00, run_after=2025-11-16 00:00:00+00:00
[2025-11-14T13:19:47.228+0000] {processor.py:183} INFO - Processing /opt/airflow/dags/sodai_pipeline.py took 0.067 seconds
[2025-11-14T13:20:17.457+0000] {processor.py:161} INFO - Started process (PID=1745) to work on /opt/airflow/dags/sodai_pipeline.py
[2025-11-14T13:20:17.459+0000] {processor.py:830} INFO - Processing file /opt/airflow/dags/sodai_pipeline.py for tasks to queue
[2025-11-14T13:20:17.468+0000] {logging_mixin.py:188} INFO - [2025-11-14T13:20:17.467+0000] {dagbag.py:545} INFO - Filling up the DagBag from /opt/airflow/dags/sodai_pipeline.py
[2025-11-14T13:20:17.493+0000] {processor.py:840} INFO - DAG(s) 'sodai_pipeline_dag' retrieved from /opt/airflow/dags/sodai_pipeline.py
[2025-11-14T13:20:17.527+0000] {logging_mixin.py:188} INFO - [2025-11-14T13:20:17.527+0000] {dag.py:3096} INFO - Sync 1 DAGs
[2025-11-14T13:20:17.545+0000] {logging_mixin.py:188} INFO - [2025-11-14T13:20:17.544+0000] {dag.py:3954} INFO - Setting next_dagrun for sodai_pipeline_dag to 2025-11-09 00:00:00+00:00, run_after=2025-11-16 00:00:00+00:00
[2025-11-14T13:20:17.557+0000] {processor.py:183} INFO - Processing /opt/airflow/dags/sodai_pipeline.py took 0.110 seconds
[2025-11-14T13:20:47.704+0000] {processor.py:161} INFO - Started process (PID=1750) to work on /opt/airflow/dags/sodai_pipeline.py
[2025-11-14T13:20:47.706+0000] {processor.py:830} INFO - Processing file /opt/airflow/dags/sodai_pipeline.py for tasks to queue
[2025-11-14T13:20:47.714+0000] {logging_mixin.py:188} INFO - [2025-11-14T13:20:47.713+0000] {dagbag.py:545} INFO - Filling up the DagBag from /opt/airflow/dags/sodai_pipeline.py
[2025-11-14T13:20:47.735+0000] {processor.py:840} INFO - DAG(s) 'sodai_pipeline_dag' retrieved from /opt/airflow/dags/sodai_pipeline.py
[2025-11-14T13:20:47.775+0000] {logging_mixin.py:188} INFO - [2025-11-14T13:20:47.775+0000] {dag.py:3096} INFO - Sync 1 DAGs
[2025-11-14T13:20:47.795+0000] {logging_mixin.py:188} INFO - [2025-11-14T13:20:47.795+0000] {dag.py:3954} INFO - Setting next_dagrun for sodai_pipeline_dag to 2025-11-09 00:00:00+00:00, run_after=2025-11-16 00:00:00+00:00
[2025-11-14T13:20:47.810+0000] {processor.py:183} INFO - Processing /opt/airflow/dags/sodai_pipeline.py took 0.114 seconds
[2025-11-14T13:21:18.151+0000] {processor.py:161} INFO - Started process (PID=1755) to work on /opt/airflow/dags/sodai_pipeline.py
[2025-11-14T13:21:18.154+0000] {processor.py:830} INFO - Processing file /opt/airflow/dags/sodai_pipeline.py for tasks to queue
[2025-11-14T13:21:18.156+0000] {logging_mixin.py:188} INFO - [2025-11-14T13:21:18.156+0000] {dagbag.py:545} INFO - Filling up the DagBag from /opt/airflow/dags/sodai_pipeline.py
[2025-11-14T13:21:18.173+0000] {processor.py:840} INFO - DAG(s) 'sodai_pipeline_dag' retrieved from /opt/airflow/dags/sodai_pipeline.py
[2025-11-14T13:21:18.195+0000] {logging_mixin.py:188} INFO - [2025-11-14T13:21:18.195+0000] {dag.py:3096} INFO - Sync 1 DAGs
[2025-11-14T13:21:18.209+0000] {logging_mixin.py:188} INFO - [2025-11-14T13:21:18.209+0000] {dag.py:3954} INFO - Setting next_dagrun for sodai_pipeline_dag to 2025-11-09 00:00:00+00:00, run_after=2025-11-16 00:00:00+00:00
[2025-11-14T13:21:18.217+0000] {processor.py:183} INFO - Processing /opt/airflow/dags/sodai_pipeline.py took 0.078 seconds
[2025-11-14T13:21:48.507+0000] {processor.py:161} INFO - Started process (PID=1760) to work on /opt/airflow/dags/sodai_pipeline.py
[2025-11-14T13:21:48.509+0000] {processor.py:830} INFO - Processing file /opt/airflow/dags/sodai_pipeline.py for tasks to queue
[2025-11-14T13:21:48.511+0000] {logging_mixin.py:188} INFO - [2025-11-14T13:21:48.510+0000] {dagbag.py:545} INFO - Filling up the DagBag from /opt/airflow/dags/sodai_pipeline.py
[2025-11-14T13:21:48.523+0000] {processor.py:840} INFO - DAG(s) 'sodai_pipeline_dag' retrieved from /opt/airflow/dags/sodai_pipeline.py
[2025-11-14T13:21:48.548+0000] {logging_mixin.py:188} INFO - [2025-11-14T13:21:48.547+0000] {dag.py:3096} INFO - Sync 1 DAGs
[2025-11-14T13:21:48.562+0000] {logging_mixin.py:188} INFO - [2025-11-14T13:21:48.562+0000] {dag.py:3954} INFO - Setting next_dagrun for sodai_pipeline_dag to 2025-11-09 00:00:00+00:00, run_after=2025-11-16 00:00:00+00:00
[2025-11-14T13:21:48.570+0000] {processor.py:183} INFO - Processing /opt/airflow/dags/sodai_pipeline.py took 0.069 seconds
[2025-11-14T13:22:18.900+0000] {processor.py:161} INFO - Started process (PID=1765) to work on /opt/airflow/dags/sodai_pipeline.py
[2025-11-14T13:22:18.903+0000] {processor.py:830} INFO - Processing file /opt/airflow/dags/sodai_pipeline.py for tasks to queue
[2025-11-14T13:22:18.906+0000] {logging_mixin.py:188} INFO - [2025-11-14T13:22:18.905+0000] {dagbag.py:545} INFO - Filling up the DagBag from /opt/airflow/dags/sodai_pipeline.py
[2025-11-14T13:22:18.918+0000] {processor.py:840} INFO - DAG(s) 'sodai_pipeline_dag' retrieved from /opt/airflow/dags/sodai_pipeline.py
[2025-11-14T13:22:18.945+0000] {logging_mixin.py:188} INFO - [2025-11-14T13:22:18.945+0000] {dag.py:3096} INFO - Sync 1 DAGs
[2025-11-14T13:22:18.961+0000] {logging_mixin.py:188} INFO - [2025-11-14T13:22:18.961+0000] {dag.py:3954} INFO - Setting next_dagrun for sodai_pipeline_dag to 2025-11-09 00:00:00+00:00, run_after=2025-11-16 00:00:00+00:00
[2025-11-14T13:22:18.970+0000] {processor.py:183} INFO - Processing /opt/airflow/dags/sodai_pipeline.py took 0.092 seconds
[2025-11-14T13:22:49.274+0000] {processor.py:161} INFO - Started process (PID=1770) to work on /opt/airflow/dags/sodai_pipeline.py
[2025-11-14T13:22:49.279+0000] {processor.py:830} INFO - Processing file /opt/airflow/dags/sodai_pipeline.py for tasks to queue
[2025-11-14T13:22:49.286+0000] {logging_mixin.py:188} INFO - [2025-11-14T13:22:49.285+0000] {dagbag.py:545} INFO - Filling up the DagBag from /opt/airflow/dags/sodai_pipeline.py
[2025-11-14T13:22:49.308+0000] {processor.py:840} INFO - DAG(s) 'sodai_pipeline_dag' retrieved from /opt/airflow/dags/sodai_pipeline.py
[2025-11-14T13:22:49.339+0000] {logging_mixin.py:188} INFO - [2025-11-14T13:22:49.339+0000] {dag.py:3096} INFO - Sync 1 DAGs
[2025-11-14T13:22:49.356+0000] {logging_mixin.py:188} INFO - [2025-11-14T13:22:49.356+0000] {dag.py:3954} INFO - Setting next_dagrun for sodai_pipeline_dag to 2025-11-09 00:00:00+00:00, run_after=2025-11-16 00:00:00+00:00
[2025-11-14T13:22:49.368+0000] {processor.py:183} INFO - Processing /opt/airflow/dags/sodai_pipeline.py took 0.115 seconds
[2025-11-14T13:23:19.627+0000] {processor.py:161} INFO - Started process (PID=1775) to work on /opt/airflow/dags/sodai_pipeline.py
[2025-11-14T13:23:19.630+0000] {processor.py:830} INFO - Processing file /opt/airflow/dags/sodai_pipeline.py for tasks to queue
[2025-11-14T13:23:19.636+0000] {logging_mixin.py:188} INFO - [2025-11-14T13:23:19.636+0000] {dagbag.py:545} INFO - Filling up the DagBag from /opt/airflow/dags/sodai_pipeline.py
[2025-11-14T13:23:19.663+0000] {processor.py:840} INFO - DAG(s) 'sodai_pipeline_dag' retrieved from /opt/airflow/dags/sodai_pipeline.py
[2025-11-14T13:23:19.694+0000] {logging_mixin.py:188} INFO - [2025-11-14T13:23:19.694+0000] {dag.py:3096} INFO - Sync 1 DAGs
[2025-11-14T13:23:19.709+0000] {logging_mixin.py:188} INFO - [2025-11-14T13:23:19.709+0000] {dag.py:3954} INFO - Setting next_dagrun for sodai_pipeline_dag to 2025-11-09 00:00:00+00:00, run_after=2025-11-16 00:00:00+00:00
[2025-11-14T13:23:19.718+0000] {processor.py:183} INFO - Processing /opt/airflow/dags/sodai_pipeline.py took 0.108 seconds
[2025-11-14T13:23:50.014+0000] {processor.py:161} INFO - Started process (PID=1780) to work on /opt/airflow/dags/sodai_pipeline.py
[2025-11-14T13:23:50.016+0000] {processor.py:830} INFO - Processing file /opt/airflow/dags/sodai_pipeline.py for tasks to queue
[2025-11-14T13:23:50.020+0000] {logging_mixin.py:188} INFO - [2025-11-14T13:23:50.019+0000] {dagbag.py:545} INFO - Filling up the DagBag from /opt/airflow/dags/sodai_pipeline.py
[2025-11-14T13:23:50.041+0000] {processor.py:840} INFO - DAG(s) 'sodai_pipeline_dag' retrieved from /opt/airflow/dags/sodai_pipeline.py
[2025-11-14T13:23:50.071+0000] {logging_mixin.py:188} INFO - [2025-11-14T13:23:50.071+0000] {dag.py:3096} INFO - Sync 1 DAGs
[2025-11-14T13:23:50.090+0000] {logging_mixin.py:188} INFO - [2025-11-14T13:23:50.090+0000] {dag.py:3954} INFO - Setting next_dagrun for sodai_pipeline_dag to 2025-11-09 00:00:00+00:00, run_after=2025-11-16 00:00:00+00:00
[2025-11-14T13:23:50.100+0000] {processor.py:183} INFO - Processing /opt/airflow/dags/sodai_pipeline.py took 0.105 seconds
[2025-11-14T13:24:20.363+0000] {processor.py:161} INFO - Started process (PID=1785) to work on /opt/airflow/dags/sodai_pipeline.py
[2025-11-14T13:24:20.366+0000] {processor.py:830} INFO - Processing file /opt/airflow/dags/sodai_pipeline.py for tasks to queue
[2025-11-14T13:24:20.369+0000] {logging_mixin.py:188} INFO - [2025-11-14T13:24:20.369+0000] {dagbag.py:545} INFO - Filling up the DagBag from /opt/airflow/dags/sodai_pipeline.py
[2025-11-14T13:24:20.384+0000] {processor.py:840} INFO - DAG(s) 'sodai_pipeline_dag' retrieved from /opt/airflow/dags/sodai_pipeline.py
[2025-11-14T13:24:20.406+0000] {logging_mixin.py:188} INFO - [2025-11-14T13:24:20.406+0000] {dag.py:3096} INFO - Sync 1 DAGs
[2025-11-14T13:24:20.420+0000] {logging_mixin.py:188} INFO - [2025-11-14T13:24:20.420+0000] {dag.py:3954} INFO - Setting next_dagrun for sodai_pipeline_dag to 2025-11-09 00:00:00+00:00, run_after=2025-11-16 00:00:00+00:00
[2025-11-14T13:24:20.428+0000] {processor.py:183} INFO - Processing /opt/airflow/dags/sodai_pipeline.py took 0.076 seconds
[2025-11-14T13:24:50.751+0000] {processor.py:161} INFO - Started process (PID=1790) to work on /opt/airflow/dags/sodai_pipeline.py
[2025-11-14T13:24:50.753+0000] {processor.py:830} INFO - Processing file /opt/airflow/dags/sodai_pipeline.py for tasks to queue
[2025-11-14T13:24:50.756+0000] {logging_mixin.py:188} INFO - [2025-11-14T13:24:50.756+0000] {dagbag.py:545} INFO - Filling up the DagBag from /opt/airflow/dags/sodai_pipeline.py
[2025-11-14T13:24:50.770+0000] {processor.py:840} INFO - DAG(s) 'sodai_pipeline_dag' retrieved from /opt/airflow/dags/sodai_pipeline.py
[2025-11-14T13:24:50.793+0000] {logging_mixin.py:188} INFO - [2025-11-14T13:24:50.793+0000] {dag.py:3096} INFO - Sync 1 DAGs
[2025-11-14T13:24:50.806+0000] {logging_mixin.py:188} INFO - [2025-11-14T13:24:50.806+0000] {dag.py:3954} INFO - Setting next_dagrun for sodai_pipeline_dag to 2025-11-09 00:00:00+00:00, run_after=2025-11-16 00:00:00+00:00
[2025-11-14T13:24:50.815+0000] {processor.py:183} INFO - Processing /opt/airflow/dags/sodai_pipeline.py took 0.076 seconds
[2025-11-14T13:25:21.039+0000] {processor.py:161} INFO - Started process (PID=1795) to work on /opt/airflow/dags/sodai_pipeline.py
[2025-11-14T13:25:21.040+0000] {processor.py:830} INFO - Processing file /opt/airflow/dags/sodai_pipeline.py for tasks to queue
[2025-11-14T13:25:21.042+0000] {logging_mixin.py:188} INFO - [2025-11-14T13:25:21.042+0000] {dagbag.py:545} INFO - Filling up the DagBag from /opt/airflow/dags/sodai_pipeline.py
[2025-11-14T13:25:21.055+0000] {processor.py:840} INFO - DAG(s) 'sodai_pipeline_dag' retrieved from /opt/airflow/dags/sodai_pipeline.py
[2025-11-14T13:25:21.073+0000] {logging_mixin.py:188} INFO - [2025-11-14T13:25:21.073+0000] {dag.py:3096} INFO - Sync 1 DAGs
[2025-11-14T13:25:21.085+0000] {logging_mixin.py:188} INFO - [2025-11-14T13:25:21.085+0000] {dag.py:3954} INFO - Setting next_dagrun for sodai_pipeline_dag to 2025-11-09 00:00:00+00:00, run_after=2025-11-16 00:00:00+00:00
[2025-11-14T13:25:21.093+0000] {processor.py:183} INFO - Processing /opt/airflow/dags/sodai_pipeline.py took 0.062 seconds
[2025-11-14T13:25:51.339+0000] {processor.py:161} INFO - Started process (PID=1800) to work on /opt/airflow/dags/sodai_pipeline.py
[2025-11-14T13:25:51.341+0000] {processor.py:830} INFO - Processing file /opt/airflow/dags/sodai_pipeline.py for tasks to queue
[2025-11-14T13:25:51.342+0000] {logging_mixin.py:188} INFO - [2025-11-14T13:25:51.342+0000] {dagbag.py:545} INFO - Filling up the DagBag from /opt/airflow/dags/sodai_pipeline.py
[2025-11-14T13:25:51.357+0000] {processor.py:840} INFO - DAG(s) 'sodai_pipeline_dag' retrieved from /opt/airflow/dags/sodai_pipeline.py
[2025-11-14T13:25:51.382+0000] {logging_mixin.py:188} INFO - [2025-11-14T13:25:51.382+0000] {dag.py:3096} INFO - Sync 1 DAGs
[2025-11-14T13:25:51.398+0000] {logging_mixin.py:188} INFO - [2025-11-14T13:25:51.398+0000] {dag.py:3954} INFO - Setting next_dagrun for sodai_pipeline_dag to 2025-11-09 00:00:00+00:00, run_after=2025-11-16 00:00:00+00:00
[2025-11-14T13:25:51.407+0000] {processor.py:183} INFO - Processing /opt/airflow/dags/sodai_pipeline.py took 0.074 seconds
[2025-11-14T13:26:21.657+0000] {processor.py:161} INFO - Started process (PID=1805) to work on /opt/airflow/dags/sodai_pipeline.py
[2025-11-14T13:26:21.660+0000] {processor.py:830} INFO - Processing file /opt/airflow/dags/sodai_pipeline.py for tasks to queue
[2025-11-14T13:26:21.664+0000] {logging_mixin.py:188} INFO - [2025-11-14T13:26:21.664+0000] {dagbag.py:545} INFO - Filling up the DagBag from /opt/airflow/dags/sodai_pipeline.py
[2025-11-14T13:26:21.679+0000] {processor.py:840} INFO - DAG(s) 'sodai_pipeline_dag' retrieved from /opt/airflow/dags/sodai_pipeline.py
[2025-11-14T13:26:21.696+0000] {logging_mixin.py:188} INFO - [2025-11-14T13:26:21.696+0000] {dag.py:3096} INFO - Sync 1 DAGs
[2025-11-14T13:26:21.708+0000] {logging_mixin.py:188} INFO - [2025-11-14T13:26:21.708+0000] {dag.py:3954} INFO - Setting next_dagrun for sodai_pipeline_dag to 2025-11-09 00:00:00+00:00, run_after=2025-11-16 00:00:00+00:00
[2025-11-14T13:26:21.716+0000] {processor.py:183} INFO - Processing /opt/airflow/dags/sodai_pipeline.py took 0.075 seconds
[2025-11-14T13:26:51.947+0000] {processor.py:161} INFO - Started process (PID=1810) to work on /opt/airflow/dags/sodai_pipeline.py
[2025-11-14T13:26:51.950+0000] {processor.py:830} INFO - Processing file /opt/airflow/dags/sodai_pipeline.py for tasks to queue
[2025-11-14T13:26:51.952+0000] {logging_mixin.py:188} INFO - [2025-11-14T13:26:51.951+0000] {dagbag.py:545} INFO - Filling up the DagBag from /opt/airflow/dags/sodai_pipeline.py
[2025-11-14T13:26:51.967+0000] {processor.py:840} INFO - DAG(s) 'sodai_pipeline_dag' retrieved from /opt/airflow/dags/sodai_pipeline.py
[2025-11-14T13:26:52.002+0000] {logging_mixin.py:188} INFO - [2025-11-14T13:26:52.002+0000] {dag.py:3096} INFO - Sync 1 DAGs
[2025-11-14T13:26:52.023+0000] {logging_mixin.py:188} INFO - [2025-11-14T13:26:52.023+0000] {dag.py:3954} INFO - Setting next_dagrun for sodai_pipeline_dag to 2025-11-09 00:00:00+00:00, run_after=2025-11-16 00:00:00+00:00
[2025-11-14T13:26:52.032+0000] {processor.py:183} INFO - Processing /opt/airflow/dags/sodai_pipeline.py took 0.094 seconds
[2025-11-14T13:27:22.277+0000] {processor.py:161} INFO - Started process (PID=1815) to work on /opt/airflow/dags/sodai_pipeline.py
[2025-11-14T13:27:22.280+0000] {processor.py:830} INFO - Processing file /opt/airflow/dags/sodai_pipeline.py for tasks to queue
[2025-11-14T13:27:22.284+0000] {logging_mixin.py:188} INFO - [2025-11-14T13:27:22.283+0000] {dagbag.py:545} INFO - Filling up the DagBag from /opt/airflow/dags/sodai_pipeline.py
[2025-11-14T13:27:22.311+0000] {processor.py:840} INFO - DAG(s) 'sodai_pipeline_dag' retrieved from /opt/airflow/dags/sodai_pipeline.py
[2025-11-14T13:27:22.339+0000] {logging_mixin.py:188} INFO - [2025-11-14T13:27:22.339+0000] {dag.py:3096} INFO - Sync 1 DAGs
[2025-11-14T13:27:22.355+0000] {logging_mixin.py:188} INFO - [2025-11-14T13:27:22.355+0000] {dag.py:3954} INFO - Setting next_dagrun for sodai_pipeline_dag to 2025-11-09 00:00:00+00:00, run_after=2025-11-16 00:00:00+00:00
[2025-11-14T13:27:22.367+0000] {processor.py:183} INFO - Processing /opt/airflow/dags/sodai_pipeline.py took 0.100 seconds
[2025-11-14T13:27:52.683+0000] {processor.py:161} INFO - Started process (PID=1820) to work on /opt/airflow/dags/sodai_pipeline.py
[2025-11-14T13:27:52.684+0000] {processor.py:830} INFO - Processing file /opt/airflow/dags/sodai_pipeline.py for tasks to queue
[2025-11-14T13:27:52.687+0000] {logging_mixin.py:188} INFO - [2025-11-14T13:27:52.686+0000] {dagbag.py:545} INFO - Filling up the DagBag from /opt/airflow/dags/sodai_pipeline.py
[2025-11-14T13:27:52.705+0000] {processor.py:840} INFO - DAG(s) 'sodai_pipeline_dag' retrieved from /opt/airflow/dags/sodai_pipeline.py
[2025-11-14T13:27:52.730+0000] {logging_mixin.py:188} INFO - [2025-11-14T13:27:52.730+0000] {dag.py:3096} INFO - Sync 1 DAGs
[2025-11-14T13:27:52.746+0000] {logging_mixin.py:188} INFO - [2025-11-14T13:27:52.746+0000] {dag.py:3954} INFO - Setting next_dagrun for sodai_pipeline_dag to 2025-11-09 00:00:00+00:00, run_after=2025-11-16 00:00:00+00:00
[2025-11-14T13:27:52.761+0000] {processor.py:183} INFO - Processing /opt/airflow/dags/sodai_pipeline.py took 0.086 seconds
[2025-11-14T13:28:22.990+0000] {processor.py:161} INFO - Started process (PID=1825) to work on /opt/airflow/dags/sodai_pipeline.py
[2025-11-14T13:28:22.991+0000] {processor.py:830} INFO - Processing file /opt/airflow/dags/sodai_pipeline.py for tasks to queue
[2025-11-14T13:28:22.992+0000] {logging_mixin.py:188} INFO - [2025-11-14T13:28:22.992+0000] {dagbag.py:545} INFO - Filling up the DagBag from /opt/airflow/dags/sodai_pipeline.py
[2025-11-14T13:28:23.000+0000] {processor.py:840} INFO - DAG(s) 'sodai_pipeline_dag' retrieved from /opt/airflow/dags/sodai_pipeline.py
[2025-11-14T13:28:23.021+0000] {logging_mixin.py:188} INFO - [2025-11-14T13:28:23.021+0000] {dag.py:3096} INFO - Sync 1 DAGs
[2025-11-14T13:28:23.035+0000] {logging_mixin.py:188} INFO - [2025-11-14T13:28:23.034+0000] {dag.py:3954} INFO - Setting next_dagrun for sodai_pipeline_dag to 2025-11-09 00:00:00+00:00, run_after=2025-11-16 00:00:00+00:00
[2025-11-14T13:28:23.043+0000] {processor.py:183} INFO - Processing /opt/airflow/dags/sodai_pipeline.py took 0.057 seconds
[2025-11-14T13:28:53.403+0000] {processor.py:161} INFO - Started process (PID=1830) to work on /opt/airflow/dags/sodai_pipeline.py
[2025-11-14T13:28:53.406+0000] {processor.py:830} INFO - Processing file /opt/airflow/dags/sodai_pipeline.py for tasks to queue
[2025-11-14T13:28:53.410+0000] {logging_mixin.py:188} INFO - [2025-11-14T13:28:53.410+0000] {dagbag.py:545} INFO - Filling up the DagBag from /opt/airflow/dags/sodai_pipeline.py
[2025-11-14T13:28:53.430+0000] {processor.py:840} INFO - DAG(s) 'sodai_pipeline_dag' retrieved from /opt/airflow/dags/sodai_pipeline.py
[2025-11-14T13:28:53.453+0000] {logging_mixin.py:188} INFO - [2025-11-14T13:28:53.452+0000] {dag.py:3096} INFO - Sync 1 DAGs
[2025-11-14T13:28:53.465+0000] {logging_mixin.py:188} INFO - [2025-11-14T13:28:53.465+0000] {dag.py:3954} INFO - Setting next_dagrun for sodai_pipeline_dag to 2025-11-09 00:00:00+00:00, run_after=2025-11-16 00:00:00+00:00
[2025-11-14T13:28:53.474+0000] {processor.py:183} INFO - Processing /opt/airflow/dags/sodai_pipeline.py took 0.083 seconds
[2025-11-14T13:29:23.755+0000] {processor.py:161} INFO - Started process (PID=1835) to work on /opt/airflow/dags/sodai_pipeline.py
[2025-11-14T13:29:23.757+0000] {processor.py:830} INFO - Processing file /opt/airflow/dags/sodai_pipeline.py for tasks to queue
[2025-11-14T13:29:23.762+0000] {logging_mixin.py:188} INFO - [2025-11-14T13:29:23.761+0000] {dagbag.py:545} INFO - Filling up the DagBag from /opt/airflow/dags/sodai_pipeline.py
[2025-11-14T13:29:23.781+0000] {processor.py:840} INFO - DAG(s) 'sodai_pipeline_dag' retrieved from /opt/airflow/dags/sodai_pipeline.py
[2025-11-14T13:29:23.807+0000] {logging_mixin.py:188} INFO - [2025-11-14T13:29:23.807+0000] {dag.py:3096} INFO - Sync 1 DAGs
[2025-11-14T13:29:23.822+0000] {logging_mixin.py:188} INFO - [2025-11-14T13:29:23.822+0000] {dag.py:3954} INFO - Setting next_dagrun for sodai_pipeline_dag to 2025-11-09 00:00:00+00:00, run_after=2025-11-16 00:00:00+00:00
[2025-11-14T13:29:23.832+0000] {processor.py:183} INFO - Processing /opt/airflow/dags/sodai_pipeline.py took 0.092 seconds
[2025-11-14T13:29:54.086+0000] {processor.py:161} INFO - Started process (PID=1840) to work on /opt/airflow/dags/sodai_pipeline.py
[2025-11-14T13:29:54.088+0000] {processor.py:830} INFO - Processing file /opt/airflow/dags/sodai_pipeline.py for tasks to queue
[2025-11-14T13:29:54.091+0000] {logging_mixin.py:188} INFO - [2025-11-14T13:29:54.091+0000] {dagbag.py:545} INFO - Filling up the DagBag from /opt/airflow/dags/sodai_pipeline.py
[2025-11-14T13:29:54.115+0000] {processor.py:840} INFO - DAG(s) 'sodai_pipeline_dag' retrieved from /opt/airflow/dags/sodai_pipeline.py
[2025-11-14T13:29:54.137+0000] {logging_mixin.py:188} INFO - [2025-11-14T13:29:54.137+0000] {dag.py:3096} INFO - Sync 1 DAGs
[2025-11-14T13:29:54.150+0000] {logging_mixin.py:188} INFO - [2025-11-14T13:29:54.149+0000] {dag.py:3954} INFO - Setting next_dagrun for sodai_pipeline_dag to 2025-11-09 00:00:00+00:00, run_after=2025-11-16 00:00:00+00:00
[2025-11-14T13:29:54.158+0000] {processor.py:183} INFO - Processing /opt/airflow/dags/sodai_pipeline.py took 0.082 seconds
[2025-11-14T13:30:24.459+0000] {processor.py:161} INFO - Started process (PID=1845) to work on /opt/airflow/dags/sodai_pipeline.py
[2025-11-14T13:30:24.462+0000] {processor.py:830} INFO - Processing file /opt/airflow/dags/sodai_pipeline.py for tasks to queue
[2025-11-14T13:30:24.465+0000] {logging_mixin.py:188} INFO - [2025-11-14T13:30:24.465+0000] {dagbag.py:545} INFO - Filling up the DagBag from /opt/airflow/dags/sodai_pipeline.py
[2025-11-14T13:30:24.482+0000] {processor.py:840} INFO - DAG(s) 'sodai_pipeline_dag' retrieved from /opt/airflow/dags/sodai_pipeline.py
[2025-11-14T13:30:24.500+0000] {logging_mixin.py:188} INFO - [2025-11-14T13:30:24.500+0000] {dag.py:3096} INFO - Sync 1 DAGs
[2025-11-14T13:30:24.510+0000] {logging_mixin.py:188} INFO - [2025-11-14T13:30:24.510+0000] {dag.py:3954} INFO - Setting next_dagrun for sodai_pipeline_dag to 2025-11-09 00:00:00+00:00, run_after=2025-11-16 00:00:00+00:00
[2025-11-14T13:30:24.517+0000] {processor.py:183} INFO - Processing /opt/airflow/dags/sodai_pipeline.py took 0.071 seconds
[2025-11-14T13:30:55.004+0000] {processor.py:161} INFO - Started process (PID=1850) to work on /opt/airflow/dags/sodai_pipeline.py
[2025-11-14T13:30:55.006+0000] {processor.py:830} INFO - Processing file /opt/airflow/dags/sodai_pipeline.py for tasks to queue
[2025-11-14T13:30:55.008+0000] {logging_mixin.py:188} INFO - [2025-11-14T13:30:55.008+0000] {dagbag.py:545} INFO - Filling up the DagBag from /opt/airflow/dags/sodai_pipeline.py
[2025-11-14T13:30:55.027+0000] {processor.py:840} INFO - DAG(s) 'sodai_pipeline_dag' retrieved from /opt/airflow/dags/sodai_pipeline.py
[2025-11-14T13:30:55.062+0000] {logging_mixin.py:188} INFO - [2025-11-14T13:30:55.062+0000] {dag.py:3096} INFO - Sync 1 DAGs
[2025-11-14T13:30:55.082+0000] {logging_mixin.py:188} INFO - [2025-11-14T13:30:55.082+0000] {dag.py:3954} INFO - Setting next_dagrun for sodai_pipeline_dag to 2025-11-09 00:00:00+00:00, run_after=2025-11-16 00:00:00+00:00
[2025-11-14T13:30:55.091+0000] {processor.py:183} INFO - Processing /opt/airflow/dags/sodai_pipeline.py took 0.098 seconds
[2025-11-14T13:31:25.332+0000] {processor.py:161} INFO - Started process (PID=1855) to work on /opt/airflow/dags/sodai_pipeline.py
[2025-11-14T13:31:25.335+0000] {processor.py:830} INFO - Processing file /opt/airflow/dags/sodai_pipeline.py for tasks to queue
[2025-11-14T13:31:25.340+0000] {logging_mixin.py:188} INFO - [2025-11-14T13:31:25.340+0000] {dagbag.py:545} INFO - Filling up the DagBag from /opt/airflow/dags/sodai_pipeline.py
[2025-11-14T13:31:25.365+0000] {processor.py:840} INFO - DAG(s) 'sodai_pipeline_dag' retrieved from /opt/airflow/dags/sodai_pipeline.py
[2025-11-14T13:31:25.396+0000] {logging_mixin.py:188} INFO - [2025-11-14T13:31:25.396+0000] {dag.py:3096} INFO - Sync 1 DAGs
[2025-11-14T13:31:25.412+0000] {logging_mixin.py:188} INFO - [2025-11-14T13:31:25.412+0000] {dag.py:3954} INFO - Setting next_dagrun for sodai_pipeline_dag to 2025-11-09 00:00:00+00:00, run_after=2025-11-16 00:00:00+00:00
[2025-11-14T13:31:25.424+0000] {processor.py:183} INFO - Processing /opt/airflow/dags/sodai_pipeline.py took 0.108 seconds
[2025-11-14T13:31:55.728+0000] {processor.py:161} INFO - Started process (PID=1860) to work on /opt/airflow/dags/sodai_pipeline.py
[2025-11-14T13:31:55.730+0000] {processor.py:830} INFO - Processing file /opt/airflow/dags/sodai_pipeline.py for tasks to queue
[2025-11-14T13:31:55.744+0000] {logging_mixin.py:188} INFO - [2025-11-14T13:31:55.738+0000] {dagbag.py:545} INFO - Filling up the DagBag from /opt/airflow/dags/sodai_pipeline.py
[2025-11-14T13:31:55.766+0000] {processor.py:840} INFO - DAG(s) 'sodai_pipeline_dag' retrieved from /opt/airflow/dags/sodai_pipeline.py
[2025-11-14T13:31:55.792+0000] {logging_mixin.py:188} INFO - [2025-11-14T13:31:55.791+0000] {dag.py:3096} INFO - Sync 1 DAGs
[2025-11-14T13:31:55.804+0000] {logging_mixin.py:188} INFO - [2025-11-14T13:31:55.804+0000] {dag.py:3954} INFO - Setting next_dagrun for sodai_pipeline_dag to 2025-11-09 00:00:00+00:00, run_after=2025-11-16 00:00:00+00:00
[2025-11-14T13:31:55.813+0000] {processor.py:183} INFO - Processing /opt/airflow/dags/sodai_pipeline.py took 0.098 seconds
[2025-11-14T13:32:26.055+0000] {processor.py:161} INFO - Started process (PID=1865) to work on /opt/airflow/dags/sodai_pipeline.py
[2025-11-14T13:32:26.057+0000] {processor.py:830} INFO - Processing file /opt/airflow/dags/sodai_pipeline.py for tasks to queue
[2025-11-14T13:32:26.060+0000] {logging_mixin.py:188} INFO - [2025-11-14T13:32:26.060+0000] {dagbag.py:545} INFO - Filling up the DagBag from /opt/airflow/dags/sodai_pipeline.py
[2025-11-14T13:32:26.092+0000] {processor.py:840} INFO - DAG(s) 'sodai_pipeline_dag' retrieved from /opt/airflow/dags/sodai_pipeline.py
[2025-11-14T13:32:26.128+0000] {logging_mixin.py:188} INFO - [2025-11-14T13:32:26.127+0000] {dag.py:3096} INFO - Sync 1 DAGs
[2025-11-14T13:32:26.144+0000] {logging_mixin.py:188} INFO - [2025-11-14T13:32:26.144+0000] {dag.py:3954} INFO - Setting next_dagrun for sodai_pipeline_dag to 2025-11-09 00:00:00+00:00, run_after=2025-11-16 00:00:00+00:00
[2025-11-14T13:32:26.157+0000] {processor.py:183} INFO - Processing /opt/airflow/dags/sodai_pipeline.py took 0.111 seconds
[2025-11-14T13:32:56.406+0000] {processor.py:161} INFO - Started process (PID=1870) to work on /opt/airflow/dags/sodai_pipeline.py
[2025-11-14T13:32:56.410+0000] {processor.py:830} INFO - Processing file /opt/airflow/dags/sodai_pipeline.py for tasks to queue
[2025-11-14T13:32:56.416+0000] {logging_mixin.py:188} INFO - [2025-11-14T13:32:56.415+0000] {dagbag.py:545} INFO - Filling up the DagBag from /opt/airflow/dags/sodai_pipeline.py
[2025-11-14T13:32:56.439+0000] {processor.py:840} INFO - DAG(s) 'sodai_pipeline_dag' retrieved from /opt/airflow/dags/sodai_pipeline.py
[2025-11-14T13:32:56.468+0000] {logging_mixin.py:188} INFO - [2025-11-14T13:32:56.467+0000] {dag.py:3096} INFO - Sync 1 DAGs
[2025-11-14T13:32:56.485+0000] {logging_mixin.py:188} INFO - [2025-11-14T13:32:56.484+0000] {dag.py:3954} INFO - Setting next_dagrun for sodai_pipeline_dag to 2025-11-09 00:00:00+00:00, run_after=2025-11-16 00:00:00+00:00
[2025-11-14T13:32:56.493+0000] {processor.py:183} INFO - Processing /opt/airflow/dags/sodai_pipeline.py took 0.103 seconds
[2025-11-14T13:33:26.806+0000] {processor.py:161} INFO - Started process (PID=1875) to work on /opt/airflow/dags/sodai_pipeline.py
[2025-11-14T13:33:26.808+0000] {processor.py:830} INFO - Processing file /opt/airflow/dags/sodai_pipeline.py for tasks to queue
[2025-11-14T13:33:26.819+0000] {logging_mixin.py:188} INFO - [2025-11-14T13:33:26.817+0000] {dagbag.py:545} INFO - Filling up the DagBag from /opt/airflow/dags/sodai_pipeline.py
[2025-11-14T13:33:26.839+0000] {processor.py:840} INFO - DAG(s) 'sodai_pipeline_dag' retrieved from /opt/airflow/dags/sodai_pipeline.py
[2025-11-14T13:33:26.875+0000] {logging_mixin.py:188} INFO - [2025-11-14T13:33:26.875+0000] {dag.py:3096} INFO - Sync 1 DAGs
[2025-11-14T13:33:26.901+0000] {logging_mixin.py:188} INFO - [2025-11-14T13:33:26.901+0000] {dag.py:3954} INFO - Setting next_dagrun for sodai_pipeline_dag to 2025-11-09 00:00:00+00:00, run_after=2025-11-16 00:00:00+00:00
[2025-11-14T13:33:26.911+0000] {processor.py:183} INFO - Processing /opt/airflow/dags/sodai_pipeline.py took 0.117 seconds
[2025-11-14T13:33:57.138+0000] {processor.py:161} INFO - Started process (PID=1880) to work on /opt/airflow/dags/sodai_pipeline.py
[2025-11-14T13:33:57.139+0000] {processor.py:830} INFO - Processing file /opt/airflow/dags/sodai_pipeline.py for tasks to queue
[2025-11-14T13:33:57.142+0000] {logging_mixin.py:188} INFO - [2025-11-14T13:33:57.142+0000] {dagbag.py:545} INFO - Filling up the DagBag from /opt/airflow/dags/sodai_pipeline.py
[2025-11-14T13:33:57.166+0000] {processor.py:840} INFO - DAG(s) 'sodai_pipeline_dag' retrieved from /opt/airflow/dags/sodai_pipeline.py
[2025-11-14T13:33:57.191+0000] {logging_mixin.py:188} INFO - [2025-11-14T13:33:57.191+0000] {dag.py:3096} INFO - Sync 1 DAGs
[2025-11-14T13:33:57.208+0000] {logging_mixin.py:188} INFO - [2025-11-14T13:33:57.208+0000] {dag.py:3954} INFO - Setting next_dagrun for sodai_pipeline_dag to 2025-11-09 00:00:00+00:00, run_after=2025-11-16 00:00:00+00:00
[2025-11-14T13:33:57.218+0000] {processor.py:183} INFO - Processing /opt/airflow/dags/sodai_pipeline.py took 0.103 seconds
[2025-11-14T13:34:27.610+0000] {processor.py:161} INFO - Started process (PID=1885) to work on /opt/airflow/dags/sodai_pipeline.py
[2025-11-14T13:34:27.613+0000] {processor.py:830} INFO - Processing file /opt/airflow/dags/sodai_pipeline.py for tasks to queue
[2025-11-14T13:34:27.621+0000] {logging_mixin.py:188} INFO - [2025-11-14T13:34:27.620+0000] {dagbag.py:545} INFO - Filling up the DagBag from /opt/airflow/dags/sodai_pipeline.py
[2025-11-14T13:34:27.640+0000] {processor.py:840} INFO - DAG(s) 'sodai_pipeline_dag' retrieved from /opt/airflow/dags/sodai_pipeline.py
[2025-11-14T13:34:27.684+0000] {logging_mixin.py:188} INFO - [2025-11-14T13:34:27.684+0000] {dag.py:3096} INFO - Sync 1 DAGs
[2025-11-14T13:34:27.703+0000] {logging_mixin.py:188} INFO - [2025-11-14T13:34:27.702+0000] {dag.py:3954} INFO - Setting next_dagrun for sodai_pipeline_dag to 2025-11-09 00:00:00+00:00, run_after=2025-11-16 00:00:00+00:00
[2025-11-14T13:34:27.714+0000] {processor.py:183} INFO - Processing /opt/airflow/dags/sodai_pipeline.py took 0.122 seconds
[2025-11-14T13:34:57.940+0000] {processor.py:161} INFO - Started process (PID=1890) to work on /opt/airflow/dags/sodai_pipeline.py
[2025-11-14T13:34:57.942+0000] {processor.py:830} INFO - Processing file /opt/airflow/dags/sodai_pipeline.py for tasks to queue
[2025-11-14T13:34:57.946+0000] {logging_mixin.py:188} INFO - [2025-11-14T13:34:57.946+0000] {dagbag.py:545} INFO - Filling up the DagBag from /opt/airflow/dags/sodai_pipeline.py
[2025-11-14T13:34:57.969+0000] {processor.py:840} INFO - DAG(s) 'sodai_pipeline_dag' retrieved from /opt/airflow/dags/sodai_pipeline.py
[2025-11-14T13:34:58.012+0000] {logging_mixin.py:188} INFO - [2025-11-14T13:34:58.012+0000] {dag.py:3096} INFO - Sync 1 DAGs
[2025-11-14T13:34:58.030+0000] {logging_mixin.py:188} INFO - [2025-11-14T13:34:58.030+0000] {dag.py:3954} INFO - Setting next_dagrun for sodai_pipeline_dag to 2025-11-09 00:00:00+00:00, run_after=2025-11-16 00:00:00+00:00
[2025-11-14T13:34:58.045+0000] {processor.py:183} INFO - Processing /opt/airflow/dags/sodai_pipeline.py took 0.129 seconds
[2025-11-14T13:35:28.343+0000] {processor.py:161} INFO - Started process (PID=1895) to work on /opt/airflow/dags/sodai_pipeline.py
[2025-11-14T13:35:28.346+0000] {processor.py:830} INFO - Processing file /opt/airflow/dags/sodai_pipeline.py for tasks to queue
[2025-11-14T13:35:28.356+0000] {logging_mixin.py:188} INFO - [2025-11-14T13:35:28.355+0000] {dagbag.py:545} INFO - Filling up the DagBag from /opt/airflow/dags/sodai_pipeline.py
[2025-11-14T13:35:28.376+0000] {processor.py:840} INFO - DAG(s) 'sodai_pipeline_dag' retrieved from /opt/airflow/dags/sodai_pipeline.py
[2025-11-14T13:35:28.404+0000] {logging_mixin.py:188} INFO - [2025-11-14T13:35:28.404+0000] {dag.py:3096} INFO - Sync 1 DAGs
[2025-11-14T13:35:28.422+0000] {logging_mixin.py:188} INFO - [2025-11-14T13:35:28.422+0000] {dag.py:3954} INFO - Setting next_dagrun for sodai_pipeline_dag to 2025-11-09 00:00:00+00:00, run_after=2025-11-16 00:00:00+00:00
[2025-11-14T13:35:28.430+0000] {processor.py:183} INFO - Processing /opt/airflow/dags/sodai_pipeline.py took 0.101 seconds
[2025-11-14T13:35:58.627+0000] {processor.py:161} INFO - Started process (PID=1900) to work on /opt/airflow/dags/sodai_pipeline.py
[2025-11-14T13:35:58.630+0000] {processor.py:830} INFO - Processing file /opt/airflow/dags/sodai_pipeline.py for tasks to queue
[2025-11-14T13:35:58.636+0000] {logging_mixin.py:188} INFO - [2025-11-14T13:35:58.635+0000] {dagbag.py:545} INFO - Filling up the DagBag from /opt/airflow/dags/sodai_pipeline.py
[2025-11-14T13:35:58.661+0000] {processor.py:840} INFO - DAG(s) 'sodai_pipeline_dag' retrieved from /opt/airflow/dags/sodai_pipeline.py
[2025-11-14T13:35:58.696+0000] {logging_mixin.py:188} INFO - [2025-11-14T13:35:58.696+0000] {dag.py:3096} INFO - Sync 1 DAGs
[2025-11-14T13:35:58.713+0000] {logging_mixin.py:188} INFO - [2025-11-14T13:35:58.713+0000] {dag.py:3954} INFO - Setting next_dagrun for sodai_pipeline_dag to 2025-11-09 00:00:00+00:00, run_after=2025-11-16 00:00:00+00:00
[2025-11-14T13:35:58.722+0000] {processor.py:183} INFO - Processing /opt/airflow/dags/sodai_pipeline.py took 0.105 seconds
[2025-11-14T13:36:29.081+0000] {processor.py:161} INFO - Started process (PID=1905) to work on /opt/airflow/dags/sodai_pipeline.py
[2025-11-14T13:36:29.084+0000] {processor.py:830} INFO - Processing file /opt/airflow/dags/sodai_pipeline.py for tasks to queue
[2025-11-14T13:36:29.095+0000] {logging_mixin.py:188} INFO - [2025-11-14T13:36:29.095+0000] {dagbag.py:545} INFO - Filling up the DagBag from /opt/airflow/dags/sodai_pipeline.py
[2025-11-14T13:36:29.119+0000] {processor.py:840} INFO - DAG(s) 'sodai_pipeline_dag' retrieved from /opt/airflow/dags/sodai_pipeline.py
[2025-11-14T13:36:29.150+0000] {logging_mixin.py:188} INFO - [2025-11-14T13:36:29.150+0000] {dag.py:3096} INFO - Sync 1 DAGs
[2025-11-14T13:36:29.163+0000] {logging_mixin.py:188} INFO - [2025-11-14T13:36:29.163+0000] {dag.py:3954} INFO - Setting next_dagrun for sodai_pipeline_dag to 2025-11-09 00:00:00+00:00, run_after=2025-11-16 00:00:00+00:00
[2025-11-14T13:36:29.171+0000] {processor.py:183} INFO - Processing /opt/airflow/dags/sodai_pipeline.py took 0.099 seconds
[2025-11-14T13:36:59.466+0000] {processor.py:161} INFO - Started process (PID=1910) to work on /opt/airflow/dags/sodai_pipeline.py
[2025-11-14T13:36:59.470+0000] {processor.py:830} INFO - Processing file /opt/airflow/dags/sodai_pipeline.py for tasks to queue
[2025-11-14T13:36:59.477+0000] {logging_mixin.py:188} INFO - [2025-11-14T13:36:59.475+0000] {dagbag.py:545} INFO - Filling up the DagBag from /opt/airflow/dags/sodai_pipeline.py
[2025-11-14T13:36:59.503+0000] {processor.py:840} INFO - DAG(s) 'sodai_pipeline_dag' retrieved from /opt/airflow/dags/sodai_pipeline.py
[2025-11-14T13:36:59.531+0000] {logging_mixin.py:188} INFO - [2025-11-14T13:36:59.531+0000] {dag.py:3096} INFO - Sync 1 DAGs
[2025-11-14T13:36:59.546+0000] {logging_mixin.py:188} INFO - [2025-11-14T13:36:59.545+0000] {dag.py:3954} INFO - Setting next_dagrun for sodai_pipeline_dag to 2025-11-09 00:00:00+00:00, run_after=2025-11-16 00:00:00+00:00
[2025-11-14T13:36:59.556+0000] {processor.py:183} INFO - Processing /opt/airflow/dags/sodai_pipeline.py took 0.109 seconds
[2025-11-14T13:37:29.836+0000] {processor.py:161} INFO - Started process (PID=1915) to work on /opt/airflow/dags/sodai_pipeline.py
[2025-11-14T13:37:29.838+0000] {processor.py:830} INFO - Processing file /opt/airflow/dags/sodai_pipeline.py for tasks to queue
[2025-11-14T13:37:29.840+0000] {logging_mixin.py:188} INFO - [2025-11-14T13:37:29.840+0000] {dagbag.py:545} INFO - Filling up the DagBag from /opt/airflow/dags/sodai_pipeline.py
[2025-11-14T13:37:29.861+0000] {processor.py:840} INFO - DAG(s) 'sodai_pipeline_dag' retrieved from /opt/airflow/dags/sodai_pipeline.py
[2025-11-14T13:37:29.895+0000] {logging_mixin.py:188} INFO - [2025-11-14T13:37:29.895+0000] {dag.py:3096} INFO - Sync 1 DAGs
[2025-11-14T13:37:29.910+0000] {logging_mixin.py:188} INFO - [2025-11-14T13:37:29.910+0000] {dag.py:3954} INFO - Setting next_dagrun for sodai_pipeline_dag to 2025-11-09 00:00:00+00:00, run_after=2025-11-16 00:00:00+00:00
[2025-11-14T13:37:29.922+0000] {processor.py:183} INFO - Processing /opt/airflow/dags/sodai_pipeline.py took 0.098 seconds
[2025-11-14T13:38:00.224+0000] {processor.py:161} INFO - Started process (PID=1920) to work on /opt/airflow/dags/sodai_pipeline.py
[2025-11-14T13:38:00.226+0000] {processor.py:830} INFO - Processing file /opt/airflow/dags/sodai_pipeline.py for tasks to queue
[2025-11-14T13:38:00.229+0000] {logging_mixin.py:188} INFO - [2025-11-14T13:38:00.228+0000] {dagbag.py:545} INFO - Filling up the DagBag from /opt/airflow/dags/sodai_pipeline.py
[2025-11-14T13:38:00.253+0000] {processor.py:840} INFO - DAG(s) 'sodai_pipeline_dag' retrieved from /opt/airflow/dags/sodai_pipeline.py
[2025-11-14T13:38:00.283+0000] {logging_mixin.py:188} INFO - [2025-11-14T13:38:00.283+0000] {dag.py:3096} INFO - Sync 1 DAGs
[2025-11-14T13:38:00.298+0000] {logging_mixin.py:188} INFO - [2025-11-14T13:38:00.298+0000] {dag.py:3954} INFO - Setting next_dagrun for sodai_pipeline_dag to 2025-11-09 00:00:00+00:00, run_after=2025-11-16 00:00:00+00:00
[2025-11-14T13:38:00.306+0000] {processor.py:183} INFO - Processing /opt/airflow/dags/sodai_pipeline.py took 0.096 seconds
[2025-11-14T13:38:30.590+0000] {processor.py:161} INFO - Started process (PID=1925) to work on /opt/airflow/dags/sodai_pipeline.py
[2025-11-14T13:38:30.592+0000] {processor.py:830} INFO - Processing file /opt/airflow/dags/sodai_pipeline.py for tasks to queue
[2025-11-14T13:38:30.595+0000] {logging_mixin.py:188} INFO - [2025-11-14T13:38:30.594+0000] {dagbag.py:545} INFO - Filling up the DagBag from /opt/airflow/dags/sodai_pipeline.py
[2025-11-14T13:38:30.612+0000] {processor.py:840} INFO - DAG(s) 'sodai_pipeline_dag' retrieved from /opt/airflow/dags/sodai_pipeline.py
[2025-11-14T13:38:30.640+0000] {logging_mixin.py:188} INFO - [2025-11-14T13:38:30.640+0000] {dag.py:3096} INFO - Sync 1 DAGs
[2025-11-14T13:38:30.656+0000] {logging_mixin.py:188} INFO - [2025-11-14T13:38:30.656+0000] {dag.py:3954} INFO - Setting next_dagrun for sodai_pipeline_dag to 2025-11-09 00:00:00+00:00, run_after=2025-11-16 00:00:00+00:00
[2025-11-14T13:38:30.664+0000] {processor.py:183} INFO - Processing /opt/airflow/dags/sodai_pipeline.py took 0.090 seconds
[2025-11-14T13:39:00.982+0000] {processor.py:161} INFO - Started process (PID=1930) to work on /opt/airflow/dags/sodai_pipeline.py
[2025-11-14T13:39:00.986+0000] {processor.py:830} INFO - Processing file /opt/airflow/dags/sodai_pipeline.py for tasks to queue
[2025-11-14T13:39:00.994+0000] {logging_mixin.py:188} INFO - [2025-11-14T13:39:00.990+0000] {dagbag.py:545} INFO - Filling up the DagBag from /opt/airflow/dags/sodai_pipeline.py
[2025-11-14T13:39:01.022+0000] {processor.py:840} INFO - DAG(s) 'sodai_pipeline_dag' retrieved from /opt/airflow/dags/sodai_pipeline.py
[2025-11-14T13:39:01.048+0000] {logging_mixin.py:188} INFO - [2025-11-14T13:39:01.048+0000] {dag.py:3096} INFO - Sync 1 DAGs
[2025-11-14T13:39:01.060+0000] {logging_mixin.py:188} INFO - [2025-11-14T13:39:01.060+0000] {dag.py:3954} INFO - Setting next_dagrun for sodai_pipeline_dag to 2025-11-09 00:00:00+00:00, run_after=2025-11-16 00:00:00+00:00
[2025-11-14T13:39:01.072+0000] {processor.py:183} INFO - Processing /opt/airflow/dags/sodai_pipeline.py took 0.107 seconds
[2025-11-14T13:39:31.320+0000] {processor.py:161} INFO - Started process (PID=1935) to work on /opt/airflow/dags/sodai_pipeline.py
[2025-11-14T13:39:31.323+0000] {processor.py:830} INFO - Processing file /opt/airflow/dags/sodai_pipeline.py for tasks to queue
[2025-11-14T13:39:31.326+0000] {logging_mixin.py:188} INFO - [2025-11-14T13:39:31.326+0000] {dagbag.py:545} INFO - Filling up the DagBag from /opt/airflow/dags/sodai_pipeline.py
[2025-11-14T13:39:31.358+0000] {processor.py:840} INFO - DAG(s) 'sodai_pipeline_dag' retrieved from /opt/airflow/dags/sodai_pipeline.py
[2025-11-14T13:39:31.393+0000] {logging_mixin.py:188} INFO - [2025-11-14T13:39:31.393+0000] {dag.py:3096} INFO - Sync 1 DAGs
[2025-11-14T13:39:31.412+0000] {logging_mixin.py:188} INFO - [2025-11-14T13:39:31.412+0000] {dag.py:3954} INFO - Setting next_dagrun for sodai_pipeline_dag to 2025-11-09 00:00:00+00:00, run_after=2025-11-16 00:00:00+00:00
[2025-11-14T13:39:31.426+0000] {processor.py:183} INFO - Processing /opt/airflow/dags/sodai_pipeline.py took 0.127 seconds
[2025-11-14T13:40:01.746+0000] {processor.py:161} INFO - Started process (PID=1940) to work on /opt/airflow/dags/sodai_pipeline.py
[2025-11-14T13:40:01.748+0000] {processor.py:830} INFO - Processing file /opt/airflow/dags/sodai_pipeline.py for tasks to queue
[2025-11-14T13:40:01.756+0000] {logging_mixin.py:188} INFO - [2025-11-14T13:40:01.755+0000] {dagbag.py:545} INFO - Filling up the DagBag from /opt/airflow/dags/sodai_pipeline.py
[2025-11-14T13:40:01.778+0000] {processor.py:840} INFO - DAG(s) 'sodai_pipeline_dag' retrieved from /opt/airflow/dags/sodai_pipeline.py
[2025-11-14T13:40:01.807+0000] {logging_mixin.py:188} INFO - [2025-11-14T13:40:01.807+0000] {dag.py:3096} INFO - Sync 1 DAGs
[2025-11-14T13:40:01.820+0000] {logging_mixin.py:188} INFO - [2025-11-14T13:40:01.820+0000] {dag.py:3954} INFO - Setting next_dagrun for sodai_pipeline_dag to 2025-11-09 00:00:00+00:00, run_after=2025-11-16 00:00:00+00:00
[2025-11-14T13:40:01.831+0000] {processor.py:183} INFO - Processing /opt/airflow/dags/sodai_pipeline.py took 0.103 seconds
[2025-11-14T13:40:32.079+0000] {processor.py:161} INFO - Started process (PID=1945) to work on /opt/airflow/dags/sodai_pipeline.py
[2025-11-14T13:40:32.083+0000] {processor.py:830} INFO - Processing file /opt/airflow/dags/sodai_pipeline.py for tasks to queue
[2025-11-14T13:40:32.087+0000] {logging_mixin.py:188} INFO - [2025-11-14T13:40:32.087+0000] {dagbag.py:545} INFO - Filling up the DagBag from /opt/airflow/dags/sodai_pipeline.py
[2025-11-14T13:40:32.111+0000] {processor.py:840} INFO - DAG(s) 'sodai_pipeline_dag' retrieved from /opt/airflow/dags/sodai_pipeline.py
[2025-11-14T13:40:32.138+0000] {logging_mixin.py:188} INFO - [2025-11-14T13:40:32.138+0000] {dag.py:3096} INFO - Sync 1 DAGs
[2025-11-14T13:40:32.157+0000] {logging_mixin.py:188} INFO - [2025-11-14T13:40:32.157+0000] {dag.py:3954} INFO - Setting next_dagrun for sodai_pipeline_dag to 2025-11-09 00:00:00+00:00, run_after=2025-11-16 00:00:00+00:00
[2025-11-14T13:40:32.166+0000] {processor.py:183} INFO - Processing /opt/airflow/dags/sodai_pipeline.py took 0.107 seconds
[2025-11-14T13:41:02.454+0000] {processor.py:161} INFO - Started process (PID=1950) to work on /opt/airflow/dags/sodai_pipeline.py
[2025-11-14T13:41:02.456+0000] {processor.py:830} INFO - Processing file /opt/airflow/dags/sodai_pipeline.py for tasks to queue
[2025-11-14T13:41:02.460+0000] {logging_mixin.py:188} INFO - [2025-11-14T13:41:02.459+0000] {dagbag.py:545} INFO - Filling up the DagBag from /opt/airflow/dags/sodai_pipeline.py
[2025-11-14T13:41:02.481+0000] {processor.py:840} INFO - DAG(s) 'sodai_pipeline_dag' retrieved from /opt/airflow/dags/sodai_pipeline.py
[2025-11-14T13:41:02.507+0000] {logging_mixin.py:188} INFO - [2025-11-14T13:41:02.507+0000] {dag.py:3096} INFO - Sync 1 DAGs
[2025-11-14T13:41:02.526+0000] {logging_mixin.py:188} INFO - [2025-11-14T13:41:02.526+0000] {dag.py:3954} INFO - Setting next_dagrun for sodai_pipeline_dag to 2025-11-09 00:00:00+00:00, run_after=2025-11-16 00:00:00+00:00
[2025-11-14T13:41:02.535+0000] {processor.py:183} INFO - Processing /opt/airflow/dags/sodai_pipeline.py took 0.093 seconds
[2025-11-14T13:41:32.768+0000] {processor.py:161} INFO - Started process (PID=1955) to work on /opt/airflow/dags/sodai_pipeline.py
[2025-11-14T13:41:32.770+0000] {processor.py:830} INFO - Processing file /opt/airflow/dags/sodai_pipeline.py for tasks to queue
[2025-11-14T13:41:32.772+0000] {logging_mixin.py:188} INFO - [2025-11-14T13:41:32.772+0000] {dagbag.py:545} INFO - Filling up the DagBag from /opt/airflow/dags/sodai_pipeline.py
[2025-11-14T13:41:32.788+0000] {processor.py:840} INFO - DAG(s) 'sodai_pipeline_dag' retrieved from /opt/airflow/dags/sodai_pipeline.py
[2025-11-14T13:41:32.813+0000] {logging_mixin.py:188} INFO - [2025-11-14T13:41:32.813+0000] {dag.py:3096} INFO - Sync 1 DAGs
[2025-11-14T13:41:32.826+0000] {logging_mixin.py:188} INFO - [2025-11-14T13:41:32.826+0000] {dag.py:3954} INFO - Setting next_dagrun for sodai_pipeline_dag to 2025-11-09 00:00:00+00:00, run_after=2025-11-16 00:00:00+00:00
[2025-11-14T13:41:32.834+0000] {processor.py:183} INFO - Processing /opt/airflow/dags/sodai_pipeline.py took 0.075 seconds
[2025-11-14T13:42:03.180+0000] {processor.py:161} INFO - Started process (PID=1960) to work on /opt/airflow/dags/sodai_pipeline.py
[2025-11-14T13:42:03.181+0000] {processor.py:830} INFO - Processing file /opt/airflow/dags/sodai_pipeline.py for tasks to queue
[2025-11-14T13:42:03.184+0000] {logging_mixin.py:188} INFO - [2025-11-14T13:42:03.184+0000] {dagbag.py:545} INFO - Filling up the DagBag from /opt/airflow/dags/sodai_pipeline.py
[2025-11-14T13:42:03.204+0000] {processor.py:840} INFO - DAG(s) 'sodai_pipeline_dag' retrieved from /opt/airflow/dags/sodai_pipeline.py
[2025-11-14T13:42:03.224+0000] {logging_mixin.py:188} INFO - [2025-11-14T13:42:03.224+0000] {dag.py:3096} INFO - Sync 1 DAGs
[2025-11-14T13:42:03.238+0000] {logging_mixin.py:188} INFO - [2025-11-14T13:42:03.238+0000] {dag.py:3954} INFO - Setting next_dagrun for sodai_pipeline_dag to 2025-11-09 00:00:00+00:00, run_after=2025-11-16 00:00:00+00:00
[2025-11-14T13:42:03.246+0000] {processor.py:183} INFO - Processing /opt/airflow/dags/sodai_pipeline.py took 0.076 seconds
[2025-11-14T13:42:33.552+0000] {processor.py:161} INFO - Started process (PID=1965) to work on /opt/airflow/dags/sodai_pipeline.py
[2025-11-14T13:42:33.556+0000] {processor.py:830} INFO - Processing file /opt/airflow/dags/sodai_pipeline.py for tasks to queue
[2025-11-14T13:42:33.564+0000] {logging_mixin.py:188} INFO - [2025-11-14T13:42:33.563+0000] {dagbag.py:545} INFO - Filling up the DagBag from /opt/airflow/dags/sodai_pipeline.py
[2025-11-14T13:42:33.588+0000] {processor.py:840} INFO - DAG(s) 'sodai_pipeline_dag' retrieved from /opt/airflow/dags/sodai_pipeline.py
[2025-11-14T13:42:33.622+0000] {logging_mixin.py:188} INFO - [2025-11-14T13:42:33.622+0000] {dag.py:3096} INFO - Sync 1 DAGs
[2025-11-14T13:42:33.638+0000] {logging_mixin.py:188} INFO - [2025-11-14T13:42:33.638+0000] {dag.py:3954} INFO - Setting next_dagrun for sodai_pipeline_dag to 2025-11-09 00:00:00+00:00, run_after=2025-11-16 00:00:00+00:00
[2025-11-14T13:42:33.647+0000] {processor.py:183} INFO - Processing /opt/airflow/dags/sodai_pipeline.py took 0.111 seconds
[2025-11-14T13:43:03.905+0000] {processor.py:161} INFO - Started process (PID=1970) to work on /opt/airflow/dags/sodai_pipeline.py
[2025-11-14T13:43:03.906+0000] {processor.py:830} INFO - Processing file /opt/airflow/dags/sodai_pipeline.py for tasks to queue
[2025-11-14T13:43:03.909+0000] {logging_mixin.py:188} INFO - [2025-11-14T13:43:03.909+0000] {dagbag.py:545} INFO - Filling up the DagBag from /opt/airflow/dags/sodai_pipeline.py
[2025-11-14T13:43:03.927+0000] {processor.py:840} INFO - DAG(s) 'sodai_pipeline_dag' retrieved from /opt/airflow/dags/sodai_pipeline.py
[2025-11-14T13:43:03.958+0000] {logging_mixin.py:188} INFO - [2025-11-14T13:43:03.958+0000] {dag.py:3096} INFO - Sync 1 DAGs
[2025-11-14T13:43:03.973+0000] {logging_mixin.py:188} INFO - [2025-11-14T13:43:03.973+0000] {dag.py:3954} INFO - Setting next_dagrun for sodai_pipeline_dag to 2025-11-09 00:00:00+00:00, run_after=2025-11-16 00:00:00+00:00
[2025-11-14T13:43:03.985+0000] {processor.py:183} INFO - Processing /opt/airflow/dags/sodai_pipeline.py took 0.095 seconds
[2025-11-14T13:43:34.198+0000] {processor.py:161} INFO - Started process (PID=1975) to work on /opt/airflow/dags/sodai_pipeline.py
[2025-11-14T13:43:34.200+0000] {processor.py:830} INFO - Processing file /opt/airflow/dags/sodai_pipeline.py for tasks to queue
[2025-11-14T13:43:34.202+0000] {logging_mixin.py:188} INFO - [2025-11-14T13:43:34.202+0000] {dagbag.py:545} INFO - Filling up the DagBag from /opt/airflow/dags/sodai_pipeline.py
[2025-11-14T13:43:34.217+0000] {processor.py:840} INFO - DAG(s) 'sodai_pipeline_dag' retrieved from /opt/airflow/dags/sodai_pipeline.py
[2025-11-14T13:43:34.235+0000] {logging_mixin.py:188} INFO - [2025-11-14T13:43:34.234+0000] {dag.py:3096} INFO - Sync 1 DAGs
[2025-11-14T13:43:34.247+0000] {logging_mixin.py:188} INFO - [2025-11-14T13:43:34.246+0000] {dag.py:3954} INFO - Setting next_dagrun for sodai_pipeline_dag to 2025-11-09 00:00:00+00:00, run_after=2025-11-16 00:00:00+00:00
[2025-11-14T13:43:34.254+0000] {processor.py:183} INFO - Processing /opt/airflow/dags/sodai_pipeline.py took 0.065 seconds
[2025-11-14T13:44:04.529+0000] {processor.py:161} INFO - Started process (PID=1980) to work on /opt/airflow/dags/sodai_pipeline.py
[2025-11-14T13:44:04.531+0000] {processor.py:830} INFO - Processing file /opt/airflow/dags/sodai_pipeline.py for tasks to queue
[2025-11-14T13:44:04.534+0000] {logging_mixin.py:188} INFO - [2025-11-14T13:44:04.533+0000] {dagbag.py:545} INFO - Filling up the DagBag from /opt/airflow/dags/sodai_pipeline.py
[2025-11-14T13:44:04.551+0000] {processor.py:840} INFO - DAG(s) 'sodai_pipeline_dag' retrieved from /opt/airflow/dags/sodai_pipeline.py
[2025-11-14T13:44:04.578+0000] {logging_mixin.py:188} INFO - [2025-11-14T13:44:04.578+0000] {dag.py:3096} INFO - Sync 1 DAGs
[2025-11-14T13:44:04.592+0000] {logging_mixin.py:188} INFO - [2025-11-14T13:44:04.592+0000] {dag.py:3954} INFO - Setting next_dagrun for sodai_pipeline_dag to 2025-11-09 00:00:00+00:00, run_after=2025-11-16 00:00:00+00:00
[2025-11-14T13:44:04.600+0000] {processor.py:183} INFO - Processing /opt/airflow/dags/sodai_pipeline.py took 0.085 seconds
[2025-11-14T13:44:34.852+0000] {processor.py:161} INFO - Started process (PID=1985) to work on /opt/airflow/dags/sodai_pipeline.py
[2025-11-14T13:44:34.855+0000] {processor.py:830} INFO - Processing file /opt/airflow/dags/sodai_pipeline.py for tasks to queue
[2025-11-14T13:44:34.859+0000] {logging_mixin.py:188} INFO - [2025-11-14T13:44:34.858+0000] {dagbag.py:545} INFO - Filling up the DagBag from /opt/airflow/dags/sodai_pipeline.py
[2025-11-14T13:44:34.890+0000] {processor.py:840} INFO - DAG(s) 'sodai_pipeline_dag' retrieved from /opt/airflow/dags/sodai_pipeline.py
[2025-11-14T13:44:34.924+0000] {logging_mixin.py:188} INFO - [2025-11-14T13:44:34.924+0000] {dag.py:3096} INFO - Sync 1 DAGs
[2025-11-14T13:44:34.945+0000] {logging_mixin.py:188} INFO - [2025-11-14T13:44:34.945+0000] {dag.py:3954} INFO - Setting next_dagrun for sodai_pipeline_dag to 2025-11-09 00:00:00+00:00, run_after=2025-11-16 00:00:00+00:00
[2025-11-14T13:44:34.955+0000] {processor.py:183} INFO - Processing /opt/airflow/dags/sodai_pipeline.py took 0.115 seconds
[2025-11-14T13:45:05.249+0000] {processor.py:161} INFO - Started process (PID=1990) to work on /opt/airflow/dags/sodai_pipeline.py
[2025-11-14T13:45:05.251+0000] {processor.py:830} INFO - Processing file /opt/airflow/dags/sodai_pipeline.py for tasks to queue
[2025-11-14T13:45:05.254+0000] {logging_mixin.py:188} INFO - [2025-11-14T13:45:05.253+0000] {dagbag.py:545} INFO - Filling up the DagBag from /opt/airflow/dags/sodai_pipeline.py
[2025-11-14T13:45:05.273+0000] {processor.py:840} INFO - DAG(s) 'sodai_pipeline_dag' retrieved from /opt/airflow/dags/sodai_pipeline.py
[2025-11-14T13:45:05.295+0000] {logging_mixin.py:188} INFO - [2025-11-14T13:45:05.295+0000] {dag.py:3096} INFO - Sync 1 DAGs
[2025-11-14T13:45:05.310+0000] {logging_mixin.py:188} INFO - [2025-11-14T13:45:05.310+0000] {dag.py:3954} INFO - Setting next_dagrun for sodai_pipeline_dag to 2025-11-09 00:00:00+00:00, run_after=2025-11-16 00:00:00+00:00
[2025-11-14T13:45:05.322+0000] {processor.py:183} INFO - Processing /opt/airflow/dags/sodai_pipeline.py took 0.082 seconds
[2025-11-14T13:45:35.582+0000] {processor.py:161} INFO - Started process (PID=1995) to work on /opt/airflow/dags/sodai_pipeline.py
[2025-11-14T13:45:35.584+0000] {processor.py:830} INFO - Processing file /opt/airflow/dags/sodai_pipeline.py for tasks to queue
[2025-11-14T13:45:35.589+0000] {logging_mixin.py:188} INFO - [2025-11-14T13:45:35.588+0000] {dagbag.py:545} INFO - Filling up the DagBag from /opt/airflow/dags/sodai_pipeline.py
[2025-11-14T13:45:35.613+0000] {processor.py:840} INFO - DAG(s) 'sodai_pipeline_dag' retrieved from /opt/airflow/dags/sodai_pipeline.py
[2025-11-14T13:45:35.639+0000] {logging_mixin.py:188} INFO - [2025-11-14T13:45:35.639+0000] {dag.py:3096} INFO - Sync 1 DAGs
[2025-11-14T13:45:35.652+0000] {logging_mixin.py:188} INFO - [2025-11-14T13:45:35.652+0000] {dag.py:3954} INFO - Setting next_dagrun for sodai_pipeline_dag to 2025-11-09 00:00:00+00:00, run_after=2025-11-16 00:00:00+00:00
[2025-11-14T13:45:35.662+0000] {processor.py:183} INFO - Processing /opt/airflow/dags/sodai_pipeline.py took 0.097 seconds
[2025-11-14T13:46:05.977+0000] {processor.py:161} INFO - Started process (PID=2000) to work on /opt/airflow/dags/sodai_pipeline.py
[2025-11-14T13:46:05.979+0000] {processor.py:830} INFO - Processing file /opt/airflow/dags/sodai_pipeline.py for tasks to queue
[2025-11-14T13:46:05.983+0000] {logging_mixin.py:188} INFO - [2025-11-14T13:46:05.982+0000] {dagbag.py:545} INFO - Filling up the DagBag from /opt/airflow/dags/sodai_pipeline.py
[2025-11-14T13:46:06.007+0000] {processor.py:840} INFO - DAG(s) 'sodai_pipeline_dag' retrieved from /opt/airflow/dags/sodai_pipeline.py
[2025-11-14T13:46:06.037+0000] {logging_mixin.py:188} INFO - [2025-11-14T13:46:06.037+0000] {dag.py:3096} INFO - Sync 1 DAGs
[2025-11-14T13:46:06.056+0000] {logging_mixin.py:188} INFO - [2025-11-14T13:46:06.056+0000] {dag.py:3954} INFO - Setting next_dagrun for sodai_pipeline_dag to 2025-11-09 00:00:00+00:00, run_after=2025-11-16 00:00:00+00:00
[2025-11-14T13:46:06.068+0000] {processor.py:183} INFO - Processing /opt/airflow/dags/sodai_pipeline.py took 0.113 seconds
[2025-11-14T13:46:36.329+0000] {processor.py:161} INFO - Started process (PID=2005) to work on /opt/airflow/dags/sodai_pipeline.py
[2025-11-14T13:46:36.333+0000] {processor.py:830} INFO - Processing file /opt/airflow/dags/sodai_pipeline.py for tasks to queue
[2025-11-14T13:46:36.336+0000] {logging_mixin.py:188} INFO - [2025-11-14T13:46:36.336+0000] {dagbag.py:545} INFO - Filling up the DagBag from /opt/airflow/dags/sodai_pipeline.py
[2025-11-14T13:46:36.359+0000] {processor.py:840} INFO - DAG(s) 'sodai_pipeline_dag' retrieved from /opt/airflow/dags/sodai_pipeline.py
[2025-11-14T13:46:36.384+0000] {logging_mixin.py:188} INFO - [2025-11-14T13:46:36.384+0000] {dag.py:3096} INFO - Sync 1 DAGs
[2025-11-14T13:46:36.397+0000] {logging_mixin.py:188} INFO - [2025-11-14T13:46:36.397+0000] {dag.py:3954} INFO - Setting next_dagrun for sodai_pipeline_dag to 2025-11-09 00:00:00+00:00, run_after=2025-11-16 00:00:00+00:00
[2025-11-14T13:46:36.405+0000] {processor.py:183} INFO - Processing /opt/airflow/dags/sodai_pipeline.py took 0.092 seconds
[2025-11-14T13:47:06.631+0000] {processor.py:161} INFO - Started process (PID=2010) to work on /opt/airflow/dags/sodai_pipeline.py
[2025-11-14T13:47:06.635+0000] {processor.py:830} INFO - Processing file /opt/airflow/dags/sodai_pipeline.py for tasks to queue
[2025-11-14T13:47:06.638+0000] {logging_mixin.py:188} INFO - [2025-11-14T13:47:06.638+0000] {dagbag.py:545} INFO - Filling up the DagBag from /opt/airflow/dags/sodai_pipeline.py
[2025-11-14T13:47:06.658+0000] {processor.py:840} INFO - DAG(s) 'sodai_pipeline_dag' retrieved from /opt/airflow/dags/sodai_pipeline.py
[2025-11-14T13:47:06.683+0000] {logging_mixin.py:188} INFO - [2025-11-14T13:47:06.683+0000] {dag.py:3096} INFO - Sync 1 DAGs
[2025-11-14T13:47:06.699+0000] {logging_mixin.py:188} INFO - [2025-11-14T13:47:06.699+0000] {dag.py:3954} INFO - Setting next_dagrun for sodai_pipeline_dag to 2025-11-09 00:00:00+00:00, run_after=2025-11-16 00:00:00+00:00
[2025-11-14T13:47:06.707+0000] {processor.py:183} INFO - Processing /opt/airflow/dags/sodai_pipeline.py took 0.098 seconds
[2025-11-14T13:47:36.987+0000] {processor.py:161} INFO - Started process (PID=2015) to work on /opt/airflow/dags/sodai_pipeline.py
[2025-11-14T13:47:36.990+0000] {processor.py:830} INFO - Processing file /opt/airflow/dags/sodai_pipeline.py for tasks to queue
[2025-11-14T13:47:36.993+0000] {logging_mixin.py:188} INFO - [2025-11-14T13:47:36.993+0000] {dagbag.py:545} INFO - Filling up the DagBag from /opt/airflow/dags/sodai_pipeline.py
[2025-11-14T13:47:37.017+0000] {processor.py:840} INFO - DAG(s) 'sodai_pipeline_dag' retrieved from /opt/airflow/dags/sodai_pipeline.py
[2025-11-14T13:47:37.045+0000] {logging_mixin.py:188} INFO - [2025-11-14T13:47:37.045+0000] {dag.py:3096} INFO - Sync 1 DAGs
[2025-11-14T13:47:37.061+0000] {logging_mixin.py:188} INFO - [2025-11-14T13:47:37.061+0000] {dag.py:3954} INFO - Setting next_dagrun for sodai_pipeline_dag to 2025-11-09 00:00:00+00:00, run_after=2025-11-16 00:00:00+00:00
[2025-11-14T13:47:37.070+0000] {processor.py:183} INFO - Processing /opt/airflow/dags/sodai_pipeline.py took 0.101 seconds
[2025-11-14T13:48:07.283+0000] {processor.py:161} INFO - Started process (PID=2020) to work on /opt/airflow/dags/sodai_pipeline.py
[2025-11-14T13:48:07.286+0000] {processor.py:830} INFO - Processing file /opt/airflow/dags/sodai_pipeline.py for tasks to queue
[2025-11-14T13:48:07.300+0000] {logging_mixin.py:188} INFO - [2025-11-14T13:48:07.299+0000] {dagbag.py:545} INFO - Filling up the DagBag from /opt/airflow/dags/sodai_pipeline.py
[2025-11-14T13:48:07.330+0000] {processor.py:840} INFO - DAG(s) 'sodai_pipeline_dag' retrieved from /opt/airflow/dags/sodai_pipeline.py
[2025-11-14T13:48:07.354+0000] {logging_mixin.py:188} INFO - [2025-11-14T13:48:07.354+0000] {dag.py:3096} INFO - Sync 1 DAGs
[2025-11-14T13:48:07.374+0000] {logging_mixin.py:188} INFO - [2025-11-14T13:48:07.374+0000] {dag.py:3954} INFO - Setting next_dagrun for sodai_pipeline_dag to 2025-11-09 00:00:00+00:00, run_after=2025-11-16 00:00:00+00:00
[2025-11-14T13:48:07.383+0000] {processor.py:183} INFO - Processing /opt/airflow/dags/sodai_pipeline.py took 0.111 seconds
[2025-11-14T13:48:37.651+0000] {processor.py:161} INFO - Started process (PID=2025) to work on /opt/airflow/dags/sodai_pipeline.py
[2025-11-14T13:48:37.654+0000] {processor.py:830} INFO - Processing file /opt/airflow/dags/sodai_pipeline.py for tasks to queue
[2025-11-14T13:48:37.657+0000] {logging_mixin.py:188} INFO - [2025-11-14T13:48:37.657+0000] {dagbag.py:545} INFO - Filling up the DagBag from /opt/airflow/dags/sodai_pipeline.py
[2025-11-14T13:48:37.692+0000] {processor.py:840} INFO - DAG(s) 'sodai_pipeline_dag' retrieved from /opt/airflow/dags/sodai_pipeline.py
[2025-11-14T13:48:37.724+0000] {logging_mixin.py:188} INFO - [2025-11-14T13:48:37.724+0000] {dag.py:3096} INFO - Sync 1 DAGs
[2025-11-14T13:48:37.738+0000] {logging_mixin.py:188} INFO - [2025-11-14T13:48:37.738+0000] {dag.py:3954} INFO - Setting next_dagrun for sodai_pipeline_dag to 2025-11-09 00:00:00+00:00, run_after=2025-11-16 00:00:00+00:00
[2025-11-14T13:48:37.748+0000] {processor.py:183} INFO - Processing /opt/airflow/dags/sodai_pipeline.py took 0.118 seconds
[2025-11-14T13:49:08.037+0000] {processor.py:161} INFO - Started process (PID=2030) to work on /opt/airflow/dags/sodai_pipeline.py
[2025-11-14T13:49:08.039+0000] {processor.py:830} INFO - Processing file /opt/airflow/dags/sodai_pipeline.py for tasks to queue
[2025-11-14T13:49:08.043+0000] {logging_mixin.py:188} INFO - [2025-11-14T13:49:08.043+0000] {dagbag.py:545} INFO - Filling up the DagBag from /opt/airflow/dags/sodai_pipeline.py
[2025-11-14T13:49:08.062+0000] {processor.py:840} INFO - DAG(s) 'sodai_pipeline_dag' retrieved from /opt/airflow/dags/sodai_pipeline.py
[2025-11-14T13:49:08.086+0000] {logging_mixin.py:188} INFO - [2025-11-14T13:49:08.086+0000] {dag.py:3096} INFO - Sync 1 DAGs
[2025-11-14T13:49:08.099+0000] {logging_mixin.py:188} INFO - [2025-11-14T13:49:08.099+0000] {dag.py:3954} INFO - Setting next_dagrun for sodai_pipeline_dag to 2025-11-09 00:00:00+00:00, run_after=2025-11-16 00:00:00+00:00
[2025-11-14T13:49:08.108+0000] {processor.py:183} INFO - Processing /opt/airflow/dags/sodai_pipeline.py took 0.084 seconds
[2025-11-14T13:49:38.396+0000] {processor.py:161} INFO - Started process (PID=2035) to work on /opt/airflow/dags/sodai_pipeline.py
[2025-11-14T13:49:38.399+0000] {processor.py:830} INFO - Processing file /opt/airflow/dags/sodai_pipeline.py for tasks to queue
[2025-11-14T13:49:38.402+0000] {logging_mixin.py:188} INFO - [2025-11-14T13:49:38.401+0000] {dagbag.py:545} INFO - Filling up the DagBag from /opt/airflow/dags/sodai_pipeline.py
[2025-11-14T13:49:38.433+0000] {processor.py:840} INFO - DAG(s) 'sodai_pipeline_dag' retrieved from /opt/airflow/dags/sodai_pipeline.py
[2025-11-14T13:49:38.460+0000] {logging_mixin.py:188} INFO - [2025-11-14T13:49:38.460+0000] {dag.py:3096} INFO - Sync 1 DAGs
[2025-11-14T13:49:38.475+0000] {logging_mixin.py:188} INFO - [2025-11-14T13:49:38.475+0000] {dag.py:3954} INFO - Setting next_dagrun for sodai_pipeline_dag to 2025-11-09 00:00:00+00:00, run_after=2025-11-16 00:00:00+00:00
[2025-11-14T13:49:38.483+0000] {processor.py:183} INFO - Processing /opt/airflow/dags/sodai_pipeline.py took 0.102 seconds
[2025-11-14T13:50:08.747+0000] {processor.py:161} INFO - Started process (PID=2040) to work on /opt/airflow/dags/sodai_pipeline.py
[2025-11-14T13:50:08.751+0000] {processor.py:830} INFO - Processing file /opt/airflow/dags/sodai_pipeline.py for tasks to queue
[2025-11-14T13:50:08.755+0000] {logging_mixin.py:188} INFO - [2025-11-14T13:50:08.755+0000] {dagbag.py:545} INFO - Filling up the DagBag from /opt/airflow/dags/sodai_pipeline.py
[2025-11-14T13:50:08.780+0000] {processor.py:840} INFO - DAG(s) 'sodai_pipeline_dag' retrieved from /opt/airflow/dags/sodai_pipeline.py
[2025-11-14T13:50:08.803+0000] {logging_mixin.py:188} INFO - [2025-11-14T13:50:08.803+0000] {dag.py:3096} INFO - Sync 1 DAGs
[2025-11-14T13:50:08.817+0000] {logging_mixin.py:188} INFO - [2025-11-14T13:50:08.817+0000] {dag.py:3954} INFO - Setting next_dagrun for sodai_pipeline_dag to 2025-11-09 00:00:00+00:00, run_after=2025-11-16 00:00:00+00:00
[2025-11-14T13:50:08.830+0000] {processor.py:183} INFO - Processing /opt/airflow/dags/sodai_pipeline.py took 0.099 seconds
[2025-11-14T13:50:39.113+0000] {processor.py:161} INFO - Started process (PID=2045) to work on /opt/airflow/dags/sodai_pipeline.py
[2025-11-14T13:50:39.124+0000] {processor.py:830} INFO - Processing file /opt/airflow/dags/sodai_pipeline.py for tasks to queue
[2025-11-14T13:50:39.128+0000] {logging_mixin.py:188} INFO - [2025-11-14T13:50:39.127+0000] {dagbag.py:545} INFO - Filling up the DagBag from /opt/airflow/dags/sodai_pipeline.py
[2025-11-14T13:50:39.158+0000] {processor.py:840} INFO - DAG(s) 'sodai_pipeline_dag' retrieved from /opt/airflow/dags/sodai_pipeline.py
[2025-11-14T13:50:39.186+0000] {logging_mixin.py:188} INFO - [2025-11-14T13:50:39.186+0000] {dag.py:3096} INFO - Sync 1 DAGs
[2025-11-14T13:50:39.205+0000] {logging_mixin.py:188} INFO - [2025-11-14T13:50:39.204+0000] {dag.py:3954} INFO - Setting next_dagrun for sodai_pipeline_dag to 2025-11-09 00:00:00+00:00, run_after=2025-11-16 00:00:00+00:00
[2025-11-14T13:50:39.215+0000] {processor.py:183} INFO - Processing /opt/airflow/dags/sodai_pipeline.py took 0.116 seconds
[2025-11-14T13:51:09.479+0000] {processor.py:161} INFO - Started process (PID=2050) to work on /opt/airflow/dags/sodai_pipeline.py
[2025-11-14T13:51:09.482+0000] {processor.py:830} INFO - Processing file /opt/airflow/dags/sodai_pipeline.py for tasks to queue
[2025-11-14T13:51:09.494+0000] {logging_mixin.py:188} INFO - [2025-11-14T13:51:09.494+0000] {dagbag.py:545} INFO - Filling up the DagBag from /opt/airflow/dags/sodai_pipeline.py
[2025-11-14T13:51:09.520+0000] {processor.py:840} INFO - DAG(s) 'sodai_pipeline_dag' retrieved from /opt/airflow/dags/sodai_pipeline.py
[2025-11-14T13:51:09.550+0000] {logging_mixin.py:188} INFO - [2025-11-14T13:51:09.550+0000] {dag.py:3096} INFO - Sync 1 DAGs
[2025-11-14T13:51:09.564+0000] {logging_mixin.py:188} INFO - [2025-11-14T13:51:09.563+0000] {dag.py:3954} INFO - Setting next_dagrun for sodai_pipeline_dag to 2025-11-09 00:00:00+00:00, run_after=2025-11-16 00:00:00+00:00
[2025-11-14T13:51:09.575+0000] {processor.py:183} INFO - Processing /opt/airflow/dags/sodai_pipeline.py took 0.106 seconds
[2025-11-14T13:51:39.900+0000] {processor.py:161} INFO - Started process (PID=2055) to work on /opt/airflow/dags/sodai_pipeline.py
[2025-11-14T13:51:39.902+0000] {processor.py:830} INFO - Processing file /opt/airflow/dags/sodai_pipeline.py for tasks to queue
[2025-11-14T13:51:39.905+0000] {logging_mixin.py:188} INFO - [2025-11-14T13:51:39.905+0000] {dagbag.py:545} INFO - Filling up the DagBag from /opt/airflow/dags/sodai_pipeline.py
[2025-11-14T13:51:39.934+0000] {processor.py:840} INFO - DAG(s) 'sodai_pipeline_dag' retrieved from /opt/airflow/dags/sodai_pipeline.py
[2025-11-14T13:51:39.965+0000] {logging_mixin.py:188} INFO - [2025-11-14T13:51:39.965+0000] {dag.py:3096} INFO - Sync 1 DAGs
[2025-11-14T13:51:39.982+0000] {logging_mixin.py:188} INFO - [2025-11-14T13:51:39.982+0000] {dag.py:3954} INFO - Setting next_dagrun for sodai_pipeline_dag to 2025-11-09 00:00:00+00:00, run_after=2025-11-16 00:00:00+00:00
[2025-11-14T13:51:39.994+0000] {processor.py:183} INFO - Processing /opt/airflow/dags/sodai_pipeline.py took 0.108 seconds
[2025-11-14T13:52:10.244+0000] {processor.py:161} INFO - Started process (PID=2060) to work on /opt/airflow/dags/sodai_pipeline.py
[2025-11-14T13:52:10.246+0000] {processor.py:830} INFO - Processing file /opt/airflow/dags/sodai_pipeline.py for tasks to queue
[2025-11-14T13:52:10.251+0000] {logging_mixin.py:188} INFO - [2025-11-14T13:52:10.250+0000] {dagbag.py:545} INFO - Filling up the DagBag from /opt/airflow/dags/sodai_pipeline.py
[2025-11-14T13:52:10.284+0000] {processor.py:840} INFO - DAG(s) 'sodai_pipeline_dag' retrieved from /opt/airflow/dags/sodai_pipeline.py
[2025-11-14T13:52:10.308+0000] {logging_mixin.py:188} INFO - [2025-11-14T13:52:10.308+0000] {dag.py:3096} INFO - Sync 1 DAGs
[2025-11-14T13:52:10.325+0000] {logging_mixin.py:188} INFO - [2025-11-14T13:52:10.325+0000] {dag.py:3954} INFO - Setting next_dagrun for sodai_pipeline_dag to 2025-11-09 00:00:00+00:00, run_after=2025-11-16 00:00:00+00:00
[2025-11-14T13:52:10.333+0000] {processor.py:183} INFO - Processing /opt/airflow/dags/sodai_pipeline.py took 0.107 seconds
[2025-11-14T13:52:40.523+0000] {processor.py:161} INFO - Started process (PID=2065) to work on /opt/airflow/dags/sodai_pipeline.py
[2025-11-14T13:52:40.526+0000] {processor.py:830} INFO - Processing file /opt/airflow/dags/sodai_pipeline.py for tasks to queue
[2025-11-14T13:52:40.534+0000] {logging_mixin.py:188} INFO - [2025-11-14T13:52:40.532+0000] {dagbag.py:545} INFO - Filling up the DagBag from /opt/airflow/dags/sodai_pipeline.py
[2025-11-14T13:52:40.555+0000] {processor.py:840} INFO - DAG(s) 'sodai_pipeline_dag' retrieved from /opt/airflow/dags/sodai_pipeline.py
[2025-11-14T13:52:40.597+0000] {logging_mixin.py:188} INFO - [2025-11-14T13:52:40.597+0000] {dag.py:3096} INFO - Sync 1 DAGs
[2025-11-14T13:52:40.614+0000] {logging_mixin.py:188} INFO - [2025-11-14T13:52:40.614+0000] {dag.py:3954} INFO - Setting next_dagrun for sodai_pipeline_dag to 2025-11-09 00:00:00+00:00, run_after=2025-11-16 00:00:00+00:00
[2025-11-14T13:52:40.623+0000] {processor.py:183} INFO - Processing /opt/airflow/dags/sodai_pipeline.py took 0.110 seconds
[2025-11-14T13:53:10.963+0000] {processor.py:161} INFO - Started process (PID=2070) to work on /opt/airflow/dags/sodai_pipeline.py
[2025-11-14T13:53:10.967+0000] {processor.py:830} INFO - Processing file /opt/airflow/dags/sodai_pipeline.py for tasks to queue
[2025-11-14T13:53:10.971+0000] {logging_mixin.py:188} INFO - [2025-11-14T13:53:10.970+0000] {dagbag.py:545} INFO - Filling up the DagBag from /opt/airflow/dags/sodai_pipeline.py
[2025-11-14T13:53:11.003+0000] {processor.py:840} INFO - DAG(s) 'sodai_pipeline_dag' retrieved from /opt/airflow/dags/sodai_pipeline.py
[2025-11-14T13:53:11.026+0000] {logging_mixin.py:188} INFO - [2025-11-14T13:53:11.026+0000] {dag.py:3096} INFO - Sync 1 DAGs
[2025-11-14T13:53:11.039+0000] {logging_mixin.py:188} INFO - [2025-11-14T13:53:11.039+0000] {dag.py:3954} INFO - Setting next_dagrun for sodai_pipeline_dag to 2025-11-09 00:00:00+00:00, run_after=2025-11-16 00:00:00+00:00
[2025-11-14T13:53:11.048+0000] {processor.py:183} INFO - Processing /opt/airflow/dags/sodai_pipeline.py took 0.108 seconds
[2025-11-14T13:53:41.351+0000] {processor.py:161} INFO - Started process (PID=2075) to work on /opt/airflow/dags/sodai_pipeline.py
[2025-11-14T13:53:41.353+0000] {processor.py:830} INFO - Processing file /opt/airflow/dags/sodai_pipeline.py for tasks to queue
[2025-11-14T13:53:41.358+0000] {logging_mixin.py:188} INFO - [2025-11-14T13:53:41.357+0000] {dagbag.py:545} INFO - Filling up the DagBag from /opt/airflow/dags/sodai_pipeline.py
[2025-11-14T13:53:41.382+0000] {processor.py:840} INFO - DAG(s) 'sodai_pipeline_dag' retrieved from /opt/airflow/dags/sodai_pipeline.py
[2025-11-14T13:53:41.412+0000] {logging_mixin.py:188} INFO - [2025-11-14T13:53:41.411+0000] {dag.py:3096} INFO - Sync 1 DAGs
[2025-11-14T13:53:41.426+0000] {logging_mixin.py:188} INFO - [2025-11-14T13:53:41.426+0000] {dag.py:3954} INFO - Setting next_dagrun for sodai_pipeline_dag to 2025-11-09 00:00:00+00:00, run_after=2025-11-16 00:00:00+00:00
[2025-11-14T13:53:41.435+0000] {processor.py:183} INFO - Processing /opt/airflow/dags/sodai_pipeline.py took 0.102 seconds
[2025-11-14T13:54:11.744+0000] {processor.py:161} INFO - Started process (PID=2080) to work on /opt/airflow/dags/sodai_pipeline.py
[2025-11-14T13:54:11.748+0000] {processor.py:830} INFO - Processing file /opt/airflow/dags/sodai_pipeline.py for tasks to queue
[2025-11-14T13:54:11.753+0000] {logging_mixin.py:188} INFO - [2025-11-14T13:54:11.752+0000] {dagbag.py:545} INFO - Filling up the DagBag from /opt/airflow/dags/sodai_pipeline.py
[2025-11-14T13:54:11.776+0000] {processor.py:840} INFO - DAG(s) 'sodai_pipeline_dag' retrieved from /opt/airflow/dags/sodai_pipeline.py
[2025-11-14T13:54:11.804+0000] {logging_mixin.py:188} INFO - [2025-11-14T13:54:11.804+0000] {dag.py:3096} INFO - Sync 1 DAGs
[2025-11-14T13:54:11.817+0000] {logging_mixin.py:188} INFO - [2025-11-14T13:54:11.817+0000] {dag.py:3954} INFO - Setting next_dagrun for sodai_pipeline_dag to 2025-11-09 00:00:00+00:00, run_after=2025-11-16 00:00:00+00:00
[2025-11-14T13:54:11.826+0000] {processor.py:183} INFO - Processing /opt/airflow/dags/sodai_pipeline.py took 0.101 seconds
[2025-11-14T13:54:42.125+0000] {processor.py:161} INFO - Started process (PID=2085) to work on /opt/airflow/dags/sodai_pipeline.py
[2025-11-14T13:54:42.132+0000] {processor.py:830} INFO - Processing file /opt/airflow/dags/sodai_pipeline.py for tasks to queue
[2025-11-14T13:54:42.137+0000] {logging_mixin.py:188} INFO - [2025-11-14T13:54:42.136+0000] {dagbag.py:545} INFO - Filling up the DagBag from /opt/airflow/dags/sodai_pipeline.py
[2025-11-14T13:54:42.158+0000] {processor.py:840} INFO - DAG(s) 'sodai_pipeline_dag' retrieved from /opt/airflow/dags/sodai_pipeline.py
[2025-11-14T13:54:42.187+0000] {logging_mixin.py:188} INFO - [2025-11-14T13:54:42.187+0000] {dag.py:3096} INFO - Sync 1 DAGs
[2025-11-14T13:54:42.201+0000] {logging_mixin.py:188} INFO - [2025-11-14T13:54:42.201+0000] {dag.py:3954} INFO - Setting next_dagrun for sodai_pipeline_dag to 2025-11-09 00:00:00+00:00, run_after=2025-11-16 00:00:00+00:00
[2025-11-14T13:54:42.210+0000] {processor.py:183} INFO - Processing /opt/airflow/dags/sodai_pipeline.py took 0.101 seconds
[2025-11-14T13:55:12.474+0000] {processor.py:161} INFO - Started process (PID=2090) to work on /opt/airflow/dags/sodai_pipeline.py
[2025-11-14T13:55:12.477+0000] {processor.py:830} INFO - Processing file /opt/airflow/dags/sodai_pipeline.py for tasks to queue
[2025-11-14T13:55:12.480+0000] {logging_mixin.py:188} INFO - [2025-11-14T13:55:12.480+0000] {dagbag.py:545} INFO - Filling up the DagBag from /opt/airflow/dags/sodai_pipeline.py
[2025-11-14T13:55:12.501+0000] {processor.py:840} INFO - DAG(s) 'sodai_pipeline_dag' retrieved from /opt/airflow/dags/sodai_pipeline.py
[2025-11-14T13:55:12.527+0000] {logging_mixin.py:188} INFO - [2025-11-14T13:55:12.527+0000] {dag.py:3096} INFO - Sync 1 DAGs
[2025-11-14T13:55:12.541+0000] {logging_mixin.py:188} INFO - [2025-11-14T13:55:12.541+0000] {dag.py:3954} INFO - Setting next_dagrun for sodai_pipeline_dag to 2025-11-09 00:00:00+00:00, run_after=2025-11-16 00:00:00+00:00
[2025-11-14T13:55:12.550+0000] {processor.py:183} INFO - Processing /opt/airflow/dags/sodai_pipeline.py took 0.092 seconds
[2025-11-14T13:55:42.852+0000] {processor.py:161} INFO - Started process (PID=2095) to work on /opt/airflow/dags/sodai_pipeline.py
[2025-11-14T13:55:42.859+0000] {processor.py:830} INFO - Processing file /opt/airflow/dags/sodai_pipeline.py for tasks to queue
[2025-11-14T13:55:42.864+0000] {logging_mixin.py:188} INFO - [2025-11-14T13:55:42.864+0000] {dagbag.py:545} INFO - Filling up the DagBag from /opt/airflow/dags/sodai_pipeline.py
[2025-11-14T13:55:42.891+0000] {processor.py:840} INFO - DAG(s) 'sodai_pipeline_dag' retrieved from /opt/airflow/dags/sodai_pipeline.py
[2025-11-14T13:55:42.921+0000] {logging_mixin.py:188} INFO - [2025-11-14T13:55:42.921+0000] {dag.py:3096} INFO - Sync 1 DAGs
[2025-11-14T13:55:42.934+0000] {logging_mixin.py:188} INFO - [2025-11-14T13:55:42.934+0000] {dag.py:3954} INFO - Setting next_dagrun for sodai_pipeline_dag to 2025-11-09 00:00:00+00:00, run_after=2025-11-16 00:00:00+00:00
[2025-11-14T13:55:42.945+0000] {processor.py:183} INFO - Processing /opt/airflow/dags/sodai_pipeline.py took 0.108 seconds
[2025-11-14T13:56:13.221+0000] {processor.py:161} INFO - Started process (PID=2100) to work on /opt/airflow/dags/sodai_pipeline.py
[2025-11-14T13:56:13.225+0000] {processor.py:830} INFO - Processing file /opt/airflow/dags/sodai_pipeline.py for tasks to queue
[2025-11-14T13:56:13.228+0000] {logging_mixin.py:188} INFO - [2025-11-14T13:56:13.228+0000] {dagbag.py:545} INFO - Filling up the DagBag from /opt/airflow/dags/sodai_pipeline.py
[2025-11-14T13:56:13.245+0000] {processor.py:840} INFO - DAG(s) 'sodai_pipeline_dag' retrieved from /opt/airflow/dags/sodai_pipeline.py
[2025-11-14T13:56:13.273+0000] {logging_mixin.py:188} INFO - [2025-11-14T13:56:13.273+0000] {dag.py:3096} INFO - Sync 1 DAGs
[2025-11-14T13:56:13.288+0000] {logging_mixin.py:188} INFO - [2025-11-14T13:56:13.288+0000] {dag.py:3954} INFO - Setting next_dagrun for sodai_pipeline_dag to 2025-11-09 00:00:00+00:00, run_after=2025-11-16 00:00:00+00:00
[2025-11-14T13:56:13.296+0000] {processor.py:183} INFO - Processing /opt/airflow/dags/sodai_pipeline.py took 0.084 seconds
[2025-11-14T13:56:43.586+0000] {processor.py:161} INFO - Started process (PID=2105) to work on /opt/airflow/dags/sodai_pipeline.py
[2025-11-14T13:56:43.590+0000] {processor.py:830} INFO - Processing file /opt/airflow/dags/sodai_pipeline.py for tasks to queue
[2025-11-14T13:56:43.594+0000] {logging_mixin.py:188} INFO - [2025-11-14T13:56:43.594+0000] {dagbag.py:545} INFO - Filling up the DagBag from /opt/airflow/dags/sodai_pipeline.py
[2025-11-14T13:56:43.630+0000] {processor.py:840} INFO - DAG(s) 'sodai_pipeline_dag' retrieved from /opt/airflow/dags/sodai_pipeline.py
[2025-11-14T13:56:43.662+0000] {logging_mixin.py:188} INFO - [2025-11-14T13:56:43.662+0000] {dag.py:3096} INFO - Sync 1 DAGs
[2025-11-14T13:56:43.676+0000] {logging_mixin.py:188} INFO - [2025-11-14T13:56:43.676+0000] {dag.py:3954} INFO - Setting next_dagrun for sodai_pipeline_dag to 2025-11-09 00:00:00+00:00, run_after=2025-11-16 00:00:00+00:00
[2025-11-14T13:56:43.685+0000] {processor.py:183} INFO - Processing /opt/airflow/dags/sodai_pipeline.py took 0.116 seconds
[2025-11-14T13:57:13.925+0000] {processor.py:161} INFO - Started process (PID=2110) to work on /opt/airflow/dags/sodai_pipeline.py
[2025-11-14T13:57:13.927+0000] {processor.py:830} INFO - Processing file /opt/airflow/dags/sodai_pipeline.py for tasks to queue
[2025-11-14T13:57:13.937+0000] {logging_mixin.py:188} INFO - [2025-11-14T13:57:13.935+0000] {dagbag.py:545} INFO - Filling up the DagBag from /opt/airflow/dags/sodai_pipeline.py
[2025-11-14T13:57:13.960+0000] {processor.py:840} INFO - DAG(s) 'sodai_pipeline_dag' retrieved from /opt/airflow/dags/sodai_pipeline.py
[2025-11-14T13:57:13.990+0000] {logging_mixin.py:188} INFO - [2025-11-14T13:57:13.990+0000] {dag.py:3096} INFO - Sync 1 DAGs
[2025-11-14T13:57:14.005+0000] {logging_mixin.py:188} INFO - [2025-11-14T13:57:14.005+0000] {dag.py:3954} INFO - Setting next_dagrun for sodai_pipeline_dag to 2025-11-09 00:00:00+00:00, run_after=2025-11-16 00:00:00+00:00
[2025-11-14T13:57:14.013+0000] {processor.py:183} INFO - Processing /opt/airflow/dags/sodai_pipeline.py took 0.110 seconds
[2025-11-14T13:57:44.251+0000] {processor.py:161} INFO - Started process (PID=2115) to work on /opt/airflow/dags/sodai_pipeline.py
[2025-11-14T13:57:44.252+0000] {processor.py:830} INFO - Processing file /opt/airflow/dags/sodai_pipeline.py for tasks to queue
[2025-11-14T13:57:44.259+0000] {logging_mixin.py:188} INFO - [2025-11-14T13:57:44.258+0000] {dagbag.py:545} INFO - Filling up the DagBag from /opt/airflow/dags/sodai_pipeline.py
[2025-11-14T13:57:44.286+0000] {processor.py:840} INFO - DAG(s) 'sodai_pipeline_dag' retrieved from /opt/airflow/dags/sodai_pipeline.py
[2025-11-14T13:57:44.324+0000] {logging_mixin.py:188} INFO - [2025-11-14T13:57:44.324+0000] {dag.py:3096} INFO - Sync 1 DAGs
[2025-11-14T13:57:44.341+0000] {logging_mixin.py:188} INFO - [2025-11-14T13:57:44.340+0000] {dag.py:3954} INFO - Setting next_dagrun for sodai_pipeline_dag to 2025-11-09 00:00:00+00:00, run_after=2025-11-16 00:00:00+00:00
[2025-11-14T13:57:44.351+0000] {processor.py:183} INFO - Processing /opt/airflow/dags/sodai_pipeline.py took 0.109 seconds
[2025-11-14T13:58:14.681+0000] {processor.py:161} INFO - Started process (PID=2120) to work on /opt/airflow/dags/sodai_pipeline.py
[2025-11-14T13:58:14.683+0000] {processor.py:830} INFO - Processing file /opt/airflow/dags/sodai_pipeline.py for tasks to queue
[2025-11-14T13:58:14.687+0000] {logging_mixin.py:188} INFO - [2025-11-14T13:58:14.686+0000] {dagbag.py:545} INFO - Filling up the DagBag from /opt/airflow/dags/sodai_pipeline.py
[2025-11-14T13:58:14.704+0000] {processor.py:840} INFO - DAG(s) 'sodai_pipeline_dag' retrieved from /opt/airflow/dags/sodai_pipeline.py
[2025-11-14T13:58:14.741+0000] {logging_mixin.py:188} INFO - [2025-11-14T13:58:14.741+0000] {dag.py:3096} INFO - Sync 1 DAGs
[2025-11-14T13:58:14.762+0000] {logging_mixin.py:188} INFO - [2025-11-14T13:58:14.762+0000] {dag.py:3954} INFO - Setting next_dagrun for sodai_pipeline_dag to 2025-11-09 00:00:00+00:00, run_after=2025-11-16 00:00:00+00:00
[2025-11-14T13:58:14.772+0000] {processor.py:183} INFO - Processing /opt/airflow/dags/sodai_pipeline.py took 0.109 seconds
[2025-11-14T13:58:44.950+0000] {processor.py:161} INFO - Started process (PID=2125) to work on /opt/airflow/dags/sodai_pipeline.py
[2025-11-14T13:58:44.952+0000] {processor.py:830} INFO - Processing file /opt/airflow/dags/sodai_pipeline.py for tasks to queue
[2025-11-14T13:58:44.965+0000] {logging_mixin.py:188} INFO - [2025-11-14T13:58:44.965+0000] {dagbag.py:545} INFO - Filling up the DagBag from /opt/airflow/dags/sodai_pipeline.py
[2025-11-14T13:58:44.983+0000] {processor.py:840} INFO - DAG(s) 'sodai_pipeline_dag' retrieved from /opt/airflow/dags/sodai_pipeline.py
[2025-11-14T13:58:45.012+0000] {logging_mixin.py:188} INFO - [2025-11-14T13:58:45.011+0000] {dag.py:3096} INFO - Sync 1 DAGs
[2025-11-14T13:58:45.027+0000] {logging_mixin.py:188} INFO - [2025-11-14T13:58:45.027+0000] {dag.py:3954} INFO - Setting next_dagrun for sodai_pipeline_dag to 2025-11-09 00:00:00+00:00, run_after=2025-11-16 00:00:00+00:00
[2025-11-14T13:58:45.035+0000] {processor.py:183} INFO - Processing /opt/airflow/dags/sodai_pipeline.py took 0.099 seconds
[2025-11-14T13:59:15.390+0000] {processor.py:161} INFO - Started process (PID=2130) to work on /opt/airflow/dags/sodai_pipeline.py
[2025-11-14T13:59:15.392+0000] {processor.py:830} INFO - Processing file /opt/airflow/dags/sodai_pipeline.py for tasks to queue
[2025-11-14T13:59:15.396+0000] {logging_mixin.py:188} INFO - [2025-11-14T13:59:15.395+0000] {dagbag.py:545} INFO - Filling up the DagBag from /opt/airflow/dags/sodai_pipeline.py
[2025-11-14T13:59:15.426+0000] {processor.py:840} INFO - DAG(s) 'sodai_pipeline_dag' retrieved from /opt/airflow/dags/sodai_pipeline.py
[2025-11-14T13:59:15.462+0000] {logging_mixin.py:188} INFO - [2025-11-14T13:59:15.461+0000] {dag.py:3096} INFO - Sync 1 DAGs
[2025-11-14T13:59:15.478+0000] {logging_mixin.py:188} INFO - [2025-11-14T13:59:15.478+0000] {dag.py:3954} INFO - Setting next_dagrun for sodai_pipeline_dag to 2025-11-09 00:00:00+00:00, run_after=2025-11-16 00:00:00+00:00
[2025-11-14T13:59:15.488+0000] {processor.py:183} INFO - Processing /opt/airflow/dags/sodai_pipeline.py took 0.111 seconds
[2025-11-14T13:59:45.798+0000] {processor.py:161} INFO - Started process (PID=2135) to work on /opt/airflow/dags/sodai_pipeline.py
[2025-11-14T13:59:45.800+0000] {processor.py:830} INFO - Processing file /opt/airflow/dags/sodai_pipeline.py for tasks to queue
[2025-11-14T13:59:45.808+0000] {logging_mixin.py:188} INFO - [2025-11-14T13:59:45.807+0000] {dagbag.py:545} INFO - Filling up the DagBag from /opt/airflow/dags/sodai_pipeline.py
[2025-11-14T13:59:45.835+0000] {processor.py:840} INFO - DAG(s) 'sodai_pipeline_dag' retrieved from /opt/airflow/dags/sodai_pipeline.py
[2025-11-14T13:59:45.866+0000] {logging_mixin.py:188} INFO - [2025-11-14T13:59:45.866+0000] {dag.py:3096} INFO - Sync 1 DAGs
[2025-11-14T13:59:45.882+0000] {logging_mixin.py:188} INFO - [2025-11-14T13:59:45.882+0000] {dag.py:3954} INFO - Setting next_dagrun for sodai_pipeline_dag to 2025-11-09 00:00:00+00:00, run_after=2025-11-16 00:00:00+00:00
[2025-11-14T13:59:45.892+0000] {processor.py:183} INFO - Processing /opt/airflow/dags/sodai_pipeline.py took 0.107 seconds
[2025-11-14T14:00:16.146+0000] {processor.py:161} INFO - Started process (PID=2140) to work on /opt/airflow/dags/sodai_pipeline.py
[2025-11-14T14:00:16.148+0000] {processor.py:830} INFO - Processing file /opt/airflow/dags/sodai_pipeline.py for tasks to queue
[2025-11-14T14:00:16.152+0000] {logging_mixin.py:188} INFO - [2025-11-14T14:00:16.151+0000] {dagbag.py:545} INFO - Filling up the DagBag from /opt/airflow/dags/sodai_pipeline.py
[2025-11-14T14:00:16.171+0000] {processor.py:840} INFO - DAG(s) 'sodai_pipeline_dag' retrieved from /opt/airflow/dags/sodai_pipeline.py
[2025-11-14T14:00:16.211+0000] {logging_mixin.py:188} INFO - [2025-11-14T14:00:16.210+0000] {dag.py:3096} INFO - Sync 1 DAGs
[2025-11-14T14:00:16.230+0000] {logging_mixin.py:188} INFO - [2025-11-14T14:00:16.230+0000] {dag.py:3954} INFO - Setting next_dagrun for sodai_pipeline_dag to 2025-11-09 00:00:00+00:00, run_after=2025-11-16 00:00:00+00:00
[2025-11-14T14:00:16.240+0000] {processor.py:183} INFO - Processing /opt/airflow/dags/sodai_pipeline.py took 0.100 seconds
[2025-11-14T14:00:46.579+0000] {processor.py:161} INFO - Started process (PID=2145) to work on /opt/airflow/dags/sodai_pipeline.py
[2025-11-14T14:00:46.584+0000] {processor.py:830} INFO - Processing file /opt/airflow/dags/sodai_pipeline.py for tasks to queue
[2025-11-14T14:00:46.589+0000] {logging_mixin.py:188} INFO - [2025-11-14T14:00:46.589+0000] {dagbag.py:545} INFO - Filling up the DagBag from /opt/airflow/dags/sodai_pipeline.py
[2025-11-14T14:00:46.619+0000] {processor.py:840} INFO - DAG(s) 'sodai_pipeline_dag' retrieved from /opt/airflow/dags/sodai_pipeline.py
[2025-11-14T14:00:46.653+0000] {logging_mixin.py:188} INFO - [2025-11-14T14:00:46.653+0000] {dag.py:3096} INFO - Sync 1 DAGs
[2025-11-14T14:00:46.673+0000] {logging_mixin.py:188} INFO - [2025-11-14T14:00:46.673+0000] {dag.py:3954} INFO - Setting next_dagrun for sodai_pipeline_dag to 2025-11-09 00:00:00+00:00, run_after=2025-11-16 00:00:00+00:00
[2025-11-14T14:00:46.682+0000] {processor.py:183} INFO - Processing /opt/airflow/dags/sodai_pipeline.py took 0.118 seconds
[2025-11-14T14:01:16.939+0000] {processor.py:161} INFO - Started process (PID=2150) to work on /opt/airflow/dags/sodai_pipeline.py
[2025-11-14T14:01:16.941+0000] {processor.py:830} INFO - Processing file /opt/airflow/dags/sodai_pipeline.py for tasks to queue
[2025-11-14T14:01:16.944+0000] {logging_mixin.py:188} INFO - [2025-11-14T14:01:16.943+0000] {dagbag.py:545} INFO - Filling up the DagBag from /opt/airflow/dags/sodai_pipeline.py
[2025-11-14T14:01:16.962+0000] {processor.py:840} INFO - DAG(s) 'sodai_pipeline_dag' retrieved from /opt/airflow/dags/sodai_pipeline.py
[2025-11-14T14:01:16.990+0000] {logging_mixin.py:188} INFO - [2025-11-14T14:01:16.990+0000] {dag.py:3096} INFO - Sync 1 DAGs
[2025-11-14T14:01:17.004+0000] {logging_mixin.py:188} INFO - [2025-11-14T14:01:17.003+0000] {dag.py:3954} INFO - Setting next_dagrun for sodai_pipeline_dag to 2025-11-09 00:00:00+00:00, run_after=2025-11-16 00:00:00+00:00
[2025-11-14T14:01:17.013+0000] {processor.py:183} INFO - Processing /opt/airflow/dags/sodai_pipeline.py took 0.086 seconds
[2025-11-14T14:01:47.317+0000] {processor.py:161} INFO - Started process (PID=2155) to work on /opt/airflow/dags/sodai_pipeline.py
[2025-11-14T14:01:47.319+0000] {processor.py:830} INFO - Processing file /opt/airflow/dags/sodai_pipeline.py for tasks to queue
[2025-11-14T14:01:47.323+0000] {logging_mixin.py:188} INFO - [2025-11-14T14:01:47.322+0000] {dagbag.py:545} INFO - Filling up the DagBag from /opt/airflow/dags/sodai_pipeline.py
[2025-11-14T14:01:47.349+0000] {processor.py:840} INFO - DAG(s) 'sodai_pipeline_dag' retrieved from /opt/airflow/dags/sodai_pipeline.py
[2025-11-14T14:01:47.382+0000] {logging_mixin.py:188} INFO - [2025-11-14T14:01:47.382+0000] {dag.py:3096} INFO - Sync 1 DAGs
[2025-11-14T14:01:47.401+0000] {logging_mixin.py:188} INFO - [2025-11-14T14:01:47.401+0000] {dag.py:3954} INFO - Setting next_dagrun for sodai_pipeline_dag to 2025-11-09 00:00:00+00:00, run_after=2025-11-16 00:00:00+00:00
[2025-11-14T14:01:47.410+0000] {processor.py:183} INFO - Processing /opt/airflow/dags/sodai_pipeline.py took 0.103 seconds
[2025-11-14T14:02:17.668+0000] {processor.py:161} INFO - Started process (PID=2160) to work on /opt/airflow/dags/sodai_pipeline.py
[2025-11-14T14:02:17.671+0000] {processor.py:830} INFO - Processing file /opt/airflow/dags/sodai_pipeline.py for tasks to queue
[2025-11-14T14:02:17.674+0000] {logging_mixin.py:188} INFO - [2025-11-14T14:02:17.673+0000] {dagbag.py:545} INFO - Filling up the DagBag from /opt/airflow/dags/sodai_pipeline.py
[2025-11-14T14:02:17.692+0000] {processor.py:840} INFO - DAG(s) 'sodai_pipeline_dag' retrieved from /opt/airflow/dags/sodai_pipeline.py
[2025-11-14T14:02:17.718+0000] {logging_mixin.py:188} INFO - [2025-11-14T14:02:17.718+0000] {dag.py:3096} INFO - Sync 1 DAGs
[2025-11-14T14:02:17.733+0000] {logging_mixin.py:188} INFO - [2025-11-14T14:02:17.732+0000] {dag.py:3954} INFO - Setting next_dagrun for sodai_pipeline_dag to 2025-11-09 00:00:00+00:00, run_after=2025-11-16 00:00:00+00:00
[2025-11-14T14:02:17.741+0000] {processor.py:183} INFO - Processing /opt/airflow/dags/sodai_pipeline.py took 0.084 seconds
[2025-11-14T14:02:48.057+0000] {processor.py:161} INFO - Started process (PID=2165) to work on /opt/airflow/dags/sodai_pipeline.py
[2025-11-14T14:02:48.061+0000] {processor.py:830} INFO - Processing file /opt/airflow/dags/sodai_pipeline.py for tasks to queue
[2025-11-14T14:02:48.064+0000] {logging_mixin.py:188} INFO - [2025-11-14T14:02:48.064+0000] {dagbag.py:545} INFO - Filling up the DagBag from /opt/airflow/dags/sodai_pipeline.py
[2025-11-14T14:02:48.093+0000] {processor.py:840} INFO - DAG(s) 'sodai_pipeline_dag' retrieved from /opt/airflow/dags/sodai_pipeline.py
[2025-11-14T14:02:48.131+0000] {logging_mixin.py:188} INFO - [2025-11-14T14:02:48.131+0000] {dag.py:3096} INFO - Sync 1 DAGs
[2025-11-14T14:02:48.171+0000] {logging_mixin.py:188} INFO - [2025-11-14T14:02:48.171+0000] {dag.py:3954} INFO - Setting next_dagrun for sodai_pipeline_dag to 2025-11-09 00:00:00+00:00, run_after=2025-11-16 00:00:00+00:00
[2025-11-14T14:02:48.196+0000] {processor.py:183} INFO - Processing /opt/airflow/dags/sodai_pipeline.py took 0.156 seconds
[2025-11-14T14:03:18.389+0000] {processor.py:161} INFO - Started process (PID=2170) to work on /opt/airflow/dags/sodai_pipeline.py
[2025-11-14T14:03:18.393+0000] {processor.py:830} INFO - Processing file /opt/airflow/dags/sodai_pipeline.py for tasks to queue
[2025-11-14T14:03:18.396+0000] {logging_mixin.py:188} INFO - [2025-11-14T14:03:18.395+0000] {dagbag.py:545} INFO - Filling up the DagBag from /opt/airflow/dags/sodai_pipeline.py
[2025-11-14T14:03:18.413+0000] {processor.py:840} INFO - DAG(s) 'sodai_pipeline_dag' retrieved from /opt/airflow/dags/sodai_pipeline.py
[2025-11-14T14:03:18.446+0000] {logging_mixin.py:188} INFO - [2025-11-14T14:03:18.446+0000] {dag.py:3096} INFO - Sync 1 DAGs
[2025-11-14T14:03:18.464+0000] {logging_mixin.py:188} INFO - [2025-11-14T14:03:18.463+0000] {dag.py:3954} INFO - Setting next_dagrun for sodai_pipeline_dag to 2025-11-09 00:00:00+00:00, run_after=2025-11-16 00:00:00+00:00
[2025-11-14T14:03:18.476+0000] {processor.py:183} INFO - Processing /opt/airflow/dags/sodai_pipeline.py took 0.113 seconds
[2025-11-14T14:03:48.863+0000] {processor.py:161} INFO - Started process (PID=2175) to work on /opt/airflow/dags/sodai_pipeline.py
[2025-11-14T14:03:48.864+0000] {processor.py:830} INFO - Processing file /opt/airflow/dags/sodai_pipeline.py for tasks to queue
[2025-11-14T14:03:48.868+0000] {logging_mixin.py:188} INFO - [2025-11-14T14:03:48.867+0000] {dagbag.py:545} INFO - Filling up the DagBag from /opt/airflow/dags/sodai_pipeline.py
[2025-11-14T14:03:48.900+0000] {processor.py:840} INFO - DAG(s) 'sodai_pipeline_dag' retrieved from /opt/airflow/dags/sodai_pipeline.py
[2025-11-14T14:03:48.936+0000] {logging_mixin.py:188} INFO - [2025-11-14T14:03:48.936+0000] {dag.py:3096} INFO - Sync 1 DAGs
[2025-11-14T14:03:48.954+0000] {logging_mixin.py:188} INFO - [2025-11-14T14:03:48.954+0000] {dag.py:3954} INFO - Setting next_dagrun for sodai_pipeline_dag to 2025-11-09 00:00:00+00:00, run_after=2025-11-16 00:00:00+00:00
[2025-11-14T14:03:48.965+0000] {processor.py:183} INFO - Processing /opt/airflow/dags/sodai_pipeline.py took 0.118 seconds
[2025-11-14T14:04:19.265+0000] {processor.py:161} INFO - Started process (PID=2180) to work on /opt/airflow/dags/sodai_pipeline.py
[2025-11-14T14:04:19.267+0000] {processor.py:830} INFO - Processing file /opt/airflow/dags/sodai_pipeline.py for tasks to queue
[2025-11-14T14:04:19.270+0000] {logging_mixin.py:188} INFO - [2025-11-14T14:04:19.269+0000] {dagbag.py:545} INFO - Filling up the DagBag from /opt/airflow/dags/sodai_pipeline.py
[2025-11-14T14:04:19.287+0000] {processor.py:840} INFO - DAG(s) 'sodai_pipeline_dag' retrieved from /opt/airflow/dags/sodai_pipeline.py
[2025-11-14T14:04:19.319+0000] {logging_mixin.py:188} INFO - [2025-11-14T14:04:19.319+0000] {dag.py:3096} INFO - Sync 1 DAGs
[2025-11-14T14:04:19.342+0000] {logging_mixin.py:188} INFO - [2025-11-14T14:04:19.342+0000] {dag.py:3954} INFO - Setting next_dagrun for sodai_pipeline_dag to 2025-11-09 00:00:00+00:00, run_after=2025-11-16 00:00:00+00:00
[2025-11-14T14:04:19.352+0000] {processor.py:183} INFO - Processing /opt/airflow/dags/sodai_pipeline.py took 0.099 seconds
[2025-11-14T14:04:49.616+0000] {processor.py:161} INFO - Started process (PID=2185) to work on /opt/airflow/dags/sodai_pipeline.py
[2025-11-14T14:04:49.620+0000] {processor.py:830} INFO - Processing file /opt/airflow/dags/sodai_pipeline.py for tasks to queue
[2025-11-14T14:04:49.622+0000] {logging_mixin.py:188} INFO - [2025-11-14T14:04:49.622+0000] {dagbag.py:545} INFO - Filling up the DagBag from /opt/airflow/dags/sodai_pipeline.py
[2025-11-14T14:04:49.646+0000] {processor.py:840} INFO - DAG(s) 'sodai_pipeline_dag' retrieved from /opt/airflow/dags/sodai_pipeline.py
[2025-11-14T14:04:49.676+0000] {logging_mixin.py:188} INFO - [2025-11-14T14:04:49.675+0000] {dag.py:3096} INFO - Sync 1 DAGs
[2025-11-14T14:04:49.695+0000] {logging_mixin.py:188} INFO - [2025-11-14T14:04:49.695+0000] {dag.py:3954} INFO - Setting next_dagrun for sodai_pipeline_dag to 2025-11-09 00:00:00+00:00, run_after=2025-11-16 00:00:00+00:00
[2025-11-14T14:04:49.703+0000] {processor.py:183} INFO - Processing /opt/airflow/dags/sodai_pipeline.py took 0.099 seconds
[2025-11-14T14:05:19.972+0000] {processor.py:161} INFO - Started process (PID=2190) to work on /opt/airflow/dags/sodai_pipeline.py
[2025-11-14T14:05:19.974+0000] {processor.py:830} INFO - Processing file /opt/airflow/dags/sodai_pipeline.py for tasks to queue
[2025-11-14T14:05:19.976+0000] {logging_mixin.py:188} INFO - [2025-11-14T14:05:19.976+0000] {dagbag.py:545} INFO - Filling up the DagBag from /opt/airflow/dags/sodai_pipeline.py
[2025-11-14T14:05:19.996+0000] {processor.py:840} INFO - DAG(s) 'sodai_pipeline_dag' retrieved from /opt/airflow/dags/sodai_pipeline.py
[2025-11-14T14:05:20.021+0000] {logging_mixin.py:188} INFO - [2025-11-14T14:05:20.021+0000] {dag.py:3096} INFO - Sync 1 DAGs
[2025-11-14T14:05:20.033+0000] {logging_mixin.py:188} INFO - [2025-11-14T14:05:20.033+0000] {dag.py:3954} INFO - Setting next_dagrun for sodai_pipeline_dag to 2025-11-09 00:00:00+00:00, run_after=2025-11-16 00:00:00+00:00
[2025-11-14T14:05:20.042+0000] {processor.py:183} INFO - Processing /opt/airflow/dags/sodai_pipeline.py took 0.078 seconds
[2025-11-14T14:05:50.343+0000] {processor.py:161} INFO - Started process (PID=2195) to work on /opt/airflow/dags/sodai_pipeline.py
[2025-11-14T14:05:50.345+0000] {processor.py:830} INFO - Processing file /opt/airflow/dags/sodai_pipeline.py for tasks to queue
[2025-11-14T14:05:50.350+0000] {logging_mixin.py:188} INFO - [2025-11-14T14:05:50.349+0000] {dagbag.py:545} INFO - Filling up the DagBag from /opt/airflow/dags/sodai_pipeline.py
[2025-11-14T14:05:50.368+0000] {processor.py:840} INFO - DAG(s) 'sodai_pipeline_dag' retrieved from /opt/airflow/dags/sodai_pipeline.py
[2025-11-14T14:05:50.397+0000] {logging_mixin.py:188} INFO - [2025-11-14T14:05:50.396+0000] {dag.py:3096} INFO - Sync 1 DAGs
[2025-11-14T14:05:50.410+0000] {logging_mixin.py:188} INFO - [2025-11-14T14:05:50.410+0000] {dag.py:3954} INFO - Setting next_dagrun for sodai_pipeline_dag to 2025-11-09 00:00:00+00:00, run_after=2025-11-16 00:00:00+00:00
[2025-11-14T14:05:50.419+0000] {processor.py:183} INFO - Processing /opt/airflow/dags/sodai_pipeline.py took 0.087 seconds
[2025-11-14T14:06:20.736+0000] {processor.py:161} INFO - Started process (PID=2200) to work on /opt/airflow/dags/sodai_pipeline.py
[2025-11-14T14:06:20.738+0000] {processor.py:830} INFO - Processing file /opt/airflow/dags/sodai_pipeline.py for tasks to queue
[2025-11-14T14:06:20.741+0000] {logging_mixin.py:188} INFO - [2025-11-14T14:06:20.741+0000] {dagbag.py:545} INFO - Filling up the DagBag from /opt/airflow/dags/sodai_pipeline.py
[2025-11-14T14:06:20.760+0000] {processor.py:840} INFO - DAG(s) 'sodai_pipeline_dag' retrieved from /opt/airflow/dags/sodai_pipeline.py
[2025-11-14T14:06:20.791+0000] {logging_mixin.py:188} INFO - [2025-11-14T14:06:20.791+0000] {dag.py:3096} INFO - Sync 1 DAGs
[2025-11-14T14:06:20.809+0000] {logging_mixin.py:188} INFO - [2025-11-14T14:06:20.809+0000] {dag.py:3954} INFO - Setting next_dagrun for sodai_pipeline_dag to 2025-11-09 00:00:00+00:00, run_after=2025-11-16 00:00:00+00:00
[2025-11-14T14:06:20.821+0000] {processor.py:183} INFO - Processing /opt/airflow/dags/sodai_pipeline.py took 0.097 seconds
[2025-11-14T14:06:51.074+0000] {processor.py:161} INFO - Started process (PID=2205) to work on /opt/airflow/dags/sodai_pipeline.py
[2025-11-14T14:06:51.077+0000] {processor.py:830} INFO - Processing file /opt/airflow/dags/sodai_pipeline.py for tasks to queue
[2025-11-14T14:06:51.080+0000] {logging_mixin.py:188} INFO - [2025-11-14T14:06:51.079+0000] {dagbag.py:545} INFO - Filling up the DagBag from /opt/airflow/dags/sodai_pipeline.py
[2025-11-14T14:06:51.098+0000] {processor.py:840} INFO - DAG(s) 'sodai_pipeline_dag' retrieved from /opt/airflow/dags/sodai_pipeline.py
[2025-11-14T14:06:51.127+0000] {logging_mixin.py:188} INFO - [2025-11-14T14:06:51.126+0000] {dag.py:3096} INFO - Sync 1 DAGs
[2025-11-14T14:06:51.146+0000] {logging_mixin.py:188} INFO - [2025-11-14T14:06:51.146+0000] {dag.py:3954} INFO - Setting next_dagrun for sodai_pipeline_dag to 2025-11-09 00:00:00+00:00, run_after=2025-11-16 00:00:00+00:00
[2025-11-14T14:06:51.156+0000] {processor.py:183} INFO - Processing /opt/airflow/dags/sodai_pipeline.py took 0.092 seconds
[2025-11-14T14:07:21.486+0000] {processor.py:161} INFO - Started process (PID=2210) to work on /opt/airflow/dags/sodai_pipeline.py
[2025-11-14T14:07:21.490+0000] {processor.py:830} INFO - Processing file /opt/airflow/dags/sodai_pipeline.py for tasks to queue
[2025-11-14T14:07:21.493+0000] {logging_mixin.py:188} INFO - [2025-11-14T14:07:21.492+0000] {dagbag.py:545} INFO - Filling up the DagBag from /opt/airflow/dags/sodai_pipeline.py
[2025-11-14T14:07:21.508+0000] {processor.py:840} INFO - DAG(s) 'sodai_pipeline_dag' retrieved from /opt/airflow/dags/sodai_pipeline.py
[2025-11-14T14:07:21.528+0000] {logging_mixin.py:188} INFO - [2025-11-14T14:07:21.528+0000] {dag.py:3096} INFO - Sync 1 DAGs
[2025-11-14T14:07:21.541+0000] {logging_mixin.py:188} INFO - [2025-11-14T14:07:21.541+0000] {dag.py:3954} INFO - Setting next_dagrun for sodai_pipeline_dag to 2025-11-09 00:00:00+00:00, run_after=2025-11-16 00:00:00+00:00
[2025-11-14T14:07:21.549+0000] {processor.py:183} INFO - Processing /opt/airflow/dags/sodai_pipeline.py took 0.072 seconds
[2025-11-14T14:07:51.847+0000] {processor.py:161} INFO - Started process (PID=2215) to work on /opt/airflow/dags/sodai_pipeline.py
[2025-11-14T14:07:51.850+0000] {processor.py:830} INFO - Processing file /opt/airflow/dags/sodai_pipeline.py for tasks to queue
[2025-11-14T14:07:51.854+0000] {logging_mixin.py:188} INFO - [2025-11-14T14:07:51.853+0000] {dagbag.py:545} INFO - Filling up the DagBag from /opt/airflow/dags/sodai_pipeline.py
[2025-11-14T14:07:51.880+0000] {processor.py:840} INFO - DAG(s) 'sodai_pipeline_dag' retrieved from /opt/airflow/dags/sodai_pipeline.py
[2025-11-14T14:07:51.907+0000] {logging_mixin.py:188} INFO - [2025-11-14T14:07:51.907+0000] {dag.py:3096} INFO - Sync 1 DAGs
[2025-11-14T14:07:51.921+0000] {logging_mixin.py:188} INFO - [2025-11-14T14:07:51.921+0000] {dag.py:3954} INFO - Setting next_dagrun for sodai_pipeline_dag to 2025-11-09 00:00:00+00:00, run_after=2025-11-16 00:00:00+00:00
[2025-11-14T14:07:51.933+0000] {processor.py:183} INFO - Processing /opt/airflow/dags/sodai_pipeline.py took 0.098 seconds
[2025-11-14T14:08:22.203+0000] {processor.py:161} INFO - Started process (PID=2220) to work on /opt/airflow/dags/sodai_pipeline.py
[2025-11-14T14:08:22.206+0000] {processor.py:830} INFO - Processing file /opt/airflow/dags/sodai_pipeline.py for tasks to queue
[2025-11-14T14:08:22.210+0000] {logging_mixin.py:188} INFO - [2025-11-14T14:08:22.209+0000] {dagbag.py:545} INFO - Filling up the DagBag from /opt/airflow/dags/sodai_pipeline.py
[2025-11-14T14:08:22.230+0000] {processor.py:840} INFO - DAG(s) 'sodai_pipeline_dag' retrieved from /opt/airflow/dags/sodai_pipeline.py
[2025-11-14T14:08:22.260+0000] {logging_mixin.py:188} INFO - [2025-11-14T14:08:22.260+0000] {dag.py:3096} INFO - Sync 1 DAGs
[2025-11-14T14:08:22.273+0000] {logging_mixin.py:188} INFO - [2025-11-14T14:08:22.273+0000] {dag.py:3954} INFO - Setting next_dagrun for sodai_pipeline_dag to 2025-11-09 00:00:00+00:00, run_after=2025-11-16 00:00:00+00:00
[2025-11-14T14:08:22.282+0000] {processor.py:183} INFO - Processing /opt/airflow/dags/sodai_pipeline.py took 0.093 seconds
[2025-11-14T14:08:52.564+0000] {processor.py:161} INFO - Started process (PID=2225) to work on /opt/airflow/dags/sodai_pipeline.py
[2025-11-14T14:08:52.566+0000] {processor.py:830} INFO - Processing file /opt/airflow/dags/sodai_pipeline.py for tasks to queue
[2025-11-14T14:08:52.570+0000] {logging_mixin.py:188} INFO - [2025-11-14T14:08:52.570+0000] {dagbag.py:545} INFO - Filling up the DagBag from /opt/airflow/dags/sodai_pipeline.py
[2025-11-14T14:08:52.592+0000] {processor.py:840} INFO - DAG(s) 'sodai_pipeline_dag' retrieved from /opt/airflow/dags/sodai_pipeline.py
[2025-11-14T14:08:52.623+0000] {logging_mixin.py:188} INFO - [2025-11-14T14:08:52.622+0000] {dag.py:3096} INFO - Sync 1 DAGs
[2025-11-14T14:08:52.636+0000] {logging_mixin.py:188} INFO - [2025-11-14T14:08:52.636+0000] {dag.py:3954} INFO - Setting next_dagrun for sodai_pipeline_dag to 2025-11-09 00:00:00+00:00, run_after=2025-11-16 00:00:00+00:00
[2025-11-14T14:08:52.644+0000] {processor.py:183} INFO - Processing /opt/airflow/dags/sodai_pipeline.py took 0.094 seconds
[2025-11-14T14:09:22.920+0000] {processor.py:161} INFO - Started process (PID=2230) to work on /opt/airflow/dags/sodai_pipeline.py
[2025-11-14T14:09:22.924+0000] {processor.py:830} INFO - Processing file /opt/airflow/dags/sodai_pipeline.py for tasks to queue
[2025-11-14T14:09:22.927+0000] {logging_mixin.py:188} INFO - [2025-11-14T14:09:22.926+0000] {dagbag.py:545} INFO - Filling up the DagBag from /opt/airflow/dags/sodai_pipeline.py
[2025-11-14T14:09:22.942+0000] {processor.py:840} INFO - DAG(s) 'sodai_pipeline_dag' retrieved from /opt/airflow/dags/sodai_pipeline.py
[2025-11-14T14:09:22.961+0000] {logging_mixin.py:188} INFO - [2025-11-14T14:09:22.961+0000] {dag.py:3096} INFO - Sync 1 DAGs
[2025-11-14T14:09:22.973+0000] {logging_mixin.py:188} INFO - [2025-11-14T14:09:22.973+0000] {dag.py:3954} INFO - Setting next_dagrun for sodai_pipeline_dag to 2025-11-09 00:00:00+00:00, run_after=2025-11-16 00:00:00+00:00
[2025-11-14T14:09:22.981+0000] {processor.py:183} INFO - Processing /opt/airflow/dags/sodai_pipeline.py took 0.071 seconds
[2025-11-14T14:09:53.295+0000] {processor.py:161} INFO - Started process (PID=2235) to work on /opt/airflow/dags/sodai_pipeline.py
[2025-11-14T14:09:53.299+0000] {processor.py:830} INFO - Processing file /opt/airflow/dags/sodai_pipeline.py for tasks to queue
[2025-11-14T14:09:53.304+0000] {logging_mixin.py:188} INFO - [2025-11-14T14:09:53.303+0000] {dagbag.py:545} INFO - Filling up the DagBag from /opt/airflow/dags/sodai_pipeline.py
[2025-11-14T14:09:53.330+0000] {processor.py:840} INFO - DAG(s) 'sodai_pipeline_dag' retrieved from /opt/airflow/dags/sodai_pipeline.py
[2025-11-14T14:09:53.366+0000] {logging_mixin.py:188} INFO - [2025-11-14T14:09:53.366+0000] {dag.py:3096} INFO - Sync 1 DAGs
[2025-11-14T14:09:53.381+0000] {logging_mixin.py:188} INFO - [2025-11-14T14:09:53.381+0000] {dag.py:3954} INFO - Setting next_dagrun for sodai_pipeline_dag to 2025-11-09 00:00:00+00:00, run_after=2025-11-16 00:00:00+00:00
[2025-11-14T14:09:53.399+0000] {processor.py:183} INFO - Processing /opt/airflow/dags/sodai_pipeline.py took 0.122 seconds
[2025-11-14T14:10:23.650+0000] {processor.py:161} INFO - Started process (PID=2240) to work on /opt/airflow/dags/sodai_pipeline.py
[2025-11-14T14:10:23.652+0000] {processor.py:830} INFO - Processing file /opt/airflow/dags/sodai_pipeline.py for tasks to queue
[2025-11-14T14:10:23.661+0000] {logging_mixin.py:188} INFO - [2025-11-14T14:10:23.660+0000] {dagbag.py:545} INFO - Filling up the DagBag from /opt/airflow/dags/sodai_pipeline.py
[2025-11-14T14:10:23.678+0000] {processor.py:840} INFO - DAG(s) 'sodai_pipeline_dag' retrieved from /opt/airflow/dags/sodai_pipeline.py
[2025-11-14T14:10:23.706+0000] {logging_mixin.py:188} INFO - [2025-11-14T14:10:23.706+0000] {dag.py:3096} INFO - Sync 1 DAGs
[2025-11-14T14:10:23.724+0000] {logging_mixin.py:188} INFO - [2025-11-14T14:10:23.723+0000] {dag.py:3954} INFO - Setting next_dagrun for sodai_pipeline_dag to 2025-11-09 00:00:00+00:00, run_after=2025-11-16 00:00:00+00:00
[2025-11-14T14:10:23.732+0000] {processor.py:183} INFO - Processing /opt/airflow/dags/sodai_pipeline.py took 0.096 seconds
[2025-11-14T14:10:54.038+0000] {processor.py:161} INFO - Started process (PID=2245) to work on /opt/airflow/dags/sodai_pipeline.py
[2025-11-14T14:10:54.041+0000] {processor.py:830} INFO - Processing file /opt/airflow/dags/sodai_pipeline.py for tasks to queue
[2025-11-14T14:10:54.046+0000] {logging_mixin.py:188} INFO - [2025-11-14T14:10:54.045+0000] {dagbag.py:545} INFO - Filling up the DagBag from /opt/airflow/dags/sodai_pipeline.py
[2025-11-14T14:10:54.075+0000] {processor.py:840} INFO - DAG(s) 'sodai_pipeline_dag' retrieved from /opt/airflow/dags/sodai_pipeline.py
[2025-11-14T14:10:54.106+0000] {logging_mixin.py:188} INFO - [2025-11-14T14:10:54.106+0000] {dag.py:3096} INFO - Sync 1 DAGs
[2025-11-14T14:10:54.123+0000] {logging_mixin.py:188} INFO - [2025-11-14T14:10:54.123+0000] {dag.py:3954} INFO - Setting next_dagrun for sodai_pipeline_dag to 2025-11-09 00:00:00+00:00, run_after=2025-11-16 00:00:00+00:00
[2025-11-14T14:10:54.133+0000] {processor.py:183} INFO - Processing /opt/airflow/dags/sodai_pipeline.py took 0.116 seconds
[2025-11-14T14:11:24.354+0000] {processor.py:161} INFO - Started process (PID=2250) to work on /opt/airflow/dags/sodai_pipeline.py
[2025-11-14T14:11:24.357+0000] {processor.py:830} INFO - Processing file /opt/airflow/dags/sodai_pipeline.py for tasks to queue
[2025-11-14T14:11:24.360+0000] {logging_mixin.py:188} INFO - [2025-11-14T14:11:24.360+0000] {dagbag.py:545} INFO - Filling up the DagBag from /opt/airflow/dags/sodai_pipeline.py
[2025-11-14T14:11:24.377+0000] {processor.py:840} INFO - DAG(s) 'sodai_pipeline_dag' retrieved from /opt/airflow/dags/sodai_pipeline.py
[2025-11-14T14:11:24.398+0000] {logging_mixin.py:188} INFO - [2025-11-14T14:11:24.398+0000] {dag.py:3096} INFO - Sync 1 DAGs
[2025-11-14T14:11:24.412+0000] {logging_mixin.py:188} INFO - [2025-11-14T14:11:24.412+0000] {dag.py:3954} INFO - Setting next_dagrun for sodai_pipeline_dag to 2025-11-09 00:00:00+00:00, run_after=2025-11-16 00:00:00+00:00
[2025-11-14T14:11:24.425+0000] {processor.py:183} INFO - Processing /opt/airflow/dags/sodai_pipeline.py took 0.081 seconds
[2025-11-14T14:11:54.719+0000] {processor.py:161} INFO - Started process (PID=2255) to work on /opt/airflow/dags/sodai_pipeline.py
[2025-11-14T14:11:54.721+0000] {processor.py:830} INFO - Processing file /opt/airflow/dags/sodai_pipeline.py for tasks to queue
[2025-11-14T14:11:54.725+0000] {logging_mixin.py:188} INFO - [2025-11-14T14:11:54.725+0000] {dagbag.py:545} INFO - Filling up the DagBag from /opt/airflow/dags/sodai_pipeline.py
[2025-11-14T14:11:54.744+0000] {processor.py:840} INFO - DAG(s) 'sodai_pipeline_dag' retrieved from /opt/airflow/dags/sodai_pipeline.py
[2025-11-14T14:11:54.765+0000] {logging_mixin.py:188} INFO - [2025-11-14T14:11:54.765+0000] {dag.py:3096} INFO - Sync 1 DAGs
[2025-11-14T14:11:54.777+0000] {logging_mixin.py:188} INFO - [2025-11-14T14:11:54.777+0000] {dag.py:3954} INFO - Setting next_dagrun for sodai_pipeline_dag to 2025-11-09 00:00:00+00:00, run_after=2025-11-16 00:00:00+00:00
[2025-11-14T14:11:54.786+0000] {processor.py:183} INFO - Processing /opt/airflow/dags/sodai_pipeline.py took 0.079 seconds
[2025-11-14T14:12:25.013+0000] {processor.py:161} INFO - Started process (PID=2260) to work on /opt/airflow/dags/sodai_pipeline.py
[2025-11-14T14:12:25.016+0000] {processor.py:830} INFO - Processing file /opt/airflow/dags/sodai_pipeline.py for tasks to queue
[2025-11-14T14:12:25.019+0000] {logging_mixin.py:188} INFO - [2025-11-14T14:12:25.019+0000] {dagbag.py:545} INFO - Filling up the DagBag from /opt/airflow/dags/sodai_pipeline.py
[2025-11-14T14:12:25.036+0000] {processor.py:840} INFO - DAG(s) 'sodai_pipeline_dag' retrieved from /opt/airflow/dags/sodai_pipeline.py
[2025-11-14T14:12:25.054+0000] {logging_mixin.py:188} INFO - [2025-11-14T14:12:25.054+0000] {dag.py:3096} INFO - Sync 1 DAGs
[2025-11-14T14:12:25.068+0000] {logging_mixin.py:188} INFO - [2025-11-14T14:12:25.068+0000] {dag.py:3954} INFO - Setting next_dagrun for sodai_pipeline_dag to 2025-11-09 00:00:00+00:00, run_after=2025-11-16 00:00:00+00:00
[2025-11-14T14:12:25.079+0000] {processor.py:183} INFO - Processing /opt/airflow/dags/sodai_pipeline.py took 0.076 seconds
[2025-11-14T14:12:55.412+0000] {processor.py:161} INFO - Started process (PID=2265) to work on /opt/airflow/dags/sodai_pipeline.py
[2025-11-14T14:12:55.415+0000] {processor.py:830} INFO - Processing file /opt/airflow/dags/sodai_pipeline.py for tasks to queue
[2025-11-14T14:12:55.418+0000] {logging_mixin.py:188} INFO - [2025-11-14T14:12:55.418+0000] {dagbag.py:545} INFO - Filling up the DagBag from /opt/airflow/dags/sodai_pipeline.py
[2025-11-14T14:12:55.436+0000] {processor.py:840} INFO - DAG(s) 'sodai_pipeline_dag' retrieved from /opt/airflow/dags/sodai_pipeline.py
[2025-11-14T14:12:55.456+0000] {logging_mixin.py:188} INFO - [2025-11-14T14:12:55.456+0000] {dag.py:3096} INFO - Sync 1 DAGs
[2025-11-14T14:12:55.469+0000] {logging_mixin.py:188} INFO - [2025-11-14T14:12:55.469+0000] {dag.py:3954} INFO - Setting next_dagrun for sodai_pipeline_dag to 2025-11-09 00:00:00+00:00, run_after=2025-11-16 00:00:00+00:00
[2025-11-14T14:12:55.478+0000] {processor.py:183} INFO - Processing /opt/airflow/dags/sodai_pipeline.py took 0.078 seconds
[2025-11-14T14:13:25.855+0000] {processor.py:161} INFO - Started process (PID=2270) to work on /opt/airflow/dags/sodai_pipeline.py
[2025-11-14T14:13:25.858+0000] {processor.py:830} INFO - Processing file /opt/airflow/dags/sodai_pipeline.py for tasks to queue
[2025-11-14T14:13:25.861+0000] {logging_mixin.py:188} INFO - [2025-11-14T14:13:25.861+0000] {dagbag.py:545} INFO - Filling up the DagBag from /opt/airflow/dags/sodai_pipeline.py
[2025-11-14T14:13:25.878+0000] {processor.py:840} INFO - DAG(s) 'sodai_pipeline_dag' retrieved from /opt/airflow/dags/sodai_pipeline.py
[2025-11-14T14:13:25.898+0000] {logging_mixin.py:188} INFO - [2025-11-14T14:13:25.897+0000] {dag.py:3096} INFO - Sync 1 DAGs
[2025-11-14T14:13:25.911+0000] {logging_mixin.py:188} INFO - [2025-11-14T14:13:25.911+0000] {dag.py:3954} INFO - Setting next_dagrun for sodai_pipeline_dag to 2025-11-09 00:00:00+00:00, run_after=2025-11-16 00:00:00+00:00
[2025-11-14T14:13:25.919+0000] {processor.py:183} INFO - Processing /opt/airflow/dags/sodai_pipeline.py took 0.072 seconds
[2025-11-14T14:13:56.290+0000] {processor.py:161} INFO - Started process (PID=2275) to work on /opt/airflow/dags/sodai_pipeline.py
[2025-11-14T14:13:56.292+0000] {processor.py:830} INFO - Processing file /opt/airflow/dags/sodai_pipeline.py for tasks to queue
[2025-11-14T14:13:56.297+0000] {logging_mixin.py:188} INFO - [2025-11-14T14:13:56.296+0000] {dagbag.py:545} INFO - Filling up the DagBag from /opt/airflow/dags/sodai_pipeline.py
[2025-11-14T14:13:56.317+0000] {processor.py:840} INFO - DAG(s) 'sodai_pipeline_dag' retrieved from /opt/airflow/dags/sodai_pipeline.py
[2025-11-14T14:13:56.343+0000] {logging_mixin.py:188} INFO - [2025-11-14T14:13:56.343+0000] {dag.py:3096} INFO - Sync 1 DAGs
[2025-11-14T14:13:56.356+0000] {logging_mixin.py:188} INFO - [2025-11-14T14:13:56.356+0000] {dag.py:3954} INFO - Setting next_dagrun for sodai_pipeline_dag to 2025-11-09 00:00:00+00:00, run_after=2025-11-16 00:00:00+00:00
[2025-11-14T14:13:56.365+0000] {processor.py:183} INFO - Processing /opt/airflow/dags/sodai_pipeline.py took 0.096 seconds
[2025-11-14T14:14:26.705+0000] {processor.py:161} INFO - Started process (PID=2280) to work on /opt/airflow/dags/sodai_pipeline.py
[2025-11-14T14:14:26.708+0000] {processor.py:830} INFO - Processing file /opt/airflow/dags/sodai_pipeline.py for tasks to queue
[2025-11-14T14:14:26.713+0000] {logging_mixin.py:188} INFO - [2025-11-14T14:14:26.712+0000] {dagbag.py:545} INFO - Filling up the DagBag from /opt/airflow/dags/sodai_pipeline.py
[2025-11-14T14:14:26.730+0000] {processor.py:840} INFO - DAG(s) 'sodai_pipeline_dag' retrieved from /opt/airflow/dags/sodai_pipeline.py
[2025-11-14T14:14:26.752+0000] {logging_mixin.py:188} INFO - [2025-11-14T14:14:26.752+0000] {dag.py:3096} INFO - Sync 1 DAGs
[2025-11-14T14:14:26.768+0000] {logging_mixin.py:188} INFO - [2025-11-14T14:14:26.768+0000] {dag.py:3954} INFO - Setting next_dagrun for sodai_pipeline_dag to 2025-11-09 00:00:00+00:00, run_after=2025-11-16 00:00:00+00:00
[2025-11-14T14:14:26.778+0000] {processor.py:183} INFO - Processing /opt/airflow/dags/sodai_pipeline.py took 0.088 seconds
[2025-11-14T14:14:57.105+0000] {processor.py:161} INFO - Started process (PID=2285) to work on /opt/airflow/dags/sodai_pipeline.py
[2025-11-14T14:14:57.108+0000] {processor.py:830} INFO - Processing file /opt/airflow/dags/sodai_pipeline.py for tasks to queue
[2025-11-14T14:14:57.111+0000] {logging_mixin.py:188} INFO - [2025-11-14T14:14:57.111+0000] {dagbag.py:545} INFO - Filling up the DagBag from /opt/airflow/dags/sodai_pipeline.py
[2025-11-14T14:14:57.136+0000] {processor.py:840} INFO - DAG(s) 'sodai_pipeline_dag' retrieved from /opt/airflow/dags/sodai_pipeline.py
[2025-11-14T14:14:57.164+0000] {logging_mixin.py:188} INFO - [2025-11-14T14:14:57.164+0000] {dag.py:3096} INFO - Sync 1 DAGs
[2025-11-14T14:14:57.181+0000] {logging_mixin.py:188} INFO - [2025-11-14T14:14:57.181+0000] {dag.py:3954} INFO - Setting next_dagrun for sodai_pipeline_dag to 2025-11-09 00:00:00+00:00, run_after=2025-11-16 00:00:00+00:00
[2025-11-14T14:14:57.190+0000] {processor.py:183} INFO - Processing /opt/airflow/dags/sodai_pipeline.py took 0.104 seconds
[2025-11-14T14:15:27.487+0000] {processor.py:161} INFO - Started process (PID=2290) to work on /opt/airflow/dags/sodai_pipeline.py
[2025-11-14T14:15:27.490+0000] {processor.py:830} INFO - Processing file /opt/airflow/dags/sodai_pipeline.py for tasks to queue
[2025-11-14T14:15:27.494+0000] {logging_mixin.py:188} INFO - [2025-11-14T14:15:27.494+0000] {dagbag.py:545} INFO - Filling up the DagBag from /opt/airflow/dags/sodai_pipeline.py
[2025-11-14T14:15:27.522+0000] {processor.py:840} INFO - DAG(s) 'sodai_pipeline_dag' retrieved from /opt/airflow/dags/sodai_pipeline.py
[2025-11-14T14:15:27.551+0000] {logging_mixin.py:188} INFO - [2025-11-14T14:15:27.551+0000] {dag.py:3096} INFO - Sync 1 DAGs
[2025-11-14T14:15:27.572+0000] {logging_mixin.py:188} INFO - [2025-11-14T14:15:27.572+0000] {dag.py:3954} INFO - Setting next_dagrun for sodai_pipeline_dag to 2025-11-09 00:00:00+00:00, run_after=2025-11-16 00:00:00+00:00
[2025-11-14T14:15:27.580+0000] {processor.py:183} INFO - Processing /opt/airflow/dags/sodai_pipeline.py took 0.109 seconds
[2025-11-14T14:15:57.902+0000] {processor.py:161} INFO - Started process (PID=2295) to work on /opt/airflow/dags/sodai_pipeline.py
[2025-11-14T14:15:57.904+0000] {processor.py:830} INFO - Processing file /opt/airflow/dags/sodai_pipeline.py for tasks to queue
[2025-11-14T14:15:57.907+0000] {logging_mixin.py:188} INFO - [2025-11-14T14:15:57.907+0000] {dagbag.py:545} INFO - Filling up the DagBag from /opt/airflow/dags/sodai_pipeline.py
[2025-11-14T14:15:57.923+0000] {processor.py:840} INFO - DAG(s) 'sodai_pipeline_dag' retrieved from /opt/airflow/dags/sodai_pipeline.py
[2025-11-14T14:15:57.942+0000] {logging_mixin.py:188} INFO - [2025-11-14T14:15:57.941+0000] {dag.py:3096} INFO - Sync 1 DAGs
[2025-11-14T14:15:57.952+0000] {logging_mixin.py:188} INFO - [2025-11-14T14:15:57.952+0000] {dag.py:3954} INFO - Setting next_dagrun for sodai_pipeline_dag to 2025-11-09 00:00:00+00:00, run_after=2025-11-16 00:00:00+00:00
[2025-11-14T14:15:57.959+0000] {processor.py:183} INFO - Processing /opt/airflow/dags/sodai_pipeline.py took 0.069 seconds
[2025-11-14T14:16:28.303+0000] {processor.py:161} INFO - Started process (PID=2300) to work on /opt/airflow/dags/sodai_pipeline.py
[2025-11-14T14:16:28.306+0000] {processor.py:830} INFO - Processing file /opt/airflow/dags/sodai_pipeline.py for tasks to queue
[2025-11-14T14:16:28.311+0000] {logging_mixin.py:188} INFO - [2025-11-14T14:16:28.310+0000] {dagbag.py:545} INFO - Filling up the DagBag from /opt/airflow/dags/sodai_pipeline.py
[2025-11-14T14:16:28.345+0000] {processor.py:840} INFO - DAG(s) 'sodai_pipeline_dag' retrieved from /opt/airflow/dags/sodai_pipeline.py
[2025-11-14T14:16:28.428+0000] {logging_mixin.py:188} INFO - [2025-11-14T14:16:28.427+0000] {dag.py:3096} INFO - Sync 1 DAGs
[2025-11-14T14:16:28.458+0000] {logging_mixin.py:188} INFO - [2025-11-14T14:16:28.458+0000] {dag.py:3954} INFO - Setting next_dagrun for sodai_pipeline_dag to 2025-11-09 00:00:00+00:00, run_after=2025-11-16 00:00:00+00:00
[2025-11-14T14:16:28.468+0000] {processor.py:183} INFO - Processing /opt/airflow/dags/sodai_pipeline.py took 0.172 seconds
[2025-11-14T14:16:58.768+0000] {processor.py:161} INFO - Started process (PID=2305) to work on /opt/airflow/dags/sodai_pipeline.py
[2025-11-14T14:16:58.771+0000] {processor.py:830} INFO - Processing file /opt/airflow/dags/sodai_pipeline.py for tasks to queue
[2025-11-14T14:16:58.775+0000] {logging_mixin.py:188} INFO - [2025-11-14T14:16:58.774+0000] {dagbag.py:545} INFO - Filling up the DagBag from /opt/airflow/dags/sodai_pipeline.py
[2025-11-14T14:16:58.804+0000] {processor.py:840} INFO - DAG(s) 'sodai_pipeline_dag' retrieved from /opt/airflow/dags/sodai_pipeline.py
[2025-11-14T14:16:58.838+0000] {logging_mixin.py:188} INFO - [2025-11-14T14:16:58.838+0000] {dag.py:3096} INFO - Sync 1 DAGs
[2025-11-14T14:16:58.858+0000] {logging_mixin.py:188} INFO - [2025-11-14T14:16:58.858+0000] {dag.py:3954} INFO - Setting next_dagrun for sodai_pipeline_dag to 2025-11-09 00:00:00+00:00, run_after=2025-11-16 00:00:00+00:00
[2025-11-14T14:16:58.867+0000] {processor.py:183} INFO - Processing /opt/airflow/dags/sodai_pipeline.py took 0.120 seconds
[2025-11-14T14:17:29.130+0000] {processor.py:161} INFO - Started process (PID=2310) to work on /opt/airflow/dags/sodai_pipeline.py
[2025-11-14T14:17:29.134+0000] {processor.py:830} INFO - Processing file /opt/airflow/dags/sodai_pipeline.py for tasks to queue
[2025-11-14T14:17:29.138+0000] {logging_mixin.py:188} INFO - [2025-11-14T14:17:29.137+0000] {dagbag.py:545} INFO - Filling up the DagBag from /opt/airflow/dags/sodai_pipeline.py
[2025-11-14T14:17:29.159+0000] {processor.py:840} INFO - DAG(s) 'sodai_pipeline_dag' retrieved from /opt/airflow/dags/sodai_pipeline.py
[2025-11-14T14:17:29.186+0000] {logging_mixin.py:188} INFO - [2025-11-14T14:17:29.186+0000] {dag.py:3096} INFO - Sync 1 DAGs
[2025-11-14T14:17:29.204+0000] {logging_mixin.py:188} INFO - [2025-11-14T14:17:29.203+0000] {dag.py:3954} INFO - Setting next_dagrun for sodai_pipeline_dag to 2025-11-09 00:00:00+00:00, run_after=2025-11-16 00:00:00+00:00
[2025-11-14T14:17:29.220+0000] {processor.py:183} INFO - Processing /opt/airflow/dags/sodai_pipeline.py took 0.098 seconds
[2025-11-14T14:17:59.543+0000] {processor.py:161} INFO - Started process (PID=2315) to work on /opt/airflow/dags/sodai_pipeline.py
[2025-11-14T14:17:59.545+0000] {processor.py:830} INFO - Processing file /opt/airflow/dags/sodai_pipeline.py for tasks to queue
[2025-11-14T14:17:59.548+0000] {logging_mixin.py:188} INFO - [2025-11-14T14:17:59.548+0000] {dagbag.py:545} INFO - Filling up the DagBag from /opt/airflow/dags/sodai_pipeline.py
[2025-11-14T14:17:59.572+0000] {processor.py:840} INFO - DAG(s) 'sodai_pipeline_dag' retrieved from /opt/airflow/dags/sodai_pipeline.py
[2025-11-14T14:17:59.602+0000] {logging_mixin.py:188} INFO - [2025-11-14T14:17:59.601+0000] {dag.py:3096} INFO - Sync 1 DAGs
[2025-11-14T14:17:59.617+0000] {logging_mixin.py:188} INFO - [2025-11-14T14:17:59.617+0000] {dag.py:3954} INFO - Setting next_dagrun for sodai_pipeline_dag to 2025-11-09 00:00:00+00:00, run_after=2025-11-16 00:00:00+00:00
[2025-11-14T14:17:59.627+0000] {processor.py:183} INFO - Processing /opt/airflow/dags/sodai_pipeline.py took 0.100 seconds
[2025-11-14T14:18:29.921+0000] {processor.py:161} INFO - Started process (PID=2320) to work on /opt/airflow/dags/sodai_pipeline.py
[2025-11-14T14:18:29.923+0000] {processor.py:830} INFO - Processing file /opt/airflow/dags/sodai_pipeline.py for tasks to queue
[2025-11-14T14:18:29.927+0000] {logging_mixin.py:188} INFO - [2025-11-14T14:18:29.926+0000] {dagbag.py:545} INFO - Filling up the DagBag from /opt/airflow/dags/sodai_pipeline.py
[2025-11-14T14:18:29.953+0000] {processor.py:840} INFO - DAG(s) 'sodai_pipeline_dag' retrieved from /opt/airflow/dags/sodai_pipeline.py
[2025-11-14T14:18:29.985+0000] {logging_mixin.py:188} INFO - [2025-11-14T14:18:29.984+0000] {dag.py:3096} INFO - Sync 1 DAGs
[2025-11-14T14:18:30.005+0000] {logging_mixin.py:188} INFO - [2025-11-14T14:18:30.004+0000] {dag.py:3954} INFO - Setting next_dagrun for sodai_pipeline_dag to 2025-11-09 00:00:00+00:00, run_after=2025-11-16 00:00:00+00:00
[2025-11-14T14:18:30.015+0000] {processor.py:183} INFO - Processing /opt/airflow/dags/sodai_pipeline.py took 0.108 seconds
[2025-11-14T14:19:00.261+0000] {processor.py:161} INFO - Started process (PID=2325) to work on /opt/airflow/dags/sodai_pipeline.py
[2025-11-14T14:19:00.265+0000] {processor.py:830} INFO - Processing file /opt/airflow/dags/sodai_pipeline.py for tasks to queue
[2025-11-14T14:19:00.270+0000] {logging_mixin.py:188} INFO - [2025-11-14T14:19:00.269+0000] {dagbag.py:545} INFO - Filling up the DagBag from /opt/airflow/dags/sodai_pipeline.py
[2025-11-14T14:19:00.298+0000] {processor.py:840} INFO - DAG(s) 'sodai_pipeline_dag' retrieved from /opt/airflow/dags/sodai_pipeline.py
[2025-11-14T14:19:00.331+0000] {logging_mixin.py:188} INFO - [2025-11-14T14:19:00.330+0000] {dag.py:3096} INFO - Sync 1 DAGs
[2025-11-14T14:19:00.352+0000] {logging_mixin.py:188} INFO - [2025-11-14T14:19:00.352+0000] {dag.py:3954} INFO - Setting next_dagrun for sodai_pipeline_dag to 2025-11-09 00:00:00+00:00, run_after=2025-11-16 00:00:00+00:00
[2025-11-14T14:19:00.363+0000] {processor.py:183} INFO - Processing /opt/airflow/dags/sodai_pipeline.py took 0.113 seconds
[2025-11-14T14:19:30.644+0000] {processor.py:161} INFO - Started process (PID=2330) to work on /opt/airflow/dags/sodai_pipeline.py
[2025-11-14T14:19:30.646+0000] {processor.py:830} INFO - Processing file /opt/airflow/dags/sodai_pipeline.py for tasks to queue
[2025-11-14T14:19:30.650+0000] {logging_mixin.py:188} INFO - [2025-11-14T14:19:30.649+0000] {dagbag.py:545} INFO - Filling up the DagBag from /opt/airflow/dags/sodai_pipeline.py
[2025-11-14T14:19:30.666+0000] {processor.py:840} INFO - DAG(s) 'sodai_pipeline_dag' retrieved from /opt/airflow/dags/sodai_pipeline.py
[2025-11-14T14:19:30.702+0000] {logging_mixin.py:188} INFO - [2025-11-14T14:19:30.702+0000] {dag.py:3096} INFO - Sync 1 DAGs
[2025-11-14T14:19:30.726+0000] {logging_mixin.py:188} INFO - [2025-11-14T14:19:30.726+0000] {dag.py:3954} INFO - Setting next_dagrun for sodai_pipeline_dag to 2025-11-09 00:00:00+00:00, run_after=2025-11-16 00:00:00+00:00
[2025-11-14T14:19:30.742+0000] {processor.py:183} INFO - Processing /opt/airflow/dags/sodai_pipeline.py took 0.115 seconds
[2025-11-14T14:20:00.995+0000] {processor.py:161} INFO - Started process (PID=2335) to work on /opt/airflow/dags/sodai_pipeline.py
[2025-11-14T14:20:01.007+0000] {processor.py:830} INFO - Processing file /opt/airflow/dags/sodai_pipeline.py for tasks to queue
[2025-11-14T14:20:01.011+0000] {logging_mixin.py:188} INFO - [2025-11-14T14:20:01.011+0000] {dagbag.py:545} INFO - Filling up the DagBag from /opt/airflow/dags/sodai_pipeline.py
[2025-11-14T14:20:01.036+0000] {processor.py:840} INFO - DAG(s) 'sodai_pipeline_dag' retrieved from /opt/airflow/dags/sodai_pipeline.py
[2025-11-14T14:20:01.068+0000] {logging_mixin.py:188} INFO - [2025-11-14T14:20:01.068+0000] {dag.py:3096} INFO - Sync 1 DAGs
[2025-11-14T14:20:01.089+0000] {logging_mixin.py:188} INFO - [2025-11-14T14:20:01.089+0000] {dag.py:3954} INFO - Setting next_dagrun for sodai_pipeline_dag to 2025-11-09 00:00:00+00:00, run_after=2025-11-16 00:00:00+00:00
[2025-11-14T14:20:01.100+0000] {processor.py:183} INFO - Processing /opt/airflow/dags/sodai_pipeline.py took 0.128 seconds
[2025-11-14T14:20:31.421+0000] {processor.py:161} INFO - Started process (PID=2340) to work on /opt/airflow/dags/sodai_pipeline.py
[2025-11-14T14:20:31.423+0000] {processor.py:830} INFO - Processing file /opt/airflow/dags/sodai_pipeline.py for tasks to queue
[2025-11-14T14:20:31.430+0000] {logging_mixin.py:188} INFO - [2025-11-14T14:20:31.430+0000] {dagbag.py:545} INFO - Filling up the DagBag from /opt/airflow/dags/sodai_pipeline.py
[2025-11-14T14:20:31.457+0000] {processor.py:840} INFO - DAG(s) 'sodai_pipeline_dag' retrieved from /opt/airflow/dags/sodai_pipeline.py
[2025-11-14T14:20:31.488+0000] {logging_mixin.py:188} INFO - [2025-11-14T14:20:31.488+0000] {dag.py:3096} INFO - Sync 1 DAGs
[2025-11-14T14:20:31.509+0000] {logging_mixin.py:188} INFO - [2025-11-14T14:20:31.509+0000] {dag.py:3954} INFO - Setting next_dagrun for sodai_pipeline_dag to 2025-11-09 00:00:00+00:00, run_after=2025-11-16 00:00:00+00:00
[2025-11-14T14:20:31.519+0000] {processor.py:183} INFO - Processing /opt/airflow/dags/sodai_pipeline.py took 0.116 seconds
[2025-11-14T14:21:01.768+0000] {processor.py:161} INFO - Started process (PID=2345) to work on /opt/airflow/dags/sodai_pipeline.py
[2025-11-14T14:21:01.772+0000] {processor.py:830} INFO - Processing file /opt/airflow/dags/sodai_pipeline.py for tasks to queue
[2025-11-14T14:21:01.775+0000] {logging_mixin.py:188} INFO - [2025-11-14T14:21:01.774+0000] {dagbag.py:545} INFO - Filling up the DagBag from /opt/airflow/dags/sodai_pipeline.py
[2025-11-14T14:21:01.796+0000] {processor.py:840} INFO - DAG(s) 'sodai_pipeline_dag' retrieved from /opt/airflow/dags/sodai_pipeline.py
[2025-11-14T14:21:01.825+0000] {logging_mixin.py:188} INFO - [2025-11-14T14:21:01.825+0000] {dag.py:3096} INFO - Sync 1 DAGs
[2025-11-14T14:21:01.841+0000] {logging_mixin.py:188} INFO - [2025-11-14T14:21:01.841+0000] {dag.py:3954} INFO - Setting next_dagrun for sodai_pipeline_dag to 2025-11-09 00:00:00+00:00, run_after=2025-11-16 00:00:00+00:00
[2025-11-14T14:21:01.856+0000] {processor.py:183} INFO - Processing /opt/airflow/dags/sodai_pipeline.py took 0.107 seconds
[2025-11-14T14:21:32.187+0000] {processor.py:161} INFO - Started process (PID=2350) to work on /opt/airflow/dags/sodai_pipeline.py
[2025-11-14T14:21:32.190+0000] {processor.py:830} INFO - Processing file /opt/airflow/dags/sodai_pipeline.py for tasks to queue
[2025-11-14T14:21:32.194+0000] {logging_mixin.py:188} INFO - [2025-11-14T14:21:32.194+0000] {dagbag.py:545} INFO - Filling up the DagBag from /opt/airflow/dags/sodai_pipeline.py
[2025-11-14T14:21:32.225+0000] {processor.py:840} INFO - DAG(s) 'sodai_pipeline_dag' retrieved from /opt/airflow/dags/sodai_pipeline.py
[2025-11-14T14:21:32.261+0000] {logging_mixin.py:188} INFO - [2025-11-14T14:21:32.260+0000] {dag.py:3096} INFO - Sync 1 DAGs
[2025-11-14T14:21:32.279+0000] {logging_mixin.py:188} INFO - [2025-11-14T14:21:32.278+0000] {dag.py:3954} INFO - Setting next_dagrun for sodai_pipeline_dag to 2025-11-09 00:00:00+00:00, run_after=2025-11-16 00:00:00+00:00
[2025-11-14T14:21:32.292+0000] {processor.py:183} INFO - Processing /opt/airflow/dags/sodai_pipeline.py took 0.128 seconds
[2025-11-14T14:22:02.542+0000] {processor.py:161} INFO - Started process (PID=2355) to work on /opt/airflow/dags/sodai_pipeline.py
[2025-11-14T14:22:02.547+0000] {processor.py:830} INFO - Processing file /opt/airflow/dags/sodai_pipeline.py for tasks to queue
[2025-11-14T14:22:02.552+0000] {logging_mixin.py:188} INFO - [2025-11-14T14:22:02.551+0000] {dagbag.py:545} INFO - Filling up the DagBag from /opt/airflow/dags/sodai_pipeline.py
[2025-11-14T14:22:02.583+0000] {processor.py:840} INFO - DAG(s) 'sodai_pipeline_dag' retrieved from /opt/airflow/dags/sodai_pipeline.py
[2025-11-14T14:22:02.612+0000] {logging_mixin.py:188} INFO - [2025-11-14T14:22:02.612+0000] {dag.py:3096} INFO - Sync 1 DAGs
[2025-11-14T14:22:02.630+0000] {logging_mixin.py:188} INFO - [2025-11-14T14:22:02.630+0000] {dag.py:3954} INFO - Setting next_dagrun for sodai_pipeline_dag to 2025-11-09 00:00:00+00:00, run_after=2025-11-16 00:00:00+00:00
[2025-11-14T14:22:02.640+0000] {processor.py:183} INFO - Processing /opt/airflow/dags/sodai_pipeline.py took 0.127 seconds
[2025-11-14T14:22:32.987+0000] {processor.py:161} INFO - Started process (PID=2360) to work on /opt/airflow/dags/sodai_pipeline.py
[2025-11-14T14:22:32.989+0000] {processor.py:830} INFO - Processing file /opt/airflow/dags/sodai_pipeline.py for tasks to queue
[2025-11-14T14:22:32.992+0000] {logging_mixin.py:188} INFO - [2025-11-14T14:22:32.992+0000] {dagbag.py:545} INFO - Filling up the DagBag from /opt/airflow/dags/sodai_pipeline.py
[2025-11-14T14:22:33.011+0000] {processor.py:840} INFO - DAG(s) 'sodai_pipeline_dag' retrieved from /opt/airflow/dags/sodai_pipeline.py
[2025-11-14T14:22:33.041+0000] {logging_mixin.py:188} INFO - [2025-11-14T14:22:33.041+0000] {dag.py:3096} INFO - Sync 1 DAGs
[2025-11-14T14:22:33.057+0000] {logging_mixin.py:188} INFO - [2025-11-14T14:22:33.056+0000] {dag.py:3954} INFO - Setting next_dagrun for sodai_pipeline_dag to 2025-11-09 00:00:00+00:00, run_after=2025-11-16 00:00:00+00:00
[2025-11-14T14:22:33.067+0000] {processor.py:183} INFO - Processing /opt/airflow/dags/sodai_pipeline.py took 0.097 seconds
[2025-11-14T14:23:03.314+0000] {processor.py:161} INFO - Started process (PID=2365) to work on /opt/airflow/dags/sodai_pipeline.py
[2025-11-14T14:23:03.316+0000] {processor.py:830} INFO - Processing file /opt/airflow/dags/sodai_pipeline.py for tasks to queue
[2025-11-14T14:23:03.324+0000] {logging_mixin.py:188} INFO - [2025-11-14T14:23:03.320+0000] {dagbag.py:545} INFO - Filling up the DagBag from /opt/airflow/dags/sodai_pipeline.py
[2025-11-14T14:23:03.351+0000] {processor.py:840} INFO - DAG(s) 'sodai_pipeline_dag' retrieved from /opt/airflow/dags/sodai_pipeline.py
[2025-11-14T14:23:03.383+0000] {logging_mixin.py:188} INFO - [2025-11-14T14:23:03.382+0000] {dag.py:3096} INFO - Sync 1 DAGs
[2025-11-14T14:23:03.403+0000] {logging_mixin.py:188} INFO - [2025-11-14T14:23:03.403+0000] {dag.py:3954} INFO - Setting next_dagrun for sodai_pipeline_dag to 2025-11-09 00:00:00+00:00, run_after=2025-11-16 00:00:00+00:00
[2025-11-14T14:23:03.413+0000] {processor.py:183} INFO - Processing /opt/airflow/dags/sodai_pipeline.py took 0.124 seconds
[2025-11-14T14:23:33.637+0000] {processor.py:161} INFO - Started process (PID=2370) to work on /opt/airflow/dags/sodai_pipeline.py
[2025-11-14T14:23:33.648+0000] {processor.py:830} INFO - Processing file /opt/airflow/dags/sodai_pipeline.py for tasks to queue
[2025-11-14T14:23:33.654+0000] {logging_mixin.py:188} INFO - [2025-11-14T14:23:33.654+0000] {dagbag.py:545} INFO - Filling up the DagBag from /opt/airflow/dags/sodai_pipeline.py
[2025-11-14T14:23:33.679+0000] {processor.py:840} INFO - DAG(s) 'sodai_pipeline_dag' retrieved from /opt/airflow/dags/sodai_pipeline.py
[2025-11-14T14:23:33.720+0000] {logging_mixin.py:188} INFO - [2025-11-14T14:23:33.720+0000] {dag.py:3096} INFO - Sync 1 DAGs
[2025-11-14T14:23:33.742+0000] {logging_mixin.py:188} INFO - [2025-11-14T14:23:33.742+0000] {dag.py:3954} INFO - Setting next_dagrun for sodai_pipeline_dag to 2025-11-09 00:00:00+00:00, run_after=2025-11-16 00:00:00+00:00
[2025-11-14T14:23:33.774+0000] {processor.py:183} INFO - Processing /opt/airflow/dags/sodai_pipeline.py took 0.153 seconds
[2025-11-14T14:24:04.143+0000] {processor.py:161} INFO - Started process (PID=2375) to work on /opt/airflow/dags/sodai_pipeline.py
[2025-11-14T14:24:04.151+0000] {processor.py:830} INFO - Processing file /opt/airflow/dags/sodai_pipeline.py for tasks to queue
[2025-11-14T14:24:04.154+0000] {logging_mixin.py:188} INFO - [2025-11-14T14:24:04.154+0000] {dagbag.py:545} INFO - Filling up the DagBag from /opt/airflow/dags/sodai_pipeline.py
[2025-11-14T14:24:04.182+0000] {processor.py:840} INFO - DAG(s) 'sodai_pipeline_dag' retrieved from /opt/airflow/dags/sodai_pipeline.py
[2025-11-14T14:24:04.220+0000] {logging_mixin.py:188} INFO - [2025-11-14T14:24:04.220+0000] {dag.py:3096} INFO - Sync 1 DAGs
[2025-11-14T14:24:04.245+0000] {logging_mixin.py:188} INFO - [2025-11-14T14:24:04.245+0000] {dag.py:3954} INFO - Setting next_dagrun for sodai_pipeline_dag to 2025-11-09 00:00:00+00:00, run_after=2025-11-16 00:00:00+00:00
[2025-11-14T14:24:04.257+0000] {processor.py:183} INFO - Processing /opt/airflow/dags/sodai_pipeline.py took 0.130 seconds
[2025-11-14T14:24:34.631+0000] {processor.py:161} INFO - Started process (PID=2380) to work on /opt/airflow/dags/sodai_pipeline.py
[2025-11-14T14:24:34.636+0000] {processor.py:830} INFO - Processing file /opt/airflow/dags/sodai_pipeline.py for tasks to queue
[2025-11-14T14:24:34.642+0000] {logging_mixin.py:188} INFO - [2025-11-14T14:24:34.642+0000] {dagbag.py:545} INFO - Filling up the DagBag from /opt/airflow/dags/sodai_pipeline.py
[2025-11-14T14:24:34.669+0000] {processor.py:840} INFO - DAG(s) 'sodai_pipeline_dag' retrieved from /opt/airflow/dags/sodai_pipeline.py
[2025-11-14T14:24:34.700+0000] {logging_mixin.py:188} INFO - [2025-11-14T14:24:34.699+0000] {dag.py:3096} INFO - Sync 1 DAGs
[2025-11-14T14:24:34.718+0000] {logging_mixin.py:188} INFO - [2025-11-14T14:24:34.718+0000] {dag.py:3954} INFO - Setting next_dagrun for sodai_pipeline_dag to 2025-11-09 00:00:00+00:00, run_after=2025-11-16 00:00:00+00:00
[2025-11-14T14:24:34.728+0000] {processor.py:183} INFO - Processing /opt/airflow/dags/sodai_pipeline.py took 0.115 seconds
[2025-11-14T14:25:05.066+0000] {processor.py:161} INFO - Started process (PID=2385) to work on /opt/airflow/dags/sodai_pipeline.py
[2025-11-14T14:25:05.070+0000] {processor.py:830} INFO - Processing file /opt/airflow/dags/sodai_pipeline.py for tasks to queue
[2025-11-14T14:25:05.075+0000] {logging_mixin.py:188} INFO - [2025-11-14T14:25:05.074+0000] {dagbag.py:545} INFO - Filling up the DagBag from /opt/airflow/dags/sodai_pipeline.py
[2025-11-14T14:25:05.100+0000] {processor.py:840} INFO - DAG(s) 'sodai_pipeline_dag' retrieved from /opt/airflow/dags/sodai_pipeline.py
[2025-11-14T14:25:05.130+0000] {logging_mixin.py:188} INFO - [2025-11-14T14:25:05.129+0000] {dag.py:3096} INFO - Sync 1 DAGs
[2025-11-14T14:25:05.148+0000] {logging_mixin.py:188} INFO - [2025-11-14T14:25:05.148+0000] {dag.py:3954} INFO - Setting next_dagrun for sodai_pipeline_dag to 2025-11-09 00:00:00+00:00, run_after=2025-11-16 00:00:00+00:00
[2025-11-14T14:25:05.160+0000] {processor.py:183} INFO - Processing /opt/airflow/dags/sodai_pipeline.py took 0.116 seconds
[2025-11-14T14:25:35.416+0000] {processor.py:161} INFO - Started process (PID=2390) to work on /opt/airflow/dags/sodai_pipeline.py
[2025-11-14T14:25:35.420+0000] {processor.py:830} INFO - Processing file /opt/airflow/dags/sodai_pipeline.py for tasks to queue
[2025-11-14T14:25:35.424+0000] {logging_mixin.py:188} INFO - [2025-11-14T14:25:35.423+0000] {dagbag.py:545} INFO - Filling up the DagBag from /opt/airflow/dags/sodai_pipeline.py
[2025-11-14T14:25:35.443+0000] {processor.py:840} INFO - DAG(s) 'sodai_pipeline_dag' retrieved from /opt/airflow/dags/sodai_pipeline.py
[2025-11-14T14:25:35.465+0000] {logging_mixin.py:188} INFO - [2025-11-14T14:25:35.465+0000] {dag.py:3096} INFO - Sync 1 DAGs
[2025-11-14T14:25:35.480+0000] {logging_mixin.py:188} INFO - [2025-11-14T14:25:35.480+0000] {dag.py:3954} INFO - Setting next_dagrun for sodai_pipeline_dag to 2025-11-09 00:00:00+00:00, run_after=2025-11-16 00:00:00+00:00
[2025-11-14T14:25:35.489+0000] {processor.py:183} INFO - Processing /opt/airflow/dags/sodai_pipeline.py took 0.084 seconds
[2025-11-14T14:26:05.796+0000] {processor.py:161} INFO - Started process (PID=2395) to work on /opt/airflow/dags/sodai_pipeline.py
[2025-11-14T14:26:05.798+0000] {processor.py:830} INFO - Processing file /opt/airflow/dags/sodai_pipeline.py for tasks to queue
[2025-11-14T14:26:05.802+0000] {logging_mixin.py:188} INFO - [2025-11-14T14:26:05.801+0000] {dagbag.py:545} INFO - Filling up the DagBag from /opt/airflow/dags/sodai_pipeline.py
[2025-11-14T14:26:05.822+0000] {processor.py:840} INFO - DAG(s) 'sodai_pipeline_dag' retrieved from /opt/airflow/dags/sodai_pipeline.py
[2025-11-14T14:26:05.856+0000] {logging_mixin.py:188} INFO - [2025-11-14T14:26:05.856+0000] {dag.py:3096} INFO - Sync 1 DAGs
[2025-11-14T14:26:05.875+0000] {logging_mixin.py:188} INFO - [2025-11-14T14:26:05.875+0000] {dag.py:3954} INFO - Setting next_dagrun for sodai_pipeline_dag to 2025-11-09 00:00:00+00:00, run_after=2025-11-16 00:00:00+00:00
[2025-11-14T14:26:05.885+0000] {processor.py:183} INFO - Processing /opt/airflow/dags/sodai_pipeline.py took 0.107 seconds
[2025-11-14T14:26:36.165+0000] {processor.py:161} INFO - Started process (PID=2400) to work on /opt/airflow/dags/sodai_pipeline.py
[2025-11-14T14:26:36.168+0000] {processor.py:830} INFO - Processing file /opt/airflow/dags/sodai_pipeline.py for tasks to queue
[2025-11-14T14:26:36.171+0000] {logging_mixin.py:188} INFO - [2025-11-14T14:26:36.170+0000] {dagbag.py:545} INFO - Filling up the DagBag from /opt/airflow/dags/sodai_pipeline.py
[2025-11-14T14:26:36.196+0000] {processor.py:840} INFO - DAG(s) 'sodai_pipeline_dag' retrieved from /opt/airflow/dags/sodai_pipeline.py
[2025-11-14T14:26:36.231+0000] {logging_mixin.py:188} INFO - [2025-11-14T14:26:36.231+0000] {dag.py:3096} INFO - Sync 1 DAGs
[2025-11-14T14:26:36.253+0000] {logging_mixin.py:188} INFO - [2025-11-14T14:26:36.253+0000] {dag.py:3954} INFO - Setting next_dagrun for sodai_pipeline_dag to 2025-11-09 00:00:00+00:00, run_after=2025-11-16 00:00:00+00:00
[2025-11-14T14:26:36.263+0000] {processor.py:183} INFO - Processing /opt/airflow/dags/sodai_pipeline.py took 0.118 seconds
[2025-11-14T14:27:06.532+0000] {processor.py:161} INFO - Started process (PID=2405) to work on /opt/airflow/dags/sodai_pipeline.py
[2025-11-14T14:27:06.534+0000] {processor.py:830} INFO - Processing file /opt/airflow/dags/sodai_pipeline.py for tasks to queue
[2025-11-14T14:27:06.539+0000] {logging_mixin.py:188} INFO - [2025-11-14T14:27:06.538+0000] {dagbag.py:545} INFO - Filling up the DagBag from /opt/airflow/dags/sodai_pipeline.py
[2025-11-14T14:27:06.563+0000] {processor.py:840} INFO - DAG(s) 'sodai_pipeline_dag' retrieved from /opt/airflow/dags/sodai_pipeline.py
[2025-11-14T14:27:06.588+0000] {logging_mixin.py:188} INFO - [2025-11-14T14:27:06.588+0000] {dag.py:3096} INFO - Sync 1 DAGs
[2025-11-14T14:27:06.609+0000] {logging_mixin.py:188} INFO - [2025-11-14T14:27:06.609+0000] {dag.py:3954} INFO - Setting next_dagrun for sodai_pipeline_dag to 2025-11-09 00:00:00+00:00, run_after=2025-11-16 00:00:00+00:00
[2025-11-14T14:27:06.619+0000] {processor.py:183} INFO - Processing /opt/airflow/dags/sodai_pipeline.py took 0.105 seconds
[2025-11-14T14:27:36.916+0000] {processor.py:161} INFO - Started process (PID=2410) to work on /opt/airflow/dags/sodai_pipeline.py
[2025-11-14T14:27:36.919+0000] {processor.py:830} INFO - Processing file /opt/airflow/dags/sodai_pipeline.py for tasks to queue
[2025-11-14T14:27:36.926+0000] {logging_mixin.py:188} INFO - [2025-11-14T14:27:36.924+0000] {dagbag.py:545} INFO - Filling up the DagBag from /opt/airflow/dags/sodai_pipeline.py
[2025-11-14T14:27:36.948+0000] {processor.py:840} INFO - DAG(s) 'sodai_pipeline_dag' retrieved from /opt/airflow/dags/sodai_pipeline.py
[2025-11-14T14:27:36.987+0000] {logging_mixin.py:188} INFO - [2025-11-14T14:27:36.987+0000] {dag.py:3096} INFO - Sync 1 DAGs
[2025-11-14T14:27:37.004+0000] {logging_mixin.py:188} INFO - [2025-11-14T14:27:37.004+0000] {dag.py:3954} INFO - Setting next_dagrun for sodai_pipeline_dag to 2025-11-09 00:00:00+00:00, run_after=2025-11-16 00:00:00+00:00
[2025-11-14T14:27:37.017+0000] {processor.py:183} INFO - Processing /opt/airflow/dags/sodai_pipeline.py took 0.117 seconds
[2025-11-14T14:28:07.240+0000] {processor.py:161} INFO - Started process (PID=2415) to work on /opt/airflow/dags/sodai_pipeline.py
[2025-11-14T14:28:07.242+0000] {processor.py:830} INFO - Processing file /opt/airflow/dags/sodai_pipeline.py for tasks to queue
[2025-11-14T14:28:07.246+0000] {logging_mixin.py:188} INFO - [2025-11-14T14:28:07.245+0000] {dagbag.py:545} INFO - Filling up the DagBag from /opt/airflow/dags/sodai_pipeline.py
[2025-11-14T14:28:07.266+0000] {processor.py:840} INFO - DAG(s) 'sodai_pipeline_dag' retrieved from /opt/airflow/dags/sodai_pipeline.py
[2025-11-14T14:28:07.299+0000] {logging_mixin.py:188} INFO - [2025-11-14T14:28:07.299+0000] {dag.py:3096} INFO - Sync 1 DAGs
[2025-11-14T14:28:07.317+0000] {logging_mixin.py:188} INFO - [2025-11-14T14:28:07.317+0000] {dag.py:3954} INFO - Setting next_dagrun for sodai_pipeline_dag to 2025-11-09 00:00:00+00:00, run_after=2025-11-16 00:00:00+00:00
[2025-11-14T14:28:07.328+0000] {processor.py:183} INFO - Processing /opt/airflow/dags/sodai_pipeline.py took 0.103 seconds
[2025-11-14T14:28:37.519+0000] {processor.py:161} INFO - Started process (PID=2420) to work on /opt/airflow/dags/sodai_pipeline.py
[2025-11-14T14:28:37.523+0000] {processor.py:830} INFO - Processing file /opt/airflow/dags/sodai_pipeline.py for tasks to queue
[2025-11-14T14:28:37.527+0000] {logging_mixin.py:188} INFO - [2025-11-14T14:28:37.527+0000] {dagbag.py:545} INFO - Filling up the DagBag from /opt/airflow/dags/sodai_pipeline.py
[2025-11-14T14:28:37.546+0000] {processor.py:840} INFO - DAG(s) 'sodai_pipeline_dag' retrieved from /opt/airflow/dags/sodai_pipeline.py
[2025-11-14T14:28:37.575+0000] {logging_mixin.py:188} INFO - [2025-11-14T14:28:37.575+0000] {dag.py:3096} INFO - Sync 1 DAGs
[2025-11-14T14:28:37.593+0000] {logging_mixin.py:188} INFO - [2025-11-14T14:28:37.593+0000] {dag.py:3954} INFO - Setting next_dagrun for sodai_pipeline_dag to 2025-11-09 00:00:00+00:00, run_after=2025-11-16 00:00:00+00:00
[2025-11-14T14:28:37.602+0000] {processor.py:183} INFO - Processing /opt/airflow/dags/sodai_pipeline.py took 0.099 seconds
[2025-11-14T14:29:07.873+0000] {processor.py:161} INFO - Started process (PID=2425) to work on /opt/airflow/dags/sodai_pipeline.py
[2025-11-14T14:29:07.879+0000] {processor.py:830} INFO - Processing file /opt/airflow/dags/sodai_pipeline.py for tasks to queue
[2025-11-14T14:29:07.888+0000] {logging_mixin.py:188} INFO - [2025-11-14T14:29:07.888+0000] {dagbag.py:545} INFO - Filling up the DagBag from /opt/airflow/dags/sodai_pipeline.py
[2025-11-14T14:29:07.936+0000] {processor.py:840} INFO - DAG(s) 'sodai_pipeline_dag' retrieved from /opt/airflow/dags/sodai_pipeline.py
[2025-11-14T14:29:07.969+0000] {logging_mixin.py:188} INFO - [2025-11-14T14:29:07.969+0000] {dag.py:3096} INFO - Sync 1 DAGs
[2025-11-14T14:29:07.991+0000] {logging_mixin.py:188} INFO - [2025-11-14T14:29:07.991+0000] {dag.py:3954} INFO - Setting next_dagrun for sodai_pipeline_dag to 2025-11-09 00:00:00+00:00, run_after=2025-11-16 00:00:00+00:00
[2025-11-14T14:29:08.005+0000] {processor.py:183} INFO - Processing /opt/airflow/dags/sodai_pipeline.py took 0.153 seconds
[2025-11-14T14:29:38.219+0000] {processor.py:161} INFO - Started process (PID=2430) to work on /opt/airflow/dags/sodai_pipeline.py
[2025-11-14T14:29:38.222+0000] {processor.py:830} INFO - Processing file /opt/airflow/dags/sodai_pipeline.py for tasks to queue
[2025-11-14T14:29:38.225+0000] {logging_mixin.py:188} INFO - [2025-11-14T14:29:38.224+0000] {dagbag.py:545} INFO - Filling up the DagBag from /opt/airflow/dags/sodai_pipeline.py
[2025-11-14T14:29:38.252+0000] {processor.py:840} INFO - DAG(s) 'sodai_pipeline_dag' retrieved from /opt/airflow/dags/sodai_pipeline.py
[2025-11-14T14:29:38.283+0000] {logging_mixin.py:188} INFO - [2025-11-14T14:29:38.283+0000] {dag.py:3096} INFO - Sync 1 DAGs
[2025-11-14T14:29:38.303+0000] {logging_mixin.py:188} INFO - [2025-11-14T14:29:38.303+0000] {dag.py:3954} INFO - Setting next_dagrun for sodai_pipeline_dag to 2025-11-09 00:00:00+00:00, run_after=2025-11-16 00:00:00+00:00
[2025-11-14T14:29:38.313+0000] {processor.py:183} INFO - Processing /opt/airflow/dags/sodai_pipeline.py took 0.111 seconds
[2025-11-14T14:30:08.610+0000] {processor.py:161} INFO - Started process (PID=2435) to work on /opt/airflow/dags/sodai_pipeline.py
[2025-11-14T14:30:08.613+0000] {processor.py:830} INFO - Processing file /opt/airflow/dags/sodai_pipeline.py for tasks to queue
[2025-11-14T14:30:08.616+0000] {logging_mixin.py:188} INFO - [2025-11-14T14:30:08.616+0000] {dagbag.py:545} INFO - Filling up the DagBag from /opt/airflow/dags/sodai_pipeline.py
[2025-11-14T14:30:08.636+0000] {processor.py:840} INFO - DAG(s) 'sodai_pipeline_dag' retrieved from /opt/airflow/dags/sodai_pipeline.py
[2025-11-14T14:30:08.672+0000] {logging_mixin.py:188} INFO - [2025-11-14T14:30:08.672+0000] {dag.py:3096} INFO - Sync 1 DAGs
[2025-11-14T14:30:08.688+0000] {logging_mixin.py:188} INFO - [2025-11-14T14:30:08.688+0000] {dag.py:3954} INFO - Setting next_dagrun for sodai_pipeline_dag to 2025-11-09 00:00:00+00:00, run_after=2025-11-16 00:00:00+00:00
[2025-11-14T14:30:08.702+0000] {processor.py:183} INFO - Processing /opt/airflow/dags/sodai_pipeline.py took 0.102 seconds
[2025-11-14T14:30:39.018+0000] {processor.py:161} INFO - Started process (PID=2440) to work on /opt/airflow/dags/sodai_pipeline.py
[2025-11-14T14:30:39.020+0000] {processor.py:830} INFO - Processing file /opt/airflow/dags/sodai_pipeline.py for tasks to queue
[2025-11-14T14:30:39.027+0000] {logging_mixin.py:188} INFO - [2025-11-14T14:30:39.026+0000] {dagbag.py:545} INFO - Filling up the DagBag from /opt/airflow/dags/sodai_pipeline.py
[2025-11-14T14:30:39.050+0000] {processor.py:840} INFO - DAG(s) 'sodai_pipeline_dag' retrieved from /opt/airflow/dags/sodai_pipeline.py
[2025-11-14T14:30:39.086+0000] {logging_mixin.py:188} INFO - [2025-11-14T14:30:39.086+0000] {dag.py:3096} INFO - Sync 1 DAGs
[2025-11-14T14:30:39.106+0000] {logging_mixin.py:188} INFO - [2025-11-14T14:30:39.106+0000] {dag.py:3954} INFO - Setting next_dagrun for sodai_pipeline_dag to 2025-11-09 00:00:00+00:00, run_after=2025-11-16 00:00:00+00:00
[2025-11-14T14:30:39.116+0000] {processor.py:183} INFO - Processing /opt/airflow/dags/sodai_pipeline.py took 0.112 seconds
[2025-11-14T14:31:09.386+0000] {processor.py:161} INFO - Started process (PID=2445) to work on /opt/airflow/dags/sodai_pipeline.py
[2025-11-14T14:31:09.389+0000] {processor.py:830} INFO - Processing file /opt/airflow/dags/sodai_pipeline.py for tasks to queue
[2025-11-14T14:31:09.393+0000] {logging_mixin.py:188} INFO - [2025-11-14T14:31:09.392+0000] {dagbag.py:545} INFO - Filling up the DagBag from /opt/airflow/dags/sodai_pipeline.py
[2025-11-14T14:31:09.417+0000] {processor.py:840} INFO - DAG(s) 'sodai_pipeline_dag' retrieved from /opt/airflow/dags/sodai_pipeline.py
[2025-11-14T14:31:09.456+0000] {logging_mixin.py:188} INFO - [2025-11-14T14:31:09.456+0000] {dag.py:3096} INFO - Sync 1 DAGs
[2025-11-14T14:31:09.475+0000] {logging_mixin.py:188} INFO - [2025-11-14T14:31:09.475+0000] {dag.py:3954} INFO - Setting next_dagrun for sodai_pipeline_dag to 2025-11-09 00:00:00+00:00, run_after=2025-11-16 00:00:00+00:00
[2025-11-14T14:31:09.485+0000] {processor.py:183} INFO - Processing /opt/airflow/dags/sodai_pipeline.py took 0.109 seconds
[2025-11-14T14:31:39.766+0000] {processor.py:161} INFO - Started process (PID=2450) to work on /opt/airflow/dags/sodai_pipeline.py
[2025-11-14T14:31:39.769+0000] {processor.py:830} INFO - Processing file /opt/airflow/dags/sodai_pipeline.py for tasks to queue
[2025-11-14T14:31:39.773+0000] {logging_mixin.py:188} INFO - [2025-11-14T14:31:39.772+0000] {dagbag.py:545} INFO - Filling up the DagBag from /opt/airflow/dags/sodai_pipeline.py
[2025-11-14T14:31:39.796+0000] {processor.py:840} INFO - DAG(s) 'sodai_pipeline_dag' retrieved from /opt/airflow/dags/sodai_pipeline.py
[2025-11-14T14:31:39.823+0000] {logging_mixin.py:188} INFO - [2025-11-14T14:31:39.823+0000] {dag.py:3096} INFO - Sync 1 DAGs
[2025-11-14T14:31:39.840+0000] {logging_mixin.py:188} INFO - [2025-11-14T14:31:39.840+0000] {dag.py:3954} INFO - Setting next_dagrun for sodai_pipeline_dag to 2025-11-09 00:00:00+00:00, run_after=2025-11-16 00:00:00+00:00
[2025-11-14T14:31:39.849+0000] {processor.py:183} INFO - Processing /opt/airflow/dags/sodai_pipeline.py took 0.097 seconds
[2025-11-14T14:32:10.144+0000] {processor.py:161} INFO - Started process (PID=2455) to work on /opt/airflow/dags/sodai_pipeline.py
[2025-11-14T14:32:10.147+0000] {processor.py:830} INFO - Processing file /opt/airflow/dags/sodai_pipeline.py for tasks to queue
[2025-11-14T14:32:10.148+0000] {logging_mixin.py:188} INFO - [2025-11-14T14:32:10.148+0000] {dagbag.py:545} INFO - Filling up the DagBag from /opt/airflow/dags/sodai_pipeline.py
[2025-11-14T14:32:10.159+0000] {processor.py:840} INFO - DAG(s) 'sodai_pipeline_dag' retrieved from /opt/airflow/dags/sodai_pipeline.py
[2025-11-14T14:32:10.175+0000] {logging_mixin.py:188} INFO - [2025-11-14T14:32:10.175+0000] {dag.py:3096} INFO - Sync 1 DAGs
[2025-11-14T14:32:10.186+0000] {logging_mixin.py:188} INFO - [2025-11-14T14:32:10.186+0000] {dag.py:3954} INFO - Setting next_dagrun for sodai_pipeline_dag to 2025-11-09 00:00:00+00:00, run_after=2025-11-16 00:00:00+00:00
[2025-11-14T14:32:10.192+0000] {processor.py:183} INFO - Processing /opt/airflow/dags/sodai_pipeline.py took 0.060 seconds
[2025-11-14T14:32:40.504+0000] {processor.py:161} INFO - Started process (PID=2460) to work on /opt/airflow/dags/sodai_pipeline.py
[2025-11-14T14:32:40.507+0000] {processor.py:830} INFO - Processing file /opt/airflow/dags/sodai_pipeline.py for tasks to queue
[2025-11-14T14:32:40.512+0000] {logging_mixin.py:188} INFO - [2025-11-14T14:32:40.511+0000] {dagbag.py:545} INFO - Filling up the DagBag from /opt/airflow/dags/sodai_pipeline.py
[2025-11-14T14:32:40.535+0000] {processor.py:840} INFO - DAG(s) 'sodai_pipeline_dag' retrieved from /opt/airflow/dags/sodai_pipeline.py
[2025-11-14T14:32:40.584+0000] {logging_mixin.py:188} INFO - [2025-11-14T14:32:40.584+0000] {dag.py:3096} INFO - Sync 1 DAGs
[2025-11-14T14:32:40.599+0000] {logging_mixin.py:188} INFO - [2025-11-14T14:32:40.598+0000] {dag.py:3954} INFO - Setting next_dagrun for sodai_pipeline_dag to 2025-11-09 00:00:00+00:00, run_after=2025-11-16 00:00:00+00:00
[2025-11-14T14:32:40.608+0000] {processor.py:183} INFO - Processing /opt/airflow/dags/sodai_pipeline.py took 0.118 seconds
[2025-11-14T14:33:10.836+0000] {processor.py:161} INFO - Started process (PID=2465) to work on /opt/airflow/dags/sodai_pipeline.py
[2025-11-14T14:33:10.852+0000] {processor.py:830} INFO - Processing file /opt/airflow/dags/sodai_pipeline.py for tasks to queue
[2025-11-14T14:33:10.854+0000] {logging_mixin.py:188} INFO - [2025-11-14T14:33:10.853+0000] {dagbag.py:545} INFO - Filling up the DagBag from /opt/airflow/dags/sodai_pipeline.py
[2025-11-14T14:33:10.863+0000] {processor.py:840} INFO - DAG(s) 'sodai_pipeline_dag' retrieved from /opt/airflow/dags/sodai_pipeline.py
[2025-11-14T14:33:10.880+0000] {logging_mixin.py:188} INFO - [2025-11-14T14:33:10.880+0000] {dag.py:3096} INFO - Sync 1 DAGs
[2025-11-14T14:33:10.894+0000] {logging_mixin.py:188} INFO - [2025-11-14T14:33:10.894+0000] {dag.py:3954} INFO - Setting next_dagrun for sodai_pipeline_dag to 2025-11-09 00:00:00+00:00, run_after=2025-11-16 00:00:00+00:00
[2025-11-14T14:33:10.902+0000] {processor.py:183} INFO - Processing /opt/airflow/dags/sodai_pipeline.py took 0.083 seconds
[2025-11-14T14:33:41.195+0000] {processor.py:161} INFO - Started process (PID=2470) to work on /opt/airflow/dags/sodai_pipeline.py
[2025-11-14T14:33:41.197+0000] {processor.py:830} INFO - Processing file /opt/airflow/dags/sodai_pipeline.py for tasks to queue
[2025-11-14T14:33:41.200+0000] {logging_mixin.py:188} INFO - [2025-11-14T14:33:41.199+0000] {dagbag.py:545} INFO - Filling up the DagBag from /opt/airflow/dags/sodai_pipeline.py
[2025-11-14T14:33:41.218+0000] {processor.py:840} INFO - DAG(s) 'sodai_pipeline_dag' retrieved from /opt/airflow/dags/sodai_pipeline.py
[2025-11-14T14:33:41.251+0000] {logging_mixin.py:188} INFO - [2025-11-14T14:33:41.251+0000] {dag.py:3096} INFO - Sync 1 DAGs
[2025-11-14T14:33:41.271+0000] {logging_mixin.py:188} INFO - [2025-11-14T14:33:41.271+0000] {dag.py:3954} INFO - Setting next_dagrun for sodai_pipeline_dag to 2025-11-09 00:00:00+00:00, run_after=2025-11-16 00:00:00+00:00
[2025-11-14T14:33:41.283+0000] {processor.py:183} INFO - Processing /opt/airflow/dags/sodai_pipeline.py took 0.100 seconds
[2025-11-14T14:34:11.525+0000] {processor.py:161} INFO - Started process (PID=2475) to work on /opt/airflow/dags/sodai_pipeline.py
[2025-11-14T14:34:11.529+0000] {processor.py:830} INFO - Processing file /opt/airflow/dags/sodai_pipeline.py for tasks to queue
[2025-11-14T14:34:11.537+0000] {logging_mixin.py:188} INFO - [2025-11-14T14:34:11.533+0000] {dagbag.py:545} INFO - Filling up the DagBag from /opt/airflow/dags/sodai_pipeline.py
[2025-11-14T14:34:11.564+0000] {processor.py:840} INFO - DAG(s) 'sodai_pipeline_dag' retrieved from /opt/airflow/dags/sodai_pipeline.py
[2025-11-14T14:34:11.601+0000] {logging_mixin.py:188} INFO - [2025-11-14T14:34:11.601+0000] {dag.py:3096} INFO - Sync 1 DAGs
[2025-11-14T14:34:11.618+0000] {logging_mixin.py:188} INFO - [2025-11-14T14:34:11.618+0000] {dag.py:3954} INFO - Setting next_dagrun for sodai_pipeline_dag to 2025-11-09 00:00:00+00:00, run_after=2025-11-16 00:00:00+00:00
[2025-11-14T14:34:11.628+0000] {processor.py:183} INFO - Processing /opt/airflow/dags/sodai_pipeline.py took 0.126 seconds
[2025-11-14T14:34:42.072+0000] {processor.py:161} INFO - Started process (PID=2480) to work on /opt/airflow/dags/sodai_pipeline.py
[2025-11-14T14:34:42.085+0000] {processor.py:830} INFO - Processing file /opt/airflow/dags/sodai_pipeline.py for tasks to queue
[2025-11-14T14:34:42.088+0000] {logging_mixin.py:188} INFO - [2025-11-14T14:34:42.088+0000] {dagbag.py:545} INFO - Filling up the DagBag from /opt/airflow/dags/sodai_pipeline.py
[2025-11-14T14:34:42.106+0000] {processor.py:840} INFO - DAG(s) 'sodai_pipeline_dag' retrieved from /opt/airflow/dags/sodai_pipeline.py
[2025-11-14T14:34:42.131+0000] {logging_mixin.py:188} INFO - [2025-11-14T14:34:42.131+0000] {dag.py:3096} INFO - Sync 1 DAGs
[2025-11-14T14:34:42.147+0000] {logging_mixin.py:188} INFO - [2025-11-14T14:34:42.147+0000] {dag.py:3954} INFO - Setting next_dagrun for sodai_pipeline_dag to 2025-11-09 00:00:00+00:00, run_after=2025-11-16 00:00:00+00:00
[2025-11-14T14:34:42.156+0000] {processor.py:183} INFO - Processing /opt/airflow/dags/sodai_pipeline.py took 0.097 seconds
[2025-11-14T14:35:12.539+0000] {processor.py:161} INFO - Started process (PID=2485) to work on /opt/airflow/dags/sodai_pipeline.py
[2025-11-14T14:35:12.551+0000] {processor.py:830} INFO - Processing file /opt/airflow/dags/sodai_pipeline.py for tasks to queue
[2025-11-14T14:35:12.554+0000] {logging_mixin.py:188} INFO - [2025-11-14T14:35:12.553+0000] {dagbag.py:545} INFO - Filling up the DagBag from /opt/airflow/dags/sodai_pipeline.py
[2025-11-14T14:35:12.578+0000] {processor.py:840} INFO - DAG(s) 'sodai_pipeline_dag' retrieved from /opt/airflow/dags/sodai_pipeline.py
[2025-11-14T14:35:12.612+0000] {logging_mixin.py:188} INFO - [2025-11-14T14:35:12.612+0000] {dag.py:3096} INFO - Sync 1 DAGs
[2025-11-14T14:35:12.633+0000] {logging_mixin.py:188} INFO - [2025-11-14T14:35:12.633+0000] {dag.py:3954} INFO - Setting next_dagrun for sodai_pipeline_dag to 2025-11-09 00:00:00+00:00, run_after=2025-11-16 00:00:00+00:00
[2025-11-14T14:35:12.643+0000] {processor.py:183} INFO - Processing /opt/airflow/dags/sodai_pipeline.py took 0.113 seconds
[2025-11-14T14:35:42.891+0000] {processor.py:161} INFO - Started process (PID=2490) to work on /opt/airflow/dags/sodai_pipeline.py
[2025-11-14T14:35:42.893+0000] {processor.py:830} INFO - Processing file /opt/airflow/dags/sodai_pipeline.py for tasks to queue
[2025-11-14T14:35:42.899+0000] {logging_mixin.py:188} INFO - [2025-11-14T14:35:42.898+0000] {dagbag.py:545} INFO - Filling up the DagBag from /opt/airflow/dags/sodai_pipeline.py
[2025-11-14T14:35:42.918+0000] {processor.py:840} INFO - DAG(s) 'sodai_pipeline_dag' retrieved from /opt/airflow/dags/sodai_pipeline.py
[2025-11-14T14:35:42.952+0000] {logging_mixin.py:188} INFO - [2025-11-14T14:35:42.952+0000] {dag.py:3096} INFO - Sync 1 DAGs
[2025-11-14T14:35:42.971+0000] {logging_mixin.py:188} INFO - [2025-11-14T14:35:42.971+0000] {dag.py:3954} INFO - Setting next_dagrun for sodai_pipeline_dag to 2025-11-09 00:00:00+00:00, run_after=2025-11-16 00:00:00+00:00
[2025-11-14T14:35:42.983+0000] {processor.py:183} INFO - Processing /opt/airflow/dags/sodai_pipeline.py took 0.107 seconds
[2025-11-14T14:36:13.340+0000] {processor.py:161} INFO - Started process (PID=2495) to work on /opt/airflow/dags/sodai_pipeline.py
[2025-11-14T14:36:13.343+0000] {processor.py:830} INFO - Processing file /opt/airflow/dags/sodai_pipeline.py for tasks to queue
[2025-11-14T14:36:13.346+0000] {logging_mixin.py:188} INFO - [2025-11-14T14:36:13.345+0000] {dagbag.py:545} INFO - Filling up the DagBag from /opt/airflow/dags/sodai_pipeline.py
[2025-11-14T14:36:13.362+0000] {processor.py:840} INFO - DAG(s) 'sodai_pipeline_dag' retrieved from /opt/airflow/dags/sodai_pipeline.py
[2025-11-14T14:36:13.384+0000] {logging_mixin.py:188} INFO - [2025-11-14T14:36:13.384+0000] {dag.py:3096} INFO - Sync 1 DAGs
[2025-11-14T14:36:13.428+0000] {logging_mixin.py:188} INFO - [2025-11-14T14:36:13.428+0000] {dag.py:3954} INFO - Setting next_dagrun for sodai_pipeline_dag to 2025-11-09 00:00:00+00:00, run_after=2025-11-16 00:00:00+00:00
[2025-11-14T14:36:13.438+0000] {processor.py:183} INFO - Processing /opt/airflow/dags/sodai_pipeline.py took 0.108 seconds
[2025-11-14T14:36:43.778+0000] {processor.py:161} INFO - Started process (PID=2500) to work on /opt/airflow/dags/sodai_pipeline.py
[2025-11-14T14:36:43.790+0000] {processor.py:830} INFO - Processing file /opt/airflow/dags/sodai_pipeline.py for tasks to queue
[2025-11-14T14:36:43.793+0000] {logging_mixin.py:188} INFO - [2025-11-14T14:36:43.793+0000] {dagbag.py:545} INFO - Filling up the DagBag from /opt/airflow/dags/sodai_pipeline.py
[2025-11-14T14:36:43.812+0000] {processor.py:840} INFO - DAG(s) 'sodai_pipeline_dag' retrieved from /opt/airflow/dags/sodai_pipeline.py
[2025-11-14T14:36:43.840+0000] {logging_mixin.py:188} INFO - [2025-11-14T14:36:43.840+0000] {dag.py:3096} INFO - Sync 1 DAGs
[2025-11-14T14:36:43.858+0000] {logging_mixin.py:188} INFO - [2025-11-14T14:36:43.858+0000] {dag.py:3954} INFO - Setting next_dagrun for sodai_pipeline_dag to 2025-11-09 00:00:00+00:00, run_after=2025-11-16 00:00:00+00:00
[2025-11-14T14:36:43.868+0000] {processor.py:183} INFO - Processing /opt/airflow/dags/sodai_pipeline.py took 0.114 seconds
[2025-11-14T14:37:14.191+0000] {processor.py:161} INFO - Started process (PID=2505) to work on /opt/airflow/dags/sodai_pipeline.py
[2025-11-14T14:37:14.202+0000] {processor.py:830} INFO - Processing file /opt/airflow/dags/sodai_pipeline.py for tasks to queue
[2025-11-14T14:37:14.205+0000] {logging_mixin.py:188} INFO - [2025-11-14T14:37:14.205+0000] {dagbag.py:545} INFO - Filling up the DagBag from /opt/airflow/dags/sodai_pipeline.py
[2025-11-14T14:37:14.232+0000] {processor.py:840} INFO - DAG(s) 'sodai_pipeline_dag' retrieved from /opt/airflow/dags/sodai_pipeline.py
[2025-11-14T14:37:14.285+0000] {logging_mixin.py:188} INFO - [2025-11-14T14:37:14.285+0000] {dag.py:3096} INFO - Sync 1 DAGs
[2025-11-14T14:37:14.306+0000] {logging_mixin.py:188} INFO - [2025-11-14T14:37:14.306+0000] {dag.py:3954} INFO - Setting next_dagrun for sodai_pipeline_dag to 2025-11-09 00:00:00+00:00, run_after=2025-11-16 00:00:00+00:00
[2025-11-14T14:37:14.322+0000] {processor.py:183} INFO - Processing /opt/airflow/dags/sodai_pipeline.py took 0.146 seconds
[2025-11-14T14:37:44.559+0000] {processor.py:161} INFO - Started process (PID=2510) to work on /opt/airflow/dags/sodai_pipeline.py
[2025-11-14T14:37:44.561+0000] {processor.py:830} INFO - Processing file /opt/airflow/dags/sodai_pipeline.py for tasks to queue
[2025-11-14T14:37:44.567+0000] {logging_mixin.py:188} INFO - [2025-11-14T14:37:44.567+0000] {dagbag.py:545} INFO - Filling up the DagBag from /opt/airflow/dags/sodai_pipeline.py
[2025-11-14T14:37:44.593+0000] {processor.py:840} INFO - DAG(s) 'sodai_pipeline_dag' retrieved from /opt/airflow/dags/sodai_pipeline.py
[2025-11-14T14:37:44.631+0000] {logging_mixin.py:188} INFO - [2025-11-14T14:37:44.631+0000] {dag.py:3096} INFO - Sync 1 DAGs
[2025-11-14T14:37:44.649+0000] {logging_mixin.py:188} INFO - [2025-11-14T14:37:44.648+0000] {dag.py:3954} INFO - Setting next_dagrun for sodai_pipeline_dag to 2025-11-09 00:00:00+00:00, run_after=2025-11-16 00:00:00+00:00
[2025-11-14T14:37:44.663+0000] {processor.py:183} INFO - Processing /opt/airflow/dags/sodai_pipeline.py took 0.118 seconds
[2025-11-14T14:38:14.860+0000] {processor.py:161} INFO - Started process (PID=2515) to work on /opt/airflow/dags/sodai_pipeline.py
[2025-11-14T14:38:14.867+0000] {processor.py:830} INFO - Processing file /opt/airflow/dags/sodai_pipeline.py for tasks to queue
[2025-11-14T14:38:14.870+0000] {logging_mixin.py:188} INFO - [2025-11-14T14:38:14.869+0000] {dagbag.py:545} INFO - Filling up the DagBag from /opt/airflow/dags/sodai_pipeline.py
[2025-11-14T14:38:14.896+0000] {processor.py:840} INFO - DAG(s) 'sodai_pipeline_dag' retrieved from /opt/airflow/dags/sodai_pipeline.py
[2025-11-14T14:38:14.932+0000] {logging_mixin.py:188} INFO - [2025-11-14T14:38:14.932+0000] {dag.py:3096} INFO - Sync 1 DAGs
[2025-11-14T14:38:14.950+0000] {logging_mixin.py:188} INFO - [2025-11-14T14:38:14.950+0000] {dag.py:3954} INFO - Setting next_dagrun for sodai_pipeline_dag to 2025-11-09 00:00:00+00:00, run_after=2025-11-16 00:00:00+00:00
[2025-11-14T14:38:14.961+0000] {processor.py:183} INFO - Processing /opt/airflow/dags/sodai_pipeline.py took 0.122 seconds
[2025-11-14T14:38:45.266+0000] {processor.py:161} INFO - Started process (PID=2520) to work on /opt/airflow/dags/sodai_pipeline.py
[2025-11-14T14:38:45.269+0000] {processor.py:830} INFO - Processing file /opt/airflow/dags/sodai_pipeline.py for tasks to queue
[2025-11-14T14:38:45.274+0000] {logging_mixin.py:188} INFO - [2025-11-14T14:38:45.273+0000] {dagbag.py:545} INFO - Filling up the DagBag from /opt/airflow/dags/sodai_pipeline.py
[2025-11-14T14:38:45.306+0000] {processor.py:840} INFO - DAG(s) 'sodai_pipeline_dag' retrieved from /opt/airflow/dags/sodai_pipeline.py
[2025-11-14T14:38:45.337+0000] {logging_mixin.py:188} INFO - [2025-11-14T14:38:45.337+0000] {dag.py:3096} INFO - Sync 1 DAGs
[2025-11-14T14:38:45.356+0000] {logging_mixin.py:188} INFO - [2025-11-14T14:38:45.356+0000] {dag.py:3954} INFO - Setting next_dagrun for sodai_pipeline_dag to 2025-11-09 00:00:00+00:00, run_after=2025-11-16 00:00:00+00:00
[2025-11-14T14:38:45.366+0000] {processor.py:183} INFO - Processing /opt/airflow/dags/sodai_pipeline.py took 0.115 seconds
[2025-11-14T14:39:15.646+0000] {processor.py:161} INFO - Started process (PID=2525) to work on /opt/airflow/dags/sodai_pipeline.py
[2025-11-14T14:39:15.648+0000] {processor.py:830} INFO - Processing file /opt/airflow/dags/sodai_pipeline.py for tasks to queue
[2025-11-14T14:39:15.655+0000] {logging_mixin.py:188} INFO - [2025-11-14T14:39:15.654+0000] {dagbag.py:545} INFO - Filling up the DagBag from /opt/airflow/dags/sodai_pipeline.py
[2025-11-14T14:39:15.683+0000] {processor.py:840} INFO - DAG(s) 'sodai_pipeline_dag' retrieved from /opt/airflow/dags/sodai_pipeline.py
[2025-11-14T14:39:15.718+0000] {logging_mixin.py:188} INFO - [2025-11-14T14:39:15.718+0000] {dag.py:3096} INFO - Sync 1 DAGs
[2025-11-14T14:39:15.737+0000] {logging_mixin.py:188} INFO - [2025-11-14T14:39:15.737+0000] {dag.py:3954} INFO - Setting next_dagrun for sodai_pipeline_dag to 2025-11-09 00:00:00+00:00, run_after=2025-11-16 00:00:00+00:00
[2025-11-14T14:39:15.747+0000] {processor.py:183} INFO - Processing /opt/airflow/dags/sodai_pipeline.py took 0.115 seconds
[2025-11-14T14:39:46.079+0000] {processor.py:161} INFO - Started process (PID=2530) to work on /opt/airflow/dags/sodai_pipeline.py
[2025-11-14T14:39:46.087+0000] {processor.py:830} INFO - Processing file /opt/airflow/dags/sodai_pipeline.py for tasks to queue
[2025-11-14T14:39:46.092+0000] {logging_mixin.py:188} INFO - [2025-11-14T14:39:46.092+0000] {dagbag.py:545} INFO - Filling up the DagBag from /opt/airflow/dags/sodai_pipeline.py
[2025-11-14T14:39:46.119+0000] {processor.py:840} INFO - DAG(s) 'sodai_pipeline_dag' retrieved from /opt/airflow/dags/sodai_pipeline.py
[2025-11-14T14:39:46.162+0000] {logging_mixin.py:188} INFO - [2025-11-14T14:39:46.162+0000] {dag.py:3096} INFO - Sync 1 DAGs
[2025-11-14T14:39:46.184+0000] {logging_mixin.py:188} INFO - [2025-11-14T14:39:46.184+0000] {dag.py:3954} INFO - Setting next_dagrun for sodai_pipeline_dag to 2025-11-09 00:00:00+00:00, run_after=2025-11-16 00:00:00+00:00
[2025-11-14T14:39:46.197+0000] {processor.py:183} INFO - Processing /opt/airflow/dags/sodai_pipeline.py took 0.132 seconds
[2025-11-14T14:40:16.474+0000] {processor.py:161} INFO - Started process (PID=2535) to work on /opt/airflow/dags/sodai_pipeline.py
[2025-11-14T14:40:16.483+0000] {processor.py:830} INFO - Processing file /opt/airflow/dags/sodai_pipeline.py for tasks to queue
[2025-11-14T14:40:16.487+0000] {logging_mixin.py:188} INFO - [2025-11-14T14:40:16.486+0000] {dagbag.py:545} INFO - Filling up the DagBag from /opt/airflow/dags/sodai_pipeline.py
[2025-11-14T14:40:16.505+0000] {processor.py:840} INFO - DAG(s) 'sodai_pipeline_dag' retrieved from /opt/airflow/dags/sodai_pipeline.py
[2025-11-14T14:40:16.541+0000] {logging_mixin.py:188} INFO - [2025-11-14T14:40:16.541+0000] {dag.py:3096} INFO - Sync 1 DAGs
[2025-11-14T14:40:16.559+0000] {logging_mixin.py:188} INFO - [2025-11-14T14:40:16.559+0000] {dag.py:3954} INFO - Setting next_dagrun for sodai_pipeline_dag to 2025-11-09 00:00:00+00:00, run_after=2025-11-16 00:00:00+00:00
[2025-11-14T14:40:16.570+0000] {processor.py:183} INFO - Processing /opt/airflow/dags/sodai_pipeline.py took 0.112 seconds
[2025-11-14T14:40:46.855+0000] {processor.py:161} INFO - Started process (PID=2540) to work on /opt/airflow/dags/sodai_pipeline.py
[2025-11-14T14:40:46.867+0000] {processor.py:830} INFO - Processing file /opt/airflow/dags/sodai_pipeline.py for tasks to queue
[2025-11-14T14:40:46.870+0000] {logging_mixin.py:188} INFO - [2025-11-14T14:40:46.870+0000] {dagbag.py:545} INFO - Filling up the DagBag from /opt/airflow/dags/sodai_pipeline.py
[2025-11-14T14:40:46.894+0000] {processor.py:840} INFO - DAG(s) 'sodai_pipeline_dag' retrieved from /opt/airflow/dags/sodai_pipeline.py
[2025-11-14T14:40:46.934+0000] {logging_mixin.py:188} INFO - [2025-11-14T14:40:46.934+0000] {dag.py:3096} INFO - Sync 1 DAGs
[2025-11-14T14:40:46.954+0000] {logging_mixin.py:188} INFO - [2025-11-14T14:40:46.954+0000] {dag.py:3954} INFO - Setting next_dagrun for sodai_pipeline_dag to 2025-11-09 00:00:00+00:00, run_after=2025-11-16 00:00:00+00:00
[2025-11-14T14:40:46.965+0000] {processor.py:183} INFO - Processing /opt/airflow/dags/sodai_pipeline.py took 0.124 seconds
[2025-11-14T14:41:17.237+0000] {processor.py:161} INFO - Started process (PID=2545) to work on /opt/airflow/dags/sodai_pipeline.py
[2025-11-14T14:41:17.246+0000] {processor.py:830} INFO - Processing file /opt/airflow/dags/sodai_pipeline.py for tasks to queue
[2025-11-14T14:41:17.251+0000] {logging_mixin.py:188} INFO - [2025-11-14T14:41:17.250+0000] {dagbag.py:545} INFO - Filling up the DagBag from /opt/airflow/dags/sodai_pipeline.py
[2025-11-14T14:41:17.272+0000] {processor.py:840} INFO - DAG(s) 'sodai_pipeline_dag' retrieved from /opt/airflow/dags/sodai_pipeline.py
[2025-11-14T14:41:17.301+0000] {logging_mixin.py:188} INFO - [2025-11-14T14:41:17.301+0000] {dag.py:3096} INFO - Sync 1 DAGs
[2025-11-14T14:41:17.320+0000] {logging_mixin.py:188} INFO - [2025-11-14T14:41:17.320+0000] {dag.py:3954} INFO - Setting next_dagrun for sodai_pipeline_dag to 2025-11-09 00:00:00+00:00, run_after=2025-11-16 00:00:00+00:00
[2025-11-14T14:41:17.331+0000] {processor.py:183} INFO - Processing /opt/airflow/dags/sodai_pipeline.py took 0.107 seconds
[2025-11-14T14:41:47.645+0000] {processor.py:161} INFO - Started process (PID=2550) to work on /opt/airflow/dags/sodai_pipeline.py
[2025-11-14T14:41:47.648+0000] {processor.py:830} INFO - Processing file /opt/airflow/dags/sodai_pipeline.py for tasks to queue
[2025-11-14T14:41:47.653+0000] {logging_mixin.py:188} INFO - [2025-11-14T14:41:47.652+0000] {dagbag.py:545} INFO - Filling up the DagBag from /opt/airflow/dags/sodai_pipeline.py
[2025-11-14T14:41:47.675+0000] {processor.py:840} INFO - DAG(s) 'sodai_pipeline_dag' retrieved from /opt/airflow/dags/sodai_pipeline.py
[2025-11-14T14:41:47.701+0000] {logging_mixin.py:188} INFO - [2025-11-14T14:41:47.701+0000] {dag.py:3096} INFO - Sync 1 DAGs
[2025-11-14T14:41:47.716+0000] {logging_mixin.py:188} INFO - [2025-11-14T14:41:47.716+0000] {dag.py:3954} INFO - Setting next_dagrun for sodai_pipeline_dag to 2025-11-09 00:00:00+00:00, run_after=2025-11-16 00:00:00+00:00
[2025-11-14T14:41:47.729+0000] {processor.py:183} INFO - Processing /opt/airflow/dags/sodai_pipeline.py took 0.098 seconds
[2025-11-14T14:42:18.030+0000] {processor.py:161} INFO - Started process (PID=2555) to work on /opt/airflow/dags/sodai_pipeline.py
[2025-11-14T14:42:18.035+0000] {processor.py:830} INFO - Processing file /opt/airflow/dags/sodai_pipeline.py for tasks to queue
[2025-11-14T14:42:18.038+0000] {logging_mixin.py:188} INFO - [2025-11-14T14:42:18.038+0000] {dagbag.py:545} INFO - Filling up the DagBag from /opt/airflow/dags/sodai_pipeline.py
[2025-11-14T14:42:18.059+0000] {processor.py:840} INFO - DAG(s) 'sodai_pipeline_dag' retrieved from /opt/airflow/dags/sodai_pipeline.py
[2025-11-14T14:42:18.095+0000] {logging_mixin.py:188} INFO - [2025-11-14T14:42:18.095+0000] {dag.py:3096} INFO - Sync 1 DAGs
[2025-11-14T14:42:18.113+0000] {logging_mixin.py:188} INFO - [2025-11-14T14:42:18.113+0000] {dag.py:3954} INFO - Setting next_dagrun for sodai_pipeline_dag to 2025-11-09 00:00:00+00:00, run_after=2025-11-16 00:00:00+00:00
[2025-11-14T14:42:18.127+0000] {processor.py:183} INFO - Processing /opt/airflow/dags/sodai_pipeline.py took 0.110 seconds
[2025-11-14T14:42:48.350+0000] {processor.py:161} INFO - Started process (PID=2560) to work on /opt/airflow/dags/sodai_pipeline.py
[2025-11-14T14:42:48.354+0000] {processor.py:830} INFO - Processing file /opt/airflow/dags/sodai_pipeline.py for tasks to queue
[2025-11-14T14:42:48.358+0000] {logging_mixin.py:188} INFO - [2025-11-14T14:42:48.357+0000] {dagbag.py:545} INFO - Filling up the DagBag from /opt/airflow/dags/sodai_pipeline.py
[2025-11-14T14:42:48.383+0000] {processor.py:840} INFO - DAG(s) 'sodai_pipeline_dag' retrieved from /opt/airflow/dags/sodai_pipeline.py
[2025-11-14T14:42:48.415+0000] {logging_mixin.py:188} INFO - [2025-11-14T14:42:48.415+0000] {dag.py:3096} INFO - Sync 1 DAGs
[2025-11-14T14:42:48.432+0000] {logging_mixin.py:188} INFO - [2025-11-14T14:42:48.432+0000] {dag.py:3954} INFO - Setting next_dagrun for sodai_pipeline_dag to 2025-11-09 00:00:00+00:00, run_after=2025-11-16 00:00:00+00:00
[2025-11-14T14:42:48.442+0000] {processor.py:183} INFO - Processing /opt/airflow/dags/sodai_pipeline.py took 0.105 seconds
[2025-11-14T14:43:18.739+0000] {processor.py:161} INFO - Started process (PID=2565) to work on /opt/airflow/dags/sodai_pipeline.py
[2025-11-14T14:43:18.746+0000] {processor.py:830} INFO - Processing file /opt/airflow/dags/sodai_pipeline.py for tasks to queue
[2025-11-14T14:43:18.749+0000] {logging_mixin.py:188} INFO - [2025-11-14T14:43:18.749+0000] {dagbag.py:545} INFO - Filling up the DagBag from /opt/airflow/dags/sodai_pipeline.py
[2025-11-14T14:43:18.775+0000] {processor.py:840} INFO - DAG(s) 'sodai_pipeline_dag' retrieved from /opt/airflow/dags/sodai_pipeline.py
[2025-11-14T14:43:18.812+0000] {logging_mixin.py:188} INFO - [2025-11-14T14:43:18.812+0000] {dag.py:3096} INFO - Sync 1 DAGs
[2025-11-14T14:43:18.830+0000] {logging_mixin.py:188} INFO - [2025-11-14T14:43:18.830+0000] {dag.py:3954} INFO - Setting next_dagrun for sodai_pipeline_dag to 2025-11-09 00:00:00+00:00, run_after=2025-11-16 00:00:00+00:00
[2025-11-14T14:43:18.843+0000] {processor.py:183} INFO - Processing /opt/airflow/dags/sodai_pipeline.py took 0.116 seconds
[2025-11-14T14:43:49.204+0000] {processor.py:161} INFO - Started process (PID=2570) to work on /opt/airflow/dags/sodai_pipeline.py
[2025-11-14T14:43:49.212+0000] {processor.py:830} INFO - Processing file /opt/airflow/dags/sodai_pipeline.py for tasks to queue
[2025-11-14T14:43:49.218+0000] {logging_mixin.py:188} INFO - [2025-11-14T14:43:49.218+0000] {dagbag.py:545} INFO - Filling up the DagBag from /opt/airflow/dags/sodai_pipeline.py
[2025-11-14T14:43:49.239+0000] {processor.py:840} INFO - DAG(s) 'sodai_pipeline_dag' retrieved from /opt/airflow/dags/sodai_pipeline.py
[2025-11-14T14:43:49.279+0000] {logging_mixin.py:188} INFO - [2025-11-14T14:43:49.279+0000] {dag.py:3096} INFO - Sync 1 DAGs
[2025-11-14T14:43:49.299+0000] {logging_mixin.py:188} INFO - [2025-11-14T14:43:49.299+0000] {dag.py:3954} INFO - Setting next_dagrun for sodai_pipeline_dag to 2025-11-09 00:00:00+00:00, run_after=2025-11-16 00:00:00+00:00
[2025-11-14T14:43:49.310+0000] {processor.py:183} INFO - Processing /opt/airflow/dags/sodai_pipeline.py took 0.120 seconds
[2025-11-14T14:44:45.128+0000] {processor.py:161} INFO - Started process (PID=2575) to work on /opt/airflow/dags/sodai_pipeline.py
[2025-11-14T14:44:45.139+0000] {processor.py:830} INFO - Processing file /opt/airflow/dags/sodai_pipeline.py for tasks to queue
[2025-11-14T14:44:45.143+0000] {logging_mixin.py:188} INFO - [2025-11-14T14:44:45.142+0000] {dagbag.py:545} INFO - Filling up the DagBag from /opt/airflow/dags/sodai_pipeline.py
[2025-11-14T14:44:45.163+0000] {processor.py:840} INFO - DAG(s) 'sodai_pipeline_dag' retrieved from /opt/airflow/dags/sodai_pipeline.py
[2025-11-14T14:44:45.199+0000] {logging_mixin.py:188} INFO - [2025-11-14T14:44:45.199+0000] {dag.py:3096} INFO - Sync 1 DAGs
[2025-11-14T14:44:45.234+0000] {logging_mixin.py:188} INFO - [2025-11-14T14:44:45.234+0000] {dag.py:3954} INFO - Setting next_dagrun for sodai_pipeline_dag to 2025-11-09 00:00:00+00:00, run_after=2025-11-16 00:00:00+00:00
[2025-11-14T14:44:45.244+0000] {processor.py:183} INFO - Processing /opt/airflow/dags/sodai_pipeline.py took 0.126 seconds
[2025-11-14T14:45:15.474+0000] {processor.py:161} INFO - Started process (PID=2580) to work on /opt/airflow/dags/sodai_pipeline.py
[2025-11-14T14:45:15.489+0000] {processor.py:830} INFO - Processing file /opt/airflow/dags/sodai_pipeline.py for tasks to queue
[2025-11-14T14:45:15.493+0000] {logging_mixin.py:188} INFO - [2025-11-14T14:45:15.492+0000] {dagbag.py:545} INFO - Filling up the DagBag from /opt/airflow/dags/sodai_pipeline.py
[2025-11-14T14:45:15.513+0000] {processor.py:840} INFO - DAG(s) 'sodai_pipeline_dag' retrieved from /opt/airflow/dags/sodai_pipeline.py
[2025-11-14T14:45:15.548+0000] {logging_mixin.py:188} INFO - [2025-11-14T14:45:15.548+0000] {dag.py:3096} INFO - Sync 1 DAGs
[2025-11-14T14:45:15.565+0000] {logging_mixin.py:188} INFO - [2025-11-14T14:45:15.565+0000] {dag.py:3954} INFO - Setting next_dagrun for sodai_pipeline_dag to 2025-11-09 00:00:00+00:00, run_after=2025-11-16 00:00:00+00:00
[2025-11-14T14:45:15.577+0000] {processor.py:183} INFO - Processing /opt/airflow/dags/sodai_pipeline.py took 0.121 seconds
[2025-11-14T14:54:41.441+0000] {processor.py:161} INFO - Started process (PID=2585) to work on /opt/airflow/dags/sodai_pipeline.py
[2025-11-14T14:54:41.443+0000] {processor.py:830} INFO - Processing file /opt/airflow/dags/sodai_pipeline.py for tasks to queue
[2025-11-14T14:54:41.447+0000] {logging_mixin.py:188} INFO - [2025-11-14T14:54:41.446+0000] {dagbag.py:545} INFO - Filling up the DagBag from /opt/airflow/dags/sodai_pipeline.py
[2025-11-14T14:54:41.467+0000] {processor.py:840} INFO - DAG(s) 'sodai_pipeline_dag' retrieved from /opt/airflow/dags/sodai_pipeline.py
[2025-11-14T14:54:41.496+0000] {logging_mixin.py:188} INFO - [2025-11-14T14:54:41.496+0000] {dag.py:3096} INFO - Sync 1 DAGs
[2025-11-14T14:54:41.511+0000] {logging_mixin.py:188} INFO - [2025-11-14T14:54:41.511+0000] {dag.py:3954} INFO - Setting next_dagrun for sodai_pipeline_dag to 2025-11-09 00:00:00+00:00, run_after=2025-11-16 00:00:00+00:00
[2025-11-14T14:54:41.524+0000] {processor.py:183} INFO - Processing /opt/airflow/dags/sodai_pipeline.py took 0.092 seconds
[2025-11-14T15:05:08.386+0000] {processor.py:161} INFO - Started process (PID=2590) to work on /opt/airflow/dags/sodai_pipeline.py
[2025-11-14T15:05:08.392+0000] {processor.py:830} INFO - Processing file /opt/airflow/dags/sodai_pipeline.py for tasks to queue
[2025-11-14T15:05:08.397+0000] {logging_mixin.py:188} INFO - [2025-11-14T15:05:08.397+0000] {dagbag.py:545} INFO - Filling up the DagBag from /opt/airflow/dags/sodai_pipeline.py
[2025-11-14T15:05:08.416+0000] {processor.py:840} INFO - DAG(s) 'sodai_pipeline_dag' retrieved from /opt/airflow/dags/sodai_pipeline.py
[2025-11-14T15:05:08.450+0000] {logging_mixin.py:188} INFO - [2025-11-14T15:05:08.450+0000] {dag.py:3096} INFO - Sync 1 DAGs
[2025-11-14T15:05:08.471+0000] {logging_mixin.py:188} INFO - [2025-11-14T15:05:08.471+0000] {dag.py:3954} INFO - Setting next_dagrun for sodai_pipeline_dag to 2025-11-09 00:00:00+00:00, run_after=2025-11-16 00:00:00+00:00
[2025-11-14T15:05:08.481+0000] {processor.py:183} INFO - Processing /opt/airflow/dags/sodai_pipeline.py took 0.111 seconds
[2025-11-14T15:05:38.832+0000] {processor.py:161} INFO - Started process (PID=2595) to work on /opt/airflow/dags/sodai_pipeline.py
[2025-11-14T15:05:38.834+0000] {processor.py:830} INFO - Processing file /opt/airflow/dags/sodai_pipeline.py for tasks to queue
[2025-11-14T15:05:38.837+0000] {logging_mixin.py:188} INFO - [2025-11-14T15:05:38.837+0000] {dagbag.py:545} INFO - Filling up the DagBag from /opt/airflow/dags/sodai_pipeline.py
[2025-11-14T15:05:38.856+0000] {processor.py:840} INFO - DAG(s) 'sodai_pipeline_dag' retrieved from /opt/airflow/dags/sodai_pipeline.py
[2025-11-14T15:05:38.882+0000] {logging_mixin.py:188} INFO - [2025-11-14T15:05:38.882+0000] {dag.py:3096} INFO - Sync 1 DAGs
[2025-11-14T15:05:38.899+0000] {logging_mixin.py:188} INFO - [2025-11-14T15:05:38.899+0000] {dag.py:3954} INFO - Setting next_dagrun for sodai_pipeline_dag to 2025-11-09 00:00:00+00:00, run_after=2025-11-16 00:00:00+00:00
[2025-11-14T15:05:38.909+0000] {processor.py:183} INFO - Processing /opt/airflow/dags/sodai_pipeline.py took 0.092 seconds
[2025-11-14T15:06:42.888+0000] {processor.py:161} INFO - Started process (PID=2600) to work on /opt/airflow/dags/sodai_pipeline.py
[2025-11-14T15:06:42.890+0000] {processor.py:830} INFO - Processing file /opt/airflow/dags/sodai_pipeline.py for tasks to queue
[2025-11-14T15:06:42.894+0000] {logging_mixin.py:188} INFO - [2025-11-14T15:06:42.893+0000] {dagbag.py:545} INFO - Filling up the DagBag from /opt/airflow/dags/sodai_pipeline.py
[2025-11-14T15:06:42.911+0000] {processor.py:840} INFO - DAG(s) 'sodai_pipeline_dag' retrieved from /opt/airflow/dags/sodai_pipeline.py
[2025-11-14T15:06:42.935+0000] {logging_mixin.py:188} INFO - [2025-11-14T15:06:42.935+0000] {dag.py:3096} INFO - Sync 1 DAGs
[2025-11-14T15:06:42.950+0000] {logging_mixin.py:188} INFO - [2025-11-14T15:06:42.950+0000] {dag.py:3954} INFO - Setting next_dagrun for sodai_pipeline_dag to 2025-11-09 00:00:00+00:00, run_after=2025-11-16 00:00:00+00:00
[2025-11-14T15:06:42.959+0000] {processor.py:183} INFO - Processing /opt/airflow/dags/sodai_pipeline.py took 0.083 seconds
[2025-11-14T15:07:13.355+0000] {processor.py:161} INFO - Started process (PID=2605) to work on /opt/airflow/dags/sodai_pipeline.py
[2025-11-14T15:07:13.357+0000] {processor.py:830} INFO - Processing file /opt/airflow/dags/sodai_pipeline.py for tasks to queue
[2025-11-14T15:07:13.360+0000] {logging_mixin.py:188} INFO - [2025-11-14T15:07:13.359+0000] {dagbag.py:545} INFO - Filling up the DagBag from /opt/airflow/dags/sodai_pipeline.py
[2025-11-14T15:07:13.375+0000] {processor.py:840} INFO - DAG(s) 'sodai_pipeline_dag' retrieved from /opt/airflow/dags/sodai_pipeline.py
[2025-11-14T15:07:13.397+0000] {logging_mixin.py:188} INFO - [2025-11-14T15:07:13.397+0000] {dag.py:3096} INFO - Sync 1 DAGs
[2025-11-14T15:07:13.413+0000] {logging_mixin.py:188} INFO - [2025-11-14T15:07:13.413+0000] {dag.py:3954} INFO - Setting next_dagrun for sodai_pipeline_dag to 2025-11-09 00:00:00+00:00, run_after=2025-11-16 00:00:00+00:00
[2025-11-14T15:07:13.424+0000] {processor.py:183} INFO - Processing /opt/airflow/dags/sodai_pipeline.py took 0.078 seconds
[2025-11-14T15:07:58.296+0000] {processor.py:161} INFO - Started process (PID=2610) to work on /opt/airflow/dags/sodai_pipeline.py
[2025-11-14T15:07:58.298+0000] {processor.py:830} INFO - Processing file /opt/airflow/dags/sodai_pipeline.py for tasks to queue
[2025-11-14T15:07:58.300+0000] {logging_mixin.py:188} INFO - [2025-11-14T15:07:58.300+0000] {dagbag.py:545} INFO - Filling up the DagBag from /opt/airflow/dags/sodai_pipeline.py
[2025-11-14T15:07:58.311+0000] {processor.py:840} INFO - DAG(s) 'sodai_pipeline_dag' retrieved from /opt/airflow/dags/sodai_pipeline.py
[2025-11-14T15:07:58.328+0000] {logging_mixin.py:188} INFO - [2025-11-14T15:07:58.328+0000] {dag.py:3096} INFO - Sync 1 DAGs
[2025-11-14T15:07:58.337+0000] {logging_mixin.py:188} INFO - [2025-11-14T15:07:58.337+0000] {dag.py:3954} INFO - Setting next_dagrun for sodai_pipeline_dag to 2025-11-09 00:00:00+00:00, run_after=2025-11-16 00:00:00+00:00
[2025-11-14T15:07:58.344+0000] {processor.py:183} INFO - Processing /opt/airflow/dags/sodai_pipeline.py took 0.059 seconds
[2025-11-14T15:09:36.429+0000] {processor.py:161} INFO - Started process (PID=2615) to work on /opt/airflow/dags/sodai_pipeline.py
[2025-11-14T15:09:36.433+0000] {processor.py:830} INFO - Processing file /opt/airflow/dags/sodai_pipeline.py for tasks to queue
[2025-11-14T15:09:36.436+0000] {logging_mixin.py:188} INFO - [2025-11-14T15:09:36.436+0000] {dagbag.py:545} INFO - Filling up the DagBag from /opt/airflow/dags/sodai_pipeline.py
[2025-11-14T15:09:36.459+0000] {processor.py:840} INFO - DAG(s) 'sodai_pipeline_dag' retrieved from /opt/airflow/dags/sodai_pipeline.py
[2025-11-14T15:09:36.485+0000] {logging_mixin.py:188} INFO - [2025-11-14T15:09:36.485+0000] {dag.py:3096} INFO - Sync 1 DAGs
[2025-11-14T15:09:36.504+0000] {logging_mixin.py:188} INFO - [2025-11-14T15:09:36.504+0000] {dag.py:3954} INFO - Setting next_dagrun for sodai_pipeline_dag to 2025-11-09 00:00:00+00:00, run_after=2025-11-16 00:00:00+00:00
[2025-11-14T15:09:36.514+0000] {processor.py:183} INFO - Processing /opt/airflow/dags/sodai_pipeline.py took 0.096 seconds
[2025-11-14T15:10:06.786+0000] {processor.py:161} INFO - Started process (PID=2620) to work on /opt/airflow/dags/sodai_pipeline.py
[2025-11-14T15:10:06.791+0000] {processor.py:830} INFO - Processing file /opt/airflow/dags/sodai_pipeline.py for tasks to queue
[2025-11-14T15:10:06.792+0000] {logging_mixin.py:188} INFO - [2025-11-14T15:10:06.792+0000] {dagbag.py:545} INFO - Filling up the DagBag from /opt/airflow/dags/sodai_pipeline.py
[2025-11-14T15:10:06.803+0000] {processor.py:840} INFO - DAG(s) 'sodai_pipeline_dag' retrieved from /opt/airflow/dags/sodai_pipeline.py
[2025-11-14T15:10:06.822+0000] {logging_mixin.py:188} INFO - [2025-11-14T15:10:06.822+0000] {dag.py:3096} INFO - Sync 1 DAGs
[2025-11-14T15:10:06.834+0000] {logging_mixin.py:188} INFO - [2025-11-14T15:10:06.834+0000] {dag.py:3954} INFO - Setting next_dagrun for sodai_pipeline_dag to 2025-11-09 00:00:00+00:00, run_after=2025-11-16 00:00:00+00:00
[2025-11-14T15:10:06.843+0000] {processor.py:183} INFO - Processing /opt/airflow/dags/sodai_pipeline.py took 0.065 seconds
[2025-11-14T15:21:25.170+0000] {processor.py:161} INFO - Started process (PID=2625) to work on /opt/airflow/dags/sodai_pipeline.py
[2025-11-14T15:21:25.173+0000] {processor.py:830} INFO - Processing file /opt/airflow/dags/sodai_pipeline.py for tasks to queue
[2025-11-14T15:21:25.175+0000] {logging_mixin.py:188} INFO - [2025-11-14T15:21:25.175+0000] {dagbag.py:545} INFO - Filling up the DagBag from /opt/airflow/dags/sodai_pipeline.py
[2025-11-14T15:21:25.194+0000] {processor.py:840} INFO - DAG(s) 'sodai_pipeline_dag' retrieved from /opt/airflow/dags/sodai_pipeline.py
[2025-11-14T15:21:25.219+0000] {logging_mixin.py:188} INFO - [2025-11-14T15:21:25.219+0000] {dag.py:3096} INFO - Sync 1 DAGs
[2025-11-14T15:21:25.236+0000] {logging_mixin.py:188} INFO - [2025-11-14T15:21:25.235+0000] {dag.py:3954} INFO - Setting next_dagrun for sodai_pipeline_dag to 2025-11-09 00:00:00+00:00, run_after=2025-11-16 00:00:00+00:00
[2025-11-14T15:21:25.246+0000] {processor.py:183} INFO - Processing /opt/airflow/dags/sodai_pipeline.py took 0.081 seconds
[2025-11-14T15:26:06.175+0000] {processor.py:161} INFO - Started process (PID=2630) to work on /opt/airflow/dags/sodai_pipeline.py
[2025-11-14T15:26:06.177+0000] {processor.py:830} INFO - Processing file /opt/airflow/dags/sodai_pipeline.py for tasks to queue
[2025-11-14T15:26:06.180+0000] {logging_mixin.py:188} INFO - [2025-11-14T15:26:06.179+0000] {dagbag.py:545} INFO - Filling up the DagBag from /opt/airflow/dags/sodai_pipeline.py
[2025-11-14T15:26:06.200+0000] {processor.py:840} INFO - DAG(s) 'sodai_pipeline_dag' retrieved from /opt/airflow/dags/sodai_pipeline.py
[2025-11-14T15:26:06.232+0000] {logging_mixin.py:188} INFO - [2025-11-14T15:26:06.232+0000] {dag.py:3096} INFO - Sync 1 DAGs
[2025-11-14T15:26:06.247+0000] {logging_mixin.py:188} INFO - [2025-11-14T15:26:06.247+0000] {dag.py:3954} INFO - Setting next_dagrun for sodai_pipeline_dag to 2025-11-09 00:00:00+00:00, run_after=2025-11-16 00:00:00+00:00
[2025-11-14T15:26:06.257+0000] {processor.py:183} INFO - Processing /opt/airflow/dags/sodai_pipeline.py took 0.096 seconds
[2025-11-14T15:26:36.577+0000] {processor.py:161} INFO - Started process (PID=2635) to work on /opt/airflow/dags/sodai_pipeline.py
[2025-11-14T15:26:36.580+0000] {processor.py:830} INFO - Processing file /opt/airflow/dags/sodai_pipeline.py for tasks to queue
[2025-11-14T15:26:36.582+0000] {logging_mixin.py:188} INFO - [2025-11-14T15:26:36.581+0000] {dagbag.py:545} INFO - Filling up the DagBag from /opt/airflow/dags/sodai_pipeline.py
[2025-11-14T15:26:36.590+0000] {processor.py:840} INFO - DAG(s) 'sodai_pipeline_dag' retrieved from /opt/airflow/dags/sodai_pipeline.py
[2025-11-14T15:26:36.604+0000] {logging_mixin.py:188} INFO - [2025-11-14T15:26:36.604+0000] {dag.py:3096} INFO - Sync 1 DAGs
[2025-11-14T15:26:36.615+0000] {logging_mixin.py:188} INFO - [2025-11-14T15:26:36.615+0000] {dag.py:3954} INFO - Setting next_dagrun for sodai_pipeline_dag to 2025-11-09 00:00:00+00:00, run_after=2025-11-16 00:00:00+00:00
[2025-11-14T15:26:36.622+0000] {processor.py:183} INFO - Processing /opt/airflow/dags/sodai_pipeline.py took 0.053 seconds
[2025-11-14T15:42:02.037+0000] {processor.py:161} INFO - Started process (PID=2640) to work on /opt/airflow/dags/sodai_pipeline.py
[2025-11-14T15:42:02.039+0000] {processor.py:830} INFO - Processing file /opt/airflow/dags/sodai_pipeline.py for tasks to queue
[2025-11-14T15:42:02.042+0000] {logging_mixin.py:188} INFO - [2025-11-14T15:42:02.041+0000] {dagbag.py:545} INFO - Filling up the DagBag from /opt/airflow/dags/sodai_pipeline.py
[2025-11-14T15:42:02.061+0000] {processor.py:840} INFO - DAG(s) 'sodai_pipeline_dag' retrieved from /opt/airflow/dags/sodai_pipeline.py
[2025-11-14T15:42:02.095+0000] {logging_mixin.py:188} INFO - [2025-11-14T15:42:02.094+0000] {dag.py:3096} INFO - Sync 1 DAGs
[2025-11-14T15:42:02.112+0000] {logging_mixin.py:188} INFO - [2025-11-14T15:42:02.112+0000] {dag.py:3954} INFO - Setting next_dagrun for sodai_pipeline_dag to 2025-11-09 00:00:00+00:00, run_after=2025-11-16 00:00:00+00:00
[2025-11-14T15:42:02.122+0000] {processor.py:183} INFO - Processing /opt/airflow/dags/sodai_pipeline.py took 0.096 seconds
[2025-11-14T15:42:32.414+0000] {processor.py:161} INFO - Started process (PID=2645) to work on /opt/airflow/dags/sodai_pipeline.py
[2025-11-14T15:42:32.418+0000] {processor.py:830} INFO - Processing file /opt/airflow/dags/sodai_pipeline.py for tasks to queue
[2025-11-14T15:42:32.421+0000] {logging_mixin.py:188} INFO - [2025-11-14T15:42:32.420+0000] {dagbag.py:545} INFO - Filling up the DagBag from /opt/airflow/dags/sodai_pipeline.py
[2025-11-14T15:42:32.440+0000] {processor.py:840} INFO - DAG(s) 'sodai_pipeline_dag' retrieved from /opt/airflow/dags/sodai_pipeline.py
[2025-11-14T15:42:32.468+0000] {logging_mixin.py:188} INFO - [2025-11-14T15:42:32.468+0000] {dag.py:3096} INFO - Sync 1 DAGs
[2025-11-14T15:42:32.486+0000] {logging_mixin.py:188} INFO - [2025-11-14T15:42:32.486+0000] {dag.py:3954} INFO - Setting next_dagrun for sodai_pipeline_dag to 2025-11-09 00:00:00+00:00, run_after=2025-11-16 00:00:00+00:00
[2025-11-14T15:42:32.496+0000] {processor.py:183} INFO - Processing /opt/airflow/dags/sodai_pipeline.py took 0.102 seconds
[2025-11-14T15:43:30.388+0000] {processor.py:161} INFO - Started process (PID=2650) to work on /opt/airflow/dags/sodai_pipeline.py
[2025-11-14T15:43:30.391+0000] {processor.py:830} INFO - Processing file /opt/airflow/dags/sodai_pipeline.py for tasks to queue
[2025-11-14T15:43:30.396+0000] {logging_mixin.py:188} INFO - [2025-11-14T15:43:30.396+0000] {dagbag.py:545} INFO - Filling up the DagBag from /opt/airflow/dags/sodai_pipeline.py
[2025-11-14T15:43:30.414+0000] {processor.py:840} INFO - DAG(s) 'sodai_pipeline_dag' retrieved from /opt/airflow/dags/sodai_pipeline.py
[2025-11-14T15:43:30.449+0000] {logging_mixin.py:188} INFO - [2025-11-14T15:43:30.449+0000] {dag.py:3096} INFO - Sync 1 DAGs
[2025-11-14T15:43:30.466+0000] {logging_mixin.py:188} INFO - [2025-11-14T15:43:30.466+0000] {dag.py:3954} INFO - Setting next_dagrun for sodai_pipeline_dag to 2025-11-09 00:00:00+00:00, run_after=2025-11-16 00:00:00+00:00
[2025-11-14T15:43:30.478+0000] {processor.py:183} INFO - Processing /opt/airflow/dags/sodai_pipeline.py took 0.100 seconds
[2025-11-14T15:44:00.779+0000] {processor.py:161} INFO - Started process (PID=2655) to work on /opt/airflow/dags/sodai_pipeline.py
[2025-11-14T15:44:00.782+0000] {processor.py:830} INFO - Processing file /opt/airflow/dags/sodai_pipeline.py for tasks to queue
[2025-11-14T15:44:00.784+0000] {logging_mixin.py:188} INFO - [2025-11-14T15:44:00.784+0000] {dagbag.py:545} INFO - Filling up the DagBag from /opt/airflow/dags/sodai_pipeline.py
[2025-11-14T15:44:00.796+0000] {processor.py:840} INFO - DAG(s) 'sodai_pipeline_dag' retrieved from /opt/airflow/dags/sodai_pipeline.py
[2025-11-14T15:44:00.813+0000] {logging_mixin.py:188} INFO - [2025-11-14T15:44:00.813+0000] {dag.py:3096} INFO - Sync 1 DAGs
[2025-11-14T15:44:00.825+0000] {logging_mixin.py:188} INFO - [2025-11-14T15:44:00.825+0000] {dag.py:3954} INFO - Setting next_dagrun for sodai_pipeline_dag to 2025-11-09 00:00:00+00:00, run_after=2025-11-16 00:00:00+00:00
[2025-11-14T15:44:00.835+0000] {processor.py:183} INFO - Processing /opt/airflow/dags/sodai_pipeline.py took 0.065 seconds
[2025-11-14T15:47:46.378+0000] {processor.py:161} INFO - Started process (PID=2660) to work on /opt/airflow/dags/sodai_pipeline.py
[2025-11-14T15:47:46.380+0000] {processor.py:830} INFO - Processing file /opt/airflow/dags/sodai_pipeline.py for tasks to queue
[2025-11-14T15:47:46.382+0000] {logging_mixin.py:188} INFO - [2025-11-14T15:47:46.382+0000] {dagbag.py:545} INFO - Filling up the DagBag from /opt/airflow/dags/sodai_pipeline.py
[2025-11-14T15:47:46.395+0000] {processor.py:840} INFO - DAG(s) 'sodai_pipeline_dag' retrieved from /opt/airflow/dags/sodai_pipeline.py
[2025-11-14T15:47:46.413+0000] {logging_mixin.py:188} INFO - [2025-11-14T15:47:46.413+0000] {dag.py:3096} INFO - Sync 1 DAGs
[2025-11-14T15:47:46.427+0000] {logging_mixin.py:188} INFO - [2025-11-14T15:47:46.427+0000] {dag.py:3954} INFO - Setting next_dagrun for sodai_pipeline_dag to 2025-11-09 00:00:00+00:00, run_after=2025-11-16 00:00:00+00:00
[2025-11-14T15:47:46.435+0000] {processor.py:183} INFO - Processing /opt/airflow/dags/sodai_pipeline.py took 0.068 seconds
[2025-11-14T15:54:00.962+0000] {processor.py:161} INFO - Started process (PID=2665) to work on /opt/airflow/dags/sodai_pipeline.py
[2025-11-14T15:54:00.964+0000] {processor.py:830} INFO - Processing file /opt/airflow/dags/sodai_pipeline.py for tasks to queue
[2025-11-14T15:54:00.966+0000] {logging_mixin.py:188} INFO - [2025-11-14T15:54:00.965+0000] {dagbag.py:545} INFO - Filling up the DagBag from /opt/airflow/dags/sodai_pipeline.py
[2025-11-14T15:54:00.976+0000] {processor.py:840} INFO - DAG(s) 'sodai_pipeline_dag' retrieved from /opt/airflow/dags/sodai_pipeline.py
[2025-11-14T15:54:00.995+0000] {logging_mixin.py:188} INFO - [2025-11-14T15:54:00.995+0000] {dag.py:3096} INFO - Sync 1 DAGs
[2025-11-14T15:54:01.013+0000] {logging_mixin.py:188} INFO - [2025-11-14T15:54:01.012+0000] {dag.py:3954} INFO - Setting next_dagrun for sodai_pipeline_dag to 2025-11-09 00:00:00+00:00, run_after=2025-11-16 00:00:00+00:00
[2025-11-14T15:54:01.021+0000] {processor.py:183} INFO - Processing /opt/airflow/dags/sodai_pipeline.py took 0.065 seconds
[2025-11-14T15:54:31.374+0000] {processor.py:161} INFO - Started process (PID=2670) to work on /opt/airflow/dags/sodai_pipeline.py
[2025-11-14T15:54:31.376+0000] {processor.py:830} INFO - Processing file /opt/airflow/dags/sodai_pipeline.py for tasks to queue
[2025-11-14T15:54:31.379+0000] {logging_mixin.py:188} INFO - [2025-11-14T15:54:31.379+0000] {dagbag.py:545} INFO - Filling up the DagBag from /opt/airflow/dags/sodai_pipeline.py
[2025-11-14T15:54:31.395+0000] {processor.py:840} INFO - DAG(s) 'sodai_pipeline_dag' retrieved from /opt/airflow/dags/sodai_pipeline.py
[2025-11-14T15:54:31.415+0000] {logging_mixin.py:188} INFO - [2025-11-14T15:54:31.415+0000] {dag.py:3096} INFO - Sync 1 DAGs
[2025-11-14T15:54:31.427+0000] {logging_mixin.py:188} INFO - [2025-11-14T15:54:31.427+0000] {dag.py:3954} INFO - Setting next_dagrun for sodai_pipeline_dag to 2025-11-09 00:00:00+00:00, run_after=2025-11-16 00:00:00+00:00
[2025-11-14T15:54:31.435+0000] {processor.py:183} INFO - Processing /opt/airflow/dags/sodai_pipeline.py took 0.073 seconds
[2025-11-14T15:55:01.931+0000] {processor.py:161} INFO - Started process (PID=2675) to work on /opt/airflow/dags/sodai_pipeline.py
[2025-11-14T15:55:01.935+0000] {processor.py:830} INFO - Processing file /opt/airflow/dags/sodai_pipeline.py for tasks to queue
[2025-11-14T15:55:01.937+0000] {logging_mixin.py:188} INFO - [2025-11-14T15:55:01.937+0000] {dagbag.py:545} INFO - Filling up the DagBag from /opt/airflow/dags/sodai_pipeline.py
[2025-11-14T15:55:01.949+0000] {processor.py:840} INFO - DAG(s) 'sodai_pipeline_dag' retrieved from /opt/airflow/dags/sodai_pipeline.py
[2025-11-14T15:55:01.967+0000] {logging_mixin.py:188} INFO - [2025-11-14T15:55:01.966+0000] {dag.py:3096} INFO - Sync 1 DAGs
[2025-11-14T15:55:01.978+0000] {logging_mixin.py:188} INFO - [2025-11-14T15:55:01.978+0000] {dag.py:3954} INFO - Setting next_dagrun for sodai_pipeline_dag to 2025-11-09 00:00:00+00:00, run_after=2025-11-16 00:00:00+00:00
[2025-11-14T15:55:01.985+0000] {processor.py:183} INFO - Processing /opt/airflow/dags/sodai_pipeline.py took 0.061 seconds
[2025-11-14T16:02:46.757+0000] {processor.py:161} INFO - Started process (PID=2680) to work on /opt/airflow/dags/sodai_pipeline.py
[2025-11-14T16:02:46.759+0000] {processor.py:830} INFO - Processing file /opt/airflow/dags/sodai_pipeline.py for tasks to queue
[2025-11-14T16:02:46.762+0000] {logging_mixin.py:188} INFO - [2025-11-14T16:02:46.761+0000] {dagbag.py:545} INFO - Filling up the DagBag from /opt/airflow/dags/sodai_pipeline.py
[2025-11-14T16:02:46.776+0000] {processor.py:840} INFO - DAG(s) 'sodai_pipeline_dag' retrieved from /opt/airflow/dags/sodai_pipeline.py
[2025-11-14T16:02:46.797+0000] {logging_mixin.py:188} INFO - [2025-11-14T16:02:46.796+0000] {dag.py:3096} INFO - Sync 1 DAGs
[2025-11-14T16:02:46.808+0000] {logging_mixin.py:188} INFO - [2025-11-14T16:02:46.808+0000] {dag.py:3954} INFO - Setting next_dagrun for sodai_pipeline_dag to 2025-11-09 00:00:00+00:00, run_after=2025-11-16 00:00:00+00:00
[2025-11-14T16:02:46.819+0000] {processor.py:183} INFO - Processing /opt/airflow/dags/sodai_pipeline.py took 0.071 seconds
[2025-11-14T16:03:17.104+0000] {processor.py:161} INFO - Started process (PID=2685) to work on /opt/airflow/dags/sodai_pipeline.py
[2025-11-14T16:03:17.107+0000] {processor.py:830} INFO - Processing file /opt/airflow/dags/sodai_pipeline.py for tasks to queue
[2025-11-14T16:03:17.109+0000] {logging_mixin.py:188} INFO - [2025-11-14T16:03:17.109+0000] {dagbag.py:545} INFO - Filling up the DagBag from /opt/airflow/dags/sodai_pipeline.py
[2025-11-14T16:03:17.122+0000] {processor.py:840} INFO - DAG(s) 'sodai_pipeline_dag' retrieved from /opt/airflow/dags/sodai_pipeline.py
[2025-11-14T16:03:17.141+0000] {logging_mixin.py:188} INFO - [2025-11-14T16:03:17.141+0000] {dag.py:3096} INFO - Sync 1 DAGs
[2025-11-14T16:03:17.161+0000] {logging_mixin.py:188} INFO - [2025-11-14T16:03:17.161+0000] {dag.py:3954} INFO - Setting next_dagrun for sodai_pipeline_dag to 2025-11-09 00:00:00+00:00, run_after=2025-11-16 00:00:00+00:00
[2025-11-14T16:03:17.170+0000] {processor.py:183} INFO - Processing /opt/airflow/dags/sodai_pipeline.py took 0.071 seconds
[2025-11-14T16:06:22.916+0000] {processor.py:161} INFO - Started process (PID=2690) to work on /opt/airflow/dags/sodai_pipeline.py
[2025-11-14T16:06:22.921+0000] {processor.py:830} INFO - Processing file /opt/airflow/dags/sodai_pipeline.py for tasks to queue
[2025-11-14T16:06:22.923+0000] {logging_mixin.py:188} INFO - [2025-11-14T16:06:22.923+0000] {dagbag.py:545} INFO - Filling up the DagBag from /opt/airflow/dags/sodai_pipeline.py
[2025-11-14T16:06:22.940+0000] {processor.py:840} INFO - DAG(s) 'sodai_pipeline_dag' retrieved from /opt/airflow/dags/sodai_pipeline.py
[2025-11-14T16:06:22.959+0000] {logging_mixin.py:188} INFO - [2025-11-14T16:06:22.959+0000] {dag.py:3096} INFO - Sync 1 DAGs
[2025-11-14T16:06:22.972+0000] {logging_mixin.py:188} INFO - [2025-11-14T16:06:22.972+0000] {dag.py:3954} INFO - Setting next_dagrun for sodai_pipeline_dag to 2025-11-09 00:00:00+00:00, run_after=2025-11-16 00:00:00+00:00
[2025-11-14T16:06:22.980+0000] {processor.py:183} INFO - Processing /opt/airflow/dags/sodai_pipeline.py took 0.074 seconds
[2025-11-14T16:06:53.304+0000] {processor.py:161} INFO - Started process (PID=2695) to work on /opt/airflow/dags/sodai_pipeline.py
[2025-11-14T16:06:53.309+0000] {processor.py:830} INFO - Processing file /opt/airflow/dags/sodai_pipeline.py for tasks to queue
[2025-11-14T16:06:53.311+0000] {logging_mixin.py:188} INFO - [2025-11-14T16:06:53.310+0000] {dagbag.py:545} INFO - Filling up the DagBag from /opt/airflow/dags/sodai_pipeline.py
[2025-11-14T16:06:53.325+0000] {processor.py:840} INFO - DAG(s) 'sodai_pipeline_dag' retrieved from /opt/airflow/dags/sodai_pipeline.py
[2025-11-14T16:06:53.345+0000] {logging_mixin.py:188} INFO - [2025-11-14T16:06:53.345+0000] {dag.py:3096} INFO - Sync 1 DAGs
[2025-11-14T16:06:53.357+0000] {logging_mixin.py:188} INFO - [2025-11-14T16:06:53.357+0000] {dag.py:3954} INFO - Setting next_dagrun for sodai_pipeline_dag to 2025-11-09 00:00:00+00:00, run_after=2025-11-16 00:00:00+00:00
[2025-11-14T16:06:53.364+0000] {processor.py:183} INFO - Processing /opt/airflow/dags/sodai_pipeline.py took 0.071 seconds
[2025-11-14T16:09:38.439+0000] {processor.py:161} INFO - Started process (PID=2700) to work on /opt/airflow/dags/sodai_pipeline.py
[2025-11-14T16:09:38.441+0000] {processor.py:830} INFO - Processing file /opt/airflow/dags/sodai_pipeline.py for tasks to queue
[2025-11-14T16:09:38.445+0000] {logging_mixin.py:188} INFO - [2025-11-14T16:09:38.444+0000] {dagbag.py:545} INFO - Filling up the DagBag from /opt/airflow/dags/sodai_pipeline.py
[2025-11-14T16:09:38.461+0000] {processor.py:840} INFO - DAG(s) 'sodai_pipeline_dag' retrieved from /opt/airflow/dags/sodai_pipeline.py
[2025-11-14T16:09:38.487+0000] {logging_mixin.py:188} INFO - [2025-11-14T16:09:38.486+0000] {dag.py:3096} INFO - Sync 1 DAGs
[2025-11-14T16:09:38.503+0000] {logging_mixin.py:188} INFO - [2025-11-14T16:09:38.503+0000] {dag.py:3954} INFO - Setting next_dagrun for sodai_pipeline_dag to 2025-11-09 00:00:00+00:00, run_after=2025-11-16 00:00:00+00:00
[2025-11-14T16:09:38.513+0000] {processor.py:183} INFO - Processing /opt/airflow/dags/sodai_pipeline.py took 0.080 seconds
[2025-11-14T16:10:08.826+0000] {processor.py:161} INFO - Started process (PID=2705) to work on /opt/airflow/dags/sodai_pipeline.py
[2025-11-14T16:10:08.830+0000] {processor.py:830} INFO - Processing file /opt/airflow/dags/sodai_pipeline.py for tasks to queue
[2025-11-14T16:10:08.832+0000] {logging_mixin.py:188} INFO - [2025-11-14T16:10:08.831+0000] {dagbag.py:545} INFO - Filling up the DagBag from /opt/airflow/dags/sodai_pipeline.py
[2025-11-14T16:10:08.842+0000] {processor.py:840} INFO - DAG(s) 'sodai_pipeline_dag' retrieved from /opt/airflow/dags/sodai_pipeline.py
[2025-11-14T16:10:08.858+0000] {logging_mixin.py:188} INFO - [2025-11-14T16:10:08.858+0000] {dag.py:3096} INFO - Sync 1 DAGs
[2025-11-14T16:10:08.868+0000] {logging_mixin.py:188} INFO - [2025-11-14T16:10:08.868+0000] {dag.py:3954} INFO - Setting next_dagrun for sodai_pipeline_dag to 2025-11-09 00:00:00+00:00, run_after=2025-11-16 00:00:00+00:00
[2025-11-14T16:10:08.875+0000] {processor.py:183} INFO - Processing /opt/airflow/dags/sodai_pipeline.py took 0.061 seconds
[2025-11-14T16:15:34.806+0000] {processor.py:161} INFO - Started process (PID=2710) to work on /opt/airflow/dags/sodai_pipeline.py
[2025-11-14T16:15:34.807+0000] {processor.py:830} INFO - Processing file /opt/airflow/dags/sodai_pipeline.py for tasks to queue
[2025-11-14T16:15:34.810+0000] {logging_mixin.py:188} INFO - [2025-11-14T16:15:34.809+0000] {dagbag.py:545} INFO - Filling up the DagBag from /opt/airflow/dags/sodai_pipeline.py
[2025-11-14T16:15:34.834+0000] {processor.py:840} INFO - DAG(s) 'sodai_pipeline_dag' retrieved from /opt/airflow/dags/sodai_pipeline.py
[2025-11-14T16:15:34.863+0000] {logging_mixin.py:188} INFO - [2025-11-14T16:15:34.863+0000] {dag.py:3096} INFO - Sync 1 DAGs
[2025-11-14T16:15:34.880+0000] {logging_mixin.py:188} INFO - [2025-11-14T16:15:34.880+0000] {dag.py:3954} INFO - Setting next_dagrun for sodai_pipeline_dag to 2025-11-09 00:00:00+00:00, run_after=2025-11-16 00:00:00+00:00
[2025-11-14T16:15:34.890+0000] {processor.py:183} INFO - Processing /opt/airflow/dags/sodai_pipeline.py took 0.095 seconds
[2025-11-14T16:16:05.169+0000] {processor.py:161} INFO - Started process (PID=2715) to work on /opt/airflow/dags/sodai_pipeline.py
[2025-11-14T16:16:05.171+0000] {processor.py:830} INFO - Processing file /opt/airflow/dags/sodai_pipeline.py for tasks to queue
[2025-11-14T16:16:05.173+0000] {logging_mixin.py:188} INFO - [2025-11-14T16:16:05.173+0000] {dagbag.py:545} INFO - Filling up the DagBag from /opt/airflow/dags/sodai_pipeline.py
[2025-11-14T16:16:05.186+0000] {processor.py:840} INFO - DAG(s) 'sodai_pipeline_dag' retrieved from /opt/airflow/dags/sodai_pipeline.py
[2025-11-14T16:16:05.208+0000] {logging_mixin.py:188} INFO - [2025-11-14T16:16:05.207+0000] {dag.py:3096} INFO - Sync 1 DAGs
[2025-11-14T16:16:05.219+0000] {logging_mixin.py:188} INFO - [2025-11-14T16:16:05.219+0000] {dag.py:3954} INFO - Setting next_dagrun for sodai_pipeline_dag to 2025-11-09 00:00:00+00:00, run_after=2025-11-16 00:00:00+00:00
[2025-11-14T16:16:05.230+0000] {processor.py:183} INFO - Processing /opt/airflow/dags/sodai_pipeline.py took 0.070 seconds
[2025-11-14T16:16:35.573+0000] {processor.py:161} INFO - Started process (PID=2720) to work on /opt/airflow/dags/sodai_pipeline.py
[2025-11-14T16:16:35.575+0000] {processor.py:830} INFO - Processing file /opt/airflow/dags/sodai_pipeline.py for tasks to queue
[2025-11-14T16:16:35.577+0000] {logging_mixin.py:188} INFO - [2025-11-14T16:16:35.577+0000] {dagbag.py:545} INFO - Filling up the DagBag from /opt/airflow/dags/sodai_pipeline.py
[2025-11-14T16:16:35.588+0000] {processor.py:840} INFO - DAG(s) 'sodai_pipeline_dag' retrieved from /opt/airflow/dags/sodai_pipeline.py
[2025-11-14T16:16:35.604+0000] {logging_mixin.py:188} INFO - [2025-11-14T16:16:35.604+0000] {dag.py:3096} INFO - Sync 1 DAGs
[2025-11-14T16:16:35.615+0000] {logging_mixin.py:188} INFO - [2025-11-14T16:16:35.615+0000] {dag.py:3954} INFO - Setting next_dagrun for sodai_pipeline_dag to 2025-11-09 00:00:00+00:00, run_after=2025-11-16 00:00:00+00:00
[2025-11-14T16:16:35.621+0000] {processor.py:183} INFO - Processing /opt/airflow/dags/sodai_pipeline.py took 0.054 seconds
[2025-11-14T16:24:53.793+0000] {processor.py:161} INFO - Started process (PID=2725) to work on /opt/airflow/dags/sodai_pipeline.py
[2025-11-14T16:24:53.797+0000] {processor.py:830} INFO - Processing file /opt/airflow/dags/sodai_pipeline.py for tasks to queue
[2025-11-14T16:24:53.804+0000] {logging_mixin.py:188} INFO - [2025-11-14T16:24:53.803+0000] {dagbag.py:545} INFO - Filling up the DagBag from /opt/airflow/dags/sodai_pipeline.py
[2025-11-14T16:24:53.819+0000] {processor.py:840} INFO - DAG(s) 'sodai_pipeline_dag' retrieved from /opt/airflow/dags/sodai_pipeline.py
[2025-11-14T16:24:53.844+0000] {logging_mixin.py:188} INFO - [2025-11-14T16:24:53.844+0000] {dag.py:3096} INFO - Sync 1 DAGs
[2025-11-14T16:24:53.864+0000] {logging_mixin.py:188} INFO - [2025-11-14T16:24:53.864+0000] {dag.py:3954} INFO - Setting next_dagrun for sodai_pipeline_dag to 2025-11-09 00:00:00+00:00, run_after=2025-11-16 00:00:00+00:00
[2025-11-14T16:24:53.876+0000] {processor.py:183} INFO - Processing /opt/airflow/dags/sodai_pipeline.py took 0.095 seconds
[2025-11-14T16:25:24.159+0000] {processor.py:161} INFO - Started process (PID=2730) to work on /opt/airflow/dags/sodai_pipeline.py
[2025-11-14T16:25:24.162+0000] {processor.py:830} INFO - Processing file /opt/airflow/dags/sodai_pipeline.py for tasks to queue
[2025-11-14T16:25:24.169+0000] {logging_mixin.py:188} INFO - [2025-11-14T16:25:24.169+0000] {dagbag.py:545} INFO - Filling up the DagBag from /opt/airflow/dags/sodai_pipeline.py
[2025-11-14T16:25:24.198+0000] {processor.py:840} INFO - DAG(s) 'sodai_pipeline_dag' retrieved from /opt/airflow/dags/sodai_pipeline.py
[2025-11-14T16:25:24.230+0000] {logging_mixin.py:188} INFO - [2025-11-14T16:25:24.229+0000] {dag.py:3096} INFO - Sync 1 DAGs
[2025-11-14T16:25:24.248+0000] {logging_mixin.py:188} INFO - [2025-11-14T16:25:24.247+0000] {dag.py:3954} INFO - Setting next_dagrun for sodai_pipeline_dag to 2025-11-09 00:00:00+00:00, run_after=2025-11-16 00:00:00+00:00
[2025-11-14T16:25:24.258+0000] {processor.py:183} INFO - Processing /opt/airflow/dags/sodai_pipeline.py took 0.114 seconds
[2025-11-14T16:25:54.588+0000] {processor.py:161} INFO - Started process (PID=2735) to work on /opt/airflow/dags/sodai_pipeline.py
[2025-11-14T16:25:54.592+0000] {processor.py:830} INFO - Processing file /opt/airflow/dags/sodai_pipeline.py for tasks to queue
[2025-11-14T16:25:54.596+0000] {logging_mixin.py:188} INFO - [2025-11-14T16:25:54.595+0000] {dagbag.py:545} INFO - Filling up the DagBag from /opt/airflow/dags/sodai_pipeline.py
[2025-11-14T16:25:54.620+0000] {processor.py:840} INFO - DAG(s) 'sodai_pipeline_dag' retrieved from /opt/airflow/dags/sodai_pipeline.py
[2025-11-14T16:25:54.654+0000] {logging_mixin.py:188} INFO - [2025-11-14T16:25:54.654+0000] {dag.py:3096} INFO - Sync 1 DAGs
[2025-11-14T16:25:54.669+0000] {logging_mixin.py:188} INFO - [2025-11-14T16:25:54.669+0000] {dag.py:3954} INFO - Setting next_dagrun for sodai_pipeline_dag to 2025-11-09 00:00:00+00:00, run_after=2025-11-16 00:00:00+00:00
[2025-11-14T16:25:54.682+0000] {processor.py:183} INFO - Processing /opt/airflow/dags/sodai_pipeline.py took 0.111 seconds
[2025-11-14T16:26:25.007+0000] {processor.py:161} INFO - Started process (PID=2740) to work on /opt/airflow/dags/sodai_pipeline.py
[2025-11-14T16:26:25.010+0000] {processor.py:830} INFO - Processing file /opt/airflow/dags/sodai_pipeline.py for tasks to queue
[2025-11-14T16:26:25.015+0000] {logging_mixin.py:188} INFO - [2025-11-14T16:26:25.014+0000] {dagbag.py:545} INFO - Filling up the DagBag from /opt/airflow/dags/sodai_pipeline.py
[2025-11-14T16:26:25.038+0000] {processor.py:840} INFO - DAG(s) 'sodai_pipeline_dag' retrieved from /opt/airflow/dags/sodai_pipeline.py
[2025-11-14T16:26:25.072+0000] {logging_mixin.py:188} INFO - [2025-11-14T16:26:25.072+0000] {dag.py:3096} INFO - Sync 1 DAGs
[2025-11-14T16:26:25.093+0000] {logging_mixin.py:188} INFO - [2025-11-14T16:26:25.093+0000] {dag.py:3954} INFO - Setting next_dagrun for sodai_pipeline_dag to 2025-11-09 00:00:00+00:00, run_after=2025-11-16 00:00:00+00:00
[2025-11-14T16:26:25.103+0000] {processor.py:183} INFO - Processing /opt/airflow/dags/sodai_pipeline.py took 0.116 seconds
[2025-11-14T16:28:29.061+0000] {processor.py:161} INFO - Started process (PID=2745) to work on /opt/airflow/dags/sodai_pipeline.py
[2025-11-14T16:28:29.064+0000] {processor.py:830} INFO - Processing file /opt/airflow/dags/sodai_pipeline.py for tasks to queue
[2025-11-14T16:28:29.067+0000] {logging_mixin.py:188} INFO - [2025-11-14T16:28:29.066+0000] {dagbag.py:545} INFO - Filling up the DagBag from /opt/airflow/dags/sodai_pipeline.py
[2025-11-14T16:28:29.080+0000] {processor.py:840} INFO - DAG(s) 'sodai_pipeline_dag' retrieved from /opt/airflow/dags/sodai_pipeline.py
[2025-11-14T16:28:29.103+0000] {logging_mixin.py:188} INFO - [2025-11-14T16:28:29.103+0000] {dag.py:3096} INFO - Sync 1 DAGs
[2025-11-14T16:28:29.116+0000] {logging_mixin.py:188} INFO - [2025-11-14T16:28:29.116+0000] {dag.py:3954} INFO - Setting next_dagrun for sodai_pipeline_dag to 2025-11-09 00:00:00+00:00, run_after=2025-11-16 00:00:00+00:00
[2025-11-14T16:28:29.126+0000] {processor.py:183} INFO - Processing /opt/airflow/dags/sodai_pipeline.py took 0.079 seconds
[2025-11-14T16:28:59.496+0000] {processor.py:161} INFO - Started process (PID=2750) to work on /opt/airflow/dags/sodai_pipeline.py
[2025-11-14T16:28:59.499+0000] {processor.py:830} INFO - Processing file /opt/airflow/dags/sodai_pipeline.py for tasks to queue
[2025-11-14T16:28:59.500+0000] {logging_mixin.py:188} INFO - [2025-11-14T16:28:59.500+0000] {dagbag.py:545} INFO - Filling up the DagBag from /opt/airflow/dags/sodai_pipeline.py
[2025-11-14T16:28:59.512+0000] {processor.py:840} INFO - DAG(s) 'sodai_pipeline_dag' retrieved from /opt/airflow/dags/sodai_pipeline.py
[2025-11-14T16:28:59.533+0000] {logging_mixin.py:188} INFO - [2025-11-14T16:28:59.533+0000] {dag.py:3096} INFO - Sync 1 DAGs
[2025-11-14T16:28:59.548+0000] {logging_mixin.py:188} INFO - [2025-11-14T16:28:59.548+0000] {dag.py:3954} INFO - Setting next_dagrun for sodai_pipeline_dag to 2025-11-09 00:00:00+00:00, run_after=2025-11-16 00:00:00+00:00
[2025-11-14T16:28:59.561+0000] {processor.py:183} INFO - Processing /opt/airflow/dags/sodai_pipeline.py took 0.071 seconds
[2025-11-14T16:39:45.260+0000] {processor.py:161} INFO - Started process (PID=2755) to work on /opt/airflow/dags/sodai_pipeline.py
[2025-11-14T16:39:45.263+0000] {processor.py:830} INFO - Processing file /opt/airflow/dags/sodai_pipeline.py for tasks to queue
[2025-11-14T16:39:45.266+0000] {logging_mixin.py:188} INFO - [2025-11-14T16:39:45.266+0000] {dagbag.py:545} INFO - Filling up the DagBag from /opt/airflow/dags/sodai_pipeline.py
[2025-11-14T16:39:45.286+0000] {processor.py:840} INFO - DAG(s) 'sodai_pipeline_dag' retrieved from /opt/airflow/dags/sodai_pipeline.py
[2025-11-14T16:39:45.311+0000] {logging_mixin.py:188} INFO - [2025-11-14T16:39:45.311+0000] {dag.py:3096} INFO - Sync 1 DAGs
[2025-11-14T16:39:45.326+0000] {logging_mixin.py:188} INFO - [2025-11-14T16:39:45.326+0000] {dag.py:3954} INFO - Setting next_dagrun for sodai_pipeline_dag to 2025-11-09 00:00:00+00:00, run_after=2025-11-16 00:00:00+00:00
[2025-11-14T16:39:45.338+0000] {processor.py:183} INFO - Processing /opt/airflow/dags/sodai_pipeline.py took 0.089 seconds
[2025-11-14T16:40:15.679+0000] {processor.py:161} INFO - Started process (PID=2760) to work on /opt/airflow/dags/sodai_pipeline.py
[2025-11-14T16:40:15.682+0000] {processor.py:830} INFO - Processing file /opt/airflow/dags/sodai_pipeline.py for tasks to queue
[2025-11-14T16:40:15.685+0000] {logging_mixin.py:188} INFO - [2025-11-14T16:40:15.684+0000] {dagbag.py:545} INFO - Filling up the DagBag from /opt/airflow/dags/sodai_pipeline.py
[2025-11-14T16:40:15.700+0000] {processor.py:840} INFO - DAG(s) 'sodai_pipeline_dag' retrieved from /opt/airflow/dags/sodai_pipeline.py
[2025-11-14T16:40:15.721+0000] {logging_mixin.py:188} INFO - [2025-11-14T16:40:15.721+0000] {dag.py:3096} INFO - Sync 1 DAGs
[2025-11-14T16:40:15.734+0000] {logging_mixin.py:188} INFO - [2025-11-14T16:40:15.734+0000] {dag.py:3954} INFO - Setting next_dagrun for sodai_pipeline_dag to 2025-11-09 00:00:00+00:00, run_after=2025-11-16 00:00:00+00:00
[2025-11-14T16:40:15.744+0000] {processor.py:183} INFO - Processing /opt/airflow/dags/sodai_pipeline.py took 0.078 seconds
[2025-11-14T16:40:57.151+0000] {processor.py:161} INFO - Started process (PID=2765) to work on /opt/airflow/dags/sodai_pipeline.py
[2025-11-14T16:40:57.155+0000] {processor.py:830} INFO - Processing file /opt/airflow/dags/sodai_pipeline.py for tasks to queue
[2025-11-14T16:40:57.158+0000] {logging_mixin.py:188} INFO - [2025-11-14T16:40:57.157+0000] {dagbag.py:545} INFO - Filling up the DagBag from /opt/airflow/dags/sodai_pipeline.py
[2025-11-14T16:40:57.181+0000] {processor.py:840} INFO - DAG(s) 'sodai_pipeline_dag' retrieved from /opt/airflow/dags/sodai_pipeline.py
[2025-11-14T16:40:57.212+0000] {logging_mixin.py:188} INFO - [2025-11-14T16:40:57.212+0000] {dag.py:3096} INFO - Sync 1 DAGs
[2025-11-14T16:40:57.232+0000] {logging_mixin.py:188} INFO - [2025-11-14T16:40:57.232+0000] {dag.py:3954} INFO - Setting next_dagrun for sodai_pipeline_dag to 2025-11-09 00:00:00+00:00, run_after=2025-11-16 00:00:00+00:00
[2025-11-14T16:40:57.243+0000] {processor.py:183} INFO - Processing /opt/airflow/dags/sodai_pipeline.py took 0.104 seconds
[2025-11-14T16:41:27.565+0000] {processor.py:161} INFO - Started process (PID=2770) to work on /opt/airflow/dags/sodai_pipeline.py
[2025-11-14T16:41:27.568+0000] {processor.py:830} INFO - Processing file /opt/airflow/dags/sodai_pipeline.py for tasks to queue
[2025-11-14T16:41:27.572+0000] {logging_mixin.py:188} INFO - [2025-11-14T16:41:27.571+0000] {dagbag.py:545} INFO - Filling up the DagBag from /opt/airflow/dags/sodai_pipeline.py
[2025-11-14T16:41:27.599+0000] {processor.py:840} INFO - DAG(s) 'sodai_pipeline_dag' retrieved from /opt/airflow/dags/sodai_pipeline.py
[2025-11-14T16:41:27.629+0000] {logging_mixin.py:188} INFO - [2025-11-14T16:41:27.629+0000] {dag.py:3096} INFO - Sync 1 DAGs
[2025-11-14T16:41:27.647+0000] {logging_mixin.py:188} INFO - [2025-11-14T16:41:27.647+0000] {dag.py:3954} INFO - Setting next_dagrun for sodai_pipeline_dag to 2025-11-09 00:00:00+00:00, run_after=2025-11-16 00:00:00+00:00
[2025-11-14T16:41:27.658+0000] {processor.py:183} INFO - Processing /opt/airflow/dags/sodai_pipeline.py took 0.112 seconds
[2025-11-14T16:41:57.936+0000] {processor.py:161} INFO - Started process (PID=2775) to work on /opt/airflow/dags/sodai_pipeline.py
[2025-11-14T16:41:57.939+0000] {processor.py:830} INFO - Processing file /opt/airflow/dags/sodai_pipeline.py for tasks to queue
[2025-11-14T16:41:57.942+0000] {logging_mixin.py:188} INFO - [2025-11-14T16:41:57.942+0000] {dagbag.py:545} INFO - Filling up the DagBag from /opt/airflow/dags/sodai_pipeline.py
[2025-11-14T16:41:57.959+0000] {processor.py:840} INFO - DAG(s) 'sodai_pipeline_dag' retrieved from /opt/airflow/dags/sodai_pipeline.py
[2025-11-14T16:41:57.979+0000] {logging_mixin.py:188} INFO - [2025-11-14T16:41:57.979+0000] {dag.py:3096} INFO - Sync 1 DAGs
[2025-11-14T16:41:57.994+0000] {logging_mixin.py:188} INFO - [2025-11-14T16:41:57.994+0000] {dag.py:3954} INFO - Setting next_dagrun for sodai_pipeline_dag to 2025-11-09 00:00:00+00:00, run_after=2025-11-16 00:00:00+00:00
[2025-11-14T16:41:58.004+0000] {processor.py:183} INFO - Processing /opt/airflow/dags/sodai_pipeline.py took 0.081 seconds
[2025-11-14T16:42:28.326+0000] {processor.py:161} INFO - Started process (PID=2780) to work on /opt/airflow/dags/sodai_pipeline.py
[2025-11-14T16:42:28.330+0000] {processor.py:830} INFO - Processing file /opt/airflow/dags/sodai_pipeline.py for tasks to queue
[2025-11-14T16:42:28.334+0000] {logging_mixin.py:188} INFO - [2025-11-14T16:42:28.334+0000] {dagbag.py:545} INFO - Filling up the DagBag from /opt/airflow/dags/sodai_pipeline.py
[2025-11-14T16:42:28.352+0000] {processor.py:840} INFO - DAG(s) 'sodai_pipeline_dag' retrieved from /opt/airflow/dags/sodai_pipeline.py
[2025-11-14T16:42:28.378+0000] {logging_mixin.py:188} INFO - [2025-11-14T16:42:28.378+0000] {dag.py:3096} INFO - Sync 1 DAGs
[2025-11-14T16:42:28.397+0000] {logging_mixin.py:188} INFO - [2025-11-14T16:42:28.397+0000] {dag.py:3954} INFO - Setting next_dagrun for sodai_pipeline_dag to 2025-11-09 00:00:00+00:00, run_after=2025-11-16 00:00:00+00:00
[2025-11-14T16:42:28.408+0000] {processor.py:183} INFO - Processing /opt/airflow/dags/sodai_pipeline.py took 0.094 seconds
[2025-11-14T16:43:25.599+0000] {processor.py:161} INFO - Started process (PID=2785) to work on /opt/airflow/dags/sodai_pipeline.py
[2025-11-14T16:43:25.605+0000] {processor.py:830} INFO - Processing file /opt/airflow/dags/sodai_pipeline.py for tasks to queue
[2025-11-14T16:43:25.615+0000] {logging_mixin.py:188} INFO - [2025-11-14T16:43:25.614+0000] {dagbag.py:545} INFO - Filling up the DagBag from /opt/airflow/dags/sodai_pipeline.py
[2025-11-14T16:43:25.641+0000] {processor.py:840} INFO - DAG(s) 'sodai_pipeline_dag' retrieved from /opt/airflow/dags/sodai_pipeline.py
[2025-11-14T16:43:25.675+0000] {logging_mixin.py:188} INFO - [2025-11-14T16:43:25.675+0000] {dag.py:3096} INFO - Sync 1 DAGs
[2025-11-14T16:43:25.696+0000] {logging_mixin.py:188} INFO - [2025-11-14T16:43:25.696+0000] {dag.py:3954} INFO - Setting next_dagrun for sodai_pipeline_dag to 2025-11-09 00:00:00+00:00, run_after=2025-11-16 00:00:00+00:00
[2025-11-14T16:43:25.706+0000] {processor.py:183} INFO - Processing /opt/airflow/dags/sodai_pipeline.py took 0.129 seconds
[2025-11-14T16:43:56.101+0000] {processor.py:161} INFO - Started process (PID=2790) to work on /opt/airflow/dags/sodai_pipeline.py
[2025-11-14T16:43:56.106+0000] {processor.py:830} INFO - Processing file /opt/airflow/dags/sodai_pipeline.py for tasks to queue
[2025-11-14T16:43:56.109+0000] {logging_mixin.py:188} INFO - [2025-11-14T16:43:56.109+0000] {dagbag.py:545} INFO - Filling up the DagBag from /opt/airflow/dags/sodai_pipeline.py
[2025-11-14T16:43:56.129+0000] {processor.py:840} INFO - DAG(s) 'sodai_pipeline_dag' retrieved from /opt/airflow/dags/sodai_pipeline.py
[2025-11-14T16:43:56.161+0000] {logging_mixin.py:188} INFO - [2025-11-14T16:43:56.161+0000] {dag.py:3096} INFO - Sync 1 DAGs
[2025-11-14T16:43:56.179+0000] {logging_mixin.py:188} INFO - [2025-11-14T16:43:56.179+0000] {dag.py:3954} INFO - Setting next_dagrun for sodai_pipeline_dag to 2025-11-09 00:00:00+00:00, run_after=2025-11-16 00:00:00+00:00
[2025-11-14T16:43:56.189+0000] {processor.py:183} INFO - Processing /opt/airflow/dags/sodai_pipeline.py took 0.108 seconds
[2025-11-14T16:44:26.424+0000] {processor.py:161} INFO - Started process (PID=2795) to work on /opt/airflow/dags/sodai_pipeline.py
[2025-11-14T16:44:26.426+0000] {processor.py:830} INFO - Processing file /opt/airflow/dags/sodai_pipeline.py for tasks to queue
[2025-11-14T16:44:26.427+0000] {logging_mixin.py:188} INFO - [2025-11-14T16:44:26.427+0000] {dagbag.py:545} INFO - Filling up the DagBag from /opt/airflow/dags/sodai_pipeline.py
[2025-11-14T16:44:26.434+0000] {processor.py:840} INFO - DAG(s) 'sodai_pipeline_dag' retrieved from /opt/airflow/dags/sodai_pipeline.py
[2025-11-14T16:44:26.448+0000] {logging_mixin.py:188} INFO - [2025-11-14T16:44:26.448+0000] {dag.py:3096} INFO - Sync 1 DAGs
[2025-11-14T16:44:26.458+0000] {logging_mixin.py:188} INFO - [2025-11-14T16:44:26.458+0000] {dag.py:3954} INFO - Setting next_dagrun for sodai_pipeline_dag to 2025-11-09 00:00:00+00:00, run_after=2025-11-16 00:00:00+00:00
[2025-11-14T16:44:26.465+0000] {processor.py:183} INFO - Processing /opt/airflow/dags/sodai_pipeline.py took 0.045 seconds
[2025-11-14T16:44:56.892+0000] {processor.py:161} INFO - Started process (PID=2800) to work on /opt/airflow/dags/sodai_pipeline.py
[2025-11-14T16:44:56.896+0000] {processor.py:830} INFO - Processing file /opt/airflow/dags/sodai_pipeline.py for tasks to queue
[2025-11-14T16:44:56.899+0000] {logging_mixin.py:188} INFO - [2025-11-14T16:44:56.898+0000] {dagbag.py:545} INFO - Filling up the DagBag from /opt/airflow/dags/sodai_pipeline.py
[2025-11-14T16:44:56.914+0000] {processor.py:840} INFO - DAG(s) 'sodai_pipeline_dag' retrieved from /opt/airflow/dags/sodai_pipeline.py
[2025-11-14T16:44:56.936+0000] {logging_mixin.py:188} INFO - [2025-11-14T16:44:56.936+0000] {dag.py:3096} INFO - Sync 1 DAGs
[2025-11-14T16:44:56.949+0000] {logging_mixin.py:188} INFO - [2025-11-14T16:44:56.949+0000] {dag.py:3954} INFO - Setting next_dagrun for sodai_pipeline_dag to 2025-11-09 00:00:00+00:00, run_after=2025-11-16 00:00:00+00:00
[2025-11-14T16:44:56.958+0000] {processor.py:183} INFO - Processing /opt/airflow/dags/sodai_pipeline.py took 0.077 seconds
[2025-11-14T16:45:27.312+0000] {processor.py:161} INFO - Started process (PID=2805) to work on /opt/airflow/dags/sodai_pipeline.py
[2025-11-14T16:45:27.315+0000] {processor.py:830} INFO - Processing file /opt/airflow/dags/sodai_pipeline.py for tasks to queue
[2025-11-14T16:45:27.317+0000] {logging_mixin.py:188} INFO - [2025-11-14T16:45:27.316+0000] {dagbag.py:545} INFO - Filling up the DagBag from /opt/airflow/dags/sodai_pipeline.py
[2025-11-14T16:45:27.328+0000] {processor.py:840} INFO - DAG(s) 'sodai_pipeline_dag' retrieved from /opt/airflow/dags/sodai_pipeline.py
[2025-11-14T16:45:27.345+0000] {logging_mixin.py:188} INFO - [2025-11-14T16:45:27.345+0000] {dag.py:3096} INFO - Sync 1 DAGs
[2025-11-14T16:45:27.358+0000] {logging_mixin.py:188} INFO - [2025-11-14T16:45:27.358+0000] {dag.py:3954} INFO - Setting next_dagrun for sodai_pipeline_dag to 2025-11-09 00:00:00+00:00, run_after=2025-11-16 00:00:00+00:00
[2025-11-14T16:45:27.368+0000] {processor.py:183} INFO - Processing /opt/airflow/dags/sodai_pipeline.py took 0.062 seconds
[2025-11-14T16:48:11.611+0000] {processor.py:161} INFO - Started process (PID=2810) to work on /opt/airflow/dags/sodai_pipeline.py
[2025-11-14T16:48:11.614+0000] {processor.py:830} INFO - Processing file /opt/airflow/dags/sodai_pipeline.py for tasks to queue
[2025-11-14T16:48:11.620+0000] {logging_mixin.py:188} INFO - [2025-11-14T16:48:11.619+0000] {dagbag.py:545} INFO - Filling up the DagBag from /opt/airflow/dags/sodai_pipeline.py
[2025-11-14T16:48:11.648+0000] {processor.py:840} INFO - DAG(s) 'sodai_pipeline_dag' retrieved from /opt/airflow/dags/sodai_pipeline.py
[2025-11-14T16:48:11.680+0000] {logging_mixin.py:188} INFO - [2025-11-14T16:48:11.680+0000] {dag.py:3096} INFO - Sync 1 DAGs
[2025-11-14T16:48:11.700+0000] {logging_mixin.py:188} INFO - [2025-11-14T16:48:11.700+0000] {dag.py:3954} INFO - Setting next_dagrun for sodai_pipeline_dag to 2025-11-09 00:00:00+00:00, run_after=2025-11-16 00:00:00+00:00
[2025-11-14T16:48:11.712+0000] {processor.py:183} INFO - Processing /opt/airflow/dags/sodai_pipeline.py took 0.116 seconds
[2025-11-14T16:48:42.024+0000] {processor.py:161} INFO - Started process (PID=2815) to work on /opt/airflow/dags/sodai_pipeline.py
[2025-11-14T16:48:42.027+0000] {processor.py:830} INFO - Processing file /opt/airflow/dags/sodai_pipeline.py for tasks to queue
[2025-11-14T16:48:42.031+0000] {logging_mixin.py:188} INFO - [2025-11-14T16:48:42.030+0000] {dagbag.py:545} INFO - Filling up the DagBag from /opt/airflow/dags/sodai_pipeline.py
[2025-11-14T16:48:42.053+0000] {processor.py:840} INFO - DAG(s) 'sodai_pipeline_dag' retrieved from /opt/airflow/dags/sodai_pipeline.py
[2025-11-14T16:48:42.076+0000] {logging_mixin.py:188} INFO - [2025-11-14T16:48:42.076+0000] {dag.py:3096} INFO - Sync 1 DAGs
[2025-11-14T16:48:42.090+0000] {logging_mixin.py:188} INFO - [2025-11-14T16:48:42.090+0000] {dag.py:3954} INFO - Setting next_dagrun for sodai_pipeline_dag to 2025-11-09 00:00:00+00:00, run_after=2025-11-16 00:00:00+00:00
[2025-11-14T16:48:42.099+0000] {processor.py:183} INFO - Processing /opt/airflow/dags/sodai_pipeline.py took 0.090 seconds
[2025-11-14T16:49:12.426+0000] {processor.py:161} INFO - Started process (PID=2820) to work on /opt/airflow/dags/sodai_pipeline.py
[2025-11-14T16:49:12.429+0000] {processor.py:830} INFO - Processing file /opt/airflow/dags/sodai_pipeline.py for tasks to queue
[2025-11-14T16:49:12.432+0000] {logging_mixin.py:188} INFO - [2025-11-14T16:49:12.432+0000] {dagbag.py:545} INFO - Filling up the DagBag from /opt/airflow/dags/sodai_pipeline.py
[2025-11-14T16:49:12.451+0000] {processor.py:840} INFO - DAG(s) 'sodai_pipeline_dag' retrieved from /opt/airflow/dags/sodai_pipeline.py
[2025-11-14T16:49:12.472+0000] {logging_mixin.py:188} INFO - [2025-11-14T16:49:12.472+0000] {dag.py:3096} INFO - Sync 1 DAGs
[2025-11-14T16:49:12.486+0000] {logging_mixin.py:188} INFO - [2025-11-14T16:49:12.486+0000] {dag.py:3954} INFO - Setting next_dagrun for sodai_pipeline_dag to 2025-11-09 00:00:00+00:00, run_after=2025-11-16 00:00:00+00:00
[2025-11-14T16:49:12.495+0000] {processor.py:183} INFO - Processing /opt/airflow/dags/sodai_pipeline.py took 0.079 seconds
[2025-11-14T16:49:42.845+0000] {processor.py:161} INFO - Started process (PID=2825) to work on /opt/airflow/dags/sodai_pipeline.py
[2025-11-14T16:49:42.848+0000] {processor.py:830} INFO - Processing file /opt/airflow/dags/sodai_pipeline.py for tasks to queue
[2025-11-14T16:49:42.853+0000] {logging_mixin.py:188} INFO - [2025-11-14T16:49:42.852+0000] {dagbag.py:545} INFO - Filling up the DagBag from /opt/airflow/dags/sodai_pipeline.py
[2025-11-14T16:49:42.871+0000] {processor.py:840} INFO - DAG(s) 'sodai_pipeline_dag' retrieved from /opt/airflow/dags/sodai_pipeline.py
[2025-11-14T16:49:42.901+0000] {logging_mixin.py:188} INFO - [2025-11-14T16:49:42.901+0000] {dag.py:3096} INFO - Sync 1 DAGs
[2025-11-14T16:49:42.916+0000] {logging_mixin.py:188} INFO - [2025-11-14T16:49:42.916+0000] {dag.py:3954} INFO - Setting next_dagrun for sodai_pipeline_dag to 2025-11-09 00:00:00+00:00, run_after=2025-11-16 00:00:00+00:00
[2025-11-14T16:49:42.927+0000] {processor.py:183} INFO - Processing /opt/airflow/dags/sodai_pipeline.py took 0.096 seconds
[2025-11-14T16:50:13.269+0000] {processor.py:161} INFO - Started process (PID=2830) to work on /opt/airflow/dags/sodai_pipeline.py
[2025-11-14T16:50:13.273+0000] {processor.py:830} INFO - Processing file /opt/airflow/dags/sodai_pipeline.py for tasks to queue
[2025-11-14T16:50:13.276+0000] {logging_mixin.py:188} INFO - [2025-11-14T16:50:13.276+0000] {dagbag.py:545} INFO - Filling up the DagBag from /opt/airflow/dags/sodai_pipeline.py
[2025-11-14T16:50:13.292+0000] {processor.py:840} INFO - DAG(s) 'sodai_pipeline_dag' retrieved from /opt/airflow/dags/sodai_pipeline.py
[2025-11-14T16:50:13.312+0000] {logging_mixin.py:188} INFO - [2025-11-14T16:50:13.312+0000] {dag.py:3096} INFO - Sync 1 DAGs
[2025-11-14T16:50:13.325+0000] {logging_mixin.py:188} INFO - [2025-11-14T16:50:13.325+0000] {dag.py:3954} INFO - Setting next_dagrun for sodai_pipeline_dag to 2025-11-09 00:00:00+00:00, run_after=2025-11-16 00:00:00+00:00
[2025-11-14T16:50:13.333+0000] {processor.py:183} INFO - Processing /opt/airflow/dags/sodai_pipeline.py took 0.077 seconds
[2025-11-14T16:50:43.657+0000] {processor.py:161} INFO - Started process (PID=2835) to work on /opt/airflow/dags/sodai_pipeline.py
[2025-11-14T16:50:43.660+0000] {processor.py:830} INFO - Processing file /opt/airflow/dags/sodai_pipeline.py for tasks to queue
[2025-11-14T16:50:43.662+0000] {logging_mixin.py:188} INFO - [2025-11-14T16:50:43.661+0000] {dagbag.py:545} INFO - Filling up the DagBag from /opt/airflow/dags/sodai_pipeline.py
[2025-11-14T16:50:43.672+0000] {processor.py:840} INFO - DAG(s) 'sodai_pipeline_dag' retrieved from /opt/airflow/dags/sodai_pipeline.py
[2025-11-14T16:50:43.688+0000] {logging_mixin.py:188} INFO - [2025-11-14T16:50:43.688+0000] {dag.py:3096} INFO - Sync 1 DAGs
[2025-11-14T16:50:43.698+0000] {logging_mixin.py:188} INFO - [2025-11-14T16:50:43.698+0000] {dag.py:3954} INFO - Setting next_dagrun for sodai_pipeline_dag to 2025-11-09 00:00:00+00:00, run_after=2025-11-16 00:00:00+00:00
[2025-11-14T16:50:43.705+0000] {processor.py:183} INFO - Processing /opt/airflow/dags/sodai_pipeline.py took 0.064 seconds
[2025-11-14T16:51:14.084+0000] {processor.py:161} INFO - Started process (PID=2840) to work on /opt/airflow/dags/sodai_pipeline.py
[2025-11-14T16:51:14.088+0000] {processor.py:830} INFO - Processing file /opt/airflow/dags/sodai_pipeline.py for tasks to queue
[2025-11-14T16:51:14.090+0000] {logging_mixin.py:188} INFO - [2025-11-14T16:51:14.090+0000] {dagbag.py:545} INFO - Filling up the DagBag from /opt/airflow/dags/sodai_pipeline.py
[2025-11-14T16:51:14.105+0000] {processor.py:840} INFO - DAG(s) 'sodai_pipeline_dag' retrieved from /opt/airflow/dags/sodai_pipeline.py
[2025-11-14T16:51:14.131+0000] {logging_mixin.py:188} INFO - [2025-11-14T16:51:14.131+0000] {dag.py:3096} INFO - Sync 1 DAGs
[2025-11-14T16:51:14.147+0000] {logging_mixin.py:188} INFO - [2025-11-14T16:51:14.147+0000] {dag.py:3954} INFO - Setting next_dagrun for sodai_pipeline_dag to 2025-11-09 00:00:00+00:00, run_after=2025-11-16 00:00:00+00:00
[2025-11-14T16:51:14.158+0000] {processor.py:183} INFO - Processing /opt/airflow/dags/sodai_pipeline.py took 0.083 seconds
[2025-11-14T16:51:44.443+0000] {processor.py:161} INFO - Started process (PID=2845) to work on /opt/airflow/dags/sodai_pipeline.py
[2025-11-14T16:51:44.447+0000] {processor.py:830} INFO - Processing file /opt/airflow/dags/sodai_pipeline.py for tasks to queue
[2025-11-14T16:51:44.449+0000] {logging_mixin.py:188} INFO - [2025-11-14T16:51:44.449+0000] {dagbag.py:545} INFO - Filling up the DagBag from /opt/airflow/dags/sodai_pipeline.py
[2025-11-14T16:51:44.460+0000] {processor.py:840} INFO - DAG(s) 'sodai_pipeline_dag' retrieved from /opt/airflow/dags/sodai_pipeline.py
[2025-11-14T16:51:44.473+0000] {logging_mixin.py:188} INFO - [2025-11-14T16:51:44.473+0000] {dag.py:3096} INFO - Sync 1 DAGs
[2025-11-14T16:51:44.483+0000] {logging_mixin.py:188} INFO - [2025-11-14T16:51:44.483+0000] {dag.py:3954} INFO - Setting next_dagrun for sodai_pipeline_dag to 2025-11-09 00:00:00+00:00, run_after=2025-11-16 00:00:00+00:00
[2025-11-14T16:51:44.490+0000] {processor.py:183} INFO - Processing /opt/airflow/dags/sodai_pipeline.py took 0.054 seconds
[2025-11-14T16:52:14.866+0000] {processor.py:161} INFO - Started process (PID=2850) to work on /opt/airflow/dags/sodai_pipeline.py
[2025-11-14T16:52:14.871+0000] {processor.py:830} INFO - Processing file /opt/airflow/dags/sodai_pipeline.py for tasks to queue
[2025-11-14T16:52:14.876+0000] {logging_mixin.py:188} INFO - [2025-11-14T16:52:14.875+0000] {dagbag.py:545} INFO - Filling up the DagBag from /opt/airflow/dags/sodai_pipeline.py
[2025-11-14T16:52:14.910+0000] {processor.py:840} INFO - DAG(s) 'sodai_pipeline_dag' retrieved from /opt/airflow/dags/sodai_pipeline.py
[2025-11-14T16:52:14.944+0000] {logging_mixin.py:188} INFO - [2025-11-14T16:52:14.944+0000] {dag.py:3096} INFO - Sync 1 DAGs
[2025-11-14T16:52:14.964+0000] {logging_mixin.py:188} INFO - [2025-11-14T16:52:14.964+0000] {dag.py:3954} INFO - Setting next_dagrun for sodai_pipeline_dag to 2025-11-09 00:00:00+00:00, run_after=2025-11-16 00:00:00+00:00
[2025-11-14T16:52:14.977+0000] {processor.py:183} INFO - Processing /opt/airflow/dags/sodai_pipeline.py took 0.133 seconds
[2025-11-14T16:52:45.275+0000] {processor.py:161} INFO - Started process (PID=2855) to work on /opt/airflow/dags/sodai_pipeline.py
[2025-11-14T16:52:45.280+0000] {processor.py:830} INFO - Processing file /opt/airflow/dags/sodai_pipeline.py for tasks to queue
[2025-11-14T16:52:45.287+0000] {logging_mixin.py:188} INFO - [2025-11-14T16:52:45.286+0000] {dagbag.py:545} INFO - Filling up the DagBag from /opt/airflow/dags/sodai_pipeline.py
[2025-11-14T16:52:45.321+0000] {processor.py:840} INFO - DAG(s) 'sodai_pipeline_dag' retrieved from /opt/airflow/dags/sodai_pipeline.py
[2025-11-14T16:52:45.356+0000] {logging_mixin.py:188} INFO - [2025-11-14T16:52:45.355+0000] {dag.py:3096} INFO - Sync 1 DAGs
[2025-11-14T16:52:45.374+0000] {logging_mixin.py:188} INFO - [2025-11-14T16:52:45.374+0000] {dag.py:3954} INFO - Setting next_dagrun for sodai_pipeline_dag to 2025-11-09 00:00:00+00:00, run_after=2025-11-16 00:00:00+00:00
[2025-11-14T16:52:45.385+0000] {processor.py:183} INFO - Processing /opt/airflow/dags/sodai_pipeline.py took 0.123 seconds
[2025-11-14T16:53:15.762+0000] {processor.py:161} INFO - Started process (PID=2860) to work on /opt/airflow/dags/sodai_pipeline.py
[2025-11-14T16:53:15.766+0000] {processor.py:830} INFO - Processing file /opt/airflow/dags/sodai_pipeline.py for tasks to queue
[2025-11-14T16:53:15.771+0000] {logging_mixin.py:188} INFO - [2025-11-14T16:53:15.770+0000] {dagbag.py:545} INFO - Filling up the DagBag from /opt/airflow/dags/sodai_pipeline.py
[2025-11-14T16:53:15.790+0000] {processor.py:840} INFO - DAG(s) 'sodai_pipeline_dag' retrieved from /opt/airflow/dags/sodai_pipeline.py
[2025-11-14T16:53:15.812+0000] {logging_mixin.py:188} INFO - [2025-11-14T16:53:15.812+0000] {dag.py:3096} INFO - Sync 1 DAGs
[2025-11-14T16:53:15.829+0000] {logging_mixin.py:188} INFO - [2025-11-14T16:53:15.829+0000] {dag.py:3954} INFO - Setting next_dagrun for sodai_pipeline_dag to 2025-11-09 00:00:00+00:00, run_after=2025-11-16 00:00:00+00:00
[2025-11-14T16:53:15.839+0000] {processor.py:183} INFO - Processing /opt/airflow/dags/sodai_pipeline.py took 0.085 seconds
[2025-11-14T16:53:46.148+0000] {processor.py:161} INFO - Started process (PID=2865) to work on /opt/airflow/dags/sodai_pipeline.py
[2025-11-14T16:53:46.151+0000] {processor.py:830} INFO - Processing file /opt/airflow/dags/sodai_pipeline.py for tasks to queue
[2025-11-14T16:53:46.156+0000] {logging_mixin.py:188} INFO - [2025-11-14T16:53:46.155+0000] {dagbag.py:545} INFO - Filling up the DagBag from /opt/airflow/dags/sodai_pipeline.py
[2025-11-14T16:53:46.176+0000] {processor.py:840} INFO - DAG(s) 'sodai_pipeline_dag' retrieved from /opt/airflow/dags/sodai_pipeline.py
[2025-11-14T16:53:46.201+0000] {logging_mixin.py:188} INFO - [2025-11-14T16:53:46.201+0000] {dag.py:3096} INFO - Sync 1 DAGs
[2025-11-14T16:53:46.216+0000] {logging_mixin.py:188} INFO - [2025-11-14T16:53:46.216+0000] {dag.py:3954} INFO - Setting next_dagrun for sodai_pipeline_dag to 2025-11-09 00:00:00+00:00, run_after=2025-11-16 00:00:00+00:00
[2025-11-14T16:53:46.225+0000] {processor.py:183} INFO - Processing /opt/airflow/dags/sodai_pipeline.py took 0.093 seconds
[2025-11-14T16:54:16.567+0000] {processor.py:161} INFO - Started process (PID=2870) to work on /opt/airflow/dags/sodai_pipeline.py
[2025-11-14T16:54:16.570+0000] {processor.py:830} INFO - Processing file /opt/airflow/dags/sodai_pipeline.py for tasks to queue
[2025-11-14T16:54:16.572+0000] {logging_mixin.py:188} INFO - [2025-11-14T16:54:16.571+0000] {dagbag.py:545} INFO - Filling up the DagBag from /opt/airflow/dags/sodai_pipeline.py
[2025-11-14T16:54:16.583+0000] {processor.py:840} INFO - DAG(s) 'sodai_pipeline_dag' retrieved from /opt/airflow/dags/sodai_pipeline.py
[2025-11-14T16:54:16.608+0000] {logging_mixin.py:188} INFO - [2025-11-14T16:54:16.607+0000] {dag.py:3096} INFO - Sync 1 DAGs
[2025-11-14T16:54:16.622+0000] {logging_mixin.py:188} INFO - [2025-11-14T16:54:16.622+0000] {dag.py:3954} INFO - Setting next_dagrun for sodai_pipeline_dag to 2025-11-09 00:00:00+00:00, run_after=2025-11-16 00:00:00+00:00
[2025-11-14T16:54:16.630+0000] {processor.py:183} INFO - Processing /opt/airflow/dags/sodai_pipeline.py took 0.069 seconds
[2025-11-14T17:09:47.446+0000] {processor.py:161} INFO - Started process (PID=2875) to work on /opt/airflow/dags/sodai_pipeline.py
[2025-11-14T17:09:47.450+0000] {processor.py:830} INFO - Processing file /opt/airflow/dags/sodai_pipeline.py for tasks to queue
[2025-11-14T17:09:47.452+0000] {logging_mixin.py:188} INFO - [2025-11-14T17:09:47.452+0000] {dagbag.py:545} INFO - Filling up the DagBag from /opt/airflow/dags/sodai_pipeline.py
[2025-11-14T17:09:47.472+0000] {processor.py:840} INFO - DAG(s) 'sodai_pipeline_dag' retrieved from /opt/airflow/dags/sodai_pipeline.py
[2025-11-14T17:09:47.500+0000] {logging_mixin.py:188} INFO - [2025-11-14T17:09:47.500+0000] {dag.py:3096} INFO - Sync 1 DAGs
[2025-11-14T17:09:47.519+0000] {logging_mixin.py:188} INFO - [2025-11-14T17:09:47.518+0000] {dag.py:3954} INFO - Setting next_dagrun for sodai_pipeline_dag to 2025-11-09 00:00:00+00:00, run_after=2025-11-16 00:00:00+00:00
[2025-11-14T17:09:47.528+0000] {processor.py:183} INFO - Processing /opt/airflow/dags/sodai_pipeline.py took 0.094 seconds
[2025-11-14T17:10:17.880+0000] {processor.py:161} INFO - Started process (PID=2880) to work on /opt/airflow/dags/sodai_pipeline.py
[2025-11-14T17:10:17.883+0000] {processor.py:830} INFO - Processing file /opt/airflow/dags/sodai_pipeline.py for tasks to queue
[2025-11-14T17:10:17.888+0000] {logging_mixin.py:188} INFO - [2025-11-14T17:10:17.887+0000] {dagbag.py:545} INFO - Filling up the DagBag from /opt/airflow/dags/sodai_pipeline.py
[2025-11-14T17:10:17.911+0000] {processor.py:840} INFO - DAG(s) 'sodai_pipeline_dag' retrieved from /opt/airflow/dags/sodai_pipeline.py
[2025-11-14T17:10:17.936+0000] {logging_mixin.py:188} INFO - [2025-11-14T17:10:17.936+0000] {dag.py:3096} INFO - Sync 1 DAGs
[2025-11-14T17:10:17.952+0000] {logging_mixin.py:188} INFO - [2025-11-14T17:10:17.952+0000] {dag.py:3954} INFO - Setting next_dagrun for sodai_pipeline_dag to 2025-11-09 00:00:00+00:00, run_after=2025-11-16 00:00:00+00:00
[2025-11-14T17:10:17.962+0000] {processor.py:183} INFO - Processing /opt/airflow/dags/sodai_pipeline.py took 0.092 seconds
[2025-11-14T17:10:48.243+0000] {processor.py:161} INFO - Started process (PID=2885) to work on /opt/airflow/dags/sodai_pipeline.py
[2025-11-14T17:10:48.246+0000] {processor.py:830} INFO - Processing file /opt/airflow/dags/sodai_pipeline.py for tasks to queue
[2025-11-14T17:10:48.251+0000] {logging_mixin.py:188} INFO - [2025-11-14T17:10:48.250+0000] {dagbag.py:545} INFO - Filling up the DagBag from /opt/airflow/dags/sodai_pipeline.py
[2025-11-14T17:10:48.271+0000] {processor.py:840} INFO - DAG(s) 'sodai_pipeline_dag' retrieved from /opt/airflow/dags/sodai_pipeline.py
[2025-11-14T17:10:48.300+0000] {logging_mixin.py:188} INFO - [2025-11-14T17:10:48.300+0000] {dag.py:3096} INFO - Sync 1 DAGs
[2025-11-14T17:10:48.318+0000] {logging_mixin.py:188} INFO - [2025-11-14T17:10:48.318+0000] {dag.py:3954} INFO - Setting next_dagrun for sodai_pipeline_dag to 2025-11-09 00:00:00+00:00, run_after=2025-11-16 00:00:00+00:00
[2025-11-14T17:10:48.328+0000] {processor.py:183} INFO - Processing /opt/airflow/dags/sodai_pipeline.py took 0.103 seconds
[2025-11-14T17:11:18.644+0000] {processor.py:161} INFO - Started process (PID=2890) to work on /opt/airflow/dags/sodai_pipeline.py
[2025-11-14T17:11:18.647+0000] {processor.py:830} INFO - Processing file /opt/airflow/dags/sodai_pipeline.py for tasks to queue
[2025-11-14T17:11:18.653+0000] {logging_mixin.py:188} INFO - [2025-11-14T17:11:18.651+0000] {dagbag.py:545} INFO - Filling up the DagBag from /opt/airflow/dags/sodai_pipeline.py
[2025-11-14T17:11:18.679+0000] {processor.py:840} INFO - DAG(s) 'sodai_pipeline_dag' retrieved from /opt/airflow/dags/sodai_pipeline.py
[2025-11-14T17:11:18.714+0000] {logging_mixin.py:188} INFO - [2025-11-14T17:11:18.714+0000] {dag.py:3096} INFO - Sync 1 DAGs
[2025-11-14T17:11:18.735+0000] {logging_mixin.py:188} INFO - [2025-11-14T17:11:18.735+0000] {dag.py:3954} INFO - Setting next_dagrun for sodai_pipeline_dag to 2025-11-09 00:00:00+00:00, run_after=2025-11-16 00:00:00+00:00
[2025-11-14T17:11:18.752+0000] {processor.py:183} INFO - Processing /opt/airflow/dags/sodai_pipeline.py took 0.128 seconds
[2025-11-14T17:14:30.153+0000] {processor.py:161} INFO - Started process (PID=2895) to work on /opt/airflow/dags/sodai_pipeline.py
[2025-11-14T17:14:30.155+0000] {processor.py:830} INFO - Processing file /opt/airflow/dags/sodai_pipeline.py for tasks to queue
[2025-11-14T17:14:30.158+0000] {logging_mixin.py:188} INFO - [2025-11-14T17:14:30.158+0000] {dagbag.py:545} INFO - Filling up the DagBag from /opt/airflow/dags/sodai_pipeline.py
[2025-11-14T17:14:30.177+0000] {processor.py:840} INFO - DAG(s) 'sodai_pipeline_dag' retrieved from /opt/airflow/dags/sodai_pipeline.py
[2025-11-14T17:14:30.205+0000] {logging_mixin.py:188} INFO - [2025-11-14T17:14:30.205+0000] {dag.py:3096} INFO - Sync 1 DAGs
[2025-11-14T17:14:30.222+0000] {logging_mixin.py:188} INFO - [2025-11-14T17:14:30.222+0000] {dag.py:3954} INFO - Setting next_dagrun for sodai_pipeline_dag to 2025-11-09 00:00:00+00:00, run_after=2025-11-16 00:00:00+00:00
[2025-11-14T17:14:30.232+0000] {processor.py:183} INFO - Processing /opt/airflow/dags/sodai_pipeline.py took 0.088 seconds
[2025-11-14T17:15:00.585+0000] {processor.py:161} INFO - Started process (PID=2900) to work on /opt/airflow/dags/sodai_pipeline.py
[2025-11-14T17:15:00.593+0000] {processor.py:830} INFO - Processing file /opt/airflow/dags/sodai_pipeline.py for tasks to queue
[2025-11-14T17:15:00.596+0000] {logging_mixin.py:188} INFO - [2025-11-14T17:15:00.596+0000] {dagbag.py:545} INFO - Filling up the DagBag from /opt/airflow/dags/sodai_pipeline.py
[2025-11-14T17:15:00.614+0000] {processor.py:840} INFO - DAG(s) 'sodai_pipeline_dag' retrieved from /opt/airflow/dags/sodai_pipeline.py
[2025-11-14T17:15:00.646+0000] {logging_mixin.py:188} INFO - [2025-11-14T17:15:00.646+0000] {dag.py:3096} INFO - Sync 1 DAGs
[2025-11-14T17:15:00.662+0000] {logging_mixin.py:188} INFO - [2025-11-14T17:15:00.662+0000] {dag.py:3954} INFO - Setting next_dagrun for sodai_pipeline_dag to 2025-11-09 00:00:00+00:00, run_after=2025-11-16 00:00:00+00:00
[2025-11-14T17:15:00.679+0000] {processor.py:183} INFO - Processing /opt/airflow/dags/sodai_pipeline.py took 0.111 seconds
[2025-11-14T17:15:30.986+0000] {processor.py:161} INFO - Started process (PID=2905) to work on /opt/airflow/dags/sodai_pipeline.py
[2025-11-14T17:15:31.002+0000] {processor.py:830} INFO - Processing file /opt/airflow/dags/sodai_pipeline.py for tasks to queue
[2025-11-14T17:15:31.004+0000] {logging_mixin.py:188} INFO - [2025-11-14T17:15:31.004+0000] {dagbag.py:545} INFO - Filling up the DagBag from /opt/airflow/dags/sodai_pipeline.py
[2025-11-14T17:15:31.024+0000] {processor.py:840} INFO - DAG(s) 'sodai_pipeline_dag' retrieved from /opt/airflow/dags/sodai_pipeline.py
[2025-11-14T17:15:31.053+0000] {logging_mixin.py:188} INFO - [2025-11-14T17:15:31.053+0000] {dag.py:3096} INFO - Sync 1 DAGs
[2025-11-14T17:15:31.071+0000] {logging_mixin.py:188} INFO - [2025-11-14T17:15:31.070+0000] {dag.py:3954} INFO - Setting next_dagrun for sodai_pipeline_dag to 2025-11-09 00:00:00+00:00, run_after=2025-11-16 00:00:00+00:00
[2025-11-14T17:15:31.081+0000] {processor.py:183} INFO - Processing /opt/airflow/dags/sodai_pipeline.py took 0.107 seconds
[2025-11-14T17:16:21.970+0000] {processor.py:161} INFO - Started process (PID=2910) to work on /opt/airflow/dags/sodai_pipeline.py
[2025-11-14T17:16:21.973+0000] {processor.py:830} INFO - Processing file /opt/airflow/dags/sodai_pipeline.py for tasks to queue
[2025-11-14T17:16:21.978+0000] {logging_mixin.py:188} INFO - [2025-11-14T17:16:21.977+0000] {dagbag.py:545} INFO - Filling up the DagBag from /opt/airflow/dags/sodai_pipeline.py
[2025-11-14T17:16:22.008+0000] {processor.py:840} INFO - DAG(s) 'sodai_pipeline_dag' retrieved from /opt/airflow/dags/sodai_pipeline.py
[2025-11-14T17:16:22.053+0000] {logging_mixin.py:188} INFO - [2025-11-14T17:16:22.053+0000] {dag.py:3096} INFO - Sync 1 DAGs
[2025-11-14T17:16:22.073+0000] {logging_mixin.py:188} INFO - [2025-11-14T17:16:22.073+0000] {dag.py:3954} INFO - Setting next_dagrun for sodai_pipeline_dag to 2025-11-09 00:00:00+00:00, run_after=2025-11-16 00:00:00+00:00
[2025-11-14T17:16:22.085+0000] {processor.py:183} INFO - Processing /opt/airflow/dags/sodai_pipeline.py took 0.131 seconds
[2025-11-14T17:16:52.484+0000] {processor.py:161} INFO - Started process (PID=2915) to work on /opt/airflow/dags/sodai_pipeline.py
[2025-11-14T17:16:52.487+0000] {processor.py:830} INFO - Processing file /opt/airflow/dags/sodai_pipeline.py for tasks to queue
[2025-11-14T17:16:52.490+0000] {logging_mixin.py:188} INFO - [2025-11-14T17:16:52.489+0000] {dagbag.py:545} INFO - Filling up the DagBag from /opt/airflow/dags/sodai_pipeline.py
[2025-11-14T17:16:52.508+0000] {processor.py:840} INFO - DAG(s) 'sodai_pipeline_dag' retrieved from /opt/airflow/dags/sodai_pipeline.py
[2025-11-14T17:16:52.540+0000] {logging_mixin.py:188} INFO - [2025-11-14T17:16:52.540+0000] {dag.py:3096} INFO - Sync 1 DAGs
[2025-11-14T17:16:52.559+0000] {logging_mixin.py:188} INFO - [2025-11-14T17:16:52.559+0000] {dag.py:3954} INFO - Setting next_dagrun for sodai_pipeline_dag to 2025-11-09 00:00:00+00:00, run_after=2025-11-16 00:00:00+00:00
[2025-11-14T17:16:52.572+0000] {processor.py:183} INFO - Processing /opt/airflow/dags/sodai_pipeline.py took 0.098 seconds
[2025-11-14T17:17:22.856+0000] {processor.py:161} INFO - Started process (PID=2920) to work on /opt/airflow/dags/sodai_pipeline.py
[2025-11-14T17:17:22.859+0000] {processor.py:830} INFO - Processing file /opt/airflow/dags/sodai_pipeline.py for tasks to queue
[2025-11-14T17:17:22.866+0000] {logging_mixin.py:188} INFO - [2025-11-14T17:17:22.866+0000] {dagbag.py:545} INFO - Filling up the DagBag from /opt/airflow/dags/sodai_pipeline.py
[2025-11-14T17:17:22.888+0000] {processor.py:840} INFO - DAG(s) 'sodai_pipeline_dag' retrieved from /opt/airflow/dags/sodai_pipeline.py
[2025-11-14T17:17:22.922+0000] {logging_mixin.py:188} INFO - [2025-11-14T17:17:22.922+0000] {dag.py:3096} INFO - Sync 1 DAGs
[2025-11-14T17:17:22.937+0000] {logging_mixin.py:188} INFO - [2025-11-14T17:17:22.937+0000] {dag.py:3954} INFO - Setting next_dagrun for sodai_pipeline_dag to 2025-11-09 00:00:00+00:00, run_after=2025-11-16 00:00:00+00:00
[2025-11-14T17:17:22.947+0000] {processor.py:183} INFO - Processing /opt/airflow/dags/sodai_pipeline.py took 0.100 seconds
[2025-11-14T17:17:53.207+0000] {processor.py:161} INFO - Started process (PID=2925) to work on /opt/airflow/dags/sodai_pipeline.py
[2025-11-14T17:17:53.209+0000] {processor.py:830} INFO - Processing file /opt/airflow/dags/sodai_pipeline.py for tasks to queue
[2025-11-14T17:17:53.218+0000] {logging_mixin.py:188} INFO - [2025-11-14T17:17:53.217+0000] {dagbag.py:545} INFO - Filling up the DagBag from /opt/airflow/dags/sodai_pipeline.py
[2025-11-14T17:17:53.235+0000] {processor.py:840} INFO - DAG(s) 'sodai_pipeline_dag' retrieved from /opt/airflow/dags/sodai_pipeline.py
[2025-11-14T17:17:53.262+0000] {logging_mixin.py:188} INFO - [2025-11-14T17:17:53.261+0000] {dag.py:3096} INFO - Sync 1 DAGs
[2025-11-14T17:17:53.280+0000] {logging_mixin.py:188} INFO - [2025-11-14T17:17:53.280+0000] {dag.py:3954} INFO - Setting next_dagrun for sodai_pipeline_dag to 2025-11-09 00:00:00+00:00, run_after=2025-11-16 00:00:00+00:00
[2025-11-14T17:17:53.291+0000] {processor.py:183} INFO - Processing /opt/airflow/dags/sodai_pipeline.py took 0.093 seconds
[2025-11-14T17:18:23.504+0000] {processor.py:161} INFO - Started process (PID=2930) to work on /opt/airflow/dags/sodai_pipeline.py
[2025-11-14T17:18:23.506+0000] {processor.py:830} INFO - Processing file /opt/airflow/dags/sodai_pipeline.py for tasks to queue
[2025-11-14T17:18:23.508+0000] {logging_mixin.py:188} INFO - [2025-11-14T17:18:23.507+0000] {dagbag.py:545} INFO - Filling up the DagBag from /opt/airflow/dags/sodai_pipeline.py
[2025-11-14T17:18:23.516+0000] {processor.py:840} INFO - DAG(s) 'sodai_pipeline_dag' retrieved from /opt/airflow/dags/sodai_pipeline.py
[2025-11-14T17:18:23.530+0000] {logging_mixin.py:188} INFO - [2025-11-14T17:18:23.530+0000] {dag.py:3096} INFO - Sync 1 DAGs
[2025-11-14T17:18:23.541+0000] {logging_mixin.py:188} INFO - [2025-11-14T17:18:23.541+0000] {dag.py:3954} INFO - Setting next_dagrun for sodai_pipeline_dag to 2025-11-09 00:00:00+00:00, run_after=2025-11-16 00:00:00+00:00
[2025-11-14T17:18:23.549+0000] {processor.py:183} INFO - Processing /opt/airflow/dags/sodai_pipeline.py took 0.050 seconds
[2025-11-14T17:18:53.809+0000] {processor.py:161} INFO - Started process (PID=2935) to work on /opt/airflow/dags/sodai_pipeline.py
[2025-11-14T17:18:53.811+0000] {processor.py:830} INFO - Processing file /opt/airflow/dags/sodai_pipeline.py for tasks to queue
[2025-11-14T17:18:53.814+0000] {logging_mixin.py:188} INFO - [2025-11-14T17:18:53.814+0000] {dagbag.py:545} INFO - Filling up the DagBag from /opt/airflow/dags/sodai_pipeline.py
[2025-11-14T17:18:53.831+0000] {processor.py:840} INFO - DAG(s) 'sodai_pipeline_dag' retrieved from /opt/airflow/dags/sodai_pipeline.py
[2025-11-14T17:18:53.859+0000] {logging_mixin.py:188} INFO - [2025-11-14T17:18:53.859+0000] {dag.py:3096} INFO - Sync 1 DAGs
[2025-11-14T17:18:53.876+0000] {logging_mixin.py:188} INFO - [2025-11-14T17:18:53.876+0000] {dag.py:3954} INFO - Setting next_dagrun for sodai_pipeline_dag to 2025-11-09 00:00:00+00:00, run_after=2025-11-16 00:00:00+00:00
[2025-11-14T17:18:53.886+0000] {processor.py:183} INFO - Processing /opt/airflow/dags/sodai_pipeline.py took 0.086 seconds
[2025-11-14T17:19:24.072+0000] {processor.py:161} INFO - Started process (PID=2940) to work on /opt/airflow/dags/sodai_pipeline.py
[2025-11-14T17:19:24.074+0000] {processor.py:830} INFO - Processing file /opt/airflow/dags/sodai_pipeline.py for tasks to queue
[2025-11-14T17:19:24.076+0000] {logging_mixin.py:188} INFO - [2025-11-14T17:19:24.075+0000] {dagbag.py:545} INFO - Filling up the DagBag from /opt/airflow/dags/sodai_pipeline.py
[2025-11-14T17:19:24.085+0000] {processor.py:840} INFO - DAG(s) 'sodai_pipeline_dag' retrieved from /opt/airflow/dags/sodai_pipeline.py
[2025-11-14T17:19:24.103+0000] {logging_mixin.py:188} INFO - [2025-11-14T17:19:24.103+0000] {dag.py:3096} INFO - Sync 1 DAGs
[2025-11-14T17:19:24.115+0000] {logging_mixin.py:188} INFO - [2025-11-14T17:19:24.115+0000] {dag.py:3954} INFO - Setting next_dagrun for sodai_pipeline_dag to 2025-11-09 00:00:00+00:00, run_after=2025-11-16 00:00:00+00:00
[2025-11-14T17:19:24.124+0000] {processor.py:183} INFO - Processing /opt/airflow/dags/sodai_pipeline.py took 0.058 seconds
[2025-11-14T17:19:54.372+0000] {processor.py:161} INFO - Started process (PID=2945) to work on /opt/airflow/dags/sodai_pipeline.py
[2025-11-14T17:19:54.374+0000] {processor.py:830} INFO - Processing file /opt/airflow/dags/sodai_pipeline.py for tasks to queue
[2025-11-14T17:19:54.380+0000] {logging_mixin.py:188} INFO - [2025-11-14T17:19:54.380+0000] {dagbag.py:545} INFO - Filling up the DagBag from /opt/airflow/dags/sodai_pipeline.py
[2025-11-14T17:19:54.401+0000] {processor.py:840} INFO - DAG(s) 'sodai_pipeline_dag' retrieved from /opt/airflow/dags/sodai_pipeline.py
[2025-11-14T17:19:54.434+0000] {logging_mixin.py:188} INFO - [2025-11-14T17:19:54.433+0000] {dag.py:3096} INFO - Sync 1 DAGs
[2025-11-14T17:19:54.459+0000] {logging_mixin.py:188} INFO - [2025-11-14T17:19:54.459+0000] {dag.py:3954} INFO - Setting next_dagrun for sodai_pipeline_dag to 2025-11-09 00:00:00+00:00, run_after=2025-11-16 00:00:00+00:00
[2025-11-14T17:19:54.468+0000] {processor.py:183} INFO - Processing /opt/airflow/dags/sodai_pipeline.py took 0.106 seconds
[2025-11-14T17:20:24.702+0000] {processor.py:161} INFO - Started process (PID=2950) to work on /opt/airflow/dags/sodai_pipeline.py
[2025-11-14T17:20:24.705+0000] {processor.py:830} INFO - Processing file /opt/airflow/dags/sodai_pipeline.py for tasks to queue
[2025-11-14T17:20:24.709+0000] {logging_mixin.py:188} INFO - [2025-11-14T17:20:24.708+0000] {dagbag.py:545} INFO - Filling up the DagBag from /opt/airflow/dags/sodai_pipeline.py
[2025-11-14T17:20:24.729+0000] {processor.py:840} INFO - DAG(s) 'sodai_pipeline_dag' retrieved from /opt/airflow/dags/sodai_pipeline.py
[2025-11-14T17:20:24.758+0000] {logging_mixin.py:188} INFO - [2025-11-14T17:20:24.758+0000] {dag.py:3096} INFO - Sync 1 DAGs
[2025-11-14T17:20:24.775+0000] {logging_mixin.py:188} INFO - [2025-11-14T17:20:24.775+0000] {dag.py:3954} INFO - Setting next_dagrun for sodai_pipeline_dag to 2025-11-09 00:00:00+00:00, run_after=2025-11-16 00:00:00+00:00
[2025-11-14T17:20:24.786+0000] {processor.py:183} INFO - Processing /opt/airflow/dags/sodai_pipeline.py took 0.101 seconds
[2025-11-14T17:20:55.145+0000] {processor.py:161} INFO - Started process (PID=2955) to work on /opt/airflow/dags/sodai_pipeline.py
[2025-11-14T17:20:55.149+0000] {processor.py:830} INFO - Processing file /opt/airflow/dags/sodai_pipeline.py for tasks to queue
[2025-11-14T17:20:55.160+0000] {logging_mixin.py:188} INFO - [2025-11-14T17:20:55.158+0000] {dagbag.py:545} INFO - Filling up the DagBag from /opt/airflow/dags/sodai_pipeline.py
[2025-11-14T17:20:55.185+0000] {processor.py:840} INFO - DAG(s) 'sodai_pipeline_dag' retrieved from /opt/airflow/dags/sodai_pipeline.py
[2025-11-14T17:20:55.220+0000] {logging_mixin.py:188} INFO - [2025-11-14T17:20:55.220+0000] {dag.py:3096} INFO - Sync 1 DAGs
[2025-11-14T17:20:55.240+0000] {logging_mixin.py:188} INFO - [2025-11-14T17:20:55.240+0000] {dag.py:3954} INFO - Setting next_dagrun for sodai_pipeline_dag to 2025-11-09 00:00:00+00:00, run_after=2025-11-16 00:00:00+00:00
[2025-11-14T17:20:55.250+0000] {processor.py:183} INFO - Processing /opt/airflow/dags/sodai_pipeline.py took 0.113 seconds
[2025-11-14T17:21:25.501+0000] {processor.py:161} INFO - Started process (PID=2960) to work on /opt/airflow/dags/sodai_pipeline.py
[2025-11-14T17:21:25.504+0000] {processor.py:830} INFO - Processing file /opt/airflow/dags/sodai_pipeline.py for tasks to queue
[2025-11-14T17:21:25.509+0000] {logging_mixin.py:188} INFO - [2025-11-14T17:21:25.507+0000] {dagbag.py:545} INFO - Filling up the DagBag from /opt/airflow/dags/sodai_pipeline.py
[2025-11-14T17:21:25.535+0000] {processor.py:840} INFO - DAG(s) 'sodai_pipeline_dag' retrieved from /opt/airflow/dags/sodai_pipeline.py
[2025-11-14T17:21:25.566+0000] {logging_mixin.py:188} INFO - [2025-11-14T17:21:25.566+0000] {dag.py:3096} INFO - Sync 1 DAGs
[2025-11-14T17:21:25.581+0000] {logging_mixin.py:188} INFO - [2025-11-14T17:21:25.581+0000] {dag.py:3954} INFO - Setting next_dagrun for sodai_pipeline_dag to 2025-11-09 00:00:00+00:00, run_after=2025-11-16 00:00:00+00:00
[2025-11-14T17:21:25.591+0000] {processor.py:183} INFO - Processing /opt/airflow/dags/sodai_pipeline.py took 0.113 seconds
[2025-11-14T17:21:55.879+0000] {processor.py:161} INFO - Started process (PID=2965) to work on /opt/airflow/dags/sodai_pipeline.py
[2025-11-14T17:21:55.883+0000] {processor.py:830} INFO - Processing file /opt/airflow/dags/sodai_pipeline.py for tasks to queue
[2025-11-14T17:21:55.886+0000] {logging_mixin.py:188} INFO - [2025-11-14T17:21:55.886+0000] {dagbag.py:545} INFO - Filling up the DagBag from /opt/airflow/dags/sodai_pipeline.py
[2025-11-14T17:21:55.904+0000] {processor.py:840} INFO - DAG(s) 'sodai_pipeline_dag' retrieved from /opt/airflow/dags/sodai_pipeline.py
[2025-11-14T17:21:55.925+0000] {logging_mixin.py:188} INFO - [2025-11-14T17:21:55.925+0000] {dag.py:3096} INFO - Sync 1 DAGs
[2025-11-14T17:21:55.938+0000] {logging_mixin.py:188} INFO - [2025-11-14T17:21:55.938+0000] {dag.py:3954} INFO - Setting next_dagrun for sodai_pipeline_dag to 2025-11-09 00:00:00+00:00, run_after=2025-11-16 00:00:00+00:00
[2025-11-14T17:21:55.946+0000] {processor.py:183} INFO - Processing /opt/airflow/dags/sodai_pipeline.py took 0.079 seconds
[2025-11-14T17:22:26.234+0000] {processor.py:161} INFO - Started process (PID=2970) to work on /opt/airflow/dags/sodai_pipeline.py
[2025-11-14T17:22:26.238+0000] {processor.py:830} INFO - Processing file /opt/airflow/dags/sodai_pipeline.py for tasks to queue
[2025-11-14T17:22:26.239+0000] {logging_mixin.py:188} INFO - [2025-11-14T17:22:26.239+0000] {dagbag.py:545} INFO - Filling up the DagBag from /opt/airflow/dags/sodai_pipeline.py
[2025-11-14T17:22:26.251+0000] {processor.py:840} INFO - DAG(s) 'sodai_pipeline_dag' retrieved from /opt/airflow/dags/sodai_pipeline.py
[2025-11-14T17:22:26.269+0000] {logging_mixin.py:188} INFO - [2025-11-14T17:22:26.269+0000] {dag.py:3096} INFO - Sync 1 DAGs
[2025-11-14T17:22:26.280+0000] {logging_mixin.py:188} INFO - [2025-11-14T17:22:26.280+0000] {dag.py:3954} INFO - Setting next_dagrun for sodai_pipeline_dag to 2025-11-09 00:00:00+00:00, run_after=2025-11-16 00:00:00+00:00
[2025-11-14T17:22:26.287+0000] {processor.py:183} INFO - Processing /opt/airflow/dags/sodai_pipeline.py took 0.060 seconds
[2025-11-14T17:22:56.623+0000] {processor.py:161} INFO - Started process (PID=2975) to work on /opt/airflow/dags/sodai_pipeline.py
[2025-11-14T17:22:56.626+0000] {processor.py:830} INFO - Processing file /opt/airflow/dags/sodai_pipeline.py for tasks to queue
[2025-11-14T17:22:56.630+0000] {logging_mixin.py:188} INFO - [2025-11-14T17:22:56.629+0000] {dagbag.py:545} INFO - Filling up the DagBag from /opt/airflow/dags/sodai_pipeline.py
[2025-11-14T17:22:56.652+0000] {processor.py:840} INFO - DAG(s) 'sodai_pipeline_dag' retrieved from /opt/airflow/dags/sodai_pipeline.py
[2025-11-14T17:22:56.680+0000] {logging_mixin.py:188} INFO - [2025-11-14T17:22:56.680+0000] {dag.py:3096} INFO - Sync 1 DAGs
[2025-11-14T17:22:56.695+0000] {logging_mixin.py:188} INFO - [2025-11-14T17:22:56.694+0000] {dag.py:3954} INFO - Setting next_dagrun for sodai_pipeline_dag to 2025-11-09 00:00:00+00:00, run_after=2025-11-16 00:00:00+00:00
[2025-11-14T17:22:56.705+0000] {processor.py:183} INFO - Processing /opt/airflow/dags/sodai_pipeline.py took 0.103 seconds
[2025-11-14T17:23:26.937+0000] {processor.py:161} INFO - Started process (PID=2980) to work on /opt/airflow/dags/sodai_pipeline.py
[2025-11-14T17:23:26.941+0000] {processor.py:830} INFO - Processing file /opt/airflow/dags/sodai_pipeline.py for tasks to queue
[2025-11-14T17:23:26.943+0000] {logging_mixin.py:188} INFO - [2025-11-14T17:23:26.943+0000] {dagbag.py:545} INFO - Filling up the DagBag from /opt/airflow/dags/sodai_pipeline.py
[2025-11-14T17:23:26.955+0000] {processor.py:840} INFO - DAG(s) 'sodai_pipeline_dag' retrieved from /opt/airflow/dags/sodai_pipeline.py
[2025-11-14T17:23:26.974+0000] {logging_mixin.py:188} INFO - [2025-11-14T17:23:26.974+0000] {dag.py:3096} INFO - Sync 1 DAGs
[2025-11-14T17:23:26.985+0000] {logging_mixin.py:188} INFO - [2025-11-14T17:23:26.985+0000] {dag.py:3954} INFO - Setting next_dagrun for sodai_pipeline_dag to 2025-11-09 00:00:00+00:00, run_after=2025-11-16 00:00:00+00:00
[2025-11-14T17:23:26.993+0000] {processor.py:183} INFO - Processing /opt/airflow/dags/sodai_pipeline.py took 0.064 seconds
[2025-11-14T17:23:57.367+0000] {processor.py:161} INFO - Started process (PID=2985) to work on /opt/airflow/dags/sodai_pipeline.py
[2025-11-14T17:23:57.370+0000] {processor.py:830} INFO - Processing file /opt/airflow/dags/sodai_pipeline.py for tasks to queue
[2025-11-14T17:23:57.375+0000] {logging_mixin.py:188} INFO - [2025-11-14T17:23:57.374+0000] {dagbag.py:545} INFO - Filling up the DagBag from /opt/airflow/dags/sodai_pipeline.py
[2025-11-14T17:23:57.397+0000] {processor.py:840} INFO - DAG(s) 'sodai_pipeline_dag' retrieved from /opt/airflow/dags/sodai_pipeline.py
[2025-11-14T17:23:57.424+0000] {logging_mixin.py:188} INFO - [2025-11-14T17:23:57.424+0000] {dag.py:3096} INFO - Sync 1 DAGs
[2025-11-14T17:23:57.444+0000] {logging_mixin.py:188} INFO - [2025-11-14T17:23:57.444+0000] {dag.py:3954} INFO - Setting next_dagrun for sodai_pipeline_dag to 2025-11-09 00:00:00+00:00, run_after=2025-11-16 00:00:00+00:00
[2025-11-14T17:23:57.454+0000] {processor.py:183} INFO - Processing /opt/airflow/dags/sodai_pipeline.py took 0.100 seconds
[2025-11-14T17:24:27.649+0000] {processor.py:161} INFO - Started process (PID=2990) to work on /opt/airflow/dags/sodai_pipeline.py
[2025-11-14T17:24:27.652+0000] {processor.py:830} INFO - Processing file /opt/airflow/dags/sodai_pipeline.py for tasks to queue
[2025-11-14T17:24:27.654+0000] {logging_mixin.py:188} INFO - [2025-11-14T17:24:27.654+0000] {dagbag.py:545} INFO - Filling up the DagBag from /opt/airflow/dags/sodai_pipeline.py
[2025-11-14T17:24:27.670+0000] {processor.py:840} INFO - DAG(s) 'sodai_pipeline_dag' retrieved from /opt/airflow/dags/sodai_pipeline.py
[2025-11-14T17:24:27.691+0000] {logging_mixin.py:188} INFO - [2025-11-14T17:24:27.691+0000] {dag.py:3096} INFO - Sync 1 DAGs
[2025-11-14T17:24:27.705+0000] {logging_mixin.py:188} INFO - [2025-11-14T17:24:27.705+0000] {dag.py:3954} INFO - Setting next_dagrun for sodai_pipeline_dag to 2025-11-09 00:00:00+00:00, run_after=2025-11-16 00:00:00+00:00
[2025-11-14T17:24:27.713+0000] {processor.py:183} INFO - Processing /opt/airflow/dags/sodai_pipeline.py took 0.071 seconds
[2025-11-14T17:24:58.084+0000] {processor.py:161} INFO - Started process (PID=2995) to work on /opt/airflow/dags/sodai_pipeline.py
[2025-11-14T17:24:58.090+0000] {processor.py:830} INFO - Processing file /opt/airflow/dags/sodai_pipeline.py for tasks to queue
[2025-11-14T17:24:58.097+0000] {logging_mixin.py:188} INFO - [2025-11-14T17:24:58.097+0000] {dagbag.py:545} INFO - Filling up the DagBag from /opt/airflow/dags/sodai_pipeline.py
[2025-11-14T17:24:58.124+0000] {processor.py:840} INFO - DAG(s) 'sodai_pipeline_dag' retrieved from /opt/airflow/dags/sodai_pipeline.py
[2025-11-14T17:24:58.166+0000] {logging_mixin.py:188} INFO - [2025-11-14T17:24:58.166+0000] {dag.py:3096} INFO - Sync 1 DAGs
[2025-11-14T17:24:58.183+0000] {logging_mixin.py:188} INFO - [2025-11-14T17:24:58.183+0000] {dag.py:3954} INFO - Setting next_dagrun for sodai_pipeline_dag to 2025-11-09 00:00:00+00:00, run_after=2025-11-16 00:00:00+00:00
[2025-11-14T17:24:58.195+0000] {processor.py:183} INFO - Processing /opt/airflow/dags/sodai_pipeline.py took 0.124 seconds
[2025-11-14T17:25:28.361+0000] {processor.py:161} INFO - Started process (PID=3000) to work on /opt/airflow/dags/sodai_pipeline.py
[2025-11-14T17:25:28.364+0000] {processor.py:830} INFO - Processing file /opt/airflow/dags/sodai_pipeline.py for tasks to queue
[2025-11-14T17:25:28.374+0000] {logging_mixin.py:188} INFO - [2025-11-14T17:25:28.373+0000] {dagbag.py:545} INFO - Filling up the DagBag from /opt/airflow/dags/sodai_pipeline.py
[2025-11-14T17:25:28.395+0000] {processor.py:840} INFO - DAG(s) 'sodai_pipeline_dag' retrieved from /opt/airflow/dags/sodai_pipeline.py
[2025-11-14T17:25:28.427+0000] {logging_mixin.py:188} INFO - [2025-11-14T17:25:28.427+0000] {dag.py:3096} INFO - Sync 1 DAGs
[2025-11-14T17:25:28.445+0000] {logging_mixin.py:188} INFO - [2025-11-14T17:25:28.445+0000] {dag.py:3954} INFO - Setting next_dagrun for sodai_pipeline_dag to 2025-11-09 00:00:00+00:00, run_after=2025-11-16 00:00:00+00:00
[2025-11-14T17:25:28.459+0000] {processor.py:183} INFO - Processing /opt/airflow/dags/sodai_pipeline.py took 0.117 seconds
[2025-11-14T17:25:58.856+0000] {processor.py:161} INFO - Started process (PID=3005) to work on /opt/airflow/dags/sodai_pipeline.py
[2025-11-14T17:25:58.860+0000] {processor.py:830} INFO - Processing file /opt/airflow/dags/sodai_pipeline.py for tasks to queue
[2025-11-14T17:25:58.865+0000] {logging_mixin.py:188} INFO - [2025-11-14T17:25:58.864+0000] {dagbag.py:545} INFO - Filling up the DagBag from /opt/airflow/dags/sodai_pipeline.py
[2025-11-14T17:25:58.885+0000] {processor.py:840} INFO - DAG(s) 'sodai_pipeline_dag' retrieved from /opt/airflow/dags/sodai_pipeline.py
[2025-11-14T17:25:58.915+0000] {logging_mixin.py:188} INFO - [2025-11-14T17:25:58.915+0000] {dag.py:3096} INFO - Sync 1 DAGs
[2025-11-14T17:25:58.935+0000] {logging_mixin.py:188} INFO - [2025-11-14T17:25:58.934+0000] {dag.py:3954} INFO - Setting next_dagrun for sodai_pipeline_dag to 2025-11-09 00:00:00+00:00, run_after=2025-11-16 00:00:00+00:00
[2025-11-14T17:25:58.946+0000] {processor.py:183} INFO - Processing /opt/airflow/dags/sodai_pipeline.py took 0.105 seconds
[2025-11-14T17:26:29.211+0000] {processor.py:161} INFO - Started process (PID=3010) to work on /opt/airflow/dags/sodai_pipeline.py
[2025-11-14T17:26:29.215+0000] {processor.py:830} INFO - Processing file /opt/airflow/dags/sodai_pipeline.py for tasks to queue
[2025-11-14T17:26:29.221+0000] {logging_mixin.py:188} INFO - [2025-11-14T17:26:29.221+0000] {dagbag.py:545} INFO - Filling up the DagBag from /opt/airflow/dags/sodai_pipeline.py
[2025-11-14T17:26:29.242+0000] {processor.py:840} INFO - DAG(s) 'sodai_pipeline_dag' retrieved from /opt/airflow/dags/sodai_pipeline.py
[2025-11-14T17:26:29.273+0000] {logging_mixin.py:188} INFO - [2025-11-14T17:26:29.273+0000] {dag.py:3096} INFO - Sync 1 DAGs
[2025-11-14T17:26:29.291+0000] {logging_mixin.py:188} INFO - [2025-11-14T17:26:29.291+0000] {dag.py:3954} INFO - Setting next_dagrun for sodai_pipeline_dag to 2025-11-09 00:00:00+00:00, run_after=2025-11-16 00:00:00+00:00
[2025-11-14T17:26:29.301+0000] {processor.py:183} INFO - Processing /opt/airflow/dags/sodai_pipeline.py took 0.106 seconds
[2025-11-14T17:26:59.558+0000] {processor.py:161} INFO - Started process (PID=3015) to work on /opt/airflow/dags/sodai_pipeline.py
[2025-11-14T17:26:59.564+0000] {processor.py:830} INFO - Processing file /opt/airflow/dags/sodai_pipeline.py for tasks to queue
[2025-11-14T17:26:59.569+0000] {logging_mixin.py:188} INFO - [2025-11-14T17:26:59.568+0000] {dagbag.py:545} INFO - Filling up the DagBag from /opt/airflow/dags/sodai_pipeline.py
[2025-11-14T17:26:59.592+0000] {processor.py:840} INFO - DAG(s) 'sodai_pipeline_dag' retrieved from /opt/airflow/dags/sodai_pipeline.py
[2025-11-14T17:26:59.623+0000] {logging_mixin.py:188} INFO - [2025-11-14T17:26:59.623+0000] {dag.py:3096} INFO - Sync 1 DAGs
[2025-11-14T17:26:59.639+0000] {logging_mixin.py:188} INFO - [2025-11-14T17:26:59.639+0000] {dag.py:3954} INFO - Setting next_dagrun for sodai_pipeline_dag to 2025-11-09 00:00:00+00:00, run_after=2025-11-16 00:00:00+00:00
[2025-11-14T17:26:59.648+0000] {processor.py:183} INFO - Processing /opt/airflow/dags/sodai_pipeline.py took 0.096 seconds
[2025-11-14T17:27:29.952+0000] {processor.py:161} INFO - Started process (PID=3020) to work on /opt/airflow/dags/sodai_pipeline.py
[2025-11-14T17:27:29.958+0000] {processor.py:830} INFO - Processing file /opt/airflow/dags/sodai_pipeline.py for tasks to queue
[2025-11-14T17:27:29.962+0000] {logging_mixin.py:188} INFO - [2025-11-14T17:27:29.962+0000] {dagbag.py:545} INFO - Filling up the DagBag from /opt/airflow/dags/sodai_pipeline.py
[2025-11-14T17:27:29.999+0000] {processor.py:840} INFO - DAG(s) 'sodai_pipeline_dag' retrieved from /opt/airflow/dags/sodai_pipeline.py
[2025-11-14T17:27:30.038+0000] {logging_mixin.py:188} INFO - [2025-11-14T17:27:30.038+0000] {dag.py:3096} INFO - Sync 1 DAGs
[2025-11-14T17:27:30.060+0000] {logging_mixin.py:188} INFO - [2025-11-14T17:27:30.059+0000] {dag.py:3954} INFO - Setting next_dagrun for sodai_pipeline_dag to 2025-11-09 00:00:00+00:00, run_after=2025-11-16 00:00:00+00:00
[2025-11-14T17:27:30.070+0000] {processor.py:183} INFO - Processing /opt/airflow/dags/sodai_pipeline.py took 0.136 seconds
[2025-11-14T17:28:00.327+0000] {processor.py:161} INFO - Started process (PID=3025) to work on /opt/airflow/dags/sodai_pipeline.py
[2025-11-14T17:28:00.329+0000] {processor.py:830} INFO - Processing file /opt/airflow/dags/sodai_pipeline.py for tasks to queue
[2025-11-14T17:28:00.333+0000] {logging_mixin.py:188} INFO - [2025-11-14T17:28:00.332+0000] {dagbag.py:545} INFO - Filling up the DagBag from /opt/airflow/dags/sodai_pipeline.py
[2025-11-14T17:28:00.364+0000] {processor.py:840} INFO - DAG(s) 'sodai_pipeline_dag' retrieved from /opt/airflow/dags/sodai_pipeline.py
[2025-11-14T17:28:00.395+0000] {logging_mixin.py:188} INFO - [2025-11-14T17:28:00.395+0000] {dag.py:3096} INFO - Sync 1 DAGs
[2025-11-14T17:28:00.415+0000] {logging_mixin.py:188} INFO - [2025-11-14T17:28:00.415+0000] {dag.py:3954} INFO - Setting next_dagrun for sodai_pipeline_dag to 2025-11-09 00:00:00+00:00, run_after=2025-11-16 00:00:00+00:00
[2025-11-14T17:28:00.425+0000] {processor.py:183} INFO - Processing /opt/airflow/dags/sodai_pipeline.py took 0.117 seconds
[2025-11-14T17:28:30.783+0000] {processor.py:161} INFO - Started process (PID=3030) to work on /opt/airflow/dags/sodai_pipeline.py
[2025-11-14T17:28:30.786+0000] {processor.py:830} INFO - Processing file /opt/airflow/dags/sodai_pipeline.py for tasks to queue
[2025-11-14T17:28:30.790+0000] {logging_mixin.py:188} INFO - [2025-11-14T17:28:30.789+0000] {dagbag.py:545} INFO - Filling up the DagBag from /opt/airflow/dags/sodai_pipeline.py
[2025-11-14T17:28:30.808+0000] {processor.py:840} INFO - DAG(s) 'sodai_pipeline_dag' retrieved from /opt/airflow/dags/sodai_pipeline.py
[2025-11-14T17:28:30.837+0000] {logging_mixin.py:188} INFO - [2025-11-14T17:28:30.837+0000] {dag.py:3096} INFO - Sync 1 DAGs
[2025-11-14T17:28:30.856+0000] {logging_mixin.py:188} INFO - [2025-11-14T17:28:30.855+0000] {dag.py:3954} INFO - Setting next_dagrun for sodai_pipeline_dag to 2025-11-09 00:00:00+00:00, run_after=2025-11-16 00:00:00+00:00
[2025-11-14T17:28:30.865+0000] {processor.py:183} INFO - Processing /opt/airflow/dags/sodai_pipeline.py took 0.103 seconds
[2025-11-14T17:29:01.109+0000] {processor.py:161} INFO - Started process (PID=3035) to work on /opt/airflow/dags/sodai_pipeline.py
[2025-11-14T17:29:01.113+0000] {processor.py:830} INFO - Processing file /opt/airflow/dags/sodai_pipeline.py for tasks to queue
[2025-11-14T17:29:01.117+0000] {logging_mixin.py:188} INFO - [2025-11-14T17:29:01.116+0000] {dagbag.py:545} INFO - Filling up the DagBag from /opt/airflow/dags/sodai_pipeline.py
[2025-11-14T17:29:01.142+0000] {processor.py:840} INFO - DAG(s) 'sodai_pipeline_dag' retrieved from /opt/airflow/dags/sodai_pipeline.py
[2025-11-14T17:29:01.174+0000] {logging_mixin.py:188} INFO - [2025-11-14T17:29:01.173+0000] {dag.py:3096} INFO - Sync 1 DAGs
[2025-11-14T17:29:01.190+0000] {logging_mixin.py:188} INFO - [2025-11-14T17:29:01.190+0000] {dag.py:3954} INFO - Setting next_dagrun for sodai_pipeline_dag to 2025-11-09 00:00:00+00:00, run_after=2025-11-16 00:00:00+00:00
[2025-11-14T17:29:01.201+0000] {processor.py:183} INFO - Processing /opt/airflow/dags/sodai_pipeline.py took 0.108 seconds
[2025-11-14T17:29:31.476+0000] {processor.py:161} INFO - Started process (PID=3040) to work on /opt/airflow/dags/sodai_pipeline.py
[2025-11-14T17:29:31.482+0000] {processor.py:830} INFO - Processing file /opt/airflow/dags/sodai_pipeline.py for tasks to queue
[2025-11-14T17:29:31.487+0000] {logging_mixin.py:188} INFO - [2025-11-14T17:29:31.487+0000] {dagbag.py:545} INFO - Filling up the DagBag from /opt/airflow/dags/sodai_pipeline.py
[2025-11-14T17:29:31.515+0000] {processor.py:840} INFO - DAG(s) 'sodai_pipeline_dag' retrieved from /opt/airflow/dags/sodai_pipeline.py
[2025-11-14T17:29:31.554+0000] {logging_mixin.py:188} INFO - [2025-11-14T17:29:31.554+0000] {dag.py:3096} INFO - Sync 1 DAGs
[2025-11-14T17:29:31.574+0000] {logging_mixin.py:188} INFO - [2025-11-14T17:29:31.574+0000] {dag.py:3954} INFO - Setting next_dagrun for sodai_pipeline_dag to 2025-11-09 00:00:00+00:00, run_after=2025-11-16 00:00:00+00:00
[2025-11-14T17:29:31.588+0000] {processor.py:183} INFO - Processing /opt/airflow/dags/sodai_pipeline.py took 0.127 seconds
[2025-11-14T17:30:01.826+0000] {processor.py:161} INFO - Started process (PID=3045) to work on /opt/airflow/dags/sodai_pipeline.py
[2025-11-14T17:30:01.829+0000] {processor.py:830} INFO - Processing file /opt/airflow/dags/sodai_pipeline.py for tasks to queue
[2025-11-14T17:30:01.837+0000] {logging_mixin.py:188} INFO - [2025-11-14T17:30:01.836+0000] {dagbag.py:545} INFO - Filling up the DagBag from /opt/airflow/dags/sodai_pipeline.py
[2025-11-14T17:30:01.853+0000] {processor.py:840} INFO - DAG(s) 'sodai_pipeline_dag' retrieved from /opt/airflow/dags/sodai_pipeline.py
[2025-11-14T17:30:01.884+0000] {logging_mixin.py:188} INFO - [2025-11-14T17:30:01.884+0000] {dag.py:3096} INFO - Sync 1 DAGs
[2025-11-14T17:30:01.904+0000] {logging_mixin.py:188} INFO - [2025-11-14T17:30:01.904+0000] {dag.py:3954} INFO - Setting next_dagrun for sodai_pipeline_dag to 2025-11-09 00:00:00+00:00, run_after=2025-11-16 00:00:00+00:00
[2025-11-14T17:30:01.915+0000] {processor.py:183} INFO - Processing /opt/airflow/dags/sodai_pipeline.py took 0.103 seconds
[2025-11-14T17:30:32.131+0000] {processor.py:161} INFO - Started process (PID=3050) to work on /opt/airflow/dags/sodai_pipeline.py
[2025-11-14T17:30:32.134+0000] {processor.py:830} INFO - Processing file /opt/airflow/dags/sodai_pipeline.py for tasks to queue
[2025-11-14T17:30:32.138+0000] {logging_mixin.py:188} INFO - [2025-11-14T17:30:32.138+0000] {dagbag.py:545} INFO - Filling up the DagBag from /opt/airflow/dags/sodai_pipeline.py
[2025-11-14T17:30:32.164+0000] {processor.py:840} INFO - DAG(s) 'sodai_pipeline_dag' retrieved from /opt/airflow/dags/sodai_pipeline.py
[2025-11-14T17:30:32.200+0000] {logging_mixin.py:188} INFO - [2025-11-14T17:30:32.200+0000] {dag.py:3096} INFO - Sync 1 DAGs
[2025-11-14T17:30:32.217+0000] {logging_mixin.py:188} INFO - [2025-11-14T17:30:32.216+0000] {dag.py:3954} INFO - Setting next_dagrun for sodai_pipeline_dag to 2025-11-09 00:00:00+00:00, run_after=2025-11-16 00:00:00+00:00
[2025-11-14T17:30:32.227+0000] {processor.py:183} INFO - Processing /opt/airflow/dags/sodai_pipeline.py took 0.118 seconds
[2025-11-14T17:31:02.509+0000] {processor.py:161} INFO - Started process (PID=3055) to work on /opt/airflow/dags/sodai_pipeline.py
[2025-11-14T17:31:02.513+0000] {processor.py:830} INFO - Processing file /opt/airflow/dags/sodai_pipeline.py for tasks to queue
[2025-11-14T17:31:02.518+0000] {logging_mixin.py:188} INFO - [2025-11-14T17:31:02.517+0000] {dagbag.py:545} INFO - Filling up the DagBag from /opt/airflow/dags/sodai_pipeline.py
[2025-11-14T17:31:02.546+0000] {processor.py:840} INFO - DAG(s) 'sodai_pipeline_dag' retrieved from /opt/airflow/dags/sodai_pipeline.py
[2025-11-14T17:31:02.584+0000] {logging_mixin.py:188} INFO - [2025-11-14T17:31:02.584+0000] {dag.py:3096} INFO - Sync 1 DAGs
[2025-11-14T17:31:02.598+0000] {logging_mixin.py:188} INFO - [2025-11-14T17:31:02.598+0000] {dag.py:3954} INFO - Setting next_dagrun for sodai_pipeline_dag to 2025-11-09 00:00:00+00:00, run_after=2025-11-16 00:00:00+00:00
[2025-11-14T17:31:02.608+0000] {processor.py:183} INFO - Processing /opt/airflow/dags/sodai_pipeline.py took 0.111 seconds
[2025-11-14T17:31:32.872+0000] {processor.py:161} INFO - Started process (PID=3060) to work on /opt/airflow/dags/sodai_pipeline.py
[2025-11-14T17:31:32.876+0000] {processor.py:830} INFO - Processing file /opt/airflow/dags/sodai_pipeline.py for tasks to queue
[2025-11-14T17:31:32.883+0000] {logging_mixin.py:188} INFO - [2025-11-14T17:31:32.882+0000] {dagbag.py:545} INFO - Filling up the DagBag from /opt/airflow/dags/sodai_pipeline.py
[2025-11-14T17:31:32.911+0000] {processor.py:840} INFO - DAG(s) 'sodai_pipeline_dag' retrieved from /opt/airflow/dags/sodai_pipeline.py
[2025-11-14T17:31:32.943+0000] {logging_mixin.py:188} INFO - [2025-11-14T17:31:32.943+0000] {dag.py:3096} INFO - Sync 1 DAGs
[2025-11-14T17:31:32.962+0000] {logging_mixin.py:188} INFO - [2025-11-14T17:31:32.962+0000] {dag.py:3954} INFO - Setting next_dagrun for sodai_pipeline_dag to 2025-11-09 00:00:00+00:00, run_after=2025-11-16 00:00:00+00:00
[2025-11-14T17:31:32.977+0000] {processor.py:183} INFO - Processing /opt/airflow/dags/sodai_pipeline.py took 0.119 seconds
[2025-11-14T17:32:03.278+0000] {processor.py:161} INFO - Started process (PID=3065) to work on /opt/airflow/dags/sodai_pipeline.py
[2025-11-14T17:32:03.282+0000] {processor.py:830} INFO - Processing file /opt/airflow/dags/sodai_pipeline.py for tasks to queue
[2025-11-14T17:32:03.284+0000] {logging_mixin.py:188} INFO - [2025-11-14T17:32:03.284+0000] {dagbag.py:545} INFO - Filling up the DagBag from /opt/airflow/dags/sodai_pipeline.py
[2025-11-14T17:32:03.304+0000] {processor.py:840} INFO - DAG(s) 'sodai_pipeline_dag' retrieved from /opt/airflow/dags/sodai_pipeline.py
[2025-11-14T17:32:03.335+0000] {logging_mixin.py:188} INFO - [2025-11-14T17:32:03.335+0000] {dag.py:3096} INFO - Sync 1 DAGs
[2025-11-14T17:32:03.354+0000] {logging_mixin.py:188} INFO - [2025-11-14T17:32:03.354+0000] {dag.py:3954} INFO - Setting next_dagrun for sodai_pipeline_dag to 2025-11-09 00:00:00+00:00, run_after=2025-11-16 00:00:00+00:00
[2025-11-14T17:32:03.365+0000] {processor.py:183} INFO - Processing /opt/airflow/dags/sodai_pipeline.py took 0.106 seconds
[2025-11-14T17:32:33.613+0000] {processor.py:161} INFO - Started process (PID=3070) to work on /opt/airflow/dags/sodai_pipeline.py
[2025-11-14T17:32:33.617+0000] {processor.py:830} INFO - Processing file /opt/airflow/dags/sodai_pipeline.py for tasks to queue
[2025-11-14T17:32:33.620+0000] {logging_mixin.py:188} INFO - [2025-11-14T17:32:33.619+0000] {dagbag.py:545} INFO - Filling up the DagBag from /opt/airflow/dags/sodai_pipeline.py
[2025-11-14T17:32:33.645+0000] {processor.py:840} INFO - DAG(s) 'sodai_pipeline_dag' retrieved from /opt/airflow/dags/sodai_pipeline.py
[2025-11-14T17:32:33.682+0000] {logging_mixin.py:188} INFO - [2025-11-14T17:32:33.682+0000] {dag.py:3096} INFO - Sync 1 DAGs
[2025-11-14T17:32:33.705+0000] {logging_mixin.py:188} INFO - [2025-11-14T17:32:33.705+0000] {dag.py:3954} INFO - Setting next_dagrun for sodai_pipeline_dag to 2025-11-09 00:00:00+00:00, run_after=2025-11-16 00:00:00+00:00
[2025-11-14T17:32:33.716+0000] {processor.py:183} INFO - Processing /opt/airflow/dags/sodai_pipeline.py took 0.121 seconds
[2025-11-14T17:33:03.959+0000] {processor.py:161} INFO - Started process (PID=3075) to work on /opt/airflow/dags/sodai_pipeline.py
[2025-11-14T17:33:03.962+0000] {processor.py:830} INFO - Processing file /opt/airflow/dags/sodai_pipeline.py for tasks to queue
[2025-11-14T17:33:03.967+0000] {logging_mixin.py:188} INFO - [2025-11-14T17:33:03.966+0000] {dagbag.py:545} INFO - Filling up the DagBag from /opt/airflow/dags/sodai_pipeline.py
[2025-11-14T17:33:03.997+0000] {processor.py:840} INFO - DAG(s) 'sodai_pipeline_dag' retrieved from /opt/airflow/dags/sodai_pipeline.py
[2025-11-14T17:33:04.029+0000] {logging_mixin.py:188} INFO - [2025-11-14T17:33:04.029+0000] {dag.py:3096} INFO - Sync 1 DAGs
[2025-11-14T17:33:04.045+0000] {logging_mixin.py:188} INFO - [2025-11-14T17:33:04.045+0000] {dag.py:3954} INFO - Setting next_dagrun for sodai_pipeline_dag to 2025-11-09 00:00:00+00:00, run_after=2025-11-16 00:00:00+00:00
[2025-11-14T17:33:04.057+0000] {processor.py:183} INFO - Processing /opt/airflow/dags/sodai_pipeline.py took 0.117 seconds
[2025-11-14T17:33:34.346+0000] {processor.py:161} INFO - Started process (PID=3080) to work on /opt/airflow/dags/sodai_pipeline.py
[2025-11-14T17:33:34.350+0000] {processor.py:830} INFO - Processing file /opt/airflow/dags/sodai_pipeline.py for tasks to queue
[2025-11-14T17:33:34.354+0000] {logging_mixin.py:188} INFO - [2025-11-14T17:33:34.354+0000] {dagbag.py:545} INFO - Filling up the DagBag from /opt/airflow/dags/sodai_pipeline.py
[2025-11-14T17:33:34.380+0000] {processor.py:840} INFO - DAG(s) 'sodai_pipeline_dag' retrieved from /opt/airflow/dags/sodai_pipeline.py
[2025-11-14T17:33:34.412+0000] {logging_mixin.py:188} INFO - [2025-11-14T17:33:34.412+0000] {dag.py:3096} INFO - Sync 1 DAGs
[2025-11-14T17:33:34.434+0000] {logging_mixin.py:188} INFO - [2025-11-14T17:33:34.434+0000] {dag.py:3954} INFO - Setting next_dagrun for sodai_pipeline_dag to 2025-11-09 00:00:00+00:00, run_after=2025-11-16 00:00:00+00:00
[2025-11-14T17:33:34.445+0000] {processor.py:183} INFO - Processing /opt/airflow/dags/sodai_pipeline.py took 0.110 seconds
[2025-11-14T17:34:04.735+0000] {processor.py:161} INFO - Started process (PID=3085) to work on /opt/airflow/dags/sodai_pipeline.py
[2025-11-14T17:34:04.739+0000] {processor.py:830} INFO - Processing file /opt/airflow/dags/sodai_pipeline.py for tasks to queue
[2025-11-14T17:34:04.742+0000] {logging_mixin.py:188} INFO - [2025-11-14T17:34:04.742+0000] {dagbag.py:545} INFO - Filling up the DagBag from /opt/airflow/dags/sodai_pipeline.py
[2025-11-14T17:34:04.763+0000] {processor.py:840} INFO - DAG(s) 'sodai_pipeline_dag' retrieved from /opt/airflow/dags/sodai_pipeline.py
[2025-11-14T17:34:04.795+0000] {logging_mixin.py:188} INFO - [2025-11-14T17:34:04.795+0000] {dag.py:3096} INFO - Sync 1 DAGs
[2025-11-14T17:34:04.812+0000] {logging_mixin.py:188} INFO - [2025-11-14T17:34:04.812+0000] {dag.py:3954} INFO - Setting next_dagrun for sodai_pipeline_dag to 2025-11-09 00:00:00+00:00, run_after=2025-11-16 00:00:00+00:00
[2025-11-14T17:34:04.822+0000] {processor.py:183} INFO - Processing /opt/airflow/dags/sodai_pipeline.py took 0.100 seconds
[2025-11-14T17:34:35.107+0000] {processor.py:161} INFO - Started process (PID=3090) to work on /opt/airflow/dags/sodai_pipeline.py
[2025-11-14T17:34:35.110+0000] {processor.py:830} INFO - Processing file /opt/airflow/dags/sodai_pipeline.py for tasks to queue
[2025-11-14T17:34:35.116+0000] {logging_mixin.py:188} INFO - [2025-11-14T17:34:35.115+0000] {dagbag.py:545} INFO - Filling up the DagBag from /opt/airflow/dags/sodai_pipeline.py
[2025-11-14T17:34:35.139+0000] {processor.py:840} INFO - DAG(s) 'sodai_pipeline_dag' retrieved from /opt/airflow/dags/sodai_pipeline.py
[2025-11-14T17:34:35.175+0000] {logging_mixin.py:188} INFO - [2025-11-14T17:34:35.175+0000] {dag.py:3096} INFO - Sync 1 DAGs
[2025-11-14T17:34:35.194+0000] {logging_mixin.py:188} INFO - [2025-11-14T17:34:35.194+0000] {dag.py:3954} INFO - Setting next_dagrun for sodai_pipeline_dag to 2025-11-09 00:00:00+00:00, run_after=2025-11-16 00:00:00+00:00
[2025-11-14T17:34:35.206+0000] {processor.py:183} INFO - Processing /opt/airflow/dags/sodai_pipeline.py took 0.117 seconds
[2025-11-14T17:35:05.551+0000] {processor.py:161} INFO - Started process (PID=3095) to work on /opt/airflow/dags/sodai_pipeline.py
[2025-11-14T17:35:05.554+0000] {processor.py:830} INFO - Processing file /opt/airflow/dags/sodai_pipeline.py for tasks to queue
[2025-11-14T17:35:05.562+0000] {logging_mixin.py:188} INFO - [2025-11-14T17:35:05.561+0000] {dagbag.py:545} INFO - Filling up the DagBag from /opt/airflow/dags/sodai_pipeline.py
[2025-11-14T17:35:05.588+0000] {processor.py:840} INFO - DAG(s) 'sodai_pipeline_dag' retrieved from /opt/airflow/dags/sodai_pipeline.py
[2025-11-14T17:35:05.619+0000] {logging_mixin.py:188} INFO - [2025-11-14T17:35:05.619+0000] {dag.py:3096} INFO - Sync 1 DAGs
[2025-11-14T17:35:05.635+0000] {logging_mixin.py:188} INFO - [2025-11-14T17:35:05.635+0000] {dag.py:3954} INFO - Setting next_dagrun for sodai_pipeline_dag to 2025-11-09 00:00:00+00:00, run_after=2025-11-16 00:00:00+00:00
[2025-11-14T17:35:05.647+0000] {processor.py:183} INFO - Processing /opt/airflow/dags/sodai_pipeline.py took 0.115 seconds
[2025-11-14T17:35:35.888+0000] {processor.py:161} INFO - Started process (PID=3100) to work on /opt/airflow/dags/sodai_pipeline.py
[2025-11-14T17:35:35.896+0000] {processor.py:830} INFO - Processing file /opt/airflow/dags/sodai_pipeline.py for tasks to queue
[2025-11-14T17:35:35.900+0000] {logging_mixin.py:188} INFO - [2025-11-14T17:35:35.900+0000] {dagbag.py:545} INFO - Filling up the DagBag from /opt/airflow/dags/sodai_pipeline.py
[2025-11-14T17:35:35.929+0000] {processor.py:840} INFO - DAG(s) 'sodai_pipeline_dag' retrieved from /opt/airflow/dags/sodai_pipeline.py
[2025-11-14T17:35:35.960+0000] {logging_mixin.py:188} INFO - [2025-11-14T17:35:35.960+0000] {dag.py:3096} INFO - Sync 1 DAGs
[2025-11-14T17:35:35.977+0000] {logging_mixin.py:188} INFO - [2025-11-14T17:35:35.977+0000] {dag.py:3954} INFO - Setting next_dagrun for sodai_pipeline_dag to 2025-11-09 00:00:00+00:00, run_after=2025-11-16 00:00:00+00:00
[2025-11-14T17:35:35.987+0000] {processor.py:183} INFO - Processing /opt/airflow/dags/sodai_pipeline.py took 0.119 seconds
[2025-11-14T17:36:06.213+0000] {processor.py:161} INFO - Started process (PID=3105) to work on /opt/airflow/dags/sodai_pipeline.py
[2025-11-14T17:36:06.217+0000] {processor.py:830} INFO - Processing file /opt/airflow/dags/sodai_pipeline.py for tasks to queue
[2025-11-14T17:36:06.222+0000] {logging_mixin.py:188} INFO - [2025-11-14T17:36:06.221+0000] {dagbag.py:545} INFO - Filling up the DagBag from /opt/airflow/dags/sodai_pipeline.py
[2025-11-14T17:36:06.255+0000] {processor.py:840} INFO - DAG(s) 'sodai_pipeline_dag' retrieved from /opt/airflow/dags/sodai_pipeline.py
[2025-11-14T17:36:06.288+0000] {logging_mixin.py:188} INFO - [2025-11-14T17:36:06.288+0000] {dag.py:3096} INFO - Sync 1 DAGs
[2025-11-14T17:36:06.310+0000] {logging_mixin.py:188} INFO - [2025-11-14T17:36:06.310+0000] {dag.py:3954} INFO - Setting next_dagrun for sodai_pipeline_dag to 2025-11-09 00:00:00+00:00, run_after=2025-11-16 00:00:00+00:00
[2025-11-14T17:36:06.323+0000] {processor.py:183} INFO - Processing /opt/airflow/dags/sodai_pipeline.py took 0.129 seconds
[2025-11-14T17:36:36.612+0000] {processor.py:161} INFO - Started process (PID=3110) to work on /opt/airflow/dags/sodai_pipeline.py
[2025-11-14T17:36:36.618+0000] {processor.py:830} INFO - Processing file /opt/airflow/dags/sodai_pipeline.py for tasks to queue
[2025-11-14T17:36:36.621+0000] {logging_mixin.py:188} INFO - [2025-11-14T17:36:36.621+0000] {dagbag.py:545} INFO - Filling up the DagBag from /opt/airflow/dags/sodai_pipeline.py
[2025-11-14T17:36:36.651+0000] {processor.py:840} INFO - DAG(s) 'sodai_pipeline_dag' retrieved from /opt/airflow/dags/sodai_pipeline.py
[2025-11-14T17:36:36.692+0000] {logging_mixin.py:188} INFO - [2025-11-14T17:36:36.692+0000] {dag.py:3096} INFO - Sync 1 DAGs
[2025-11-14T17:36:36.717+0000] {logging_mixin.py:188} INFO - [2025-11-14T17:36:36.716+0000] {dag.py:3954} INFO - Setting next_dagrun for sodai_pipeline_dag to 2025-11-09 00:00:00+00:00, run_after=2025-11-16 00:00:00+00:00
[2025-11-14T17:36:36.727+0000] {processor.py:183} INFO - Processing /opt/airflow/dags/sodai_pipeline.py took 0.125 seconds
[2025-11-14T17:37:06.990+0000] {processor.py:161} INFO - Started process (PID=3115) to work on /opt/airflow/dags/sodai_pipeline.py
[2025-11-14T17:37:06.994+0000] {processor.py:830} INFO - Processing file /opt/airflow/dags/sodai_pipeline.py for tasks to queue
[2025-11-14T17:37:06.997+0000] {logging_mixin.py:188} INFO - [2025-11-14T17:37:06.997+0000] {dagbag.py:545} INFO - Filling up the DagBag from /opt/airflow/dags/sodai_pipeline.py
[2025-11-14T17:37:07.023+0000] {processor.py:840} INFO - DAG(s) 'sodai_pipeline_dag' retrieved from /opt/airflow/dags/sodai_pipeline.py
[2025-11-14T17:37:07.057+0000] {logging_mixin.py:188} INFO - [2025-11-14T17:37:07.057+0000] {dag.py:3096} INFO - Sync 1 DAGs
[2025-11-14T17:37:07.073+0000] {logging_mixin.py:188} INFO - [2025-11-14T17:37:07.073+0000] {dag.py:3954} INFO - Setting next_dagrun for sodai_pipeline_dag to 2025-11-09 00:00:00+00:00, run_after=2025-11-16 00:00:00+00:00
[2025-11-14T17:37:07.086+0000] {processor.py:183} INFO - Processing /opt/airflow/dags/sodai_pipeline.py took 0.112 seconds
[2025-11-14T17:37:37.367+0000] {processor.py:161} INFO - Started process (PID=3120) to work on /opt/airflow/dags/sodai_pipeline.py
[2025-11-14T17:37:37.373+0000] {processor.py:830} INFO - Processing file /opt/airflow/dags/sodai_pipeline.py for tasks to queue
[2025-11-14T17:37:37.377+0000] {logging_mixin.py:188} INFO - [2025-11-14T17:37:37.376+0000] {dagbag.py:545} INFO - Filling up the DagBag from /opt/airflow/dags/sodai_pipeline.py
[2025-11-14T17:37:37.410+0000] {processor.py:840} INFO - DAG(s) 'sodai_pipeline_dag' retrieved from /opt/airflow/dags/sodai_pipeline.py
[2025-11-14T17:37:37.444+0000] {logging_mixin.py:188} INFO - [2025-11-14T17:37:37.444+0000] {dag.py:3096} INFO - Sync 1 DAGs
[2025-11-14T17:37:37.462+0000] {logging_mixin.py:188} INFO - [2025-11-14T17:37:37.462+0000] {dag.py:3954} INFO - Setting next_dagrun for sodai_pipeline_dag to 2025-11-09 00:00:00+00:00, run_after=2025-11-16 00:00:00+00:00
[2025-11-14T17:37:37.472+0000] {processor.py:183} INFO - Processing /opt/airflow/dags/sodai_pipeline.py took 0.121 seconds
[2025-11-14T17:38:07.725+0000] {processor.py:161} INFO - Started process (PID=3125) to work on /opt/airflow/dags/sodai_pipeline.py
[2025-11-14T17:38:07.727+0000] {processor.py:830} INFO - Processing file /opt/airflow/dags/sodai_pipeline.py for tasks to queue
[2025-11-14T17:38:07.733+0000] {logging_mixin.py:188} INFO - [2025-11-14T17:38:07.732+0000] {dagbag.py:545} INFO - Filling up the DagBag from /opt/airflow/dags/sodai_pipeline.py
[2025-11-14T17:38:07.762+0000] {processor.py:840} INFO - DAG(s) 'sodai_pipeline_dag' retrieved from /opt/airflow/dags/sodai_pipeline.py
[2025-11-14T17:38:07.800+0000] {logging_mixin.py:188} INFO - [2025-11-14T17:38:07.800+0000] {dag.py:3096} INFO - Sync 1 DAGs
[2025-11-14T17:38:07.821+0000] {logging_mixin.py:188} INFO - [2025-11-14T17:38:07.821+0000] {dag.py:3954} INFO - Setting next_dagrun for sodai_pipeline_dag to 2025-11-09 00:00:00+00:00, run_after=2025-11-16 00:00:00+00:00
[2025-11-14T17:38:07.831+0000] {processor.py:183} INFO - Processing /opt/airflow/dags/sodai_pipeline.py took 0.113 seconds
[2025-11-14T17:38:38.139+0000] {processor.py:161} INFO - Started process (PID=3130) to work on /opt/airflow/dags/sodai_pipeline.py
[2025-11-14T17:38:38.143+0000] {processor.py:830} INFO - Processing file /opt/airflow/dags/sodai_pipeline.py for tasks to queue
[2025-11-14T17:38:38.146+0000] {logging_mixin.py:188} INFO - [2025-11-14T17:38:38.145+0000] {dagbag.py:545} INFO - Filling up the DagBag from /opt/airflow/dags/sodai_pipeline.py
[2025-11-14T17:38:38.170+0000] {processor.py:840} INFO - DAG(s) 'sodai_pipeline_dag' retrieved from /opt/airflow/dags/sodai_pipeline.py
[2025-11-14T17:38:38.205+0000] {logging_mixin.py:188} INFO - [2025-11-14T17:38:38.205+0000] {dag.py:3096} INFO - Sync 1 DAGs
[2025-11-14T17:38:38.225+0000] {logging_mixin.py:188} INFO - [2025-11-14T17:38:38.224+0000] {dag.py:3954} INFO - Setting next_dagrun for sodai_pipeline_dag to 2025-11-09 00:00:00+00:00, run_after=2025-11-16 00:00:00+00:00
[2025-11-14T17:38:38.236+0000] {processor.py:183} INFO - Processing /opt/airflow/dags/sodai_pipeline.py took 0.106 seconds
[2025-11-14T17:39:08.506+0000] {processor.py:161} INFO - Started process (PID=3135) to work on /opt/airflow/dags/sodai_pipeline.py
[2025-11-14T17:39:08.509+0000] {processor.py:830} INFO - Processing file /opt/airflow/dags/sodai_pipeline.py for tasks to queue
[2025-11-14T17:39:08.513+0000] {logging_mixin.py:188} INFO - [2025-11-14T17:39:08.513+0000] {dagbag.py:545} INFO - Filling up the DagBag from /opt/airflow/dags/sodai_pipeline.py
[2025-11-14T17:39:08.533+0000] {processor.py:840} INFO - DAG(s) 'sodai_pipeline_dag' retrieved from /opt/airflow/dags/sodai_pipeline.py
[2025-11-14T17:39:08.563+0000] {logging_mixin.py:188} INFO - [2025-11-14T17:39:08.563+0000] {dag.py:3096} INFO - Sync 1 DAGs
[2025-11-14T17:39:08.582+0000] {logging_mixin.py:188} INFO - [2025-11-14T17:39:08.582+0000] {dag.py:3954} INFO - Setting next_dagrun for sodai_pipeline_dag to 2025-11-09 00:00:00+00:00, run_after=2025-11-16 00:00:00+00:00
[2025-11-14T17:39:08.595+0000] {processor.py:183} INFO - Processing /opt/airflow/dags/sodai_pipeline.py took 0.112 seconds
[2025-11-14T17:39:38.890+0000] {processor.py:161} INFO - Started process (PID=3140) to work on /opt/airflow/dags/sodai_pipeline.py
[2025-11-14T17:39:38.893+0000] {processor.py:830} INFO - Processing file /opt/airflow/dags/sodai_pipeline.py for tasks to queue
[2025-11-14T17:39:38.898+0000] {logging_mixin.py:188} INFO - [2025-11-14T17:39:38.897+0000] {dagbag.py:545} INFO - Filling up the DagBag from /opt/airflow/dags/sodai_pipeline.py
[2025-11-14T17:39:38.925+0000] {processor.py:840} INFO - DAG(s) 'sodai_pipeline_dag' retrieved from /opt/airflow/dags/sodai_pipeline.py
[2025-11-14T17:39:38.962+0000] {logging_mixin.py:188} INFO - [2025-11-14T17:39:38.961+0000] {dag.py:3096} INFO - Sync 1 DAGs
[2025-11-14T17:39:38.981+0000] {logging_mixin.py:188} INFO - [2025-11-14T17:39:38.981+0000] {dag.py:3954} INFO - Setting next_dagrun for sodai_pipeline_dag to 2025-11-09 00:00:00+00:00, run_after=2025-11-16 00:00:00+00:00
[2025-11-14T17:39:38.992+0000] {processor.py:183} INFO - Processing /opt/airflow/dags/sodai_pipeline.py took 0.121 seconds
[2025-11-14T17:40:09.273+0000] {processor.py:161} INFO - Started process (PID=3145) to work on /opt/airflow/dags/sodai_pipeline.py
[2025-11-14T17:40:09.276+0000] {processor.py:830} INFO - Processing file /opt/airflow/dags/sodai_pipeline.py for tasks to queue
[2025-11-14T17:40:09.281+0000] {logging_mixin.py:188} INFO - [2025-11-14T17:40:09.280+0000] {dagbag.py:545} INFO - Filling up the DagBag from /opt/airflow/dags/sodai_pipeline.py
[2025-11-14T17:40:09.313+0000] {processor.py:840} INFO - DAG(s) 'sodai_pipeline_dag' retrieved from /opt/airflow/dags/sodai_pipeline.py
[2025-11-14T17:40:09.354+0000] {logging_mixin.py:188} INFO - [2025-11-14T17:40:09.354+0000] {dag.py:3096} INFO - Sync 1 DAGs
[2025-11-14T17:40:09.370+0000] {logging_mixin.py:188} INFO - [2025-11-14T17:40:09.369+0000] {dag.py:3954} INFO - Setting next_dagrun for sodai_pipeline_dag to 2025-11-09 00:00:00+00:00, run_after=2025-11-16 00:00:00+00:00
[2025-11-14T17:40:09.379+0000] {processor.py:183} INFO - Processing /opt/airflow/dags/sodai_pipeline.py took 0.117 seconds
[2025-11-14T17:40:39.605+0000] {processor.py:161} INFO - Started process (PID=3150) to work on /opt/airflow/dags/sodai_pipeline.py
[2025-11-14T17:40:39.607+0000] {processor.py:830} INFO - Processing file /opt/airflow/dags/sodai_pipeline.py for tasks to queue
[2025-11-14T17:40:39.614+0000] {logging_mixin.py:188} INFO - [2025-11-14T17:40:39.614+0000] {dagbag.py:545} INFO - Filling up the DagBag from /opt/airflow/dags/sodai_pipeline.py
[2025-11-14T17:40:39.638+0000] {processor.py:840} INFO - DAG(s) 'sodai_pipeline_dag' retrieved from /opt/airflow/dags/sodai_pipeline.py
[2025-11-14T17:40:39.671+0000] {logging_mixin.py:188} INFO - [2025-11-14T17:40:39.671+0000] {dag.py:3096} INFO - Sync 1 DAGs
[2025-11-14T17:40:39.687+0000] {logging_mixin.py:188} INFO - [2025-11-14T17:40:39.687+0000] {dag.py:3954} INFO - Setting next_dagrun for sodai_pipeline_dag to 2025-11-09 00:00:00+00:00, run_after=2025-11-16 00:00:00+00:00
[2025-11-14T17:40:39.699+0000] {processor.py:183} INFO - Processing /opt/airflow/dags/sodai_pipeline.py took 0.111 seconds
[2025-11-14T17:41:10.025+0000] {processor.py:161} INFO - Started process (PID=3155) to work on /opt/airflow/dags/sodai_pipeline.py
[2025-11-14T17:41:10.028+0000] {processor.py:830} INFO - Processing file /opt/airflow/dags/sodai_pipeline.py for tasks to queue
[2025-11-14T17:41:10.033+0000] {logging_mixin.py:188} INFO - [2025-11-14T17:41:10.031+0000] {dagbag.py:545} INFO - Filling up the DagBag from /opt/airflow/dags/sodai_pipeline.py
[2025-11-14T17:41:10.056+0000] {processor.py:840} INFO - DAG(s) 'sodai_pipeline_dag' retrieved from /opt/airflow/dags/sodai_pipeline.py
[2025-11-14T17:41:10.111+0000] {logging_mixin.py:188} INFO - [2025-11-14T17:41:10.111+0000] {dag.py:3096} INFO - Sync 1 DAGs
[2025-11-14T17:41:10.135+0000] {logging_mixin.py:188} INFO - [2025-11-14T17:41:10.135+0000] {dag.py:3954} INFO - Setting next_dagrun for sodai_pipeline_dag to 2025-11-09 00:00:00+00:00, run_after=2025-11-16 00:00:00+00:00
[2025-11-14T17:41:10.146+0000] {processor.py:183} INFO - Processing /opt/airflow/dags/sodai_pipeline.py took 0.140 seconds
[2025-11-14T17:41:40.365+0000] {processor.py:161} INFO - Started process (PID=3160) to work on /opt/airflow/dags/sodai_pipeline.py
[2025-11-14T17:41:40.371+0000] {processor.py:830} INFO - Processing file /opt/airflow/dags/sodai_pipeline.py for tasks to queue
[2025-11-14T17:41:40.375+0000] {logging_mixin.py:188} INFO - [2025-11-14T17:41:40.374+0000] {dagbag.py:545} INFO - Filling up the DagBag from /opt/airflow/dags/sodai_pipeline.py
[2025-11-14T17:41:40.394+0000] {processor.py:840} INFO - DAG(s) 'sodai_pipeline_dag' retrieved from /opt/airflow/dags/sodai_pipeline.py
[2025-11-14T17:41:40.432+0000] {logging_mixin.py:188} INFO - [2025-11-14T17:41:40.432+0000] {dag.py:3096} INFO - Sync 1 DAGs
[2025-11-14T17:41:40.455+0000] {logging_mixin.py:188} INFO - [2025-11-14T17:41:40.455+0000] {dag.py:3954} INFO - Setting next_dagrun for sodai_pipeline_dag to 2025-11-09 00:00:00+00:00, run_after=2025-11-16 00:00:00+00:00
[2025-11-14T17:41:40.466+0000] {processor.py:183} INFO - Processing /opt/airflow/dags/sodai_pipeline.py took 0.117 seconds
[2025-11-14T17:42:10.849+0000] {processor.py:161} INFO - Started process (PID=3165) to work on /opt/airflow/dags/sodai_pipeline.py
[2025-11-14T17:42:10.854+0000] {processor.py:830} INFO - Processing file /opt/airflow/dags/sodai_pipeline.py for tasks to queue
[2025-11-14T17:42:10.862+0000] {logging_mixin.py:188} INFO - [2025-11-14T17:42:10.860+0000] {dagbag.py:545} INFO - Filling up the DagBag from /opt/airflow/dags/sodai_pipeline.py
[2025-11-14T17:42:10.884+0000] {processor.py:840} INFO - DAG(s) 'sodai_pipeline_dag' retrieved from /opt/airflow/dags/sodai_pipeline.py
[2025-11-14T17:42:10.914+0000] {logging_mixin.py:188} INFO - [2025-11-14T17:42:10.914+0000] {dag.py:3096} INFO - Sync 1 DAGs
[2025-11-14T17:42:10.931+0000] {logging_mixin.py:188} INFO - [2025-11-14T17:42:10.931+0000] {dag.py:3954} INFO - Setting next_dagrun for sodai_pipeline_dag to 2025-11-09 00:00:00+00:00, run_after=2025-11-16 00:00:00+00:00
[2025-11-14T17:42:10.940+0000] {processor.py:183} INFO - Processing /opt/airflow/dags/sodai_pipeline.py took 0.103 seconds
[2025-11-14T17:42:41.230+0000] {processor.py:161} INFO - Started process (PID=3170) to work on /opt/airflow/dags/sodai_pipeline.py
[2025-11-14T17:42:41.234+0000] {processor.py:830} INFO - Processing file /opt/airflow/dags/sodai_pipeline.py for tasks to queue
[2025-11-14T17:42:41.238+0000] {logging_mixin.py:188} INFO - [2025-11-14T17:42:41.237+0000] {dagbag.py:545} INFO - Filling up the DagBag from /opt/airflow/dags/sodai_pipeline.py
[2025-11-14T17:42:41.260+0000] {processor.py:840} INFO - DAG(s) 'sodai_pipeline_dag' retrieved from /opt/airflow/dags/sodai_pipeline.py
[2025-11-14T17:42:41.294+0000] {logging_mixin.py:188} INFO - [2025-11-14T17:42:41.294+0000] {dag.py:3096} INFO - Sync 1 DAGs
[2025-11-14T17:42:41.310+0000] {logging_mixin.py:188} INFO - [2025-11-14T17:42:41.310+0000] {dag.py:3954} INFO - Setting next_dagrun for sodai_pipeline_dag to 2025-11-09 00:00:00+00:00, run_after=2025-11-16 00:00:00+00:00
[2025-11-14T17:42:41.324+0000] {processor.py:183} INFO - Processing /opt/airflow/dags/sodai_pipeline.py took 0.106 seconds
[2025-11-14T17:43:11.623+0000] {processor.py:161} INFO - Started process (PID=3175) to work on /opt/airflow/dags/sodai_pipeline.py
[2025-11-14T17:43:11.626+0000] {processor.py:830} INFO - Processing file /opt/airflow/dags/sodai_pipeline.py for tasks to queue
[2025-11-14T17:43:11.631+0000] {logging_mixin.py:188} INFO - [2025-11-14T17:43:11.630+0000] {dagbag.py:545} INFO - Filling up the DagBag from /opt/airflow/dags/sodai_pipeline.py
[2025-11-14T17:43:11.650+0000] {processor.py:840} INFO - DAG(s) 'sodai_pipeline_dag' retrieved from /opt/airflow/dags/sodai_pipeline.py
[2025-11-14T17:43:11.684+0000] {logging_mixin.py:188} INFO - [2025-11-14T17:43:11.684+0000] {dag.py:3096} INFO - Sync 1 DAGs
[2025-11-14T17:43:11.703+0000] {logging_mixin.py:188} INFO - [2025-11-14T17:43:11.702+0000] {dag.py:3954} INFO - Setting next_dagrun for sodai_pipeline_dag to 2025-11-09 00:00:00+00:00, run_after=2025-11-16 00:00:00+00:00
[2025-11-14T17:43:11.714+0000] {processor.py:183} INFO - Processing /opt/airflow/dags/sodai_pipeline.py took 0.103 seconds
[2025-11-14T17:43:42.018+0000] {processor.py:161} INFO - Started process (PID=3180) to work on /opt/airflow/dags/sodai_pipeline.py
[2025-11-14T17:43:42.021+0000] {processor.py:830} INFO - Processing file /opt/airflow/dags/sodai_pipeline.py for tasks to queue
[2025-11-14T17:43:42.027+0000] {logging_mixin.py:188} INFO - [2025-11-14T17:43:42.027+0000] {dagbag.py:545} INFO - Filling up the DagBag from /opt/airflow/dags/sodai_pipeline.py
[2025-11-14T17:43:42.046+0000] {processor.py:840} INFO - DAG(s) 'sodai_pipeline_dag' retrieved from /opt/airflow/dags/sodai_pipeline.py
[2025-11-14T17:43:42.077+0000] {logging_mixin.py:188} INFO - [2025-11-14T17:43:42.077+0000] {dag.py:3096} INFO - Sync 1 DAGs
[2025-11-14T17:43:42.093+0000] {logging_mixin.py:188} INFO - [2025-11-14T17:43:42.093+0000] {dag.py:3954} INFO - Setting next_dagrun for sodai_pipeline_dag to 2025-11-09 00:00:00+00:00, run_after=2025-11-16 00:00:00+00:00
[2025-11-14T17:43:42.105+0000] {processor.py:183} INFO - Processing /opt/airflow/dags/sodai_pipeline.py took 0.099 seconds
[2025-11-14T17:44:12.324+0000] {processor.py:161} INFO - Started process (PID=3185) to work on /opt/airflow/dags/sodai_pipeline.py
[2025-11-14T17:44:12.328+0000] {processor.py:830} INFO - Processing file /opt/airflow/dags/sodai_pipeline.py for tasks to queue
[2025-11-14T17:44:12.332+0000] {logging_mixin.py:188} INFO - [2025-11-14T17:44:12.332+0000] {dagbag.py:545} INFO - Filling up the DagBag from /opt/airflow/dags/sodai_pipeline.py
[2025-11-14T17:44:12.363+0000] {processor.py:840} INFO - DAG(s) 'sodai_pipeline_dag' retrieved from /opt/airflow/dags/sodai_pipeline.py
[2025-11-14T17:44:12.400+0000] {logging_mixin.py:188} INFO - [2025-11-14T17:44:12.400+0000] {dag.py:3096} INFO - Sync 1 DAGs
[2025-11-14T17:44:12.418+0000] {logging_mixin.py:188} INFO - [2025-11-14T17:44:12.418+0000] {dag.py:3954} INFO - Setting next_dagrun for sodai_pipeline_dag to 2025-11-09 00:00:00+00:00, run_after=2025-11-16 00:00:00+00:00
[2025-11-14T17:44:12.427+0000] {processor.py:183} INFO - Processing /opt/airflow/dags/sodai_pipeline.py took 0.116 seconds
[2025-11-14T17:44:42.633+0000] {processor.py:161} INFO - Started process (PID=3190) to work on /opt/airflow/dags/sodai_pipeline.py
[2025-11-14T17:44:42.638+0000] {processor.py:830} INFO - Processing file /opt/airflow/dags/sodai_pipeline.py for tasks to queue
[2025-11-14T17:44:42.640+0000] {logging_mixin.py:188} INFO - [2025-11-14T17:44:42.640+0000] {dagbag.py:545} INFO - Filling up the DagBag from /opt/airflow/dags/sodai_pipeline.py
[2025-11-14T17:44:42.666+0000] {processor.py:840} INFO - DAG(s) 'sodai_pipeline_dag' retrieved from /opt/airflow/dags/sodai_pipeline.py
[2025-11-14T17:44:42.699+0000] {logging_mixin.py:188} INFO - [2025-11-14T17:44:42.699+0000] {dag.py:3096} INFO - Sync 1 DAGs
[2025-11-14T17:44:42.721+0000] {logging_mixin.py:188} INFO - [2025-11-14T17:44:42.721+0000] {dag.py:3954} INFO - Setting next_dagrun for sodai_pipeline_dag to 2025-11-09 00:00:00+00:00, run_after=2025-11-16 00:00:00+00:00
[2025-11-14T17:44:42.731+0000] {processor.py:183} INFO - Processing /opt/airflow/dags/sodai_pipeline.py took 0.114 seconds
[2025-11-14T17:45:13.123+0000] {processor.py:161} INFO - Started process (PID=3195) to work on /opt/airflow/dags/sodai_pipeline.py
[2025-11-14T17:45:13.129+0000] {processor.py:830} INFO - Processing file /opt/airflow/dags/sodai_pipeline.py for tasks to queue
[2025-11-14T17:45:13.133+0000] {logging_mixin.py:188} INFO - [2025-11-14T17:45:13.132+0000] {dagbag.py:545} INFO - Filling up the DagBag from /opt/airflow/dags/sodai_pipeline.py
[2025-11-14T17:45:13.159+0000] {processor.py:840} INFO - DAG(s) 'sodai_pipeline_dag' retrieved from /opt/airflow/dags/sodai_pipeline.py
[2025-11-14T17:45:13.192+0000] {logging_mixin.py:188} INFO - [2025-11-14T17:45:13.192+0000] {dag.py:3096} INFO - Sync 1 DAGs
[2025-11-14T17:45:13.208+0000] {logging_mixin.py:188} INFO - [2025-11-14T17:45:13.207+0000] {dag.py:3954} INFO - Setting next_dagrun for sodai_pipeline_dag to 2025-11-09 00:00:00+00:00, run_after=2025-11-16 00:00:00+00:00
[2025-11-14T17:45:13.225+0000] {processor.py:183} INFO - Processing /opt/airflow/dags/sodai_pipeline.py took 0.116 seconds
[2025-11-14T17:45:43.527+0000] {processor.py:161} INFO - Started process (PID=3200) to work on /opt/airflow/dags/sodai_pipeline.py
[2025-11-14T17:45:43.530+0000] {processor.py:830} INFO - Processing file /opt/airflow/dags/sodai_pipeline.py for tasks to queue
[2025-11-14T17:45:43.532+0000] {logging_mixin.py:188} INFO - [2025-11-14T17:45:43.532+0000] {dagbag.py:545} INFO - Filling up the DagBag from /opt/airflow/dags/sodai_pipeline.py
[2025-11-14T17:45:43.550+0000] {processor.py:840} INFO - DAG(s) 'sodai_pipeline_dag' retrieved from /opt/airflow/dags/sodai_pipeline.py
[2025-11-14T17:45:43.575+0000] {logging_mixin.py:188} INFO - [2025-11-14T17:45:43.575+0000] {dag.py:3096} INFO - Sync 1 DAGs
[2025-11-14T17:45:43.591+0000] {logging_mixin.py:188} INFO - [2025-11-14T17:45:43.591+0000] {dag.py:3954} INFO - Setting next_dagrun for sodai_pipeline_dag to 2025-11-09 00:00:00+00:00, run_after=2025-11-16 00:00:00+00:00
[2025-11-14T17:45:43.601+0000] {processor.py:183} INFO - Processing /opt/airflow/dags/sodai_pipeline.py took 0.091 seconds
[2025-11-14T17:46:13.868+0000] {processor.py:161} INFO - Started process (PID=3205) to work on /opt/airflow/dags/sodai_pipeline.py
[2025-11-14T17:46:13.872+0000] {processor.py:830} INFO - Processing file /opt/airflow/dags/sodai_pipeline.py for tasks to queue
[2025-11-14T17:46:13.875+0000] {logging_mixin.py:188} INFO - [2025-11-14T17:46:13.875+0000] {dagbag.py:545} INFO - Filling up the DagBag from /opt/airflow/dags/sodai_pipeline.py
[2025-11-14T17:46:13.909+0000] {processor.py:840} INFO - DAG(s) 'sodai_pipeline_dag' retrieved from /opt/airflow/dags/sodai_pipeline.py
[2025-11-14T17:46:13.939+0000] {logging_mixin.py:188} INFO - [2025-11-14T17:46:13.939+0000] {dag.py:3096} INFO - Sync 1 DAGs
[2025-11-14T17:46:13.958+0000] {logging_mixin.py:188} INFO - [2025-11-14T17:46:13.958+0000] {dag.py:3954} INFO - Setting next_dagrun for sodai_pipeline_dag to 2025-11-09 00:00:00+00:00, run_after=2025-11-16 00:00:00+00:00
[2025-11-14T17:46:13.969+0000] {processor.py:183} INFO - Processing /opt/airflow/dags/sodai_pipeline.py took 0.119 seconds
[2025-11-14T17:46:44.225+0000] {processor.py:161} INFO - Started process (PID=3210) to work on /opt/airflow/dags/sodai_pipeline.py
[2025-11-14T17:46:44.229+0000] {processor.py:830} INFO - Processing file /opt/airflow/dags/sodai_pipeline.py for tasks to queue
[2025-11-14T17:46:44.238+0000] {logging_mixin.py:188} INFO - [2025-11-14T17:46:44.238+0000] {dagbag.py:545} INFO - Filling up the DagBag from /opt/airflow/dags/sodai_pipeline.py
[2025-11-14T17:46:44.263+0000] {processor.py:840} INFO - DAG(s) 'sodai_pipeline_dag' retrieved from /opt/airflow/dags/sodai_pipeline.py
[2025-11-14T17:46:44.295+0000] {logging_mixin.py:188} INFO - [2025-11-14T17:46:44.295+0000] {dag.py:3096} INFO - Sync 1 DAGs
[2025-11-14T17:46:44.314+0000] {logging_mixin.py:188} INFO - [2025-11-14T17:46:44.314+0000] {dag.py:3954} INFO - Setting next_dagrun for sodai_pipeline_dag to 2025-11-09 00:00:00+00:00, run_after=2025-11-16 00:00:00+00:00
[2025-11-14T17:46:44.324+0000] {processor.py:183} INFO - Processing /opt/airflow/dags/sodai_pipeline.py took 0.118 seconds
[2025-11-14T17:47:14.654+0000] {processor.py:161} INFO - Started process (PID=3215) to work on /opt/airflow/dags/sodai_pipeline.py
[2025-11-14T17:47:14.658+0000] {processor.py:830} INFO - Processing file /opt/airflow/dags/sodai_pipeline.py for tasks to queue
[2025-11-14T17:47:14.660+0000] {logging_mixin.py:188} INFO - [2025-11-14T17:47:14.660+0000] {dagbag.py:545} INFO - Filling up the DagBag from /opt/airflow/dags/sodai_pipeline.py
[2025-11-14T17:47:14.680+0000] {processor.py:840} INFO - DAG(s) 'sodai_pipeline_dag' retrieved from /opt/airflow/dags/sodai_pipeline.py
[2025-11-14T17:47:14.707+0000] {logging_mixin.py:188} INFO - [2025-11-14T17:47:14.706+0000] {dag.py:3096} INFO - Sync 1 DAGs
[2025-11-14T17:47:14.729+0000] {logging_mixin.py:188} INFO - [2025-11-14T17:47:14.728+0000] {dag.py:3954} INFO - Setting next_dagrun for sodai_pipeline_dag to 2025-11-09 00:00:00+00:00, run_after=2025-11-16 00:00:00+00:00
[2025-11-14T17:47:14.739+0000] {processor.py:183} INFO - Processing /opt/airflow/dags/sodai_pipeline.py took 0.100 seconds
[2025-11-14T17:47:45.024+0000] {processor.py:161} INFO - Started process (PID=3220) to work on /opt/airflow/dags/sodai_pipeline.py
[2025-11-14T17:47:45.026+0000] {processor.py:830} INFO - Processing file /opt/airflow/dags/sodai_pipeline.py for tasks to queue
[2025-11-14T17:47:45.034+0000] {logging_mixin.py:188} INFO - [2025-11-14T17:47:45.033+0000] {dagbag.py:545} INFO - Filling up the DagBag from /opt/airflow/dags/sodai_pipeline.py
[2025-11-14T17:47:45.057+0000] {processor.py:840} INFO - DAG(s) 'sodai_pipeline_dag' retrieved from /opt/airflow/dags/sodai_pipeline.py
[2025-11-14T17:47:45.102+0000] {logging_mixin.py:188} INFO - [2025-11-14T17:47:45.102+0000] {dag.py:3096} INFO - Sync 1 DAGs
[2025-11-14T17:47:45.125+0000] {logging_mixin.py:188} INFO - [2025-11-14T17:47:45.125+0000] {dag.py:3954} INFO - Setting next_dagrun for sodai_pipeline_dag to 2025-11-09 00:00:00+00:00, run_after=2025-11-16 00:00:00+00:00
[2025-11-14T17:47:45.137+0000] {processor.py:183} INFO - Processing /opt/airflow/dags/sodai_pipeline.py took 0.132 seconds
[2025-11-14T17:48:15.415+0000] {processor.py:161} INFO - Started process (PID=3225) to work on /opt/airflow/dags/sodai_pipeline.py
[2025-11-14T17:48:15.418+0000] {processor.py:830} INFO - Processing file /opt/airflow/dags/sodai_pipeline.py for tasks to queue
[2025-11-14T17:48:15.423+0000] {logging_mixin.py:188} INFO - [2025-11-14T17:48:15.422+0000] {dagbag.py:545} INFO - Filling up the DagBag from /opt/airflow/dags/sodai_pipeline.py
[2025-11-14T17:48:15.444+0000] {processor.py:840} INFO - DAG(s) 'sodai_pipeline_dag' retrieved from /opt/airflow/dags/sodai_pipeline.py
[2025-11-14T17:48:15.478+0000] {logging_mixin.py:188} INFO - [2025-11-14T17:48:15.478+0000] {dag.py:3096} INFO - Sync 1 DAGs
[2025-11-14T17:48:15.495+0000] {logging_mixin.py:188} INFO - [2025-11-14T17:48:15.495+0000] {dag.py:3954} INFO - Setting next_dagrun for sodai_pipeline_dag to 2025-11-09 00:00:00+00:00, run_after=2025-11-16 00:00:00+00:00
[2025-11-14T17:48:15.504+0000] {processor.py:183} INFO - Processing /opt/airflow/dags/sodai_pipeline.py took 0.102 seconds
[2025-11-14T17:48:45.776+0000] {processor.py:161} INFO - Started process (PID=3230) to work on /opt/airflow/dags/sodai_pipeline.py
[2025-11-14T17:48:45.779+0000] {processor.py:830} INFO - Processing file /opt/airflow/dags/sodai_pipeline.py for tasks to queue
[2025-11-14T17:48:45.786+0000] {logging_mixin.py:188} INFO - [2025-11-14T17:48:45.786+0000] {dagbag.py:545} INFO - Filling up the DagBag from /opt/airflow/dags/sodai_pipeline.py
[2025-11-14T17:48:45.811+0000] {processor.py:840} INFO - DAG(s) 'sodai_pipeline_dag' retrieved from /opt/airflow/dags/sodai_pipeline.py
[2025-11-14T17:48:45.838+0000] {logging_mixin.py:188} INFO - [2025-11-14T17:48:45.838+0000] {dag.py:3096} INFO - Sync 1 DAGs
[2025-11-14T17:48:45.854+0000] {logging_mixin.py:188} INFO - [2025-11-14T17:48:45.853+0000] {dag.py:3954} INFO - Setting next_dagrun for sodai_pipeline_dag to 2025-11-09 00:00:00+00:00, run_after=2025-11-16 00:00:00+00:00
[2025-11-14T17:48:45.863+0000] {processor.py:183} INFO - Processing /opt/airflow/dags/sodai_pipeline.py took 0.102 seconds
[2025-11-14T17:49:16.174+0000] {processor.py:161} INFO - Started process (PID=3235) to work on /opt/airflow/dags/sodai_pipeline.py
[2025-11-14T17:49:16.180+0000] {processor.py:830} INFO - Processing file /opt/airflow/dags/sodai_pipeline.py for tasks to queue
[2025-11-14T17:49:16.183+0000] {logging_mixin.py:188} INFO - [2025-11-14T17:49:16.183+0000] {dagbag.py:545} INFO - Filling up the DagBag from /opt/airflow/dags/sodai_pipeline.py
[2025-11-14T17:49:16.202+0000] {processor.py:840} INFO - DAG(s) 'sodai_pipeline_dag' retrieved from /opt/airflow/dags/sodai_pipeline.py
[2025-11-14T17:49:16.253+0000] {logging_mixin.py:188} INFO - [2025-11-14T17:49:16.253+0000] {dag.py:3096} INFO - Sync 1 DAGs
[2025-11-14T17:49:16.278+0000] {logging_mixin.py:188} INFO - [2025-11-14T17:49:16.277+0000] {dag.py:3954} INFO - Setting next_dagrun for sodai_pipeline_dag to 2025-11-09 00:00:00+00:00, run_after=2025-11-16 00:00:00+00:00
[2025-11-14T17:49:16.291+0000] {processor.py:183} INFO - Processing /opt/airflow/dags/sodai_pipeline.py took 0.130 seconds
[2025-11-14T17:49:46.532+0000] {processor.py:161} INFO - Started process (PID=3240) to work on /opt/airflow/dags/sodai_pipeline.py
[2025-11-14T17:49:46.536+0000] {processor.py:830} INFO - Processing file /opt/airflow/dags/sodai_pipeline.py for tasks to queue
[2025-11-14T17:49:46.541+0000] {logging_mixin.py:188} INFO - [2025-11-14T17:49:46.540+0000] {dagbag.py:545} INFO - Filling up the DagBag from /opt/airflow/dags/sodai_pipeline.py
[2025-11-14T17:49:46.568+0000] {processor.py:840} INFO - DAG(s) 'sodai_pipeline_dag' retrieved from /opt/airflow/dags/sodai_pipeline.py
[2025-11-14T17:49:46.604+0000] {logging_mixin.py:188} INFO - [2025-11-14T17:49:46.603+0000] {dag.py:3096} INFO - Sync 1 DAGs
[2025-11-14T17:49:46.623+0000] {logging_mixin.py:188} INFO - [2025-11-14T17:49:46.622+0000] {dag.py:3954} INFO - Setting next_dagrun for sodai_pipeline_dag to 2025-11-09 00:00:00+00:00, run_after=2025-11-16 00:00:00+00:00
[2025-11-14T17:49:46.636+0000] {processor.py:183} INFO - Processing /opt/airflow/dags/sodai_pipeline.py took 0.119 seconds
[2025-11-14T17:50:17.025+0000] {processor.py:161} INFO - Started process (PID=3245) to work on /opt/airflow/dags/sodai_pipeline.py
[2025-11-14T17:50:17.028+0000] {processor.py:830} INFO - Processing file /opt/airflow/dags/sodai_pipeline.py for tasks to queue
[2025-11-14T17:50:17.032+0000] {logging_mixin.py:188} INFO - [2025-11-14T17:50:17.031+0000] {dagbag.py:545} INFO - Filling up the DagBag from /opt/airflow/dags/sodai_pipeline.py
[2025-11-14T17:50:17.063+0000] {processor.py:840} INFO - DAG(s) 'sodai_pipeline_dag' retrieved from /opt/airflow/dags/sodai_pipeline.py
[2025-11-14T17:50:17.097+0000] {logging_mixin.py:188} INFO - [2025-11-14T17:50:17.097+0000] {dag.py:3096} INFO - Sync 1 DAGs
[2025-11-14T17:50:17.116+0000] {logging_mixin.py:188} INFO - [2025-11-14T17:50:17.115+0000] {dag.py:3954} INFO - Setting next_dagrun for sodai_pipeline_dag to 2025-11-09 00:00:00+00:00, run_after=2025-11-16 00:00:00+00:00
[2025-11-14T17:50:17.132+0000] {processor.py:183} INFO - Processing /opt/airflow/dags/sodai_pipeline.py took 0.129 seconds
[2025-11-14T17:50:47.348+0000] {processor.py:161} INFO - Started process (PID=3250) to work on /opt/airflow/dags/sodai_pipeline.py
[2025-11-14T17:50:47.354+0000] {processor.py:830} INFO - Processing file /opt/airflow/dags/sodai_pipeline.py for tasks to queue
[2025-11-14T17:50:47.357+0000] {logging_mixin.py:188} INFO - [2025-11-14T17:50:47.356+0000] {dagbag.py:545} INFO - Filling up the DagBag from /opt/airflow/dags/sodai_pipeline.py
[2025-11-14T17:50:47.391+0000] {processor.py:840} INFO - DAG(s) 'sodai_pipeline_dag' retrieved from /opt/airflow/dags/sodai_pipeline.py
[2025-11-14T17:50:47.426+0000] {logging_mixin.py:188} INFO - [2025-11-14T17:50:47.426+0000] {dag.py:3096} INFO - Sync 1 DAGs
[2025-11-14T17:50:47.451+0000] {logging_mixin.py:188} INFO - [2025-11-14T17:50:47.451+0000] {dag.py:3954} INFO - Setting next_dagrun for sodai_pipeline_dag to 2025-11-09 00:00:00+00:00, run_after=2025-11-16 00:00:00+00:00
[2025-11-14T17:50:47.463+0000] {processor.py:183} INFO - Processing /opt/airflow/dags/sodai_pipeline.py took 0.127 seconds
[2025-11-14T17:51:17.840+0000] {processor.py:161} INFO - Started process (PID=3255) to work on /opt/airflow/dags/sodai_pipeline.py
[2025-11-14T17:51:17.846+0000] {processor.py:830} INFO - Processing file /opt/airflow/dags/sodai_pipeline.py for tasks to queue
[2025-11-14T17:51:17.850+0000] {logging_mixin.py:188} INFO - [2025-11-14T17:51:17.849+0000] {dagbag.py:545} INFO - Filling up the DagBag from /opt/airflow/dags/sodai_pipeline.py
[2025-11-14T17:51:17.878+0000] {processor.py:840} INFO - DAG(s) 'sodai_pipeline_dag' retrieved from /opt/airflow/dags/sodai_pipeline.py
[2025-11-14T17:51:17.917+0000] {logging_mixin.py:188} INFO - [2025-11-14T17:51:17.917+0000] {dag.py:3096} INFO - Sync 1 DAGs
[2025-11-14T17:51:17.938+0000] {logging_mixin.py:188} INFO - [2025-11-14T17:51:17.938+0000] {dag.py:3954} INFO - Setting next_dagrun for sodai_pipeline_dag to 2025-11-09 00:00:00+00:00, run_after=2025-11-16 00:00:00+00:00
[2025-11-14T17:51:17.949+0000] {processor.py:183} INFO - Processing /opt/airflow/dags/sodai_pipeline.py took 0.125 seconds
[2025-11-14T17:51:48.220+0000] {processor.py:161} INFO - Started process (PID=3260) to work on /opt/airflow/dags/sodai_pipeline.py
[2025-11-14T17:51:48.225+0000] {processor.py:830} INFO - Processing file /opt/airflow/dags/sodai_pipeline.py for tasks to queue
[2025-11-14T17:51:48.229+0000] {logging_mixin.py:188} INFO - [2025-11-14T17:51:48.228+0000] {dagbag.py:545} INFO - Filling up the DagBag from /opt/airflow/dags/sodai_pipeline.py
[2025-11-14T17:51:48.257+0000] {processor.py:840} INFO - DAG(s) 'sodai_pipeline_dag' retrieved from /opt/airflow/dags/sodai_pipeline.py
[2025-11-14T17:51:48.298+0000] {logging_mixin.py:188} INFO - [2025-11-14T17:51:48.297+0000] {dag.py:3096} INFO - Sync 1 DAGs
[2025-11-14T17:51:48.320+0000] {logging_mixin.py:188} INFO - [2025-11-14T17:51:48.320+0000] {dag.py:3954} INFO - Setting next_dagrun for sodai_pipeline_dag to 2025-11-09 00:00:00+00:00, run_after=2025-11-16 00:00:00+00:00
[2025-11-14T17:51:48.330+0000] {processor.py:183} INFO - Processing /opt/airflow/dags/sodai_pipeline.py took 0.132 seconds
[2025-11-14T17:52:18.698+0000] {processor.py:161} INFO - Started process (PID=3265) to work on /opt/airflow/dags/sodai_pipeline.py
[2025-11-14T17:52:18.702+0000] {processor.py:830} INFO - Processing file /opt/airflow/dags/sodai_pipeline.py for tasks to queue
[2025-11-14T17:52:18.704+0000] {logging_mixin.py:188} INFO - [2025-11-14T17:52:18.704+0000] {dagbag.py:545} INFO - Filling up the DagBag from /opt/airflow/dags/sodai_pipeline.py
[2025-11-14T17:52:18.725+0000] {processor.py:840} INFO - DAG(s) 'sodai_pipeline_dag' retrieved from /opt/airflow/dags/sodai_pipeline.py
[2025-11-14T17:52:18.761+0000] {logging_mixin.py:188} INFO - [2025-11-14T17:52:18.760+0000] {dag.py:3096} INFO - Sync 1 DAGs
[2025-11-14T17:52:18.779+0000] {logging_mixin.py:188} INFO - [2025-11-14T17:52:18.779+0000] {dag.py:3954} INFO - Setting next_dagrun for sodai_pipeline_dag to 2025-11-09 00:00:00+00:00, run_after=2025-11-16 00:00:00+00:00
[2025-11-14T17:52:18.793+0000] {processor.py:183} INFO - Processing /opt/airflow/dags/sodai_pipeline.py took 0.103 seconds
[2025-11-14T17:52:49.039+0000] {processor.py:161} INFO - Started process (PID=3270) to work on /opt/airflow/dags/sodai_pipeline.py
[2025-11-14T17:52:49.044+0000] {processor.py:830} INFO - Processing file /opt/airflow/dags/sodai_pipeline.py for tasks to queue
[2025-11-14T17:52:49.051+0000] {logging_mixin.py:188} INFO - [2025-11-14T17:52:49.051+0000] {dagbag.py:545} INFO - Filling up the DagBag from /opt/airflow/dags/sodai_pipeline.py
[2025-11-14T17:52:49.076+0000] {processor.py:840} INFO - DAG(s) 'sodai_pipeline_dag' retrieved from /opt/airflow/dags/sodai_pipeline.py
[2025-11-14T17:52:49.113+0000] {logging_mixin.py:188} INFO - [2025-11-14T17:52:49.112+0000] {dag.py:3096} INFO - Sync 1 DAGs
[2025-11-14T17:52:49.138+0000] {logging_mixin.py:188} INFO - [2025-11-14T17:52:49.138+0000] {dag.py:3954} INFO - Setting next_dagrun for sodai_pipeline_dag to 2025-11-09 00:00:00+00:00, run_after=2025-11-16 00:00:00+00:00
[2025-11-14T17:52:49.148+0000] {processor.py:183} INFO - Processing /opt/airflow/dags/sodai_pipeline.py took 0.125 seconds
[2025-11-14T17:53:19.377+0000] {processor.py:161} INFO - Started process (PID=3275) to work on /opt/airflow/dags/sodai_pipeline.py
[2025-11-14T17:53:19.381+0000] {processor.py:830} INFO - Processing file /opt/airflow/dags/sodai_pipeline.py for tasks to queue
[2025-11-14T17:53:19.386+0000] {logging_mixin.py:188} INFO - [2025-11-14T17:53:19.385+0000] {dagbag.py:545} INFO - Filling up the DagBag from /opt/airflow/dags/sodai_pipeline.py
[2025-11-14T17:53:19.414+0000] {processor.py:840} INFO - DAG(s) 'sodai_pipeline_dag' retrieved from /opt/airflow/dags/sodai_pipeline.py
[2025-11-14T17:53:19.448+0000] {logging_mixin.py:188} INFO - [2025-11-14T17:53:19.448+0000] {dag.py:3096} INFO - Sync 1 DAGs
[2025-11-14T17:53:19.467+0000] {logging_mixin.py:188} INFO - [2025-11-14T17:53:19.467+0000] {dag.py:3954} INFO - Setting next_dagrun for sodai_pipeline_dag to 2025-11-09 00:00:00+00:00, run_after=2025-11-16 00:00:00+00:00
[2025-11-14T17:53:19.479+0000] {processor.py:183} INFO - Processing /opt/airflow/dags/sodai_pipeline.py took 0.113 seconds
[2025-11-14T17:53:49.763+0000] {processor.py:161} INFO - Started process (PID=3280) to work on /opt/airflow/dags/sodai_pipeline.py
[2025-11-14T17:53:49.767+0000] {processor.py:830} INFO - Processing file /opt/airflow/dags/sodai_pipeline.py for tasks to queue
[2025-11-14T17:53:49.770+0000] {logging_mixin.py:188} INFO - [2025-11-14T17:53:49.769+0000] {dagbag.py:545} INFO - Filling up the DagBag from /opt/airflow/dags/sodai_pipeline.py
[2025-11-14T17:53:49.798+0000] {processor.py:840} INFO - DAG(s) 'sodai_pipeline_dag' retrieved from /opt/airflow/dags/sodai_pipeline.py
[2025-11-14T17:53:49.835+0000] {logging_mixin.py:188} INFO - [2025-11-14T17:53:49.834+0000] {dag.py:3096} INFO - Sync 1 DAGs
[2025-11-14T17:53:49.855+0000] {logging_mixin.py:188} INFO - [2025-11-14T17:53:49.854+0000] {dag.py:3954} INFO - Setting next_dagrun for sodai_pipeline_dag to 2025-11-09 00:00:00+00:00, run_after=2025-11-16 00:00:00+00:00
[2025-11-14T17:53:49.865+0000] {processor.py:183} INFO - Processing /opt/airflow/dags/sodai_pipeline.py took 0.114 seconds
[2025-11-14T17:54:20.193+0000] {processor.py:161} INFO - Started process (PID=3285) to work on /opt/airflow/dags/sodai_pipeline.py
[2025-11-14T17:54:20.197+0000] {processor.py:830} INFO - Processing file /opt/airflow/dags/sodai_pipeline.py for tasks to queue
[2025-11-14T17:54:20.205+0000] {logging_mixin.py:188} INFO - [2025-11-14T17:54:20.205+0000] {dagbag.py:545} INFO - Filling up the DagBag from /opt/airflow/dags/sodai_pipeline.py
[2025-11-14T17:54:20.235+0000] {processor.py:840} INFO - DAG(s) 'sodai_pipeline_dag' retrieved from /opt/airflow/dags/sodai_pipeline.py
[2025-11-14T17:54:20.267+0000] {logging_mixin.py:188} INFO - [2025-11-14T17:54:20.267+0000] {dag.py:3096} INFO - Sync 1 DAGs
[2025-11-14T17:54:20.289+0000] {logging_mixin.py:188} INFO - [2025-11-14T17:54:20.288+0000] {dag.py:3954} INFO - Setting next_dagrun for sodai_pipeline_dag to 2025-11-09 00:00:00+00:00, run_after=2025-11-16 00:00:00+00:00
[2025-11-14T17:54:20.299+0000] {processor.py:183} INFO - Processing /opt/airflow/dags/sodai_pipeline.py took 0.124 seconds
[2025-11-14T17:54:50.584+0000] {processor.py:161} INFO - Started process (PID=3290) to work on /opt/airflow/dags/sodai_pipeline.py
[2025-11-14T17:54:50.587+0000] {processor.py:830} INFO - Processing file /opt/airflow/dags/sodai_pipeline.py for tasks to queue
[2025-11-14T17:54:50.591+0000] {logging_mixin.py:188} INFO - [2025-11-14T17:54:50.591+0000] {dagbag.py:545} INFO - Filling up the DagBag from /opt/airflow/dags/sodai_pipeline.py
[2025-11-14T17:54:50.616+0000] {processor.py:840} INFO - DAG(s) 'sodai_pipeline_dag' retrieved from /opt/airflow/dags/sodai_pipeline.py
[2025-11-14T17:54:50.644+0000] {logging_mixin.py:188} INFO - [2025-11-14T17:54:50.644+0000] {dag.py:3096} INFO - Sync 1 DAGs
[2025-11-14T17:54:50.663+0000] {logging_mixin.py:188} INFO - [2025-11-14T17:54:50.663+0000] {dag.py:3954} INFO - Setting next_dagrun for sodai_pipeline_dag to 2025-11-09 00:00:00+00:00, run_after=2025-11-16 00:00:00+00:00
[2025-11-14T17:54:50.673+0000] {processor.py:183} INFO - Processing /opt/airflow/dags/sodai_pipeline.py took 0.101 seconds
[2025-11-14T17:55:21.020+0000] {processor.py:161} INFO - Started process (PID=3295) to work on /opt/airflow/dags/sodai_pipeline.py
[2025-11-14T17:55:21.022+0000] {processor.py:830} INFO - Processing file /opt/airflow/dags/sodai_pipeline.py for tasks to queue
[2025-11-14T17:55:21.026+0000] {logging_mixin.py:188} INFO - [2025-11-14T17:55:21.026+0000] {dagbag.py:545} INFO - Filling up the DagBag from /opt/airflow/dags/sodai_pipeline.py
[2025-11-14T17:55:21.051+0000] {processor.py:840} INFO - DAG(s) 'sodai_pipeline_dag' retrieved from /opt/airflow/dags/sodai_pipeline.py
[2025-11-14T17:55:21.087+0000] {logging_mixin.py:188} INFO - [2025-11-14T17:55:21.087+0000] {dag.py:3096} INFO - Sync 1 DAGs
[2025-11-14T17:55:21.106+0000] {logging_mixin.py:188} INFO - [2025-11-14T17:55:21.106+0000] {dag.py:3954} INFO - Setting next_dagrun for sodai_pipeline_dag to 2025-11-09 00:00:00+00:00, run_after=2025-11-16 00:00:00+00:00
[2025-11-14T17:55:21.118+0000] {processor.py:183} INFO - Processing /opt/airflow/dags/sodai_pipeline.py took 0.118 seconds
[2025-11-14T17:55:51.372+0000] {processor.py:161} INFO - Started process (PID=3300) to work on /opt/airflow/dags/sodai_pipeline.py
[2025-11-14T17:55:51.376+0000] {processor.py:830} INFO - Processing file /opt/airflow/dags/sodai_pipeline.py for tasks to queue
[2025-11-14T17:55:51.381+0000] {logging_mixin.py:188} INFO - [2025-11-14T17:55:51.380+0000] {dagbag.py:545} INFO - Filling up the DagBag from /opt/airflow/dags/sodai_pipeline.py
[2025-11-14T17:55:51.415+0000] {processor.py:840} INFO - DAG(s) 'sodai_pipeline_dag' retrieved from /opt/airflow/dags/sodai_pipeline.py
[2025-11-14T17:55:51.450+0000] {logging_mixin.py:188} INFO - [2025-11-14T17:55:51.450+0000] {dag.py:3096} INFO - Sync 1 DAGs
[2025-11-14T17:55:51.469+0000] {logging_mixin.py:188} INFO - [2025-11-14T17:55:51.469+0000] {dag.py:3954} INFO - Setting next_dagrun for sodai_pipeline_dag to 2025-11-09 00:00:00+00:00, run_after=2025-11-16 00:00:00+00:00
[2025-11-14T17:55:51.479+0000] {processor.py:183} INFO - Processing /opt/airflow/dags/sodai_pipeline.py took 0.123 seconds
[2025-11-14T17:56:21.804+0000] {processor.py:161} INFO - Started process (PID=3305) to work on /opt/airflow/dags/sodai_pipeline.py
[2025-11-14T17:56:21.807+0000] {processor.py:830} INFO - Processing file /opt/airflow/dags/sodai_pipeline.py for tasks to queue
[2025-11-14T17:56:21.812+0000] {logging_mixin.py:188} INFO - [2025-11-14T17:56:21.811+0000] {dagbag.py:545} INFO - Filling up the DagBag from /opt/airflow/dags/sodai_pipeline.py
[2025-11-14T17:56:21.834+0000] {processor.py:840} INFO - DAG(s) 'sodai_pipeline_dag' retrieved from /opt/airflow/dags/sodai_pipeline.py
[2025-11-14T17:56:21.870+0000] {logging_mixin.py:188} INFO - [2025-11-14T17:56:21.870+0000] {dag.py:3096} INFO - Sync 1 DAGs
[2025-11-14T17:56:21.887+0000] {logging_mixin.py:188} INFO - [2025-11-14T17:56:21.887+0000] {dag.py:3954} INFO - Setting next_dagrun for sodai_pipeline_dag to 2025-11-09 00:00:00+00:00, run_after=2025-11-16 00:00:00+00:00
[2025-11-14T17:56:21.897+0000] {processor.py:183} INFO - Processing /opt/airflow/dags/sodai_pipeline.py took 0.107 seconds
[2025-11-14T17:56:52.198+0000] {processor.py:161} INFO - Started process (PID=3310) to work on /opt/airflow/dags/sodai_pipeline.py
[2025-11-14T17:56:52.201+0000] {processor.py:830} INFO - Processing file /opt/airflow/dags/sodai_pipeline.py for tasks to queue
[2025-11-14T17:56:52.204+0000] {logging_mixin.py:188} INFO - [2025-11-14T17:56:52.203+0000] {dagbag.py:545} INFO - Filling up the DagBag from /opt/airflow/dags/sodai_pipeline.py
[2025-11-14T17:56:52.222+0000] {processor.py:840} INFO - DAG(s) 'sodai_pipeline_dag' retrieved from /opt/airflow/dags/sodai_pipeline.py
[2025-11-14T17:56:52.256+0000] {logging_mixin.py:188} INFO - [2025-11-14T17:56:52.256+0000] {dag.py:3096} INFO - Sync 1 DAGs
[2025-11-14T17:56:52.277+0000] {logging_mixin.py:188} INFO - [2025-11-14T17:56:52.276+0000] {dag.py:3954} INFO - Setting next_dagrun for sodai_pipeline_dag to 2025-11-09 00:00:00+00:00, run_after=2025-11-16 00:00:00+00:00
[2025-11-14T17:56:52.288+0000] {processor.py:183} INFO - Processing /opt/airflow/dags/sodai_pipeline.py took 0.107 seconds
[2025-11-14T17:57:22.554+0000] {processor.py:161} INFO - Started process (PID=3315) to work on /opt/airflow/dags/sodai_pipeline.py
[2025-11-14T17:57:22.561+0000] {processor.py:830} INFO - Processing file /opt/airflow/dags/sodai_pipeline.py for tasks to queue
[2025-11-14T17:57:22.564+0000] {logging_mixin.py:188} INFO - [2025-11-14T17:57:22.564+0000] {dagbag.py:545} INFO - Filling up the DagBag from /opt/airflow/dags/sodai_pipeline.py
[2025-11-14T17:57:22.587+0000] {processor.py:840} INFO - DAG(s) 'sodai_pipeline_dag' retrieved from /opt/airflow/dags/sodai_pipeline.py
[2025-11-14T17:57:22.619+0000] {logging_mixin.py:188} INFO - [2025-11-14T17:57:22.619+0000] {dag.py:3096} INFO - Sync 1 DAGs
[2025-11-14T17:57:22.637+0000] {logging_mixin.py:188} INFO - [2025-11-14T17:57:22.637+0000] {dag.py:3954} INFO - Setting next_dagrun for sodai_pipeline_dag to 2025-11-09 00:00:00+00:00, run_after=2025-11-16 00:00:00+00:00
[2025-11-14T17:57:22.646+0000] {processor.py:183} INFO - Processing /opt/airflow/dags/sodai_pipeline.py took 0.107 seconds
[2025-11-14T17:57:52.915+0000] {processor.py:161} INFO - Started process (PID=3320) to work on /opt/airflow/dags/sodai_pipeline.py
[2025-11-14T17:57:52.919+0000] {processor.py:830} INFO - Processing file /opt/airflow/dags/sodai_pipeline.py for tasks to queue
[2025-11-14T17:57:52.926+0000] {logging_mixin.py:188} INFO - [2025-11-14T17:57:52.925+0000] {dagbag.py:545} INFO - Filling up the DagBag from /opt/airflow/dags/sodai_pipeline.py
[2025-11-14T17:57:52.946+0000] {processor.py:840} INFO - DAG(s) 'sodai_pipeline_dag' retrieved from /opt/airflow/dags/sodai_pipeline.py
[2025-11-14T17:57:52.978+0000] {logging_mixin.py:188} INFO - [2025-11-14T17:57:52.978+0000] {dag.py:3096} INFO - Sync 1 DAGs
[2025-11-14T17:57:52.997+0000] {logging_mixin.py:188} INFO - [2025-11-14T17:57:52.997+0000] {dag.py:3954} INFO - Setting next_dagrun for sodai_pipeline_dag to 2025-11-09 00:00:00+00:00, run_after=2025-11-16 00:00:00+00:00
[2025-11-14T17:57:53.007+0000] {processor.py:183} INFO - Processing /opt/airflow/dags/sodai_pipeline.py took 0.107 seconds
[2025-11-14T17:58:23.246+0000] {processor.py:161} INFO - Started process (PID=3325) to work on /opt/airflow/dags/sodai_pipeline.py
[2025-11-14T17:58:23.249+0000] {processor.py:830} INFO - Processing file /opt/airflow/dags/sodai_pipeline.py for tasks to queue
[2025-11-14T17:58:23.253+0000] {logging_mixin.py:188} INFO - [2025-11-14T17:58:23.252+0000] {dagbag.py:545} INFO - Filling up the DagBag from /opt/airflow/dags/sodai_pipeline.py
[2025-11-14T17:58:23.275+0000] {processor.py:840} INFO - DAG(s) 'sodai_pipeline_dag' retrieved from /opt/airflow/dags/sodai_pipeline.py
[2025-11-14T17:58:23.312+0000] {logging_mixin.py:188} INFO - [2025-11-14T17:58:23.312+0000] {dag.py:3096} INFO - Sync 1 DAGs
[2025-11-14T17:58:23.331+0000] {logging_mixin.py:188} INFO - [2025-11-14T17:58:23.331+0000] {dag.py:3954} INFO - Setting next_dagrun for sodai_pipeline_dag to 2025-11-09 00:00:00+00:00, run_after=2025-11-16 00:00:00+00:00
[2025-11-14T17:58:23.342+0000] {processor.py:183} INFO - Processing /opt/airflow/dags/sodai_pipeline.py took 0.107 seconds
[2025-11-14T17:58:53.680+0000] {processor.py:161} INFO - Started process (PID=3330) to work on /opt/airflow/dags/sodai_pipeline.py
[2025-11-14T17:58:53.683+0000] {processor.py:830} INFO - Processing file /opt/airflow/dags/sodai_pipeline.py for tasks to queue
[2025-11-14T17:58:53.687+0000] {logging_mixin.py:188} INFO - [2025-11-14T17:58:53.686+0000] {dagbag.py:545} INFO - Filling up the DagBag from /opt/airflow/dags/sodai_pipeline.py
[2025-11-14T17:58:53.722+0000] {processor.py:840} INFO - DAG(s) 'sodai_pipeline_dag' retrieved from /opt/airflow/dags/sodai_pipeline.py
[2025-11-14T17:58:53.773+0000] {logging_mixin.py:188} INFO - [2025-11-14T17:58:53.773+0000] {dag.py:3096} INFO - Sync 1 DAGs
[2025-11-14T17:58:53.795+0000] {logging_mixin.py:188} INFO - [2025-11-14T17:58:53.795+0000] {dag.py:3954} INFO - Setting next_dagrun for sodai_pipeline_dag to 2025-11-09 00:00:00+00:00, run_after=2025-11-16 00:00:00+00:00
[2025-11-14T17:58:53.808+0000] {processor.py:183} INFO - Processing /opt/airflow/dags/sodai_pipeline.py took 0.143 seconds
[2025-11-14T17:59:24.049+0000] {processor.py:161} INFO - Started process (PID=3335) to work on /opt/airflow/dags/sodai_pipeline.py
[2025-11-14T17:59:24.052+0000] {processor.py:830} INFO - Processing file /opt/airflow/dags/sodai_pipeline.py for tasks to queue
[2025-11-14T17:59:24.056+0000] {logging_mixin.py:188} INFO - [2025-11-14T17:59:24.055+0000] {dagbag.py:545} INFO - Filling up the DagBag from /opt/airflow/dags/sodai_pipeline.py
[2025-11-14T17:59:24.077+0000] {processor.py:840} INFO - DAG(s) 'sodai_pipeline_dag' retrieved from /opt/airflow/dags/sodai_pipeline.py
[2025-11-14T17:59:24.112+0000] {logging_mixin.py:188} INFO - [2025-11-14T17:59:24.112+0000] {dag.py:3096} INFO - Sync 1 DAGs
[2025-11-14T17:59:24.128+0000] {logging_mixin.py:188} INFO - [2025-11-14T17:59:24.128+0000] {dag.py:3954} INFO - Setting next_dagrun for sodai_pipeline_dag to 2025-11-09 00:00:00+00:00, run_after=2025-11-16 00:00:00+00:00
[2025-11-14T17:59:24.139+0000] {processor.py:183} INFO - Processing /opt/airflow/dags/sodai_pipeline.py took 0.107 seconds
[2025-11-14T17:59:54.538+0000] {processor.py:161} INFO - Started process (PID=3340) to work on /opt/airflow/dags/sodai_pipeline.py
[2025-11-14T17:59:54.541+0000] {processor.py:830} INFO - Processing file /opt/airflow/dags/sodai_pipeline.py for tasks to queue
[2025-11-14T17:59:54.545+0000] {logging_mixin.py:188} INFO - [2025-11-14T17:59:54.544+0000] {dagbag.py:545} INFO - Filling up the DagBag from /opt/airflow/dags/sodai_pipeline.py
[2025-11-14T17:59:54.565+0000] {processor.py:840} INFO - DAG(s) 'sodai_pipeline_dag' retrieved from /opt/airflow/dags/sodai_pipeline.py
[2025-11-14T17:59:54.600+0000] {logging_mixin.py:188} INFO - [2025-11-14T17:59:54.600+0000] {dag.py:3096} INFO - Sync 1 DAGs
[2025-11-14T17:59:54.620+0000] {logging_mixin.py:188} INFO - [2025-11-14T17:59:54.619+0000] {dag.py:3954} INFO - Setting next_dagrun for sodai_pipeline_dag to 2025-11-09 00:00:00+00:00, run_after=2025-11-16 00:00:00+00:00
[2025-11-14T17:59:54.630+0000] {processor.py:183} INFO - Processing /opt/airflow/dags/sodai_pipeline.py took 0.111 seconds
[2025-11-14T18:00:24.948+0000] {processor.py:161} INFO - Started process (PID=3345) to work on /opt/airflow/dags/sodai_pipeline.py
[2025-11-14T18:00:24.951+0000] {processor.py:830} INFO - Processing file /opt/airflow/dags/sodai_pipeline.py for tasks to queue
[2025-11-14T18:00:24.955+0000] {logging_mixin.py:188} INFO - [2025-11-14T18:00:24.954+0000] {dagbag.py:545} INFO - Filling up the DagBag from /opt/airflow/dags/sodai_pipeline.py
[2025-11-14T18:00:24.972+0000] {processor.py:840} INFO - DAG(s) 'sodai_pipeline_dag' retrieved from /opt/airflow/dags/sodai_pipeline.py
[2025-11-14T18:00:25.017+0000] {logging_mixin.py:188} INFO - [2025-11-14T18:00:25.017+0000] {dag.py:3096} INFO - Sync 1 DAGs
[2025-11-14T18:00:25.042+0000] {logging_mixin.py:188} INFO - [2025-11-14T18:00:25.042+0000] {dag.py:3954} INFO - Setting next_dagrun for sodai_pipeline_dag to 2025-11-09 00:00:00+00:00, run_after=2025-11-16 00:00:00+00:00
[2025-11-14T18:00:25.054+0000] {processor.py:183} INFO - Processing /opt/airflow/dags/sodai_pipeline.py took 0.122 seconds
[2025-11-14T18:00:55.306+0000] {processor.py:161} INFO - Started process (PID=3350) to work on /opt/airflow/dags/sodai_pipeline.py
[2025-11-14T18:00:55.315+0000] {processor.py:830} INFO - Processing file /opt/airflow/dags/sodai_pipeline.py for tasks to queue
[2025-11-14T18:00:55.323+0000] {logging_mixin.py:188} INFO - [2025-11-14T18:00:55.322+0000] {dagbag.py:545} INFO - Filling up the DagBag from /opt/airflow/dags/sodai_pipeline.py
[2025-11-14T18:00:55.341+0000] {processor.py:840} INFO - DAG(s) 'sodai_pipeline_dag' retrieved from /opt/airflow/dags/sodai_pipeline.py
[2025-11-14T18:00:55.373+0000] {logging_mixin.py:188} INFO - [2025-11-14T18:00:55.373+0000] {dag.py:3096} INFO - Sync 1 DAGs
[2025-11-14T18:00:55.393+0000] {logging_mixin.py:188} INFO - [2025-11-14T18:00:55.393+0000] {dag.py:3954} INFO - Setting next_dagrun for sodai_pipeline_dag to 2025-11-09 00:00:00+00:00, run_after=2025-11-16 00:00:00+00:00
[2025-11-14T18:00:55.406+0000] {processor.py:183} INFO - Processing /opt/airflow/dags/sodai_pipeline.py took 0.123 seconds
[2025-11-14T18:01:25.688+0000] {processor.py:161} INFO - Started process (PID=3355) to work on /opt/airflow/dags/sodai_pipeline.py
[2025-11-14T18:01:25.693+0000] {processor.py:830} INFO - Processing file /opt/airflow/dags/sodai_pipeline.py for tasks to queue
[2025-11-14T18:01:25.696+0000] {logging_mixin.py:188} INFO - [2025-11-14T18:01:25.695+0000] {dagbag.py:545} INFO - Filling up the DagBag from /opt/airflow/dags/sodai_pipeline.py
[2025-11-14T18:01:25.710+0000] {processor.py:840} INFO - DAG(s) 'sodai_pipeline_dag' retrieved from /opt/airflow/dags/sodai_pipeline.py
[2025-11-14T18:01:25.736+0000] {logging_mixin.py:188} INFO - [2025-11-14T18:01:25.736+0000] {dag.py:3096} INFO - Sync 1 DAGs
[2025-11-14T18:01:25.753+0000] {logging_mixin.py:188} INFO - [2025-11-14T18:01:25.753+0000] {dag.py:3954} INFO - Setting next_dagrun for sodai_pipeline_dag to 2025-11-09 00:00:00+00:00, run_after=2025-11-16 00:00:00+00:00
[2025-11-14T18:01:25.765+0000] {processor.py:183} INFO - Processing /opt/airflow/dags/sodai_pipeline.py took 0.087 seconds
[2025-11-14T18:01:55.993+0000] {processor.py:161} INFO - Started process (PID=3360) to work on /opt/airflow/dags/sodai_pipeline.py
[2025-11-14T18:01:55.996+0000] {processor.py:830} INFO - Processing file /opt/airflow/dags/sodai_pipeline.py for tasks to queue
[2025-11-14T18:01:56.004+0000] {logging_mixin.py:188} INFO - [2025-11-14T18:01:56.003+0000] {dagbag.py:545} INFO - Filling up the DagBag from /opt/airflow/dags/sodai_pipeline.py
[2025-11-14T18:01:56.024+0000] {processor.py:840} INFO - DAG(s) 'sodai_pipeline_dag' retrieved from /opt/airflow/dags/sodai_pipeline.py
[2025-11-14T18:01:56.056+0000] {logging_mixin.py:188} INFO - [2025-11-14T18:01:56.056+0000] {dag.py:3096} INFO - Sync 1 DAGs
[2025-11-14T18:01:56.072+0000] {logging_mixin.py:188} INFO - [2025-11-14T18:01:56.072+0000] {dag.py:3954} INFO - Setting next_dagrun for sodai_pipeline_dag to 2025-11-09 00:00:00+00:00, run_after=2025-11-16 00:00:00+00:00
[2025-11-14T18:01:56.083+0000] {processor.py:183} INFO - Processing /opt/airflow/dags/sodai_pipeline.py took 0.107 seconds
[2025-11-14T18:02:26.374+0000] {processor.py:161} INFO - Started process (PID=3365) to work on /opt/airflow/dags/sodai_pipeline.py
[2025-11-14T18:02:26.376+0000] {processor.py:830} INFO - Processing file /opt/airflow/dags/sodai_pipeline.py for tasks to queue
[2025-11-14T18:02:26.380+0000] {logging_mixin.py:188} INFO - [2025-11-14T18:02:26.379+0000] {dagbag.py:545} INFO - Filling up the DagBag from /opt/airflow/dags/sodai_pipeline.py
[2025-11-14T18:02:26.407+0000] {processor.py:840} INFO - DAG(s) 'sodai_pipeline_dag' retrieved from /opt/airflow/dags/sodai_pipeline.py
[2025-11-14T18:02:26.435+0000] {logging_mixin.py:188} INFO - [2025-11-14T18:02:26.435+0000] {dag.py:3096} INFO - Sync 1 DAGs
[2025-11-14T18:02:26.458+0000] {logging_mixin.py:188} INFO - [2025-11-14T18:02:26.458+0000] {dag.py:3954} INFO - Setting next_dagrun for sodai_pipeline_dag to 2025-11-09 00:00:00+00:00, run_after=2025-11-16 00:00:00+00:00
[2025-11-14T18:02:26.474+0000] {processor.py:183} INFO - Processing /opt/airflow/dags/sodai_pipeline.py took 0.114 seconds
[2025-11-14T18:02:56.759+0000] {processor.py:161} INFO - Started process (PID=3370) to work on /opt/airflow/dags/sodai_pipeline.py
[2025-11-14T18:02:56.764+0000] {processor.py:830} INFO - Processing file /opt/airflow/dags/sodai_pipeline.py for tasks to queue
[2025-11-14T18:02:56.772+0000] {logging_mixin.py:188} INFO - [2025-11-14T18:02:56.771+0000] {dagbag.py:545} INFO - Filling up the DagBag from /opt/airflow/dags/sodai_pipeline.py
[2025-11-14T18:02:56.796+0000] {processor.py:840} INFO - DAG(s) 'sodai_pipeline_dag' retrieved from /opt/airflow/dags/sodai_pipeline.py
[2025-11-14T18:02:56.831+0000] {logging_mixin.py:188} INFO - [2025-11-14T18:02:56.831+0000] {dag.py:3096} INFO - Sync 1 DAGs
[2025-11-14T18:02:56.855+0000] {logging_mixin.py:188} INFO - [2025-11-14T18:02:56.855+0000] {dag.py:3954} INFO - Setting next_dagrun for sodai_pipeline_dag to 2025-11-09 00:00:00+00:00, run_after=2025-11-16 00:00:00+00:00
[2025-11-14T18:02:56.865+0000] {processor.py:183} INFO - Processing /opt/airflow/dags/sodai_pipeline.py took 0.125 seconds
[2025-11-14T18:03:27.164+0000] {processor.py:161} INFO - Started process (PID=3375) to work on /opt/airflow/dags/sodai_pipeline.py
[2025-11-14T18:03:27.169+0000] {processor.py:830} INFO - Processing file /opt/airflow/dags/sodai_pipeline.py for tasks to queue
[2025-11-14T18:03:27.176+0000] {logging_mixin.py:188} INFO - [2025-11-14T18:03:27.175+0000] {dagbag.py:545} INFO - Filling up the DagBag from /opt/airflow/dags/sodai_pipeline.py
[2025-11-14T18:03:27.197+0000] {processor.py:840} INFO - DAG(s) 'sodai_pipeline_dag' retrieved from /opt/airflow/dags/sodai_pipeline.py
[2025-11-14T18:03:27.233+0000] {logging_mixin.py:188} INFO - [2025-11-14T18:03:27.233+0000] {dag.py:3096} INFO - Sync 1 DAGs
[2025-11-14T18:03:27.256+0000] {logging_mixin.py:188} INFO - [2025-11-14T18:03:27.256+0000] {dag.py:3954} INFO - Setting next_dagrun for sodai_pipeline_dag to 2025-11-09 00:00:00+00:00, run_after=2025-11-16 00:00:00+00:00
[2025-11-14T18:03:27.265+0000] {processor.py:183} INFO - Processing /opt/airflow/dags/sodai_pipeline.py took 0.115 seconds
[2025-11-14T18:03:57.529+0000] {processor.py:161} INFO - Started process (PID=3380) to work on /opt/airflow/dags/sodai_pipeline.py
[2025-11-14T18:03:57.534+0000] {processor.py:830} INFO - Processing file /opt/airflow/dags/sodai_pipeline.py for tasks to queue
[2025-11-14T18:03:57.538+0000] {logging_mixin.py:188} INFO - [2025-11-14T18:03:57.537+0000] {dagbag.py:545} INFO - Filling up the DagBag from /opt/airflow/dags/sodai_pipeline.py
[2025-11-14T18:03:57.564+0000] {processor.py:840} INFO - DAG(s) 'sodai_pipeline_dag' retrieved from /opt/airflow/dags/sodai_pipeline.py
[2025-11-14T18:03:57.600+0000] {logging_mixin.py:188} INFO - [2025-11-14T18:03:57.600+0000] {dag.py:3096} INFO - Sync 1 DAGs
[2025-11-14T18:03:57.621+0000] {logging_mixin.py:188} INFO - [2025-11-14T18:03:57.621+0000] {dag.py:3954} INFO - Setting next_dagrun for sodai_pipeline_dag to 2025-11-09 00:00:00+00:00, run_after=2025-11-16 00:00:00+00:00
[2025-11-14T18:03:57.635+0000] {processor.py:183} INFO - Processing /opt/airflow/dags/sodai_pipeline.py took 0.119 seconds
[2025-11-14T18:04:28.005+0000] {processor.py:161} INFO - Started process (PID=3385) to work on /opt/airflow/dags/sodai_pipeline.py
[2025-11-14T18:04:28.008+0000] {processor.py:830} INFO - Processing file /opt/airflow/dags/sodai_pipeline.py for tasks to queue
[2025-11-14T18:04:28.012+0000] {logging_mixin.py:188} INFO - [2025-11-14T18:04:28.011+0000] {dagbag.py:545} INFO - Filling up the DagBag from /opt/airflow/dags/sodai_pipeline.py
[2025-11-14T18:04:28.026+0000] {processor.py:840} INFO - DAG(s) 'sodai_pipeline_dag' retrieved from /opt/airflow/dags/sodai_pipeline.py
[2025-11-14T18:04:28.048+0000] {logging_mixin.py:188} INFO - [2025-11-14T18:04:28.048+0000] {dag.py:3096} INFO - Sync 1 DAGs
[2025-11-14T18:04:28.063+0000] {logging_mixin.py:188} INFO - [2025-11-14T18:04:28.063+0000] {dag.py:3954} INFO - Setting next_dagrun for sodai_pipeline_dag to 2025-11-09 00:00:00+00:00, run_after=2025-11-16 00:00:00+00:00
[2025-11-14T18:04:28.074+0000] {processor.py:183} INFO - Processing /opt/airflow/dags/sodai_pipeline.py took 0.084 seconds
[2025-11-14T18:04:58.362+0000] {processor.py:161} INFO - Started process (PID=3390) to work on /opt/airflow/dags/sodai_pipeline.py
[2025-11-14T18:04:58.366+0000] {processor.py:830} INFO - Processing file /opt/airflow/dags/sodai_pipeline.py for tasks to queue
[2025-11-14T18:04:58.367+0000] {logging_mixin.py:188} INFO - [2025-11-14T18:04:58.367+0000] {dagbag.py:545} INFO - Filling up the DagBag from /opt/airflow/dags/sodai_pipeline.py
[2025-11-14T18:04:58.380+0000] {processor.py:840} INFO - DAG(s) 'sodai_pipeline_dag' retrieved from /opt/airflow/dags/sodai_pipeline.py
[2025-11-14T18:04:58.399+0000] {logging_mixin.py:188} INFO - [2025-11-14T18:04:58.399+0000] {dag.py:3096} INFO - Sync 1 DAGs
[2025-11-14T18:04:58.408+0000] {logging_mixin.py:188} INFO - [2025-11-14T18:04:58.408+0000] {dag.py:3954} INFO - Setting next_dagrun for sodai_pipeline_dag to 2025-11-09 00:00:00+00:00, run_after=2025-11-16 00:00:00+00:00
[2025-11-14T18:04:58.416+0000] {processor.py:183} INFO - Processing /opt/airflow/dags/sodai_pipeline.py took 0.060 seconds
[2025-11-14T18:05:28.778+0000] {processor.py:161} INFO - Started process (PID=3395) to work on /opt/airflow/dags/sodai_pipeline.py
[2025-11-14T18:05:28.783+0000] {processor.py:830} INFO - Processing file /opt/airflow/dags/sodai_pipeline.py for tasks to queue
[2025-11-14T18:05:28.786+0000] {logging_mixin.py:188} INFO - [2025-11-14T18:05:28.785+0000] {dagbag.py:545} INFO - Filling up the DagBag from /opt/airflow/dags/sodai_pipeline.py
[2025-11-14T18:05:28.801+0000] {processor.py:840} INFO - DAG(s) 'sodai_pipeline_dag' retrieved from /opt/airflow/dags/sodai_pipeline.py
[2025-11-14T18:05:28.822+0000] {logging_mixin.py:188} INFO - [2025-11-14T18:05:28.822+0000] {dag.py:3096} INFO - Sync 1 DAGs
[2025-11-14T18:05:28.836+0000] {logging_mixin.py:188} INFO - [2025-11-14T18:05:28.836+0000] {dag.py:3954} INFO - Setting next_dagrun for sodai_pipeline_dag to 2025-11-09 00:00:00+00:00, run_after=2025-11-16 00:00:00+00:00
[2025-11-14T18:05:28.845+0000] {processor.py:183} INFO - Processing /opt/airflow/dags/sodai_pipeline.py took 0.076 seconds
[2025-11-14T18:05:59.188+0000] {processor.py:161} INFO - Started process (PID=3400) to work on /opt/airflow/dags/sodai_pipeline.py
[2025-11-14T18:05:59.191+0000] {processor.py:830} INFO - Processing file /opt/airflow/dags/sodai_pipeline.py for tasks to queue
[2025-11-14T18:05:59.193+0000] {logging_mixin.py:188} INFO - [2025-11-14T18:05:59.192+0000] {dagbag.py:545} INFO - Filling up the DagBag from /opt/airflow/dags/sodai_pipeline.py
[2025-11-14T18:05:59.202+0000] {processor.py:840} INFO - DAG(s) 'sodai_pipeline_dag' retrieved from /opt/airflow/dags/sodai_pipeline.py
[2025-11-14T18:05:59.217+0000] {logging_mixin.py:188} INFO - [2025-11-14T18:05:59.217+0000] {dag.py:3096} INFO - Sync 1 DAGs
[2025-11-14T18:05:59.228+0000] {logging_mixin.py:188} INFO - [2025-11-14T18:05:59.228+0000] {dag.py:3954} INFO - Setting next_dagrun for sodai_pipeline_dag to 2025-11-09 00:00:00+00:00, run_after=2025-11-16 00:00:00+00:00
[2025-11-14T18:05:59.236+0000] {processor.py:183} INFO - Processing /opt/airflow/dags/sodai_pipeline.py took 0.055 seconds
[2025-11-14T18:06:29.561+0000] {processor.py:161} INFO - Started process (PID=3405) to work on /opt/airflow/dags/sodai_pipeline.py
[2025-11-14T18:06:29.564+0000] {processor.py:830} INFO - Processing file /opt/airflow/dags/sodai_pipeline.py for tasks to queue
[2025-11-14T18:06:29.567+0000] {logging_mixin.py:188} INFO - [2025-11-14T18:06:29.566+0000] {dagbag.py:545} INFO - Filling up the DagBag from /opt/airflow/dags/sodai_pipeline.py
[2025-11-14T18:06:29.585+0000] {processor.py:840} INFO - DAG(s) 'sodai_pipeline_dag' retrieved from /opt/airflow/dags/sodai_pipeline.py
[2025-11-14T18:06:29.622+0000] {logging_mixin.py:188} INFO - [2025-11-14T18:06:29.622+0000] {dag.py:3096} INFO - Sync 1 DAGs
[2025-11-14T18:06:29.639+0000] {logging_mixin.py:188} INFO - [2025-11-14T18:06:29.639+0000] {dag.py:3954} INFO - Setting next_dagrun for sodai_pipeline_dag to 2025-11-09 00:00:00+00:00, run_after=2025-11-16 00:00:00+00:00
[2025-11-14T18:06:29.649+0000] {processor.py:183} INFO - Processing /opt/airflow/dags/sodai_pipeline.py took 0.097 seconds
[2025-11-14T18:06:59.920+0000] {processor.py:161} INFO - Started process (PID=3410) to work on /opt/airflow/dags/sodai_pipeline.py
[2025-11-14T18:06:59.924+0000] {processor.py:830} INFO - Processing file /opt/airflow/dags/sodai_pipeline.py for tasks to queue
[2025-11-14T18:06:59.933+0000] {logging_mixin.py:188} INFO - [2025-11-14T18:06:59.930+0000] {dagbag.py:545} INFO - Filling up the DagBag from /opt/airflow/dags/sodai_pipeline.py
[2025-11-14T18:06:59.955+0000] {processor.py:840} INFO - DAG(s) 'sodai_pipeline_dag' retrieved from /opt/airflow/dags/sodai_pipeline.py
[2025-11-14T18:06:59.981+0000] {logging_mixin.py:188} INFO - [2025-11-14T18:06:59.981+0000] {dag.py:3096} INFO - Sync 1 DAGs
[2025-11-14T18:06:59.994+0000] {logging_mixin.py:188} INFO - [2025-11-14T18:06:59.994+0000] {dag.py:3954} INFO - Setting next_dagrun for sodai_pipeline_dag to 2025-11-09 00:00:00+00:00, run_after=2025-11-16 00:00:00+00:00
[2025-11-14T18:07:00.007+0000] {processor.py:183} INFO - Processing /opt/airflow/dags/sodai_pipeline.py took 0.098 seconds
[2025-11-14T18:07:30.237+0000] {processor.py:161} INFO - Started process (PID=3415) to work on /opt/airflow/dags/sodai_pipeline.py
[2025-11-14T18:07:30.240+0000] {processor.py:830} INFO - Processing file /opt/airflow/dags/sodai_pipeline.py for tasks to queue
[2025-11-14T18:07:30.243+0000] {logging_mixin.py:188} INFO - [2025-11-14T18:07:30.243+0000] {dagbag.py:545} INFO - Filling up the DagBag from /opt/airflow/dags/sodai_pipeline.py
[2025-11-14T18:07:30.257+0000] {processor.py:840} INFO - DAG(s) 'sodai_pipeline_dag' retrieved from /opt/airflow/dags/sodai_pipeline.py
[2025-11-14T18:07:30.292+0000] {logging_mixin.py:188} INFO - [2025-11-14T18:07:30.292+0000] {dag.py:3096} INFO - Sync 1 DAGs
[2025-11-14T18:07:30.310+0000] {logging_mixin.py:188} INFO - [2025-11-14T18:07:30.309+0000] {dag.py:3954} INFO - Setting next_dagrun for sodai_pipeline_dag to 2025-11-09 00:00:00+00:00, run_after=2025-11-16 00:00:00+00:00
[2025-11-14T18:07:30.319+0000] {processor.py:183} INFO - Processing /opt/airflow/dags/sodai_pipeline.py took 0.090 seconds
[2025-11-14T18:08:00.682+0000] {processor.py:161} INFO - Started process (PID=3420) to work on /opt/airflow/dags/sodai_pipeline.py
[2025-11-14T18:08:00.686+0000] {processor.py:830} INFO - Processing file /opt/airflow/dags/sodai_pipeline.py for tasks to queue
[2025-11-14T18:08:00.690+0000] {logging_mixin.py:188} INFO - [2025-11-14T18:08:00.689+0000] {dagbag.py:545} INFO - Filling up the DagBag from /opt/airflow/dags/sodai_pipeline.py
[2025-11-14T18:08:00.715+0000] {processor.py:840} INFO - DAG(s) 'sodai_pipeline_dag' retrieved from /opt/airflow/dags/sodai_pipeline.py
[2025-11-14T18:08:00.743+0000] {logging_mixin.py:188} INFO - [2025-11-14T18:08:00.743+0000] {dag.py:3096} INFO - Sync 1 DAGs
[2025-11-14T18:08:00.758+0000] {logging_mixin.py:188} INFO - [2025-11-14T18:08:00.758+0000] {dag.py:3954} INFO - Setting next_dagrun for sodai_pipeline_dag to 2025-11-09 00:00:00+00:00, run_after=2025-11-16 00:00:00+00:00
[2025-11-14T18:08:00.766+0000] {processor.py:183} INFO - Processing /opt/airflow/dags/sodai_pipeline.py took 0.095 seconds
[2025-11-14T18:08:31.029+0000] {processor.py:161} INFO - Started process (PID=3425) to work on /opt/airflow/dags/sodai_pipeline.py
[2025-11-14T18:08:31.032+0000] {processor.py:830} INFO - Processing file /opt/airflow/dags/sodai_pipeline.py for tasks to queue
[2025-11-14T18:08:31.036+0000] {logging_mixin.py:188} INFO - [2025-11-14T18:08:31.035+0000] {dagbag.py:545} INFO - Filling up the DagBag from /opt/airflow/dags/sodai_pipeline.py
[2025-11-14T18:08:31.068+0000] {processor.py:840} INFO - DAG(s) 'sodai_pipeline_dag' retrieved from /opt/airflow/dags/sodai_pipeline.py
[2025-11-14T18:08:31.100+0000] {logging_mixin.py:188} INFO - [2025-11-14T18:08:31.099+0000] {dag.py:3096} INFO - Sync 1 DAGs
[2025-11-14T18:08:31.113+0000] {logging_mixin.py:188} INFO - [2025-11-14T18:08:31.113+0000] {dag.py:3954} INFO - Setting next_dagrun for sodai_pipeline_dag to 2025-11-09 00:00:00+00:00, run_after=2025-11-16 00:00:00+00:00
[2025-11-14T18:08:31.129+0000] {processor.py:183} INFO - Processing /opt/airflow/dags/sodai_pipeline.py took 0.114 seconds
[2025-11-14T18:09:01.418+0000] {processor.py:161} INFO - Started process (PID=3430) to work on /opt/airflow/dags/sodai_pipeline.py
[2025-11-14T18:09:01.422+0000] {processor.py:830} INFO - Processing file /opt/airflow/dags/sodai_pipeline.py for tasks to queue
[2025-11-14T18:09:01.425+0000] {logging_mixin.py:188} INFO - [2025-11-14T18:09:01.425+0000] {dagbag.py:545} INFO - Filling up the DagBag from /opt/airflow/dags/sodai_pipeline.py
[2025-11-14T18:09:01.447+0000] {processor.py:840} INFO - DAG(s) 'sodai_pipeline_dag' retrieved from /opt/airflow/dags/sodai_pipeline.py
[2025-11-14T18:09:01.473+0000] {logging_mixin.py:188} INFO - [2025-11-14T18:09:01.473+0000] {dag.py:3096} INFO - Sync 1 DAGs
[2025-11-14T18:09:01.486+0000] {logging_mixin.py:188} INFO - [2025-11-14T18:09:01.486+0000] {dag.py:3954} INFO - Setting next_dagrun for sodai_pipeline_dag to 2025-11-09 00:00:00+00:00, run_after=2025-11-16 00:00:00+00:00
[2025-11-14T18:09:01.495+0000] {processor.py:183} INFO - Processing /opt/airflow/dags/sodai_pipeline.py took 0.094 seconds
[2025-11-14T18:09:31.697+0000] {processor.py:161} INFO - Started process (PID=3435) to work on /opt/airflow/dags/sodai_pipeline.py
[2025-11-14T18:09:31.702+0000] {processor.py:830} INFO - Processing file /opt/airflow/dags/sodai_pipeline.py for tasks to queue
[2025-11-14T18:09:31.704+0000] {logging_mixin.py:188} INFO - [2025-11-14T18:09:31.704+0000] {dagbag.py:545} INFO - Filling up the DagBag from /opt/airflow/dags/sodai_pipeline.py
[2025-11-14T18:09:31.714+0000] {processor.py:840} INFO - DAG(s) 'sodai_pipeline_dag' retrieved from /opt/airflow/dags/sodai_pipeline.py
[2025-11-14T18:09:31.733+0000] {logging_mixin.py:188} INFO - [2025-11-14T18:09:31.733+0000] {dag.py:3096} INFO - Sync 1 DAGs
[2025-11-14T18:09:31.752+0000] {logging_mixin.py:188} INFO - [2025-11-14T18:09:31.751+0000] {dag.py:3954} INFO - Setting next_dagrun for sodai_pipeline_dag to 2025-11-09 00:00:00+00:00, run_after=2025-11-16 00:00:00+00:00
[2025-11-14T18:09:31.764+0000] {processor.py:183} INFO - Processing /opt/airflow/dags/sodai_pipeline.py took 0.073 seconds
[2025-11-14T18:10:02.023+0000] {processor.py:161} INFO - Started process (PID=3440) to work on /opt/airflow/dags/sodai_pipeline.py
[2025-11-14T18:10:02.026+0000] {processor.py:830} INFO - Processing file /opt/airflow/dags/sodai_pipeline.py for tasks to queue
[2025-11-14T18:10:02.035+0000] {logging_mixin.py:188} INFO - [2025-11-14T18:10:02.034+0000] {dagbag.py:545} INFO - Filling up the DagBag from /opt/airflow/dags/sodai_pipeline.py
[2025-11-14T18:10:02.056+0000] {processor.py:840} INFO - DAG(s) 'sodai_pipeline_dag' retrieved from /opt/airflow/dags/sodai_pipeline.py
[2025-11-14T18:10:02.080+0000] {logging_mixin.py:188} INFO - [2025-11-14T18:10:02.080+0000] {dag.py:3096} INFO - Sync 1 DAGs
[2025-11-14T18:10:02.095+0000] {logging_mixin.py:188} INFO - [2025-11-14T18:10:02.095+0000] {dag.py:3954} INFO - Setting next_dagrun for sodai_pipeline_dag to 2025-11-09 00:00:00+00:00, run_after=2025-11-16 00:00:00+00:00
[2025-11-14T18:10:02.102+0000] {processor.py:183} INFO - Processing /opt/airflow/dags/sodai_pipeline.py took 0.090 seconds
[2025-11-14T18:10:32.378+0000] {processor.py:161} INFO - Started process (PID=3445) to work on /opt/airflow/dags/sodai_pipeline.py
[2025-11-14T18:10:32.381+0000] {processor.py:830} INFO - Processing file /opt/airflow/dags/sodai_pipeline.py for tasks to queue
[2025-11-14T18:10:32.383+0000] {logging_mixin.py:188} INFO - [2025-11-14T18:10:32.382+0000] {dagbag.py:545} INFO - Filling up the DagBag from /opt/airflow/dags/sodai_pipeline.py
[2025-11-14T18:10:32.395+0000] {processor.py:840} INFO - DAG(s) 'sodai_pipeline_dag' retrieved from /opt/airflow/dags/sodai_pipeline.py
[2025-11-14T18:10:32.412+0000] {logging_mixin.py:188} INFO - [2025-11-14T18:10:32.412+0000] {dag.py:3096} INFO - Sync 1 DAGs
[2025-11-14T18:10:32.427+0000] {logging_mixin.py:188} INFO - [2025-11-14T18:10:32.427+0000] {dag.py:3954} INFO - Setting next_dagrun for sodai_pipeline_dag to 2025-11-09 00:00:00+00:00, run_after=2025-11-16 00:00:00+00:00
[2025-11-14T18:10:32.435+0000] {processor.py:183} INFO - Processing /opt/airflow/dags/sodai_pipeline.py took 0.064 seconds
[2025-11-14T18:11:02.707+0000] {processor.py:161} INFO - Started process (PID=3450) to work on /opt/airflow/dags/sodai_pipeline.py
[2025-11-14T18:11:02.710+0000] {processor.py:830} INFO - Processing file /opt/airflow/dags/sodai_pipeline.py for tasks to queue
[2025-11-14T18:11:02.714+0000] {logging_mixin.py:188} INFO - [2025-11-14T18:11:02.713+0000] {dagbag.py:545} INFO - Filling up the DagBag from /opt/airflow/dags/sodai_pipeline.py
[2025-11-14T18:11:02.736+0000] {processor.py:840} INFO - DAG(s) 'sodai_pipeline_dag' retrieved from /opt/airflow/dags/sodai_pipeline.py
[2025-11-14T18:11:02.759+0000] {logging_mixin.py:188} INFO - [2025-11-14T18:11:02.759+0000] {dag.py:3096} INFO - Sync 1 DAGs
[2025-11-14T18:11:02.777+0000] {logging_mixin.py:188} INFO - [2025-11-14T18:11:02.777+0000] {dag.py:3954} INFO - Setting next_dagrun for sodai_pipeline_dag to 2025-11-09 00:00:00+00:00, run_after=2025-11-16 00:00:00+00:00
[2025-11-14T18:11:02.789+0000] {processor.py:183} INFO - Processing /opt/airflow/dags/sodai_pipeline.py took 0.094 seconds
[2025-11-14T18:11:33.079+0000] {processor.py:161} INFO - Started process (PID=3455) to work on /opt/airflow/dags/sodai_pipeline.py
[2025-11-14T18:11:33.083+0000] {processor.py:830} INFO - Processing file /opt/airflow/dags/sodai_pipeline.py for tasks to queue
[2025-11-14T18:11:33.088+0000] {logging_mixin.py:188} INFO - [2025-11-14T18:11:33.087+0000] {dagbag.py:545} INFO - Filling up the DagBag from /opt/airflow/dags/sodai_pipeline.py
[2025-11-14T18:11:33.107+0000] {processor.py:840} INFO - DAG(s) 'sodai_pipeline_dag' retrieved from /opt/airflow/dags/sodai_pipeline.py
[2025-11-14T18:11:33.130+0000] {logging_mixin.py:188} INFO - [2025-11-14T18:11:33.130+0000] {dag.py:3096} INFO - Sync 1 DAGs
[2025-11-14T18:11:33.144+0000] {logging_mixin.py:188} INFO - [2025-11-14T18:11:33.144+0000] {dag.py:3954} INFO - Setting next_dagrun for sodai_pipeline_dag to 2025-11-09 00:00:00+00:00, run_after=2025-11-16 00:00:00+00:00
[2025-11-14T18:11:33.152+0000] {processor.py:183} INFO - Processing /opt/airflow/dags/sodai_pipeline.py took 0.089 seconds
[2025-11-14T18:12:03.397+0000] {processor.py:161} INFO - Started process (PID=3460) to work on /opt/airflow/dags/sodai_pipeline.py
[2025-11-14T18:12:03.401+0000] {processor.py:830} INFO - Processing file /opt/airflow/dags/sodai_pipeline.py for tasks to queue
[2025-11-14T18:12:03.404+0000] {logging_mixin.py:188} INFO - [2025-11-14T18:12:03.403+0000] {dagbag.py:545} INFO - Filling up the DagBag from /opt/airflow/dags/sodai_pipeline.py
[2025-11-14T18:12:03.417+0000] {processor.py:840} INFO - DAG(s) 'sodai_pipeline_dag' retrieved from /opt/airflow/dags/sodai_pipeline.py
[2025-11-14T18:12:03.436+0000] {logging_mixin.py:188} INFO - [2025-11-14T18:12:03.436+0000] {dag.py:3096} INFO - Sync 1 DAGs
[2025-11-14T18:12:03.448+0000] {logging_mixin.py:188} INFO - [2025-11-14T18:12:03.448+0000] {dag.py:3954} INFO - Setting next_dagrun for sodai_pipeline_dag to 2025-11-09 00:00:00+00:00, run_after=2025-11-16 00:00:00+00:00
[2025-11-14T18:12:03.457+0000] {processor.py:183} INFO - Processing /opt/airflow/dags/sodai_pipeline.py took 0.074 seconds
[2025-11-14T18:12:33.780+0000] {processor.py:161} INFO - Started process (PID=3465) to work on /opt/airflow/dags/sodai_pipeline.py
[2025-11-14T18:12:33.784+0000] {processor.py:830} INFO - Processing file /opt/airflow/dags/sodai_pipeline.py for tasks to queue
[2025-11-14T18:12:33.785+0000] {logging_mixin.py:188} INFO - [2025-11-14T18:12:33.785+0000] {dagbag.py:545} INFO - Filling up the DagBag from /opt/airflow/dags/sodai_pipeline.py
[2025-11-14T18:12:33.796+0000] {processor.py:840} INFO - DAG(s) 'sodai_pipeline_dag' retrieved from /opt/airflow/dags/sodai_pipeline.py
[2025-11-14T18:12:33.817+0000] {logging_mixin.py:188} INFO - [2025-11-14T18:12:33.817+0000] {dag.py:3096} INFO - Sync 1 DAGs
[2025-11-14T18:12:33.831+0000] {logging_mixin.py:188} INFO - [2025-11-14T18:12:33.831+0000] {dag.py:3954} INFO - Setting next_dagrun for sodai_pipeline_dag to 2025-11-09 00:00:00+00:00, run_after=2025-11-16 00:00:00+00:00
[2025-11-14T18:12:33.840+0000] {processor.py:183} INFO - Processing /opt/airflow/dags/sodai_pipeline.py took 0.066 seconds
[2025-11-14T18:13:04.152+0000] {processor.py:161} INFO - Started process (PID=3470) to work on /opt/airflow/dags/sodai_pipeline.py
[2025-11-14T18:13:04.157+0000] {processor.py:830} INFO - Processing file /opt/airflow/dags/sodai_pipeline.py for tasks to queue
[2025-11-14T18:13:04.159+0000] {logging_mixin.py:188} INFO - [2025-11-14T18:13:04.158+0000] {dagbag.py:545} INFO - Filling up the DagBag from /opt/airflow/dags/sodai_pipeline.py
[2025-11-14T18:13:04.168+0000] {processor.py:840} INFO - DAG(s) 'sodai_pipeline_dag' retrieved from /opt/airflow/dags/sodai_pipeline.py
[2025-11-14T18:13:04.182+0000] {logging_mixin.py:188} INFO - [2025-11-14T18:13:04.182+0000] {dag.py:3096} INFO - Sync 1 DAGs
[2025-11-14T18:13:04.192+0000] {logging_mixin.py:188} INFO - [2025-11-14T18:13:04.192+0000] {dag.py:3954} INFO - Setting next_dagrun for sodai_pipeline_dag to 2025-11-09 00:00:00+00:00, run_after=2025-11-16 00:00:00+00:00
[2025-11-14T18:13:04.199+0000] {processor.py:183} INFO - Processing /opt/airflow/dags/sodai_pipeline.py took 0.058 seconds
[2025-11-14T18:13:34.532+0000] {processor.py:161} INFO - Started process (PID=3475) to work on /opt/airflow/dags/sodai_pipeline.py
[2025-11-14T18:13:34.535+0000] {processor.py:830} INFO - Processing file /opt/airflow/dags/sodai_pipeline.py for tasks to queue
[2025-11-14T18:13:34.539+0000] {logging_mixin.py:188} INFO - [2025-11-14T18:13:34.538+0000] {dagbag.py:545} INFO - Filling up the DagBag from /opt/airflow/dags/sodai_pipeline.py
[2025-11-14T18:13:34.554+0000] {processor.py:840} INFO - DAG(s) 'sodai_pipeline_dag' retrieved from /opt/airflow/dags/sodai_pipeline.py
[2025-11-14T18:13:34.575+0000] {logging_mixin.py:188} INFO - [2025-11-14T18:13:34.575+0000] {dag.py:3096} INFO - Sync 1 DAGs
[2025-11-14T18:13:34.589+0000] {logging_mixin.py:188} INFO - [2025-11-14T18:13:34.589+0000] {dag.py:3954} INFO - Setting next_dagrun for sodai_pipeline_dag to 2025-11-09 00:00:00+00:00, run_after=2025-11-16 00:00:00+00:00
[2025-11-14T18:13:34.599+0000] {processor.py:183} INFO - Processing /opt/airflow/dags/sodai_pipeline.py took 0.089 seconds
[2025-11-14T18:14:04.906+0000] {processor.py:161} INFO - Started process (PID=3480) to work on /opt/airflow/dags/sodai_pipeline.py
[2025-11-14T18:14:04.911+0000] {processor.py:830} INFO - Processing file /opt/airflow/dags/sodai_pipeline.py for tasks to queue
[2025-11-14T18:14:04.912+0000] {logging_mixin.py:188} INFO - [2025-11-14T18:14:04.912+0000] {dagbag.py:545} INFO - Filling up the DagBag from /opt/airflow/dags/sodai_pipeline.py
[2025-11-14T18:14:04.922+0000] {processor.py:840} INFO - DAG(s) 'sodai_pipeline_dag' retrieved from /opt/airflow/dags/sodai_pipeline.py
[2025-11-14T18:14:04.936+0000] {logging_mixin.py:188} INFO - [2025-11-14T18:14:04.936+0000] {dag.py:3096} INFO - Sync 1 DAGs
[2025-11-14T18:14:04.946+0000] {logging_mixin.py:188} INFO - [2025-11-14T18:14:04.946+0000] {dag.py:3954} INFO - Setting next_dagrun for sodai_pipeline_dag to 2025-11-09 00:00:00+00:00, run_after=2025-11-16 00:00:00+00:00
[2025-11-14T18:14:04.953+0000] {processor.py:183} INFO - Processing /opt/airflow/dags/sodai_pipeline.py took 0.060 seconds
[2025-11-14T18:14:35.349+0000] {processor.py:161} INFO - Started process (PID=3485) to work on /opt/airflow/dags/sodai_pipeline.py
[2025-11-14T18:14:35.352+0000] {processor.py:830} INFO - Processing file /opt/airflow/dags/sodai_pipeline.py for tasks to queue
[2025-11-14T18:14:35.354+0000] {logging_mixin.py:188} INFO - [2025-11-14T18:14:35.353+0000] {dagbag.py:545} INFO - Filling up the DagBag from /opt/airflow/dags/sodai_pipeline.py
[2025-11-14T18:14:35.367+0000] {processor.py:840} INFO - DAG(s) 'sodai_pipeline_dag' retrieved from /opt/airflow/dags/sodai_pipeline.py
[2025-11-14T18:14:35.384+0000] {logging_mixin.py:188} INFO - [2025-11-14T18:14:35.384+0000] {dag.py:3096} INFO - Sync 1 DAGs
[2025-11-14T18:14:35.397+0000] {logging_mixin.py:188} INFO - [2025-11-14T18:14:35.397+0000] {dag.py:3954} INFO - Setting next_dagrun for sodai_pipeline_dag to 2025-11-09 00:00:00+00:00, run_after=2025-11-16 00:00:00+00:00
[2025-11-14T18:14:35.405+0000] {processor.py:183} INFO - Processing /opt/airflow/dags/sodai_pipeline.py took 0.063 seconds
[2025-11-14T18:15:05.798+0000] {processor.py:161} INFO - Started process (PID=3490) to work on /opt/airflow/dags/sodai_pipeline.py
[2025-11-14T18:15:05.804+0000] {processor.py:830} INFO - Processing file /opt/airflow/dags/sodai_pipeline.py for tasks to queue
[2025-11-14T18:15:05.807+0000] {logging_mixin.py:188} INFO - [2025-11-14T18:15:05.807+0000] {dagbag.py:545} INFO - Filling up the DagBag from /opt/airflow/dags/sodai_pipeline.py
[2025-11-14T18:15:05.832+0000] {processor.py:840} INFO - DAG(s) 'sodai_pipeline_dag' retrieved from /opt/airflow/dags/sodai_pipeline.py
[2025-11-14T18:15:05.857+0000] {logging_mixin.py:188} INFO - [2025-11-14T18:15:05.857+0000] {dag.py:3096} INFO - Sync 1 DAGs
[2025-11-14T18:15:05.870+0000] {logging_mixin.py:188} INFO - [2025-11-14T18:15:05.870+0000] {dag.py:3954} INFO - Setting next_dagrun for sodai_pipeline_dag to 2025-11-09 00:00:00+00:00, run_after=2025-11-16 00:00:00+00:00
[2025-11-14T18:15:05.880+0000] {processor.py:183} INFO - Processing /opt/airflow/dags/sodai_pipeline.py took 0.094 seconds
[2025-11-14T18:15:36.183+0000] {processor.py:161} INFO - Started process (PID=3495) to work on /opt/airflow/dags/sodai_pipeline.py
[2025-11-14T18:15:36.188+0000] {processor.py:830} INFO - Processing file /opt/airflow/dags/sodai_pipeline.py for tasks to queue
[2025-11-14T18:15:36.190+0000] {logging_mixin.py:188} INFO - [2025-11-14T18:15:36.190+0000] {dagbag.py:545} INFO - Filling up the DagBag from /opt/airflow/dags/sodai_pipeline.py
[2025-11-14T18:15:36.201+0000] {processor.py:840} INFO - DAG(s) 'sodai_pipeline_dag' retrieved from /opt/airflow/dags/sodai_pipeline.py
[2025-11-14T18:15:36.217+0000] {logging_mixin.py:188} INFO - [2025-11-14T18:15:36.216+0000] {dag.py:3096} INFO - Sync 1 DAGs
[2025-11-14T18:15:36.227+0000] {logging_mixin.py:188} INFO - [2025-11-14T18:15:36.227+0000] {dag.py:3954} INFO - Setting next_dagrun for sodai_pipeline_dag to 2025-11-09 00:00:00+00:00, run_after=2025-11-16 00:00:00+00:00
[2025-11-14T18:15:36.234+0000] {processor.py:183} INFO - Processing /opt/airflow/dags/sodai_pipeline.py took 0.058 seconds
[2025-11-14T18:16:06.574+0000] {processor.py:161} INFO - Started process (PID=3500) to work on /opt/airflow/dags/sodai_pipeline.py
[2025-11-14T18:16:06.579+0000] {processor.py:830} INFO - Processing file /opt/airflow/dags/sodai_pipeline.py for tasks to queue
[2025-11-14T18:16:06.582+0000] {logging_mixin.py:188} INFO - [2025-11-14T18:16:06.581+0000] {dagbag.py:545} INFO - Filling up the DagBag from /opt/airflow/dags/sodai_pipeline.py
[2025-11-14T18:16:06.596+0000] {processor.py:840} INFO - DAG(s) 'sodai_pipeline_dag' retrieved from /opt/airflow/dags/sodai_pipeline.py
[2025-11-14T18:16:06.617+0000] {logging_mixin.py:188} INFO - [2025-11-14T18:16:06.616+0000] {dag.py:3096} INFO - Sync 1 DAGs
[2025-11-14T18:16:06.628+0000] {logging_mixin.py:188} INFO - [2025-11-14T18:16:06.628+0000] {dag.py:3954} INFO - Setting next_dagrun for sodai_pipeline_dag to 2025-11-09 00:00:00+00:00, run_after=2025-11-16 00:00:00+00:00
[2025-11-14T18:16:06.639+0000] {processor.py:183} INFO - Processing /opt/airflow/dags/sodai_pipeline.py took 0.078 seconds
[2025-11-14T18:16:36.928+0000] {processor.py:161} INFO - Started process (PID=3505) to work on /opt/airflow/dags/sodai_pipeline.py
[2025-11-14T18:16:36.932+0000] {processor.py:830} INFO - Processing file /opt/airflow/dags/sodai_pipeline.py for tasks to queue
[2025-11-14T18:16:36.933+0000] {logging_mixin.py:188} INFO - [2025-11-14T18:16:36.933+0000] {dagbag.py:545} INFO - Filling up the DagBag from /opt/airflow/dags/sodai_pipeline.py
[2025-11-14T18:16:36.944+0000] {processor.py:840} INFO - DAG(s) 'sodai_pipeline_dag' retrieved from /opt/airflow/dags/sodai_pipeline.py
[2025-11-14T18:16:36.962+0000] {logging_mixin.py:188} INFO - [2025-11-14T18:16:36.962+0000] {dag.py:3096} INFO - Sync 1 DAGs
[2025-11-14T18:16:36.972+0000] {logging_mixin.py:188} INFO - [2025-11-14T18:16:36.972+0000] {dag.py:3954} INFO - Setting next_dagrun for sodai_pipeline_dag to 2025-11-09 00:00:00+00:00, run_after=2025-11-16 00:00:00+00:00
[2025-11-14T18:16:36.979+0000] {processor.py:183} INFO - Processing /opt/airflow/dags/sodai_pipeline.py took 0.056 seconds
[2025-11-14T18:17:07.267+0000] {processor.py:161} INFO - Started process (PID=3510) to work on /opt/airflow/dags/sodai_pipeline.py
[2025-11-14T18:17:07.272+0000] {processor.py:830} INFO - Processing file /opt/airflow/dags/sodai_pipeline.py for tasks to queue
[2025-11-14T18:17:07.274+0000] {logging_mixin.py:188} INFO - [2025-11-14T18:17:07.274+0000] {dagbag.py:545} INFO - Filling up the DagBag from /opt/airflow/dags/sodai_pipeline.py
[2025-11-14T18:17:07.286+0000] {processor.py:840} INFO - DAG(s) 'sodai_pipeline_dag' retrieved from /opt/airflow/dags/sodai_pipeline.py
[2025-11-14T18:17:07.302+0000] {logging_mixin.py:188} INFO - [2025-11-14T18:17:07.302+0000] {dag.py:3096} INFO - Sync 1 DAGs
[2025-11-14T18:17:07.315+0000] {logging_mixin.py:188} INFO - [2025-11-14T18:17:07.315+0000] {dag.py:3954} INFO - Setting next_dagrun for sodai_pipeline_dag to 2025-11-09 00:00:00+00:00, run_after=2025-11-16 00:00:00+00:00
[2025-11-14T18:17:07.323+0000] {processor.py:183} INFO - Processing /opt/airflow/dags/sodai_pipeline.py took 0.066 seconds
[2025-11-14T18:17:37.606+0000] {processor.py:161} INFO - Started process (PID=3515) to work on /opt/airflow/dags/sodai_pipeline.py
[2025-11-14T18:17:37.610+0000] {processor.py:830} INFO - Processing file /opt/airflow/dags/sodai_pipeline.py for tasks to queue
[2025-11-14T18:17:37.614+0000] {logging_mixin.py:188} INFO - [2025-11-14T18:17:37.613+0000] {dagbag.py:545} INFO - Filling up the DagBag from /opt/airflow/dags/sodai_pipeline.py
[2025-11-14T18:17:37.630+0000] {processor.py:840} INFO - DAG(s) 'sodai_pipeline_dag' retrieved from /opt/airflow/dags/sodai_pipeline.py
[2025-11-14T18:17:37.649+0000] {logging_mixin.py:188} INFO - [2025-11-14T18:17:37.649+0000] {dag.py:3096} INFO - Sync 1 DAGs
[2025-11-14T18:17:37.662+0000] {logging_mixin.py:188} INFO - [2025-11-14T18:17:37.662+0000] {dag.py:3954} INFO - Setting next_dagrun for sodai_pipeline_dag to 2025-11-09 00:00:00+00:00, run_after=2025-11-16 00:00:00+00:00
[2025-11-14T18:17:37.672+0000] {processor.py:183} INFO - Processing /opt/airflow/dags/sodai_pipeline.py took 0.080 seconds
[2025-11-14T18:18:07.926+0000] {processor.py:161} INFO - Started process (PID=3520) to work on /opt/airflow/dags/sodai_pipeline.py
[2025-11-14T18:18:07.930+0000] {processor.py:830} INFO - Processing file /opt/airflow/dags/sodai_pipeline.py for tasks to queue
[2025-11-14T18:18:07.931+0000] {logging_mixin.py:188} INFO - [2025-11-14T18:18:07.931+0000] {dagbag.py:545} INFO - Filling up the DagBag from /opt/airflow/dags/sodai_pipeline.py
[2025-11-14T18:18:07.943+0000] {processor.py:840} INFO - DAG(s) 'sodai_pipeline_dag' retrieved from /opt/airflow/dags/sodai_pipeline.py
[2025-11-14T18:18:07.962+0000] {logging_mixin.py:188} INFO - [2025-11-14T18:18:07.962+0000] {dag.py:3096} INFO - Sync 1 DAGs
[2025-11-14T18:18:07.974+0000] {logging_mixin.py:188} INFO - [2025-11-14T18:18:07.974+0000] {dag.py:3954} INFO - Setting next_dagrun for sodai_pipeline_dag to 2025-11-09 00:00:00+00:00, run_after=2025-11-16 00:00:00+00:00
[2025-11-14T18:18:07.982+0000] {processor.py:183} INFO - Processing /opt/airflow/dags/sodai_pipeline.py took 0.063 seconds
[2025-11-14T18:18:38.345+0000] {processor.py:161} INFO - Started process (PID=3525) to work on /opt/airflow/dags/sodai_pipeline.py
[2025-11-14T18:18:38.348+0000] {processor.py:830} INFO - Processing file /opt/airflow/dags/sodai_pipeline.py for tasks to queue
[2025-11-14T18:18:38.350+0000] {logging_mixin.py:188} INFO - [2025-11-14T18:18:38.349+0000] {dagbag.py:545} INFO - Filling up the DagBag from /opt/airflow/dags/sodai_pipeline.py
[2025-11-14T18:18:38.360+0000] {processor.py:840} INFO - DAG(s) 'sodai_pipeline_dag' retrieved from /opt/airflow/dags/sodai_pipeline.py
[2025-11-14T18:18:38.375+0000] {logging_mixin.py:188} INFO - [2025-11-14T18:18:38.375+0000] {dag.py:3096} INFO - Sync 1 DAGs
[2025-11-14T18:18:38.386+0000] {logging_mixin.py:188} INFO - [2025-11-14T18:18:38.385+0000] {dag.py:3954} INFO - Setting next_dagrun for sodai_pipeline_dag to 2025-11-09 00:00:00+00:00, run_after=2025-11-16 00:00:00+00:00
[2025-11-14T18:18:38.394+0000] {processor.py:183} INFO - Processing /opt/airflow/dags/sodai_pipeline.py took 0.056 seconds
[2025-11-14T18:19:08.769+0000] {processor.py:161} INFO - Started process (PID=3530) to work on /opt/airflow/dags/sodai_pipeline.py
[2025-11-14T18:19:08.773+0000] {processor.py:830} INFO - Processing file /opt/airflow/dags/sodai_pipeline.py for tasks to queue
[2025-11-14T18:19:08.776+0000] {logging_mixin.py:188} INFO - [2025-11-14T18:19:08.775+0000] {dagbag.py:545} INFO - Filling up the DagBag from /opt/airflow/dags/sodai_pipeline.py
[2025-11-14T18:19:08.791+0000] {processor.py:840} INFO - DAG(s) 'sodai_pipeline_dag' retrieved from /opt/airflow/dags/sodai_pipeline.py
[2025-11-14T18:19:08.811+0000] {logging_mixin.py:188} INFO - [2025-11-14T18:19:08.811+0000] {dag.py:3096} INFO - Sync 1 DAGs
[2025-11-14T18:19:08.823+0000] {logging_mixin.py:188} INFO - [2025-11-14T18:19:08.823+0000] {dag.py:3954} INFO - Setting next_dagrun for sodai_pipeline_dag to 2025-11-09 00:00:00+00:00, run_after=2025-11-16 00:00:00+00:00
[2025-11-14T18:19:08.831+0000] {processor.py:183} INFO - Processing /opt/airflow/dags/sodai_pipeline.py took 0.071 seconds
[2025-11-14T18:19:39.134+0000] {processor.py:161} INFO - Started process (PID=3535) to work on /opt/airflow/dags/sodai_pipeline.py
[2025-11-14T18:19:39.139+0000] {processor.py:830} INFO - Processing file /opt/airflow/dags/sodai_pipeline.py for tasks to queue
[2025-11-14T18:19:39.141+0000] {logging_mixin.py:188} INFO - [2025-11-14T18:19:39.140+0000] {dagbag.py:545} INFO - Filling up the DagBag from /opt/airflow/dags/sodai_pipeline.py
[2025-11-14T18:19:39.152+0000] {processor.py:840} INFO - DAG(s) 'sodai_pipeline_dag' retrieved from /opt/airflow/dags/sodai_pipeline.py
[2025-11-14T18:19:39.169+0000] {logging_mixin.py:188} INFO - [2025-11-14T18:19:39.169+0000] {dag.py:3096} INFO - Sync 1 DAGs
[2025-11-14T18:19:39.180+0000] {logging_mixin.py:188} INFO - [2025-11-14T18:19:39.180+0000] {dag.py:3954} INFO - Setting next_dagrun for sodai_pipeline_dag to 2025-11-09 00:00:00+00:00, run_after=2025-11-16 00:00:00+00:00
[2025-11-14T18:19:39.188+0000] {processor.py:183} INFO - Processing /opt/airflow/dags/sodai_pipeline.py took 0.060 seconds
[2025-11-14T18:20:09.564+0000] {processor.py:161} INFO - Started process (PID=3540) to work on /opt/airflow/dags/sodai_pipeline.py
[2025-11-14T18:20:09.569+0000] {processor.py:830} INFO - Processing file /opt/airflow/dags/sodai_pipeline.py for tasks to queue
[2025-11-14T18:20:09.572+0000] {logging_mixin.py:188} INFO - [2025-11-14T18:20:09.571+0000] {dagbag.py:545} INFO - Filling up the DagBag from /opt/airflow/dags/sodai_pipeline.py
[2025-11-14T18:20:09.587+0000] {processor.py:840} INFO - DAG(s) 'sodai_pipeline_dag' retrieved from /opt/airflow/dags/sodai_pipeline.py
[2025-11-14T18:20:09.601+0000] {logging_mixin.py:188} INFO - [2025-11-14T18:20:09.601+0000] {dag.py:3096} INFO - Sync 1 DAGs
[2025-11-14T18:20:09.613+0000] {logging_mixin.py:188} INFO - [2025-11-14T18:20:09.613+0000] {dag.py:3954} INFO - Setting next_dagrun for sodai_pipeline_dag to 2025-11-09 00:00:00+00:00, run_after=2025-11-16 00:00:00+00:00
[2025-11-14T18:20:09.620+0000] {processor.py:183} INFO - Processing /opt/airflow/dags/sodai_pipeline.py took 0.065 seconds
[2025-11-14T18:20:39.982+0000] {processor.py:161} INFO - Started process (PID=3545) to work on /opt/airflow/dags/sodai_pipeline.py
[2025-11-14T18:20:39.986+0000] {processor.py:830} INFO - Processing file /opt/airflow/dags/sodai_pipeline.py for tasks to queue
[2025-11-14T18:20:39.988+0000] {logging_mixin.py:188} INFO - [2025-11-14T18:20:39.988+0000] {dagbag.py:545} INFO - Filling up the DagBag from /opt/airflow/dags/sodai_pipeline.py
[2025-11-14T18:20:40.000+0000] {processor.py:840} INFO - DAG(s) 'sodai_pipeline_dag' retrieved from /opt/airflow/dags/sodai_pipeline.py
[2025-11-14T18:20:40.021+0000] {logging_mixin.py:188} INFO - [2025-11-14T18:20:40.021+0000] {dag.py:3096} INFO - Sync 1 DAGs
[2025-11-14T18:20:40.035+0000] {logging_mixin.py:188} INFO - [2025-11-14T18:20:40.034+0000] {dag.py:3954} INFO - Setting next_dagrun for sodai_pipeline_dag to 2025-11-09 00:00:00+00:00, run_after=2025-11-16 00:00:00+00:00
[2025-11-14T18:20:40.043+0000] {processor.py:183} INFO - Processing /opt/airflow/dags/sodai_pipeline.py took 0.067 seconds
[2025-11-14T18:21:10.369+0000] {processor.py:161} INFO - Started process (PID=3550) to work on /opt/airflow/dags/sodai_pipeline.py
[2025-11-14T18:21:10.373+0000] {processor.py:830} INFO - Processing file /opt/airflow/dags/sodai_pipeline.py for tasks to queue
[2025-11-14T18:21:10.374+0000] {logging_mixin.py:188} INFO - [2025-11-14T18:21:10.374+0000] {dagbag.py:545} INFO - Filling up the DagBag from /opt/airflow/dags/sodai_pipeline.py
[2025-11-14T18:21:10.386+0000] {processor.py:840} INFO - DAG(s) 'sodai_pipeline_dag' retrieved from /opt/airflow/dags/sodai_pipeline.py
[2025-11-14T18:21:10.405+0000] {logging_mixin.py:188} INFO - [2025-11-14T18:21:10.405+0000] {dag.py:3096} INFO - Sync 1 DAGs
[2025-11-14T18:21:10.419+0000] {logging_mixin.py:188} INFO - [2025-11-14T18:21:10.418+0000] {dag.py:3954} INFO - Setting next_dagrun for sodai_pipeline_dag to 2025-11-09 00:00:00+00:00, run_after=2025-11-16 00:00:00+00:00
[2025-11-14T18:21:10.429+0000] {processor.py:183} INFO - Processing /opt/airflow/dags/sodai_pipeline.py took 0.067 seconds
[2025-11-14T18:21:40.682+0000] {processor.py:161} INFO - Started process (PID=3555) to work on /opt/airflow/dags/sodai_pipeline.py
[2025-11-14T18:21:40.685+0000] {processor.py:830} INFO - Processing file /opt/airflow/dags/sodai_pipeline.py for tasks to queue
[2025-11-14T18:21:40.686+0000] {logging_mixin.py:188} INFO - [2025-11-14T18:21:40.686+0000] {dagbag.py:545} INFO - Filling up the DagBag from /opt/airflow/dags/sodai_pipeline.py
[2025-11-14T18:21:40.696+0000] {processor.py:840} INFO - DAG(s) 'sodai_pipeline_dag' retrieved from /opt/airflow/dags/sodai_pipeline.py
[2025-11-14T18:21:40.710+0000] {logging_mixin.py:188} INFO - [2025-11-14T18:21:40.710+0000] {dag.py:3096} INFO - Sync 1 DAGs
[2025-11-14T18:21:40.720+0000] {logging_mixin.py:188} INFO - [2025-11-14T18:21:40.720+0000] {dag.py:3954} INFO - Setting next_dagrun for sodai_pipeline_dag to 2025-11-09 00:00:00+00:00, run_after=2025-11-16 00:00:00+00:00
[2025-11-14T18:21:40.726+0000] {processor.py:183} INFO - Processing /opt/airflow/dags/sodai_pipeline.py took 0.049 seconds
[2025-11-14T18:22:11.092+0000] {processor.py:161} INFO - Started process (PID=3560) to work on /opt/airflow/dags/sodai_pipeline.py
[2025-11-14T18:22:11.096+0000] {processor.py:830} INFO - Processing file /opt/airflow/dags/sodai_pipeline.py for tasks to queue
[2025-11-14T18:22:11.099+0000] {logging_mixin.py:188} INFO - [2025-11-14T18:22:11.099+0000] {dagbag.py:545} INFO - Filling up the DagBag from /opt/airflow/dags/sodai_pipeline.py
[2025-11-14T18:22:11.114+0000] {processor.py:840} INFO - DAG(s) 'sodai_pipeline_dag' retrieved from /opt/airflow/dags/sodai_pipeline.py
[2025-11-14T18:22:11.135+0000] {logging_mixin.py:188} INFO - [2025-11-14T18:22:11.135+0000] {dag.py:3096} INFO - Sync 1 DAGs
[2025-11-14T18:22:11.148+0000] {logging_mixin.py:188} INFO - [2025-11-14T18:22:11.147+0000] {dag.py:3954} INFO - Setting next_dagrun for sodai_pipeline_dag to 2025-11-09 00:00:00+00:00, run_after=2025-11-16 00:00:00+00:00
[2025-11-14T18:22:11.155+0000] {processor.py:183} INFO - Processing /opt/airflow/dags/sodai_pipeline.py took 0.072 seconds
[2025-11-14T18:22:41.387+0000] {processor.py:161} INFO - Started process (PID=3565) to work on /opt/airflow/dags/sodai_pipeline.py
[2025-11-14T18:22:41.390+0000] {processor.py:830} INFO - Processing file /opt/airflow/dags/sodai_pipeline.py for tasks to queue
[2025-11-14T18:22:41.392+0000] {logging_mixin.py:188} INFO - [2025-11-14T18:22:41.391+0000] {dagbag.py:545} INFO - Filling up the DagBag from /opt/airflow/dags/sodai_pipeline.py
[2025-11-14T18:22:41.402+0000] {processor.py:840} INFO - DAG(s) 'sodai_pipeline_dag' retrieved from /opt/airflow/dags/sodai_pipeline.py
[2025-11-14T18:22:41.423+0000] {logging_mixin.py:188} INFO - [2025-11-14T18:22:41.423+0000] {dag.py:3096} INFO - Sync 1 DAGs
[2025-11-14T18:22:41.436+0000] {logging_mixin.py:188} INFO - [2025-11-14T18:22:41.436+0000] {dag.py:3954} INFO - Setting next_dagrun for sodai_pipeline_dag to 2025-11-09 00:00:00+00:00, run_after=2025-11-16 00:00:00+00:00
[2025-11-14T18:22:41.444+0000] {processor.py:183} INFO - Processing /opt/airflow/dags/sodai_pipeline.py took 0.063 seconds
[2025-11-14T18:23:11.761+0000] {processor.py:161} INFO - Started process (PID=3570) to work on /opt/airflow/dags/sodai_pipeline.py
[2025-11-14T18:23:11.766+0000] {processor.py:830} INFO - Processing file /opt/airflow/dags/sodai_pipeline.py for tasks to queue
[2025-11-14T18:23:11.767+0000] {logging_mixin.py:188} INFO - [2025-11-14T18:23:11.767+0000] {dagbag.py:545} INFO - Filling up the DagBag from /opt/airflow/dags/sodai_pipeline.py
[2025-11-14T18:23:11.777+0000] {processor.py:840} INFO - DAG(s) 'sodai_pipeline_dag' retrieved from /opt/airflow/dags/sodai_pipeline.py
[2025-11-14T18:23:11.792+0000] {logging_mixin.py:188} INFO - [2025-11-14T18:23:11.792+0000] {dag.py:3096} INFO - Sync 1 DAGs
[2025-11-14T18:23:11.803+0000] {logging_mixin.py:188} INFO - [2025-11-14T18:23:11.803+0000] {dag.py:3954} INFO - Setting next_dagrun for sodai_pipeline_dag to 2025-11-09 00:00:00+00:00, run_after=2025-11-16 00:00:00+00:00
[2025-11-14T18:23:11.810+0000] {processor.py:183} INFO - Processing /opt/airflow/dags/sodai_pipeline.py took 0.057 seconds
[2025-11-14T18:23:42.109+0000] {processor.py:161} INFO - Started process (PID=3575) to work on /opt/airflow/dags/sodai_pipeline.py
[2025-11-14T18:23:42.113+0000] {processor.py:830} INFO - Processing file /opt/airflow/dags/sodai_pipeline.py for tasks to queue
[2025-11-14T18:23:42.116+0000] {logging_mixin.py:188} INFO - [2025-11-14T18:23:42.116+0000] {dagbag.py:545} INFO - Filling up the DagBag from /opt/airflow/dags/sodai_pipeline.py
[2025-11-14T18:23:42.131+0000] {processor.py:840} INFO - DAG(s) 'sodai_pipeline_dag' retrieved from /opt/airflow/dags/sodai_pipeline.py
[2025-11-14T18:23:42.151+0000] {logging_mixin.py:188} INFO - [2025-11-14T18:23:42.151+0000] {dag.py:3096} INFO - Sync 1 DAGs
[2025-11-14T18:23:42.164+0000] {logging_mixin.py:188} INFO - [2025-11-14T18:23:42.163+0000] {dag.py:3954} INFO - Setting next_dagrun for sodai_pipeline_dag to 2025-11-09 00:00:00+00:00, run_after=2025-11-16 00:00:00+00:00
[2025-11-14T18:23:42.172+0000] {processor.py:183} INFO - Processing /opt/airflow/dags/sodai_pipeline.py took 0.070 seconds
[2025-11-14T18:24:12.461+0000] {processor.py:161} INFO - Started process (PID=3580) to work on /opt/airflow/dags/sodai_pipeline.py
[2025-11-14T18:24:12.465+0000] {processor.py:830} INFO - Processing file /opt/airflow/dags/sodai_pipeline.py for tasks to queue
[2025-11-14T18:24:12.467+0000] {logging_mixin.py:188} INFO - [2025-11-14T18:24:12.466+0000] {dagbag.py:545} INFO - Filling up the DagBag from /opt/airflow/dags/sodai_pipeline.py
[2025-11-14T18:24:12.478+0000] {processor.py:840} INFO - DAG(s) 'sodai_pipeline_dag' retrieved from /opt/airflow/dags/sodai_pipeline.py
[2025-11-14T18:24:12.492+0000] {logging_mixin.py:188} INFO - [2025-11-14T18:24:12.491+0000] {dag.py:3096} INFO - Sync 1 DAGs
[2025-11-14T18:24:12.501+0000] {logging_mixin.py:188} INFO - [2025-11-14T18:24:12.501+0000] {dag.py:3954} INFO - Setting next_dagrun for sodai_pipeline_dag to 2025-11-09 00:00:00+00:00, run_after=2025-11-16 00:00:00+00:00
[2025-11-14T18:24:12.508+0000] {processor.py:183} INFO - Processing /opt/airflow/dags/sodai_pipeline.py took 0.053 seconds
[2025-11-14T18:24:42.892+0000] {processor.py:161} INFO - Started process (PID=3585) to work on /opt/airflow/dags/sodai_pipeline.py
[2025-11-14T18:24:42.983+0000] {processor.py:830} INFO - Processing file /opt/airflow/dags/sodai_pipeline.py for tasks to queue
[2025-11-14T18:24:43.020+0000] {logging_mixin.py:188} INFO - [2025-11-14T18:24:43.015+0000] {dagbag.py:545} INFO - Filling up the DagBag from /opt/airflow/dags/sodai_pipeline.py
[2025-11-14T18:24:43.046+0000] {processor.py:840} INFO - DAG(s) 'sodai_pipeline_dag' retrieved from /opt/airflow/dags/sodai_pipeline.py
[2025-11-14T18:24:43.260+0000] {logging_mixin.py:188} INFO - [2025-11-14T18:24:43.260+0000] {dag.py:3096} INFO - Sync 1 DAGs
[2025-11-14T18:24:43.301+0000] {logging_mixin.py:188} INFO - [2025-11-14T18:24:43.300+0000] {dag.py:3954} INFO - Setting next_dagrun for sodai_pipeline_dag to 2025-11-09 00:00:00+00:00, run_after=2025-11-16 00:00:00+00:00
[2025-11-14T18:24:43.316+0000] {processor.py:183} INFO - Processing /opt/airflow/dags/sodai_pipeline.py took 0.436 seconds
[2025-11-14T18:38:16.343+0000] {processor.py:161} INFO - Started process (PID=3590) to work on /opt/airflow/dags/sodai_pipeline.py
[2025-11-14T18:38:16.346+0000] {processor.py:830} INFO - Processing file /opt/airflow/dags/sodai_pipeline.py for tasks to queue
[2025-11-14T18:38:16.349+0000] {logging_mixin.py:188} INFO - [2025-11-14T18:38:16.349+0000] {dagbag.py:545} INFO - Filling up the DagBag from /opt/airflow/dags/sodai_pipeline.py
[2025-11-14T18:38:16.365+0000] {processor.py:840} INFO - DAG(s) 'sodai_pipeline_dag' retrieved from /opt/airflow/dags/sodai_pipeline.py
[2025-11-14T18:38:16.393+0000] {logging_mixin.py:188} INFO - [2025-11-14T18:38:16.393+0000] {dag.py:3096} INFO - Sync 1 DAGs
[2025-11-14T18:38:16.413+0000] {logging_mixin.py:188} INFO - [2025-11-14T18:38:16.413+0000] {dag.py:3954} INFO - Setting next_dagrun for sodai_pipeline_dag to 2025-11-09 00:00:00+00:00, run_after=2025-11-16 00:00:00+00:00
[2025-11-14T18:38:16.423+0000] {processor.py:183} INFO - Processing /opt/airflow/dags/sodai_pipeline.py took 0.090 seconds
[2025-11-14T18:38:46.709+0000] {processor.py:161} INFO - Started process (PID=3595) to work on /opt/airflow/dags/sodai_pipeline.py
[2025-11-14T18:38:46.712+0000] {processor.py:830} INFO - Processing file /opt/airflow/dags/sodai_pipeline.py for tasks to queue
[2025-11-14T18:38:46.720+0000] {logging_mixin.py:188} INFO - [2025-11-14T18:38:46.719+0000] {dagbag.py:545} INFO - Filling up the DagBag from /opt/airflow/dags/sodai_pipeline.py
[2025-11-14T18:38:46.734+0000] {processor.py:840} INFO - DAG(s) 'sodai_pipeline_dag' retrieved from /opt/airflow/dags/sodai_pipeline.py
[2025-11-14T18:38:46.756+0000] {logging_mixin.py:188} INFO - [2025-11-14T18:38:46.756+0000] {dag.py:3096} INFO - Sync 1 DAGs
[2025-11-14T18:38:46.774+0000] {logging_mixin.py:188} INFO - [2025-11-14T18:38:46.774+0000] {dag.py:3954} INFO - Setting next_dagrun for sodai_pipeline_dag to 2025-11-09 00:00:00+00:00, run_after=2025-11-16 00:00:00+00:00
[2025-11-14T18:38:46.784+0000] {processor.py:183} INFO - Processing /opt/airflow/dags/sodai_pipeline.py took 0.086 seconds
[2025-11-14T18:39:17.041+0000] {processor.py:161} INFO - Started process (PID=3600) to work on /opt/airflow/dags/sodai_pipeline.py
[2025-11-14T18:39:17.045+0000] {processor.py:830} INFO - Processing file /opt/airflow/dags/sodai_pipeline.py for tasks to queue
[2025-11-14T18:39:17.050+0000] {logging_mixin.py:188} INFO - [2025-11-14T18:39:17.049+0000] {dagbag.py:545} INFO - Filling up the DagBag from /opt/airflow/dags/sodai_pipeline.py
[2025-11-14T18:39:17.068+0000] {processor.py:840} INFO - DAG(s) 'sodai_pipeline_dag' retrieved from /opt/airflow/dags/sodai_pipeline.py
[2025-11-14T18:39:17.102+0000] {logging_mixin.py:188} INFO - [2025-11-14T18:39:17.101+0000] {dag.py:3096} INFO - Sync 1 DAGs
[2025-11-14T18:39:17.122+0000] {logging_mixin.py:188} INFO - [2025-11-14T18:39:17.122+0000] {dag.py:3954} INFO - Setting next_dagrun for sodai_pipeline_dag to 2025-11-09 00:00:00+00:00, run_after=2025-11-16 00:00:00+00:00
[2025-11-14T18:39:17.135+0000] {processor.py:183} INFO - Processing /opt/airflow/dags/sodai_pipeline.py took 0.104 seconds
[2025-11-14T18:39:47.465+0000] {processor.py:161} INFO - Started process (PID=3605) to work on /opt/airflow/dags/sodai_pipeline.py
[2025-11-14T18:39:47.468+0000] {processor.py:830} INFO - Processing file /opt/airflow/dags/sodai_pipeline.py for tasks to queue
[2025-11-14T18:39:47.473+0000] {logging_mixin.py:188} INFO - [2025-11-14T18:39:47.472+0000] {dagbag.py:545} INFO - Filling up the DagBag from /opt/airflow/dags/sodai_pipeline.py
[2025-11-14T18:39:47.505+0000] {processor.py:840} INFO - DAG(s) 'sodai_pipeline_dag' retrieved from /opt/airflow/dags/sodai_pipeline.py
[2025-11-14T18:39:47.539+0000] {logging_mixin.py:188} INFO - [2025-11-14T18:39:47.539+0000] {dag.py:3096} INFO - Sync 1 DAGs
[2025-11-14T18:39:47.557+0000] {logging_mixin.py:188} INFO - [2025-11-14T18:39:47.557+0000] {dag.py:3954} INFO - Setting next_dagrun for sodai_pipeline_dag to 2025-11-09 00:00:00+00:00, run_after=2025-11-16 00:00:00+00:00
[2025-11-14T18:39:47.571+0000] {processor.py:183} INFO - Processing /opt/airflow/dags/sodai_pipeline.py took 0.128 seconds
[2025-11-14T18:40:17.835+0000] {processor.py:161} INFO - Started process (PID=3610) to work on /opt/airflow/dags/sodai_pipeline.py
[2025-11-14T18:40:17.840+0000] {processor.py:830} INFO - Processing file /opt/airflow/dags/sodai_pipeline.py for tasks to queue
[2025-11-14T18:40:17.843+0000] {logging_mixin.py:188} INFO - [2025-11-14T18:40:17.843+0000] {dagbag.py:545} INFO - Filling up the DagBag from /opt/airflow/dags/sodai_pipeline.py
[2025-11-14T18:40:17.856+0000] {processor.py:840} INFO - DAG(s) 'sodai_pipeline_dag' retrieved from /opt/airflow/dags/sodai_pipeline.py
[2025-11-14T18:40:17.881+0000] {logging_mixin.py:188} INFO - [2025-11-14T18:40:17.881+0000] {dag.py:3096} INFO - Sync 1 DAGs
[2025-11-14T18:40:17.895+0000] {logging_mixin.py:188} INFO - [2025-11-14T18:40:17.895+0000] {dag.py:3954} INFO - Setting next_dagrun for sodai_pipeline_dag to 2025-11-09 00:00:00+00:00, run_after=2025-11-16 00:00:00+00:00
[2025-11-14T18:40:17.908+0000] {processor.py:183} INFO - Processing /opt/airflow/dags/sodai_pipeline.py took 0.085 seconds
[2025-11-14T18:40:48.186+0000] {processor.py:161} INFO - Started process (PID=3615) to work on /opt/airflow/dags/sodai_pipeline.py
[2025-11-14T18:40:48.190+0000] {processor.py:830} INFO - Processing file /opt/airflow/dags/sodai_pipeline.py for tasks to queue
[2025-11-14T18:40:48.192+0000] {logging_mixin.py:188} INFO - [2025-11-14T18:40:48.191+0000] {dagbag.py:545} INFO - Filling up the DagBag from /opt/airflow/dags/sodai_pipeline.py
[2025-11-14T18:40:48.206+0000] {processor.py:840} INFO - DAG(s) 'sodai_pipeline_dag' retrieved from /opt/airflow/dags/sodai_pipeline.py
[2025-11-14T18:40:48.226+0000] {logging_mixin.py:188} INFO - [2025-11-14T18:40:48.226+0000] {dag.py:3096} INFO - Sync 1 DAGs
[2025-11-14T18:40:48.241+0000] {logging_mixin.py:188} INFO - [2025-11-14T18:40:48.241+0000] {dag.py:3954} INFO - Setting next_dagrun for sodai_pipeline_dag to 2025-11-09 00:00:00+00:00, run_after=2025-11-16 00:00:00+00:00
[2025-11-14T18:40:48.251+0000] {processor.py:183} INFO - Processing /opt/airflow/dags/sodai_pipeline.py took 0.074 seconds
[2025-11-14T18:41:18.528+0000] {processor.py:161} INFO - Started process (PID=3620) to work on /opt/airflow/dags/sodai_pipeline.py
[2025-11-14T18:41:18.531+0000] {processor.py:830} INFO - Processing file /opt/airflow/dags/sodai_pipeline.py for tasks to queue
[2025-11-14T18:41:18.534+0000] {logging_mixin.py:188} INFO - [2025-11-14T18:41:18.533+0000] {dagbag.py:545} INFO - Filling up the DagBag from /opt/airflow/dags/sodai_pipeline.py
[2025-11-14T18:41:18.553+0000] {processor.py:840} INFO - DAG(s) 'sodai_pipeline_dag' retrieved from /opt/airflow/dags/sodai_pipeline.py
[2025-11-14T18:41:18.582+0000] {logging_mixin.py:188} INFO - [2025-11-14T18:41:18.582+0000] {dag.py:3096} INFO - Sync 1 DAGs
[2025-11-14T18:41:18.602+0000] {logging_mixin.py:188} INFO - [2025-11-14T18:41:18.602+0000] {dag.py:3954} INFO - Setting next_dagrun for sodai_pipeline_dag to 2025-11-09 00:00:00+00:00, run_after=2025-11-16 00:00:00+00:00
[2025-11-14T18:41:18.615+0000] {processor.py:183} INFO - Processing /opt/airflow/dags/sodai_pipeline.py took 0.101 seconds
[2025-11-14T18:41:48.809+0000] {processor.py:161} INFO - Started process (PID=3625) to work on /opt/airflow/dags/sodai_pipeline.py
[2025-11-14T18:41:48.811+0000] {processor.py:830} INFO - Processing file /opt/airflow/dags/sodai_pipeline.py for tasks to queue
[2025-11-14T18:41:48.814+0000] {logging_mixin.py:188} INFO - [2025-11-14T18:41:48.813+0000] {dagbag.py:545} INFO - Filling up the DagBag from /opt/airflow/dags/sodai_pipeline.py
[2025-11-14T18:41:48.827+0000] {processor.py:840} INFO - DAG(s) 'sodai_pipeline_dag' retrieved from /opt/airflow/dags/sodai_pipeline.py
[2025-11-14T18:41:48.856+0000] {logging_mixin.py:188} INFO - [2025-11-14T18:41:48.856+0000] {dag.py:3096} INFO - Sync 1 DAGs
[2025-11-14T18:41:48.875+0000] {logging_mixin.py:188} INFO - [2025-11-14T18:41:48.875+0000] {dag.py:3954} INFO - Setting next_dagrun for sodai_pipeline_dag to 2025-11-09 00:00:00+00:00, run_after=2025-11-16 00:00:00+00:00
[2025-11-14T18:41:48.885+0000] {processor.py:183} INFO - Processing /opt/airflow/dags/sodai_pipeline.py took 0.089 seconds
[2025-11-14T18:42:19.176+0000] {processor.py:161} INFO - Started process (PID=3630) to work on /opt/airflow/dags/sodai_pipeline.py
[2025-11-14T18:42:19.180+0000] {processor.py:830} INFO - Processing file /opt/airflow/dags/sodai_pipeline.py for tasks to queue
[2025-11-14T18:42:19.183+0000] {logging_mixin.py:188} INFO - [2025-11-14T18:42:19.182+0000] {dagbag.py:545} INFO - Filling up the DagBag from /opt/airflow/dags/sodai_pipeline.py
[2025-11-14T18:42:19.200+0000] {processor.py:840} INFO - DAG(s) 'sodai_pipeline_dag' retrieved from /opt/airflow/dags/sodai_pipeline.py
[2025-11-14T18:42:19.221+0000] {logging_mixin.py:188} INFO - [2025-11-14T18:42:19.221+0000] {dag.py:3096} INFO - Sync 1 DAGs
[2025-11-14T18:42:19.240+0000] {logging_mixin.py:188} INFO - [2025-11-14T18:42:19.240+0000] {dag.py:3954} INFO - Setting next_dagrun for sodai_pipeline_dag to 2025-11-09 00:00:00+00:00, run_after=2025-11-16 00:00:00+00:00
[2025-11-14T18:42:19.251+0000] {processor.py:183} INFO - Processing /opt/airflow/dags/sodai_pipeline.py took 0.085 seconds
[2025-11-14T18:42:49.520+0000] {processor.py:161} INFO - Started process (PID=3635) to work on /opt/airflow/dags/sodai_pipeline.py
[2025-11-14T18:42:49.524+0000] {processor.py:830} INFO - Processing file /opt/airflow/dags/sodai_pipeline.py for tasks to queue
[2025-11-14T18:42:49.528+0000] {logging_mixin.py:188} INFO - [2025-11-14T18:42:49.527+0000] {dagbag.py:545} INFO - Filling up the DagBag from /opt/airflow/dags/sodai_pipeline.py
[2025-11-14T18:42:49.543+0000] {processor.py:840} INFO - DAG(s) 'sodai_pipeline_dag' retrieved from /opt/airflow/dags/sodai_pipeline.py
[2025-11-14T18:42:49.566+0000] {logging_mixin.py:188} INFO - [2025-11-14T18:42:49.566+0000] {dag.py:3096} INFO - Sync 1 DAGs
[2025-11-14T18:42:49.591+0000] {logging_mixin.py:188} INFO - [2025-11-14T18:42:49.591+0000] {dag.py:3954} INFO - Setting next_dagrun for sodai_pipeline_dag to 2025-11-09 00:00:00+00:00, run_after=2025-11-16 00:00:00+00:00
[2025-11-14T18:42:49.608+0000] {processor.py:183} INFO - Processing /opt/airflow/dags/sodai_pipeline.py took 0.100 seconds
[2025-11-14T18:43:19.908+0000] {processor.py:161} INFO - Started process (PID=3640) to work on /opt/airflow/dags/sodai_pipeline.py
[2025-11-14T18:43:19.911+0000] {processor.py:830} INFO - Processing file /opt/airflow/dags/sodai_pipeline.py for tasks to queue
[2025-11-14T18:43:19.915+0000] {logging_mixin.py:188} INFO - [2025-11-14T18:43:19.915+0000] {dagbag.py:545} INFO - Filling up the DagBag from /opt/airflow/dags/sodai_pipeline.py
[2025-11-14T18:43:19.932+0000] {processor.py:840} INFO - DAG(s) 'sodai_pipeline_dag' retrieved from /opt/airflow/dags/sodai_pipeline.py
[2025-11-14T18:43:19.951+0000] {logging_mixin.py:188} INFO - [2025-11-14T18:43:19.951+0000] {dag.py:3096} INFO - Sync 1 DAGs
[2025-11-14T18:43:19.968+0000] {logging_mixin.py:188} INFO - [2025-11-14T18:43:19.968+0000] {dag.py:3954} INFO - Setting next_dagrun for sodai_pipeline_dag to 2025-11-09 00:00:00+00:00, run_after=2025-11-16 00:00:00+00:00
[2025-11-14T18:43:19.980+0000] {processor.py:183} INFO - Processing /opt/airflow/dags/sodai_pipeline.py took 0.081 seconds
[2025-11-14T18:43:50.255+0000] {processor.py:161} INFO - Started process (PID=3645) to work on /opt/airflow/dags/sodai_pipeline.py
[2025-11-14T18:43:50.258+0000] {processor.py:830} INFO - Processing file /opt/airflow/dags/sodai_pipeline.py for tasks to queue
[2025-11-14T18:43:50.262+0000] {logging_mixin.py:188} INFO - [2025-11-14T18:43:50.261+0000] {dagbag.py:545} INFO - Filling up the DagBag from /opt/airflow/dags/sodai_pipeline.py
[2025-11-14T18:43:50.278+0000] {processor.py:840} INFO - DAG(s) 'sodai_pipeline_dag' retrieved from /opt/airflow/dags/sodai_pipeline.py
[2025-11-14T18:43:50.302+0000] {logging_mixin.py:188} INFO - [2025-11-14T18:43:50.302+0000] {dag.py:3096} INFO - Sync 1 DAGs
[2025-11-14T18:43:50.317+0000] {logging_mixin.py:188} INFO - [2025-11-14T18:43:50.317+0000] {dag.py:3954} INFO - Setting next_dagrun for sodai_pipeline_dag to 2025-11-09 00:00:00+00:00, run_after=2025-11-16 00:00:00+00:00
[2025-11-14T18:43:50.328+0000] {processor.py:183} INFO - Processing /opt/airflow/dags/sodai_pipeline.py took 0.083 seconds
[2025-11-14T18:44:20.662+0000] {processor.py:161} INFO - Started process (PID=3650) to work on /opt/airflow/dags/sodai_pipeline.py
[2025-11-14T18:44:20.666+0000] {processor.py:830} INFO - Processing file /opt/airflow/dags/sodai_pipeline.py for tasks to queue
[2025-11-14T18:44:20.670+0000] {logging_mixin.py:188} INFO - [2025-11-14T18:44:20.669+0000] {dagbag.py:545} INFO - Filling up the DagBag from /opt/airflow/dags/sodai_pipeline.py
[2025-11-14T18:44:20.697+0000] {processor.py:840} INFO - DAG(s) 'sodai_pipeline_dag' retrieved from /opt/airflow/dags/sodai_pipeline.py
[2025-11-14T18:44:20.726+0000] {logging_mixin.py:188} INFO - [2025-11-14T18:44:20.726+0000] {dag.py:3096} INFO - Sync 1 DAGs
[2025-11-14T18:44:20.750+0000] {logging_mixin.py:188} INFO - [2025-11-14T18:44:20.749+0000] {dag.py:3954} INFO - Setting next_dagrun for sodai_pipeline_dag to 2025-11-09 00:00:00+00:00, run_after=2025-11-16 00:00:00+00:00
[2025-11-14T18:44:20.760+0000] {processor.py:183} INFO - Processing /opt/airflow/dags/sodai_pipeline.py took 0.116 seconds
[2025-11-14T18:44:51.010+0000] {processor.py:161} INFO - Started process (PID=3655) to work on /opt/airflow/dags/sodai_pipeline.py
[2025-11-14T18:44:51.012+0000] {processor.py:830} INFO - Processing file /opt/airflow/dags/sodai_pipeline.py for tasks to queue
[2025-11-14T18:44:51.015+0000] {logging_mixin.py:188} INFO - [2025-11-14T18:44:51.015+0000] {dagbag.py:545} INFO - Filling up the DagBag from /opt/airflow/dags/sodai_pipeline.py
[2025-11-14T18:44:51.032+0000] {processor.py:840} INFO - DAG(s) 'sodai_pipeline_dag' retrieved from /opt/airflow/dags/sodai_pipeline.py
[2025-11-14T18:44:51.057+0000] {logging_mixin.py:188} INFO - [2025-11-14T18:44:51.057+0000] {dag.py:3096} INFO - Sync 1 DAGs
[2025-11-14T18:44:51.069+0000] {logging_mixin.py:188} INFO - [2025-11-14T18:44:51.069+0000] {dag.py:3954} INFO - Setting next_dagrun for sodai_pipeline_dag to 2025-11-09 00:00:00+00:00, run_after=2025-11-16 00:00:00+00:00
[2025-11-14T18:44:51.081+0000] {processor.py:183} INFO - Processing /opt/airflow/dags/sodai_pipeline.py took 0.086 seconds
[2025-11-14T18:45:21.357+0000] {processor.py:161} INFO - Started process (PID=3660) to work on /opt/airflow/dags/sodai_pipeline.py
[2025-11-14T18:45:21.365+0000] {processor.py:830} INFO - Processing file /opt/airflow/dags/sodai_pipeline.py for tasks to queue
[2025-11-14T18:45:21.367+0000] {logging_mixin.py:188} INFO - [2025-11-14T18:45:21.367+0000] {dagbag.py:545} INFO - Filling up the DagBag from /opt/airflow/dags/sodai_pipeline.py
[2025-11-14T18:45:21.385+0000] {processor.py:840} INFO - DAG(s) 'sodai_pipeline_dag' retrieved from /opt/airflow/dags/sodai_pipeline.py
[2025-11-14T18:45:21.416+0000] {logging_mixin.py:188} INFO - [2025-11-14T18:45:21.415+0000] {dag.py:3096} INFO - Sync 1 DAGs
[2025-11-14T18:45:21.433+0000] {logging_mixin.py:188} INFO - [2025-11-14T18:45:21.433+0000] {dag.py:3954} INFO - Setting next_dagrun for sodai_pipeline_dag to 2025-11-09 00:00:00+00:00, run_after=2025-11-16 00:00:00+00:00
[2025-11-14T18:45:21.444+0000] {processor.py:183} INFO - Processing /opt/airflow/dags/sodai_pipeline.py took 0.094 seconds
[2025-11-14T18:45:51.706+0000] {processor.py:161} INFO - Started process (PID=3665) to work on /opt/airflow/dags/sodai_pipeline.py
[2025-11-14T18:45:51.710+0000] {processor.py:830} INFO - Processing file /opt/airflow/dags/sodai_pipeline.py for tasks to queue
[2025-11-14T18:45:51.713+0000] {logging_mixin.py:188} INFO - [2025-11-14T18:45:51.712+0000] {dagbag.py:545} INFO - Filling up the DagBag from /opt/airflow/dags/sodai_pipeline.py
[2025-11-14T18:45:51.727+0000] {processor.py:840} INFO - DAG(s) 'sodai_pipeline_dag' retrieved from /opt/airflow/dags/sodai_pipeline.py
[2025-11-14T18:45:51.747+0000] {logging_mixin.py:188} INFO - [2025-11-14T18:45:51.746+0000] {dag.py:3096} INFO - Sync 1 DAGs
[2025-11-14T18:45:51.761+0000] {logging_mixin.py:188} INFO - [2025-11-14T18:45:51.761+0000] {dag.py:3954} INFO - Setting next_dagrun for sodai_pipeline_dag to 2025-11-09 00:00:00+00:00, run_after=2025-11-16 00:00:00+00:00
[2025-11-14T18:45:51.770+0000] {processor.py:183} INFO - Processing /opt/airflow/dags/sodai_pipeline.py took 0.076 seconds
[2025-11-14T18:46:22.114+0000] {processor.py:161} INFO - Started process (PID=3670) to work on /opt/airflow/dags/sodai_pipeline.py
[2025-11-14T18:46:22.119+0000] {processor.py:830} INFO - Processing file /opt/airflow/dags/sodai_pipeline.py for tasks to queue
[2025-11-14T18:46:22.122+0000] {logging_mixin.py:188} INFO - [2025-11-14T18:46:22.121+0000] {dagbag.py:545} INFO - Filling up the DagBag from /opt/airflow/dags/sodai_pipeline.py
[2025-11-14T18:46:22.137+0000] {processor.py:840} INFO - DAG(s) 'sodai_pipeline_dag' retrieved from /opt/airflow/dags/sodai_pipeline.py
[2025-11-14T18:46:22.168+0000] {logging_mixin.py:188} INFO - [2025-11-14T18:46:22.168+0000] {dag.py:3096} INFO - Sync 1 DAGs
[2025-11-14T18:46:22.183+0000] {logging_mixin.py:188} INFO - [2025-11-14T18:46:22.183+0000] {dag.py:3954} INFO - Setting next_dagrun for sodai_pipeline_dag to 2025-11-09 00:00:00+00:00, run_after=2025-11-16 00:00:00+00:00
[2025-11-14T18:46:22.197+0000] {processor.py:183} INFO - Processing /opt/airflow/dags/sodai_pipeline.py took 0.095 seconds
[2025-11-14T18:46:52.431+0000] {processor.py:161} INFO - Started process (PID=3675) to work on /opt/airflow/dags/sodai_pipeline.py
[2025-11-14T18:46:52.434+0000] {processor.py:830} INFO - Processing file /opt/airflow/dags/sodai_pipeline.py for tasks to queue
[2025-11-14T18:46:52.437+0000] {logging_mixin.py:188} INFO - [2025-11-14T18:46:52.437+0000] {dagbag.py:545} INFO - Filling up the DagBag from /opt/airflow/dags/sodai_pipeline.py
[2025-11-14T18:46:52.451+0000] {processor.py:840} INFO - DAG(s) 'sodai_pipeline_dag' retrieved from /opt/airflow/dags/sodai_pipeline.py
[2025-11-14T18:46:52.473+0000] {logging_mixin.py:188} INFO - [2025-11-14T18:46:52.473+0000] {dag.py:3096} INFO - Sync 1 DAGs
[2025-11-14T18:46:52.488+0000] {logging_mixin.py:188} INFO - [2025-11-14T18:46:52.488+0000] {dag.py:3954} INFO - Setting next_dagrun for sodai_pipeline_dag to 2025-11-09 00:00:00+00:00, run_after=2025-11-16 00:00:00+00:00
[2025-11-14T18:46:52.498+0000] {processor.py:183} INFO - Processing /opt/airflow/dags/sodai_pipeline.py took 0.075 seconds
[2025-11-14T18:47:22.694+0000] {processor.py:161} INFO - Started process (PID=3680) to work on /opt/airflow/dags/sodai_pipeline.py
[2025-11-14T18:47:22.696+0000] {processor.py:830} INFO - Processing file /opt/airflow/dags/sodai_pipeline.py for tasks to queue
[2025-11-14T18:47:22.698+0000] {logging_mixin.py:188} INFO - [2025-11-14T18:47:22.697+0000] {dagbag.py:545} INFO - Filling up the DagBag from /opt/airflow/dags/sodai_pipeline.py
[2025-11-14T18:47:22.707+0000] {processor.py:840} INFO - DAG(s) 'sodai_pipeline_dag' retrieved from /opt/airflow/dags/sodai_pipeline.py
[2025-11-14T18:47:22.723+0000] {logging_mixin.py:188} INFO - [2025-11-14T18:47:22.723+0000] {dag.py:3096} INFO - Sync 1 DAGs
[2025-11-14T18:47:22.733+0000] {logging_mixin.py:188} INFO - [2025-11-14T18:47:22.733+0000] {dag.py:3954} INFO - Setting next_dagrun for sodai_pipeline_dag to 2025-11-09 00:00:00+00:00, run_after=2025-11-16 00:00:00+00:00
[2025-11-14T18:47:22.740+0000] {processor.py:183} INFO - Processing /opt/airflow/dags/sodai_pipeline.py took 0.054 seconds
[2025-11-14T18:47:52.991+0000] {processor.py:161} INFO - Started process (PID=3685) to work on /opt/airflow/dags/sodai_pipeline.py
[2025-11-14T18:47:52.993+0000] {processor.py:830} INFO - Processing file /opt/airflow/dags/sodai_pipeline.py for tasks to queue
[2025-11-14T18:47:52.997+0000] {logging_mixin.py:188} INFO - [2025-11-14T18:47:52.996+0000] {dagbag.py:545} INFO - Filling up the DagBag from /opt/airflow/dags/sodai_pipeline.py
[2025-11-14T18:47:53.023+0000] {processor.py:840} INFO - DAG(s) 'sodai_pipeline_dag' retrieved from /opt/airflow/dags/sodai_pipeline.py
[2025-11-14T18:47:53.050+0000] {logging_mixin.py:188} INFO - [2025-11-14T18:47:53.050+0000] {dag.py:3096} INFO - Sync 1 DAGs
[2025-11-14T18:47:53.065+0000] {logging_mixin.py:188} INFO - [2025-11-14T18:47:53.065+0000] {dag.py:3954} INFO - Setting next_dagrun for sodai_pipeline_dag to 2025-11-09 00:00:00+00:00, run_after=2025-11-16 00:00:00+00:00
[2025-11-14T18:47:53.074+0000] {processor.py:183} INFO - Processing /opt/airflow/dags/sodai_pipeline.py took 0.094 seconds
[2025-11-14T18:48:23.207+0000] {processor.py:161} INFO - Started process (PID=3690) to work on /opt/airflow/dags/sodai_pipeline.py
[2025-11-14T18:48:23.208+0000] {processor.py:830} INFO - Processing file /opt/airflow/dags/sodai_pipeline.py for tasks to queue
[2025-11-14T18:48:23.210+0000] {logging_mixin.py:188} INFO - [2025-11-14T18:48:23.209+0000] {dagbag.py:545} INFO - Filling up the DagBag from /opt/airflow/dags/sodai_pipeline.py
[2025-11-14T18:48:23.219+0000] {processor.py:840} INFO - DAG(s) 'sodai_pipeline_dag' retrieved from /opt/airflow/dags/sodai_pipeline.py
[2025-11-14T18:48:23.237+0000] {logging_mixin.py:188} INFO - [2025-11-14T18:48:23.237+0000] {dag.py:3096} INFO - Sync 1 DAGs
[2025-11-14T18:48:23.248+0000] {logging_mixin.py:188} INFO - [2025-11-14T18:48:23.248+0000] {dag.py:3954} INFO - Setting next_dagrun for sodai_pipeline_dag to 2025-11-09 00:00:00+00:00, run_after=2025-11-16 00:00:00+00:00
[2025-11-14T18:48:23.259+0000] {processor.py:183} INFO - Processing /opt/airflow/dags/sodai_pipeline.py took 0.056 seconds
[2025-11-14T18:48:53.516+0000] {processor.py:161} INFO - Started process (PID=3695) to work on /opt/airflow/dags/sodai_pipeline.py
[2025-11-14T18:48:53.519+0000] {processor.py:830} INFO - Processing file /opt/airflow/dags/sodai_pipeline.py for tasks to queue
[2025-11-14T18:48:53.523+0000] {logging_mixin.py:188} INFO - [2025-11-14T18:48:53.522+0000] {dagbag.py:545} INFO - Filling up the DagBag from /opt/airflow/dags/sodai_pipeline.py
[2025-11-14T18:48:53.543+0000] {processor.py:840} INFO - DAG(s) 'sodai_pipeline_dag' retrieved from /opt/airflow/dags/sodai_pipeline.py
[2025-11-14T18:48:53.566+0000] {logging_mixin.py:188} INFO - [2025-11-14T18:48:53.566+0000] {dag.py:3096} INFO - Sync 1 DAGs
[2025-11-14T18:48:53.581+0000] {logging_mixin.py:188} INFO - [2025-11-14T18:48:53.581+0000] {dag.py:3954} INFO - Setting next_dagrun for sodai_pipeline_dag to 2025-11-09 00:00:00+00:00, run_after=2025-11-16 00:00:00+00:00
[2025-11-14T18:48:53.591+0000] {processor.py:183} INFO - Processing /opt/airflow/dags/sodai_pipeline.py took 0.086 seconds
[2025-11-14T18:49:23.783+0000] {processor.py:161} INFO - Started process (PID=3700) to work on /opt/airflow/dags/sodai_pipeline.py
[2025-11-14T18:49:23.787+0000] {processor.py:830} INFO - Processing file /opt/airflow/dags/sodai_pipeline.py for tasks to queue
[2025-11-14T18:49:23.788+0000] {logging_mixin.py:188} INFO - [2025-11-14T18:49:23.788+0000] {dagbag.py:545} INFO - Filling up the DagBag from /opt/airflow/dags/sodai_pipeline.py
[2025-11-14T18:49:23.799+0000] {processor.py:840} INFO - DAG(s) 'sodai_pipeline_dag' retrieved from /opt/airflow/dags/sodai_pipeline.py
[2025-11-14T18:49:23.817+0000] {logging_mixin.py:188} INFO - [2025-11-14T18:49:23.817+0000] {dag.py:3096} INFO - Sync 1 DAGs
[2025-11-14T18:49:23.828+0000] {logging_mixin.py:188} INFO - [2025-11-14T18:49:23.828+0000] {dag.py:3954} INFO - Setting next_dagrun for sodai_pipeline_dag to 2025-11-09 00:00:00+00:00, run_after=2025-11-16 00:00:00+00:00
[2025-11-14T18:49:23.835+0000] {processor.py:183} INFO - Processing /opt/airflow/dags/sodai_pipeline.py took 0.059 seconds
[2025-11-14T18:49:54.167+0000] {processor.py:161} INFO - Started process (PID=3705) to work on /opt/airflow/dags/sodai_pipeline.py
[2025-11-14T18:49:54.169+0000] {processor.py:830} INFO - Processing file /opt/airflow/dags/sodai_pipeline.py for tasks to queue
[2025-11-14T18:49:54.171+0000] {logging_mixin.py:188} INFO - [2025-11-14T18:49:54.171+0000] {dagbag.py:545} INFO - Filling up the DagBag from /opt/airflow/dags/sodai_pipeline.py
[2025-11-14T18:49:54.182+0000] {processor.py:840} INFO - DAG(s) 'sodai_pipeline_dag' retrieved from /opt/airflow/dags/sodai_pipeline.py
[2025-11-14T18:49:54.199+0000] {logging_mixin.py:188} INFO - [2025-11-14T18:49:54.199+0000] {dag.py:3096} INFO - Sync 1 DAGs
[2025-11-14T18:49:54.208+0000] {logging_mixin.py:188} INFO - [2025-11-14T18:49:54.208+0000] {dag.py:3954} INFO - Setting next_dagrun for sodai_pipeline_dag to 2025-11-09 00:00:00+00:00, run_after=2025-11-16 00:00:00+00:00
[2025-11-14T18:49:54.217+0000] {processor.py:183} INFO - Processing /opt/airflow/dags/sodai_pipeline.py took 0.056 seconds
[2025-11-14T18:50:24.492+0000] {processor.py:161} INFO - Started process (PID=3710) to work on /opt/airflow/dags/sodai_pipeline.py
[2025-11-14T18:50:24.495+0000] {processor.py:830} INFO - Processing file /opt/airflow/dags/sodai_pipeline.py for tasks to queue
[2025-11-14T18:50:24.498+0000] {logging_mixin.py:188} INFO - [2025-11-14T18:50:24.498+0000] {dagbag.py:545} INFO - Filling up the DagBag from /opt/airflow/dags/sodai_pipeline.py
[2025-11-14T18:50:24.515+0000] {processor.py:840} INFO - DAG(s) 'sodai_pipeline_dag' retrieved from /opt/airflow/dags/sodai_pipeline.py
[2025-11-14T18:50:24.539+0000] {logging_mixin.py:188} INFO - [2025-11-14T18:50:24.539+0000] {dag.py:3096} INFO - Sync 1 DAGs
[2025-11-14T18:50:24.554+0000] {logging_mixin.py:188} INFO - [2025-11-14T18:50:24.554+0000] {dag.py:3954} INFO - Setting next_dagrun for sodai_pipeline_dag to 2025-11-09 00:00:00+00:00, run_after=2025-11-16 00:00:00+00:00
[2025-11-14T18:50:24.563+0000] {processor.py:183} INFO - Processing /opt/airflow/dags/sodai_pipeline.py took 0.079 seconds
[2025-11-14T18:50:54.840+0000] {processor.py:161} INFO - Started process (PID=3715) to work on /opt/airflow/dags/sodai_pipeline.py
[2025-11-14T18:50:54.844+0000] {processor.py:830} INFO - Processing file /opt/airflow/dags/sodai_pipeline.py for tasks to queue
[2025-11-14T18:50:54.846+0000] {logging_mixin.py:188} INFO - [2025-11-14T18:50:54.846+0000] {dagbag.py:545} INFO - Filling up the DagBag from /opt/airflow/dags/sodai_pipeline.py
[2025-11-14T18:50:54.857+0000] {processor.py:840} INFO - DAG(s) 'sodai_pipeline_dag' retrieved from /opt/airflow/dags/sodai_pipeline.py
[2025-11-14T18:50:54.874+0000] {logging_mixin.py:188} INFO - [2025-11-14T18:50:54.874+0000] {dag.py:3096} INFO - Sync 1 DAGs
[2025-11-14T18:50:54.885+0000] {logging_mixin.py:188} INFO - [2025-11-14T18:50:54.885+0000] {dag.py:3954} INFO - Setting next_dagrun for sodai_pipeline_dag to 2025-11-09 00:00:00+00:00, run_after=2025-11-16 00:00:00+00:00
[2025-11-14T18:50:54.892+0000] {processor.py:183} INFO - Processing /opt/airflow/dags/sodai_pipeline.py took 0.058 seconds
[2025-11-14T18:51:25.176+0000] {processor.py:161} INFO - Started process (PID=3720) to work on /opt/airflow/dags/sodai_pipeline.py
[2025-11-14T18:51:25.180+0000] {processor.py:830} INFO - Processing file /opt/airflow/dags/sodai_pipeline.py for tasks to queue
[2025-11-14T18:51:25.182+0000] {logging_mixin.py:188} INFO - [2025-11-14T18:51:25.181+0000] {dagbag.py:545} INFO - Filling up the DagBag from /opt/airflow/dags/sodai_pipeline.py
[2025-11-14T18:51:25.191+0000] {processor.py:840} INFO - DAG(s) 'sodai_pipeline_dag' retrieved from /opt/airflow/dags/sodai_pipeline.py
[2025-11-14T18:51:25.206+0000] {logging_mixin.py:188} INFO - [2025-11-14T18:51:25.206+0000] {dag.py:3096} INFO - Sync 1 DAGs
[2025-11-14T18:51:25.216+0000] {logging_mixin.py:188} INFO - [2025-11-14T18:51:25.216+0000] {dag.py:3954} INFO - Setting next_dagrun for sodai_pipeline_dag to 2025-11-09 00:00:00+00:00, run_after=2025-11-16 00:00:00+00:00
[2025-11-14T18:51:25.223+0000] {processor.py:183} INFO - Processing /opt/airflow/dags/sodai_pipeline.py took 0.057 seconds
[2025-11-14T18:51:55.551+0000] {processor.py:161} INFO - Started process (PID=3725) to work on /opt/airflow/dags/sodai_pipeline.py
[2025-11-14T18:51:55.554+0000] {processor.py:830} INFO - Processing file /opt/airflow/dags/sodai_pipeline.py for tasks to queue
[2025-11-14T18:51:55.558+0000] {logging_mixin.py:188} INFO - [2025-11-14T18:51:55.557+0000] {dagbag.py:545} INFO - Filling up the DagBag from /opt/airflow/dags/sodai_pipeline.py
[2025-11-14T18:51:55.576+0000] {processor.py:840} INFO - DAG(s) 'sodai_pipeline_dag' retrieved from /opt/airflow/dags/sodai_pipeline.py
[2025-11-14T18:51:55.603+0000] {logging_mixin.py:188} INFO - [2025-11-14T18:51:55.603+0000] {dag.py:3096} INFO - Sync 1 DAGs
[2025-11-14T18:51:55.626+0000] {logging_mixin.py:188} INFO - [2025-11-14T18:51:55.625+0000] {dag.py:3954} INFO - Setting next_dagrun for sodai_pipeline_dag to 2025-11-09 00:00:00+00:00, run_after=2025-11-16 00:00:00+00:00
[2025-11-14T18:51:55.636+0000] {processor.py:183} INFO - Processing /opt/airflow/dags/sodai_pipeline.py took 0.096 seconds
[2025-11-14T18:52:25.870+0000] {processor.py:161} INFO - Started process (PID=3730) to work on /opt/airflow/dags/sodai_pipeline.py
[2025-11-14T18:52:25.875+0000] {processor.py:830} INFO - Processing file /opt/airflow/dags/sodai_pipeline.py for tasks to queue
[2025-11-14T18:52:25.876+0000] {logging_mixin.py:188} INFO - [2025-11-14T18:52:25.876+0000] {dagbag.py:545} INFO - Filling up the DagBag from /opt/airflow/dags/sodai_pipeline.py
[2025-11-14T18:52:25.888+0000] {processor.py:840} INFO - DAG(s) 'sodai_pipeline_dag' retrieved from /opt/airflow/dags/sodai_pipeline.py
[2025-11-14T18:52:25.904+0000] {logging_mixin.py:188} INFO - [2025-11-14T18:52:25.904+0000] {dag.py:3096} INFO - Sync 1 DAGs
[2025-11-14T18:52:25.913+0000] {logging_mixin.py:188} INFO - [2025-11-14T18:52:25.913+0000] {dag.py:3954} INFO - Setting next_dagrun for sodai_pipeline_dag to 2025-11-09 00:00:00+00:00, run_after=2025-11-16 00:00:00+00:00
[2025-11-14T18:52:25.920+0000] {processor.py:183} INFO - Processing /opt/airflow/dags/sodai_pipeline.py took 0.056 seconds
[2025-11-14T18:52:56.277+0000] {processor.py:161} INFO - Started process (PID=3735) to work on /opt/airflow/dags/sodai_pipeline.py
[2025-11-14T18:52:56.281+0000] {processor.py:830} INFO - Processing file /opt/airflow/dags/sodai_pipeline.py for tasks to queue
[2025-11-14T18:52:56.284+0000] {logging_mixin.py:188} INFO - [2025-11-14T18:52:56.284+0000] {dagbag.py:545} INFO - Filling up the DagBag from /opt/airflow/dags/sodai_pipeline.py
[2025-11-14T18:52:56.298+0000] {processor.py:840} INFO - DAG(s) 'sodai_pipeline_dag' retrieved from /opt/airflow/dags/sodai_pipeline.py
[2025-11-14T18:52:56.318+0000] {logging_mixin.py:188} INFO - [2025-11-14T18:52:56.318+0000] {dag.py:3096} INFO - Sync 1 DAGs
[2025-11-14T18:52:56.332+0000] {logging_mixin.py:188} INFO - [2025-11-14T18:52:56.332+0000] {dag.py:3954} INFO - Setting next_dagrun for sodai_pipeline_dag to 2025-11-09 00:00:00+00:00, run_after=2025-11-16 00:00:00+00:00
[2025-11-14T18:52:56.342+0000] {processor.py:183} INFO - Processing /opt/airflow/dags/sodai_pipeline.py took 0.074 seconds
