163131,11262
212433,11262
206748,11262
249342,11262
61344,11262
212301,11262
162984,11262
171702,11262
188700,11262
163101,11262
187962,11262
63876,11262
165687,11262
210876,11262
252618,11262
165684,11262
248682,11262
183213,11262
220713,11262
206964,11262
230010,11262
206418,11262
210234,11262
196311,11262
230028,11262
238032,11262
211407,11262
206670,11262
65640,11262
206664,11262
231057,11262
155481,11262
195372,11262
206637,11262
206448,11262
223554,11262
158016,11262
203889,11262
210846,11262
251085,11262
253998,11262
59703,11262
205728,11262
66378,11262
229521,11262
192771,11262
199860,11262
250629,11262
205122,11262
192768,11262
215112,11262
228753,11262
251967,11262
207084,11262
253506,11262
206838,11262
206433,11262
206349,11262
206625,11262
207144,11262
65631,11262
206673,11262
225501,11262
249216,11262
250749,11262
207129,11262
206988,11262
250275,11262
194208,11262
196302,11262
206856,11262
194409,11262
213114,11262
206772,11262
241389,11262
209073,11262
207618,11262
234093,11262
206646,11262
72117,11262
206412,11262
206484,11262
206763,11262
206514,11262
211641,11262
206496,11262
153888,11262
206367,11262
253416,11262
210897,11262
212442,11262
232029,11262
249486,11262
241824,11262
191247,11262
244680,11262
238263,11262
249294,11262
154167,11262
242232,11262
206955,11262
238827,11262
198882,11262
242151,11262
72645,11262
206460,11262
232404,11262
220728,11262
235335,11262
72045,11262
203181,11262
203871,11262
204780,11262
192942,11262
88821,11262
165750,11262
187974,11262
72930,11262
179496,11262
206850,11262
207240,11262
253683,11262
200508,11262
212337,11262
221526,11262
208572,11262
208524,11262
242412,11262
246618,11262
234156,11262
187707,11262
235932,11262
210840,11262
208053,11262
230286,11262
208500,11262
248205,11262
206439,11262
211740,11262
206415,11262
245046,11262
203388,11262
181746,11262
201564,11262
203709,11262
203295,11262
212211,11262
195378,11262
139272,11262
212448,11262
225480,11262
207339,11262
252081,11262
207330,11262
204375,11262
248202,11262
172503,11262
212478,11262
211989,11262
183576,11262
186378,11262
184710,11262
203724,11262
192618,11262
210690,11262
212571,11262
208521,11262
210978,11262
154119,11262
232269,11262
223968,11262
211533,11262
210678,11262
62817,11262
213513,11262
232035,11262
187875,11262
206847,11262
154821,11262
216948,11262
217620,11262
251202,11262
165786,11262
153138,11262
60864,11262
61824,11262
206868,11262
207219,11262
160029,11262
72918,11262
201522,11262
191892,11262
249207,11262
250947,11262
216108,11262
162795,11262
205188,11262
208584,11262
248178,11262
159027,11262
251721,11262
205665,11262
246963,11262
233970,11262
201741,11262
182292,11262
212283,11262
195723,11262
210342,11262
157398,11262
230073,11262
251442,11262
224169,11262
231162,56714
231162,34092
164457,11262
186384,11262
244278,11262
157767,11262
229536,11262
238218,11262
173667,11262
188787,11262
163044,11262
214194,11262
223071,11262
197676,11262
203532,11262
206748,34092
206748,56714
128526,11262
237057,11262
163578,11262
231162,11262
191451,11262
199044,34092
199044,56714
198279,11262
223968,56714
223968,34092
210633,11262
210816,11262
213978,11262
154098,11262
210810,11262
157185,56714
157185,34092
166437,11262
253671,11262
203511,11262
177672,11262
204411,11262
67764,11262
157185,11262
229737,11262
154032,11262
253308,11262
231102,11262
197286,11262
250653,11262
227292,11262
187221,11262
204657,11262
251121,11262
183666,11262
155016,11262
208554,11262
234018,11262
234972,11262
222204,11262
205722,11262
157416,11262
235458,11262
252774,11262
221151,11262
247983,11262
186327,11262
186177,11262
203727,11262
165183,11262
224841,11262
229977,11262
210171,11262
67827,11262
234864,11262
158658,11262
208209,11262
247002,11262
188100,11262
228729,11262
248292,11262
207243,11262
209796,11262
166995,11262
187659,56714
187659,34092
174513,11262
247962,11262
251625,11262
188700,62074
232614,11262
228438,11262
203271,11262
196722,11262
203256,11262
198552,11262
155403,11262
242571,11262
252210,11262
186216,11262
183387,11262
203328,11262
155481,34092
155481,56714
203706,11262
203301,11262
209970,11262
210234,34092
210234,56714
251169,11262
25743,56714
25743,34092
225699,11262
222669,11262
208518,11262
165687,62074
210876,62074
252618,62074
165684,62074
187806,11262
188685,11262
242151,34092
198882,56714
242151,56714
198882,34092
210627,11262
154827,11262
207222,11262
223782,11262
191553,11262
66879,11262
164007,11262
190152,11262
245154,11262
230028,56714
230028,34092
243408,11262
208545,11262
238032,56714
238032,34092
185817,11262
211476,34092
211476,56714
207396,11262
227310,11262
155055,11262
208722,11262
153048,11262
187263,11262
128604,11262
227973,11262
229812,11262
212220,34092
176403,34092
212220,56714
176403,56714
205815,11262
216309,11262
210051,11262
183492,11262
129081,11262
206304,11262
209622,11262
129204,11262
192627,11262
247002,34092
247002,56714
231459,11262
176403,11262
212220,11262
162603,11262
209094,11262
209994,11262
219048,11262
171372,11262
252696,11262
163251,34092
163251,56714
163251,11262
189045,11262
221331,11262
198792,11262
177474,34092
177474,56714
187734,11262
192159,11262
203232,11262
191247,62074
224526,11262
240912,11262
207222,56714
207222,34092
211950,11262
232614,56714
232614,34092
211407,56714
211407,34092
251967,34092
251967,56714
208788,56714
208788,34092
253557,34092
253557,56714
217293,11262
237804,11262
212688,11262
211749,11262
220728,34092
220728,56714
207465,34092
207465,56714
156024,11262
153669,11262
199044,11262
211812,11262
61692,11262
210168,11262
173613,11262
206439,56714
206439,34092
154098,62074
224631,11262
251619,11262
212748,11262
198522,11262
206481,11262
203733,11262
234093,34092
234093,56714
248202,34092
248202,56714
188331,11262
177474,11262
88920,11262
226623,11262
154434,11262
176577,11262
248061,11262
252405,11262
250434,34092
250434,56714
157938,11262
244866,11262
203274,11262
212892,11262
210129,11262
221409,11262
154740,11262
253557,11262
230178,11262
198801,34092
198801,56714
196845,11262
160029,56714
160029,34092
219420,11262
226662,11262
244158,11262
64272,11262
172419,11262
247548,11262
249297,11262
155271,11262
217494,11262
225501,34092
225501,56714
203820,11262
244173,11262
233091,56714
233091,34092
220095,11262
153726,11262
165750,62074
88821,62074
217380,11262
203259,11262
203439,11262
179790,11262
232035,34092
232035,56714
250434,11262
203736,11262
209799,11262
206868,34092
206868,56714
188853,11262
204771,11262
164661,11262
182556,11262
201798,11262
203829,11262
184104,11262
186216,34092
186216,56714
217002,11262
61344,56714
61344,34092
216822,11262
248301,11262
153642,11262
232068,1370
232068,62376
164337,11262
208872,11262
154803,11262
72045,34092
72045,56714
245631,11262
203709,56714
203295,56714
201564,34092
203709,34092
201564,56714
203295,34092
208503,11262
188730,11262
204717,11262
205905,11262
61908,11262
203280,11262
96444,11262
218061,11262
249579,11262
153150,11262
153402,11262
232269,56714
232269,34092
128604,34092
128604,56714
208788,11262
233091,11262
231876,11262
183450,11262
203145,11262
203277,11262
248013,11262
89013,11262
181371,11262
187659,11262
155337,11262
153756,11262
234555,11262
231663,11262
154041,11262
154506,11262
203796,11262
208341,11262
72930,56714
72930,34092
68676,11262
203700,11262
211476,11262
221526,56714
208572,34092
208572,56714
221526,34092
246150,11262
197286,56714
250653,34092
197286,34092
227310,56714
250653,56714
227310,34092
157938,56714
157938,34092
210816,34092
210816,56714
247986,11262
210840,34092
235932,34092
210840,56714
235932,56714
163377,11262
183921,11262
207588,11262
212433,62074
200508,62074
166005,11262
225276,11262
153048,34092
153048,56714
248301,34092
248301,56714
183213,34092
183213,56714
176643,11262
172587,11262
227292,34092
227292,56714
207927,11262
247956,11262
212430,11262
227295,11262
194208,56714
194208,34092
251625,56714
251625,34092
209976,11262
184950,34092
184950,56714
214998,11262
203184,11262
203724,56714
203724,34092
188961,11262
179496,1370
179496,62376
154869,11262
155052,11262
187221,56714
187221,34092
234864,34092
234864,56714
187224,11262
228315,11262
188844,11262
230286,34092
230286,56714
167514,11262
210678,34092
210678,56714
249930,11262
231102,56714
231102,34092
184509,11262
166599,11262
238068,11262
212337,62074
162795,56714
162795,34092
178068,11262
154770,11262
205122,56714
66378,34092
253998,34092
192771,34092
203889,56714
199860,34092
250629,34092
199860,56714
205122,34092
251085,56714
158016,56714
229521,56714
223554,56714
223554,34092
192771,56714
253998,56714
66378,56714
192768,56714
59703,56714
251085,34092
210846,34092
203889,34092
192768,34092
205728,34092
210846,56714
59703,34092
158016,34092
250629,56714
205728,56714
229521,34092
244158,34092
244158,56714
205815,34092
205815,56714
212442,56714
212442,34092
177672,34092
177672,56714
157767,34092
157767,56714
174195,11262
201564,62074
203295,62074
203709,62074
224931,11262
65640,62074
64365,11262
187707,34092
187707,56714
249513,11262
201522,56714
201522,34092
198801,11262
238218,34092
238218,56714
232068,11262
65640,34092
65640,56714
184950,11262
222906,11262
231057,56714
231057,34092
248373,11262
153888,56714
153888,34092
186951,11262
229473,11262
140277,11262
208524,56714
242412,56714
242412,34092
246618,56714
246618,34092
208524,34092
161208,11262
187974,62074
212301,62074
200508,56714
200508,34092
153867,11262
153867,56714
153867,34092
210120,11262
211989,34092
211989,56714
164541,11262
180195,11262
167652,11262
203829,1370
203829,62376
155106,11262
195063,11262
234120,11262
244278,34092
244278,56714
157224,11262
192618,62074
252480,11262
248061,34092
248061,56714
250749,34092
207129,56714
249216,34092
250749,56714
207129,34092
249216,56714
238263,34092
238263,56714
249294,34092
249294,56714
187806,56714
187806,34092
242439,11262
222159,11262
203388,62074
191250,11262
250275,34092
206988,34092
206988,56714
250275,56714
65631,62074
206748,62074
250782,11262
72918,62074
182292,62376
182292,1370
56871,11262
203511,62376
203511,1370
211473,11262
208872,56714
208872,34092
155481,62074
253671,34092
253671,56714
205812,11262
207084,56714
207084,34092
181101,11262
211989,62074
232029,34092
232029,56714
198873,11262
212211,1370
212211,62376
154476,11262
246618,62074
208524,62074
242412,62074
253506,56714
206838,56714
253506,34092
206838,34092
204243,11262
250947,34092
250947,56714
61482,11262
212433,34092
212433,56714
208521,34092
208521,56714
210690,34092
210690,56714
241824,56714
241824,34092
189009,11262
244287,11262
64959,11262
211749,56714
211749,34092
183492,56714
183492,34092
206625,34092
206349,34092
206625,56714
206349,56714
206433,56714
206433,34092
229737,62376
229737,1370
201741,34092
201741,56714
210897,34092
253416,56714
253416,34092
210897,56714
206367,34092
206367,56714
224169,34092
224169,56714
212337,34092
212337,56714
197529,11262
213978,34092
213978,56714
209184,11262
245154,56714
245154,34092
211947,11262
232404,34092
206460,56714
232404,56714
206460,34092
212211,56714
212211,34092
175878,11262
67158,11262
172719,11262
206637,34092
206637,56714
206448,56714
206448,34092
175293,11262
163131,62074
205332,11262
206664,62074
186327,34092
186327,56714
207222,62378
207222,57414
244173,56714
244173,34092
25743,11262
204189,11262
251202,56714
251202,34092
216948,34092
216948,56714
241389,62074
220269,11262
164457,34092
164457,56714
239577,11262
209154,11262
211950,34092
211950,56714
225501,62074
242571,34092
242571,56714
195723,56714
195723,34092
249159,11262
212571,62074
206646,56714
206646,34092
242151,62378
242151,57414
198882,62378
198882,57414
208788,57414
208788,62378
198882,62074
242151,62074
208572,62074
221526,62074
205188,62074
208584,62074
159027,62074
229737,56714
229737,34092
163131,34092
163131,56714
175878,56714
175878,34092
72930,62376
72930,1370
160770,11262
153888,62074
222750,11262
153138,34092
153138,56714
205188,56714
159027,34092
205188,34092
159027,56714
206673,56714
206673,34092
203184,62376
203184,1370
243390,11262
72918,56714
72918,34092
234093,57414
234093,62378
156063,11262
203388,34092
203388,56714
188844,1370
188844,62376
219048,62376
219048,1370
204480,11262
212448,34092
212448,56714
207105,11262
210000,11262
155034,11262
251202,62074
191892,34092
191892,56714
211140,51316
210234,62074
206664,34092
206664,56714
188196,11262
212571,56714
212571,34092
156225,62074
248178,62074
251721,62074
244971,34092
244971,56714
234156,56714
234156,34092
179496,34092
179496,56714
230028,62074
238032,62074
248682,56714
248682,34092
192714,11262
206670,34092
206670,56714
205665,62074
208206,11262
208722,34092
208722,56714
208554,34092
208554,56714
187875,62376
187875,1370
207084,62074
244680,62376
244680,1370
236226,11262
203328,34092
203328,56714
208500,34092
208500,56714
244866,62376
244866,1370
203274,1370
203274,62376
244479,11262
226662,34092
226662,56714
154098,34092
154098,56714
248682,62074
212430,56714
227295,34092
212430,34092
227295,56714
190152,34092
190152,56714
153348,11262
241350,56714
241350,34092
230010,62074
229977,56714
229977,34092
208521,62074
210690,62074
176577,34092
176577,56714
210168,57414
210168,62378
61692,62378
61692,57414
183387,56714
183387,34092
208758,56714
253935,34092
253935,56714
208758,34092
241824,62074
186987,34092
186987,56714
154665,11262
211047,11262
208518,34092
208518,56714
208794,34092
208794,56714
208812,34092
208812,56714
253308,34092
253308,56714
206625,62074
206349,62074
206433,62074
208053,34092
208053,56714
212301,34092
212301,56714
203775,11262
235932,62074
210840,62074
216309,56714
216309,34092
211947,34092
211947,56714
241389,34092
241389,56714
59691,11262
244680,56714
244680,34092
232614,1370
232614,62376
250749,62074
194208,62074
250275,62074
206988,62074
207129,62074
249216,62074
157854,11262
64353,11262
237804,62376
237804,1370
182292,62074
154812,11262
178458,11262
244680,62074
179496,62074
248550,11262
210120,62376
210120,1370
234018,62074
234972,62074
219231,11262
234129,11262
208500,62074
220218,11262
232035,62074
209073,34092
209073,56714
211632,11262
203181,56714
203871,34092
203871,56714
203181,34092
204780,34092
204780,56714
208584,56714
248178,56714
251721,34092
251721,56714
248178,34092
208584,34092
215112,56714
215112,34092
205722,1370
205722,62376
157416,62376
157416,1370
238263,62378
238263,57414
249294,62378
249294,57414
207144,34092
207144,56714
252081,34092
252081,56714
207339,34092
207339,56714
220728,62074
222669,56714
222669,34092
206748,62378
206748,57414
61344,62074
154032,56714
154032,34092
72918,1370
72918,62376
203811,11262
206856,62074
196302,62074
198552,62074
209976,34092
209976,56714
205812,34092
205812,56714
228753,62074
223071,62074
184698,11262
67158,34092
67158,56714
210168,1370
61692,1370
61692,62376
210168,62376
158658,56714
158658,34092
221409,34092
221409,56714
186987,11262
187263,56714
187263,34092
203724,62074
188700,62376
188700,1370
223782,34092
223782,56714
210897,62074
253416,62074
206367,62074
208521,57414
208521,62378
210690,62378
210690,57414
204243,1370
204243,62376
207618,34092
207618,56714
236775,34092
236775,56714
230331,34092
230331,56714
184950,62376
184950,1370
210342,34092
210342,56714
206460,62074
232404,62074
253335,11262
175293,34092
175293,56714
209796,1370
209796,62376
225480,56714
225480,34092
229473,56714
186951,34092
186951,56714
229473,34092
156225,11262
206364,11262
203301,56714
203706,56714
203706,34092
203301,34092
203532,56714
203532,34092
192618,62376
192618,1370
203055,11262
228729,56714
228729,34092
203727,62074
185244,11262
161208,34092
161208,56714
248061,1370
248061,62376
198801,1370
198801,62376
223071,56714
223071,34092
201852,11262
208053,62074
174195,62376
174195,1370
192942,34092
192942,56714
251967,62074
252210,56714
252210,34092
230286,62074
188331,34092
188331,56714
165687,62376
165687,1370
210876,62376
210876,1370
252618,1370
252618,62376
236766,11262
248871,11262
128763,11262
61824,56714
61824,34092
72117,56714
72117,34092
197034,11262
203706,62074
203301,62074
203532,62074
161058,11262
154119,56714
154119,34092
208572,57414
221526,57414
208572,62378
221526,62378
128604,62376
128604,1370
210678,62074
210825,11262
203256,62376
203271,62376
196722,62376
203271,1370
196722,1370
203256,1370
205665,34092
205665,56714
251085,62074
158016,62074
229521,62074
253998,62074
192768,62074
223554,62074
203889,62074
66378,62074
59703,62074
199860,62074
192771,62074
205728,62074
205122,62074
250629,62074
210846,62074
222750,62376
222750,1370
214194,56714
214194,34092
203511,34092
203511,56714
250947,62074
189045,56714
189045,34092
154740,62376
154740,1370
154803,62376
154803,1370
232068,34092
232068,56714
206673,62074
233970,56714
233970,34092
155403,34092
155403,56714
240939,56714
240939,34092
175293,1370
175293,62376
233091,1370
233091,62376
249486,62074
212571,62378
212571,57414
238611,11262
203082,11262
203073,11262
206670,62074
183576,34092
183576,56714
153642,34092
153642,56714
240939,62378
240939,57414
61908,62376
205905,1370
218061,62376
249579,62376
218061,1370
61908,1370
96444,62376
249579,1370
204717,1370
203280,1370
204717,62376
96444,1370
205905,62376
203280,62376
72645,56714
72645,34092
163101,34092
163101,56714
216108,34092
216108,56714
213114,62074
208116,11262
240912,62376
240912,1370
206496,62074
206763,62074
206412,62074
206514,62074
206484,62074
211641,62074
162603,56714
162603,34092
154869,1370
154869,62376
206964,34092
206964,56714
208545,62074
187875,34092
187875,56714
214506,11262
156225,1370
156225,62376
154167,34092
154167,56714
253578,11262
208554,62074
188100,56714
188100,34092
224526,62376
252696,62376
252696,1370
224526,1370
172503,34092
172503,56714
176577,62074
72561,11262
208341,62376
203796,1370
208341,1370
203796,62376
191247,62376
191247,1370
234156,62074
186216,62376
186216,1370
197286,57414
197286,62378
227310,62378
250653,57414
227310,57414
250653,62378
197676,34092
197676,56714
154041,62074
188844,34092
188844,56714
252774,56714
221151,56714
221151,34092
252774,34092
210000,1370
210000,62376
155034,62376
155034,1370
65067,11262
177951,11262
221331,34092
221331,56714
188787,56714
188787,34092
155043,11262
208524,57414
208524,62378
246618,62378
246618,57414
242412,62378
242412,57414
176403,62378
212220,57414
176403,57414
212220,62378
154041,34092
154041,56714
234972,56714
234018,56714
234972,34092
234018,34092
157767,62376
157767,1370
209094,34092
209094,56714
254118,11262
252210,62074
251121,34092
251121,56714
177474,1370
177474,62376
199044,62376
199044,1370
238263,62074
249294,62074
180195,56714
180195,34092
231057,62074
65631,34092
65631,56714
228753,56714
228753,34092
253683,62074
231162,62376
231162,1370
154758,34092
154758,56714
196302,34092
206856,34092
196302,56714
206856,56714
236766,34092
236766,56714
248871,56714
248871,34092
213114,34092
213114,56714
219048,62074
219231,34092
219231,56714
72930,57414
72930,62378
211533,62074
249342,63510
163377,62074
153642,62074
204771,1370
204771,62376
253683,56714
253683,34092
187221,1370
187221,62376
211947,62378
211947,57414
220713,62074
155106,62376
155106,1370
207465,11262
61899,56714
61899,34092
207144,62074
172503,62074
208758,11262
253935,11262
154770,56714
154770,34092
222204,1370
222204,62376
182292,56714
182292,34092
203727,34092
203727,56714
163251,62376
163251,1370
196311,56714
196311,34092
186378,62074
192549,56714
192549,34092
166437,34092
166437,56714
216309,57414
216309,62378
212220,1370
176403,62376
176403,1370
212220,62376
204228,11262
203829,34092
203829,56714
160029,62378
160029,57414
162795,62376
162795,1370
178818,11262
195372,34092
195372,56714
186987,62376
186987,1370
208518,62378
208518,57414
206748,63510
63876,56714
63876,34092
185244,62376
185244,1370
154098,62376
154098,1370
217293,62074
232269,62074
211476,1370
211476,62376
206637,62074
206448,62074
184104,62376
184104,1370
129204,34092
129204,56714
249342,33886
249342,63538
249342,30500
249342,50718
207240,62376
207240,1370
164541,1370
164541,62376
166995,56714
166995,34092
184104,62074
250629,57414
251085,62378
66378,62378
192768,57414
192771,62378
229521,57414
192771,57414
251085,57414
192768,62378
253998,62378
199860,62378
158016,57414
223554,57414
203889,62378
59703,62378
253998,57414
210846,57414
210846,62378
223554,62378
59703,57414
205728,62378
66378,57414
158016,62378
205122,57414
229521,62378
250629,62378
205122,62378
199860,57414
205728,57414
203889,57414
61305,11262
62817,56714
62817,34092
208503,34092
208503,56714
189045,62376
189045,1370
206748,50718
206748,63538
206748,30500
206748,33886
185817,56714
185817,34092
71301,11262
63876,62074
224931,1370
224931,62376
153048,62376
153048,1370
129204,62074
162984,34092
162984,56714
224526,56714
224526,34092
252696,34092
252696,56714
210129,62074
220095,62376
220095,1370
253506,62074
206838,62074
211407,62074
225501,1370
225501,62376
222159,56714
222159,34092
225501,62378
225501,57414
210051,1370
210051,62376
187875,62074
245154,1370
245154,62376
250947,62378
250947,57414
211812,34092
211812,56714
154740,34092
154740,56714
244173,1370
244173,62376
242571,62074
247260,57414
247260,62378
209970,56714
209970,34092
154812,62376
154812,1370
247983,34092
247983,56714
192942,62074
167316,1370
167316,62376
203733,1370
203733,62376
226623,62074
238263,63510
249294,63510
248373,56714
248373,34092
205722,62074
157416,62074
203166,11262
167514,34092
167514,56714
236775,11262
230331,11262
236226,56714
236226,34092
154821,56714
154821,34092
210816,1370
210816,62376
183363,57414
183363,62378
155100,11262
187659,62378
187659,57414
217782,11262
217494,1370
217494,62376
234018,1304
234972,59822
234972,1304
234018,59822
233091,62074
154119,1370
154119,62376
209094,1370
209094,62376
180195,1370
180195,62376
61899,11262
176403,63510
212220,63510
155481,62376
155481,1370
163101,62074
207927,34092
207927,56714
172719,62376
172719,1370
60864,62074
225480,57414
225480,62378
56871,1370
56871,62376
228438,56714
228438,34092
250434,1370
250434,62376
244971,57414
244971,62378
230286,62376
230286,1370
227295,1370
227295,62376
212430,62376
212430,1370
69060,11262
225480,62376
225480,1370
211473,34092
211473,56714
208545,34092
208545,56714
231102,62074
249513,56714
249513,34092
207618,1370
207618,62376
195372,62378
195372,57414
223728,34092
223728,56714
240912,56714
240912,34092
250653,62074
197286,62074
188853,56714
188853,34092
225699,1370
225699,62376
248202,62376
248202,1370
230073,56714
230073,34092
241389,1370
241389,62376
206964,62074
165684,62376
165684,1370
196311,62074
207330,62376
207330,1370
160770,34092
160770,56714
160029,62074
249687,11262
251106,11262
217620,56714
217620,34092
206646,62074
251169,62074
153867,62376
153867,1370
208722,62074
209796,34092
209796,56714
220269,62378
220269,57414
203328,62074
231102,1370
231102,62376
240912,62074
164007,1370
164007,62376
64365,34092
64365,56714
200964,11262
207588,1370
207588,62376
197529,56714
197529,34092
237804,56714
237804,34092
186177,56714
186177,34092
248202,62378
248202,57414
200508,59822
200508,1304
211140,62378
211140,57414
198552,62376
198552,1370
186216,62074
207243,56714
207243,34092
203700,62378
196845,57414
196845,62378
203700,57414
228315,62074
184509,1370
184509,62376
207222,1370
207222,62376
214194,62074
204411,34092
204411,56714
203073,34092
238611,34092
203073,56714
238611,56714
203082,56714
203082,34092
211989,1304
211989,59822
174513,34092
174513,56714
153888,62376
153888,1370
204144,11262
164541,56714
164541,34092
195372,63510
187659,1370
187659,62376
210129,56714
210129,34092
181746,34092
181746,56714
61824,62378
61824,57414
228315,1370
228315,62376
252480,56714
252480,34092
153765,11262
242610,34092
242610,56714
232029,57414
232029,62378
198279,56714
198279,34092
161208,62376
161208,1370
162984,62074
253671,1370
253671,62376
186378,62376
186378,1370
243408,62074
204375,62376
204375,1370
65598,62378
65598,57414
242856,11262
251121,62376
251121,1370
219048,56714
219048,34092
156063,62376
156063,1370
244971,63510
197034,62376
197034,1370
157767,62378
157767,57414
230010,1370
230010,62376
249207,62376
249207,1370
186882,11262
238536,57414
238536,62378
251106,34092
249687,56714
251106,56714
249687,34092
205812,1370
205812,62376
154560,11262
72930,62074
165045,56714
165045,34092
244158,62376
244158,1370
25743,1370
25743,62376
128685,1370
128685,62376
208872,62378
208872,57414
162795,62074
187221,62074
183387,1370
183387,62376
231162,62074
188100,1370
188100,62376
198534,11262
128526,34092
128526,56714
194409,56714
194409,34092
204657,1370
204657,62376
161058,34092
161058,56714
212442,62074
62817,1370
62817,62376
242571,62378
242571,57414
249159,56714
249159,34092
230073,1370
230073,62376
209622,62074
253557,62074
155337,1370
155337,62376
177672,62074
222204,56714
222204,34092
172419,34092
172419,56714
196722,56714
244866,34092
203271,34092
203271,56714
244866,56714
203256,56714
196722,34092
203274,56714
203274,34092
203256,34092
204228,1370
204228,62376
209793,11262
217293,56714
217293,34092
153642,62376
153642,1370
154665,56714
154665,34092
248205,34092
248205,56714
231663,62074
234555,62074
65631,1370
65631,62376
198882,59822
242151,59822
242151,1304
198882,1304
224841,62376
224841,1370
188685,62376
188685,1370
183912,11262
65640,1370
65640,62376
207927,62376
207927,1370
187806,62378
187806,57414
183366,57414
183366,62378
61824,63510
203673,11262
203511,57414
203511,62378
183921,62376
183921,1370
231459,1370
231459,62376
198882,63510
242151,63510
176577,1370
176577,62376
162843,11262
224931,34092
224931,56714
154869,56714
154869,34092
183213,62074
163377,56714
163377,34092
60864,62376
60864,1370
67158,1370
67158,62376
154167,62376
154167,1370
154032,1370
154032,62376
154803,56714
154803,34092
203775,62376
203775,1370
246804,11262
187395,11262
154551,11262
203055,56714
203055,34092
209796,57414
209796,62378
210978,34092
210978,56714
59700,11262
60762,34092
60762,56714
201564,59822
203709,1304
201564,1304
203709,59822
203295,1304
203295,59822
179790,34092
179790,56714
242439,1370
242439,62376
224169,62376
224169,1370
251442,34092
251442,56714
208053,1370
208053,62376
209073,62074
208584,59822
208584,1304
232035,59822
232035,1304
229536,34092
229536,56714
88821,1370
88821,62376
165750,1370
165750,62376
164661,62376
164661,1370
232035,62378
232035,57414
158658,62376
158658,1370
96444,56714
204717,34092
205905,34092
61908,56714
204717,56714
249579,56714
205905,56714
203280,56714
96444,34092
218061,34092
249579,34092
203280,34092
61908,34092
218061,56714
222159,62376
222159,1370
188787,57414
188787,62378
210000,56714
210000,34092
155034,56714
155034,34092
207330,62074
191250,62074
249486,56714
249486,34092
166005,62376
166005,1370
212211,62074
208722,62378
208722,57414
208554,57414
208554,62378
191451,62074
187734,34092
187734,56714
173613,56714
173613,34092
207243,1370
207243,62376
153999,11262
210171,34092
210171,56714
185817,1370
185817,62376
164007,62074
229977,1370
229977,62376
203820,1370
203820,62376
175878,62376
175878,1370
156063,62074
153765,62376
153765,1370
223071,1370
223071,62376
221151,62074
252774,62074
212433,62378
212433,57414
204780,1370
203871,1370
203181,1370
203181,62376
204780,62376
203871,62376
186177,1370
186177,62376
201522,62376
201522,1370
155403,1370
155403,62376
128538,62378
128538,57414
173667,34092
173667,56714
186327,62074
61692,34092
210168,56714
210168,34092
207105,34092
61692,56714
207105,56714
203181,62378
203181,57414
204780,57414
204780,62378
203871,62378
203871,57414
187386,56714
187386,34092
206772,56714
206772,34092
229473,1370
229473,62376
186951,1370
186951,62376
208341,34092
208341,56714
203796,34092
203796,56714
184710,62376
184710,1370
248202,62074
247002,1370
247002,62376
247002,62074
154827,62378
154827,57414
210816,62074
211740,62074
228729,62376
228729,1370
179853,34092
179853,56714
251121,62074
177474,62074
250977,11262
203184,34092
203184,56714
248205,1370
248205,62376
154167,62074
227310,62074
253557,62376
253557,1370
242232,34092
238827,56714
238827,34092
242232,56714
206955,34092
206955,56714
209796,63510
203073,1370
203073,62376
172587,62074
176643,62074
227973,1370
227973,62376
221331,1370
221331,62376
247974,11262
164457,62074
196845,62376
196845,1370
206847,62074
59700,34092
59700,56714
206847,62376
206847,1370
206418,56714
206418,34092
129081,62074
197529,1370
197529,62376
195378,62378
195378,57414
139272,57414
139272,62378
203259,62376
217380,1370
203259,1370
203439,62376
203439,1370
217380,62376
201798,1370
201798,62376
209976,62376
209976,1370
155106,34092
155106,56714
204243,56714
204243,34092
153867,62074
249342,56714
249342,34092
192159,1370
192159,62376
203232,62376
203232,1370
225699,56714
225699,34092
198792,34092
198792,56714
172503,1370
172503,62376
203700,1370
203700,62376
203820,57414
203820,62378
67335,11262
64272,62376
64272,1370
210678,57414
210678,62378
223782,1370
223782,62376
203775,56714
203775,34092
252405,62376
252405,1370
188961,34092
188961,56714
210978,63510
192627,62376
192627,1370
243408,1370
243408,62376
235335,56714
235335,34092
212892,62376
212892,1370
197676,62074
209154,62074
203055,62376
203055,1370
208518,63510
212892,57414
212892,62378
216948,62074
210978,62376
210978,1370
248292,1370
248292,62376
211632,56714
211632,34092
191250,62376
191250,1370
231459,62074
232614,62074
209970,62376
209970,1370
208503,62074
172419,57414
172419,62378
247956,62074
187659,62074
201798,34092
201798,56714
204657,56714
204657,34092
66879,34092
66879,56714
250947,59822
250947,1304
208521,63510
210690,63510
184104,56714
184104,34092
233970,1370
233970,62376
210810,34092
210810,56714
154821,62376
154821,1370
212688,1370
212688,62376
227973,34092
227973,56714
172419,1370
172419,62376
154041,1370
154041,62376
154770,1370
154770,62376
64353,1370
64353,62376
174195,56714
174195,34092
211812,62376
211812,1370
140277,1370
140277,62376
188100,62074
187263,62074
164007,34092
164007,56714
245154,62074
216108,62376
216108,1370
205665,62378
205665,57414
220011,62376
220011,1370
215457,56714
215457,34092
178458,34092
178458,56714
204771,56714
204771,34092
155055,62376
155055,1370
211473,62376
211473,1370
217293,62376
217293,1370
67764,56714
67764,34092
208788,63510
204480,62376
204480,1370
157224,56714
157224,34092
206439,62074
227292,62376
227292,1370
211749,62376
211749,1370
183363,34092
183363,56714
210171,1370
210171,62376
153048,62074
61824,62376
61824,1370
184950,59822
184950,1304
247260,34092
247260,56714
192714,62376
192714,1370
186327,62376
186327,1370
186327,62378
186327,57414
214998,57414
214998,62378
139272,34092
139272,56714
195378,34092
195378,56714
228315,56714
228315,34092
186882,1370
186882,62376
212337,62378
212337,57414
248061,57414
248061,62378
129081,56714
129081,34092
207927,62378
207927,57414
205188,1304
205188,59822
159027,59822
159027,1304
205815,62074
155016,1370
155016,62376
157938,62074
64959,56714
64959,34092
187974,62376
187974,1370
234555,56714
234120,56714
231663,34092
234120,34092
234555,34092
231663,56714
244278,62376
244278,1370
234120,62074
241218,56714
241218,34092
154434,62376
154434,1370
162603,62074
201522,62074
157224,62074
208053,57414
208053,62378
220095,62074
195378,62074
139272,62074
234093,63510
245631,62376
245631,1370
212283,62074
187224,34092
187224,56714
203256,62074
196722,62074
203271,62074
220095,56714
220095,34092
192627,56714
192627,34092
203733,34092
203733,56714
232068,62074
248202,63510
215112,62074
165786,1370
165786,62376
191316,56714
191316,34092
248292,34092
248292,56714
247260,63510
212337,1304
212337,59822
203724,59822
203724,1304
203871,62074
203181,62074
204780,62074
157938,1370
157938,62376
209154,62376
209154,1370
211140,34092
211140,56714
206304,62074
188196,62376
188196,1370
220713,62376
220713,1370
252480,62376
252480,1370
223968,62074
185817,57414
185817,62378
67335,56714
67335,34092
225276,34092
225276,56714
224841,62074
154119,62074
187962,1370
187962,62376
247956,62376
247956,1370
128604,62074
224169,62378
224169,57414
251169,34092
251169,56714
191250,34092
191250,56714
211476,62074
207219,34092
207219,56714
184710,62074
206418,63510
72645,57414
72645,62378
207618,62074
61344,33886
61344,30500
61344,50718
61344,63538
210633,63510
205332,1370
205332,62376
128526,1370
128526,62376
154119,62378
154119,57414
235458,34092
235458,56714
211140,60
252081,62074
207339,62074
223968,62376
223968,1370
207240,62074
249573,56714
249573,34092
192714,56714
192714,34092
248178,1304
248178,59822
251721,59822
251721,1304
154506,62376
154506,1370
245631,62378
245631,57414
153645,34092
153645,56714
211812,62074
207222,63510
211950,57414
211950,62378
234093,1304
234093,59822
238611,1370
203082,62376
238611,62376
203082,1370
246963,56714
246963,34092
208524,59822
246618,1304
208524,1304
246618,59822
242412,1304
242412,59822
72645,1370
72645,62376
237804,62074
206850,62074
211947,62074
231876,56714
231876,34092
231459,34092
231459,56714
231102,57414
231102,62378
188685,56714
188685,34092
227973,62074
172587,56714
172587,34092
176643,34092
176643,56714
164337,62376
164337,1370
59700,1370
59700,62376
212892,34092
212892,56714
203736,62376
203736,1370
206412,56714
206496,56714
206763,56714
206763,34092
211641,56714
206496,34092
211641,34092
206412,34092
206484,56714
206514,56714
206484,34092
206514,34092
154032,62074
245046,62074
209994,62376
209994,1370
164457,57414
164457,62378
186384,56714
186384,34092
65328,11262
204375,62074
155106,62074
201798,62074
155403,62074
191256,57414
191256,62378
229812,56714
229812,34092
154167,57414
154167,62378
210810,1370
210810,62376
163251,62074
154821,62378
154821,57414
208788,62074
237057,34092
237057,56714
216564,57414
216564,62378
251202,62378
251202,57414
64365,1370
188853,1370
64365,62376
188853,62376
155337,56714
155337,34092
221151,62378
252774,62378
252774,57414
221151,57414
208503,57414
208503,62378
128538,34092
128538,56714
66915,34092
66915,56714
216822,62376
216822,1370
211344,11262
166437,62074
191553,56714
191553,34092
182556,1370
182556,62376
250629,63510
66378,63510
223554,63510
203889,63510
251085,63510
59703,63510
205122,63510
192768,63510
210846,63510
253998,63510
199860,63510
205728,63510
229521,63510
192771,63510
158016,63510
156024,34092
156024,56714
157185,1370
157185,62376
244158,62074
204243,62074
253671,62074
140277,56714
140277,34092
217620,62376
217620,1370
194409,62074
128763,34092
128763,56714
253335,56714
253335,34092
206418,30500
206418,63538
206418,50718
206418,33886
207588,56714
207588,34092
166437,62376
166437,1370
203388,59822
203388,1304
203259,34092
217380,56714
203259,56714
217380,34092
203439,56714
203439,34092
56871,56714
56871,34092
155016,57414
155016,62378
249513,62074
216309,1370
216309,62376
253308,62074
153867,57414
153867,62378
183366,34092
183366,56714
163131,1370
163131,62376
160029,59822
160029,1304
203709,57414
203709,62378
203295,57414
203295,62378
201564,57414
201564,62378
198873,62376
198873,1370
206415,34092
206415,56714
88920,34092
88920,56714
250977,1370
250977,62376
249342,63508
249342,49888
249342,62944
249342,62860
205665,59822
205665,1304
157224,1370
157224,62376
194409,1370
194409,62376
212448,57414
212448,62378
61344,62376
61344,1370
220269,34092
220269,56714
247983,62378
247983,57414
206415,62074
182556,62074
171702,62376
171702,1370
188700,16358
177474,57414
177474,62378
153138,62074
197676,62376
197676,1370
198792,1370
198792,62376
221526,63510
208572,63510
171372,1370
171372,62376
179790,1370
179790,62376
205815,1370
205815,62376
247962,56714
247962,34092
212571,63510
128685,11262
129081,62376
129081,1370
178818,1370
178818,62376
154698,57414
154698,62378
248301,62376
248301,1370
188700,56714
188700,34092
238068,1370
166599,1370
166599,62376
238068,62376
251169,1304
251169,59822
153669,56714
153669,34092
183921,56714
183921,34092
244287,34092
244287,56714
171702,56714
171702,34092
183450,56714
183450,34092
213978,62376
213978,1370
207396,62074
68676,56714
68676,34092
222159,62074
230073,62074
180195,62074
163578,34092
163578,56714
211950,1304
211950,59822
165183,62376
165183,1370
179790,62074
237057,62376
237057,1370
198801,62074
203277,62378
203145,57414
203277,57414
203145,62378
248013,57414
248013,62378
183666,56714
183666,34092
222669,62074
243408,34092
243408,56714
242439,62074
192159,34092
203232,34092
203232,56714
192159,56714
157854,34092
157854,56714
211749,57414
211749,62378
206868,62074
205722,56714
205722,34092
157416,34092
157416,56714
164337,56714
164337,34092
238536,34092
238536,56714
225480,62074
163044,62376
163044,1370
167316,11262
203820,56714
203820,34092
72117,63510
247002,62378
247002,57414
72645,62074
223728,11262
214998,1370
214998,62376
191892,62074
179853,62378
179853,57414
224841,56714
224841,34092
253557,62378
253557,57414
219420,62376
219420,1370
249207,62074
229737,62074
191892,62376
191892,1370
207396,56714
207396,34092
64272,56714
64272,34092
61482,34092
61482,56714
252618,16358
210876,16358
165687,16358
212448,62074
199044,1304
199044,59822
177672,1370
177672,62376
212688,34092
212688,56714
210978,62074
208209,34092
208209,56714
251202,1304
251202,59822
210120,57414
210120,62378
163578,62378
163578,57414
192618,16358
203328,62378
203328,57414
155481,62378
155481,57414
191247,34092
191247,56714
248373,62074
227310,63510
206850,34092
206850,56714
207243,62074
188685,62074
204411,62074
221526,59822
208572,59822
208572,1304
221526,1304
174195,62074
224931,62074
155016,34092
155016,56714
183921,57414
183921,62378
252618,34092
165684,34092
165684,56714
165687,56714
210876,56714
165687,34092
252618,56714
210876,34092
186216,59822
186216,1304
207339,57414
252081,57414
207339,62378
252081,62378
153669,1370
153669,62376
189045,62378
189045,57414
251967,62378
251967,57414
232029,62074
187221,59822
187221,1304
201522,62378
201522,57414
203511,62074
210810,62074
208206,62376
208206,1370
203829,62378
203829,57414
72561,62376
72561,1370
154770,62378
154770,57414
213513,62074
164457,62376
164457,1370
234129,56714
234129,34092
244173,62074
162984,62376
162984,1370
176643,1370
172587,1370
176643,62376
172587,62376
252210,57414
252210,62378
188331,1370
188331,62376
208500,59822
208500,1304
210678,59822
210678,1304
217380,62074
203259,62074
203439,62074
209799,62378
209799,57414
67335,1370
67335,62376
203673,1370
203673,62376
211407,62378
211407,57414
232068,1304
232068,59822
187806,62376
187806,1370
187734,62376
187734,1370
183387,62074
174513,62376
174513,1370
222204,62074
217782,56714
217782,34092
156225,56714
156225,34092
196845,56714
196845,34092
207240,56714
207240,34092
72645,63510
72045,1370
72045,62376
216948,62376
216948,1370
140277,62074
233091,59822
233091,1304
188844,57414
188844,62378
209094,62074
210234,63538
210234,50718
210234,33886
210234,30500
210627,56714
210627,34092
248205,62074
216309,63510
181101,62376
181101,1370
208341,57414
203796,62378
203796,57414
208341,62378
225276,62074
204144,1370
204144,62376
72918,1304
72918,59822
252405,34092
252405,56714
203700,34092
203700,56714
155481,59822
155481,1304
173613,62376
173613,1370
188787,1370
188787,62376
213978,62074
154827,56714
154827,34092
65598,34092
65598,56714
61692,63510
210168,63510
181101,34092
181101,56714
204780,63510
203181,63510
203871,63510
246054,11262
155337,62074
212211,62378
212211,57414
250434,1304
250434,59822
66915,11262
238263,1304
249294,1304
249294,59822
238263,59822
163377,1370
163377,62376
191892,62378
191892,57414
230331,1370
236775,62376
236775,1370
230331,62376
154827,62376
154827,1370
252696,62074
187962,34092
187962,56714
183576,62074
209793,34092
209793,56714
231057,63510
247974,1370
247974,62376
217620,62074
186384,1370
186384,62376
248061,62074
204411,62378
204411,57414
237057,63510
154812,56714
154812,34092
217620,62378
217620,57414
230010,56714
230010,34092
203256,62378
203256,57414
212469,11262
197034,56714
197034,34092
61344,62378
61344,57414
157398,34092
157398,56714
129204,62378
129204,57414
157185,1304
157185,59822
187707,62376
187707,1370
206964,57414
206964,62378
72045,62378
72045,57414
209094,62378
209094,57414
247548,62074
212283,56714
212283,34092
236766,62074
248871,62074
219420,34092
219420,56714
155271,62074
253308,62376
253308,1370
165726,11262
253935,57414
208758,57414
253935,62378
208758,62378
182556,34092
182556,56714
189009,34092
189009,56714
214998,56714
214998,34092
188730,34092
188730,56714
251625,1370
251625,62376
234018,62376
234972,1370
234972,62376
234018,1370
230028,50718
230028,33886
230028,63538
230028,30500
229737,57414
229737,62378
249573,62378
249573,57414
203274,62074
244866,62074
203727,1304
203727,59822
63876,57414
63876,62378
171702,62074
176403,62074
212220,62074
61824,62074
72930,63510
154560,1370
154560,62376
238032,30500
238032,33886
238032,50718
238032,63538
156063,56714
156063,34092
245046,56714
245046,34092
187962,62074
228729,62074
220713,56714
220713,34092
161208,62074
67764,62376
67764,1370
203277,62376
248013,62376
203277,1370
203145,1370
203145,62376
248013,1370
184509,34092
184509,56714
234864,1370
234864,62376
204657,62378
204657,57414
246150,1370
246150,62376
192627,62074
248550,62376
248550,1370
172419,62074
165786,56714
165786,34092
154506,62074
199044,57414
199044,62378
242412,63510
246618,63510
208524,63510
203184,57414
203184,62378
248292,62074
228753,62376
228753,1370
210171,62074
238827,57414
206955,57414
242232,62378
238827,62378
242232,57414
206955,62378
206304,62376
206304,1370
72045,30500
72045,33886
72045,63538
72045,50718
212448,63510
181101,57414
181101,62378
226662,1370
226662,62376
183366,63510
160770,1304
160770,59822
246150,62074
171372,34092
171372,56714
231162,1304
231162,59822
88920,1370
88920,62376
211407,63538
211407,50718
211407,33886
211407,30500
209970,62074
204657,62074
220269,63510
210627,1370
210627,62376
207588,57414
207588,62378
166437,62378
166437,57414
249930,1370
249930,62376
160029,63510
183666,62376
183666,1370
179496,59822
179496,1304
203166,62376
61305,62376
61305,1370
203166,1370
201741,1370
201741,62376
248550,56714
248550,34092
233091,57414
233091,62378
242610,57414
242610,62378
209799,1370
209799,62376
209154,34092
209154,56714
69060,1370
69060,62376
153867,1304
153867,59822
221331,57414
221331,62378
216948,62378
216948,57414
88821,34092
165750,34092
165750,56714
88821,56714
234120,1370
234555,62376
234555,1370
231663,1370
234120,62376
231663,62376
181746,62074
226623,34092
226623,56714
210051,34092
210051,56714
209799,34092
209799,56714
253335,62376
253335,1370
187707,62378
187707,57414
231057,50718
231057,30500
231057,63538
231057,33886
206955,62074
238827,62074
242232,62074
89013,56714
89013,34092
153765,56714
153765,34092
187386,57414
187386,62378
153402,62074
153150,62074
207330,16358
66879,62074
67827,56714
67827,34092
128526,62074
214506,56714
214506,34092
250653,63510
197286,63510
211740,62376
211740,1370
206772,62074
249297,34092
249297,56714
210342,62074
154869,62074
191553,62376
191553,1370
231057,62378
231057,57414
195372,62074
183921,62074
206847,56714
206847,34092
251391,56714
251391,34092
203301,1304
203706,59822
203301,59822
203706,1304
183213,63538
183213,30500
183213,50718
183213,33886
216564,34092
216564,56714
166995,1370
166995,62376
217494,62074
213114,62378
213114,57414
208500,57414
208500,62378
223782,62074
154476,1370
154476,62376
253683,62376
253683,1370
215457,62378
215457,57414
201741,62074
224631,34092
224631,56714
207339,63510
252081,63510
212571,1304
212571,59822
229737,59822
229737,1304
206364,34092
206364,56714
128526,57414
128526,62378
222750,62074
56871,62074
177474,59822
177474,1304
188700,1304
188700,59822
164661,34092
164661,56714
204771,57414
204771,62378
211947,63510
96138,62378
96138,57414
252696,57414
224526,62378
224526,57414
252696,62378
172719,62378
172719,57414
207465,30500
207465,63538
207465,50718
207465,33886
247962,62074
212442,50718
212442,63538
212442,30500
212442,33886
72045,62074
203829,62074
208209,62074
165786,62378
165786,57414
188100,57414
188100,62378
251967,30500
251967,63538
251967,33886
251967,50718
224526,62074
69060,34092
69060,56714
209073,62376
209073,1370
215112,63510
247956,34092
247956,56714
192714,62074
183492,57414
183492,62378
248373,62378
248373,57414
248205,57414
248205,62378
203700,63510
196845,63510
180195,62378
180195,57414
203673,56714
203673,34092
208545,1304
208545,59822
158658,62074
230286,62378
230286,57414
184509,62074
253308,62378
253308,57414
153669,62074
187224,1370
187224,62376
64272,62074
72117,62074
235335,63510
205332,57414
205332,62378
181371,1370
181371,62376
185244,62378
185244,57414
244173,62378
244173,57414
191316,62378
191316,57414
206748,54096
204480,56714
204480,34092
188196,34092
188196,56714
235335,50718
235335,33886
235335,30500
235335,63538
154506,34092
154506,56714
72117,57414
72117,62378
211476,62378
211476,57414
210120,34092
210120,56714
165045,62378
165045,57414
188961,1370
188961,62376
88920,62074
203736,34092
203736,56714
162795,57414
162795,62378
232614,59822
232614,1304
223071,62378
223071,57414
241389,1304
241389,59822
237804,62378
237804,57414
208341,62074
203796,62074
191247,59822
191247,1304
166005,62074
237057,62074
157854,50718
157854,33886
157854,30500
157854,63538
186177,57414
186177,62378
247983,63510
204144,34092
204144,56714
234864,62074
195723,62074
228753,62378
228753,57414
172719,56714
172719,34092
249207,56714
249207,34092
172719,62074
203733,62074
241350,62378
241350,57414
67158,62074
212211,1304
212211,59822
252618,59822
165684,1304
210876,59822
165687,1304
165687,59822
252618,1304
210876,1304
165684,59822
230073,57414
230073,62378
181371,62074
245154,1304
245154,59822
209994,56714
209994,34092
154434,62074
163131,62378
163131,57414
249930,62074
213978,62378
213978,57414
71301,34092
71301,56714
209184,56714
209184,34092
165684,16358
200508,1370
200508,62376
187263,1370
187263,62376
238218,62074
210816,57414
210816,62378
72117,33886
72117,63538
72117,50718
72117,30500
222204,62378
222204,57414
212220,54096
176403,54096
253935,62074
208758,62074
212283,1370
212283,62376
187659,59822
187659,1304
187707,30500
187707,33886
187707,50718
187707,63538
155043,62376
155043,1370
154698,56714
154698,34092
204717,57414
204717,62378
203280,62378
96444,57414
96444,62378
203280,57414
183492,1370
183492,62376
224631,62376
224631,1370
224631,62074
248550,62074
187395,62376
154551,1370
187395,1370
246804,1370
154551,62376
246804,62376
192159,62074
203232,62074
154434,56714
154434,34092
207243,57414
207243,62378
187806,62074
153888,59822
153888,1304
154032,57414
154032,62378
154821,62074
182292,59822
182292,1304
61344,63510
163251,59822
163251,1304
216822,34092
216822,56714
233970,62074
187974,56714
227292,62074
187974,34092
188844,62074
246150,56714
246150,34092
244971,63508
244971,62944
244971,62860
244971,49888
219048,59822
219048,1304
201522,63510
253335,62074
210978,62378
210978,57414
72045,63510
211344,63510
211476,1304
211476,59822
211989,1370
211989,62376
244278,62074
206748,59822
206748,1304
231162,57414
231162,62378
167514,1370
167514,62376
208794,11262
208812,11262
248682,62378
248682,57414
195723,1370
195723,62376
175878,62074
249930,56714
249930,34092
250947,63510
203811,1370
203811,62376
248301,62074
157767,62074
154740,62074
229977,62074
248682,1304
248682,59822
186384,62378
186384,57414
157398,62376
157398,1370
216108,62074
252210,59822
252210,1304
183387,59822
183387,1304
247548,1370
247548,62376
225699,62074
208341,63510
203796,63510
207222,50274
250977,34092
157938,1304
157938,59822
250977,56714
155271,1370
155271,62376
67827,62074
62817,62378
62817,57414
161208,1304
161208,59822
154770,62074
153756,62376
153756,1370
186987,62378
186987,57414
238068,56714
238068,34092
166599,34092
166599,56714
252480,62074
196722,57414
203271,62378
244866,62378
196722,62378
203274,62378
244866,57414
203271,57414
203274,57414
204411,1370
204411,62376
242130,57414
242130,62378
175293,62378
175293,57414
253998,1304
158016,1304
199860,59822
192768,1304
229521,59822
223554,1304
192771,1304
203889,59822
205122,59822
199860,1304
205122,1304
250629,1304
192768,59822
251085,1304
205728,1304
251085,59822
229521,1304
253998,59822
66378,1304
158016,59822
223554,59822
210846,59822
59703,59822
59703,1304
250629,59822
210846,1304
203889,1304
192771,59822
205728,59822
66378,59822
207222,54096
72117,1370
154665,1370
72117,62376
154665,62376
219231,62378
219231,57414
251391,62378
251391,57414
204228,62074
198279,63510
188730,1370
188730,62376
221151,63510
252774,63510
254118,34092
254118,56714
223968,50718
223968,33886
223968,30500
223968,63538
246963,62074
210690,1304
210690,59822
208521,1304
208521,59822
67158,1304
67158,59822
154869,62378
154869,57414
153999,56714
153999,34092
163578,62376
163578,1370
207105,30500
207105,33886
207105,50718
207105,63538
160029,62376
160029,1370
211473,62074
195372,30500
195372,50718
195372,33886
195372,63538
181746,62376
181746,1370
212448,33886
212448,50718
212448,63538
212448,30500
210633,34092
210633,56714
203733,57414
203733,62378
232035,63510
224931,62378
224931,57414
207222,62074
210234,62378
210234,57414
157938,57414
157938,62378
210000,62074
155034,62074
61899,1370
61899,62376
206673,57414
206673,62378
188853,62074
188331,57414
188331,62378
208092,34092
208092,56714
198552,56714
198552,34092
210816,59822
210816,1304
65631,57414
65631,62378
167652,1370
167652,62376
212478,34092
212478,56714
210129,1304
210129,59822
187707,63510
178818,56714
178818,34092
164541,62378
164541,57414
191451,56714
191451,34092
244680,62378
244680,57414
209796,62074
204375,34092
204375,56714
155055,56714
155055,34092
128604,57414
128604,62378
244680,59822
244680,1304
176577,1304
176577,59822
225480,63510
198522,62074
206481,62074
251619,62074
212748,62074
188196,62074
203532,1304
203532,59822
187707,62074
203055,62074
60762,62378
60762,57414
215112,63538
215112,50718
215112,30500
215112,33886
184509,57414
184509,62378
167652,56714
167652,34092
211812,1304
211812,59822
72561,62074
198801,57414
198801,62378
175878,59822
175878,1304
230178,1370
230178,62376
193965,11262
153756,56714
153756,34092
210627,62378
210627,57414
154098,1304
154098,59822
72930,63538
72930,50718
72930,30500
72930,33886
62817,63510
207927,62074
183213,1370
183213,62376
163044,62074
249297,62074
189045,62074
220269,1370
220269,62376
242571,63510
210825,62376
210825,1370
175293,59822
175293,1304
154812,62074
205812,1304
205812,59822
61908,62378
205905,62378
249579,62378
218061,62378
218061,57414
205905,57414
249579,57414
61908,57414
185817,63510
216309,62074
153402,1370
153150,1370
153402,62376
153150,62376
61692,62074
210168,62074
229977,57414
229977,62378
157185,62378
157185,57414
225501,63510
153138,1370
153138,62376
242856,62378
242856,57414
230028,57414
230028,62378
68676,62376
68676,1370
203184,62074
249579,62074
203280,62074
204717,62074
61908,62074
205905,62074
96444,62074
218061,62074
166995,62074
202818,57414
202818,62378
206364,63538
206364,30500
206364,33886
206364,50718
89013,62376
89013,1370
219231,62074
204480,57414
204480,62378
241218,57414
241218,62378
227292,57414
227292,62378
201852,34092
201852,56714
154803,62074
251442,63510
247986,62074
187734,62074
183912,34092
183912,56714
212433,59822
212433,1304
183576,1370
183576,62376
204657,63510
61824,33886
61824,63538
61824,50718
61824,30500
227295,62074
212430,62074
212433,50718
212433,63538
212433,33886
212433,30500
187875,59822
187875,1304
198279,1370
198279,62376
187221,62378
187221,57414
244158,59822
244158,1304
162795,1304
162795,59822
128538,63510
220011,11262
198882,62376
242151,62376
198882,1370
242151,1370
161058,62074
195723,1304
195723,59822
207396,62376
207396,1370
211632,62074
71301,62376
71301,1370
208518,62074
207144,62378
207144,57414
190152,62074
222906,1370
222906,62376
243390,62378
243390,57414
223071,59822
223071,1304
216822,63510
155100,1370
155100,62376
248202,30500
248202,33886
248202,50718
248202,63538
206304,34092
206304,56714
210342,1370
210342,62376
245631,34092
245631,56714
198882,30500
242151,50718
198882,33886
242151,30500
242151,33886
242151,63538
198882,50718
198882,63538
183450,62074
160770,62074
64353,34092
64353,56714
214998,62074
220218,1370
220218,62376
251967,63510
163131,63510
252405,62074
186177,63510
154665,62378
154665,57414
68676,62074
222159,59822
222159,1304
206748,63508
206748,49888
206748,62860
206748,62944
234093,62074
228687,62378
228687,57414
154758,57414
154758,62378
186987,59822
186987,1304
178818,62074
238032,62378
238032,57414
250434,62074
72561,34092
72561,56714
59700,62074
203775,62074
246054,56714
246054,34092
65067,62376
65067,1370
192942,57414
192942,62378
153048,57414
153048,62378
153048,1304
153048,59822
250782,62074
214194,62376
214194,1370
59691,63510
191553,62074
247983,63538
247983,33886
247983,50718
247983,30500
208812,62378
208812,57414
208794,62378
208794,57414
244158,62378
244158,57414
154812,57414
154812,62378
212430,59822
212430,1304
227295,59822
227295,1304
230286,1304
230286,59822
238218,62376
238218,1370
191553,57414
191553,62378
165684,57414
165684,62378
204771,62074
210234,63510
221409,62074
220728,50718
220728,30500
220728,63538
220728,33886
183387,57414
183387,62378
251121,1304
251121,59822
163131,59822
163131,1304
191892,63510
221409,1370
221409,62376
206868,57414
206868,62378
67335,62074
165786,62074
198873,62378
198873,57414
226662,62074
242439,56714
242439,34092
249294,50718
238263,33886
249294,33886
249294,30500
238263,63538
238263,50718
238263,30500
249294,63538
254118,1370
254118,62376
199044,62074
60864,56714
60864,34092
25743,57414
25743,62378
183492,62074
208788,62376
208788,1370
203277,56714
203277,34092
203145,56714
248013,56714
248013,34092
203145,34092
165183,62074
157767,63510
25743,59822
25743,1304
253578,34092
153348,56714
253578,56714
153348,34092
65640,62378
65640,57414
164541,62074
188844,1304
188844,59822
238218,33886
238218,50718
238218,63538
238218,30500
192549,62378
192549,57414
206772,57414
206772,62378
155403,59822
155403,1304
154476,56714
154476,34092
203724,57414
203724,62378
253671,62378
253671,57414
96138,34092
96138,56714
251625,62074
232035,1370
232035,62376
236766,1304
236766,59822
248871,1304
248871,59822
234129,50718
234129,63538
234129,30500
234129,33886
208116,1370
208116,62376
161058,1370
161058,62376
182292,57414
182292,62378
174513,62074
88821,1304
88821,59822
165750,59822
165750,1304
236766,57414
248871,62378
236766,62378
248871,57414
188787,63510
188787,62074
183576,50718
183576,33886
183576,63538
183576,30500
204228,34092
204228,56714
128604,1304
128604,59822
207240,57414
207240,62378
205812,62074
153813,56714
153813,34092
153726,1370
153726,62376
212688,62074
64365,62074
64353,62074
228729,1304
228729,59822
208722,63510
156063,1304
156063,59822
177951,1370
177951,62376
229473,62074
186951,62074
234864,33886
234864,50718
234864,30500
234864,63538
209154,59822
209154,1304
216822,62074
129204,1304
129204,59822
198552,1304
198552,59822
230028,63510
239577,1370
239577,62376
223968,57414
223968,62378
243390,62376
243390,1370
248061,59822
248061,1304
60864,16358
61899,62378
61899,57414
225699,57414
225699,62378
184698,62376
184698,1370
174195,57414
174195,62378
183450,62376
183450,1370
223728,62378
223728,57414
228438,1370
228438,62376
187806,63510
209622,1370
209622,62376
192618,59822
192618,1304
62817,50718
62817,63538
62817,30500
62817,33886
207339,50718
207339,33886
252081,33886
207339,30500
252081,63538
207339,63538
252081,50718
252081,30500
155481,33886
155481,30500
155481,50718
155481,63538
162984,62378
162984,57414
184950,62074
162843,62376
162843,1370
234864,57414
234864,62378
209994,62074
212442,63510
212301,57414
212301,62378
187974,59822
187974,1304
183576,1304
183576,59822
155043,56714
155043,34092
220095,59822
220095,1304
215112,57414
215112,62378
225276,1370
225276,62376
209976,62074
194409,57414
194409,62378
186951,1304
229473,59822
229473,1304
186951,59822
64959,1370
64959,62376
248292,57414
248292,62378
167316,56714
167316,34092
156024,62376
156024,1370
208872,1304
208872,59822
222669,63510
210120,62074
222750,62378
222750,57414
206670,59822
206670,1304
207144,1304
207144,59822
72930,1304
72930,59822
210633,62944
210633,49888
210633,63508
210633,62860
251625,62378
251625,57414
181746,62378
181746,57414
184698,62074
178068,34092
178068,56714
210825,62378
210825,57414
244173,1304
244173,59822
230331,57414
236775,62378
230331,62378
236775,57414
163131,33886
163131,63538
163131,30500
163131,50718
204243,59822
204243,1304
210051,62378
210051,57414
155016,62074
212892,62074
67764,62074
186216,57414
186216,62378
203820,62074
88920,57414
88920,62378
203256,63510
154827,63510
196311,62378
196311,57414
210000,57414
155034,62378
155034,57414
210000,62378
251169,62376
251169,1370
196311,1304
196311,59822
212430,57414
227295,57414
212430,62378
227295,62378
203811,56714
203811,34092
65640,1304
65640,59822
59700,59822
59700,1304
153642,57414
153642,62378
206439,1304
206439,59822
231876,63538
231876,33886
231876,50718
231876,30500
208503,63510
154032,1304
154032,59822
206664,1304
206664,59822
204243,57414
204243,62378
156225,1304
156225,59822
198801,1304
198801,59822
211749,62074
156024,62074
212442,57414
212442,62378
250653,59822
197286,59822
250653,1304
197286,1304
210810,62378
210810,57414
224631,62378
224631,57414
154506,57414
154506,62378
212301,59822
212301,1304
154869,59822
154869,1304
213978,63510
62817,62074
232269,62378
232269,57414
212337,63510
222906,56714
222906,34092
206964,63510
155055,57414
155055,62378
207222,63538
207222,50718
207222,30500
207222,33886
160770,1370
160770,62376
235458,62074
198534,1370
198534,62376
188961,62074
211407,59822
211407,1304
211473,1304
211473,59822
153138,33886
153138,30500
153138,63538
153138,50718
237804,59822
237804,1304
248061,63510
204189,63510
220713,63510
183666,62378
183666,57414
186327,59822
186327,1304
236775,62074
230331,62074
251442,62378
251442,57414
197529,62074
61482,63510
252696,1304
224526,59822
252696,59822
224526,1304
246963,63510
245154,62378
245154,57414
167514,62378
167514,57414
157416,1304
157416,59822
205722,1304
205722,59822
249513,1304
249513,59822
61305,34092
203166,56714
203166,34092
61305,56714
251625,30500
251625,50718
251625,63538
251625,33886
241824,59822
241824,1304
195063,56714
195063,34092
209094,59822
209094,1304
157398,62074
164661,1304
164661,59822
164337,57414
164337,62378
229812,62074
186378,16358
245631,62074
209799,63510
251442,62376
251442,1370
203511,63510
183912,62376
183912,1370
158658,1304
158658,59822
210000,1304
210000,59822
155034,59822
155034,1304
201522,63538
201522,33886
201522,50718
201522,30500
204144,57414
204144,62378
223782,59822
223782,1304
153765,62378
153765,57414
177672,59822
177672,1304
216822,62378
216822,57414
220218,62074
65328,34092
65328,56714
228687,34092
228687,56714
206439,33886
206439,30500
206439,63538
206439,50718
207219,62074
253557,63510
173613,62074
225501,1304
225501,59822
164337,62074
192942,59822
192942,1304
212433,63510
178068,1370
178068,62376
188853,59822
188853,1304
246963,1370
246963,62376
212688,57414
212688,62378
203706,62378
203301,57414
203301,62378
203532,57414
203532,62378
203706,57414
232269,63510
153645,62378
153645,57414
239577,56714
239577,34092
203271,16358
196722,16358
203256,16358
211533,57414
211533,62378
224169,50718
224169,33886
224169,30500
224169,63538
234129,63510
242130,56714
242130,34092
154041,62378
154041,57414
188787,50718
188787,30500
188787,33886
188787,63538
209184,1304
209184,59822
251442,62074
203796,16358
208341,16358
162984,59822
162984,1304
210051,62074
69060,62074
155337,57414
155337,62378
205332,63510
247986,63510
220218,56714
220218,34092
232269,33886
232269,30500
232269,50718
232269,63538
196845,62074
203700,62074
253506,59822
206838,1304
206838,59822
253506,1304
211047,57414
211047,62378
222750,34092
222750,56714
246042,56714
246042,34092
234093,63538
234093,30500
234093,33886
234093,50718
252480,59822
252480,1304
212301,33886
212301,63538
212301,50718
212301,30500
186882,34092
186882,56714
224931,59822
224931,1304
247983,62074
239577,62074
231102,1304
231102,59822
176403,62860
176403,63508
176403,62944
212220,63508
176403,49888
212220,62860
212220,62944
212220,49888
183666,62074
64365,1304
64365,59822
163251,57414
163251,62378
189009,62074
197034,62074
181371,34092
181371,56714
227292,59822
227292,1304
207618,57414
207618,62378
183213,63510
203820,63510
209976,59822
209976,1304
235932,59822
210840,1304
210840,59822
235932,1304
193965,63510
128685,34092
128685,56714
229536,63510
154770,1304
154770,59822
243390,34092
243390,56714
210678,63510
207219,1370
207219,62376
160029,50718
160029,30500
160029,63538
160029,33886
206847,1304
206847,59822
157185,62074
251625,63510
154167,63510
248373,1304
248373,59822
235335,62376
235335,1370
227310,1304
227310,59822
59703,30500
59703,50718
205122,33886
223554,50718
66378,30500
59703,63538
192768,33886
253998,50718
192771,63538
192768,30500
205122,30500
253998,63538
66378,33886
192768,63538
251085,63538
251085,50718
192771,33886
205728,30500
229521,63538
192771,50718
251085,30500
192771,30500
205728,33886
223554,33886
203889,30500
203889,33886
223554,63538
158016,30500
229521,50718
158016,33886
66378,63538
229521,30500
199860,50718
253998,33886
253998,30500
205122,63538
210846,30500
210846,63538
210846,33886
223554,30500
203889,50718
158016,50718
210846,50718
199860,30500
192768,50718
250629,63538
199860,63538
158016,63538
251085,33886
205728,63538
203889,63538
205728,50718
199860,33886
229521,33886
205122,50718
250629,30500
59703,33886
250629,50718
66378,50718
250629,33886
25743,63538
25743,33886
25743,50718
25743,30500
230178,34092
230178,56714
203736,62074
210633,62376
210633,1370
253671,59822
253671,1304
128763,62376
128763,1370
214506,62074
187659,50274
217782,62074
128526,63510
250749,59822
207129,59822
207129,1304
249216,59822
249216,1304
250749,1304
209184,62376
209184,1370
213978,33886
213978,30500
213978,50718
213978,63538
243390,63510
217293,1304
217293,59822
186378,34092
186378,56714
223968,59822
187224,62074
223968,1304
187974,16358
216822,16358
238218,62378
238218,57414
66879,1370
66879,62376
209799,62074
206847,62378
206847,57414
204228,62378
204228,57414
206868,59822
206868,1304
129081,63510
207465,1370
207465,62376
209970,1304
209970,59822
253683,59822
253683,1304
198279,30500
198279,33886
198279,63538
198279,50718
195063,62074
224169,59822
224169,1304
172503,59822
172503,1304
208554,63510
207240,63510
206964,33886
206964,50718
206964,63538
206964,30500
207084,1304
207084,59822
163101,1370
163101,62376
212748,56714
206481,56714
251619,34092
212748,34092
206481,34092
198522,56714
198522,34092
251619,56714
205815,62378
205815,57414
191256,34092
191256,56714
212220,50718
212220,63538
212220,33886
212220,30500
176403,63538
176403,33886
176403,30500
176403,50718
206448,1304
206448,59822
206637,1304
206637,59822
231162,50718
231162,63538
231162,30500
231162,33886
222669,63538
222669,33886
222669,50718
222669,30500
179790,1304
179790,59822
212478,63510
185817,62074
211641,1304
206484,1304
206412,59822
206763,1304
206514,59822
206763,59822
211641,59822
206496,59822
206484,59822
206514,1304
206412,1304
206496,1304
157854,1370
157854,62376
156024,57414
156024,62378
65328,62376
65328,1370
208758,59822
253935,1304
253935,59822
208758,1304
155100,34092
155100,56714
203328,63510
215112,62376
215112,1370
167652,62074
217782,62376
217782,1370
216948,59822
216948,1304
153756,62074
162984,63510
157767,33886
157767,30500
157767,63538
157767,50718
154803,57414
154803,62378
222669,62378
222669,57414
179496,57414
179496,62378
163032,11262
154803,1304
154803,59822
162984,33886
162984,63538
162984,50718
162984,30500
155052,1370
155052,62376
155106,62378
155106,57414
242610,63510
67827,1370
67827,62376
240912,1304
240912,59822
67335,59822
67335,1304
203277,63510
203145,63510
248013,63510
248682,33886
248682,50718
248682,30500
248682,63538
184698,34092
184698,56714
163578,63510
210342,50718
210342,33886
210342,30500
210342,63538
162843,34092
162843,56714
247002,63510
206433,1304
206625,59822
206433,59822
206349,59822
206349,1304
206625,1304
204480,62074
229536,62378
229536,57414
244971,63538
244971,33886
244971,30500
244971,50718
241389,62378
241389,57414
214998,63510
203073,62074
238263,63508
238263,62860
249294,49888
249294,62944
238263,49888
249294,62860
249294,63508
238263,62944
232614,57414
232614,62378
253578,1370
253578,62376
201852,62376
153348,62376
153348,1370
201852,1370
249297,1370
249297,62376
154041,1304
154041,59822
250275,1304
194208,59822
194208,1304
206988,1304
206988,59822
250275,59822
244287,1370
244287,62376
194409,63510
246963,62378
246963,57414
155481,63510
210897,1304
210897,59822
253416,1304
206367,1304
206367,59822
253416,59822
211950,62074
188100,59822
188100,1304
229737,10652
217782,57414
217782,62378
206646,59822
206646,1304
205815,1304
205815,59822
250782,1370
250782,62376
248301,62378
248301,57414
210120,63510
208872,63510
208500,63510
244479,56714
244479,34092
244278,1304
244278,59822
206868,63538
206868,50718
206868,33886
206868,30500
229977,63510
233970,59822
233970,1304
209796,54096
166005,34092
166005,56714
157398,62378
157398,57414
172503,62378
172503,57414
206772,63510
198792,62074
234156,59822
234156,1304
65631,59822
65631,1304
209622,56714
209622,34092
154476,62074
206460,59822
232404,59822
206460,1304
232404,1304
154167,1304
154167,59822
206964,1304
206964,59822
244971,50274
251442,63538
251442,50718
251442,30500
251442,33886
217002,62074
226623,1304
226623,59822
189045,63510
229536,63538
229536,33886
229536,50718
229536,30500
208554,1304
208554,59822
208788,59822
208788,1304
206955,63510
242232,63510
238827,63510
212283,62378
212283,57414
207588,62074
187974,62378
187974,57414
203733,16358
216108,1304
216108,59822
229737,56696
229737,35732
212211,30500
212211,63538
212211,50718
212211,33886
231876,62074
128763,62074
207240,59822
207240,1304
249486,30500
249486,50718
249486,33886
249486,63538
153888,62378
153888,57414
188331,62074
210840,1370
210840,62376
235932,62376
235932,1370
154740,62378
154740,57414
154740,1304
154740,59822
242571,1304
242571,59822
154821,63510
210825,34092
210825,56714
163032,34092
163032,56714
153669,57414
153669,62378
238068,62074
166599,62074
222906,62378
222906,57414
211533,1370
211533,62376
208116,56714
208116,34092
212892,63510
224526,63510
221331,62074
211047,1370
211047,62376
210633,62074
204480,63510
238032,63510
206415,59822
206415,1304
197034,62378
197034,57414
222159,57414
222159,62378
186177,62074
232035,33886
232035,30500
232035,63538
232035,50718
205812,57414
205812,62378
154812,59822
154812,1304
242856,62376
242856,1370
177951,34092
177951,56714
155403,62378
155403,57414
155052,56714
155052,34092
154119,59822
154119,1304
206304,59822
206304,1304
188685,57414
188685,62378
208788,50718
208788,63538
208788,33886
208788,30500
201564,63510
203709,63510
203295,63510
207927,63510
207618,33886
207618,30500
207618,63538
207618,50718
229536,62074
65328,62378
65328,57414
208209,1370
208209,62376
241350,50274
225501,50718
225501,63538
225501,33886
225501,30500
248205,63510
219231,63510
237057,33886
237057,50718
237057,63538
237057,30500
237057,62378
237057,57414
163101,59822
163101,1304
155271,34092
155271,56714
229536,62376
229536,1370
212469,34092
212469,56714
72645,30500
72645,50718
72645,63538
72645,33886
162843,62074
206418,49888
206418,63508
206418,62860
206418,62944
195723,33886
195723,63538
195723,50718
195723,30500
174195,1304
174195,59822
164541,59822
164541,1304
206439,62376
206439,1370
188700,35846
217002,56714
217002,34092
247260,62944
247260,49888
247260,62860
247260,63508
187263,57414
187263,62378
206673,1304
206673,59822
203328,1304
203328,59822
247548,34092
247548,56714
171372,62074
218061,16358
96444,16358
203280,16358
205905,16358
61908,16358
249579,16358
204717,16358
207144,33886
207144,50718
207144,30500
207144,63538
208572,30500
221526,30500
208572,63538
208572,33886
208572,50718
221526,33886
221526,50718
221526,63538
195372,1370
195372,62376
207618,1304
207618,59822
210342,62378
210342,57414
154098,57414
154098,62378
183492,63510
153726,62074
250947,62376
250947,1370
210171,59822
210171,1304
220728,63510
212301,63510
153999,62074
205665,63510
164457,1304
164457,59822
192618,34092
192618,56714
251121,57414
251121,62378
198873,62074
211533,34092
211533,56714
246042,62378
246042,57414
234093,62860
234093,63508
234093,62944
234093,49888
208116,62074
227310,1370
227310,62376
211740,34092
211740,56714
203829,1304
203829,59822
56871,1304
56871,59822
203724,62376
203724,1370
63876,59822
63876,1304
220713,59822
220713,1304
246963,62860
246963,62944
246963,49888
246963,63508
210897,62376
253416,1370
253416,62376
210897,1370
206367,62376
206367,1370
213114,59822
213114,1304
188730,62074
61344,62860
61344,63508
61344,49888
61344,62944
203439,16358
217380,16358
248682,63510
203259,16358
157854,63510
212478,62378
212478,57414
172419,63510
203727,62376
203727,1370
236226,62378
236226,57414
220728,57414
220728,62378
198279,57414
198279,62378
206664,62378
206664,57414
186177,50718
186177,63538
186177,33886
186177,30500
224169,63510
178458,62376
178458,1370
206460,62376
232404,1370
206460,1370
232404,62376
157185,50718
157185,33886
157185,30500
157185,63538
207330,62378
207330,57414
220011,62074
211047,34092
211047,56714
235335,62378
235335,57414
63876,50718
63876,33886
63876,30500
63876,63538
208206,34092
208206,56714
165726,34092
165726,56714
211476,30500
211476,33886
211476,50718
211476,63538
67764,59822
67764,1304
237057,62860
237057,62944
237057,49888
237057,63508
212688,63510
249687,1370
251106,62376
249687,62376
251106,1370
202818,56714
202818,34092
203736,16358
187962,16358
206955,63538
242232,63538
238827,33886
238827,30500
238827,50718
206955,50718
238827,63538
206955,30500
242232,30500
206955,33886
242232,50718
242232,33886
240939,63510
61344,1304
61344,59822
191247,16358
203736,57414
203736,62378
60762,63510
155043,57414
155043,62378
176577,62378
176577,57414
227292,33886
227292,50718
227292,30500
227292,63538
211407,63510
206646,62376
206646,1370
249930,1304
249930,59822
246150,57414
246150,62378
204780,50718
203871,50718
203871,30500
203871,33886
204780,33886
204780,30500
204780,63538
203871,63538
203181,63538
203181,30500
203181,33886
203181,50718
159027,62378
159027,57414
205188,62378
205188,57414
203724,63538
203724,30500
203724,50718
203724,33886
165687,35846
165684,35846
252618,35846
210876,35846
163101,33886
163101,63538
163101,50718
163101,30500
219420,62074
219231,1304
219231,59822
64272,62378
64272,57414
232029,33886
232029,50718
232029,63538
232029,30500
173613,59822
173613,1304
154827,62074
196311,63510
244287,57414
244287,62378
230073,63510
207222,124
222906,62074
164661,62074
173667,57414
173667,62378
162603,62376
162603,1370
215457,63510
163578,62074
210234,59822
210234,1304
206670,57414
206670,62378
220269,54096
230028,1304
230028,59822
63876,63510
204144,62074
209793,50718
209793,63538
209793,33886
209793,30500
196722,63510
244866,63510
203274,63510
203271,63510
208206,57414
208206,62378
203388,57414
203388,62378
249207,63510
183363,63510
212478,62074
220728,1304
220728,59822
129081,57414
129081,62378
253935,62376
253935,1370
208758,1370
208758,62376
195372,63508
195372,62944
195372,62860
195372,49888
245046,1304
245046,59822
184104,57414
191316,63510
184104,62378
153150,56714
153402,56714
153402,34092
153150,34092
210633,33886
210633,50718
210633,63538
210633,30500
60864,1304
60864,59822
61482,62378
61482,57414
171702,57414
171702,62378
203082,62074
238611,62074
153726,56714
153726,34092
207330,34092
207330,56714
211749,63510
173667,63538
173667,30500
173667,50718
173667,33886
178818,62378
178818,57414
212211,63510
208758,63510
253935,63510
251202,63510
206670,63538
206670,33886
206670,30500
206670,50718
72561,62378
72561,57414
232068,62378
232068,57414
204375,59822
204375,1304
207144,63510
194208,33886
194208,30500
194208,50718
194208,63538
198534,57414
198534,62378
155106,1304
155106,59822
153348,62074
204717,63510
203280,63510
96444,63510
163251,30500
163251,63538
163251,33886
163251,50718
184710,16358
235458,62376
235458,1370
248301,59822
248301,1304
249207,1304
249207,59822
230010,1304
230010,59822
221409,57414
221409,62378
164007,62378
164007,57414
163032,62378
163032,57414
61305,62378
61305,57414
203166,62378
203166,57414
183213,57414
183213,62378
211812,57414
211812,62378
210810,1304
210810,59822
229812,1304
229812,59822
208518,62944
208518,62860
208518,49888
208518,63508
225699,1304
225699,59822
161058,59822
161058,1304
186384,63510
160770,62378
160770,57414
206664,30500
206664,33886
206664,50718
206664,63538
226662,57414
226662,62378
185817,33886
185817,50718
185817,30500
185817,63538
242856,63510
227310,33886
197286,33886
227310,63538
197286,50718
250653,33886
227310,50718
250653,50718
227310,30500
197286,30500
250653,30500
197286,63538
250653,63538
206850,1304
206850,59822
195723,57414
195723,62378
210234,1370
210234,62376
209994,57414
209994,62378
221409,1304
221409,59822
139272,63510
195378,63510
244866,16358
203274,16358
61692,16358
210168,16358
203511,1304
203511,59822
238032,1304
238032,59822
250434,57414
250434,62378
247986,1370
247986,62376
184710,56714
184710,34092
65067,62074
179790,57414
179790,62378
242856,56714
242856,34092
252081,62860
207339,49888
252081,49888
207339,62860
252081,62944
207339,63508
252081,63508
207339,62944
211632,62376
211632,1370
253416,57414
210897,57414
253416,62378
210897,62378
206367,62378
206367,57414
206304,62378
206304,57414
196302,59822
196302,1304
206856,59822
206856,1304
206748,50274
72561,63510
210678,63538
210678,33886
210678,30500
210678,50718
234864,63510
166005,1304
166005,59822
153765,63510
203733,63510
232029,62376
232029,1370
165786,63510
208794,59822
208812,59822
208812,1304
208794,1304
208206,62074
204375,63510
185244,62074
206439,57414
206439,62378
208500,30500
208500,50718
208500,63538
208500,33886
195063,1370
195063,62376
207084,1370
207084,62376
163377,59822
163377,1304
198534,34092
198534,56714
209073,59822
209073,1304
187263,1304
187263,59822
210633,57414
210633,62378
229977,1304
229977,59822
213114,63510
196311,63538
196311,30500
196311,50718
196311,33886
197286,62376
197286,1370
250653,1370
250653,62376
232029,1304
232029,59822
213513,63510
157224,59822
157224,1304
217002,1370
217002,62376
153642,1304
153642,59822
208812,62376
208794,62376
208812,1370
208794,1370
198534,63510
236226,62376
236226,1370
154560,34092
154560,56714
177672,50718
177672,33886
177672,30500
177672,63538
186384,62074
246963,63538
246963,33886
246963,50718
246963,30500
194409,50718
194409,30500
194409,63538
194409,33886
201741,59822
201741,1304
235335,62074
204189,36720
208722,1304
208722,59822
208872,62074
197676,1304
197676,59822
192942,30500
192942,50718
192942,33886
192942,63538
65067,62378
65067,57414
219420,1304
219420,59822
201522,54096
229737,63510
241824,62376
241824,1370
157854,62378
157854,57414
194409,59822
194409,1304
187224,59822
187224,1304
188961,59822
188961,1304
209073,33886
209073,30500
209073,50718
209073,63538
191256,63510
187875,62378
187875,57414
153756,62378
153756,57414
206637,1370
206637,62376
206448,62376
206448,1370
228438,62074
248373,63510
238032,62376
238032,1370
250275,62376
206988,62376
206988,1370
250275,1370
206625,1370
206349,1370
206349,62376
206433,62376
206625,62376
206433,1370
166995,59822
166995,1304
203184,1304
203184,59822
211533,63510
221151,1304
221151,59822
252774,1304
252774,59822
191892,50718
191892,63538
191892,33886
191892,30500
164007,59822
164007,1304
208584,62378
248178,62378
248178,57414
208584,57414
251721,62378
251721,57414
163101,62378
163101,57414
248013,62074
203145,62074
203277,62074
166437,63510
198792,59822
198792,1304
236766,1370
236766,62376
248871,1370
248871,62376
249687,62378
251106,62378
249687,57414
251106,57414
222750,1304
222750,59822
206838,63538
206838,33886
206838,50718
253506,63538
253506,30500
253506,50718
253506,33886
206838,30500
231459,57414
231459,62378
234156,62376
234156,1370
251625,1304
251625,59822
72117,62944
72117,49888
72117,63508
72117,62860
206772,30500
206772,50718
206772,63538
206772,33886
206673,33886
206673,50718
206673,63538
206673,30500
216309,54096
244287,62074
188700,62378
188700,57414
164457,63510
206646,62378
206646,57414
208524,63538
242412,33886
242412,30500
246618,50718
246618,63538
246618,33886
208524,50718
242412,63538
242412,50718
208524,33886
208524,30500
246618,30500
247260,1370
247260,62376
164457,33886
164457,63538
164457,50718
164457,30500
183492,63538
183492,30500
183492,33886
183492,50718
234156,62378
234156,57414
237804,62170
237804,1372
237804,10808
249159,62376
249159,1370
201564,33886
203709,33886
201564,50718
203709,63538
203295,63538
203709,30500
201564,63538
203295,33886
203709,50718
201564,30500
203295,30500
203295,50718
184710,1304
184710,59822
211140,50274
223728,62074
192942,63510
173667,62376
173667,1370
247002,59822
247002,1304
247002,30500
247002,63538
247002,33886
247002,50718
184509,1304
184509,59822
203811,63510
248202,59822
248202,1304
208053,59822
208053,1304
219048,62378
219048,57414
250749,30500
207129,30500
250749,63538
249216,30500
207129,63538
207129,50718
250749,33886
207129,33886
249216,33886
249216,50718
250749,50718
249216,63538
129204,63510
232614,30500
232614,63538
232614,50718
232614,33886
213114,50718
213114,30500
213114,33886
213114,63538
155055,62074
195723,63510
253308,30500
253308,50718
253308,63538
253308,33886
181746,63510
203736,63510
249579,63510
205905,63510
218061,63510
61908,63510
208053,63510
207330,35846
250275,33886
206988,63538
250275,63538
250275,30500
250275,50718
206988,30500
206988,50718
206988,33886
207465,62074
198279,62074
153765,62074
206748,56696
206748,35732
66915,1370
66915,62376
211989,57414
211989,62378
200508,57414
200508,62378
208872,1370
208872,62376
184950,57414
184950,62378
157398,63510
154506,59822
154506,1304
207243,59822
207243,1304
189045,1304
189045,59822
165750,16358
88821,16358
155055,63510
200964,63510
231102,63510
66915,62074
220713,57414
220713,62378
253557,63538
253557,30500
253557,50718
253557,33886
64353,1304
64353,59822
186378,57414
186378,62378
250749,57414
249216,62378
249216,57414
207129,62378
207129,57414
250749,62378
207084,63538
207084,33886
207084,50718
207084,30500
207243,63510
162795,63510
211950,62376
211950,1370
201522,1304
201522,59822
228315,57414
228315,62378
226623,1370
226623,62376
154434,1304
154434,59822
212469,62074
206448,63538
206448,50718
206448,33886
206637,63538
206637,50718
206448,30500
206637,33886
206637,30500
228753,59822
228753,1304
207240,50718
207240,33886
207240,63538
207240,30500
221409,50718
221409,63538
221409,33886
221409,30500
154119,63510
71301,62074
248205,1304
248205,59822
176643,59822
176643,1304
172587,1304
172587,59822
252405,59822
252405,1304
184509,10808
184509,62170
184509,1372
188331,63510
195378,1304
195378,59822
139272,59822
139272,1304
225480,1304
225480,59822
207927,59822
207927,1304
251967,1304
251967,59822
247548,62378
247548,57414
157767,1304
157767,59822
207084,57414
207084,62378
249159,62378
249159,57414
61344,16358
198882,63508
198882,62944
242151,49888
198882,62860
242151,63508
198882,49888
242151,62944
242151,62860
155271,57414
155271,62378
220713,50718
220713,30500
220713,33886
220713,63538
210627,62074
128538,62376
128538,1370
204375,16358
198873,56714
198873,34092
252210,63510
232269,59822
232269,1304
209796,62860
209796,62944
209796,49888
209796,63508
230178,62378
230178,57414
222204,1304
222204,59822
206838,62378
253506,62378
206838,57414
253506,57414
204189,50718
204189,30500
204189,33886
204189,63538
206625,63538
206625,50718
206433,63538
206433,50718
206625,30500
206433,30500
206625,33886
206349,33886
206349,63538
206349,50718
206433,33886
206349,30500
217494,59822
217494,1304
203811,57414
203811,62378
203673,57414
203673,62378
211533,16358
209970,57414
209970,62378
154032,63510
206367,33886
210897,30500
253416,63538
206367,50718
210897,63538
210897,50718
210897,33886
206367,63538
253416,30500
253416,33886
253416,50718
206367,30500
205332,56714
205332,34092
64959,62378
64959,57414
214506,62376
214506,1370
223968,63510
153645,63510
206670,62376
206670,1370
198552,16358
212211,10652
153726,62378
153726,57414
209796,1372
209796,10808
209796,62170
206664,1370
206664,62376
231459,59822
231459,1304
206646,33886
206646,63538
206646,30500
206646,50718
204771,63510
241824,50718
241824,30500
241824,63538
241824,33886
206988,62378
250275,57414
250275,62378
206988,57414
155100,62074
206625,57414
206349,57414
206433,57414
206433,62378
206625,62378
206349,62378
244287,63510
59691,56714
59691,34092
188196,62378
188196,57414
188100,63510
61824,62860
61824,62944
61824,63508
61824,49888
250434,30500
250434,33886
250434,63538
250434,50718
210627,63510
207588,63510
207330,1304
207330,59822
188331,30500
188331,63538
188331,50718
188331,33886
154560,62074
206460,62378
232404,57414
232404,62378
206460,57414
65067,56714
65067,34092
216309,50274
68676,1304
68676,59822
186378,1304
186378,59822
184104,59822
184104,1304
211749,50718
211749,63538
211749,33886
211749,30500
154167,35732
154167,56696
72930,35732
72930,56696
190152,1304
190152,59822
222204,63510
64959,62074
204780,1304
203871,1304
203181,1304
204780,59822
203871,59822
203181,59822
250977,62074
178818,59822
178818,1304
188331,1304
188331,59822
154770,63510
248202,62944
248202,63508
248202,49888
248202,62860
247974,62074
206772,1304
206772,59822
220011,34092
220011,56714
248301,33886
248301,50718
248301,63538
248301,30500
246150,59822
246150,1304
192627,62378
192627,57414
213513,62378
213513,57414
247974,34092
247974,56714
186882,62074
216948,63510
254118,62074
206364,63510
206415,57414
206415,62378
181101,63510
247548,1304
247548,59822
203724,63510
250947,30500
250947,50718
250947,63538
250947,33886
241218,63510
183366,30500
183366,33886
183366,63538
183366,50718
178068,62074
185244,63510
178068,57414
178068,62378
165183,56714
165183,34092
216108,63538
216108,30500
216108,50718
216108,33886
208521,33886
208521,30500
208521,63538
208521,50718
210690,30500
210690,33886
210690,50718
210690,63538
210120,10652
230178,63510
162795,50718
162795,30500
162795,63538
162795,33886
210978,1304
210978,59822
60864,62378
60864,57414
206637,57414
206448,57414
206448,62378
206637,62378
205722,57414
205722,62378
157416,62378
157416,57414
191451,62376
191451,1370
163044,56714
163044,34092
249159,62074
249207,16358
235458,62378
235458,57414
236775,59822
236775,1304
230331,1304
230331,59822
165726,1370
165726,62376
217620,63510
187659,50718
187659,33886
187659,30500
187659,63538
187734,1304
187734,59822
154551,57414
187395,62378
187395,57414
246804,62378
154551,62378
246804,57414
228729,50718
228729,33886
228729,30500
228729,63538
242151,35732
198882,35732
198882,56696
242151,56696
206748,1370
206748,62376
228315,1304
228315,59822
192549,50274
186987,62074
251202,30500
251202,63538
251202,33886
251202,50718
175293,62074
241389,33886
241389,63538
241389,50718
241389,30500
209184,62074
228753,63538
228753,33886
228753,30500
228753,50718
240939,49888
240939,62860
240939,63508
240939,62944
233970,30500
233970,63538
233970,50718
233970,33886
243408,1304
243408,59822
72918,57414
72918,62378
204228,59822
204228,1304
72930,10652
208209,59822
208209,1304
212433,62376
212433,1370
163044,1304
163044,59822
219231,1370
219231,62376
214194,1304
214194,59822
210810,63510
229812,1370
229812,62376
89013,62074
165687,62378
252618,62378
252618,57414
210876,62378
210876,57414
165687,57414
167514,62074
212469,1370
212469,62376
153402,57414
153402,62378
153150,62378
153150,57414
232029,63510
181371,57414
181371,62378
206856,30500
206856,33886
196302,63538
196302,50718
196302,30500
206856,63538
196302,33886
206856,50718
128526,50718
128526,63538
128526,30500
128526,33886
71301,62378
71301,57414
191316,62376
191316,1370
206364,62074
64959,33886
64959,63538
64959,50718
64959,30500
227973,62378
227973,57414
242439,1304
242439,59822
208518,1370
208518,62376
60762,63538
60762,50718
60762,33886
60762,30500
250977,62378
250977,57414
216108,62378
216108,57414
196845,50718
196845,30500
196845,33886
196845,63538
225699,63510
209976,57414
209976,62378
210978,35732
210978,56696
155271,59822
155271,1304
187221,63538
187221,30500
187221,33886
187221,50718
174513,1304
174513,59822
155016,63510
171702,63538
171702,30500
171702,33886
171702,50718
187962,30500
187962,63538
187962,50718
187962,33886
224169,62074
191250,62378
191250,57414
209622,59822
209622,1304
154476,62378
154476,57414
230286,63510
190152,33886
190152,50718
190152,30500
190152,63538
156024,63510
238218,63510
253506,1370
206838,62376
253506,62376
206838,1370
210171,57414
210171,62378
199044,63538
199044,50718
199044,30500
199044,33886
204411,63510
165684,63510
227973,63510
230028,1370
230028,62376
207129,62376
250749,1370
250749,62376
249216,1370
249216,62376
207129,1370
153888,30500
153888,50718
153888,63538
153888,33886
161208,57414
161208,62378
188844,56696
188844,35732
188700,63510
162603,1304
162603,59822
191250,1304
191250,59822
183921,63510
65640,63510
238827,1304
238827,59822
206955,59822
242232,1304
242232,59822
206955,1304
236226,62074
174195,1372
174195,62170
174195,10808
163044,16358
203184,63510
245631,63510
194208,1370
194208,62376
230010,50718
230010,63538
230010,30500
230010,33886
216564,50274
163377,62378
163377,57414
181746,30500
181746,33886
181746,50718
181746,63538
214194,62378
214194,57414
61899,62074
154167,50718
154167,33886
154167,30500
154167,63538
61824,59822
61824,1304
249207,62378
249207,57414
206673,63510
62817,1304
62817,59822
204375,62378
204375,57414
253557,1304
253557,59822
212283,63510
225480,63538
225480,30500
225480,33886
225480,50718
224841,59822
224841,1304
72045,1304
72045,59822
209622,63510
230073,50718
230073,33886
230073,30500
230073,63538
192627,59822
192627,1304
212448,63508
212448,62860
212448,49888
212448,62944
187806,63538
187806,33886
187806,50718
187806,30500
212211,35732
212211,56696
242571,50718
242571,63538
242571,33886
242571,30500
200508,50718
200508,33886
200508,63538
200508,30500
227292,63510
252081,1304
252081,59822
207339,1304
207339,59822
154560,57414
154560,62378
224631,63510
212220,124
176403,124
244278,63538
244278,33886
244278,30500
244278,50718
223728,59822
223728,1304
181860,34092
181860,56714
211989,63538
211989,30500
211989,50718
211989,33886
154821,30500
154821,33886
154821,50718
154821,63538
206460,33886
232404,63538
232404,50718
232404,33886
206460,63538
206460,30500
206460,50718
232404,30500
224931,63510
171372,57414
171372,62378
217494,62378
217494,57414
237804,63510
66879,62378
66879,57414
181371,1304
181371,59822
251391,63510
236226,63510
212337,63538
212337,33886
212337,50718
212337,30500
65598,63510
163101,63510
154665,63510
89013,63510
172419,59822
172419,1304
215457,33886
215457,30500
215457,63538
215457,50718
166437,59822
166437,1304
213978,54096
207618,35732
207618,56696
237057,16358
240912,57414
240912,62378
153138,1304
153138,59822
182556,1304
182556,59822
207618,63510
203796,62860
208341,49888
203796,63508
208341,62944
208341,63508
203796,49888
208341,62860
203796,62944
153813,57414
153813,62378
154758,50274
247962,62378
247962,57414
197676,62378
197676,57414
231057,1304
231057,59822
247974,62378
247974,57414
217620,50718
217620,30500
217620,33886
217620,63538
208518,1304
208518,59822
209796,59822
209796,1304
201852,62074
201522,124
234156,50718
234156,63538
234156,30500
234156,33886
210051,63510
163032,63510
207219,50718
207219,30500
207219,33886
207219,63538
234093,62376
234093,1370
208788,62944
208788,63508
208788,62860
208788,49888
187386,63510
253308,1304
253308,59822
229977,50718
229977,30500
229977,63538
229977,33886
211950,63510
223728,62376
223728,1370
243408,57414
243408,62378
247956,62378
247956,57414
153402,59822
153402,1304
153150,1304
153150,59822
207222,49888
207222,63508
207222,62944
207222,62860
180195,59822
180195,1304
211533,1304
211533,59822
188685,59822
188685,1304
250782,57414
250782,62378
238068,1304
238068,59822
166599,1304
166599,59822
191316,50718
191316,63538
191316,33886
191316,30500
189009,1370
189009,62376
216564,63510
187806,59822
187806,1304
209994,63510
249342,62074
185817,59822
185817,1304
72645,1304
72645,59822
203328,50718
203328,33886
203328,63538
203328,30500
207240,16358
213978,1304
213978,59822
207222,10808
207222,1372
207222,62170
203532,63510
230073,1304
230073,59822
204411,59822
204411,1304
253683,57414
253683,62378
174513,63510
61482,62376
61482,1370
253671,33886
253671,50718
253671,63538
253671,30500
246054,62074
252696,63510
208518,33886
208518,30500
208518,63538
208518,50718
190152,57414
190152,62378
183366,62860
183366,62944
183366,63508
183366,49888
212442,59822
212442,1304
203829,63510
220218,62378
220218,57414
232035,35732
232035,56696
191247,62378
191247,57414
65640,33886
65640,30500
65640,50718
65640,63538
249486,1304
249486,59822
183666,63510
220728,1370
220728,62376
186327,63510
171702,63510
186327,33886
186327,30500
186327,50718
186327,63538
164337,63510
204243,10808
204243,1372
204243,62170
128604,50718
128604,63538
128604,30500
128604,33886
67827,59822
67827,1304
221331,59822
221331,1304
206514,1370
206484,62376
206514,62376
206496,62376
206412,1370
206763,1370
206412,62376
206763,62376
206496,1370
211641,1370
211641,62376
206484,1370
192618,35846
153642,63510
173667,63510
237057,59822
237057,1304
211749,1304
211749,59822
183450,62378
183450,57414
239577,1304
239577,59822
72045,35732
72045,56696
25743,62074
241218,30500
241218,50718
241218,33886
241218,63538
250782,56714
250782,34092
167652,62378
167652,57414
179496,35732
179496,56696
205332,62074
203232,63510
192159,63510
62817,10652
153999,1370
153999,62376
204657,59822
204657,1304
183366,1370
183366,62376
194208,62378
194208,57414
181860,11262
248292,1304
248292,59822
88920,63510
210120,59822
210120,1304
212220,50274
176403,50274
235458,63510
196845,49888
196845,62944
203700,62944
196845,63508
196845,62860
203700,63508
203700,49888
203700,62860
248061,63538
248061,50718
248061,30500
248061,33886
162843,57414
162843,62378
188196,59822
188196,1304
183921,1304
183921,59822
88920,59822
88920,1304
192159,57414
192159,62378
203232,57414
203232,62378
200964,34092
200964,56714
153048,50718
153048,33886
153048,63538
153048,30500
203388,50718
203388,33886
203388,30500
203388,63538
165183,59822
165183,1304
178458,62378
178458,57414
207144,62376
207144,1370
155337,59822
155337,1304
215457,1370
215457,62376
249294,62376
238263,62376
238263,1370
249294,1370
204771,1304
204771,59822
154476,63510
252405,63510
253683,63538
253683,33886
253683,30500
253683,50718
188961,57414
188961,62378
246054,1370
246054,62376
62817,35732
62817,56696
172719,1304
172719,59822
228753,63510
207105,62074
64959,63510
177672,57414
177672,62378
221331,63538
221331,33886
221331,30500
221331,50718
253578,62074
171372,1304
171372,59822
188700,33534
212571,63538
212571,50718
212571,33886
212571,30500
211140,63510
209796,50718
209796,33886
209796,63538
209796,30500
181746,59822
181746,1304
203511,30500
203511,33886
203511,50718
203511,63538
154821,1304
154821,59822
241824,62378
241824,57414
165687,63510
210876,63510
252618,63510
246804,62074
230286,63538
230286,33886
230286,30500
230286,50718
163131,56696
163131,35732
248205,50718
248205,63538
248205,33886
248205,30500
209073,57414
209073,62378
238263,35732
238263,56696
249294,35732
249294,56696
203700,50718
203700,63538
203700,33886
203700,30500
164337,1304
164337,59822
249342,57414
249342,62378
237804,10652
183213,1304
183213,59822
208500,56696
208500,35732
197034,63510
61899,63510
247983,62944
247983,49888
247983,63508
247983,62860
217494,34092
217494,56714
210342,63510
248202,54096
89013,57414
89013,62378
205815,30500
205815,50718
205815,63538
205815,33886
208584,56696
208584,35732
188730,1304
188730,59822
187974,63510
178458,62074
216948,50718
216948,63538
216948,30500
216948,33886
207105,63510
192942,62376
192942,1370
157224,62378
157224,57414
208554,63538
208722,30500
208722,63538
208722,50718
208722,33886
208554,30500
208554,50718
208554,33886
252405,30500
252405,63538
252405,33886
252405,50718
230178,62074
232269,62376
232269,1370
210816,50718
210816,30500
210816,33886
210816,63538
208092,63510
210840,33886
210840,30500
210840,50718
235932,50718
235932,30500
210840,63538
235932,33886
235932,63538
241218,62376
241218,1370
222669,59822
222669,1304
155043,63510
174513,62378
174513,57414
206868,62376
206868,1370
206418,62074
248205,35732
248205,56696
67335,62378
67335,57414
208503,1304
208503,59822
160029,56696
160029,35732
183912,62074
231057,50274
156063,62378
156063,57414
207222,59822
207222,1304
165726,62378
165726,57414
201522,49888
201522,63508
201522,62860
201522,62944
154119,30500
154119,50718
154119,63538
154119,33886
211947,59822
211947,1304
225276,59822
225276,1304
188844,63510
153669,1304
153669,59822
165726,63510
187875,56696
187875,35732
203709,35732
203295,56696
203709,56696
201564,35732
203295,35732
201564,56696
167652,59822
167652,1304
208116,57414
208116,62378
174513,33886
174513,30500
174513,63538
174513,50718
230010,63510
72117,59822
72117,1304
210678,1370
210678,62376
158658,50718
158658,30500
158658,33886
158658,63538
221331,63510
159027,63538
205188,50718
205188,63538
159027,50718
159027,30500
205188,33886
205188,30500
159027,33886
249297,62378
249297,57414
198873,59822
198873,1304
64272,59822
64272,1304
210876,33534
252618,33534
165684,33534
165687,33534
213513,1304
213513,59822
253308,63510
183492,59822
183492,1304
155481,56696
155481,35732
182556,57414
182556,62378
242610,30500
242610,50718
242610,33886
242610,63538
195378,33886
195378,30500
139272,50718
195378,50718
139272,30500
139272,63538
195378,63538
139272,33886
154032,50718
154032,33886
154032,30500
154032,63538
65631,30500
65631,33886
65631,50718
65631,63538
198279,59822
198279,1304
249513,62378
249513,57414
211047,62074
251442,49888
251442,62944
251442,62860
251442,63508
210825,63510
252405,57414
252405,62378
129081,16358
177951,57414
177951,62378
72561,1304
72561,59822
210171,63510
128763,62378
128763,57414
204189,62074
228438,59822
228438,1304
140277,16358
188844,63538
188844,33886
188844,50718
188844,30500
162984,35732
162984,56696
209970,33886
209970,30500
209970,63538
209970,50718
194409,16358
248292,63510
186177,1304
186177,59822
207396,1304
207396,59822
166995,33886
166995,50718
166995,63538
166995,30500
203145,62944
248013,62944
203145,62860
248013,62860
203145,63508
203277,49888
203277,62944
203277,63508
248013,49888
203277,62860
203145,49888
248013,63508
253335,57414
253335,62378
65631,63510
215457,11262
217782,63510
216309,30500
216309,33886
216309,63538
216309,50718
128526,59822
128526,1304
216822,49888
216822,62860
216822,63508
216822,62944
155052,63510
251967,62944
251967,62860
251967,49888
251967,63508
208341,59822
203796,1304
203796,59822
208341,1304
201741,33886
201741,30500
201741,50718
201741,63538
254118,57414
254118,62378
221151,30500
221151,63538
221151,33886
252774,33886
252774,50718
252774,30500
221151,50718
252774,63538
163032,33886
163032,30500
163032,50718
163032,63538
206847,63510
206484,50718
206514,30500
206514,33886
206763,33886
206514,50718
211641,63538
206496,33886
206763,30500
206514,63538
206484,33886
206496,30500
211641,33886
206763,50718
206484,30500
211641,50718
206496,50718
211641,30500
206763,63538
206496,63538
206412,63538
206412,30500
206412,33886
206484,63538
206412,50718
220269,62074
250977,59822
250977,1304
187734,57414
187734,62378
175878,57414
175878,62378
155043,62074
179496,50718
179496,63538
179496,33886
179496,30500
247962,63538
247962,50718
247962,33886
247962,30500
209622,62378
209622,57414
225699,33886
225699,50718
225699,63538
225699,30500
203166,62074
61305,62074
174195,63510
231057,63508
231057,49888
231057,62944
231057,62860
183366,11262
237804,63538
237804,50718
237804,33886
237804,30500
187974,35846
206673,62376
206673,1370
209796,10652
66879,1304
66879,59822
172503,50718
172503,33886
172503,30500
172503,63538
177951,62074
222906,1304
222906,59822
249513,62376
249513,1370
248373,62376
248373,1370
67158,57414
67158,62378
167514,59822
167514,1304
191247,63510
67764,30500
67764,63538
67764,33886
67764,50718
226623,62378
226623,57414
171702,16358
208092,30500
208092,33886
208092,63538
208092,50718
248682,62376
248682,1370
181101,33886
181101,50718
181101,63538
181101,30500
224526,10652
206670,63510
172503,63510
183363,50274
225276,62378
225276,57414
210978,30500
210978,33886
210978,50718
210978,63538
160029,49888
160029,63508
160029,62944
160029,62860
184950,50718
184950,63538
184950,33886
184950,30500
203532,63538
203532,50718
203532,30500
203532,33886
236226,30500
236226,50718
236226,33886
236226,63538
197529,16358
187962,59822
187962,1304
184698,1304
184698,59822
208092,62378
208092,57414
242130,63510
203775,57414
203775,62378
199860,35732
210846,35732
158016,35732
66378,56696
229521,56696
158016,56696
192771,35732
251085,56696
192771,56696
250629,35732
66378,35732
205122,56696
205728,56696
205728,35732
205122,35732
223554,56696
203889,35732
59703,56696
203889,56696
192768,35732
253998,56696
251085,35732
59703,35732
199860,56696
229521,35732
223554,35732
253998,35732
250629,56696
210846,56696
192768,56696
238536,63510
72930,10808
72930,62170
72930,1372
212220,59822
176403,59822
212220,1304
176403,1304
198873,63510
220269,62860
220269,49888
220269,63508
220269,62944
180195,63510
213513,16358
187659,63510
253578,57414
253578,62378
203775,63510
216309,62944
216309,49888
216309,63508
216309,62860
183912,62378
183912,57414
249573,63510
225501,50274
231102,30500
231102,63538
231102,33886
231102,50718
187962,62378
187962,57414
186384,63538
186384,30500
186384,33886
186384,50718
197286,62860
250653,63508
197286,49888
227310,63508
227310,62944
250653,62860
227310,49888
250653,62944
250653,49888
227310,62860
197286,62944
197286,63508
203301,63510
203706,63510
250947,56696
250947,35732
223782,63538
223782,50718
223782,33886
223782,30500
211632,1304
211632,59822
201522,56696
201522,35732
201852,62378
201852,57414
212448,1304
212448,59822
162603,57414
162603,62378
155016,30500
155016,33886
155016,63538
155016,50718
230010,16358
187707,59822
187707,1304
72117,16358
234018,56696
234972,35732
234972,56696
234018,35732
232029,62170
232029,10808
232029,1372
232614,56696
232614,35732
234156,63510
206850,62378
206850,57414
244680,33886
244680,50718
244680,30500
244680,63538
213978,124
214506,57414
214506,62378
209094,63510
249207,50718
249207,33886
249207,30500
249207,63538
153348,62378
153348,57414
209796,35732
209796,56696
229737,63538
229737,33886
229737,30500
229737,50718
237804,56696
237804,35732
154119,35732
154119,56696
222906,63510
163578,50718
163578,33886
163578,30500
163578,63538
246618,56696
246618,35732
242412,56696
208524,35732
242412,35732
221526,35732
208572,56696
208572,35732
221526,56696
208524,56696
61899,33886
61899,63538
61899,50718
61899,30500
171702,1304
171702,59822
206415,30500
206415,33886
206415,50718
206415,63538
204411,50718
204411,63538
204411,30500
204411,33886
212301,62376
212301,1370
208872,63538
208872,33886
208872,30500
208872,50718
209793,62074
88821,62378
88821,57414
165750,62378
165750,57414
206868,63510
187395,62074
154551,62074
215112,1304
215112,59822
211740,1304
211740,59822
247956,1304
247956,59822
244158,50718
244158,63538
244158,33886
244158,30500
187221,56696
187221,35732
216822,33886
216822,63538
216822,50718
216822,30500
244866,59822
203271,59822
203274,59822
244866,1304
203271,1304
203256,1304
196722,59822
203274,1304
196722,1304
203256,59822
210840,57414
235932,57414
235932,62378
210840,62378
208206,63510
224526,30500
224526,33886
224526,63538
224526,50718
214998,10808
214998,62170
214998,1372
220269,62170
220269,1372
220269,10808
244479,62376
244479,1370
208584,33886
251721,33886
251721,50718
248178,50718
208584,30500
208584,63538
208584,50718
248178,30500
248178,63538
251721,63538
251721,30500
248178,33886
208053,50718
208053,33886
208053,30500
208053,63538
68676,57414
68676,62378
252210,33886
252210,30500
252210,50718
252210,63538
175293,63538
175293,33886
175293,50718
175293,30500
173667,62074
187707,56696
187707,35732
159027,56696
205188,56696
159027,35732
205188,35732
241389,35732
241389,56696
155052,62074
67764,35732
67764,56696
248202,56696
248202,35732
154821,56696
154821,35732
228729,62378
228729,57414
209976,50718
209976,30500
209976,33886
209976,63538
212478,1370
212478,62376
244680,56696
244680,35732
253671,63510
153669,63510
225501,56696
225501,35732
216108,63510
188844,10652
248202,10652
227295,30500
227295,63538
212430,50718
227295,50718
212430,33886
212430,63538
212430,30500
227295,33886
206415,63510
210633,54096
227973,16358
247260,63538
247260,50718
247260,33886
247260,30500
245631,1304
245631,59822
210678,56696
210678,35732
69060,62378
69060,57414
238218,59822
238218,1304
244479,62074
66915,59822
66915,1304
244173,30500
244173,63538
244173,33886
244173,50718
154665,59822
154665,1304
201522,10652
203811,62074
205665,33886
205665,50718
205665,30500
205665,63538
209994,59822
209994,1304
224631,1304
224631,59822
176403,10652
212220,10652
212478,35732
212478,56696
204189,54096
65328,63510
154476,59822
154476,1304
245154,30500
245154,33886
245154,63538
245154,50718
216309,62170
216309,1372
216309,10808
128538,63538
128538,30500
128538,33886
128538,50718
197529,62378
197529,57414
189045,30500
189045,33886
189045,50718
189045,63538
203277,16358
248013,16358
203145,16358
209796,124
128763,59822
128763,1304
248682,56696
248682,35732
251967,1370
251967,62376
65067,1304
65067,59822
153888,35732
153888,56696
60864,35846
186216,30500
186216,33886
186216,50718
186216,63538
245046,1370
245046,62376
183666,59822
183666,1304
203184,16358
188100,63538
188100,33886
188100,50718
188100,30500
60762,11262
212688,1304
212688,59822
244680,63510
188787,59822
188787,1304
220011,1304
220011,59822
191553,63510
231162,56696
231162,35732
203511,35732
203511,56696
217620,1304
217620,59822
251967,54096
201522,16358
244287,54096
249297,1304
249297,59822
203775,16358
188331,56696
188331,35732
72918,63538
72918,30500
72918,33886
72918,50718
203796,33886
208341,63538
203796,50718
208341,50718
208341,30500
208341,33886
203796,63538
203796,30500
211476,63510
218061,59822
218061,1304
203280,1304
249579,59822
204717,59822
61908,1304
61908,59822
205905,59822
96444,1304
204717,1304
96444,59822
249579,1304
205905,1304
203280,59822
210816,63510
206748,63186
206748,42132
154821,10652
178068,63510
203673,62074
210342,1304
210342,59822
234864,59822
234864,1304
165183,16358
206850,63538
206850,50718
206850,33886
206850,30500
248202,124
208545,57414
208545,62378
245046,30500
245046,50718
245046,63538
245046,33886
251121,50718
251121,63538
251121,30500
251121,33886
182292,56696
182292,35732
207588,59822
207588,1304
210171,33886
210171,30500
210171,63538
210171,50718
215112,50274
248061,56696
248061,35732
198801,50718
198801,33886
198801,30500
198801,63538
207222,10652
216108,56696
216108,35732
212433,35732
212433,56696
203511,16358
187875,63538
187875,50718
187875,33886
187875,30500
212301,56696
212301,35732
204144,1304
204144,59822
153138,62378
153138,57414
217002,59822
217002,1304
216309,1304
216309,59822
206415,1370
206415,62376
72645,56696
72645,35732
191892,49888
191892,63508
191892,62860
191892,62944
232068,30500
232068,33886
232068,63538
232068,50718
191451,1304
191451,59822
207219,59822
207219,1304
242856,62074
205332,62860
205332,49888
205332,62944
205332,63508
183387,50718
183387,63538
183387,33886
183387,30500
72930,49888
72930,62944
72930,62860
72930,63508
201564,62376
203709,1370
203295,62376
201564,1370
203709,62376
203295,1370
191247,35846
224526,56696
224526,35732
163251,56696
163251,35732
157398,1304
157398,59822
60762,1370
60762,62376
191892,1304
191892,59822
154803,56696
154803,35732
233091,50718
233091,63538
233091,30500
233091,33886
201741,62378
201741,57414
233970,56696
233970,35732
211950,30500
211950,33886
211950,63538
211950,50718
61482,30500
61482,50718
61482,63538
61482,33886
59700,62378
59700,57414
128538,62860
128538,62944
128538,49888
128538,63508
61692,63538
61692,30500
61692,33886
61692,50718
210168,33886
210168,30500
210168,50718
210168,63538
216948,56696
216948,35732
204375,63538
204375,50718
204375,30500
204375,33886
65067,63510
210120,10808
210120,1372
210120,62170
165726,30500
165726,33886
165726,63538
165726,50718
209073,63510
157398,33886
157398,30500
157398,63538
157398,50718
216309,124
211947,33886
211947,30500
211947,50718
211947,63538
173667,59822
173667,1304
204780,35732
203181,56696
203871,56696
204780,56696
203181,35732
203871,35732
181746,35732
181746,56696
230010,62378
230010,57414
187806,50274
250947,49888
250947,63508
250947,62860
250947,62944
56871,57414
56871,62378
211632,57414
211632,62378
232068,56696
232068,35732
213513,50718
213513,63538
213513,30500
213513,33886
186177,10652
157938,33886
157938,50718
157938,30500
157938,63538
179496,10652
66915,62378
66915,57414
167514,63510
231663,57414
231663,62378
234120,62378
234120,57414
234555,57414
234555,62378
231102,62170
231102,1372
231102,10808
234129,57414
234129,62378
176403,57804
212220,57804
203511,10652
246042,63510
206646,63510
197676,50718
197676,30500
197676,63538
197676,33886
167652,63510
230073,56696
230073,35732
192771,49888
199860,49888
59703,62944
205122,62860
199860,63508
205122,63508
205122,49888
192768,49888
205728,63508
59703,49888
66378,49888
251085,63508
210846,62944
59703,62860
210846,63508
205728,62944
210846,49888
205728,62860
250629,62860
229521,63508
251085,62944
229521,62944
251085,62860
250629,62944
250629,49888
201522,50274
250629,63508
66378,62944
229521,49888
158016,62944
158016,62860
66378,63508
192768,62860
223554,62944
192768,63508
229521,62860
199860,62944
253998,63508
205122,62944
192771,63508
253998,62860
199860,62860
192768,62944
223554,49888
66378,62860
203889,49888
203889,63508
59703,63508
205728,49888
203889,62860
158016,49888
210846,62860
251085,49888
253998,49888
192771,62860
223554,63508
192771,62944
253998,62944
203889,62944
158016,63508
223554,62860
187734,63510
231162,63510
227292,35732
227292,56696
203439,57414
217380,62378
203259,57414
217380,57414
203259,62378
203439,62378
157767,56696
157767,35732
251121,35732
251121,56696
188100,56696
188100,35732
129081,33886
129081,63538
129081,50718
129081,30500
71301,63510
251202,56696
251202,35732
225501,49888
225501,63508
225501,62944
225501,62860
221409,63510
63876,62376
63876,1370
210129,62378
210129,57414
210051,59822
210051,1304
191892,54096
212211,1372
212211,10808
212211,62170
186177,56696
186177,35732
225480,56696
225480,35732
213978,56696
213978,35732
183450,59822
183450,1304
196311,56696
196311,35732
214998,1304
214998,59822
212220,10808
212220,62170
176403,62170
212220,1372
176403,10808
176403,1372
247986,62378
247986,57414
228438,63538
228438,33886
228438,30500
228438,50718
229812,63538
229812,30500
229812,50718
229812,33886
209622,16358
154740,62170
154740,1372
154740,10808
157416,35732
157416,56696
205722,35732
205722,56696
178458,63510
244278,62378
244278,57414
167514,30500
167514,63538
167514,50718
167514,33886
188331,10652
244278,35732
244278,56696
228729,35732
228729,56696
61692,62944
61692,63508
61692,62860
61692,49888
210168,63508
210168,62944
210168,62860
210168,49888
157416,16358
205722,16358
72930,50274
244173,63510
210825,62074
165750,63510
88821,63510
153645,33886
153645,63538
153645,50718
153645,30500
206850,1370
206850,62376
181860,62376
181860,1370
191553,30500
191553,50718
191553,63538
191553,33886
252081,54096
207339,54096
157416,63510
205722,63510
203301,30500
203706,30500
203706,33886
203301,33886
203706,63538
203301,50718
203301,63538
203706,50718
165786,59822
165786,1304
210690,49888
208521,63508
210690,62860
208521,62860
208521,49888
208521,62944
210690,62944
210690,63508
189009,62378
189009,57414
188730,63510
165786,50718
165786,30500
165786,33886
165786,63538
155052,57414
155052,62378
244158,63510
198279,49888
198279,62860
198279,62944
198279,63508
184509,63510
212892,33886
212892,30500
212892,50718
212892,63538
223968,35732
223968,56696
182292,10652
210978,54096
128526,54096
211407,62860
211407,63508
211407,62944
211407,49888
128526,35732
128526,56696
252696,50718
252696,63538
252696,33886
252696,30500
172719,1372
172719,62170
172719,10808
247962,63510
211476,56696
211476,35732
185817,35732
185817,56696
248178,35732
251721,56696
248178,56696
251721,35732
201522,35846
205332,1304
205332,59822
192627,56696
192627,35732
210234,35732
210234,56696
203733,1304
203733,59822
206439,63510
233970,63510
206664,63510
211344,62860
211344,49888
211344,63508
211344,62944
155403,56696
155403,35732
230028,35732
230028,56696
221331,10808
221331,1372
221331,62170
210978,10652
67827,62378
67827,57414
66879,63538
66879,50718
66879,33886
66879,30500
167316,62378
167316,57414
186951,57414
229473,62378
186951,62378
229473,57414
235335,62944
235335,63508
235335,62860
235335,49888
187221,63510
203700,16358
153138,56696
153138,35732
203829,16358
212478,63538
212478,50718
212478,33886
212478,30500
207927,1372
207927,10808
207927,62170
253506,63510
206838,63510
204189,124
206847,33886
206847,63538
206847,30500
206847,50718
213978,49888
213978,62860
213978,62944
213978,63508
183363,63508
183363,62944
183363,62860
183363,49888
222204,50718
222204,33886
222204,63538
222204,30500
157938,63510
185244,34092
185244,56714
230073,10652
186384,59822
186384,1304
203829,33886
203829,30500
203829,50718
203829,63538
206748,62170
206748,1372
206748,10808
212211,50274
185244,1304
185244,59822
201741,35732
201741,56696
157767,10652
183213,56696
183213,35732
179853,50274
61899,1304
61899,59822
235458,30500
235458,33886
235458,50718
235458,63538
238068,62378
238068,57414
166599,62378
166599,57414
172419,1372
172419,62170
172419,10808
233970,57414
233970,62378
229977,35732
229977,56696
153048,35732
153048,56696
186384,56696
186384,35732
187875,10652
210810,35732
210810,56696
183666,63538
183666,33886
183666,30500
183666,50718
153726,63510
178458,33886
178458,30500
178458,50718
178458,63538
195723,35732
195723,56696
237057,54096
212283,1304
212283,59822
215112,62860
215112,49888
215112,62944
215112,63508
220713,56696
220713,35732
182292,63538
182292,33886
182292,50718
182292,30500
188787,35732
188787,56696
229812,62378
229812,57414
161208,50718
161208,63538
161208,30500
161208,33886
154869,56696
154869,35732
207219,57414
207219,62378
205665,56696
205665,35732
208206,1304
154827,59822
154827,1304
208206,59822
243390,62074
249687,62074
251106,62074
187734,33886
187734,50718
187734,30500
187734,63538
206364,57414
206364,62378
172719,63510
203388,63510
208572,1370
208572,62376
221526,1370
221526,62376
160770,33886
160770,63538
160770,30500
160770,50718
198792,33886
198792,63538
198792,30500
198792,50718
128685,62074
203829,35732
203829,56696
221331,10652
164541,63510
128526,62944
128526,49888
128526,63508
128526,62860
183666,35732
183666,56696
205332,62170
205332,10808
205332,1372
195063,57414
195063,62378
189045,56696
189045,35732
238032,56696
238032,35732
241824,63510
203673,63510
206637,63510
206448,63510
207222,56696
207222,35732
201741,63510
220218,63510
174195,10652
209799,1304
209799,59822
61824,56696
61824,35732
187806,49888
187806,63508
187806,62944
187806,62860
204189,62860
204189,63508
204189,49888
204189,62944
222204,56696
222204,35732
200508,35732
200508,56696
25743,63510
251442,1304
251442,59822
154665,62074
220095,56696
220095,35732
177951,59822
177951,1304
163578,56696
163578,35732
229737,62170
229737,1372
229737,10808
89013,1304
89013,59822
224931,10808
224931,62170
224931,1372
211989,35732
211989,56696
252696,56696
252696,35732
153756,63510
165750,35846
88821,35846
188700,63538
188700,50718
188700,30500
188700,33886
196311,62376
196311,1370
191256,49888
191256,63508
191256,62860
191256,62944
72045,10652
220218,59822
220218,1304
61482,62074
210234,63508
210234,62944
210234,62860
210234,49888
207219,63510
234972,33886
234972,63538
234972,50718
234018,33886
234018,63538
234972,30500
234018,50718
234018,30500
204657,56696
204657,35732
211407,62376
211407,1370
61344,35846
210978,62860
210978,62944
210978,63508
210978,49888
154803,10652
154740,35732
154740,56696
153765,10808
153765,1372
153765,62170
153813,50274
196845,10652
154032,56696
154032,35732
247962,59822
247962,1304
153999,62378
153999,57414
250782,59822
250782,1304
72117,54096
210816,35732
210816,56696
162843,59822
162843,1304
157185,63510
248373,63538
248373,30500
248373,33886
248373,50718
235458,59822
235458,1304
155481,10652
208503,63538
208503,30500
208503,50718
208503,33886
204657,63538
204657,30500
204657,50718
204657,33886
186951,33886
186951,30500
229473,30500
186951,63538
186951,50718
229473,33886
229473,50718
229473,63538
209094,35732
209094,56696
205812,33886
205812,50718
205812,30500
205812,63538
244173,35732
244173,56696
185244,10808
185244,62170
185244,1372
224931,35732
224931,56696
155106,63510
185244,10652
154827,1372
154827,62170
154827,10808
206964,35732
206964,56696
203232,16358
192159,16358
253557,54096
156024,1304
156024,59822
205815,63510
65598,50274
231663,59822
234555,1304
231663,1304
234555,59822
208758,50718
208758,30500
208758,63538
253935,63538
208758,33886
253935,50718
253935,33886
253935,30500
159027,63510
205188,63510
154167,1372
154167,10808
154167,62170
211473,57414
211473,62378
196722,35846
244866,35846
203256,35846
203271,35846
203274,35846
251625,10652
214998,54096
209184,63510
221331,56696
221331,35732
198522,33886
251619,33886
198522,63538
198522,50718
251619,50718
251619,63538
206481,33886
251619,30500
212748,30500
212748,63538
212748,33886
206481,50718
198522,30500
212748,50718
206481,30500
206481,63538
204189,48298
154167,10652
208524,1370
246618,1370
208524,62376
242412,62376
242412,1370
246618,62376
187707,10652
153765,1304
153765,59822
245631,1372
245631,10808
245631,62170
210627,1304
210627,59822
222669,50274
244287,30500
244287,33886
244287,63538
244287,50718
154434,35732
154434,56696
192714,57414
192714,62378
164661,57414
164661,62378
201798,16358
207243,63538
207243,50718
207243,30500
207243,33886
210168,1304
210168,59822
61692,1304
61692,59822
206670,56696
206670,35732
247986,34092
247986,56714
222159,33886
222159,30500
222159,63538
222159,50718
203055,57414
203055,62378
154560,59822
154560,1304
186216,35732
186216,56696
61305,63510
182292,1372
182292,62170
182292,10808
208584,1370
208584,62376
187224,57414
187224,62378
185817,1372
185817,62170
185817,10808
176643,62378
176643,57414
172587,57414
172587,62378
154119,62170
154119,10808
154119,1372
197034,16358
166437,63538
166437,30500
166437,33886
166437,50718
231459,63510
163101,56696
163101,35732
183387,56696
183387,35732
158658,35732
158658,56696
158658,62378
158658,57414
62817,62944
62817,62860
62817,63508
62817,49888
128604,35732
128604,56696
154476,35732
154476,56696
249513,63538
249513,30500
249513,33886
249513,50718
247974,59822
247974,1304
165687,30500
165687,63538
165687,33886
165684,63538
165684,50718
165684,30500
165687,50718
165684,33886
252618,50718
252618,63538
252618,33886
252618,30500
210876,30500
210876,63538
210876,33886
210876,50718
61692,10652
210168,10652
164337,30500
164337,33886
164337,50718
164337,63538
209799,62170
209799,10808
209799,1372
208209,62378
208209,57414
203829,10652
232029,56696
232029,35732
188331,50274
183387,63510
188730,62378
188730,57414
188787,10652
188787,62860
188787,49888
188787,63508
188787,62944
155481,50274
155403,33886
155403,50718
155403,30500
155403,63538
187806,56696
187806,35732
129204,33886
129204,50718
129204,63538
129204,30500
187806,10652
230028,49888
230028,63508
230028,62860
230028,62944
155055,35732
155055,56696
229536,1304
229536,59822
162795,35732
162795,56696
241389,63510
190152,62376
190152,1370
234018,57414
234018,62378
234972,57414
234972,62378
206367,63510
253416,63510
210897,63510
202818,63510
65640,56696
65640,35732
220269,124
220269,63538
220269,33886
220269,30500
220269,50718
201798,59822
201798,1304
212433,10808
212433,62170
212433,1372
244479,63510
223782,57414
223782,62378
177474,63538
177474,33886
177474,30500
177474,50718
210627,63538
210627,50718
210627,30500
210627,33886
249342,56696
249342,35732
211533,50718
211533,30500
211533,33886
211533,63538
203820,33886
203820,63538
203820,30500
203820,50718
175878,30500
175878,63538
67158,63538
175878,33886
175878,50718
67158,50718
67158,33886
67158,30500
235335,1304
235335,59822
128604,63510
154803,63538
154803,30500
154803,33886
154803,50718
71301,59822
71301,1304
181101,62074
165786,35732
165786,56696
155100,1304
155100,59822
140277,59822
140277,1304
217380,35846
203259,35846
203439,35846
185817,10652
220728,56696
220728,35732
233091,56696
233091,35732
155055,1304
155055,59822
154827,30500
154827,33886
154827,50718
154827,63538
128526,124
213978,16358
229536,35732
229536,56696
203727,62378
203727,57414
225501,10652
207339,1370
252081,1370
207339,62376
252081,62376
243390,10652
203256,63508
203256,49888
203256,62860
203256,62944
251169,57414
251169,62378
208341,10652
203796,10652
216822,10652
197529,63510
252480,57414
252480,62378
203184,33886
203184,50718
203184,63538
203184,30500
232035,62860
232035,49888
232035,62944
232035,63508
128526,10652
253335,1304
253335,59822
247002,62944
247002,49888
247002,63508
247002,62860
187962,63510
179853,63510
205188,1370
205188,62376
159027,1370
159027,62376
203166,63510
246963,1304
246963,59822
210633,16358
204771,35732
204771,56696
166995,62378
166995,57414
154869,63510
153645,62376
153645,1370
203439,59822
203259,59822
203259,1304
217380,59822
217380,1304
203439,1304
163578,1304
163578,59822
232029,63508
232029,62944
232029,62860
232029,49888
238611,16358
203073,16358
203082,16358
209094,10808
209094,1372
209094,62170
207219,56696
207219,35732
203727,63538
203727,30500
203727,50718
203727,33886
179790,63510
222669,62376
222669,1370
209970,63510
247983,59822
247983,1304
212571,62944
212571,49888
212571,63508
212571,62860
243390,35732
243390,56696
206838,56696
206838,35732
253506,56696
253506,35732
154869,1372
154869,10808
154869,62170
210171,35732
210171,56696
244479,57414
244479,62378
191553,1304
191553,59822
209094,50718
209094,30500
209094,33886
209094,63538
182292,63510
166005,57414
166005,62378
232068,10652
217620,35732
217620,56696
224169,62170
224169,10808
224169,1372
253557,63508
253557,62860
253557,62944
253557,49888
207144,56696
207144,35732
212337,1370
212337,62376
198552,57414
198552,62378
59691,49888
59691,62944
59691,63508
59691,62860
177672,56696
177672,35732
211749,10652
61344,54096
175293,63510
248292,35732
248292,56696
230286,35732
230286,56696
206964,54096
154740,50718
154740,63538
154740,30500
154740,33886
251967,56696
251967,35732
163377,63510
208116,16358
198522,59822
198522,1304
206481,59822
212748,59822
212748,1304
251619,1304
251619,59822
206481,1304
174513,56696
174513,35732
209184,33886
209184,63538
209184,30500
209184,50718
186177,49888
186177,63508
186177,62944
186177,62860
164661,63538
164661,50718
164661,33886
164661,30500
153765,54096
219231,33886
219231,30500
219231,50718
219231,63538
198552,63510
204243,63510
72117,35732
72117,56696
181860,62378
181860,57414
164457,35732
164457,56696
208209,33886
208209,30500
208209,63538
208209,50718
155016,59822
155016,1304
164007,63510
210690,56696
208521,56696
208521,35732
212571,35732
212571,56696
210690,35732
210633,59822
210633,1304
211047,63510
187806,1372
187806,10808
187806,62170
154803,1372
154803,62170
154803,10808
213114,1370
213114,62376
212469,63510
213978,10652
154506,63510
241824,35732
241824,56696
189045,62170
189045,10808
189045,1372
64959,1304
64959,59822
66879,63510
155016,35732
155016,56696
227973,1304
227973,59822
200508,63510
211989,63510
63876,56696
63876,35732
61344,124
244173,62170
244173,10808
244173,1372
65631,56696
65631,35732
153048,63510
203055,16358
89013,56696
89013,35732
253671,35732
253671,56696
222669,49888
222669,63508
222669,62944
222669,62860
249159,1304
249159,59822
223782,35732
223782,56696
210051,35732
210051,56696
60762,63508
60762,62944
60762,62860
60762,49888
177474,63510
209073,35732
209073,56696
251442,16358
163251,63510
251625,35732
251625,56696
155055,10652
253683,35732
209970,35732
253683,56696
209970,56696
209976,56696
209976,35732
69060,63510
174195,30500
174195,33886
174195,63538
174195,50718
250782,63510
154698,63510
224931,63538
224931,30500
224931,50718
224931,33886
212448,50274
187395,63510
154551,63510
246804,63510
157767,49888
157767,62860
157767,62944
157767,63508
247983,50274
217380,63510
203439,63510
203259,63510
216309,10652
207618,10652
128538,11262
198534,62074
251202,62376
251202,1370
155337,63510
184104,63510
184710,63538
184710,50718
184710,33886
184710,30500
208206,10652
183912,63510
208116,63510
154770,35732
154770,56696
206637,56696
206448,56696
206637,35732
206448,35732
167316,62074
245154,56696
245154,35732
207465,57414
207465,62378
64272,63510
251721,63510
248178,63510
208584,63510
203700,1304
203700,59822
196845,59822
196845,1304
188700,10652
163032,62074
203073,62378
203073,57414
129081,1304
129081,59822
247956,63510
223071,33886
223071,50718
223071,30500
223071,63538
214194,63538
214194,50718
214194,33886
214194,30500
154740,10652
217293,62378
217293,57414
72045,62944
72045,62860
72045,49888
72045,63508
208572,63508
221526,49888
221526,62860
221526,63508
208572,49888
221526,62944
208572,62860
208572,62944
250749,63510
207129,63510
249216,63510
164007,56696
164007,35732
204657,10652
187962,35846
161208,56696
161208,35732
191892,124
206664,35846
254118,1304
254118,59822
191250,63510
183450,63510
244866,10652
203274,10652
172503,35732
172503,56696
211473,33886
211473,63538
211473,30500
211473,50718
203700,10652
197034,59822
197034,1304
242610,62376
242610,1370
232614,10652
246054,57414
246054,62378
203724,56696
203724,35732
211749,56696
211749,35732
248871,63510
236766,63510
231459,35732
231459,56696
154827,56696
154827,35732
206772,56696
206772,35732
153756,59822
153756,1304
204771,50718
204771,33886
204771,63538
204771,30500
212892,1304
212892,59822
191451,62378
191451,57414
154770,50718
154770,33886
154770,63538
154770,30500
212442,62944
212442,63508
212442,49888
212442,62860
191892,10652
208500,62376
208500,1370
155016,10652
222204,10652
198792,62378
198792,57414
224841,63538
224841,33886
224841,50718
224841,30500
72930,54096
174195,35732
174195,56696
229812,63510
154770,62170
154770,1372
154770,10808
252696,10652
61344,35732
61344,56696
203733,35846
207330,63510
227295,63510
212430,63510
207084,63510
154098,63510
183576,62378
183576,57414
154821,1372
154821,10808
154821,62170
219048,56696
219048,35732
241218,11262
186882,1304
186882,59822
251121,63510
64959,35732
64959,56696
204189,16358
191892,35732
191892,56696
162603,63538
162603,50718
162603,33886
162603,30500
242232,35732
206955,56696
242232,56696
238827,35732
238827,56696
206955,35732
172419,33886
172419,30500
172419,63538
172419,50718
67827,63510
220011,62378
220011,57414
188685,56696
188685,35732
206646,56696
206646,35732
203388,1370
203388,62376
241350,63538
241350,30500
241350,50718
241350,33886
212688,56696
212688,35732
212469,62378
212469,57414
183576,35732
183576,56696
220095,62378
220095,57414
204480,59822
204480,1304
175293,10808
175293,1372
175293,62170
212688,50718
212688,30500
212688,63538
212688,33886
224931,10652
244158,35732
244158,56696
233091,63510
242571,1370
242571,62376
186378,35846
203256,33886
203256,63538
203256,50718
203256,30500
231162,10652
153642,33886
153642,63538
153642,30500
153642,50718
187263,33886
187263,50718
187263,63538
187263,30500
64365,57414
64365,62378
211749,1372
211749,10808
211749,62170
213978,50274
207243,56696
207243,35732
192627,63510
153348,59822
153348,1304
244680,10652
212430,56696
212430,35732
227295,56696
227295,35732
207588,50718
207588,30500
207588,63538
207588,33886
154434,62378
154434,57414
244278,63510
171372,33886
171372,63538
171372,30500
171372,50718
188685,63510
207240,35732
207240,56696
203301,56696
203706,35732
203706,56696
203301,35732
165183,63510
212220,16358
176403,16358
199044,63510
197676,63510
208794,62074
208812,62074
165687,10652
252618,10652
210876,10652
210978,1372
210978,10808
210978,62170
228753,56696
228753,35732
61899,50274
244287,124
210051,10652
245154,63510
191316,62944
191316,49888
191316,62860
191316,63508
204411,56696
204411,35732
206625,63510
206433,63510
206349,63510
216822,1304
216822,59822
186987,1372
186987,10808
186987,62170
186882,57414
186882,62378
208872,63508
208872,49888
208872,62860
208872,62944
163578,10652
232269,63508
232269,62860
232269,62944
232269,49888
189045,10652
253308,35732
253308,56696
229473,35732
186951,35732
229473,56696
186951,56696
210000,35732
210000,56696
155034,35732
155034,56696
230073,49888
230073,62860
230073,62944
230073,63508
215457,63508
215457,62944
215457,62860
215457,49888
163044,33886
163044,50718
163044,30500
163044,63538
210342,35732
234864,35732
234864,56696
210342,56696
187707,49888
187707,63508
187707,62860
187707,62944
206664,56696
206664,35732
203796,35846
208341,35846
248178,62376
251721,1370
251721,62376
248178,1370
198801,1372
198801,10808
198801,62170
192159,1304
203232,1304
192159,59822
203232,59822
219231,49888
219231,62944
219231,62860
219231,63508
154476,63538
154476,33886
154476,50718
154476,30500
211812,35732
211812,56696
213114,54096
248202,50274
226662,50718
226662,63538
226662,30500
226662,33886
252480,50718
252480,63538
252480,33886
252480,30500
222159,63510
210051,50718
210051,33886
210051,30500
210051,63538
211533,35846
228438,63510
88920,35732
88920,56696
72117,124
153867,50718
153867,63538
153867,33886
153867,30500
209799,63538
209799,30500
209799,50718
209799,33886
128604,62170
128604,10808
128604,1372
154758,63510
89013,63538
89013,50718
89013,33886
89013,30500
157938,56696
157938,35732
228438,56696
228438,35732
212337,56696
212337,35732
154827,10652
196302,57414
206856,57414
206856,62378
196302,62378
212433,49888
212433,62860
212433,62944
212433,63508
226662,1304
226662,59822
212688,10652
205812,63510
162984,16358
179496,63510
203184,35732
203184,56696
218061,35846
204717,35846
205905,35846
96444,35846
249579,35846
61908,35846
203280,35846
154041,63510
207396,62378
207396,57414
173613,56696
173613,35732
220269,50274
154119,10652
188961,63510
157854,62860
157854,49888
157854,63508
157854,62944
165045,63510
187659,56696
187659,35732
180195,50718
180195,33886
180195,30500
180195,63538
204657,1372
204657,62170
204657,10808
206304,63510
198279,56696
198279,35732
186327,56696
186327,35732
64272,35732
64272,56696
203733,63538
203733,50718
203733,33886
203733,30500
173613,50718
173613,63538
173613,33886
173613,30500
205815,35732
205815,56696
231102,35732
231102,56696
234120,1304
234120,59822
231876,63510
209154,62378
209154,57414
219420,63510
210810,33886
210810,50718
210810,30500
210810,63538
206748,35846
214506,1304
214506,59822
61482,62944
61482,62860
61482,49888
61482,63508
212448,54096
204657,63508
204657,49888
204657,62944
204657,62860
203871,49888
203181,62860
203181,49888
203181,62944
204780,62944
203871,63508
203181,63508
203871,62860
204780,62860
203871,62944
204780,49888
204780,63508
192618,33534
196845,16358
187386,33886
187386,30500
187386,63538
187386,50718
210627,35732
210627,56696
228315,63510
161058,62378
161058,57414
204144,63510
251391,62860
251391,63508
251391,62944
251391,49888
65328,62074
61824,10652
225501,124
184509,35732
184509,56696
206673,56696
206673,35732
204189,54290
248061,10652
250977,63510
236766,50718
248871,30500
248871,63538
248871,33886
236766,30500
236766,33886
248871,50718
236766,63538
154812,1372
154812,10808
154812,62170
203820,59822
203820,1304
248205,10652
210810,10652
232269,56696
232269,35732
205665,1370
205665,62376
247002,35732
247002,56696
216822,35846
171372,63510
234156,56696
234156,35732
253557,124
153999,59822
153999,1304
225501,62170
225501,1372
225501,10808
206964,1370
206964,62376
232068,10808
232068,62170
232068,1372
188700,56696
188700,35732
192714,16358
224169,10652
153669,56696
153669,35732
25743,10652
213114,35846
243390,50718
243390,33886
243390,63538
243390,30500
153669,16358
208545,30500
208545,33886
208545,50718
208545,63538
204243,35732
204243,56696
206496,35846
206763,35846
206412,35846
206484,35846
211641,35846
206514,35846
231057,35732
231057,56696
206364,1304
206364,59822
181101,1304
181101,59822
231057,62376
231057,1370
238536,62944
238536,63508
238536,49888
238536,62860
154560,63510
253683,63510
187875,63510
236775,33886
230331,33886
230331,30500
236775,50718
230331,63538
236775,30500
236775,63538
230331,50718
175293,10652
184509,10652
249297,63510
249513,63510
207129,56696
207129,35732
249216,35732
249216,56696
250749,35732
250749,56696
196722,33886
203274,50718
196722,50718
244866,63538
203271,30500
203274,63538
244866,50718
203271,33886
203271,63538
203271,50718
196722,63538
244866,30500
196722,30500
203274,30500
203274,33886
244866,33886
166005,63510
234129,62074
213114,56696
213114,35732
199044,62170
199044,1372
199044,10808
203736,35846
72918,56696
72918,35732
204771,10652
217620,10652
175878,35732
67158,35732
67158,56696
175878,56696
209184,57414
209184,62378
242151,50274
198882,50274
206772,54096
235458,56696
235458,35732
154041,63538
154041,33886
154041,30500
154041,50718
209799,54096
249159,63510
161058,33886
161058,50718
161058,30500
161058,63538
153138,63510
248202,1372
248202,10808
248202,62170
190152,63510
205812,35732
205812,56696
252774,62944
252774,62860
221151,62944
221151,49888
221151,63508
252774,63508
221151,62860
252774,49888
185817,49888
185817,62860
185817,62944
185817,63508
155043,1304
155043,59822
212478,10652
204189,35732
204189,56696
253578,63510
247986,59822
247986,1304
207084,35732
207084,56696
210168,35732
61692,35732
61692,56696
210168,56696
209799,35732
209799,56696
210825,49888
210825,62860
210825,63508
210825,62944
188853,35732
188853,56696
216822,35732
216822,56696
204189,10652
206670,35846
242610,11262
226662,63510
220713,16358
64365,35732
64365,56696
238218,35732
238218,56696
195723,10652
207927,35732
207927,56696
248292,30500
248292,63538
248292,33886
248292,50718
154827,54096
186987,30500
186987,63538
186987,50718
186987,33886
206850,63510
207240,62170
207240,10808
207240,1372
229977,10652
157224,63510
246804,1304
246804,59822
201852,63510
244287,59822
244287,1304
207330,33534
153726,59822
153726,1304
220269,59822
220269,1304
252696,1372
252696,62170
224526,62170
224526,1372
252696,10808
224526,10808
195378,1372
139272,10808
195378,10808
139272,62170
195378,62170
139272,1372
209796,16358
189009,1304
189009,59822
234093,56696
234093,35732
219420,63538
219420,30500
219420,33886
219420,50718
178068,59822
178068,1304
235335,56696
235335,35732
96138,63510
203184,10652
225480,10652
72918,63510
209976,63510
247002,54096
230073,16358
203388,56696
203388,35732
198801,63510
56871,56696
56871,35732
248202,57804
215112,35732
215112,56696
208521,1370
208521,62376
210690,62376
210690,1370
203082,57414
203082,62378
238611,62378
238611,57414
206418,56696
206418,35732
166599,30500
238068,63538
166599,50718
238068,50718
238068,33886
238068,30500
166599,63538
166599,33886
225699,35732
225699,56696
207588,16358
187263,63510
211407,35732
211407,56696
210876,56696
165684,35732
165684,56696
165687,35732
252618,35732
165687,56696
210876,35732
252618,56696
203733,35732
203733,56696
157854,62074
248061,10808
248061,1372
248061,62170
210120,56696
210120,35732
238032,62944
238032,49888
238032,62860
238032,63508
68676,35732
68676,56696
154665,30500
154665,33886
154665,50718
154665,63538
153669,50718
153669,30500
153669,33886
153669,63538
248301,63510
67827,56696
67827,35732
210129,30500
210129,33886
210129,50718
210129,63538
212220,56696
176403,56696
212220,35732
176403,35732
156225,62378
156225,57414
188961,30500
188961,63538
188961,33886
188961,50718
206625,56696
206625,35732
206433,56696
206433,35732
206349,35732
206349,56696
198801,35732
198801,56696
208053,35732
208053,56696
234120,63510
166995,63510
65598,49888
65598,62944
65598,62860
65598,63508
242856,62944
242856,62860
242856,49888
242856,63508
250275,35732
194208,35732
206988,56696
250275,56696
206988,35732
194208,56696
162843,63510
153642,1372
153642,10808
153642,62170
172719,56696
172719,35732
253416,35732
253416,56696
210897,56696
206367,35732
210897,35732
206367,56696
206460,63510
232404,63510
244866,49888
244866,62860
203274,63508
203271,63508
203271,62944
203274,49888
203274,62860
203271,62860
196722,63508
196722,62944
196722,62860
196722,49888
203274,62944
203271,49888
244866,62944
244866,63508
221409,35732
221409,56696
229737,124
247260,54096
154740,63510
254118,63510
211947,1370
211947,62376
232068,63510
154803,63510
181101,62170
181101,10808
181101,1372
186378,63510
203733,10652
253557,35732
253557,56696
187974,30500
187974,50718
187974,63538
187974,33886
216948,62170
216948,1372
216948,10808
128604,10652
211140,62860
211140,62944
211140,49888
211140,63508
251169,56696
251169,35732
252210,1370
252210,62376
230073,54096
188853,57414
188853,62378
207240,62944
207240,63508
207240,49888
207240,62860
196722,10652
203271,10652
203256,10652
228438,62378
228438,57414
209622,63538
209622,30500
209622,33886
209622,50718
194409,56696
194409,35732
157224,30500
157224,33886
157224,63538
157224,50718
157854,1304
157854,59822
242412,49888
246618,49888
208524,63508
208524,62944
208524,62860
242412,62860
246618,63508
208524,49888
242412,62944
242412,63508
246618,62944
246618,62860
195378,1370
139272,62376
195378,62376
139272,1370
203736,63538
203736,50718
203736,30500
203736,33886
189009,30500
189009,50718
189009,63538
189009,33886
219420,57414
219420,62378
163578,10808
163578,62170
163578,1372
192627,63538
192627,50718
192627,33886
192627,30500
166437,62170
166437,1372
166437,10808
203274,35732
203271,56696
196722,35732
203271,35732
196722,56696
244866,56696
203274,56696
203256,35732
203256,56696
244866,35732
208341,56696
203796,56696
208341,35732
203796,35732
248205,62170
248205,1372
248205,10808
157416,10652
205722,10652
249930,62378
249930,57414
153348,63510
203736,59822
203736,1304
210000,62170
210000,1372
155034,10808
210000,10808
155034,62170
155034,1372
217782,59822
217782,1304
72045,50274
207588,35732
207588,56696
203673,59822
203673,1304
207222,16358
203280,62944
204717,63508
204717,62944
204717,62860
204717,49888
96444,62860
96444,62944
96444,63508
96444,49888
203280,62860
203280,49888
203280,63508
178458,1304
178458,59822
211812,50718
211812,33886
211812,30500
211812,63538
216108,10652
188853,33886
188853,63538
188853,30500
188853,50718
187734,56696
187734,35732
247548,63510
164337,56696
164337,35732
246963,54096
252210,35732
252210,56696
155271,63510
61305,59822
203166,1304
203166,59822
61305,1304
203820,16358
217494,63510
153669,35846
211947,62944
211947,49888
211947,63508
211947,62860
248301,35732
248301,56696
207927,10652
212571,1370
212571,62376
198552,35846
214194,63510
231162,1372
231162,10808
231162,62170
183492,35732
183492,56696
208545,56696
208545,35732
153888,63510
191892,50274
203775,30500
203775,50718
203775,33886
203775,63538
242439,62378
242439,57414
233970,10652
187386,1370
187386,62376
216564,62944
216564,49888
216564,63508
216564,62860
206418,62378
206418,57414
188730,50718
188730,63538
188730,33886
188730,30500
206748,124
63876,62170
63876,1372
63876,10808
207396,30500
207396,33886
207396,50718
207396,63538
154869,10652
198792,35732
198792,56696
253578,1304
201852,59822
201852,1304
253578,59822
230073,124
204243,10652
88920,50718
88920,33886
88920,63538
88920,30500
201522,10808
201522,1372
201522,62170
212283,35732
212283,56696
198792,63510
164541,33886
164541,50718
164541,30500
164541,63538
247983,54096
154869,50718
154869,63538
154869,30500
154869,33886
163131,16358
191553,56696
191553,35732
167316,59822
167316,1304
243408,63510
206673,35846
247974,63510
128685,59822
128685,1304
225699,10652
213513,1370
213513,62376
187221,10652
186384,10652
253557,10652
181101,10652
225501,54096
188961,56696
188961,35732
155403,63510
171372,56696
171372,35732
155403,10808
155403,1372
155403,62170
188844,62170
188844,1372
188844,10808
208758,62860
253935,49888
253935,62944
208758,62944
208758,49888
208758,63508
253935,63508
253935,62860
240912,56696
240912,35732
208722,62376
208554,1370
208722,1370
208554,62376
208209,56696
208209,35732
222159,35732
222159,56696
207618,62170
207618,1372
207618,10808
61344,10652
191247,33886
191247,30500
191247,50718
191247,63538
211749,50274
160770,56696
160770,35732
211740,33886
211740,30500
211740,63538
211740,50718
251391,30500
251391,33886
251391,63538
251391,50718
203706,1370
203706,62376
203301,62376
203301,1370
242439,16358
203820,63508
203820,62944
203820,62860
203820,49888
188787,62170
188787,1372
188787,10808
188331,62170
188331,1372
188331,10808
210129,56696
210129,35732
216309,56696
216309,35732
252405,35732
252405,56696
206748,57804
203280,33886
96444,30500
203280,50718
204717,30500
61908,30500
96444,33886
249579,50718
204717,33886
204717,63538
203280,30500
249579,63538
204717,50718
249579,30500
61908,50718
218061,30500
205905,50718
218061,50718
61908,33886
205905,30500
205905,33886
96444,50718
61908,63538
96444,63538
249579,33886
218061,63538
205905,63538
218061,33886
203280,63538
246150,63510
192627,10652
63876,63508
63876,62944
63876,49888
63876,62860
72645,62944
72645,62860
72645,63508
72645,49888
231162,50274
171702,35732
171702,56696
187962,56696
187962,35732
232614,63510
207927,33886
207927,50718
207927,63538
207927,30500
211476,10652
155016,1372
155016,10808
155016,62170
166995,35732
166995,56696
64365,30500
64365,33886
64365,50718
64365,63538
188730,35732
188730,56696
209094,10652
223071,35732
223071,56696
203820,10652
187224,35732
187224,56696
163032,59822
163032,1304
238827,54096
206955,54096
242232,54096
251121,10652
203145,30500
203277,33886
248013,30500
203145,33886
203277,30500
203145,63538
248013,33886
248013,50718
203145,50718
248013,63538
203277,50718
203277,63538
154098,30500
154098,63538
154098,50718
154098,33886
195063,59822
195063,1304
165726,62074
154812,56696
154812,35732
225480,49888
225480,62860
225480,63508
225480,62944
204243,50718
204243,63538
204243,30500
204243,33886
250275,63510
206988,63510
194208,63510
207243,10808
207243,1372
207243,62170
60864,63510
129081,10652
186384,1372
186384,10808
186384,62170
156024,50718
156024,30500
156024,33886
156024,63538
195063,63510
210234,54096
214506,63510
244287,35732
244287,56696
155055,50718
155055,30500
155055,63538
155055,33886
154812,63510
203736,56696
203736,35732
160029,10652
241350,63510
242610,63508
242610,62860
242610,62944
242610,49888
230178,1304
230178,59822
209184,35732
209184,56696
222204,1372
222204,62170
222204,10808
154434,33886
154434,50718
154434,30500
154434,63538
203775,10652
217293,50718
217293,33886
217293,63538
217293,30500
249297,50718
249297,63538
249297,30500
249297,33886
206847,62170
206847,10808
206847,1372
187224,50718
187224,63538
187224,33886
187224,30500
207588,10652
212892,10652
241218,62944
241218,62860
241218,49888
241218,63508
153669,54096
176643,30500
176643,50718
176643,63538
172587,30500
172587,33886
172587,63538
172587,50718
176643,33886
230010,56696
230010,35732
204375,56696
204375,35732
227292,10652
128526,16358
249486,62376
249486,1370
155481,62170
155481,10808
155481,1372
64353,56696
64353,35732
191316,54096
196845,56696
196845,35732
244173,10652
178068,35732
178068,56696
208206,56696
208206,35732
206868,35846
64272,16358
154827,49888
154827,63508
154827,62860
154827,62944
186216,62170
186216,1372
186216,10808
153402,63510
153150,63510
176403,59394
212220,59394
246804,34092
246804,56714
203871,10652
204780,10652
203181,10652
61899,56696
61899,35732
96444,10652
203280,10652
204717,10652
218061,10652
249579,10652
205905,10652
203736,10652
61908,10652
224169,62860
224169,62944
224169,63508
224169,49888
183921,56696
183921,35732
207339,35732
207339,56696
252081,56696
252081,35732
197286,35732
250653,35732
197286,56696
250653,56696
189009,63510
200964,10652
198801,10652
66879,35732
66879,56696
220713,10652
155052,59822
155052,1304
72645,10652
165183,33886
165183,63538
165183,50718
165183,30500
212442,1370
212442,62376
212442,56696
212442,35732
219420,56696
219420,35732
244287,63508
244287,62860
244287,62944
244287,49888
233091,62170
233091,1372
233091,10808
192714,59822
192714,1304
203733,63508
203733,62860
203733,49888
203733,62944
206460,56696
206460,35732
232404,35732
232404,56696
153867,35732
153867,56696
155100,62378
155100,57414
176577,56696
176577,35732
172419,54096
251169,50718
251169,33886
251169,63538
251169,30500
206964,63508
206964,62860
206964,62944
206964,49888
177951,63510
64353,62378
64353,57414
140277,35846
199044,10652
157185,35732
157185,56696
225276,33886
225276,30500
225276,50718
225276,63538
213978,35846
248013,10652
203277,10652
203145,10652
206847,35732
206847,56696
227973,50718
227973,33886
227973,63538
227973,30500
56871,1372
56871,10808
56871,62170
153669,124
225480,16358
163131,49888
163131,63508
163131,62944
163131,62860
242856,30500
242856,33886
242856,63538
242856,50718
182556,35732
182556,56696
230331,63510
236775,63510
154476,10652
248202,16358
154551,1304
154551,59822
187395,1304
187395,59822
220728,49888
220728,62944
220728,62860
220728,63508
220269,35732
220269,56696
230028,54096
224841,63510
225501,57804
201798,57414
201798,62378
248550,59822
248550,1304
247962,1370
247962,62376
207330,10652
192159,33886
192159,63538
203232,30500
203232,33886
192159,30500
203232,50718
192159,50718
203232,63538
160770,63510
249207,35732
249207,56696
153048,10652
195378,63508
195378,62944
195378,62860
139272,62860
139272,62944
139272,49888
195378,49888
139272,63508
59691,50718
59691,63538
59691,33886
59691,30500
249579,62944
218061,49888
249579,63508
249579,62860
61908,49888
205905,49888
205905,62860
205905,62944
205905,63508
218061,62860
249579,49888
218061,62944
218061,63508
61908,62860
61908,62944
61908,63508
251442,54096
247002,10652
163251,10652
128685,62378
128685,57414
186327,62170
186327,1372
186327,10808
185817,54096
153645,11262
165786,10652
208092,11262
203280,56696
61908,35732
205905,56696
96444,56696
205905,35732
218061,35732
249579,56696
218061,56696
204717,56696
96444,35732
204717,35732
203280,35732
249579,35732
61908,56696
232068,16358
179790,56696
179790,35732
244278,10652
165684,10652
244287,16358
249159,30500
249159,33886
249159,63538
249159,50718
248373,63508
248373,62944
248373,62860
248373,49888
186216,63510
229536,49888
229536,62944
229536,62860
229536,63508
182556,63510
242130,62944
242130,62860
242130,63508
242130,49888
212211,62944
212211,49888
212211,62860
212211,63508
179790,33886
179790,30500
179790,50718
179790,63538
192942,56696
192942,35732
153726,56696
153726,35732
177672,63510
72117,10652
183213,49888
183213,63508
183213,62944
183213,62860
172419,56696
172419,35732
182556,33886
182556,30500
182556,50718
182556,63538
223968,10652
229812,35732
229812,56696
248013,35732
203145,35732
203277,56696
248013,56696
203145,56696
203277,35732
184710,35846
212283,10652
188685,10652
166005,30500
166005,50718
166005,33886
166005,63538
210627,62170
210627,1372
210627,10808
191247,33534
69060,1304
69060,59822
167652,56696
167652,35732
205722,35846
157416,35846
206868,63508
206868,62944
206868,62860
206868,49888
181371,63510
154821,54096
219048,1372
219048,10808
219048,62170
221151,35732
252774,35732
221151,56696
252774,56696
196845,124
187974,56696
187974,35732
236226,1304
236226,59822
210978,16358
153867,63510
206856,56696
196302,35732
206856,35732
196302,56696
209799,10652
250434,63510
155106,35732
155106,56696
211344,10652
241389,10652
220269,10652
203328,56696
203328,35732
199044,56696
199044,35732
207243,10652
205332,10652
244287,10652
176577,62170
176577,1372
176577,10808
212892,49888
212892,63508
212892,62944
212892,62860
188685,50718
188685,63538
188685,33886
188685,30500
210810,1372
210810,62170
210810,10808
211407,54096
211740,63510
206964,62170
206964,10808
206964,1372
176403,42132
176403,63186
212220,42132
212220,63186
224841,62378
224841,57414
154032,35846
213513,54096
253671,10652
156024,35732
156024,56696
224631,35732
224631,56696
153765,10652
211950,49888
211950,62860
211950,62944
211950,63508
59691,57414
59691,62378
212892,56696
212892,35732
212442,50274
204771,16358
183363,1372
183363,62170
183363,10808
165726,16358
237057,35732
237057,56696
153642,35732
153642,56696
222750,62170
222750,1372
222750,10808
231459,16358
207465,1304
207465,59822
212283,33886
212283,50718
212283,30500
212283,63538
129081,56696
129081,35732
69060,16358
206748,59394
183921,50718
183921,63538
183921,33886
183921,30500
248292,10652
203736,63508
203736,62944
203736,49888
203736,62860
154434,63510
188787,54096
176577,63538
176577,33886
176577,50718
176577,30500
212220,59396
176403,59396
212220,62274
176403,62274
206772,62860
206772,62944
206772,63508
206772,49888
164007,50718
164007,33886
164007,30500
164007,63538
227310,56696
227310,35732
163131,10652
165750,50718
165750,33886
165750,63538
88821,33886
165750,30500
88821,50718
88821,63538
88821,30500
188196,10808
188196,62170
188196,1372
165183,62378
165183,57414
139272,56696
195378,35732
195378,56696
139272,35732
67827,50718
67827,63538
67827,33886
67827,30500
60762,54096
254118,63538
254118,50718
254118,33886
254118,30500
229536,10652
153888,10652
203811,33886
203811,30500
203811,63538
203811,50718
67764,10652
228729,10652
231459,50718
231459,33886
231459,30500
231459,63538
213513,35846
225276,63510
209793,63510
65328,1304
65328,59822
129081,62860
129081,62944
129081,63508
129081,49888
234864,10652
252405,10652
164661,63510
210978,124
184104,56696
184104,35732
186987,10652
197676,56696
197676,35732
187659,63508
187659,49888
187659,62860
187659,62944
176643,63510
172587,63510
246054,1304
246054,59822
247002,10808
247002,1372
247002,62170
211473,56696
211473,35732
88821,33534
165750,33534
206847,62860
206847,62944
206847,49888
206847,63508
243390,49888
243390,63508
243390,62944
243390,62860
157398,35732
157398,56696
210120,124
154098,56696
154098,35732
153756,35732
153756,56696
129204,1370
129204,62376
208053,1372
208053,10808
208053,62170
187707,50274
64272,10652
210000,63510
155034,63510
207330,62170
207330,10808
207330,1372
191553,10652
186177,54096
72117,50274
191250,35732
191250,56696
231663,63510
234555,63510
178068,33886
178068,30500
178068,50718
178068,63538
183363,63538
183363,33886
183363,30500
183363,50718
250434,56696
250434,35732
205332,35732
205332,56696
155403,10652
188196,63510
207105,62378
207105,57414
64272,63538
64272,30500
64272,50718
64272,33886
65631,10652
223071,63510
206964,35846
163377,35732
163377,56696
206748,59396
206748,62274
214998,35732
214998,56696
72918,10652
195372,35732
195372,56696
204189,62378
204189,57414
210051,1372
210051,10808
210051,62170
211812,63510
164457,10652
161208,63510
172419,10652
186378,10652
206868,54096
249930,63538
249930,33886
249930,30500
249930,50718
191247,10652
229977,1372
229977,10808
229977,62170
204480,62170
204480,1372
204480,10808
174513,10652
219048,50718
219048,33886
219048,30500
219048,63538
183492,62170
183492,1372
183492,10808
187974,33534
128526,1372
128526,62170
128526,10808
247260,11262
167652,33886
167652,50718
167652,63538
167652,30500
210825,16358
221331,124
208209,63510
183363,1370
183363,62376
203700,56696
203700,35732
203532,1370
203532,62376
222750,63510
186987,63510
155481,63508
155481,49888
155481,62944
155481,62860
235932,56696
235932,35732
210840,35732
210840,56696
220095,30500
220095,33886
220095,63538
220095,50718
247002,124
203727,35732
203727,56696
175878,63510
67158,63510
158658,10652
243390,59822
243390,1304
212448,35732
212448,56696
71301,30500
71301,63538
71301,50718
71301,33886
253308,10652
154665,62170
154665,10808
154665,1372
203673,63508
203673,62944
203673,62860
203673,49888
239577,57414
239577,62378
188100,10652
184509,50718
184509,33886
184509,30500
184509,63538
61899,10652
253557,1372
253557,62170
253557,10808
242151,10652
198882,10652
247962,49888
247962,63508
247962,62944
247962,62860
208545,1370
208545,62376
191892,10808
191892,1372
191892,62170
234129,49888
234129,62944
234129,63508
234129,62860
155100,63510
213513,56714
213513,34092
213513,56696
213513,35732
207144,35846
67764,62378
67764,57414
157416,33886
205722,63538
205722,30500
205722,33886
157416,63538
205722,50718
157416,30500
157416,50718
251625,63508
251625,62860
251625,49888
251625,62944
203055,59822
203055,1304
202818,62944
202818,62860
202818,63508
202818,49888
245046,35846
224169,56696
224169,35732
163578,62860
163578,62944
163578,49888
163578,63508
187659,62170
187659,1372
187659,10808
128763,33886
128763,63538
128763,50718
128763,30500
129204,56696
129204,35732
154812,10652
191247,35732
191247,56696
179496,1372
179496,62170
179496,10808
187395,56714
187395,34092
154551,56714
154551,34092
155337,56696
155337,35732
166437,56696
166437,35732
252480,56696
252480,35732
162984,10652
207105,1304
207105,59822
213114,62860
213114,62944
213114,63508
213114,49888
250434,10652
187659,10652
67764,63510
177474,35732
177474,56696
191316,11262
207465,63510
203511,62860
203511,62944
203511,63508
203511,49888
64353,63510
210627,10652
242571,49888
242571,63508
242571,62860
242571,62944
71301,56696
71301,35732
206955,49888
238827,63508
238827,49888
242232,62860
242232,62944
238827,62944
206955,62860
206955,63508
242232,63508
238827,62860
206955,62944
242232,49888
250977,10808
250977,62170
250977,1372
198873,1372
198873,62170
198873,10808
242439,35732
242439,56696
206439,35846
251106,59822
249687,59822
249687,1304
251106,1304
184698,57414
184698,62378
210000,10652
155034,10652
211749,62944
211749,49888
211749,63508
211749,62860
250749,35846
207129,35846
249216,35846
178818,63510
208545,63510
162795,10652
154821,124
249573,50718
249573,63538
249573,33886
249573,30500
220713,62944
220713,63508
220713,49888
220713,62860
254118,35732
254118,56696
192942,35846
203811,1304
203811,59822
155034,30500
210000,50718
210000,63538
155034,33886
155034,50718
210000,30500
155034,63538
210000,33886
154032,124
72930,124
213114,1372
213114,62170
213114,10808
238218,10652
231102,10652
209970,10652
157224,56696
157224,35732
199860,62376
59703,62376
223554,1370
192768,62376
223554,62376
251085,1370
158016,1370
250629,1370
203889,1370
229521,62376
192771,1370
59703,1370
192771,62376
251085,62376
210846,1370
192768,1370
66378,62376
205728,1370
158016,62376
229521,1370
253998,1370
253998,62376
199860,1370
250629,62376
205122,1370
205728,62376
66378,1370
203889,62376
205122,62376
210846,62376
221331,54096
211407,10808
211407,1372
211407,62170
249486,35846
207396,56696
207396,35732
183492,62944
183492,63508
183492,62860
183492,49888
208500,35846
188787,50274
242571,35732
242571,56696
194409,10652
161058,35732
161058,56696
155337,30500
155337,33886
155337,50718
155337,63538
68676,63538
68676,30500
68676,50718
68676,33886
201741,10652
231162,124
184104,50718
184104,30500
184104,33886
184104,63538
210129,62376
210129,1370
204480,62944
204480,63508
204480,49888
204480,62860
230073,1372
230073,62170
230073,10808
183450,50718
183450,30500
183450,63538
183450,33886
186177,1372
186177,10808
186177,62170
206772,62376
206772,1370
220095,10652
204480,10652
155106,50718
155106,63538
155106,30500
155106,33886
206304,56696
206304,35732
248682,10808
248682,1372
248682,62170
181746,10652
247002,50274
248682,63508
248682,62944
248682,62860
248682,49888
222906,30500
222906,33886
222906,63538
222906,50718
88920,10808
88920,1372
88920,62170
253557,50274
188196,56696
188196,35732
171702,35846
181101,63508
181101,62944
181101,49888
181101,62860
60864,10652
192627,16358
213978,62170
213978,1372
213978,10808
203820,35732
203820,56696
210171,10652
238068,35732
166599,56696
238068,56696
166599,35732
224631,10808
224631,62170
224631,1372
227973,56696
227973,35732
247986,50718
247986,63538
247986,30500
247986,33886
213513,62860
213513,49888
213513,62944
213513,63508
62817,10808
62817,62170
62817,1372
246042,63508
246042,62944
246042,62860
246042,49888
244479,33886
244479,30500
244479,50718
244479,63538
212433,54096
203439,50718
217380,63538
203439,30500
203439,33886
217380,30500
203259,50718
203259,30500
217380,33886
217380,50718
203259,33886
203439,63538
203259,63538
196311,62944
196311,49888
196311,63508
196311,62860
201798,33886
201798,30500
201798,50718
201798,63538
64959,10652
165786,1372
165786,62170
165786,10808
207339,10808
252081,1372
207339,62170
252081,62170
252081,10808
207339,1372
219048,63510
186216,10652
173613,62378
173613,57414
183492,10652
225501,16358
226623,50718
226623,33886
226623,30500
226623,63538
211632,63538
211632,30500
211632,50718
211632,33886
157854,16358
25743,35732
25743,56696
207330,35732
207330,56696
183666,1372
183666,62170
183666,10808
203145,59822
203145,1304
203277,1304
248013,59822
203277,59822
248013,1304
191250,10808
191250,1372
191250,62170
219420,10652
61899,1372
61899,62170
61899,10808
192159,56696
192159,35732
203232,56696
203232,35732
216309,16358
224841,16358
207144,62860
207144,63508
207144,49888
207144,62944
184950,63510
206673,54096
210129,63510
212688,10808
212688,62170
212688,1372
89013,10652
208554,35732
208554,56696
210633,56696
210633,35732
206847,16358
154032,16358
155043,35732
155043,56696
153813,63510
230178,35732
230178,56696
204411,10652
207084,35846
245631,35732
245631,56696
193965,34092
193965,56714
154506,35732
154506,56696
164007,10652
183912,1304
183912,59822
231057,54096
211407,35846
246963,56696
246963,35732
240912,16358
198873,10652
238827,62376
242232,62376
242232,1370
206955,1370
206955,62376
238827,1370
61482,35732
61482,56696
65640,10652
228315,35732
228315,56696
253335,63510
250977,35732
250977,56696
203811,35732
203811,56696
204657,54096
197034,10652
214998,10652
222906,10652
187974,10652
198552,10652
163377,63538
163377,30500
163377,33886
163377,50718
183912,50718
183912,63538
183912,33886
183912,30500
153669,10652
212211,124
203328,62944
203328,63508
203328,49888
203328,62860
251442,124
249297,35732
249297,56696
209994,35732
209994,56696
183576,63510
217782,33886
217782,30500
217782,50718
217782,63538
165786,62944
165786,62860
165786,63508
165786,49888
204411,1372
204411,62170
204411,10808
186327,10652
222906,35732
222906,56696
249207,62944
249207,62860
249207,63508
249207,49888
210120,63538
210120,50718
210120,30500
210120,33886
155043,10808
155043,62170
155043,1372
211533,63508
211533,62944
211533,62860
211533,49888
231459,10652
206415,56696
206415,35732
128763,63510
203673,16358
187962,10652
210897,35846
206367,35846
253416,35846
60864,30500
60864,33886
60864,63538
60864,50718
188100,62170
188100,10808
188100,1372
62817,54096
240912,30500
240912,63538
240912,50718
240912,33886
245631,10652
204228,62170
204228,1372
204228,10808
198534,30500
198534,33886
198534,50718
198534,63538
187221,1372
187221,62170
187221,10808
192942,63508
192942,62860
192942,62944
192942,49888
232035,10652
238032,54096
164541,10808
164541,1372
164541,62170
212211,54096
210840,63510
235932,63510
210633,124
230286,10808
230286,1372
230286,62170
226623,63510
164337,10652
155055,1372
155055,10808
155055,62170
153048,62170
153048,1372
153048,10808
247983,56696
247983,35732
248373,56696
248373,35732
206433,35846
206625,35846
206349,35846
183666,10652
248202,35846
244680,62170
244680,1372
244680,10808
201522,63186
201522,42132
222669,35732
222669,56696
249513,56696
249513,35732
197529,1304
197529,59822
210678,62944
210678,49888
210678,63508
210678,62860
251391,62376
251391,1370
194409,62860
194409,62944
194409,49888
194409,63508
180195,10652
179496,16358
231876,1304
231876,59822
153756,33886
153756,30500
153756,50718
153756,63538
204189,51974
209976,10652
224631,10652
154821,62860
154821,62944
154821,49888
154821,63508
175293,35732
175293,56696
172587,35732
176643,56696
176643,35732
172587,56696
208788,56696
208788,35732
224631,30500
224631,63538
224631,33886
224631,50718
210120,54096
192618,10652
72045,10808
72045,62170
72045,1372
197529,50718
197529,33886
197529,63538
197529,30500
210168,124
61692,124
56871,33886
56871,30500
56871,63538
56871,50718
154032,10652
230286,10652
167514,63508
167514,62944
167514,62860
167514,49888
185817,50720
154698,62944
154698,62860
154698,63508
154698,49888
172419,124
222750,56696
222750,35732
217782,62860
217782,62944
217782,49888
217782,63508
228315,62170
228315,10808
228315,1372
184104,10652
248292,62170
248292,1372
248292,10808
229977,54096
229737,35846
211632,63510
207219,10652
240912,10652
208053,10652
216948,10652
203775,1304
203775,59822
211047,59822
211047,1304
207240,10652
234129,59822
234129,1304
240912,63510
228729,63510
197034,62860
197034,63508
197034,62944
197034,49888
154665,10652
217494,35732
217494,56696
249294,10652
238263,10652
187806,54096
223782,10652
208503,49888
208503,63508
208503,62860
208503,62944
212430,10652
227295,10652
208722,62944
208554,63508
208722,49888
208722,62860
208554,62944
208722,63508
208554,62860
208554,49888
153765,63508
153765,62944
153765,62860
153765,49888
179853,1372
179853,62170
179853,10808
210633,10652
207396,63510
154032,62170
154032,1372
154032,10808
201798,56696
201798,35732
198552,50718
198552,30500
198552,33886
198552,63538
217380,33534
203439,33534
203259,33534
196722,33534
203271,33534
203256,33534
184950,10652
163044,35846
154041,35732
154041,56696
206748,10652
206838,35846
253506,35846
249342,54096
172719,10652
156225,35732
156225,56696
72561,1372
72561,10808
72561,62170
246150,56696
246150,35732
195372,1304
195372,59822
171702,10652
164541,62944
164541,49888
164541,62860
164541,63508
246804,10652
154551,10652
187395,10652
217002,50718
217002,30500
217002,33886
217002,63538
65067,56696
65067,35732
230010,1372
230010,62170
230010,10808
184710,10652
208503,62376
208503,1370
208206,1372
208206,10808
208206,62170
196302,63510
206856,63510
129081,35846
198534,1304
198534,59822
210978,35846
229737,54096
251442,35732
251442,56696
243390,10808
243390,62170
243390,1372
194409,35846
171372,62170
171372,1372
171372,10808
204480,54096
204375,62860
204375,49888
204375,62944
204375,63508
187707,10808
187707,62170
187707,1372
61482,59822
61482,1304
155052,56696
155052,35732
248301,10652
206304,63538
206304,30500
206304,33886
206304,50718
177474,1372
177474,62170
177474,10808
214194,35732
214194,56696
197034,56696
197034,35732
180195,1372
180195,10808
180195,62170
173667,35732
173667,56696
65598,10808
65598,62170
65598,1372
60864,35732
60864,56696
228753,10652
206850,35732
206850,56696
204189,35846
154560,10652
187263,35732
187263,56696
214998,33886
214998,63538
214998,30500
214998,50718
153726,10652
245046,35732
245046,56696
203811,10652
154506,62170
154506,10808
154506,1372
154770,10652
185244,35732
185244,56696
210816,10652
227973,10652
227973,35846
198873,56696
198873,35732
203532,56696
203532,35732
198552,35732
198552,56696
61344,1372
61344,10808
61344,62170
210825,56696
210825,35732
156063,56696
156063,35732
203328,1370
203328,62376
166599,63510
238068,63510
63876,54096
234018,63510
234972,63510
65598,62376
65598,1370
206514,56696
206514,35732
211641,56696
206763,56696
211641,35732
206484,56696
206484,35732
206763,35732
206496,35732
206412,35732
206412,56696
206496,56696
153765,56696
153765,35732
208788,10652
172503,10652
183213,10652
188196,30500
188196,50718
188196,63538
188196,33886
163032,62376
163032,1370
162603,63510
155337,10652
251967,50274
203073,59822
203073,1304
232068,50274
249486,62378
249486,57414
211476,10808
211476,1372
211476,62170
243408,56696
243408,35732
211749,54096
179853,62376
179853,1370
215112,10652
244287,35846
204480,33886
204480,30500
204480,50718
204480,63538
209184,10652
184698,56696
184698,35732
191451,63510
196311,1372
196311,10808
196311,62170
243408,50718
243408,33886
243408,63538
243408,30500
68676,63510
25743,10808
25743,1372
25743,62170
206772,1372
206772,62170
206772,10808
171372,10652
163377,1372
163377,10808
163377,62170
201522,62274
201522,59396
187386,62944
187386,49888
187386,62860
187386,63508
233091,10652
228687,63510
207330,63186
207330,42132
178458,35732
178458,56696
61482,10652
155043,10652
180195,35732
180195,56696
164457,1372
164457,10808
164457,62170
244971,1370
244971,62376
177672,10652
182556,10652
207240,54096
165726,59822
165726,1304
206955,10808
242232,62170
238827,1372
206955,1372
206955,62170
238827,62170
242232,10808
242232,1372
238827,10808
162984,62944
162984,63508
162984,49888
162984,62860
72930,16358
172719,30500
172719,33886
172719,50718
172719,63538
203727,63510
246963,16358
212283,10808
212283,1372
212283,62170
203184,35846
204375,35846
60864,33534
222906,62170
222906,10808
222906,1372
229737,16358
211749,124
88920,54096
220269,16358
88920,10652
211140,62170
211140,10808
211140,1372
61305,56696
61305,35732
206439,35732
206439,56696
247986,16358
212337,63508
212337,49888
212337,62860
212337,62944
154665,62944
154665,63508
154665,62860
154665,49888
214506,63538
214506,30500
214506,33886
214506,50718
156063,10808
156063,1372
156063,62170
203439,35732
217380,56696
217380,35732
203259,56696
203259,35732
203439,56696
183450,56696
183450,35732
210816,62170
210816,1372
210816,10808
62817,124
237057,124
237057,10808
237057,62170
237057,1372
212448,62170
212448,10808
212448,1372
187875,62170
187875,1372
187875,10808
198534,62860
198534,49888
198534,63508
198534,62944
227310,50274
157938,1372
157938,10808
157938,62170
245046,62378
245046,57414
232404,35846
206460,35846
212433,35846
163044,10652
198792,10652
153642,10652
243408,16358
220095,62170
220095,1372
220095,10808
239577,63538
239577,33886
239577,50718
239577,30500
209154,50718
209154,33886
209154,63538
209154,30500
158658,63510
212220,36720
176403,36720
72561,10652
188100,124
206673,49888
206673,62944
206673,62860
206673,63508
230028,35846
191892,16358
247260,10808
247260,62170
247260,1372
177951,35732
177951,56696
217620,62170
217620,10808
217620,1372
212448,1370
212448,62376
203073,30500
203073,33886
238611,63538
203073,50718
238611,30500
203082,33886
203082,50718
203082,63538
238611,50718
238611,33886
203073,63538
203082,30500
249573,62944
249573,62860
249573,49888
249573,63508
219048,10652
163032,62944
163032,49888
163032,62860
163032,63508
212688,54096
157854,10652
217494,10652
230178,33886
230178,30500
230178,50718
230178,63538
206637,35846
206448,35846
250275,35846
206988,35846
194208,35846
192714,63510
209799,62944
209799,62860
209799,49888
209799,63508
210840,35846
235932,35846
187734,10652
155106,10808
155106,62170
155106,1372
183921,10652
181371,35732
181371,56696
210825,10652
206748,36720
56871,10652
183387,10652
203511,35846
244287,50274
191250,50718
191250,30500
191250,33886
191250,63538
65328,30500
65328,63538
65328,50718
65328,33886
245154,10652
64959,49888
64959,63508
64959,62944
64959,62860
241350,62376
241350,1370
156024,62170
156024,10808
156024,1372
195372,124
162603,35732
162603,56696
234120,33886
234120,30500
234120,50718
234120,63538
154506,10652
245154,1372
245154,10808
245154,62170
251442,10652
203166,35732
203166,56696
204480,56696
204480,35732
203724,63508
203724,49888
203724,62944
203724,62860
153669,10808
153669,1372
153669,62170
216564,30500
216564,50718
216564,63538
216564,33886
61344,63186
61344,42132
68676,62170
68676,1372
68676,10808
247548,56696
247548,35732
155100,56696
155100,35732
212301,62860
212301,49888
212301,62944
212301,63508
212211,16358
161208,10652
197034,35846
243390,54096
154698,50274
206646,35846
210825,59822
210825,1304
189045,49888
189045,62944
189045,62860
189045,63508
217293,35732
217293,56696
59691,62376
59691,1370
206673,10808
206673,1372
206673,62170
153867,1372
153867,10808
153867,62170
191451,50718
191451,63538
191451,33886
191451,30500
62817,50274
192618,35732
192618,56696
244158,10652
248550,62378
248550,57414
140277,50718
140277,33886
140277,30500
140277,63538
205665,62944
205665,49888
205665,63508
205665,62860
232029,42132
232029,63186
201798,35846
210342,10652
166437,10652
249207,35846
155043,63538
155043,50718
155043,30500
155043,33886
209622,35846
193965,10652
206955,35846
238827,35846
242232,35846
228315,63538
228315,50718
228315,33886
228315,30500
230073,50274
211047,30500
211047,63538
211047,33886
211047,50718
206748,51974
245631,50718
245631,33886
245631,63538
245631,30500
229977,124
163101,16358
153138,10652
72561,35732
72561,56696
251967,35846
61692,35846
210168,35846
162795,62170
162795,10808
162795,1372
157398,62170
157398,1372
157398,10808
211344,30500
211344,33886
211344,50718
211344,63538
229737,62944
229737,63508
229737,49888
229737,62860
179853,63508
179853,62944
179853,62860
179853,49888
163044,56696
163044,35732
163101,35846
203055,63510
238218,63508
238218,49888
238218,62944
238218,62860
186951,10652
229473,10652
184104,62170
155337,1372
184104,1372
184104,10808
155337,62170
155337,10808
194409,124
167514,1372
167514,62170
167514,10808
186378,33534
201798,10652
164661,10652
167514,10652
201522,59394
163251,10808
163251,1372
163251,62170
211344,16358
209994,30500
209994,63538
209994,33886
209994,50718
208722,56696
208722,35732
206484,62378
206412,62378
206496,62378
206496,57414
206763,57414
211641,62378
206514,57414
206514,62378
206412,57414
206763,62378
211641,57414
206484,57414
217002,35732
217002,56696
204228,63510
155106,10652
197034,50718
197034,33886
197034,30500
197034,63538
59700,35732
59700,56696
183576,10652
140277,57414
140277,62378
224841,56696
224841,35732
155271,35732
155271,56696
211812,1372
211812,10808
211812,62170
227295,62170
227295,1372
212430,62170
212430,10808
227295,10808
212430,1372
220218,56696
220218,35732
228438,10652
211533,10652
181101,35732
181101,56696
231663,63538
231663,30500
234555,33886
234555,30500
231663,50718
234555,50718
231663,33886
234555,63538
238536,1370
238536,62376
250977,63538
250977,50718
250977,33886
250977,30500
179853,33886
179853,30500
179853,63538
179853,50718
211740,56696
211740,35732
210825,63538
210825,33886
210825,50718
210825,30500
153765,63538
153765,50718
153765,30500
153765,33886
64272,35846
153645,49888
153645,62860
153645,62944
153645,63508
186378,30500
186378,63538
186378,50718
186378,33886
214998,124
201522,51974
153756,10652
247974,10652
60864,62170
60864,1372
60864,10808
186177,124
253671,62170
253671,10808
253671,1372
230178,10652
154551,10808
187395,62170
154551,1372
187395,1372
246804,62170
246804,10808
246804,1372
187395,10808
154551,62170
253557,16358
240912,35846
207927,49888
207927,62860
207927,62944
207927,63508
232614,62170
232614,10808
232614,1372
173613,10652
183363,54096
203829,63508
203829,62944
203829,62860
203829,49888
209994,62170
209994,10808
209994,1372
217494,16358
223782,63510
166005,56696
166005,35732
201852,63538
201852,33886
201852,30500
201852,50718
207222,59394
191256,50718
191256,33886
191256,30500
191256,63538
207465,35732
207465,56696
216822,124
176577,63510
203145,35846
248013,35846
203277,35846
65328,10808
65328,62170
65328,1372
154434,10652
206868,56696
206868,35732
154167,63508
154167,62944
154167,49888
154167,62860
203829,35846
207144,1372
207144,10808
207144,62170
208788,50274
67335,10808
67335,1372
67335,62170
247002,16358
211047,35732
211047,56696
191256,62376
191256,1370
252081,50274
207339,50274
64353,63538
64353,33886
64353,30500
64353,50718
172719,50274
231459,35846
166005,10652
252081,42132
207339,63186
207339,42132
252081,63186
96138,63508
96138,49888
96138,62860
96138,62944
203055,30500
203055,50718
203055,63538
203055,33886
236226,63508
236226,62944
236226,49888
236226,62860
206415,35846
186177,50274
61824,16358
195723,62860
195723,49888
195723,62944
195723,63508
226623,56696
226623,35732
241350,62860
241350,62944
241350,49888
241350,63508
190152,49888
190152,62860
190152,63508
190152,62944
188100,49888
188100,63508
188100,62860
188100,62944
163131,62170
163131,10808
163131,1372
220728,57804
154560,10808
154560,1372
154560,62170
157854,124
238611,59822
203082,1304
203082,59822
238611,1304
212688,124
65328,56696
65328,35732
214998,63508
214998,62860
214998,49888
214998,62944
61899,62944
61899,63508
61899,62860
61899,49888
249930,35732
249930,56696
206439,63508
206439,49888
206439,62860
206439,62944
203673,30500
203673,50718
203673,63538
203673,33886
140277,35732
140277,56696
205332,63538
205332,30500
205332,33886
205332,50718
192618,57414
192618,62378
211344,62274
211344,59396
64353,10652
231876,1370
231876,62376
196845,54096
242439,35846
209994,10652
208116,59822
208116,1304
61305,33886
61305,63538
61305,50718
61305,30500
192159,10652
203232,10652
205722,1372
205722,10808
205722,62170
157416,1372
157416,62170
157416,10808
153813,33886
153813,50718
153813,63538
153813,30500
209073,35846
154758,30500
154758,50718
154758,33886
154758,63538
154098,62170
154098,1372
154098,10808
192942,10808
192942,1372
192942,62170
178818,62170
178818,1372
178818,10808
186951,63510
229473,63510
191451,56696
191451,35732
183912,10652
184710,56696
184710,35732
155052,30500
155052,50718
155052,63538
155052,33886
208500,63508
208500,62944
208500,62860
208500,49888
217293,63510
213978,42132
213978,63186
188331,62860
188331,63508
188331,62944
188331,49888
210234,35846
157185,10808
157185,62170
157185,1372
230010,10652
65631,1372
65631,10808
65631,62170
239577,35732
239577,56696
185817,50274
178458,10652
61344,50274
181746,10808
181746,62170
181746,1372
186378,56696
186378,35732
88920,62944
88920,62860
88920,63508
88920,49888
211533,35732
211533,56696
252774,1370
252774,62376
221151,62376
221151,1370
60762,59822
60762,1304
228315,10652
128763,35732
128763,56696
204375,62170
204375,10808
204375,1372
161058,63510
211740,16358
201798,63510
212688,63508
212688,62944
212688,62860
212688,49888
195372,10652
186987,35732
186987,56696
242130,62376
242130,1370
222750,10652
153150,56696
153150,35732
153402,35732
153402,56696
212442,54096
184950,56696
184950,35732
205815,10652
221331,49888
221331,63508
221331,62944
221331,62860
203259,10652
217380,10652
203439,10652
209796,42132
209796,63186
212220,35846
176403,35846
164541,10652
235335,10652
222750,30500
222750,33886
222750,63538
222750,50718
154032,54096
215112,16358
165786,124
203811,62860
203811,62944
203811,63508
203811,49888
232029,54096
210633,10808
210633,1372
210633,62170
205812,10652
157854,54096
61482,54096
240939,11262
230178,62170
230178,10808
230178,1372
222159,10652
207330,63538
207330,30500
207330,33886
207330,50718
251967,1372
251967,62170
251967,10808
238611,63510
203073,63510
203082,63510
188100,54096
129204,62944
129204,63508
129204,49888
129204,62860
211473,63510
204657,124
195063,63538
195063,30500
195063,33886
195063,50718
249573,1370
249573,62376
154119,62944
154119,49888
154119,62860
154119,63508
177951,30500
177951,50718
177951,33886
177951,63538
251967,42132
251967,63186
225480,35846
203166,50718
203166,30500
203166,33886
203166,63538
208206,50718
208206,63538
208206,33886
208206,30500
253578,33886
253578,63538
153348,50718
153348,33886
253578,50718
153348,63538
253578,30500
153348,30500
249342,59394
154698,30500
154698,33886
154698,50718
154698,63538
251169,63510
163044,63510
247974,10808
247974,62170
247974,1372
247986,10652
220713,124
188730,10652
212478,62860
212478,63508
212478,62944
212478,49888
203871,16358
204780,16358
203181,16358
186378,10808
186378,62170
186378,1372
206850,35846
128526,35846
232614,124
249342,50274
234972,10808
234972,62170
234018,10808
234018,1372
234018,62170
234972,1372
230010,54096
215457,54096
186882,63510
203295,62944
201564,49888
203709,62860
203295,49888
201564,62944
201564,62860
203295,63508
203709,62944
203709,63508
203709,49888
203295,62860
201564,63508
250947,10652
65640,10808
65640,1372
65640,62170
244287,62170
244287,1372
244287,10808
156225,63510
183366,54096
206772,35846
211950,56696
211950,35732
198279,10652
184950,1372
184950,10808
184950,62170
184710,62170
184710,1372
184710,10808
227310,10652
248061,124
61305,10652
191250,10652
216564,10808
216564,62170
216564,1372
198534,10652
156063,63510
206868,1372
206868,10808
206868,62170
251721,35846
248178,35846
220713,10808
220713,1372
220713,62170
189009,35732
189009,56696
248061,62944
248061,63508
248061,62860
248061,49888
229977,63508
229977,62860
229977,49888
229977,62944
251619,1370
212748,1370
206481,1370
212748,62376
206481,62376
198522,1370
251619,62376
198522,62376
248682,35846
154560,56696
154560,35732
250782,56696
250782,35732
167652,10652
246963,62170
246963,1372
246963,10808
249342,62274
249342,59396
163131,35846
66915,63510
251619,57414
251619,62378
206481,57414
198522,62378
212748,57414
206481,62378
212748,62378
198522,57414
247260,50274
209793,59822
209793,1304
237057,10652
247956,10808
247956,62170
247956,1372
231057,59396
231057,62274
64365,63510
234018,35846
234972,35846
206670,62944
206670,49888
206670,63508
206670,62860
165786,54096
248550,16358
157185,10652
204189,63186
204189,42132
197529,35846
210120,62944
210120,63508
210120,49888
210120,62860
179496,35846
211533,33534
224931,49888
224931,63508
224931,62944
224931,62860
247983,62170
247983,10808
247983,1372
204657,16358
173667,10652
220218,10652
206304,1372
206304,62170
206304,10808
183387,10808
183387,62170
183387,1372
165726,10652
128526,50274
217782,56696
217782,35732
235335,1372
235335,10808
235335,62170
192549,63510
238032,35846
242151,35846
198882,35846
188853,10652
64365,10652
252480,63510
244971,59396
244971,62274
222669,1372
222669,10808
222669,62170
236226,56696
236226,35732
208812,63510
208794,63510
207927,54096
223728,63510
247002,57804
217782,10652
65598,50718
65598,30500
65598,63538
65598,33886
244971,11262
203775,56696
203775,35732
204375,10652
212478,59822
212478,1304
68676,10652
154758,62944
154758,62860
154758,49888
154758,63508
153867,10652
203166,10652
153756,62170
153756,1372
153756,10808
214506,35732
214506,56696
56871,63510
246042,50274
242151,59396
198882,62274
198882,59396
242151,62274
223968,62170
223968,10808
223968,1372
207330,124
216564,36720
225276,56696
225276,35732
203700,124
208518,56696
208518,35732
197676,10652
246042,30500
246042,63538
246042,50718
246042,33886
172419,62944
172419,49888
172419,62860
172419,63508
249207,10808
249207,1372
249207,62170
253683,10652
230073,35846
192627,35846
210633,63186
210633,42132
251106,63538
249687,33886
249687,63538
249687,30500
251106,33886
249687,50718
251106,50718
251106,30500
207588,49888
207588,62944
207588,62860
207588,63508
60762,50274
72918,10808
72918,62170
72918,1372
210120,16358
128538,10808
128538,1372
128538,62170
206415,1372
206415,10808
206415,62170
243408,35846
64272,62170
64272,1372
64272,10808
187806,124
153999,63510
173667,49888
173667,62944
173667,63508
173667,62860
153348,56696
253578,35732
201852,35732
201852,56696
153348,35732
253578,56696
215112,54096
190152,35846
154506,50718
154506,33886
154506,30500
154506,63538
157767,16358
163131,124
213513,10808
213513,1372
213513,62170
242439,10652
197529,10652
234093,10652
217782,62170
217782,10808
217782,1372
188961,10652
223728,50718
223728,33886
223728,30500
223728,63538
206763,33534
206514,33534
206412,33534
206484,33534
206496,33534
211641,33534
66915,33886
66915,50718
66915,30500
66915,63538
171702,62860
171702,49888
171702,62944
171702,63508
67158,10652
175878,10652
207240,35846
209799,124
156024,10652
222159,62170
222159,1372
222159,10808
200964,33886
200964,63538
200964,50718
200964,30500
230010,124
187875,16358
208794,50718
208794,33886
208812,50718
208812,30500
208794,30500
208812,63538
208812,33886
208794,63538
249207,10652
166995,10652
59700,30500
59700,33886
59700,50718
59700,63538
154167,54096
224526,62860
224526,62944
224526,63508
224526,49888
212301,10808
212301,1372
212301,62170
252210,49888
252210,62860
252210,63508
252210,62944
204480,16358
246963,42132
246963,63186
229536,62170
229536,1372
229536,10808
205815,1372
205815,62170
205815,10808
187224,63510
182556,10808
182556,1372
182556,62170
188100,16358
246150,10652
228687,62860
228687,62944
228687,63508
228687,49888
188331,124
198873,62944
198873,49888
198873,63508
198873,62860
204144,35732
204144,56696
191553,10808
191553,1372
191553,62170
220218,63538
220218,30500
220218,50718
220218,33886
231162,54096
189045,54096
215112,124
65067,10652
213978,59396
213978,62274
199044,35846
165183,56696
165183,35732
188700,124
235458,10652
204771,63508
204771,62944
204771,62860
204771,49888
188685,16358
224841,35846
221409,10652
245631,62944
245631,49888
245631,62860
245631,63508
242130,30500
242130,50718
242130,33886
242130,63538
203184,49888
203184,62860
203184,62944
203184,63508
208116,35846
187395,35732
246804,35732
187395,56696
246804,56696
154551,35732
154551,56696
187962,33534
240939,33886
240939,63538
240939,50718
240939,30500
212469,16358
204189,1304
204189,59822
253308,62170
253308,1372
253308,10808
59691,35732
59691,56696
179790,10808
179790,62170
179790,1372
217293,10652
251202,49888
251202,62860
251202,63508
251202,62944
241218,54096
207240,124
157854,35732
157854,56696
154827,124
165750,35732
165750,56696
88821,35732
88821,56696
209154,35732
209154,56696
241389,1372
241389,10808
241389,62170
227292,63508
227292,62944
227292,49888
227292,62860
153642,63508
153642,62860
153642,49888
153642,62944
192714,63538
192714,50718
192714,33886
192714,30500
223071,10652
226662,10652
71301,10652
164007,10808
164007,62170
164007,1372
181371,30500
181371,50718
181371,63538
181371,33886
156225,16358
96138,62376
96138,1370
157854,50274
242439,63510
140277,10652
220095,63510
242856,59822
242856,1304
246150,63538
246150,30500
246150,50718
246150,33886
208092,62944
208092,62860
208092,49888
208092,63508
207465,10652
72117,10808
72117,62170
72117,1372
128604,124
238536,50274
230010,62944
230010,63508
230010,62860
230010,49888
191256,62170
191256,1372
191256,10808
165045,30500
165045,33886
165045,63538
165045,50718
253557,57804
186384,62944
186384,63508
186384,49888
186384,62860
199044,49888
199044,63508
199044,62944
199044,62860
211812,10652
89013,1372
89013,10808
89013,62170
209073,10652
248292,16358
153642,54096
227292,1372
227292,62170
227292,10808
231162,16358
219048,16358
212469,33886
212469,30500
212469,63538
212469,50718
188196,10652
203775,35846
250653,10652
197286,10652
185244,124
225501,35846
206415,62944
206415,62860
206415,63508
206415,49888
179496,124
247962,54096
244479,59822
244479,1304
243408,10652
172419,16358
211140,36720
165786,16358
187962,124
221331,16358
162984,62170
162984,1372
162984,10808
64272,124
204411,62860
204411,62944
204411,63508
204411,49888
207222,63186
207222,42132
213978,59394
206304,10652
162984,35846
253335,63538
253335,33886
253335,30500
253335,50718
238068,10652
166599,10652
167316,63538
167316,33886
167316,50718
167316,30500
153888,1372
153888,10808
153888,62170
239577,63510
154098,10652
249297,10652
155100,30500
155100,33886
155100,50718
155100,63538
210234,50274
222204,62860
222204,63508
222204,62944
222204,49888
253335,56696
253335,35732
175293,49888
175293,63508
175293,62860
175293,62944
252618,124
165687,124
210876,124
187224,10652
216564,1370
216564,62376
208794,49888
208812,62860
208812,62944
208794,62860
208812,63508
208812,49888
208794,63508
208794,62944
235458,10808
235458,62170
235458,1372
246150,10808
246150,62170
246150,1372
155052,10652
210234,124
59691,10652
183213,54096
195063,35732
195063,56696
247974,35732
247974,56696
181860,62074
213513,124
178068,10652
237057,42132
237057,63186
208584,35846
157224,10652
223968,49888
223968,62860
223968,62944
223968,63508
183921,10808
183921,1372
183921,62170
211473,10652
212433,42132
212433,63186
183366,1372
183366,62170
183366,10808
231057,10808
231057,62170
231057,1372
204375,54096
242856,10652
207144,54096
153726,62170
153726,1372
153726,10808
247983,1370
247983,62376
188853,63510
213114,42132
213114,63186
217620,62944
217620,63508
217620,62860
217620,49888
207243,54096
244287,63186
244287,42132
88821,10652
165750,10652
200964,62376
200964,1370
190152,54096
67335,56696
67335,35732
190152,35732
190152,56696
214998,50274
207105,1370
207105,62376
234864,62170
234864,10808
234864,1372
217002,57414
217002,62378
72645,16358
247956,56696
247956,35732
173613,63510
237804,62860
237804,62944
237804,63508
237804,49888
67827,10652
207222,61280
203673,10652
184698,50718
184698,30500
184698,33886
184698,63538
201522,57804
128526,51974
215112,62274
215112,59396
211140,62376
211140,1370
212220,61280
176403,61280
65328,10652
69060,56696
69060,35732
222906,63508
222906,49888
222906,62860
222906,62944
195372,54096
155403,124
204144,30500
204144,63538
204144,50718
204144,33886
185244,54096
244479,56696
244479,35732
157398,10652
163131,54096
183921,62860
183921,63508
183921,62944
183921,49888
247002,35846
208053,124
248061,54096
155055,62860
155055,62944
155055,63508
155055,49888
205332,54096
220269,42132
220269,63186
207243,49888
207243,62860
207243,62944
207243,63508
187386,50274
232068,35846
221331,50274
248301,63508
248301,49888
248301,62860
248301,62944
248292,124
62817,16358
156063,10652
69060,30500
69060,33886
69060,63538
69060,50718
173667,62170
173667,10808
173667,1372
167514,56696
167514,35732
61899,54096
180195,62860
180195,49888
180195,62944
180195,63508
183450,10652
249294,62274
238263,62274
249294,59396
238263,59396
162843,35732
162843,56696
209796,35846
165045,62944
165045,62860
165045,49888
165045,63508
171702,10808
171702,1372
171702,62170
184710,57414
184710,62378
210342,62170
210342,10808
210342,1372
167514,35846
211533,124
208503,56696
208503,35732
236226,10808
236226,1372
236226,62170
212301,35846
246054,63510
206364,62376
206364,1370
228753,1372
228753,62170
228753,10808
183921,16358
65067,62170
65067,10808
65067,1372
61692,1372
61692,10808
210168,62170
210168,10808
210168,1372
61692,62170
248292,62944
248292,63508
248292,49888
248292,62860
154740,124
254118,10652
172503,1372
172503,10808
172503,62170
183213,16358
155271,63538
155271,30500
155271,50718
155271,33886
153669,49888
153669,62860
153669,62944
153669,63508
203082,10652
203073,10652
238611,10652
225699,62944
225699,62860
225699,49888
225699,63508
61305,16358
203166,16358
211476,63508
211476,62944
211476,49888
211476,62860
197529,56696
197529,35732
236226,10652
174195,62944
174195,62860
174195,63508
174195,49888
195372,16358
140277,33534
250977,10652
153756,16358
185817,124
248301,50274
252480,10652
231057,57804
252696,63508
252696,49888
252696,62860
252696,62944
194409,54096
163377,10652
204228,56696
204228,35732
247548,50718
247548,63538
247548,33886
247548,30500
251391,50274
249207,54096
206850,10808
206850,62170
206850,1372
248292,54096
65067,30500
65067,63538
65067,33886
65067,50718
208053,62944
208053,63508
208053,49888
208053,62860
204189,1370
204189,62376
204189,53386
153756,54096
176577,10652
212220,54290
176403,54290
189045,124
61482,50274
198882,1372
198882,10808
242151,62170
198882,62170
242151,1372
242151,10808
187263,62170
187263,10808
187263,1372
251121,62170
251121,10808
251121,1372
191316,1304
191316,59822
183213,35846
215457,1304
215457,59822
167514,124
164457,63508
164457,62860
164457,49888
164457,62944
209622,10652
67335,30500
67335,63538
67335,33886
67335,50718
156225,62170
156225,10808
156225,1372
65631,62860
65631,49888
65631,63508
65631,62944
154812,63538
154812,50718
154812,33886
154812,30500
181371,10652
251442,50274
211989,1372
200508,10808
211989,62170
200508,1372
211989,10808
200508,62170
183213,124
208092,1370
208092,62376
211407,63186
211407,42132
237804,50274
234972,10652
234018,10652
249573,1372
249573,62170
249573,10808
237804,54096
198801,124
205722,124
157416,124
172587,10652
176643,10652
244971,10808
244971,1372
244971,62170
165183,35846
231663,56696
234555,56696
231663,35732
234555,35732
63876,35846
203055,10652
178818,35732
178818,56696
177474,10652
192618,63510
64959,50274
163044,1372
163044,10808
163044,62170
182292,50274
183492,54096
212688,16358
248550,56696
248550,35732
206364,62944
206364,63508
206364,49888
206364,62860
206964,63186
206964,42132
191316,16358
184710,63510
157938,10652
207927,124
171702,124
253578,10652
201852,10652
72561,33886
72561,63538
72561,30500
72561,50718
72045,54096
207243,124
156063,30500
156063,50718
156063,33886
156063,63538
154698,10808
154698,62170
154698,1372
163044,62378
163044,57414
192942,54096
155055,54096
220713,54096
155016,62860
155016,63508
155016,49888
155016,62944
156225,10652
241218,59822
241218,1304
184698,63510
232068,124
179790,10652
163101,10652
249486,56696
249486,35732
206496,62170
211641,1372
206496,1372
206763,62170
211641,62170
206484,1372
206514,62170
206412,1372
206484,10808
206514,10808
206496,10808
206763,1372
206484,62170
206412,62170
211641,10808
206514,1372
206412,10808
206763,10808
217782,54096
163101,63508
163101,62944
163101,62860
163101,49888
207588,35846
237804,16358
215112,59394
206868,63186
206868,42132
210051,54096
153765,16358
72117,63186
72117,42132
207222,35846
186177,16358
163377,54096
164661,35732
164661,56696
208524,35846
242412,35846
246618,35846
206664,33534
223071,62170
223071,10808
223071,1372
163578,54096
61482,1372
61482,10808
61482,62170
188331,54096
154167,124
210978,63186
210978,42132
210627,62944
210627,49888
210627,63508
210627,62860
235335,124
140277,63510
242856,16358
188844,16358
153402,50718
153150,33886
153402,30500
153150,50718
153150,30500
153150,63538
153402,33886
153402,63538
220218,1372
220218,62170
220218,10808
186378,124
246042,62376
246042,1370
153756,124
247986,62944
247986,62860
247986,49888
247986,63508
154665,35732
154665,56696
187659,124
231459,1372
231459,10808
231459,62170
191892,59396
191892,62274
212448,57804
188787,124
209793,62378
209793,57414
196311,35846
191316,124
153726,54096
211632,35732
211632,56696
208053,16358
67335,63510
174195,50274
192618,30500
192618,33886
192618,50718
192618,63538
231102,54096
216822,11490
224631,62860
224631,49888
224631,62944
224631,63508
251967,124
237804,124
206364,35732
206364,56696
212220,48298
176403,48298
244173,50274
204375,124
212448,59394
194409,10808
194409,1372
194409,62170
248202,62274
248202,59396
231162,62944
231162,63508
231162,49888
231162,62860
204228,10652
213978,57804
238536,10808
238536,62170
238536,1372
206664,62944
206664,63508
206664,49888
206664,62860
154758,62376
154758,1370
72117,35846
182292,16358
234864,63508
234864,62944
234864,62860
234864,49888
181371,1372
181371,10808
181371,62170
207222,57804
253335,10652
188685,10808
188685,62170
188685,1372
242439,50718
242439,33886
242439,63538
242439,30500
187707,54096
153726,50718
153726,33886
153726,63538
153726,30500
156225,63538
156225,30500
156225,50718
156225,33886
212469,1304
212469,59822
212211,35846
155481,124
247548,10652
153765,124
154698,62376
154698,1370
162984,124
154041,62170
154041,1372
154041,10808
213978,51974
245046,63510
211740,62378
211740,57414
248202,63186
248202,42132
155271,10652
232614,16358
253557,35846
208116,49888
208116,62860
208116,63508
208116,62944
206646,49888
206646,63508
206646,62944
206646,62860
205332,124
195378,54096
139272,54096
155481,50720
249930,63510
164541,35732
164541,56696
88920,124
196311,54096
206670,54096
154041,10652
167652,62170
167652,10808
167652,1372
192714,35846
212892,16358
235335,54096
209154,63510
71301,54096
181746,62860
181746,62944
181746,63508
181746,49888
192627,1372
192627,62170
192627,10808
209799,50274
180195,16358
155043,54096
249486,10808
249486,1372
249486,62170
244680,16358
128526,42132
128526,63186
154476,62944
154476,63508
154476,49888
154476,62860
71301,62170
71301,10808
71301,1372
188787,50720
211344,35732
211344,56696
203700,35846
203811,16358
205188,35846
159027,35846
247548,62170
247548,10808
247548,1372
63876,42132
63876,63186
208116,33886
208116,30500
208116,50718
208116,63538
206670,62170
206670,10808
206670,1372
208341,124
203796,124
212430,16358
227295,16358
242610,1372
242610,10808
242610,62170
183912,56696
183912,35732
167514,54096
203724,10652
155271,1372
155271,62170
155271,10808
248550,33886
248550,63538
248550,30500
248550,50718
153726,62944
153726,49888
153726,63508
153726,62860
181101,50274
184710,124
237057,35846
247962,62170
247962,1372
247962,10808
153048,124
191316,42132
191316,63186
231057,59394
211749,16358
217002,63510
249342,51974
177951,10808
177951,1372
177951,62170
191316,1372
191316,62170
191316,10808
153348,10652
200964,35732
200964,56696
187962,62170
187962,1372
187962,10808
192627,124
155403,35846
96138,16358
249207,124
203082,35846
203073,35846
238611,35846
252081,35846
207339,35846
211947,35732
211947,56696
164007,16358
66879,10652
207396,10652
220713,35846
180195,124
232029,35846
216309,42132
216309,63186
210051,16358
210051,124
198534,1372
198534,10808
198534,62170
214998,16358
207339,36720
252081,36720
187386,10808
187386,62170
187386,1372
192627,49888
192627,62944
192627,62860
192627,63508
209622,63508
209622,62944
209622,62860
209622,49888
154803,124
154032,63508
154032,62944
154032,62860
154032,49888
203532,49888
203532,62860
203532,62944
203532,63508
155100,10652
212301,54096
153726,16358
191892,57804
247956,63538
247956,30500
247956,50718
247956,33886
60762,56696
60762,35732
200508,10652
230286,124
228687,50274
153756,62944
153756,62860
153756,49888
153756,63508
192714,10652
224169,124
65598,36720
203511,62170
203511,1372
203511,10808
247986,56696
247986,35732
242856,35732
242856,56696
245046,62170
245046,10808
245046,1372
229536,50274
198873,30500
198873,33886
198873,63538
198873,50718
188685,124
186987,62944
186987,62860
186987,63508
186987,49888
210234,1372
210234,62170
210234,10808
232035,35846
212448,62274
212448,59396
211047,10808
211047,62170
211047,1372
155403,16358
165183,1372
165183,10808
165183,62170
230028,62170
230028,10808
230028,1372
211476,124
229977,16358
177951,10652
212283,63508
212283,62944
212283,49888
212283,62860
206838,62860
206838,62944
253506,49888
253506,62944
253506,62860
206838,49888
253506,63508
206838,63508
166437,62944
166437,62860
166437,49888
166437,63508
238536,33886
238536,50718
238536,63538
238536,30500
209094,124
192159,62860
203232,62944
192159,62944
192159,63508
203232,49888
203232,62860
192159,49888
203232,63508
64272,63508
64272,49888
64272,62944
64272,62860
128685,30500
128685,50718
128685,33886
128685,63538
184104,16358
60864,124
69060,10652
251619,63510
198522,63510
206481,63510
212748,63510
203673,35846
204189,59394
208053,54096
210168,54096
61692,54096
192618,124
60762,62074
234156,62944
234156,62860
234156,49888
234156,63508
153726,124
207465,50274
59700,63510
216309,35846
188844,63508
188844,49888
188844,62944
188844,62860
247962,35732
247962,56696
224931,50274
231876,57414
231876,62378
251202,35846
234120,56696
234120,35732
248292,35846
187875,35846
153150,10652
153402,10652
251106,63510
249687,63510
211989,10652
248061,16358
251442,1372
251442,10808
251442,62170
157185,49888
157185,62944
157185,62860
157185,63508
191892,35846
165684,124
227973,33534
188700,10808
188700,1372
188700,62170
228687,62376
228687,1370
154770,63508
154770,62860
154770,62944
154770,49888
89013,63508
89013,62860
89013,62944
89013,49888
217494,63538
217494,50718
217494,33886
217494,30500
246963,124
204144,62860
204144,62944
204144,63508
204144,49888
128604,16358
219048,35846
228753,63508
228753,62860
228753,49888
228753,62944
204480,124
206646,1372
206646,10808
206646,62170
242130,62170
242130,10808
242130,1372
155337,62944
155337,63508
155337,49888
155337,62860
185244,62860
185244,62944
185244,63508
185244,49888
154740,16358
250782,10652
220269,35846
153642,16358
188844,124
187875,124
162843,10652
153999,63538
153999,30500
153999,33886
153999,50718
227973,62944
227973,62860
227973,49888
227973,63508
252405,62944
252405,49888
252405,63508
252405,62860
248682,54096
248205,63508
248205,49888
248205,62860
248205,62944
198873,54096
206748,16358
250782,50718
250782,63538
250782,33886
250782,30500
153402,1372
153150,1372
153150,62170
153402,62170
153402,10808
153150,10808
223968,50274
155055,16358
192549,1370
192549,62376
210234,10652
165045,62376
165045,1370
247956,10652
247983,59394
205332,16358
154098,35846
186216,124
238032,10808
238032,62170
238032,1372
154098,16358
25743,63508
25743,62860
25743,62944
25743,49888
155055,124
186882,50718
186882,33886
186882,63538
186882,30500
206637,62860
206637,49888
206637,63508
206637,62944
206448,62944
206448,63508
206448,62860
206448,49888
212211,59396
212211,62274
208209,10652
208206,124
215112,57804
178818,10652
195063,10652
165045,62170
165045,1372
165045,10808
198534,54096
72930,35846
157416,62860
157416,62944
205722,62944
205722,63508
157416,63508
205722,62860
157416,49888
205722,49888
244287,59394
154740,54096
192714,35732
192714,56696
155403,54096
248202,59394
212442,57804
206847,10652
211344,56714
211344,34092
192159,35846
203232,35846
167514,16358
203709,35846
201564,35846
203295,35846
208872,56696
208872,35732
209622,35732
209622,56696
163101,124
216948,49888
216948,62860
216948,62944
216948,63508
243390,124
229977,35846
65640,63508
65640,49888
65640,62860
65640,62944
156024,62944
156024,62860
156024,63508
156024,49888
230178,62860
230178,49888
230178,62944
230178,63508
128538,10652
230286,49888
230286,62944
230286,63508
230286,62860
213513,10652
198801,16358
188685,63508
188685,49888
188685,62944
188685,62860
154560,63538
154560,33886
154560,50718
154560,30500
212469,49888
212469,62944
212469,62860
212469,63508
183366,59822
183366,1304
238032,50274
204657,35846
209970,62170
209970,10808
209970,1372
204189,62274
204189,59396
162843,30500
162843,33886
162843,50718
162843,63538
199044,124
185817,16358
191892,59394
153765,63186
153765,42132
66915,56696
66915,35732
241350,11262
238536,42132
238536,63186
231459,62944
231459,62860
231459,49888
231459,63508
203082,56696
203082,35732
238611,56696
238611,35732
203073,35732
203073,56696
186327,62944
186327,49888
186327,63508
186327,62860
172419,35846
206664,62170
206664,10808
206664,1372
200508,35846
195372,1372
195372,62170
195372,10808
215457,50274
204771,35846
187221,124
153645,1372
153645,62170
153645,10808
203700,54096
232068,49888
232068,63508
232068,62944
232068,62860
189045,16358
154119,35846
253506,1372
253506,62170
253506,10808
206838,62170
206838,10808
206838,1372
207240,42132
207240,63186
191316,50274
211989,35846
246963,50274
203733,124
165684,62944
165684,63508
165684,49888
165684,62860
193965,62860
193965,62944
193965,63508
193965,49888
155052,1372
155052,10808
155052,62170
167316,63510
69060,35846
196845,35846
226662,63508
226662,62860
226662,49888
226662,62944
202818,62376
202818,1370
206772,63186
206772,42132
71301,62944
71301,63508
71301,49888
71301,62860
203184,124
250782,62170
250782,1372
250782,10808
210810,62860
210810,49888
210810,63508
210810,62944
203724,50274
234120,16358
244173,62860
244173,63508
244173,49888
244173,62944
157767,1372
157767,62170
157767,10808
154167,35846
208116,35732
208116,56696
206748,54290
187386,11262
206748,61280
188100,35846
212448,63186
212448,42132
247983,62274
247983,59396
191256,51316
249486,33534
204228,63538
204228,33886
204228,50718
204228,30500
209073,16358
234129,35732
234129,56696
165183,10652
196302,62376
196302,1370
206856,62376
206856,1370
72045,59396
72045,62274
220728,51974
153756,35846
215457,10808
215457,62170
215457,1372
174195,16358
185244,16358
154119,54096
248550,63510
155481,54096
192549,63508
192549,49888
192549,62860
192549,62944
211476,16358
206367,62170
210897,10808
206367,1372
253416,10808
210897,1372
253416,62170
206367,10808
210897,62170
253416,1372
129081,33534
241218,50274
238536,16358
203511,124
244158,62170
244158,10808
244158,1372
165045,50274
162984,54096
246963,10652
198552,33534
209796,50274
246054,63538
246054,33886
246054,50718
246054,30500
162843,1372
162843,62170
162843,10808
230010,35846
206637,1372
206637,10808
206448,10808
206448,1372
206448,62170
206637,62170
203274,33534
244866,33534
230028,51974
155106,16358
247260,63186
247260,42132
191316,10652
154119,50274
154869,16358
198279,16358
61899,124
154119,124
128526,57804
206418,51974
155043,62860
155043,62944
155043,63508
155043,49888
128526,62274
128526,59396
234555,16358
231663,16358
212430,124
227295,124
183366,56696
183366,35732
225501,62274
225501,59396
249486,63510
88920,16358
191247,10808
191247,1372
191247,62170
164007,62944
164007,63508
164007,62860
164007,49888
171702,54096
198279,35846
222906,50274
193965,33886
193965,63538
193965,50718
193965,30500
231459,124
228315,16358
157398,62860
157398,49888
157398,62944
157398,63508
212433,33534
209799,16358
198522,35732
251619,35732
212748,35732
206481,35732
251619,56696
212748,56696
198522,56696
206481,56696
184710,63186
184710,42132
207222,59396
207222,62274
207105,63508
207105,62860
207105,62944
207105,49888
242232,63186
238827,63186
242232,42132
238827,42132
206955,42132
206955,63186
182292,35846
204771,62170
204771,1372
204771,10808
229812,10652
206847,35846
191553,63508
191553,62944
191553,62860
191553,49888
155106,62860
155106,63508
155106,49888
155106,62944
212748,63186
198522,42132
251619,63186
206481,63186
206481,42132
251619,42132
198522,63186
212748,42132
241218,10808
241218,62170
241218,1372
154476,1372
154476,10808
154476,62170
206439,62170
206439,10808
206439,1372
174195,54096
178818,50718
178818,33886
178818,63538
178818,30500
207927,16358
244287,59396
244287,62274
163377,16358
217494,35846
64353,10808
64353,1372
64353,62170
222669,62274
222669,59396
198534,56696
198534,35732
215457,62074
249573,50274
153669,63186
153669,42132
205812,1372
205812,10808
205812,62170
203301,49888
203706,49888
203706,62860
203706,62944
203706,63508
203301,63508
203301,62944
203301,62860
206439,54096
188685,35846
249342,63186
249342,42132
195372,35846
222204,16358
155016,54096
214194,10652
208116,10652
223968,124
206481,10808
212748,1372
212748,10808
251619,62170
198522,62170
206481,1372
198522,10808
206481,62170
198522,1372
212748,62170
251619,10808
251619,1372
160029,62274
160029,59396
187263,10652
248550,10652
253308,62860
253308,62944
253308,49888
253308,63508
207243,16358
206664,54096
251967,51974
203184,10808
203184,62170
203184,1372
234120,10652
203181,35846
204780,35846
203871,35846
165183,62860
165183,63508
165183,49888
165183,62944
251391,10808
251391,62170
251391,1372
186216,16358
203055,56696
203055,35732
216564,54096
203736,124
215112,62170
215112,10808
215112,1372
235458,62860
235458,49888
235458,63508
235458,62944
155337,16358
178458,62944
178458,63508
178458,49888
178458,62860
66879,1372
66879,62170
66879,10808
204228,50274
61344,3382
89013,54096
208545,35846
244680,35846
247260,10652
209094,54096
154758,10808
154758,62170
154758,1372
192549,30500
192549,33886
192549,63538
192549,50718
210897,62860
253416,62860
210897,63508
253416,62944
210897,62944
253416,63508
206367,49888
253416,49888
206367,62860
206367,62944
210897,49888
206367,63508
139272,63186
195378,63186
195378,42132
139272,42132
184710,33534
71301,124
64353,16358
204144,10652
242610,54096
248202,48298
211047,10652
222204,124
251619,54096
206481,54096
198522,54096
212748,54096
211476,50274
202818,50274
187962,63186
187962,42132
249342,10652
251169,10652
219231,35732
219231,56696
212433,10652
163044,124
248871,35732
248871,56696
236766,56696
236766,35732
128526,48298
251169,35846
206673,42132
206673,63186
88920,35846
249159,35732
249159,56696
208206,54096
208872,10652
230286,54096
60864,63186
60864,42132
153726,35846
202818,30500
202818,50718
202818,63538
202818,33886
60762,62170
60762,1372
60762,10808
207129,1372
207129,10808
250749,1372
207129,62170
250749,62170
249216,10808
250749,10808
249216,1372
249216,62170
187659,16358
60762,42132
60762,63186
162795,124
129081,124
191256,50274
206646,54096
183366,10652
206418,35846
209094,16358
197286,50274
250653,50274
251967,10652
203820,124
187659,59396
187659,62274
249513,63508
249513,49888
249513,62944
249513,62860
211950,10652
248373,10652
224169,54096
201798,33534
211140,54096
65328,63508
65328,62860
65328,49888
65328,62944
154119,16358
184509,62860
184509,63508
184509,49888
184509,62944
210342,63508
210342,62944
210342,49888
210342,62860
220218,63508
220218,49888
220218,62944
220218,62860
56871,16358
68676,54096
208518,10652
172419,50274
237804,35846
210816,63508
210816,62860
210816,62944
210816,49888
188844,35846
208758,35732
208758,56696
253935,35732
253935,56696
209094,35846
230286,35846
61344,33534
154167,16358
230286,16358
72930,62274
72930,59396
208116,33534
213513,42132
213513,63186
234555,10652
231663,10652
156225,35846
207084,10808
207084,62170
207084,1372
195378,35846
139272,35846
211641,63510
206514,63510
206496,63510
206763,63510
206484,63510
206412,63510
206850,49888
206850,62860
206850,62944
206850,63508
236775,56696
230331,56696
236775,35732
230331,35732
208092,50274
247983,63186
247983,42132
163377,35846
174513,49888
174513,62944
174513,62860
174513,63508
234129,62376
234129,1370
190152,1372
190152,10808
190152,62170
128604,54096
210234,63186
210234,42132
171702,33534
71301,16358
128763,10652
164337,62860
164337,49888
164337,62944
164337,63508
62817,62274
62817,59396
203829,1372
203829,62170
203829,10808
163578,50274
163377,49888
163377,62944
163377,62860
163377,63508
214194,62170
214194,1372
214194,10808
187806,16358
153048,16358
248205,54096
212337,35846
242439,62170
242439,10808
242439,1372
249342,35846
217782,124
248550,35846
183666,63508
183666,62944
183666,49888
183666,62860
163032,35732
163032,56696
230028,50274
154869,124
203055,35846
155052,49888
155052,62944
155052,63508
155052,62860
183912,10808
183912,62170
183912,1372
184104,63508
184104,62944
184104,62860
184104,49888
213114,33534
163044,63186
163044,42132
195372,50274
191892,42132
191892,63186
246963,35846
197676,62860
197676,63508
197676,49888
197676,62944
203724,35846
222669,57804
207618,16358
153867,50274
206637,54096
206448,54096
250275,10808
250275,62170
206988,62170
206988,1372
250275,1372
206988,10808
232029,10652
251442,63186
251442,42132
206625,10808
206349,62170
206433,10808
206625,1372
206625,62170
206349,10808
206433,1372
206349,1372
206433,62170
206868,124
220728,50274
231102,62944
231102,63508
231102,62860
231102,49888
181860,59822
181860,1304
210234,51974
231057,51974
165786,35846
231102,124
211740,10652
188961,62170
188961,10808
188961,1372
203820,35846
209073,62860
209073,49888
209073,63508
209073,62944
212448,51974
232035,10808
232035,62170
232035,1372
184698,1372
184698,62170
184698,10808
216948,54096
212448,35846
210825,35846
249486,42132
249486,63186
232404,10808
206460,1372
232404,1372
206460,10808
232404,62170
206460,62170
191250,16358
187707,62274
187707,59396
174195,124
183492,124
210678,10652
227310,59396
250653,59396
197286,62274
197286,59396
227310,62274
250653,62274
249342,59822
249342,1304
235335,16358
153813,62944
153813,63508
153813,49888
153813,62860
183213,50274
206415,54096
209094,63508
209094,62860
209094,49888
209094,62944
153642,35846
230073,62274
230073,59396
188787,16358
216309,59396
216309,62274
191250,54096
157767,124
238032,51974
204480,35846
207129,49888
249216,63508
250749,63508
250749,62860
250749,49888
249216,62860
207129,62944
207129,62860
249216,49888
207129,63508
250749,62944
249216,62944
224169,16358
59700,10652
198279,1372
198279,10808
198279,62170
230028,63186
230028,42132
247962,63186
247962,42132
164661,63508
164661,49888
164661,62860
164661,62944
154827,50274
206673,33534
198801,50274
217293,1372
217293,62170
217293,10808
155100,62170
155100,1372
155100,10808
212442,10808
212442,62170
212442,1372
225501,36720
184509,50274
232614,35846
241824,62860
241824,63508
241824,62944
241824,49888
251442,35846
217380,124
203259,124
203439,124
128526,59394
182292,63508
182292,62944
182292,62860
182292,49888
210051,62860
210051,63508
210051,49888
210051,62944
204189,50274
160770,10652
220269,59396
220269,62274
207084,49888
207084,63508
207084,62944
207084,62860
212220,53386
176403,53386
215457,10652
247983,57804
196845,62170
203700,62170
196845,1372
203700,10808
196845,10808
203700,1372
204189,62170
204189,1372
204189,10808
224931,35846
207243,35846
72117,62274
72117,59396
236226,54096
188844,50274
191316,35732
191316,56696
224931,16358
187875,50274
188331,16358
203073,124
203082,124
238611,124
198801,35846
154869,35846
172503,62860
172503,62944
172503,49888
172503,63508
72645,35846
217782,50274
209994,62944
209994,62860
209994,63508
209994,49888
206418,59394
203259,49888
203439,62944
203259,62860
203439,63508
217380,62860
217380,62944
203439,62860
203439,49888
217380,63508
203259,63508
217380,49888
203259,62944
221526,35846
208572,35846
207105,56696
207105,35732
204411,54096
212748,35846
206481,35846
198522,35846
251619,35846
208788,62170
208788,1372
208788,10808
69060,49888
69060,62944
69060,63508
69060,62860
203388,35846
206496,63186
211641,42132
206484,42132
206514,63186
206412,42132
206484,63186
206514,42132
206763,63186
206496,42132
206412,63186
206763,42132
211641,63186
212688,35846
183366,62074
247974,30500
247974,33886
247974,50718
247974,63538
204243,50274
186987,35846
198801,54096
178068,10808
178068,1372
178068,62170
65067,62860
65067,62944
65067,49888
65067,63508
249342,1370
249342,62376
61824,35846
206433,62944
206349,49888
206349,62860
206349,62944
206433,49888
206349,63508
206625,62860
206625,62944
206433,63508
206433,62860
206625,63508
206625,49888
227295,35846
212430,35846
232269,50274
161058,10652
155481,59396
155481,62274
64959,1372
64959,10808
64959,62170
249930,10652
208206,62944
208206,49888
208206,62860
208206,63508
241218,62074
176577,35846
72045,124
203166,49888
61305,63508
203166,62860
203166,63508
61305,62860
203166,62944
61305,49888
61305,62944
210690,50274
208521,50274
203775,62944
203775,63508
203775,62860
203775,49888
244173,16358
207618,49888
207618,62860
207618,63508
207618,62944
154041,49888
154041,63508
154041,62860
154041,62944
165726,62944
165726,62860
165726,63508
165726,49888
154434,10808
154434,62170
154434,1372
249342,54290
206838,54096
253506,54096
203055,124
64272,54096
233091,35846
154812,16358
65598,54096
155034,16358
210000,16358
240912,10808
240912,62170
240912,1372
207339,124
252081,124
234129,54096
154740,35846
198552,1372
198552,10808
198552,62170
224931,54096
61824,1372
61824,10808
61824,62170
243408,62170
243408,10808
243408,1372
204243,16358
241218,10652
207330,54096
243408,62860
243408,62944
243408,63508
243408,49888
154665,54096
183921,35846
211476,35846
251106,35732
249687,56696
251106,56696
249687,35732
67335,10652
199044,16358
215457,35732
215457,56696
172719,16358
244971,10652
208341,63186
208341,42132
203796,63186
203796,42132
191256,54096
231663,35846
234555,35846
211140,63538
211140,50718
211140,33886
211140,30500
247260,59822
247260,1304
253578,1372
253578,62170
253578,10808
244173,124
183366,50274
244680,62860
244680,62944
244680,49888
244680,63508
61344,59396
61344,62274
153642,124
222669,54096
209154,62170
209154,10808
209154,1372
164007,35846
206418,1370
206418,62376
211632,62170
211632,10808
211632,1372
60762,16358
153813,1370
153813,62376
191250,62944
191250,63508
191250,62860
191250,49888
207144,42132
207144,63186
244479,10652
60762,124
178458,1372
178458,62170
178458,10808
128763,63508
128763,62944
128763,62860
128763,49888
183450,62170
183450,1372
183450,10808
201852,10808
201852,1372
201852,62170
220269,59394
244173,54096
249342,57804
154167,50274
248205,124
230073,42132
230073,63186
65631,16358
163101,54096
154770,54096
187974,124
180195,54096
233091,124
65640,35846
245046,63186
245046,42132
229536,54096
247983,51974
184950,49888
184950,62860
184950,62944
184950,63508
247983,35846
176577,124
187659,54096
72561,62860
72561,62944
72561,63508
72561,49888
153867,63508
153867,49888
153867,62860
153867,62944
203775,33534
241350,1372
241350,10808
241350,62170
233091,16358
154098,124
216822,42132
216822,63186
203727,62170
203727,10808
203727,1372
246054,35732
246054,56696
217620,124
191553,124
154098,33534
154812,124
209622,1372
209622,10808
209622,62170
206418,54290
249513,10652
208812,62170
208812,1372
208794,10808
208794,62170
208794,1372
208812,10808
207927,35846
187707,124
192942,42132
192942,63186
236775,10808
230331,62170
236775,62170
230331,10808
230331,1372
236775,1372
189009,10652
165183,54096
183921,124
208053,35846
221331,35846
210633,35846
245631,54096
66915,62170
66915,10808
66915,1372
212442,62274
212442,59396
162795,49888
162795,62944
162795,62860
162795,63508
222204,54096
212571,35846
189045,35846
241218,56696
241218,35732
210897,54096
206367,54096
253416,54096
61692,63186
61692,42132
210168,42132
210168,63186
184698,10652
154803,54096
161058,35846
245154,35846
155055,35846
253671,63508
253671,49888
253671,62860
253671,62944
206850,54096
187974,62860
187974,63508
187974,49888
187974,62944
209994,54096
140277,124
212469,10652
212478,54096
61482,124
153348,62170
153348,1372
153348,10808
60762,10652
247962,35846
206439,10652
157767,35846
154665,124
198873,50274
186177,59396
186177,62274
207396,10808
207396,1372
207396,62170
247956,16358
244680,124
167652,63508
167652,62860
167652,49888
167652,62944
242439,124
210051,35846
153999,35732
153999,56696
178458,50274
220095,16358
210633,50274
242130,51316
194208,62170
194208,10808
194208,1372
216948,124
244287,51974
161058,62170
161058,10808
161058,1372
68676,124
232035,50274
232404,62860
206460,62944
206460,49888
206460,62860
232404,62944
206460,63508
232404,49888
232404,63508
225276,10652
223071,62860
223071,49888
223071,62944
223071,63508
215457,124
224526,124
172719,63508
172719,62944
172719,49888
172719,62860
212442,35846
210171,62944
210171,63508
210171,49888
210171,62860
204144,62170
204144,10808
204144,1372
244173,35846
179853,11262
244680,50274
182292,124
236226,50274
250434,62944
250434,62860
250434,49888
250434,63508
174195,35846
176577,16358
65640,16358
165687,62170
165684,10808
165687,10808
165687,1372
165684,62170
165684,1372
210876,10808
210876,1372
252618,10808
252618,1372
252618,62170
210876,62170
206439,124
239577,10652
203388,63508
203388,62944
203388,49888
203388,62860
128538,54096
72561,50274
212571,50274
181860,63510
163101,62170
163101,1372
163101,10808
214506,10652
228315,35846
225480,1372
225480,62170
225480,10808
231162,35846
237057,50274
186378,63186
186378,42132
179790,35846
223728,62170
223728,1372
223728,10808
128538,62074
224931,124
59691,62074
248871,62944
236766,63508
248871,62860
236766,49888
236766,62944
236766,62860
248871,49888
248871,63508
201522,61280
207129,33534
249216,33534
250749,33534
212478,10808
212478,1372
212478,62170
248205,16358
207084,54096
65640,124
211749,35846
154803,50274
247260,62274
247260,59396
155016,124
207618,124
167316,10652
212469,56696
212469,35732
96138,42132
96138,63186
248202,54290
197529,33534
213114,124
65598,51316
192714,124
189009,10808
189009,1372
189009,62170
208788,59396
208788,62274
230010,33534
186987,124
249687,10808
249687,62170
249687,1372
251106,10808
251106,1372
251106,62170
199860,59396
229521,62274
250629,62274
66378,59396
192768,59396
59703,62274
192768,62274
253998,59396
59703,59396
250629,59396
205122,62274
203889,59396
192771,59396
192771,62274
205122,59396
223554,59396
210846,59396
210846,62274
158016,59396
223554,62274
251085,59396
229521,59396
158016,62274
251085,62274
203889,62274
253998,62274
199860,62274
205728,62274
66378,62274
205728,59396
154869,54096
203820,1372
203820,10808
203820,62170
203829,124
246042,10808
246042,1372
246042,62170
242412,10808
208524,1372
246618,62170
246618,10808
242412,1372
208524,62170
242412,62170
208524,10808
246618,1372
248061,50274
96138,50718
96138,30500
96138,63538
96138,33886
200964,62860
200964,49888
200964,63508
200964,62944
187806,59396
187806,62274
208572,50274
221526,50274
217494,49888
217494,63508
217494,62944
217494,62860
223728,63508
223728,62944
223728,49888
223728,62860
206412,16358
206514,16358
206763,16358
206496,16358
211641,16358
206484,16358
228687,62170
228687,1372
228687,10808
225501,48298
210810,124
155481,16358
252081,10652
207339,10652
220218,50274
212442,51974
178068,62860
178068,63508
178068,62944
178068,49888
188331,35846
204243,35846
206349,54096
206433,54096
206625,54096
184104,35846
207219,63508
207219,62860
207219,49888
207219,62944
154827,16358
212892,62170
212892,10808
212892,1372
63876,10652
254118,10808
254118,62170
254118,1372
231876,35732
231876,56696
56871,35846
187806,35846
215457,16358
205188,62944
205188,63508
159027,62944
159027,62860
159027,49888
205188,62860
205188,49888
159027,63508
154803,16358
253935,10808
253935,62170
253935,1372
208758,62170
208758,10808
208758,1372
162795,35846
183492,50274
188700,63186
188700,42132
209154,10652
88821,10808
165750,1372
88821,62170
165750,10808
165750,62170
88821,1372
210810,54096
247956,63508
247956,49888
247956,62860
247956,62944
162795,16358
224169,35846
167316,10808
167316,62170
167316,1372
249513,35846
217620,50274
163251,62860
163251,49888
163251,63508
163251,62944
167316,56696
167316,35732
235335,35846
249297,62170
249297,10808
249297,1372
231102,50274
238032,42132
238032,63186
248682,42132
248682,63186
153138,1372
153138,62170
153138,10808
203673,56696
203673,35732
216309,59394
217002,10652
188730,49888
188730,62860
188730,62944
188730,63508
203727,10652
197529,124
234129,50274
204780,1372
203181,62170
204780,10808
203181,1372
203181,10808
203871,1372
203871,62170
204780,62170
203871,10808
193965,56696
193965,35732
196722,124
203256,124
203271,124
208572,10808
221526,1372
208572,1372
221526,62170
208572,62170
221526,10808
206418,61348
204189,57804
176577,54096
197529,63508
197529,49888
197529,62860
197529,62944
224841,10652
163377,124
250275,49888
194208,63508
250275,63508
206988,62944
206988,63508
206988,62860
206988,49888
194208,49888
250275,62860
250275,62944
194208,62860
194208,62944
201564,10652
203295,10652
203709,10652
245154,16358
128538,50274
211812,35846
196302,35846
206856,35846
155034,35846
210000,35846
65631,35846
230178,54096
191250,35846
233091,50274
62817,35846
207588,124
236775,49888
230331,62860
230331,62944
230331,49888
236775,62944
230331,63508
236775,63508
236775,62860
234120,35846
203733,33534
221409,63508
221409,62860
221409,49888
221409,62944
208572,10652
221526,10652
204243,63508
204243,49888
204243,62944
204243,62860
240939,50274
186882,35732
186882,56696
217782,16358
154098,63508
154098,62860
154098,49888
154098,62944
209994,124
171372,16358
165726,56696
165726,35732
211407,10652
162843,49888
162843,62860
162843,62944
162843,63508
186384,54096
214998,35846
160029,62170
160029,10808
160029,1372
153765,35846
206868,10652
196311,63186
196311,42132
251121,62944
251121,49888
251121,63508
251121,62860
248061,35846
176403,51974
212220,51974
204480,42132
204480,63186
209622,33534
207144,10652
198801,62944
198801,63508
198801,62860
198801,49888
187734,62860
187734,62944
187734,49888
187734,63508
225699,1372
225699,62170
225699,10808
216822,54096
247002,62274
247002,59396
241218,124
154812,62860
154812,49888
154812,63508
154812,62944
190152,42132
190152,63186
204375,63186
204375,42132
163131,50274
192618,1372
192618,10808
192618,62170
186327,124
208206,16358
67827,62170
67827,10808
67827,1372
228315,54096
246963,62274
246963,59396
212301,10652
154812,35846
207084,33534
155043,124
208500,10652
206415,63186
206415,42132
212337,1372
212337,10808
212337,62170
154506,63508
154506,62944
154506,62860
154506,49888
162603,62170
162603,10808
162603,1372
201522,48298
223728,56696
223728,35732
186327,54096
251085,10652
205122,10652
199860,10652
203889,10652
253998,10652
205728,10652
66378,10652
192768,10652
158016,10652
229521,10652
223554,10652
192771,10652
250629,10652
210846,10652
59703,10652
155106,35846
209994,16358
204411,124
61899,62274
61899,59396
211740,62170
211740,10808
211740,1372
128538,59822
128538,1304
96138,50274
250749,54096
207129,54096
249216,54096
206367,33534
210897,33534
253416,33534
175293,124
248202,36720
180195,35846
211047,49888
211047,63508
211047,62944
211047,62860
156063,50274
206673,124
249342,124
231057,10652
177672,10808
177672,62170
177672,1372
225501,42132
225501,63186
206433,33534
206625,33534
206349,33534
241218,16358
164007,124
175293,35846
171702,42132
171702,63186
203280,33534
205905,33534
249579,33534
204717,33534
96444,33534
218061,33534
61908,33534
186987,16358
186216,35846
244971,54096
128604,35846
211989,62944
211989,63508
200508,63508
211989,62860
200508,62860
200508,62944
200508,49888
211989,49888
157224,63508
157224,49888
157224,62860
157224,62944
153048,35846
250782,62860
250782,63508
250782,49888
250782,62944
225501,50720
205332,35846
204657,42132
204657,63186
206418,1304
206418,59822
185817,35846
248202,61280
242130,11262
191451,10652
188700,62944
188700,49888
188700,63508
188700,62860
206748,3382
198279,124
65631,124
206748,50720
246618,50274
242412,50274
208524,50274
248871,10808
236766,62170
248871,62170
248871,1372
236766,1372
236766,10808
194208,33534
250275,33534
206988,33534
206670,33534
206964,124
192549,10808
192549,62170
192549,1372
155016,50274
232068,54096
250434,35846
249207,42132
249207,63186
215457,42132
215457,63186
191316,35846
187221,50274
154869,49888
154869,62860
154869,62944
154869,63508
216108,63508
216108,62944
216108,49888
216108,62860
251967,59394
224841,63508
224841,49888
224841,62944
224841,62860
206646,10652
191892,51974
240912,62860
240912,49888
240912,63508
240912,62944
218061,124
203280,124
205905,124
204717,124
249579,124
96444,124
61908,124
248178,62944
208584,62860
248178,49888
251721,62860
248178,63508
251721,49888
251721,62944
248178,62860
208584,49888
208584,63508
251721,63508
208584,62944
154770,124
211407,124
253557,59396
253557,62274
203775,124
204411,50274
207618,35846
249159,63508
249159,62944
249159,49888
249159,62860
194409,42132
194409,63186
220011,62170
220011,10808
220011,1372
223968,54096
65328,54096
191247,124
187395,124
154551,124
246804,124
187707,50720
248682,10652
179790,16358
72930,50720
155052,54096
244158,49888
244158,62860
244158,62944
244158,63508
186177,35846
164457,124
209622,124
164661,10808
164661,1372
164661,62170
160029,35846
210840,62170
210840,10808
210840,1372
235932,10808
235932,62170
235932,1372
214998,42132
214998,63186
154665,35846
184509,54096
171372,124
225480,124
212571,62170
212571,1372
212571,10808
203736,33534
175293,16358
228315,49888
228315,62860
228315,62944
228315,63508
163251,124
72930,63186
72930,42132
247260,62074
206847,54096
206847,63186
206847,42132
186216,54096
25743,124
215112,51974
153999,10808
153999,62170
153999,1372
68676,35846
72045,50720
184509,16358
162603,10652
209799,35846
193965,1370
193965,62376
241389,124
184104,124
231876,50274
212433,124
162795,54096
253308,124
154560,124
226662,56696
226662,35732
210234,16358
213978,61280
207330,62944
207330,49888
207330,62860
207330,63508
203724,62274
203724,59396
248205,50274
253335,16358
128685,35732
128685,56696
96138,11262
206964,10652
210627,54096
191553,54096
217620,54096
166437,54096
231162,50720
250947,62274
250947,59396
228315,124
193965,54096
225276,62170
225276,10808
225276,1372
192942,10652
61344,59394
183576,62944
183576,49888
183576,63508
183576,62860
224841,124
251967,62274
251967,59396
207588,1372
207588,62170
207588,10808
164337,10808
164337,1372
164337,62170
210234,57804
155481,11490
246054,10808
246054,1372
246054,62170
183213,1372
183213,62170
183213,10808
212283,50274
249297,63508
249297,62944
249297,49888
249297,62860
233091,49888
233091,62860
233091,62944
233091,63508
68676,16358
222204,35846
157938,62944
157938,49888
157938,63508
157938,62860
154098,54096
251121,16358
217494,62170
217494,1372
217494,10808
206748,33534
163251,16358
211476,54096
208521,1372
210690,1372
210690,62170
210690,10808
208521,10808
208521,62170
155043,16358
191256,60
234120,62944
234120,62860
234120,49888
234120,63508
211533,42132
211533,63186
72561,54096
153888,124
222669,59394
212211,50720
72645,62170
72645,1372
72645,10808
153867,16358
232404,54096
206460,54096
245046,33534
155337,35846
153645,62074
157854,10808
157854,1372
157854,62170
187395,54096
154551,54096
246804,54096
154506,54096
187962,54096
183363,11262
211632,10652
204771,124
219231,10808
219231,62170
219231,1372
164457,54096
250434,10808
250434,62170
250434,1372
220011,63510
154821,16358
210129,35846
153813,11262
195378,10652
139272,10652
209073,124
204243,54096
163578,124
179496,49888
179496,62860
179496,62944
179496,63508
192627,54096
155337,124
249159,1372
249159,10808
249159,62170
212448,124
72117,59394
208341,33534
203796,33534
213978,48298
128685,1372
128685,10808
128685,62170
198534,124
191553,16358
217620,16358
251391,54096
187806,50720
201798,124
220269,61280
163251,35846
206460,33534
232404,33534
203709,1372
203709,10808
203295,1372
203295,10808
201564,10808
203709,62170
201564,62170
203295,62170
201564,1372
157854,63186
157854,42132
128604,62860
128604,62944
128604,63508
128604,49888
232029,124
241218,63186
241218,42132
223968,16358
230178,124
177951,49888
177951,62860
177951,62944
177951,63508
222669,10652
210120,50274
212283,16358
166005,10808
166005,1372
166005,62170
203724,10808
203724,62170
203724,1372
211533,62170
211533,10808
211533,1372
154821,50274
185244,63538
185244,33886
185244,50718
185244,30500
209970,62944
209970,49888
209970,63508
209970,62860
253683,62170
253683,10808
253683,1372
211344,59394
155034,124
210000,124
60762,59396
60762,62274
187221,16358
64959,54096
216309,36720
191451,1372
191451,10808
191451,62170
157185,35846
210678,35846
153867,124
183363,63186
183363,42132
183213,57804
188331,59396
188331,62274
242412,10652
208524,10652
246618,10652
206850,63186
206850,42132
231876,49888
231876,62944
231876,63508
231876,62860
171372,35846
210840,33534
235932,33534
61899,16358
179790,54096
67158,35846
220728,35846
64353,35846
196311,10652
251391,11262
128685,10652
211740,63508
211740,62860
211740,49888
211740,62944
207465,63508
207465,62860
207465,62944
207465,49888
234555,62944
231663,49888
234555,62860
234555,63508
231663,62860
231663,62944
234555,49888
231663,63508
154551,63508
187395,49888
154551,62860
154551,62944
246804,62944
154551,49888
187395,63508
246804,49888
246804,62860
187395,62944
246804,63508
187395,62860
219048,62944
219048,63508
219048,62860
219048,49888
220095,35846
206637,10652
206448,10652
223071,35846
212892,35846
227310,10808
227310,62170
227310,1372
249486,54096
242610,50274
206367,10652
210897,10652
253416,10652
245046,16358
241389,35846
216822,33534
165687,63508
210876,63508
210876,62944
210876,62860
165687,62944
210876,49888
165687,49888
252618,49888
252618,62944
165687,62860
252618,63508
252618,62860
206673,10652
203145,42132
203277,42132
203277,63186
203145,63186
248013,63186
248013,42132
231057,35846
247002,63186
247002,42132
206367,124
210897,124
253416,124
128685,63510
251121,35846
201522,54290
198279,50274
220728,54096
230073,59394
187962,62860
187962,63508
187962,49888
187962,62944
173667,54096
238218,50274
201741,49888
201741,62860
201741,62944
201741,63508
246963,59394
229812,63508
229812,49888
229812,62944
229812,62860
211476,50720
166005,63508
166005,62944
166005,49888
166005,62860
224631,54096
206964,33534
183213,51974
187974,62170
187974,1372
187974,10808
203166,35846
61305,35846
253308,50274
179790,124
213114,10652
253557,63186
253557,42132
222906,54096
225501,59394
61824,124
203700,63186
203700,42132
153048,54096
155016,16358
210816,35846
210234,59396
210234,62274
249294,35846
238263,35846
206304,63508
206304,62944
206304,62860
206304,49888
187875,62944
187875,49888
187875,63508
187875,62860
205332,63186
205332,42132
186378,62860
186378,62944
186378,49888
186378,63508
217494,124
208584,10652
153888,35846
249342,61348
153645,54096
210234,59394
183387,62944
183387,63508
183387,62860
183387,49888
189045,50274
246963,51974
191892,48298
213513,33534
242856,124
224526,16358
72918,63508
72918,49888
72918,62860
72918,62944
206364,54096
154770,50274
163131,33534
165726,124
188787,35846
247956,35846
183912,63508
183912,62860
183912,49888
183912,62944
163044,54096
209073,1372
209073,10808
209073,62170
205815,62944
205815,62860
205815,63508
205815,49888
154560,54096
175878,35846
207084,124
216309,57804
195063,10808
195063,1372
195063,62170
252081,62274
252081,59396
207339,62274
207339,59396
244479,49888
244479,63508
244479,62944
244479,62860
247962,50274
203736,11490
232029,16358
245631,124
250947,35846
184509,124
206670,63186
206670,42132
211533,54096
215112,35846
203727,35846
191316,62074
198552,124
230010,63186
230010,42132
165183,124
153048,62860
153048,49888
153048,62944
153048,63508
245154,124
171372,49888
171372,62860
171372,62944
171372,63508
172719,124
203706,35846
203301,35846
224526,54096
201522,33534
206955,10652
238827,10652
242232,10652
244866,124
203274,124
206484,10652
206514,10652
206763,10652
211641,10652
206496,10652
206412,10652
191247,49888
191247,63508
191247,62860
191247,62944
242856,54096
212448,10652
154476,50274
89013,124
184710,54096
210840,62944
235932,49888
210840,63508
210840,49888
235932,63508
210840,62860
235932,62860
235932,62944
64959,50720
212469,35846
154812,54096
212442,59394
205188,10652
159027,10652
243390,16358
206772,10652
155481,32496
229536,124
206847,124
157767,54096
204243,124
206433,124
206625,124
206349,124
206988,54096
250275,54096
194208,54096
250977,16358
59700,10808
59700,62170
59700,1372
222750,62860
222750,62944
222750,63508
222750,49888
155034,63508
210000,63508
155034,62944
155034,49888
210000,49888
210000,62944
155034,62860
210000,62860
193965,54290
198873,50720
155055,50274
161208,62170
161208,1372
161208,10808
65640,54096
247983,124
217782,35846
72918,35846
230028,33534
251202,10652
190152,10652
208341,62274
203796,62274
208341,59396
203796,59396
230028,10652
207927,50274
211812,16358
224841,62170
224841,1372
224841,10808
212211,42132
212211,63186
206418,54096
206418,57804
227973,124
64959,62274
64959,59396
154803,35846
251967,57804
164541,16358
154560,63508
154560,49888
154560,62860
154560,62944
154770,16358
212442,10652
153645,50274
210810,35846
211344,62376
211344,1370
165726,35846
250977,63508
250977,49888
250977,62944
250977,62860
187659,50720
154803,62860
154803,62944
154803,63508
154803,49888
202818,11262
246150,49888
246150,63508
246150,62944
246150,62860
188787,59396
188787,62274
219048,50274
210342,11490
183492,16358
212301,33534
241824,35846
242571,10652
243408,124
162843,50274
248205,35846
208872,1372
208872,10808
208872,62170
251967,16358
212283,35846
154869,50274
206415,10652
247260,124
215112,61280
207084,10652
216948,35846
181101,124
60864,63508
60864,49888
60864,62944
60864,62860
231057,42132
231057,63186
155403,49888
155403,62860
155403,63508
155403,62944
223071,16358
230178,16358
178458,124
205665,35846
224526,35846
210690,35846
208521,35846
238032,10652
206460,10652
232404,10652
164457,50274
250629,35846
229521,35846
203889,35846
192771,35846
205122,35846
251085,35846
223554,35846
59703,35846
210846,35846
192768,35846
199860,35846
158016,35846
66378,35846
253998,35846
205728,35846
210633,59396
210633,62274
211749,62274
211749,59396
231102,35846
248202,53386
241389,16358
166437,124
230028,124
207144,16358
231102,16358
214506,1372
214506,10808
214506,62170
199044,54096
212442,124
206460,124
232404,124
206364,35846
190152,124
128526,50720
210690,10652
208521,10652
245046,10652
171372,54096
238032,124
226662,35846
187221,49888
187221,62860
187221,62944
187221,63508
191553,50274
206646,124
162984,63186
162984,42132
181101,54096
251967,33534
210825,63186
210825,42132
61482,62274
61482,59396
206433,10652
206349,10652
206625,10652
208092,1372
208092,10808
208092,62170
253683,49888
253683,62944
253683,63508
253683,62860
249573,11262
66915,10652
187221,54096
66879,63508
66879,62944
66879,62860
66879,49888
212430,54096
227295,54096
207618,54096
96138,1372
96138,10808
96138,62170
247548,62860
247548,49888
247548,62944
247548,63508
253557,59394
165183,42132
165183,63186
219048,124
216822,59396
216822,62274
154506,50274
56871,124
204189,3382
210978,50274
155271,49888
155271,63508
155271,62944
155271,62860
192714,33534
154740,62944
154740,62860
154740,63508
154740,49888
182556,62860
182556,49888
182556,62944
182556,63508
210810,16358
192942,16358
153888,16358
209793,56696
209793,35732
241389,62860
241389,62944
241389,49888
241389,63508
67827,62860
67827,62944
67827,63508
67827,49888
230028,57804
238032,57804
247260,16358
198873,124
251121,50274
234864,50274
232269,57804
226662,16358
244287,57804
210000,50274
155034,50274
153048,50274
60762,35846
232614,54096
191250,124
207144,124
203232,33534
192159,33534
157185,124
203796,62170
208341,1372
208341,10808
203796,10808
208341,62170
203796,1372
252696,124
247002,36720
172419,42132
172419,63186
251169,62170
251169,1372
251169,10808
252774,59396
221151,62274
221151,59396
252774,62274
209799,63186
209799,42132
160770,62170
160770,1372
160770,10808
72561,124
206748,52620
206418,62274
206418,59396
154812,50274
206955,124
238827,124
242232,124
252696,16358
212448,54290
72045,16358
207465,1372
207465,62170
207465,10808
214506,63508
214506,49888
214506,62944
214506,62860
210690,59396
208521,62274
210690,62274
208521,59396
237057,62274
237057,59396
227292,50720
176643,49888
172587,63508
176643,63508
176643,62944
176643,62860
172587,62944
172587,62860
172587,49888
183921,54096
179496,50274
206637,124
206448,124
89013,16358
206850,10652
231057,124
179790,49888
179790,62944
179790,63508
179790,62860
164541,35846
154770,35846
183366,42132
183366,63186
247983,10652
209994,35846
201522,3382
172719,54096
153888,63508
153888,49888
153888,62860
153888,62944
251121,124
242130,50274
209976,1372
209976,10808
209976,62170
210120,35846
183450,62944
183450,49888
183450,63508
183450,62860
207144,33534
154665,16358
210171,35846
205722,54096
157416,54096
248682,33534
235458,54096
247260,35732
247260,56696
153813,1372
153813,62170
153813,10808
207222,50720
247260,36720
213114,16358
155106,124
216108,10808
216108,1372
216108,62170
155481,35846
183921,50274
252618,42132
165684,42132
165684,63186
165687,42132
165687,63186
210876,42132
210876,63186
252618,63186
212448,61280
247956,54096
72918,50274
216309,61280
187659,35846
244287,61280
183666,54096
191892,61280
205812,35846
242610,10652
71301,35846
212220,50720
176403,50720
220011,50718
220011,33886
220011,30500
220011,63538
252081,16358
207339,16358
166437,16358
206439,63186
206439,42132
189009,63508
189009,62860
189009,62944
189009,49888
208206,50274
154821,35846
247974,124
210234,33534
172587,35846
176643,35846
161208,35846
177474,124
192942,33534
211740,124
187707,16358
186882,10808
186882,1372
186882,62170
205665,10652
222906,50720
206664,63186
206664,42132
153402,62944
153402,63508
153150,49888
153402,62860
153150,62860
153402,49888
153150,63508
153150,62944
234093,35846
206868,16358
193965,50274
72045,32496
208518,1372
208518,10808
208518,62170
181371,49888
181371,62860
181371,62944
181371,63508
227292,124
224841,54096
183363,51316
251106,49888
249687,62944
251106,63508
249687,62860
251106,62944
251106,62860
249687,63508
249687,49888
210627,50274
203820,54096
203232,124
192159,124
183492,50720
229473,62170
186951,62170
186951,10808
229473,1372
229473,10808
186951,1372
234156,35846
223968,3382
238032,33534
212433,16358
196302,62860
196302,62944
196302,49888
206856,62860
206856,63508
206856,62944
196302,63508
206856,49888
211344,35846
64959,124
242571,50274
203532,35846
233091,54096
215112,48298
61824,50720
154560,16358
252696,35846
210234,50720
250947,10808
250947,62170
250947,1372
252405,1372
252405,10808
252405,62170
254118,62944
254118,63508
254118,49888
254118,62860
185817,42132
185817,63186
251442,59396
251442,62274
210171,1372
210171,62170
210171,10808
212283,54096
209622,42132
209622,63186
203733,63186
203733,42132
165726,62170
165726,1372
165726,10808
67158,1372
67158,10808
67158,62170
226623,62944
226623,63508
226623,49888
226623,62860
184104,54096
155337,54096
253335,63508
253335,62944
253335,49888
253335,62860
238218,50720
203796,54096
208341,54096
232035,59396
232035,62274
209793,63508
209793,62944
209793,62860
209793,49888
236226,124
205815,124
204411,35846
61305,1372
61305,10808
203166,1372
203166,62170
203166,10808
61305,62170
205332,50274
177474,35846
173667,124
184509,35846
192618,63186
192618,42132
250947,50274
253308,54096
222906,62274
222906,59396
211812,124
228753,124
192942,124
210840,54096
235932,54096
167652,54096
242130,54096
248550,33534
183387,35846
220728,62170
220728,10808
220728,1372
88821,62860
88821,49888
165750,49888
165750,63508
165750,62944
88821,62944
88821,63508
165750,62860
187395,16358
154551,16358
246804,16358
221151,10652
252774,10652
186216,49888
186216,62944
186216,62860
186216,63508
247002,59394
208545,62944
208545,63508
208545,62860
208545,49888
153645,10652
237804,42132
237804,63186
212478,50274
61908,63186
203280,63186
218061,63186
218061,42132
204717,63186
96444,42132
249579,42132
61908,42132
96444,63186
249579,63186
205905,42132
204717,42132
203280,42132
205905,63186
212220,3382
176403,3382
163032,10652
220218,54096
216948,16358
206772,124
187707,32496
186882,10652
246042,54096
253335,35846
241350,59396
241350,62274
154740,50274
178818,50274
181746,50274
246150,50274
153756,63186
153756,42132
160770,63508
160770,49888
160770,62944
160770,62860
250653,62170
197286,10808
250653,1372
250653,10808
197286,62170
197286,1372
167514,42132
167514,63186
187263,62860
187263,63508
187263,62944
187263,49888
222159,49888
222159,62944
222159,62860
222159,63508
209073,54096
226623,10652
249342,36720
153999,10652
205815,50274
246054,10652
192714,62944
192714,62860
192714,49888
192714,63508
203733,10808
203733,1372
203733,62170
175878,62170
175878,1372
175878,10808
247956,124
253935,10652
208758,10652
209094,50274
247983,54290
88920,42132
88920,63186
247974,16358
252210,10652
198534,50274
221331,63186
221331,42132
167652,124
203301,10652
203706,10652
230028,50720
25743,35846
232269,1372
232269,62170
232269,10808
212571,10652
208206,35846
242610,16358
178458,54096
203811,35846
251967,50720
245046,54096
232269,51974
212892,124
154551,63538
246804,30500
154551,50718
154551,33886
246804,33886
187395,33886
246804,63538
154551,30500
246804,50718
187395,30500
187395,63538
187395,50718
206955,33534
242232,33534
238827,33534
208503,50274
244158,35846
182292,54096
240912,124
63876,124
247002,50720
206673,16358
220095,124
220728,10652
157938,35846
244278,62944
244278,62860
244278,49888
244278,63508
209976,63508
209976,49888
209976,62860
209976,62944
247974,54096
231057,61280
128538,16358
203736,42132
203736,63186
183213,59394
207222,3382
187224,63508
187224,62860
187224,62944
187224,49888
209154,35846
184950,35846
210129,49888
210129,62860
210129,62944
210129,63508
155100,16358
177474,16358
207618,50274
209073,33534
175878,49888
175878,63508
175878,62860
175878,62944
224631,50274
210342,35846
154827,35846
158658,1372
158658,10808
158658,62170
248178,10652
251721,10652
165786,42132
165786,63186
232614,63508
232614,62944
232614,49888
232614,62860
183366,124
186327,50274
247983,61280
178818,63508
178818,49888
178818,62944
178818,62860
223782,62170
223782,1372
223782,10808
157398,54096
220095,50274
203055,63508
203055,49888
203055,62860
203055,62944
246150,54096
188844,54096
72045,35846
165750,124
88821,124
253416,16358
210897,16358
206367,16358
196845,42132
196845,63186
234156,62170
234156,1372
234156,10808
218061,10808
61908,1372
218061,62170
61908,10808
204717,10808
249579,1372
61908,62170
204717,1372
96444,1372
96444,10808
96444,62170
249579,10808
205905,1372
205905,10808
205905,62170
249579,62170
204717,62170
218061,1372
203280,10808
203280,62170
203280,1372
210840,124
235932,124
183576,1372
183576,62170
183576,10808
212301,124
222750,35846
211947,50274
153138,62860
153138,63508
153138,62944
153138,49888
203073,33534
203082,33534
238611,33534
210816,16358
193965,59396
193965,62274
253578,62860
253578,49888
253578,63508
253578,62944
157398,16358
154032,42132
154032,63186
177672,50274
238032,50720
222750,16358
167316,62944
167316,62860
167316,63508
167316,49888
249342,62170
249342,1372
249342,10808
212571,59396
212571,62274
187659,59394
208722,10652
208554,10652
214194,49888
214194,62860
214194,63508
214194,62944
225276,62860
225276,63508
225276,49888
225276,62944
63876,33534
201522,50720
154560,50274
193965,48298
205812,63508
205812,49888
205812,62860
205812,62944
211344,57414
211344,62378
167514,57804
247974,49888
247974,63508
247974,62944
247974,62860
153867,35846
198534,16358
240939,62074
201852,63508
201852,62944
201852,49888
201852,62860
186177,42132
186177,63186
212478,124
89013,35846
230073,50720
167652,16358
208209,62860
208209,62944
208209,63508
208209,49888
206514,54096
206763,54096
206412,54096
206496,54096
211641,54096
206484,54096
219231,10652
248202,50720
187875,54096
177672,62860
177672,63508
177672,49888
177672,62944
246042,11262
247962,10652
155100,63508
155100,62944
155100,62860
155100,49888
234864,11490
238536,11262
153348,62860
153348,63508
153348,62944
153348,49888
230028,59394
233970,63508
233970,62944
233970,49888
233970,62860
72045,11490
206439,16358
211950,1372
211950,62170
211950,10808
231459,54096
242610,124
249486,10652
153669,33534
62817,42132
62817,63186
242439,62944
242439,49888
242439,63508
242439,62860
163044,33534
217620,35846
191553,35846
232269,10652
72930,59394
211473,62170
211473,1372
211473,10808
206415,16358
242610,59822
242610,1304
207084,16358
228687,30500
228687,33886
228687,50718
228687,63538
177474,62860
177474,62944
177474,49888
177474,63508
64353,62860
64353,49888
64353,63508
64353,62944
249486,49888
249486,63508
249486,62860
249486,62944
64353,124
187221,35846
185817,62274
185817,59396
183213,50720
229977,50274
211947,10652
188196,62860
188196,62944
188196,63508
188196,49888
222669,124
64272,63186
64272,42132
212442,63186
212442,42132
253557,50720
235335,50274
179496,54096
211749,50720
212283,124
153726,42132
153726,63186
206850,33534
227295,63508
212430,49888
227295,49888
227295,62860
212430,63508
212430,62944
212430,62860
227295,62944
61482,16358
179853,54096
203673,62274
203673,59396
61824,54096
172503,35846
175293,54096
61899,35846
211407,33534
188685,54096
187806,63186
187806,42132
210120,42132
210120,63186
186384,124
157938,124
201798,49888
201798,62944
201798,63508
201798,62860
206625,16358
206433,16358
206349,16358
160029,50274
212337,10652
188787,42132
188787,63186
208092,10652
211047,50274
215457,35846
157224,1372
157224,10808
157224,62170
155034,54096
210000,54096
193965,124
210816,124
163251,3382
205722,33534
157416,33534
206646,16358
163101,33534
88920,50274
213978,54290
241824,1372
241824,62170
241824,10808
203328,10652
216309,50720
217293,50274
210810,50274
156024,54096
154434,16358
157767,50720
128526,61280
191892,50720
155016,35846
228753,54096
195063,49888
195063,62860
195063,62944
195063,63508
157854,62274
157854,59396
234018,16358
234972,16358
181101,16358
232269,54096
252480,1372
252480,10808
252480,62170
163377,33534
153642,33534
238611,62860
238611,63508
238611,62944
203082,62860
203082,62944
203082,63508
203073,63508
203073,62944
203073,62860
238611,49888
203073,49888
203082,49888
195372,42132
195372,63186
161058,50274
60762,59394
230028,16358
207240,33534
153645,16358
248202,51974
157938,50274
229536,50720
156024,50274
210840,10652
235932,10652
211749,42132
211749,63186
204411,16358
128538,35732
128538,56696
224631,124
162984,33534
72918,16358
238032,16358
252081,51974
207339,51974
209796,59396
209796,62274
154041,35846
206418,50274
67158,62944
67158,63508
67158,49888
67158,62860
154434,62860
154434,62944
154434,63508
154434,49888
174195,63186
174195,42132
206850,16358
183213,62274
183213,59396
65328,50274
238032,59394
203727,62860
203727,62944
203727,49888
203727,63508
186384,16358
206838,33534
253506,33534
249342,33534
199044,50274
236775,10652
230331,10652
183912,124
155052,124
208812,35732
208794,56696
208794,35732
208812,56696
165726,50274
198522,49888
212748,62860
212748,49888
212748,63508
251619,62944
198522,63508
212748,62944
251619,49888
198522,62860
251619,63508
206481,63508
251619,62860
206481,49888
206481,62860
198522,62944
206481,62944
203055,33534
206460,16358
232404,16358
227292,16358
203328,59396
203328,62274
67335,124
220728,50720
248301,50720
157185,16358
188100,63186
188100,42132
128538,63186
128538,42132
188100,50274
208518,62274
208518,59396
242130,60
208572,59396
221526,59396
208572,62274
221526,62274
164337,124
60864,54096
206637,16358
206448,16358
182556,16358
172503,124
156225,33534
191247,42132
191247,63186
229737,42132
229737,63186
208209,10808
208209,1372
208209,62170
242151,16358
198882,16358
154827,63186
154827,42132
172503,16358
181860,33886
181860,30500
181860,63538
181860,50718
194409,33534
167652,35846
157416,63186
205722,63186
157416,42132
205722,42132
216564,11262
242856,35846
238032,59396
238032,62274
211947,62170
211947,10808
211947,1372
206646,63186
206646,42132
184698,35846
210678,1372
210678,10808
210678,62170
230178,35846
196302,1372
206856,62170
196302,10808
196302,62170
206856,1372
206856,10808
252210,35846
65598,11262
181860,62170
181860,1372
181860,10808
153642,63186
153642,42132
211140,63186
211140,42132
64365,10808
64365,62170
64365,1372
206748,61348
212211,59394
68676,63508
68676,49888
68676,62944
68676,62860
197676,62170
197676,10808
197676,1372
198279,54096
244866,63186
244866,42132
203274,42132
203274,63186
65631,54096
223071,124
227292,35846
183213,42132
183213,63186
229536,59396
229536,62274
247002,48298
203388,10652
166995,49888
166995,62860
166995,62944
166995,63508
183213,33534
186882,62860
186882,62944
186882,63508
186882,49888
203301,10808
203706,10808
203301,62170
203301,1372
203706,1372
203706,62170
166599,62944
166599,49888
238068,63508
166599,62860
166599,63508
238068,62944
238068,49888
238068,62860
186384,50274
162843,54096
161208,63508
161208,62860
161208,62944
161208,49888
228687,63186
228687,42132
181746,54096
238536,54096
72645,124
242856,1372
242856,62170
242856,10808
249486,16358
238218,10808
238218,62170
238218,1372
25743,16358
183366,16358
224841,33534
176643,10808
172587,62170
172587,1372
176643,62170
176643,1372
172587,10808
245154,62860
245154,63508
245154,62944
245154,49888
153645,59822
153645,1304
156225,62860
156225,63508
156225,62944
156225,49888
244680,54096
128763,62170
128763,10808
128763,1372
129204,10652
65328,124
154041,16358
204771,54096
241218,35846
209184,62860
209184,62944
209184,63508
209184,49888
207105,50274
222750,50274
250977,50274
187806,59394
154434,35846
232614,50274
197034,33534
187734,62170
187734,10808
187734,1372
228438,62944
228438,62860
228438,49888
228438,63508
234972,63508
234018,49888
234972,49888
234018,62944
234018,62860
234018,63508
234972,62860
234972,62944
228729,10808
228729,62170
228729,1372
188730,1372
188730,10808
188730,62170
198552,62860
198552,62944
198552,49888
198552,63508
155403,50274
154506,124
210627,124
252696,54096
61899,59394
223968,35846
207105,54096
157224,35846
203145,33534
248013,33534
203277,33534
242610,62074
221331,50720
251202,62170
251202,1372
251202,10808
204780,124
203871,124
203181,124
225276,35846
206448,63186
206448,42132
206637,42132
206637,63186
248202,3382
203511,54096
154167,50720
60762,51974
235335,42132
235335,63186
230028,62274
230028,59396
232269,50720
178818,54096
183912,50274
154758,54096
155043,35846
247260,59394
208584,62170
208584,10808
208584,1372
72045,59394
157938,50720
186378,54096
186987,54096
72561,16358
213978,3382
204189,56714
204189,34092
247962,124
187974,63186
187974,42132
203796,50720
208341,50720
174513,10808
174513,1372
174513,62170
206964,16358
211740,35846
163131,42132
163131,63186
157938,16358
237804,50720
206415,33534
205815,16358
188196,16358
228753,35846
247986,35846
157398,124
209793,62376
209793,1370
185817,32496
165726,33534
211812,54096
226623,35846
157854,35846
248292,42132
248292,63186
213978,50720
196302,54096
206856,54096
166005,11490
249513,62170
249513,10808
249513,1372
69060,33534
222669,51974
68676,50274
232269,35846
208341,59394
203796,59394
153642,50274
222159,16358
210627,16358
212688,33534
187707,35846
183666,16358
186951,35846
229473,35846
220713,33534
228753,16358
223968,50720
186951,16358
229473,16358
59700,62860
59700,62944
59700,49888
59700,63508
188100,57804
253557,48298
251625,1372
251625,10808
251625,62170
225501,54290
212688,42132
212688,63186
159027,1372
159027,10808
159027,62170
205188,62170
205188,10808
205188,1372
173613,1372
173613,10808
173613,62170
163251,50274
183666,35846
206664,16358
248301,10808
248301,62170
248301,1372
203184,54096
211950,35846
195723,62170
195723,1372
195723,10808
240939,59396
240939,62274
213978,33534
206637,33534
206448,33534
183492,35846
216948,50274
206304,54096
234555,33534
231663,33534
198792,49888
198792,63508
198792,62860
198792,62944
210171,16358
229977,42132
229977,63186
67335,50274
188331,50720
155052,16358
210171,124
249486,124
164337,16358
173667,35846
167316,16358
203271,42132
196722,42132
203256,63186
203256,42132
196722,63186
203271,63186
156225,124
188961,62944
188961,49888
188961,62860
188961,63508
178458,59396
178458,62274
220269,57804
242571,1372
242571,62170
242571,10808
216822,59394
234864,35846
207927,42132
207927,63186
201741,62170
201741,10808
201741,1372
217782,59396
217782,62274
63876,16358
197286,35846
250653,35846
88821,42132
88821,63186
165750,42132
165750,63186
204375,33534
183387,16358
157938,54096
61305,124
207396,49888
207396,62860
207396,63508
207396,62944
253557,33534
198552,63186
198552,42132
206646,33534
203388,10808
203388,1372
203388,62170
212301,42132
212301,63186
200964,62378
200964,57414
64365,62860
64365,49888
64365,62944
64365,63508
164457,16358
215457,36720
65067,54096
189045,63186
189045,42132
176643,16358
172587,16358
72117,3382
240939,59822
240939,1304
217293,62944
217293,49888
217293,63508
217293,62860
211407,16358
210633,59394
215112,63186
215112,42132
231102,11490
163032,62170
163032,10808
163032,1372
198522,124
251619,124
206481,124
212748,124
253506,63186
206838,63186
253506,42132
206838,42132
204228,63508
204228,62860
204228,62944
204228,49888
157398,35846
178458,50720
253416,63186
206367,42132
206367,63186
210897,63186
253416,42132
210897,42132
234864,54096
220713,63186
220713,42132
163377,42132
163377,63186
234129,10808
234129,1372
234129,62170
216822,62170
216822,1372
216822,10808
172719,35846
240912,33534
211533,50274
153765,50274
206418,10652
161058,16358
203274,10808
244866,62170
244866,1372
244866,10808
203274,62170
203274,1372
61692,50274
210168,50274
242571,35846
241824,10652
227292,54096
206670,16358
203277,124
248013,124
203145,124
225501,61280
252081,59394
207339,59394
188853,1372
188853,10808
188853,62170
210342,50274
164661,54096
187386,54096
188100,48298
157854,36720
183213,3382
241218,36720
244278,10808
244278,1372
244278,62170
166437,35846
188196,50274
208518,35846
203166,124
244971,62074
228729,63508
228729,62860
228729,49888
228729,62944
242412,62274
246618,59396
208524,59396
242412,59396
246618,62274
208524,62274
224631,16358
198873,16358
234156,10652
184698,16358
229536,16358
210129,10652
242610,35732
242610,56696
176577,62860
176577,62944
176577,63508
176577,49888
235458,50274
160029,16358
220011,56696
220011,35732
208503,10652
206481,10652
212748,10652
198522,10652
251619,10652
208554,35846
251619,33534
198522,33534
212748,33534
206481,33534
222204,50274
250977,35846
206484,124
211641,124
206412,124
206763,124
206496,124
206514,124
234864,124
232068,59396
232068,62274
234129,35846
205812,16358
191316,62274
191316,59396
128604,50274
207396,16358
207084,42132
207084,63186
206304,50274
206418,33534
185244,35846
251442,59394
161208,16358
200964,62074
67335,54096
186384,35846
210051,33534
153138,50274
245631,16358
234129,63186
234129,42132
203532,62170
203532,1372
203532,10808
128526,54290
191316,59394
157854,59394
72117,61280
177951,50274
177951,16358
207465,62274
207465,59396
186327,16358
193965,62378
193965,57414
247962,16358
219420,10808
219420,62170
219420,1372
253308,16358
230286,50274
154167,63186
154167,42132
158658,49888
158658,62860
158658,63508
158658,62944
181746,35846
210840,16358
235932,16358
227310,35846
209622,54096
187707,59394
232029,33534
206625,63186
206433,42132
206433,63186
206625,42132
206349,42132
206349,63186
248682,16358
233970,10808
233970,1372
233970,62170
203811,1372
203811,10808
203811,62170
212748,50274
251619,50274
206481,50274
198522,50274
215457,59396
215457,62274
191451,49888
191451,62860
191451,62944
191451,63508
242610,42132
242610,63186
251721,1372
248178,1372
251721,62170
248178,10808
248178,62170
251721,10808
211344,63186
211344,42132
226623,62170
226623,10808
226623,1372
172503,33534
247974,50274
65598,42132
65598,63186
155106,54096
65328,16358
206670,10652
154560,35846
191316,51974
183363,16358
59700,35846
183363,62274
183363,59396
183450,124
197676,35846
140277,49888
140277,62860
140277,62944
140277,63508
229737,50274
231162,42132
231162,63186
61482,35846
209622,50274
236226,50720
251967,3382
251619,16358
206481,16358
212748,16358
198522,16358
161058,63508
161058,62944
161058,49888
161058,62860
222159,35846
229536,32496
183366,62274
183366,59396
210825,10808
210825,62170
210825,1372
243408,33534
212448,36720
243390,35846
247983,36720
248682,124
177672,124
71301,63186
71301,42132
186216,50274
250434,16358
216564,63186
216564,42132
128685,16358
183387,124
210234,3382
128538,124
188331,59394
183363,124
249342,16358
244479,62170
244479,10808
244479,1372
203511,42132
203511,63186
25743,54096
237057,59394
197034,62170
197034,10808
197034,1372
203256,1372
196722,1372
196722,62170
203271,62170
203271,10808
203271,1372
203256,62170
203256,10808
196722,10808
204228,54096
207465,11490
186177,50720
197034,63186
197034,42132
229536,35846
183366,36720
165045,11262
192627,63186
192627,42132
187386,10652
241218,62274
241218,59396
251169,49888
251169,62860
251169,62944
251169,63508
208545,10652
253506,10652
206838,10652
215112,54290
211749,59394
205815,54096
89013,50274
162603,63508
162603,62944
162603,62860
162603,49888
181860,62860
181860,62944
181860,63508
181860,49888
163578,16358
244158,16358
234129,51974
202818,10808
202818,1372
202818,62170
155100,35846
193965,59394
216564,62274
216564,59396
201522,11490
188853,63508
188853,62860
188853,49888
188853,62944
221409,10808
221409,1372
221409,62170
208500,10808
208500,1372
208500,62170
231162,62274
231162,59396
250977,124
231876,10652
249207,33534
234120,33534
238032,3382
232068,63186
232068,42132
211407,57804
163251,54096
198882,124
242151,124
234129,10652
177474,54096
201522,53386
203733,54096
185244,63186
185244,42132
250434,124
205812,124
211344,124
230028,3382
198882,54096
242151,54096
157854,3382
249930,62170
249930,10808
249930,1372
56871,49888
56871,62860
56871,63508
56871,62944
166005,54096
67764,49888
67764,63508
67764,62860
67764,62944
182556,124
210342,54096
246150,124
155055,63186
155055,42132
64959,16358
182556,50274
210627,35846
154476,54096
223782,49888
223782,63508
223782,62860
223782,62944
222669,35846
235458,124
163044,62944
163044,49888
163044,62860
163044,63508
211740,54096
211812,49888
211812,62944
211812,63508
211812,62860
207243,63186
207243,42132
164337,35846
234864,16358
174195,50720
234129,62274
234129,59396
67335,16358
250749,63186
207129,63186
207129,42132
249216,42132
249216,63186
250749,42132
224169,63186
224169,42132
207396,35846
203184,42132
203184,63186
241350,62074
183912,35846
231876,57804
190152,16358
60762,36720
236226,16358
203673,62170
203673,10808
203673,1372
186951,63508
186951,62860
186951,62944
229473,62944
229473,49888
186951,49888
229473,62860
229473,63508
203277,1372
203277,62170
203145,10808
203277,10808
203145,62170
203145,1372
248013,1372
248013,10808
248013,62170
181371,54096
228315,33534
224931,42132
224931,63186
253578,124
201852,124
153867,54096
234129,59394
209154,16358
240939,62376
240939,1370
177951,35846
191256,11262
191250,33534
253557,61280
154476,124
62817,50720
139272,124
195378,124
207105,35846
198792,62170
198792,10808
198792,1372
213978,36720
59691,59822
59691,1304
247974,35846
214506,50274
61899,50720
203736,10808
203736,1372
203736,62170
211344,50274
248871,10652
236766,10652
245154,54096
223968,57804
246042,59396
246042,62274
176577,50274
72561,35846
204189,59776
154506,16358
56871,50274
164007,54096
163578,35846
195378,33534
139272,33534
157185,54096
166995,10808
166995,62170
166995,1372
249342,3382
251625,50720
166599,10808
238068,10808
238068,1372
166599,62170
238068,62170
166599,1372
184104,33534
203811,124
167514,48298
232068,50720
156063,63508
156063,62944
156063,62860
156063,49888
248373,62170
248373,1372
248373,10808
215457,57804
154506,35846
225276,50274
96138,54096
183666,124
154476,16358
234093,1372
234093,10808
234093,62170
203736,54096
209796,39186
209796,63418
231459,63186
231459,42132
157185,50720
197034,124
212337,50274
207219,62170
207219,1372
207219,10808
247962,33534
238827,16358
206955,16358
242232,16358
249159,10652
69060,124
224931,50720
208872,35846
231102,50720
231057,54290
187263,124
174513,35846
193965,16358
157416,50274
205722,50274
61344,57804
205815,35846
167514,50274
225480,54096
181371,50274
208053,42132
208053,63186
153645,124
201522,32496
224631,35846
219420,62860
219420,63508
219420,49888
219420,62944
228687,11262
67764,62170
67764,10808
67764,1372
211473,49888
211473,62944
211473,62860
211473,63508
173667,16358
211344,54096
203820,63186
203820,42132
180195,50274
216309,48298
202818,16358
157767,50274
246804,35846
206664,10652
178458,16358
217782,63186
217782,42132
188700,54096
220728,59396
220728,62274
238263,1372
238263,10808
238263,62170
249294,62170
249294,10808
249294,1372
206748,63418
206748,39186
206418,63186
206418,42132
241389,54096
208092,59396
208092,62274
154119,42132
154119,63186
253308,35846
248061,42132
248061,63186
203532,10652
209793,57804
212301,16358
220011,10652
154698,11262
177672,16358
164457,35846
235458,16358
247002,54290
163251,50720
208722,35846
183213,32496
217293,35846
60762,57804
221331,62274
221331,59396
212478,16358
206415,124
61824,63186
61824,42132
220011,63508
220011,49888
220011,62944
220011,62860
220095,54096
56871,54096
181746,124
128685,63508
128685,62944
128685,62860
128685,49888
72930,39186
72930,63418
253671,124
195378,16358
139272,16358
205815,50720
245631,50274
248202,33534
183912,54096
232404,63186
206460,63186
232404,42132
206460,42132
191256,63186
191256,42132
207105,10652
208788,35846
182556,35846
245631,35846
174513,124
208545,10808
208545,1372
208545,62170
237804,59396
237804,62274
246963,36720
161208,124
212220,63418
176403,63418
212220,39186
176403,39186
198882,59394
242151,59394
253557,54290
250749,10652
249216,10652
207129,10652
204144,50274
153888,54096
158658,124
245046,124
165786,50274
153348,124
246150,35846
225276,16358
209154,62860
209154,63508
209154,62944
209154,49888
244971,42132
244971,63186
184950,16358
208500,16358
210978,59396
210978,62274
232035,16358
164007,50274
155106,33534
243390,50274
252480,63508
252480,49888
252480,62944
252480,62860
206772,16358
195723,50720
196311,33534
250782,54096
196311,16358
155052,35846
248373,50274
129204,35846
157854,57804
198279,59396
198279,62274
154041,124
225501,33534
212469,124
206988,10652
194208,10652
250275,10652
153813,62274
153813,59396
203388,50274
157224,16358
248202,32496
251391,16358
191256,10652
201522,36720
225480,33534
203700,59396
196845,59396
196845,62274
203700,62274
166437,50274
183666,50274
61482,42132
61482,63186
177474,50720
163131,48298
155106,50274
208116,124
204189,61280
64959,35846
61344,11490
172503,54096
205665,1372
205665,62170
205665,10808
251625,50274
153645,35732
153645,56696
154740,42132
154740,63186
242439,33534
204771,63186
204771,42132
196311,124
64353,50274
232269,62274
232269,59396
181746,16358
183912,16358
222159,11490
244287,50720
235458,35846
210129,62170
210129,1372
210129,10808
204657,50274
179853,62274
179853,59396
184509,42132
184509,63186
154098,50274
251391,42132
251391,63186
211632,62944
211632,62860
211632,49888
211632,63508
244158,124
248550,124
248061,57804
251106,10652
249687,10652
174195,62274
174195,59396
186327,35846
230073,57804
206850,124
208092,35732
208092,56696
154758,11262
210816,54096
212442,61280
188196,35846
187263,35846
244287,48298
181860,35732
181860,56696
188787,32496
248373,62274
248373,59396
204243,42132
204243,63186
154698,54096
225501,53386
72117,50720
155403,63186
155403,42132
65598,16358
222906,124
206868,33534
165183,33534
206664,124
64272,33534
212448,16358
209796,59394
253671,16358
62817,59394
153138,11490
187263,16358
206364,62170
206364,10808
206364,1372
208722,62170
208554,1372
208554,10808
208722,1372
208722,10808
208554,62170
225501,32496
186882,16358
210678,62274
210678,59396
209793,50274
187224,62170
187224,10808
187224,1372
163377,50274
206364,63186
206364,42132
154476,35846
208503,1372
208503,62170
208503,10808
188961,16358
204243,50720
251967,61280
183492,63186
183492,42132
191250,42132
191250,63186
180195,63186
180195,42132
183363,10652
253557,3382
61692,33534
210168,33534
203673,42132
203673,63186
65598,124
186987,50274
248292,50274
243390,42132
243390,63186
188961,124
207465,35846
250977,54096
192627,50274
155043,50274
164337,54096
64353,54096
153138,32496
210978,33534
188787,59394
213978,32496
157767,42132
157767,63186
247986,124
158658,16358
208503,62274
208503,59396
242610,57804
241218,57804
244971,16358
246963,61348
193965,35846
177951,124
249342,61280
249297,50274
212220,33534
176403,33534
184710,62944
184710,49888
184710,63508
184710,62860
252210,10808
252210,62170
252210,1372
203532,50274
207129,16358
250749,16358
249216,16358
251202,50274
153999,62860
153999,62944
153999,49888
153999,63508
200964,1304
200964,59822
187395,35846
154551,35846
230073,51974
251169,16358
183450,16358
191316,57804
177951,54096
194208,16358
250275,16358
206988,16358
155481,59394
241350,54096
200508,50274
228687,54096
229473,124
186951,124
249294,50274
238263,50274
210342,124
61899,63186
61899,42132
211989,50274
204144,16358
250275,63186
250275,42132
194208,42132
206988,42132
206988,63186
194208,63186
228438,1372
228438,10808
228438,62170
212892,54096
188331,42132
188331,63186
155100,50274
178068,50274
188961,35846
220095,63508
220095,49888
220095,62860
220095,62944
198873,59396
198873,62274
207588,54096
187263,54096
219048,54096
247986,62170
247986,1372
247986,10808
217782,50720
154506,50720
227292,50274
251391,10652
206847,33534
207243,50274
196845,50720
203700,50720
164541,124
129204,10808
129204,62170
129204,1372
72045,42132
72045,63186
201522,61348
244287,54290
212478,35846
215112,36720
242439,54096
210051,63186
210051,42132
72117,32496
173613,62944
173613,49888
173613,62860
173613,63508
186177,59394
206439,33534
247002,51974
239577,49888
239577,63508
239577,62944
239577,62860
225480,63186
225480,42132
222669,61280
241218,59394
239577,1372
239577,62170
239577,10808
204771,50274
210051,50274
129081,59396
129081,62274
211407,51974
210234,61280
188685,50274
164541,62274
164541,59396
207465,16358
206670,124
206748,32496
253506,16358
206838,16358
197676,16358
241350,59822
241350,1304
191892,3382
206772,33534
251442,3382
242571,62274
242571,59396
249159,50720
212442,16358
177672,35846
155100,124
209184,62170
209184,10808
209184,1372
156024,35846
203673,124
246150,50720
212688,50274
246150,16358
210168,11490
61692,11490
247962,62274
247962,59396
243408,50274
187659,57804
247002,61280
206856,33534
196302,33534
247548,54096
187707,42132
187707,63186
244971,59394
183213,54290
167514,62274
167514,59396
212442,54290
155271,54096
154032,33534
65640,33534
203295,50274
203709,50274
201564,50274
163101,42132
163101,63186
231057,36720
182292,42132
182292,63186
231459,33534
153813,54096
246963,57804
191316,36720
163032,16358
181101,35846
153645,63186
153645,42132
155043,63186
155043,42132
230073,61280
61344,32496
198873,42132
198873,63186
66879,50274
67158,16358
254118,50274
247983,16358
191256,124
72045,61280
61692,59394
210168,59394
242856,42132
242856,63186
225480,50720
204228,16358
179853,51316
204228,35846
163131,59394
156024,124
251391,124
65598,10652
208794,10652
208812,10652
234129,124
213978,53386
164661,11490
163032,35846
249573,54096
229812,62170
229812,10808
229812,1372
209094,63186
209094,42132
184509,50720
176643,124
172587,124
164541,50274
244971,124
248373,35846
222159,124
165726,42132
165726,63186
242130,10652
195372,62274
195372,59396
66915,49888
66915,62860
66915,63508
66915,62944
208518,50274
231057,16358
216564,51316
184698,63508
184698,62860
184698,49888
184698,62944
203829,42132
203829,63186
248550,63508
248550,62944
248550,62860
248550,49888
208722,50274
208554,50274
207396,50274
212448,3382
188331,61280
244287,33534
156063,16358
216822,50720
207105,124
234864,50720
179853,10652
251121,54096
178818,124
253671,50274
163251,11490
249573,10652
248202,39186
248202,63418
217293,16358
210342,16358
181101,62274
181101,59396
223782,124
156024,16358
215457,59394
225501,51974
222159,50720
245046,62944
245046,62860
245046,49888
245046,63508
182292,50720
211407,36720
244680,50720
207105,57804
155481,63186
155481,42132
192159,10808
192159,1372
192159,62170
203232,1372
203232,10808
203232,62170
212469,33534
220218,62274
220218,59396
154434,50274
128526,33534
207222,54290
153138,124
72117,36720
128604,63186
128604,42132
232035,124
229536,11490
198279,42132
198279,63186
224526,50274
252696,50274
156063,35846
182556,54096
222204,63186
222204,42132
187734,35846
211749,61280
211989,16358
187263,50274
189009,50274
153150,54096
153402,54096
175878,16358
181746,11490
209976,124
220728,63186
220728,42132
156225,54096
214506,35846
65328,35846
155481,3382
216822,32496
211407,50274
65631,33534
241218,51974
220269,50720
253578,54096
174513,16358
230028,61348
61692,59396
210168,62274
210168,59396
61692,62274
206748,48298
226662,124
189009,11490
157854,51974
64365,50274
155337,50274
184104,50274
206364,50274
244173,63186
244173,42132
183921,63186
183921,42132
244971,51316
252081,33534
207339,33534
207222,39186
207222,63418
253335,124
198873,35846
201852,54096
216309,53386
179853,59822
179853,1304
203727,50274
210810,11490
181371,124
247956,33534
222750,124
211947,59396
211947,62274
216564,124
211407,3382
248292,50720
163131,59396
163131,62274
241824,33534
203829,54096
253671,35846
214194,35846
208554,59396
208722,62274
208554,62274
208722,59396
246963,50720
181371,35846
249930,50720
176403,52620
212220,52620
156225,50274
200508,16358
244287,3382
214506,16358
153138,35846
206304,124
230286,63186
230286,42132
230286,33534
224931,62274
224931,59396
187224,50274
72930,61280
153348,16358
253578,16358
201852,16358
230073,33534
242439,63186
242439,42132
154770,50720
195372,59394
191316,3382
163032,54096
210840,42132
210840,63186
235932,42132
235932,63186
183213,61280
154119,50720
225501,3382
251967,61348
244158,50720
208758,50720
253935,50720
164661,35846
231162,3382
216564,10652
201741,50274
222669,63186
222669,42132
65598,60
210171,54096
181371,50720
187734,124
211047,54096
220728,33534
183450,54096
204144,35846
96138,59822
96138,1304
191256,16358
206304,35846
203733,11490
67335,35846
157767,59396
157767,62274
186384,50720
178818,35846
210342,50720
216564,16358
223782,16358
66915,50720
226623,50274
203724,16358
243408,54096
209994,33534
211344,62074
219420,124
231057,33534
242130,42132
242130,63186
231102,63186
231102,42132
61824,59396
61824,62274
187707,61280
249216,124
207129,124
250749,124
129204,59396
129204,62274
154821,63186
154821,42132
178818,16358
187659,42132
187659,63186
249297,124
61305,54096
240912,50274
67335,62944
67335,63508
67335,62860
67335,49888
248301,124
215457,51974
203301,50274
203706,50274
250275,124
206988,124
194208,124
251967,54290
186384,63186
186384,42132
153348,50274
178068,54096
191892,32496
205332,50720
160029,124
153138,50720
247983,3382
248205,63186
248205,42132
234120,124
61482,50720
192618,63508
192618,49888
192618,62860
192618,62944
217002,62944
217002,49888
217002,63508
217002,62860
234864,32496
210342,32496
188196,124
231162,32496
68676,42132
68676,63186
64272,50274
59700,16358
165045,54096
153138,16358
228687,16358
212283,63186
212283,42132
228315,42132
228315,63186
153348,54096
213978,11490
197676,124
62817,63418
62817,39186
220269,48298
210825,124
207588,42132
207588,63186
185817,59394
176403,32496
212220,32496
206364,51974
96444,54096
218061,54096
204717,54096
249579,54096
61908,54096
205905,54096
203280,54096
207396,124
191250,50274
203511,33534
206748,53386
154041,33534
212211,63418
212211,39186
203166,54096
191892,54290
242130,16358
220218,124
223968,32496
223728,10652
198801,63186
198801,42132
231459,50274
252774,35846
221151,35846
203256,62274
203256,59396
198534,50720
154869,63186
154869,42132
238218,124
72117,33534
154665,63186
154665,42132
187386,59822
187386,1304
210234,61348
72645,54096
234555,124
231663,124
241350,16358
193965,53386
165684,54096
252618,54096
165687,54096
210876,54096
253557,36720
230178,50274
207618,63186
207618,42132
212448,61348
210627,50720
216309,3382
129081,50720
231057,61348
178818,50720
191892,36720
157224,124
191451,35846
183363,59394
203811,54096
249930,63508
249930,62860
249930,62944
249930,49888
246054,62944
246054,62860
246054,63508
246054,49888
155100,54096
244971,35732
244971,56696
66879,35846
67158,124
154770,42132
154770,63186
163032,57804
204771,62274
204771,59396
252081,3382
207339,3382
188787,61280
206364,10652
238032,61348
183387,54096
212448,33534
225480,50274
61344,61280
153645,36720
207105,51974
234018,33534
234972,33534
188853,50274
206418,3382
204189,33534
189009,35846
234156,33534
129204,50274
247002,3382
208206,63186
208206,42132
230073,48298
157224,33534
209799,62274
209799,59396
251391,62274
251391,59396
249513,50274
182292,62274
182292,59396
89013,42132
89013,63186
203700,50274
196845,50274
231876,51974
183213,48298
237057,3382
154098,42132
154098,63186
210234,54290
66879,124
209976,16358
206838,124
253506,124
65067,50274
209793,54096
192549,51316
181371,16358
185244,50274
249297,16358
216948,42132
216948,63186
206304,16358
157398,50274
177474,50274
234093,62274
234093,59396
222669,16358
205332,62274
205332,59396
203181,54096
204780,54096
203871,54096
203871,33534
204780,33534
203181,33534
208053,33534
129081,42132
129081,63186
162603,35846
220728,59394
183912,11490
224841,42132
224841,63186
181746,32496
128538,59396
128538,62274
153756,50274
210627,63186
210627,42132
72918,124
211140,16358
203328,35846
247002,33534
154665,50274
246963,61280
251442,50720
171372,50274
205812,54096
162795,50274
208500,33534
252081,57804
207339,57804
253557,32496
251721,33534
248178,33534
225480,62274
225480,59396
231162,59394
253557,51974
162843,124
220728,54290
153669,50274
167316,124
192627,33534
183363,1304
183363,59822
247986,33534
204228,124
203328,50274
204480,50274
129081,54096
254118,16358
154434,124
172719,63186
172719,42132
187386,16358
219048,42132
219048,63186
208053,50274
239577,50720
204189,61348
246042,63186
246042,42132
179790,50274
164661,16358
211476,63186
211476,42132
187659,61280
61899,61280
215457,48298
207465,124
217380,42132
203259,63186
203439,63186
203259,42132
203439,42132
217380,63186
164661,124
179496,50720
251967,36720
230028,61280
66879,16358
208503,35846
164457,50720
206763,49888
211641,62860
206763,62860
206763,62944
206763,63508
211641,62944
206496,63508
206484,49888
211641,49888
206514,63508
206514,62860
206514,49888
206496,62944
206412,63508
206496,62860
206496,49888
206484,63508
206484,62944
206484,62860
206514,62944
206412,62860
211641,63508
206412,62944
206412,49888
220728,48298
215112,33534
247260,35846
231876,124
154167,32496
128526,32496
254118,35846
244680,33534
155337,42132
184104,63186
184104,42132
155337,63186
211740,33534
246963,3382
249573,59822
249573,1304
210633,63418
210633,39186
207222,32496
253335,10808
253335,62170
253335,1372
243408,42132
243408,63186
96138,124
157854,48298
154476,59396
154476,62274
248292,33534
216564,59394
184509,59396
184509,62274
25743,3382
244971,36720
200508,33534
158658,35846
251442,61280
154812,42132
154812,63186
222159,50274
198534,63186
198534,42132
198534,62274
198534,59396
230028,54290
61692,50720
210168,50720
253578,50274
203328,10808
203328,1372
203328,62170
237804,39186
237804,63418
161058,124
220218,16358
193965,62074
212220,11490
176403,11490
247548,35846
162795,50720
249294,16358
238263,16358
246804,50274
219420,35846
247983,61348
210633,61280
212430,42132
227295,42132
212430,63186
227295,63186
242130,124
155271,50274
201852,50274
176577,42132
176577,63186
183366,35846
188961,50720
183576,35846
203181,63186
204780,63186
203871,63186
204780,42132
203871,42132
203181,42132
154041,54096
247983,33534
166005,16358
247548,50274
252405,16358
195723,50274
186882,35846
244278,35846
163032,51974
179790,42132
179790,63186
166437,63186
166437,42132
153348,35846
207222,48298
223071,54096
61482,59394
252480,35846
211533,59396
211533,62274
65598,62074
186216,63186
186216,42132
128538,36720
163578,63186
163578,42132
155016,63186
155016,42132
179853,63186
179853,42132
252480,124
210678,16358
154698,10652
66915,50274
188100,3382
232614,3382
233091,50720
241350,10652
219048,33534
211140,124
249297,35846
231057,48298
179496,42132
179496,63186
192549,11262
203811,62274
203811,59396
237057,33534
235335,62274
235335,59396
212337,33534
183492,32496
187806,61280
156024,50720
216309,63418
216309,39186
217782,59394
222906,16358
213978,61348
215112,61348
210825,54096
155271,35846
244479,50274
221331,59394
231876,62274
231876,59396
247548,11490
162603,124
212442,33534
187974,54096
212442,36720
208788,16358
208092,54096
238032,61280
206304,50720
203511,50720
253671,54096
234129,57804
208053,50720
155052,50274
231162,57804
155271,11490
231876,1372
231876,62170
231876,10808
206418,124
182292,33534
188700,11490
60762,3382
252210,50274
250947,16358
211749,3382
212448,50720
183492,3382
61824,50274
163578,62274
163578,59396
72645,33534
183576,50720
203277,54096
248013,54096
203145,54096
220728,124
244971,59822
244971,1304
178458,35846
212283,50720
163032,124
207339,61280
252081,61280
153813,10652
177672,3382
244278,124
203274,54096
244866,54096
208524,16358
246618,16358
242412,16358
202818,10652
187386,59396
187386,62274
203724,59394
201741,50720
244158,54096
193965,51974
187386,124
199044,42132
199044,63186
72930,32496
186216,50720
198882,3382
242151,3382
209073,63186
209073,42132
226662,62170
226662,10808
226662,1372
188787,63418
188787,39186
236226,35846
248061,50720
178068,16358
195372,33534
198534,35846
187734,16358
179496,33534
220269,63418
220269,39186
224631,50720
178458,11490
247002,32496
59691,50274
234120,62170
234120,10808
234120,1372
203511,62274
203511,59396
229521,33534
253998,33534
192768,33534
250629,33534
158016,33534
251085,33534
203889,33534
210846,33534
59703,33534
205728,33534
199860,33534
205122,33534
192771,33534
223554,33534
66378,33534
236226,42132
236226,63186
204228,50720
205665,50274
214194,16358
183450,35846
248301,62274
248301,59396
162843,16358
66879,50720
212337,62274
212337,59396
206304,11490
160770,35846
188685,42132
188685,63186
154476,50720
231876,54096
210633,3382
174513,54096
165045,63186
165045,42132
154758,51316
206964,3382
186327,50720
187875,50720
246042,10652
248301,16358
189045,50720
251721,16358
248178,16358
153756,33534
153765,39186
153765,63418
253683,16358
209970,16358
209796,61280
229737,63418
229737,39186
211047,16358
128526,3382
166005,50720
154119,62274
154119,59396
66879,54096
229536,42132
229536,63186
215112,3382
199044,50720
198552,50274
163032,50274
248202,11490
249297,54096
253308,57804
203145,59396
203145,62274
203277,59396
248013,62274
203277,62274
248013,59396
220269,3382
61344,54290
187974,50274
244680,42132
244680,63186
214998,62274
214998,59396
163101,50274
203511,50274
183576,32496
211473,35846
241218,3382
188100,33534
165687,11490
252618,11490
210876,11490
165684,11490
191892,33534
205815,3382
211473,124
210633,36720
155106,63186
155106,42132
210810,42132
210810,63186
69060,62170
69060,1372
69060,10808
212442,61348
203829,59396
203829,62274
247548,124
207339,39186
207339,63418
252081,39186
252081,63418
211476,59394
208500,50274
244173,62274
244173,59396
222750,54096
166437,50720
155271,124
210678,50274
203388,33534
252210,59396
252210,62274
128526,61348
187263,50720
246963,54290
212283,59396
212283,62274
211047,35846
246042,51316
215112,50720
192159,54096
203232,54096
234864,62274
234864,59396
228729,124
210978,63418
210978,39186
185817,39186
185817,63418
153402,35846
153150,35846
65640,63186
65640,42132
222906,35846
252480,16358
183666,50720
201522,39186
201522,63418
156225,42132
156225,63186
210816,50274
202818,54096
210120,50720
183387,50720
195372,3382
228315,50274
246963,33534
153150,11490
153402,11490
187221,50720
248061,48298
219420,54096
211947,35846
166005,35846
209994,63186
209994,42132
231102,32496
187386,62074
157185,32496
250629,1372
229521,10808
210846,1372
192768,1372
59703,62170
203889,62170
66378,1372
158016,10808
158016,1372
158016,62170
66378,10808
205122,10808
192768,62170
251085,10808
192771,10808
199860,10808
199860,1372
205728,1372
229521,1372
192771,1372
251085,1372
251085,62170
192768,10808
223554,10808
59703,10808
199860,62170
203889,1372
205122,62170
253998,10808
203889,10808
192771,62170
205122,1372
59703,1372
250629,62170
229521,62170
205728,10808
223554,62170
253998,62170
210846,10808
66378,62170
223554,1372
205728,62170
210846,62170
250629,10808
253998,1372
154740,50720
246618,33534
242412,33534
208524,33534
188685,33534
154758,59396
154758,62274
128763,35846
254118,54096
67764,124
247956,42132
247956,63186
211989,33534
238218,54096
195063,124
247260,50720
181860,10652
198552,54096
175293,42132
175293,63186
219231,50720
59700,50274
253308,3382
187806,32496
238032,54290
205665,59396
205665,62274
72930,3382
153138,54096
246963,32496
67827,35846
230286,50720
223782,35846
153048,3382
204144,54096
191451,50720
247962,59394
72045,3382
203532,62274
203532,59396
209796,48298
193965,1372
193965,62170
193965,10808
197034,54096
206364,3382
188844,63186
188844,42132
203829,50274
165726,54096
183213,61348
208341,11490
203796,11490
128685,124
210234,32496
234156,54096
206418,16358
188961,54096
242130,59822
242130,1304
178458,32496
187395,50274
154551,50274
210633,51974
175293,50720
231102,3382
203388,62274
203388,59396
163578,39186
163578,63418
232269,63186
232269,42132
202818,59396
202818,62274
157185,3382
128763,50274
203256,54096
203271,54096
196722,54096
191247,54096
161058,50720
217494,54096
207105,10808
207105,1372
207105,62170
253557,53386
220728,16358
162603,16358
178458,3382
173613,124
237057,63418
237057,39186
230178,42132
230178,63186
234972,50274
234018,50274
154827,62274
154827,59396
65067,124
65328,63186
65328,42132
72645,42132
72645,63186
226623,16358
215457,3382
162843,35846
232614,50720
201741,124
166005,124
167514,36720
67764,50274
217002,50720
229977,57804
183666,42132
183666,63186
187806,3382
210825,33534
232068,59394
203871,50720
204780,50720
203181,50720
186882,11490
220218,35846
195063,16358
217494,33534
244173,50720
178068,35846
217002,62170
217002,10808
217002,1372
212301,50274
207222,51974
188730,35846
184698,50274
184698,124
204144,124
154827,63418
154827,39186
153726,33534
203829,50720
153765,59396
153765,62274
233970,35846
207927,50720
244866,62274
203274,62274
196722,59396
196722,62274
203274,59396
203271,62274
203271,59396
244866,59396
153150,124
153402,124
181746,62274
181746,59396
244287,36720
156063,50720
247986,63186
247986,42132
154821,50720
216108,124
162984,50274
214194,124
65328,50720
186882,54096
154758,63186
154758,42132
154803,42132
154803,63186
238536,1304
238536,59822
175878,124
211473,16358
187875,42132
187875,63186
204411,42132
204411,63186
65631,63186
65631,42132
154032,3382
167316,35846
188844,50720
232269,59394
223968,63186
223968,42132
235335,3382
181101,42132
181101,63186
248292,48298
181746,50720
210120,63418
210120,39186
225699,35846
89013,50720
221331,61280
207396,54096
233970,124
204657,33534
229737,3382
219420,16358
193965,57804
250782,50274
223071,50274
249342,32496
207465,54096
172587,33534
176643,33534
206868,3382
242130,62074
225699,16358
249513,16358
254118,124
236226,32496
155481,57804
250434,50720
153402,50274
153150,50274
234018,124
234972,124
184950,124
154098,50720
246618,54096
208524,54096
242412,54096
61344,51974
60762,48298
164457,3382
249294,59394
238263,59394
128604,3382
209970,35846
253683,35846
154698,51316
204657,62274
204657,59396
161058,54096
232035,54096
231162,61280
252774,50274
221151,50274
203184,50274
187707,11490
206439,3382
219420,50720
203724,124
203700,59394
186987,42132
186987,63186
247548,50720
241389,50720
243390,39186
243390,63418
210978,59394
187395,42132
154551,42132
187395,63186
154551,63186
246804,42132
246804,63186
155271,50720
213114,3382
162603,50720
220728,61348
210342,33534
164007,63186
164007,42132
205188,50274
159027,50274
208584,16358
241824,54096
241350,59394
230073,32496
154119,33534
153048,63186
153048,42132
251442,33534
224631,42132
224631,63186
204189,32496
251391,59822
251391,1304
231663,1372
231663,10808
234555,10808
234555,62170
234555,1372
231663,62170
211140,11262
61344,36720
96138,62074
216948,3382
164541,54096
206418,61280
234129,3382
203184,33534
154803,50720
211407,54290
203829,33534
203811,42132
203811,63186
62817,61280
208584,33534
186177,39186
186177,63418
207222,53386
72117,63418
72117,39186
61344,50720
162795,42132
162795,63186
251202,33534
56871,42132
56871,63186
251202,16358
225276,124
228753,50720
242610,36720
209154,50274
208341,50274
203796,50274
88920,59396
88920,62274
64959,32496
209796,50720
208518,16358
154758,62074
208092,1304
208092,59822
244158,50274
192549,54096
154821,39186
154821,63418
206673,3382
194409,3382
154506,42132
154506,63186
192618,54096
230028,32496
153888,50720
176403,61348
212220,61348
245631,63186
245631,42132
238032,32496
189009,50720
227310,16358
203184,62274
203184,59396
203733,59396
203733,62274
162843,50720
171372,63186
171372,42132
198801,50720
61305,63186
61305,42132
203166,63186
203166,42132
65640,50720
251202,62274
251202,59396
153867,50720
210810,50720
209976,35846
252405,124
249342,39186
249342,63418
180195,57804
164337,50720
203259,1372
203439,1372
203439,10808
217380,10808
217380,1372
217380,62170
203259,10808
203439,62170
203259,62170
230286,57804
179853,62074
154758,1304
154758,59822
205812,50720
161208,50720
211344,61280
217620,63186
191553,63186
217620,42132
191553,42132
227295,50720
212430,50720
67827,124
175293,50274
186987,50720
65598,59822
65598,1304
159027,33534
205188,33534
247548,16358
173613,16358
246042,16358
212478,59396
212478,62274
212442,3382
155271,16358
222159,54096
206364,124
214194,50720
188196,54096
188196,50720
229977,48298
165786,33534
179853,16358
204657,50720
208572,16358
221526,16358
206418,10808
206418,1372
206418,62170
72117,57804
247002,53386
252774,62170
221151,1372
252774,10808
221151,62170
221151,10808
252774,1372
214506,54096
203709,33534
201564,33534
203295,33534
204189,11490
163101,48298
210000,63186
210000,42132
155034,42132
155034,63186
198279,59394
154560,63186
154560,42132
187659,32496
154041,50720
249573,62074
210633,32496
189009,32496
245154,50720
173667,63186
173667,42132
140277,42132
140277,63186
60762,50720
67827,16358
160029,54096
222906,32496
206364,33534
128604,50720
65631,50720
230073,3382
129081,10808
129081,62170
129081,1372
251967,32496
237804,32496
187659,3382
233091,63186
233091,42132
72117,51974
65598,62274
65598,59396
251442,32496
65067,16358
71301,50274
66879,11490
153888,50274
159027,16358
205188,16358
253578,35846
201852,35846
201564,16358
203709,16358
203295,16358
206364,16358
188730,124
231057,3382
128685,35846
174195,39186
174195,63418
203820,33534
153150,50720
153402,50720
242610,35846
238536,10652
188331,3382
154665,62274
154665,59396
72645,50720
61824,3382
208500,124
212571,54096
96444,62274
218061,59396
249579,62274
249579,59396
96444,59396
205905,59396
218061,62274
205905,62274
203280,62274
61908,62274
203280,59396
61908,59396
204717,62274
204717,59396
248205,50720
167514,51974
240912,42132
240912,63186
201564,59396
203295,59396
201564,62274
203709,62274
203295,62274
203709,59396
192771,50274
229521,50274
59703,50274
205728,50274
192768,50274
205122,50274
210846,50274
253998,50274
223554,50274
158016,50274
66378,50274
199860,50274
203889,50274
250629,50274
251085,50274
66879,32496
96138,50720
244287,53386
212448,39186
212448,63418
186177,61280
204243,62274
204243,59396
211047,50720
219048,50720
214506,124
242439,50274
164661,42132
164661,63186
207219,50274
187806,57804
203820,59396
203820,62274
72561,42132
72561,63186
153813,1304
153813,59822
225501,39186
225501,63418
65067,35846
251169,33534
206664,3382
64353,42132
64353,63186
198882,61280
242151,61280
153813,62074
227973,10808
227973,1372
227973,62170
198279,50720
251442,36720
72930,33534
209976,50720
153999,50274
217620,50720
207222,11490
140277,1372
140277,62170
140277,10808
253335,33534
172587,54096
176643,54096
210816,3382
202818,42132
202818,63186
185817,61280
228687,59822
228687,1304
61482,36720
154167,33534
61824,33534
212892,63186
212892,42132
244278,16358
167514,3382
192549,62074
197034,62274
197034,59396
241350,124
209970,124
253683,124
208500,62274
208500,59396
208545,50274
61344,63418
61344,39186
221331,3382
228729,50720
209799,63418
209799,39186
247962,51974
223968,62274
223968,59396
250977,42132
250977,63186
231876,35846
183363,60
251721,50274
208584,50274
248178,50274
186384,62274
186384,59396
208206,59396
208206,62274
178068,50720
196302,10652
206856,10652
211812,50274
153150,16358
153402,16358
203232,63186
203232,42132
192159,63186
192159,42132
153348,11490
88920,33534
211632,50274
229737,33534
238218,32496
162843,62274
162843,59396
219231,50274
232269,33534
208116,42132
208116,63186
154758,10652
155052,63186
155052,42132
224631,62274
224631,59396
157398,63186
157398,42132
209994,50274
203736,62274
203736,59396
211812,50720
220728,3382
237057,32496
196845,59394
162603,54096
153999,54096
224526,42132
224526,63186
165045,16358
188844,62274
188844,59396
241350,63186
241350,42132
246054,50274
235458,63186
235458,42132
67827,50720
209796,3382
206955,3382
242232,3382
238827,3382
64365,35846
188853,35846
66915,54096
154758,16358
210816,33534
212211,61280
247260,61280
129081,59394
188730,54096
220218,50720
189009,54096
190152,51974
154167,62274
154167,59396
187974,11490
203727,16358
207105,63186
207105,42132
64959,42132
64959,63186
231057,63418
231057,39186
201798,10808
201798,1372
201798,62170
203301,59396
203706,62274
203301,62274
203706,59396
193965,63186
193965,42132
212211,32496
183363,62074
186951,50720
229473,50720
207105,16358
250653,16358
197286,16358
212442,48298
210825,62274
210825,59396
187386,63186
187386,42132
65067,50720
237057,61280
155481,39186
155481,63418
183576,16358
228438,124
187806,39186
187806,63418
216822,3382
204657,39186
204657,63418
210129,50274
203820,50274
188961,11490
223071,50720
64959,59394
211632,54096
253935,50274
208758,50274
234129,16358
190152,33534
189045,59396
189045,62274
207339,50720
252081,50720
214998,59394
210120,59396
210120,62274
240939,35732
240939,56696
210810,32496
154032,50720
153048,50720
242151,42132
198882,42132
198882,63186
242151,63186
222906,63186
222906,42132
211476,3382
204480,33534
164457,57804
178068,124
164337,50274
242151,33534
198882,33534
164661,50720
206670,3382
153726,50274
204771,50720
252405,35846
176577,50720
180195,50720
248061,3382
191451,16358
209622,62274
209622,59396
232614,63186
232614,42132
156063,124
180195,33534
153642,59396
153642,62274
172503,50720
212892,50720
191247,11490
222669,63418
222669,39186
213978,63418
213978,39186
242130,59396
242130,62274
212433,63418
212433,39186
205815,32496
196302,124
206856,124
217380,54096
203259,54096
203439,54096
203256,59394
60762,61280
65067,32496
62817,32496
241218,48298
229536,59394
164007,33534
175878,50720
154167,39186
154167,63418
198279,3382
211632,124
247983,63418
247983,39186
196845,3382
236226,59396
236226,62274
61344,48298
156024,63186
156024,42132
203724,3382
199044,3382
158658,50720
188787,3382
250977,50720
67158,50720
208788,50720
191316,48298
155337,33534
216309,51974
244971,39186
244971,63418
250434,54096
191892,63418
191892,39186
206856,63186
196302,42132
206856,42132
196302,63186
211533,11490
187734,54096
250782,124
210171,50720
201741,35846
188331,32496
220095,63186
220095,42132
66915,124
247983,50720
203700,33534
198522,62274
198522,59396
251619,62274
251619,59396
212748,59396
206481,59396
212748,62274
206481,62274
249294,33534
238263,33534
204144,50720
129081,11490
223782,50720
203673,54096
154869,50720
185817,11490
197676,50720
153999,124
157767,3382
188100,53386
183366,59394
214998,63418
214998,39186
163578,50720
61305,50274
203166,50274
247986,54096
157938,32496
209796,33534
157854,32496
249513,62274
249513,59396
211476,62274
211476,59396
72561,50720
166005,32496
216564,62074
229977,3382
61692,61280
210168,61280
179853,56696
179853,35732
253308,50720
237057,50720
198792,124
206772,3382
207465,50720
155106,50720
128526,63418
128526,39186
237804,59394
217782,33534
211140,59396
211140,62274
179853,124
229977,50720
156063,54096
247956,50274
225276,50720
215112,32496
203673,33534
207243,33534
163032,63186
163032,42132
163032,33534
248061,59396
248061,62274
186177,32496
233970,50720
222669,54290
89013,32496
231876,59394
72045,39186
72045,63418
165045,10652
249486,3382
240912,54096
155034,50720
210000,50720
154098,57804
203184,50720
183213,53386
167652,63186
167652,42132
238536,124
190152,50274
231102,33534
183492,62274
183492,59396
161208,54096
183363,56696
183363,35732
212571,16358
254118,50720
209793,35846
197676,54096
222204,50720
72561,59396
72561,62274
198801,3382
252696,42132
252696,63186
154434,50720
216108,50720
165786,50720
220728,32496
205332,32496
167514,54290
154812,50720
212688,50720
187707,63418
187707,39186
198792,35846
184104,50720
203820,50720
59700,124
176577,33534
61482,61280
249579,50720
61908,50720
203280,50720
204717,50720
205905,50720
218061,50720
96444,50720
232269,124
60762,32496
187224,35846
238218,16358
217002,32496
165045,1304
165045,59822
216822,50274
232035,3382
155481,61280
225699,50720
221526,33534
208572,33534
183450,50720
216564,1304
216564,59822
214194,54096
198873,32496
154758,124
63876,50274
96138,10652
228729,35846
244287,32496
208545,33534
165786,48298
183366,50720
172419,33534
184509,39186
184509,63418
153813,56696
153813,35732
183576,124
214998,50720
224169,50720
206964,63418
206964,39186
67827,54096
157224,54096
192549,59822
192549,1304
207927,59396
207927,62274
212433,3382
232029,50274
153813,16358
205332,59394
238536,50720
207105,59396
207105,62274
207588,33534
188730,16358
194208,3382
237057,36720
186882,50720
189009,124
61482,32496
154827,50720
212433,50274
210978,48298
69060,63186
69060,42132
206964,50274
206772,50274
211812,63186
211812,42132
240912,50720
248061,39186
248061,63418
212478,42132
212478,63186
187386,35732
187386,56696
233970,16358
225699,124
212430,50274
227295,50274
207084,3382
204411,50720
216948,33534
153813,124
189009,16358
212337,16358
240939,16358
251391,62074
244287,61348
241389,50274
198792,16358
174513,50720
248301,35846
212448,53386
250782,35846
247974,63186
247974,42132
212211,33534
61899,3382
201741,54096
211047,124
236226,3382
228729,50274
187707,3382
181746,42132
181746,63186
208545,16358
96138,56696
96138,35732
216309,32496
210627,62274
210627,59396
216108,16358
173613,35846
212211,3382
191316,61280
232035,59394
237057,51974
220218,63186
220218,42132
225501,11490
128538,35846
157224,50720
207618,50720
234864,33534
210897,3382
253416,3382
206367,3382
241350,56696
241350,35732
213513,3382
229977,33534
140277,54096
238218,57804
216948,50720
230286,48298
209799,59394
217293,124
128538,50720
191316,50720
245631,50720
208206,50720
191451,54096
207588,59396
207588,62274
155403,50720
212571,33534
206349,3382
206625,3382
206433,3382
242856,62274
242856,59396
183213,11490
211407,59394
210978,51974
191256,62274
191256,59396
196845,61280
244278,50720
250782,16358
219420,32496
207240,63418
207240,39186
67764,35846
244287,11490
155481,33534
245154,42132
245154,63186
204189,39186
204189,63418
243390,62274
243390,59396
64365,16358
188853,16358
191451,124
193965,61280
203724,33534
188100,59396
188100,62274
88821,54096
165750,54096
231876,33534
242856,50720
158658,54096
196311,39186
196311,63418
206955,50274
238827,50274
242232,50274
206364,57804
229737,50720
156024,62274
156024,59396
178458,59394
246054,54096
153642,50720
210342,62274
210342,59396
212688,59396
212688,62274
157854,50720
63876,39186
63876,63418
208116,10808
208116,1372
208116,62170
191316,54290
207330,11490
211749,32496
227973,63186
227973,42132
188853,50720
64365,50720
201741,16358
209073,3382
183576,11490
207144,3382
203055,54096
154032,50274
222204,59396
222204,62274
228438,50274
89013,59396
89013,62274
196845,33534
177672,54096
206772,63418
206772,39186
210978,50720
207222,33534
153669,3382
250782,11490
247260,39186
247260,63418
192549,16358
212442,50720
253557,11490
212892,50274
251442,63418
251442,39186
191892,53386
249486,50274
157938,3382
221331,32496
203871,50274
204780,50274
203181,50274
209094,50720
163131,63418
163131,39186
164541,63186
164541,42132
206868,50720
185817,3382
225480,59394
235335,50720
189045,39186
189045,63418
251967,63418
251967,39186
128526,11490
229473,54096
186951,54096
187875,59396
187875,62274
212892,62274
212892,59396
206439,50720
208092,16358
246054,50720
211344,33534
228729,16358
232269,16358
153138,3382
226662,62274
226662,59396
200508,62274
200508,59396
211476,32496
175878,50274
156024,32496
248682,39186
248682,63418
203388,16358
231057,50720
230073,39186
230073,63418
181101,39186
181101,63418
228438,35846
212478,39186
212478,63418
192549,62274
192549,59396
179790,50720
209184,35846
211989,62274
211989,59396
222669,33534
216108,35846
187734,50720
208788,124
209976,50274
154434,54096
245154,50274
185244,50720
183366,32496
163101,3382
195063,35846
204780,59396
203871,62274
204780,62274
203181,62274
203181,59396
203871,59396
155016,63418
155016,39186
207588,50274
187875,33534
162795,33534
250782,50720
209154,124
251391,56696
251391,35732
250947,124
224631,32496
188100,50720
153999,16358
163251,42132
163251,63186
195063,54096
237804,11490
238536,62274
238536,59396
180195,3382
232269,32496
229536,3382
161208,50274
61482,57804
201798,42132
201798,63186
221331,39186
221331,63418
164457,63186
164457,42132
205332,39186
205332,63418
234864,3382
59700,50720
154698,63186
154698,42132
153813,59394
246150,42132
246150,63186
186327,3382
222159,32496
211407,62274
211407,59396
211140,59394
250275,3382
206988,3382
205812,50274
155016,50720
203055,10808
203055,62170
203055,1372
231876,16358
172419,62274
172419,59396
234093,16358
206448,3382
206637,3382
237804,33534
198882,50720
242151,50720
153645,62274
153645,59396
249216,3382
250749,3382
207129,3382
172719,59396
172719,62274
212688,63418
212688,39186
178818,42132
178818,63186
154758,59394
202818,124
228315,50720
204480,39186
204480,63418
172719,50720
248202,61348
157854,61280
246042,124
246618,124
242412,124
208524,124
249573,42132
249573,63186
154698,62074
230286,3382
184509,32496
246042,1304
246042,59822
246054,124
197286,50720
250653,50720
227310,50720
215112,53386
198552,11490
211632,16358
194409,50274
155055,39186
155055,63418
224526,39186
224526,63418
186327,42132
186327,63186
211140,1304
211140,59822
249342,48298
224931,39186
224931,63418
207927,63418
207927,39186
153645,35846
185244,39186
185244,63418
165726,62274
165726,59396
242610,59396
242610,62274
206304,62274
206304,59396
217494,63186
217494,42132
188787,11490
217494,50274
128526,53386
206646,3382
249513,124
154698,59822
154698,1304
61824,32496
203733,50720
163131,61280
163131,57804
208116,59396
208116,62274
250782,32496
232404,3382
206460,3382
247983,53386
206955,39186
242232,39186
242232,63418
238827,39186
238827,63418
206955,63418
209976,54096
215457,50720
207222,36720
155337,50720
183912,59396
183912,62274
193965,63418
193965,39186
154032,48298
187962,3382
211749,39186
211749,63418
253557,63418
253557,39186
233091,33534
203727,62274
203727,59396
234129,54290
192942,3382
203724,54096
220713,63418
220713,39186
153765,50720
229977,39186
229977,63418
251967,53386
207588,50720
208500,3382
61305,62274
61305,59396
203166,62274
203166,59396
207105,3382
163251,32496
248301,32496
227292,3382
212283,33534
248373,16358
240939,62170
240939,10808
240939,1372
214998,61280
210234,53386
235932,3382
210840,3382
163131,3382
206868,51974
166005,42132
166005,63186
162984,32496
242130,56696
242130,35732
192714,1372
192714,10808
192714,62170
171702,3382
234864,63186
234864,42132
228438,50720
207465,32496
214506,50720
229521,16358
158016,16358
203889,16358
199860,16358
210846,16358
205728,16358
223554,16358
205122,16358
253998,16358
66378,16358
192771,16358
250629,16358
59703,16358
251085,16358
192768,16358
229536,63418
229536,39186
154119,59394
207219,50720
209793,51974
228753,33534
247002,11490
195378,63418
195378,39186
139272,39186
139272,63418
191553,50720
190152,3382
187224,16358
249573,16358
250434,50274
211140,57804
253671,3382
203727,33534
167316,54096
242856,50274
211407,50720
208500,54096
223968,51974
186384,39186
186384,63418
246963,48298
192714,54096
208521,16358
210690,16358
172419,63418
172419,39186
211740,63186
211740,42132
244287,63418
244287,39186
157854,54290
155100,42132
155100,63186
191892,61348
215112,39186
215112,63418
241218,50720
211140,10652
164457,63418
164457,39186
228687,10652
210234,39186
210234,63418
172419,50720
208209,35846
72918,33534
204228,42132
204228,63186
251169,124
153867,42132
153867,63186
212469,54096
230028,39186
230028,63418
61482,39186
61482,63418
229977,62274
229977,59396
195723,35846
61824,59394
251442,51974
188853,124
64365,124
61899,32496
157854,33534
247548,32496
210633,33534
223782,54096
211140,62074
247002,63418
247002,39186
155271,32496
232029,39186
232029,63418
204771,33534
212892,33534
217620,62274
217620,59396
165786,59396
165786,62274
128763,50720
253506,3382
206838,3382
210816,50720
246042,59394
220011,50720
251442,57804
203271,11490
203274,11490
196722,11490
244866,11490
203256,11490
207330,50274
160029,3382
210342,3382
160029,50720
184698,50720
228438,16358
165786,3382
211473,50720
187221,63186
187221,42132
220269,32496
183366,3382
221526,54096
208572,54096
227292,63186
227292,42132
207219,124
157185,42132
157185,63186
184698,54096
164007,50720
216309,33534
163032,48298
201852,11490
174195,59394
187221,3382
60762,54290
228687,59396
228687,62274
186882,124
196722,59394
203274,59394
244866,59394
203271,59394
208209,16358
244971,57804
251121,59396
251121,62274
154167,3382
193965,36720
203775,62170
203775,10808
203775,1372
164661,32496
196845,63418
196845,39186
156063,59396
156063,62274
173613,50720
208092,124
248292,32496
67158,50274
128763,16358
249573,124
162984,63418
162984,39186
162984,3382
232029,3382
157938,63186
157938,42132
244479,16358
72645,50274
248550,62170
248550,1372
248550,10808
206304,32496
202818,62074
211533,59394
155055,59396
155055,62274
188331,39186
188331,63418
195372,32496
249159,35846
203073,54096
203082,54096
238611,54096
228753,42132
228753,63186
182292,59394
67764,16358
220269,54290
232035,33534
154560,62274
154560,59396
207243,50720
186384,32496
230010,3382
187224,124
162843,42132
162843,63186
249159,54096
247260,57804
211950,16358
67158,54096
88920,59394
234129,61348
208092,62074
244278,50274
173613,50274
206439,51974
206304,42132
206304,63186
72645,59396
72645,62274
248178,124
251721,124
165045,62074
223071,33534
187875,32496
230028,53386
66915,16358
216822,61280
250947,50720
212469,42132
212469,63186
154167,11490
244479,35846
199044,59396
199044,62274
241389,33534
160029,59394
67827,32496
195723,124
207339,32496
252081,32496
234129,36720
154665,50720
186327,63418
186327,39186
172587,50720
176643,50720
230010,39186
230010,63418
208584,124
178458,63186
178458,42132
252480,50720
203700,3382
210342,63186
210342,42132
207465,33534
25743,50274
154119,39186
154119,63418
228687,62074
155106,62274
155106,59396
207618,33534
183921,50720
209073,50720
204480,50720
207105,59394
153999,50720
232035,50720
233091,62274
233091,59396
153867,59396
153867,62274
217782,61280
153150,32496
153402,32496
216309,54290
227292,32496
216108,54096
224169,39186
224169,63418
203295,124
201564,124
203709,124
228438,54096
154506,62274
154506,59396
195372,50720
201852,50720
164541,50720
154476,42132
154476,63186
210051,39186
210051,63418
62817,3382
163377,59396
163377,62274
234129,61280
225480,3382
231162,39186
231162,63418
220713,50274
187263,33534
153138,59396
153138,62274
173613,54096
210810,59396
210810,62274
203733,59394
153888,33534
183492,39186
183492,63418
69060,54096
253578,11490
187962,50720
203796,3382
208341,3382
206418,53386
188685,50720
154770,32496
203073,10808
203073,62170
203073,1372
230073,11490
252405,54096
192549,63186
192549,42132
228753,50274
201798,54096
194409,50720
245631,63418
245631,39186
165045,51316
238218,35846
204243,63418
204243,39186
209799,61280
188100,39186
188100,63418
154560,50720
241824,16358
166995,35846
207144,39186
207144,63418
226662,33534
212469,62274
212469,59396
197529,1372
197529,62170
197529,10808
204771,59394
210690,54096
208521,54096
155016,59396
155016,62274
188700,50274
248301,54096
206868,50274
157416,50720
205722,50720
203811,50274
231102,63418
231102,39186
172419,59394
154821,59396
154821,62274
163377,50720
191250,50720
231459,50720
234120,50274
227310,124
205665,16358
210810,3382
238536,35732
238536,56696
246042,35732
246042,56696
219420,11490
67764,50720
210810,39186
210810,63418
154821,3382
186216,3382
224931,59394
157938,33534
251202,124
129081,3382
234156,16358
212478,3382
204480,59396
204480,62274
222906,59394
214194,33534
166995,50720
153813,42132
153813,63186
157767,39186
157767,63418
72117,11490
191451,33534
204375,39186
204375,63418
159027,124
205188,124
188100,59394
204228,62274
204228,59396
224931,32496
210051,50720
229536,61280
167514,33534
248205,39186
248205,63418
247956,50720
198522,51974
212748,51974
206481,51974
251619,51974
222669,3382
212301,39186
212301,63418
235335,32496
229737,62274
229737,59396
183666,62274
183666,59396
207219,54096
154476,32496
65598,59394
166995,124
248178,3382
251721,3382
249573,35732
249573,56696
210816,11490
218061,59394
204717,59394
249579,59394
205905,59394
203280,59394
61908,59394
96444,59394
220713,48298
203724,61280
248292,62274
248292,59396
244971,3382
213114,63418
213114,39186
233970,50274
211407,63418
211407,39186
196302,16358
206856,16358
205332,11490
210051,62274
210051,59396
184509,11490
242412,3382
208524,3382
246618,3382
208518,124
244479,50720
224169,3382
238263,124
249294,124
190152,36720
247962,3382
220095,50720
174195,33534
222669,61348
159027,62274
205188,59396
159027,59396
205188,62274
224931,33534
155403,33534
210840,50720
235932,50720
72918,54096
203700,63418
203700,39186
229977,53386
165684,50274
252618,50274
210876,50274
165687,50274
208053,39186
208053,63418
211047,62274
211047,59396
253578,50720
153348,50720
207465,3382
183921,33534
203673,59394
208206,39186
208206,63418
203511,59394
207618,3382
225276,54096
210816,63186
210816,42132
216108,50274
222669,36720
177474,42132
177474,63186
249207,39186
249207,63418
241824,50720
191247,50274
222204,33534
174195,32496
211632,50720
162795,3382
207240,3382
225480,11490
210810,33534
153642,39186
153642,63418
209994,50720
211989,124
208545,59396
208545,62274
157767,59394
65067,42132
65067,63186
172419,3382
203256,50720
196722,50720
203274,50720
244866,50720
203271,50720
210978,3382
195372,61280
183912,3382
251625,124
182556,63186
182556,42132
179853,60
225699,54096
197529,54096
251169,50274
206748,11490
208872,16358
204411,59396
204411,62274
179853,59394
162984,50720
180195,48298
206664,50720
203736,59394
178068,62274
178068,59396
206670,50720
63876,3382
183450,50274
203700,61280
251121,42132
251121,63186
217782,57804
187806,33534
71301,57804
210978,32496
234156,50720
171372,50720
235335,33534
188787,57804
163251,33534
183387,50274
186177,3382
244479,54096
240939,10652
230178,59396
230178,62274
222750,42132
222750,63186
252210,16358
241218,61280
232269,3382
154698,124
212283,32496
204411,39186
204411,63418
210627,39186
210627,63418
230286,53386
238032,53386
192627,50720
207243,39186
207243,63418
249513,54096
206868,36720
72918,62274
72918,59396
204243,33534
188730,50720
212301,3382
182292,63418
182292,39186
188961,32496
224526,3382
220728,53386
194409,39186
194409,63418
210168,63418
61692,39186
61692,63418
210168,39186
205815,42132
205815,63186
238536,51316
192627,59396
192627,62274
198801,62274
198801,59396
214998,48298
192768,59394
199860,59394
223554,59394
192771,59394
210846,59394
205122,59394
253998,59394
59703,59394
158016,59394
66378,59394
250629,59394
205728,59394
251085,59394
203889,59394
229521,59394
191256,59822
191256,1304
192942,63418
192942,39186
174513,50274
212469,50720
210678,124
210129,16358
203706,16358
203301,16358
198279,33534
200508,124
241218,54290
154803,59396
154803,62274
154698,16358
210234,48298
183450,11490
209793,10808
209793,1372
209793,62170
61692,3382
210168,3382
253308,42132
253308,63186
64272,50720
242151,63418
242151,39186
198882,39186
198882,63418
242571,16358
203736,32496
166995,16358
230028,11490
233970,54096
188730,50274
206418,32496
172503,42132
172503,63186
187221,32496
246150,59396
246150,62274
207105,33534
208521,33534
210690,33534
181371,63186
181371,42132
233091,3382
210129,62274
210129,59396
210897,50720
206367,50720
253416,50720
154665,39186
154665,63418
227292,63418
227292,39186
207618,39186
207618,63418
235458,50720
249207,3382
200508,3382
201741,32496
191250,59396
191250,62274
204189,52620
227973,54096
195372,39186
195372,63418
166437,32496
211989,3382
212442,63418
212442,39186
238536,62074
246804,50720
183213,36720
157185,50274
187224,50720
206460,50720
232404,50720
64959,61280
238032,39186
238032,63418
171702,50720
179496,32496
250653,124
197286,124
25743,42132
25743,63186
186987,59396
186987,62274
214998,53386
234129,50720
155055,50720
208788,54096
212478,61280
248202,52620
89013,63418
89013,39186
212448,32496
211533,50720
171702,50274
188787,48298
244479,62274
244479,59396
208572,3382
221526,3382
210978,61280
203082,10808
238611,10808
203082,62170
238611,62170
238611,1372
203082,1372
208209,124
238218,59396
238218,62274
154740,39186
154740,63418
246963,52620
203256,50274
203184,59394
206646,50720
171702,39186
171702,63418
154167,59394
177672,62274
177672,59396
223968,48298
211473,50274
226623,124
157416,62274
157416,59396
205722,62274
205722,59396
234018,54096
234972,54096
247962,39186
247962,63418
181746,33534
248205,33534
206673,50720
61482,3382
128685,54096
72645,3382
153765,59394
67764,54096
206646,50274
215457,61280
61824,39186
61824,63418
201564,3382
203709,3382
203295,3382
212469,1372
212469,10808
212469,62170
182556,50720
88920,63418
88920,39186
246054,16358
244680,62274
244680,59396
247260,3382
156225,50720
249294,3382
238263,3382
251202,3382
234864,63418
234864,39186
248178,59396
251721,59396
208584,62274
208584,59396
251721,62274
248178,62274
244479,124
210633,50720
203709,54096
203295,54096
201564,54096
128604,39186
128604,63418
246963,39186
246963,63418
65598,57804
153756,48298
243408,50720
187263,3382
203775,54096
244680,32496
249294,50720
238263,50720
249687,35846
251106,35846
195063,50720
251625,59396
251625,62274
178068,32496
232068,39186
232068,63418
197529,63186
197529,42132
183666,32496
154032,63418
154032,39186
242412,42132
208524,63186
246618,63186
246618,42132
242412,63186
208524,42132
177951,62274
177951,59396
128763,54096
209799,50720
128538,59394
198522,59394
212748,59394
206481,59394
251619,59394
72045,33534
248061,32496
181371,62274
181371,59396
157398,50720
177951,63186
177951,42132
203439,11490
203259,11490
217380,11490
253671,50720
220269,51974
205905,11490
204717,11490
203280,11490
61908,11490
218061,11490
96444,11490
249579,11490
206364,62274
206364,59396
207465,59394
239577,32496
190152,50720
210234,36720
244971,35846
253308,63418
253308,39186
173667,50720
210129,33534
212337,3382
59700,54096
247260,51316
247974,50720
224841,3382
247002,61348
249930,32496
208092,42132
208092,63186
230286,63418
230286,39186
234972,3382
234018,3382
206439,57804
161058,63186
161058,42132
71301,48298
215457,54290
65640,50274
187962,50274
191892,11490
128763,124
241350,50720
56871,50720
154506,32496
203706,33534
203301,33534
232068,33534
230286,32496
181371,32496
248061,53386
252480,50274
220269,53386
230286,62274
230286,59396
61899,63418
61899,39186
248205,59396
248205,62274
203871,3382
203181,3382
204780,3382
165786,39186
165786,63418
252480,54096
61344,53386
65067,62274
65067,59396
250749,50720
207129,50720
249216,50720
228753,39186
228753,63418
253506,50720
206838,50720
154803,63418
154803,39186
173667,3382
167514,50720
207927,33534
211047,32496
210678,33534
165726,59394
209094,33534
213114,50274
246150,32496
195723,59396
195723,62274
71301,3382
211344,39186
211344,63418
183366,39186
183366,63418
155043,59396
155043,62274
156024,11490
154698,36720
204411,3382
154827,61280
155055,33534
129081,50274
217293,59396
217293,62274
212571,59394
204375,3382
183363,61280
187962,11490
189045,33534
188700,50720
188196,63186
188196,42132
250947,54096
211533,32496
203511,3382
251202,54096
60762,61348
60864,11490
198801,33534
226623,33534
207084,50720
195372,57804
164007,62274
164007,59396
224631,39186
224631,63418
228687,51316
154770,3382
216564,35732
216564,56696
162603,50274
67335,63186
67335,42132
154041,42132
154041,63186
234156,63186
234156,42132
195723,16358
214998,33534
236766,35846
248871,35846
197034,50274
211047,63186
211047,42132
175293,3382
209622,59394
211632,35846
61344,61348
67335,50720
252696,3382
251391,59394
203055,42132
203055,63186
206415,39186
206415,63418
212283,63418
212283,39186
207396,50720
203736,50720
209793,59396
209793,62274
184509,33534
207243,62274
207243,59396
208053,3382
59691,1372
59691,62170
59691,10808
173667,50274
198534,32496
238536,59394
212448,48298
65640,39186
65640,63418
210627,32496
207618,32496
251721,54096
248178,54096
184104,62274
155337,62274
155337,59396
184104,59396
175878,54096
223071,42132
223071,63186
231876,3382
188844,59394
251967,48298
154698,59396
154698,62274
191553,59396
191553,62274
206988,50720
250275,50720
247983,32496
206349,50720
206625,50720
206433,50720
191256,35732
191256,56696
206448,50720
206637,50720
231876,42132
231876,63186
165726,51316
203829,59394
155043,39186
155043,63418
155481,51974
159027,3382
205188,3382
244278,54096
223968,63418
223968,39186
222204,39186
222204,63418
71301,63418
71301,39186
206670,50274
243390,50720
241389,63186
241389,42132
228687,50720
212337,54096
165786,59394
242610,3382
205665,33534
180195,59396
180195,62274
247260,51974
244971,61280
216564,60
172719,39186
172719,63418
60864,50720
154770,63418
154770,39186
208584,54096
206364,59394
188961,50274
206448,50274
206637,50274
203388,3382
162795,63418
162795,39186
211407,61348
72930,11490
184509,59394
211533,3382
209793,10652
210876,50720
165684,50720
165687,50720
252618,50720
65328,62274
65328,59396
208341,32496
203796,32496
203532,16358
154434,33534
61344,48980
71301,33534
222159,42132
222159,63186
154098,48298
153669,59394
167316,42132
167316,63186
210342,39186
210342,63418
163251,62274
163251,59396
203775,63186
203775,42132
202818,51316
252696,63418
252696,39186
222906,11490
163131,32496
154551,50720
187395,50720
192549,124
213513,39186
213513,63418
160029,63186
160029,42132
155052,59396
155052,62274
204144,63186
204144,42132
197034,59394
216948,39186
216948,63418
211473,54096
220728,61280
245154,33534
209793,63186
209793,42132
212478,50720
212478,32496
244173,59394
232269,54290
232614,33534
223968,59394
209796,32496
234864,59394
238032,36720
153888,42132
153888,63186
212571,42132
212571,63186
252774,33534
221151,33534
164337,63186
164337,42132
244173,3382
249297,62274
249297,59396
187806,51974
172419,61280
224931,11490
157767,33534
211749,57804
232068,61280
203724,50720
242610,50720
209094,3382
233091,59394
184950,50274
231057,32496
241824,124
200964,10808
200964,62170
200964,1372
186882,42132
186882,63186
153138,33534
68676,50720
153756,59396
153756,62274
163101,57804
251121,33534
187221,59396
187221,62274
211344,11490
202818,59394
208524,59394
242412,59394
246618,59394
163131,50720
209622,11490
229977,32496
88920,3382
191451,32496
209970,54096
241824,42132
241824,63186
165750,11490
88821,11490
221409,50720
67827,11490
128538,39186
128538,63418
61824,61280
183213,39186
183213,63418
206304,33534
208116,59394
224526,50720
252696,50720
216564,61280
228753,3382
172719,59394
174513,32496
225276,33534
228687,56696
228687,35732
234156,124
253671,62274
253671,59396
66915,35846
198279,32496
238032,11490
192159,59396
203232,59396
192159,62274
203232,62274
250947,59394
232269,61348
153669,50720
198792,50720
153756,50720
183912,50720
158658,50274
153669,11490
229977,59394
223968,33534
211476,61280
224631,11490
153669,63418
153669,39186
198873,39186
198873,63418
153726,39186
153726,63418
220713,3382
174195,11490
253578,59396
253578,62274
187263,42132
187263,63186
236775,50720
230331,50720
254118,62274
254118,59396
159027,54096
205188,54096
206673,39186
206673,63418
222906,63418
222906,39186
183912,63186
183912,42132
186216,33534
238032,48298
230028,48298
162795,32496
209094,39186
209094,63418
192549,10652
231057,53386
188844,39186
188844,63418
187806,11490
59691,32496
212442,53386
153765,33534
167652,63418
167652,39186
224631,3382
235335,59394
212442,32496
207219,35846
183666,39186
183666,63418
201852,59396
201852,62274
153048,33534
186951,50274
229473,50274
208554,16358
208722,16358
208584,3382
194409,32496
60864,50274
252696,33534
181101,50720
67764,32496
167514,59394
248682,3382
248301,57804
182292,32496
212571,124
250782,42132
250782,63186
248205,3382
195723,3382
177474,3382
181746,63418
181746,39186
157854,63418
157854,39186
221526,124
208572,124
204243,32496
223968,61280
203775,50720
226623,62274
226623,59396
203532,33534
252081,61348
207339,61348
217782,32496
207330,50720
247974,62274
247974,59396
166437,33534
164457,32496
128538,51316
207396,42132
207396,63186
155403,3382
165726,3382
161058,62274
161058,59396
247983,48298
212571,3382
154758,56696
154758,35732
88920,50720
224526,33534
192714,42132
192714,63186
179790,33534
154119,32496
227973,50720
209793,124
206868,57804
248061,33534
69060,62274
69060,59396
207105,48298
196311,50274
153726,48298
232614,32496
129081,32496
183387,63186
183387,42132
211476,39186
211476,63418
180195,63418
180195,39186
177951,50720
234018,63186
234018,42132
234972,63186
234972,42132
209799,32496
226662,50720
154827,59394
178458,61280
212211,11490
153999,35846
154506,33534
153669,48298
208545,54096
165045,124
203796,61280
208341,61280
165183,63418
165183,39186
183363,50720
250947,3382
183576,54096
166437,39186
166437,63418
244680,11490
230073,61348
241824,57804
207105,54290
183492,59394
206847,63418
206847,39186
164457,62274
164457,59396
242610,48298
65640,3382
66879,3382
166437,3382
206673,50274
184950,54096
248061,59394
206850,39186
206850,63418
251442,11490
201852,32496
154032,11490
165750,50274
88821,50274
222669,50720
203439,59396
217380,59396
203439,62274
217380,62274
203259,59396
203259,62274
211740,50274
215457,32496
210171,42132
210171,63186
246150,33534
244866,50274
203274,50274
203271,50274
196722,50274
154119,3382
186216,32496
208872,50274
205815,33534
187875,11490
167514,39186
167514,63418
248013,50720
203145,50720
203277,50720
209073,50274
244173,39186
244173,63418
185817,51974
249513,3382
65631,63418
65631,39186
251106,54096
249687,54096
248292,39186
248292,63418
154434,42132
154434,63186
210678,54096
187263,32496
178818,62274
178818,59396
209793,3382
242610,59394
160029,63418
160029,39186
187707,57804
220269,33534
161058,33534
211344,59822
211344,1304
247962,50720
129204,16358
56871,33534
198873,59394
213114,50720
230028,36720
253671,39186
253671,63418
234018,62274
234018,59396
234972,59396
234972,62274
248292,59394
163578,61280
217782,63418
217782,39186
223782,50274
157767,61280
203820,59394
188685,59396
188685,62274
198279,61280
183492,61280
238611,42132
203082,42132
203073,42132
238611,63186
203082,63186
203073,63186
163032,3382
153669,59396
153669,62274
187659,39186
187659,63418
249513,33534
248205,32496
241389,3382
72918,50720
182292,11490
183366,61280
231102,59396
231102,62274
157416,59394
205722,59394
216948,32496
162603,33534
251625,16358
197676,33534
207243,3382
227973,59396
227973,62274
217620,39186
217620,63418
247962,36720
230010,50274
210633,52620
217293,54096
154434,32496
227310,54096
172503,39186
172503,63418
192549,59394
207396,33534
128604,33534
178068,42132
178068,63186
194208,50720
198801,59394
249687,50720
251106,50720
232269,48298
205812,63186
205812,42132
247548,42132
247548,63186
197529,50720
183387,33534
62817,57804
155271,42132
155271,63186
154665,36720
189045,32496
179496,11490
246963,53386
184698,42132
184698,63186
59691,62274
59691,59396
238068,50720
166599,50720
212337,124
154098,59396
154098,62274
235335,63418
235335,39186
154869,33534
156063,42132
156063,63186
173667,63418
173667,39186
171702,11490
191316,32496
204411,33534
241218,32496
60762,33534
253308,32496
194409,11490
188961,3382
251391,36720
217494,50720
206418,48298
242610,33534
153888,3382
65598,50720
176643,63186
172587,63186
172587,42132
176643,42132
206364,50720
247548,33534
248301,59394
208500,42132
208500,63186
253506,50274
206838,50274
65067,11490
219048,59396
219048,62274
220728,39186
220728,63418
198792,54096
246042,60
210690,3382
208521,3382
155271,33534
203511,11490
217620,3382
191247,50720
206868,63418
206868,39186
178458,63418
178458,39186
224169,50274
163377,39186
163377,63418
232068,3382
183363,63418
183363,39186
243408,59396
243408,62274
207219,32496
235458,63418
235458,39186
251121,3382
221409,35846
206481,3382
198522,3382
212748,3382
251619,3382
245154,3382
253308,59396
253308,62274
165786,32496
210633,61348
206415,50274
241350,57804
153348,32496
253578,32496
189045,59394
191250,39186
191250,63418
157767,32496
206748,48980
203673,50274
183912,33534
203733,50274
209799,33534
175293,39186
175293,63418
163578,32496
60762,11490
234129,32496
197676,50274
128685,42132
128685,63186
236226,63418
236226,39186
232035,42132
232035,63186
217380,3382
203439,3382
203259,3382
188100,32496
235458,32496
233091,32496
244158,63186
244158,42132
238218,39186
238218,63418
186378,50720
192618,11490
236226,59394
179496,3382
214506,42132
214506,63186
190152,57804
155100,59396
155100,62274
221409,50274
163101,59394
203811,50720
154869,59396
154869,62274
184635,1370
184635,62376
208572,63186
221526,42132
221526,63186
208572,42132
238218,3382
154434,59396
154434,62274
231162,33534
210978,57804
204657,59394
242610,39186
242610,63418
188844,33534
244173,32496
207240,50274
210234,11490
154032,53386
176577,3382
222750,59396
222750,62274
186177,57804
187221,39186
187221,63418
208758,35846
253935,35846
179496,59396
179496,62274
208116,54096
72645,32496
153048,32496
154821,32496
232269,39186
232269,63418
204243,59394
249342,53386
72045,57804
210171,32496
206850,50274
244680,3382
163131,51974
154812,62274
154812,59396
163032,50720
225501,61348
188700,32496
234555,50274
231663,50274
208545,3382
89013,48298
203673,50720
154665,3382
206439,50274
209154,33534
207618,62274
207618,59396
128604,32496
186327,32496
96138,35846
153756,39186
153756,63418
209970,50720
203733,3382
197034,11490
191316,53386
156024,39186
156024,63418
65328,63418
65328,39186
183363,35846
253557,61348
207588,59394
228729,54096
208545,124
210000,59396
155034,59396
155034,62274
210000,62274
204657,32496
246963,11490
227295,3382
212430,3382
248292,3382
238536,35846
198534,63418
198534,39186
226662,50274
160770,50720
251625,35846
187734,50274
206856,3382
196302,3382
253683,54096
214998,3382
154869,63418
154869,39186
188100,61280
211947,16358
235458,62274
235458,59396
203871,32496
204780,32496
203181,32496
236226,61280
210678,3382
211407,32496
195723,54096
153150,63186
153402,63186
153150,42132
153402,42132
153348,62274
153348,59396
207927,59394
188844,32496
154404,62376
154404,1370
173667,32496
191316,39186
191316,63418
154770,33534
206418,39186
206418,63418
195063,50274
239577,50274
203388,124
252210,33534
196302,57804
206856,57804
244680,59394
188787,51974
210978,11490
244479,32496
187395,63418
187395,39186
154551,63418
246804,63418
154551,39186
246804,39186
207396,32496
241389,32496
210342,59394
153726,50720
208206,59394
196311,3382
231162,11490
197286,59394
250653,59394
227310,59394
252081,54290
207339,54290
231459,62274
231459,59396
248373,124
203511,63418
203511,39186
153150,33534
153402,33534
232035,61280
187386,50720
153867,3382
247260,32496
210120,32496
250782,62274
250782,59396
186378,50274
248013,59394
203145,59394
203277,59394
246042,62074
66915,32496
207465,63186
207465,42132
171702,32496
249573,59396
249573,62274
191316,33534
209796,57804
64353,62274
64353,59396
67158,33534
183387,3382
209793,59394
59691,124
224631,33534
61824,11490
215457,33534
153756,59394
252618,32496
165687,32496
210876,32496
165684,32496
72045,51974
211749,33534
245046,50274
61305,50720
203166,50720
211476,33534
217782,3382
155403,39186
155403,63418
61482,48298
154032,32496
64272,59396
64272,62274
25743,63418
25743,39186
153048,57804
250653,54096
197286,54096
232068,32496
72117,48298
186216,39186
186216,63418
193965,33534
232269,61280
246804,62274
246804,59396
200964,63418
200964,39186
65598,56696
65598,35732
207240,32496
163578,59394
186987,3382
185817,48298
248292,11490
208872,59396
208872,62274
154770,59396
154770,62274
72561,63418
72561,39186
247986,62274
247986,59396
209622,50720
249573,50720
162603,3382
167652,50720
177672,33534
190152,61348
128538,57804
253335,50274
206670,63418
206670,39186
191256,62074
230178,39186
230178,63418
202818,35732
202818,56696
231876,54290
240912,62274
240912,59396
155481,48298
158658,32496
154740,33534
216564,50720
210690,59394
208521,59394
212892,3382
209799,3382
156225,62274
156225,59396
207219,63418
207219,39186
231102,61280
212892,39186
212892,63418
206964,59394
207243,32496
153669,51974
203811,33534
183366,57804
155403,32496
236775,35846
230331,35846
203301,54096
203706,54096
240939,59394
185817,33534
210816,63418
210816,39186
210171,50274
201852,3382
228438,32496
153048,63418
153048,39186
253335,54096
248061,61280
203796,39186
216822,63418
208341,63418
216822,39186
203796,63418
208341,39186
216108,32496
183492,11490
190152,59396
190152,62274
189009,33534
204480,59394
204771,39186
204771,63418
208518,54096
154119,61280
205332,33534
210120,59394
214998,57804
177474,33534
183492,33534
211632,3382
65640,32496
217620,33534
153642,59394
240912,11490
164541,63418
164541,39186
187962,32496
188787,33534
244680,39186
244680,63418
160770,16358
208794,35846
208812,35846
206964,50720
212433,50720
251967,11490
244971,60
65631,50274
252696,59396
224526,62274
252696,62274
224526,59396
71301,50720
154098,3382
234129,33534
203736,3382
228315,62274
228315,59396
179790,39186
179790,63418
243390,32496
212448,52620
154740,62274
154740,59396
199044,32496
211812,33534
181746,59394
153645,57804
233970,32496
187386,3382
186378,11490
244971,50720
210690,63186
210690,42132
208521,63186
208521,42132
206772,59394
163032,36720
186882,32496
225480,61280
237057,57804
67827,50274
64353,50720
184698,33534
163032,54290
203820,39186
203820,63418
68676,59396
68676,62274
175878,33534
210633,11490
204243,11490
65631,32496
210120,33534
249294,61280
238263,61280
209994,3382
203700,11490
236766,50720
248871,50720
154098,53386
253578,63186
253578,42132
61908,50274
96444,50274
218061,50274
204717,50274
203280,50274
205905,50274
249579,50274
216309,11490
64365,54096
187875,59394
250977,63418
250977,39186
250434,42132
250434,63186
165045,56696
165045,35732
172503,50274
236226,57804
222750,33534
209094,59396
209094,62274
162795,57804
72117,54290
164337,63418
164337,39186
210627,59394
154827,32496
252774,16358
221151,16358
204780,59394
203871,59394
203181,59394
157224,50274
206415,3382
217380,59394
203439,59394
203259,59394
201852,42132
201852,63186
252774,59394
221151,59394
154560,63418
154560,39186
203259,50720
217380,50720
203439,50720
242130,36720
153756,51974
187734,32496
211533,61280
207219,16358
237057,11490
208788,63418
208788,39186
163251,63418
163251,39186
210129,54096
231102,59394
183450,63186
183450,42132
249573,51316
166995,54096
186384,59394
197034,50720
188844,3382
254004,62376
254004,1370
179853,50720
251625,3382
211344,10808
211344,1372
211344,62170
155106,63418
155106,39186
202818,59822
202818,1304
156024,33534
206964,57804
204411,32496
153813,51316
241218,33534
247962,61280
154098,63418
154098,39186
203706,124
203301,124
214194,50274
207927,3382
220218,32496
242856,59394
72918,42132
72918,63186
225276,59396
225276,62274
212301,57804
232029,32496
60762,63418
60762,39186
251106,63186
251106,42132
249687,63186
249687,42132
209994,59396
209994,62274
208206,32496
225699,63418
225699,39186
206868,62274
206868,59396
153138,48298
160029,33534
183450,32496
227973,11490
192159,50720
203232,50720
198801,39186
198801,63418
253578,3382
153348,3382
188331,57804
251106,16358
249687,16358
163044,39186
163044,63418
212469,11490
154041,50274
153642,3382
242439,50720
191256,63418
191256,39186
195063,11490
244278,32496
223782,32496
156063,33534
238263,54096
249294,54096
221526,59394
208572,59394
253671,33534
212283,59394
154758,50720
182556,63418
182556,39186
229977,61280
207222,61348
187962,59394
243408,11490
183921,39186
183921,63418
230073,54290
187974,32496
183912,39186
183912,63418
153645,63418
153645,39186
241350,35846
155052,39186
155052,63418
206076,62376
206076,1370
217620,32496
181371,33534
172419,32496
238611,3382
203082,3382
203073,3382
179496,39186
179496,63418
157416,11490
205722,11490
253671,63186
253671,42132
209994,39186
209994,63418
208554,33534
217293,33534
206646,63418
206646,39186
233091,39186
233091,63418
187875,63418
187875,39186
88920,32496
157398,33534
249930,50274
166005,33534
191553,3382
155016,33534
210171,33534
153348,63186
153348,42132
208788,3382
203829,3382
155016,3382
188961,42132
188961,63186
153048,59396
153048,62274
155043,50720
64353,33534
187974,50720
205722,39186
157416,39186
157416,63418
205722,63418
157938,11490
222159,33534
249486,62274
249486,59396
206364,32496
228729,32496
223728,35846
204657,48298
187707,33534
209073,32496
183387,63418
183387,39186
183666,33534
225501,52620
203727,3382
207144,50720
183492,57804
66879,42132
66879,63186
220095,33534
157398,32496
206850,3382
199044,39186
199044,63418
212430,33534
227295,33534
191553,39186
191553,63418
154167,61280
203829,11490
225480,32496
157185,63418
157185,39186
211950,124
64959,39186
64959,63418
215457,63418
215457,39186
208758,54096
253935,54096
254118,63186
254118,42132
223968,11490
167514,53386
140277,3382
251625,63418
251625,39186
153726,59396
153726,62274
206439,39186
206439,63418
157854,53386
187875,3382
217002,11490
203820,3382
154821,33534
201798,50720
183921,59396
183921,62274
184710,63418
184710,39186
158016,3382
251085,3382
210846,3382
203889,3382
250629,3382
192768,3382
205122,3382
223554,3382
59703,3382
192771,3382
205728,3382
253998,3382
199860,3382
66378,3382
229521,3382
203811,11490
232035,63418
232035,39186
229812,35846
228315,63418
228315,39186
176643,50274
172587,50274
171702,62274
171702,59396
235335,57804
163101,63418
163101,39186
161058,3382
203184,3382
187395,62274
187395,59396
154551,59396
154551,62274
214506,59396
214506,62274
244158,32496
183450,3382
246054,35846
197676,32496
250434,3382
163101,62274
163101,59396
212688,32496
222750,50720
177474,32496
209970,63418
209970,39186
248373,54096
163101,32496
219420,50274
163032,62274
163032,59396
206670,51974
156024,59394
188730,32496
153645,50720
241389,39186
241389,63418
154032,59394
61482,51974
172503,32496
229536,48298
247983,52620
220269,11490
192627,32496
188730,39186
188730,63418
154812,39186
154812,63418
242130,50720
230286,59394
209622,3382
212688,59394
203706,3382
203301,3382
232029,50720
72645,63418
72645,39186
207927,32496
153669,32496
211989,54096
200508,54096
56871,63418
56871,39186
206838,39186
253506,63418
253506,39186
206838,63418
244173,33534
204771,11490
155055,32496
250947,33534
167652,50274
65631,3382
66879,33534
157938,39186
157938,63418
207105,50720
210342,48298
154476,39186
154476,63418
222204,32496
251391,35846
191247,32496
229812,50274
248292,57804
209094,32496
154698,50720
158274,1370
158274,62376
227295,39186
212430,39186
227295,63418
212430,63418
249486,51974
166599,16358
238068,16358
203727,124
192714,50720
205815,39186
205815,63418
230178,50720
222669,48298
212337,59394
206856,50274
196302,50274
208788,59394
204780,39186
203181,39186
203871,39186
203871,63418
204780,63418
203181,63418
249342,48980
187962,63418
187962,39186
163032,32496
211740,63418
211740,39186
160029,61280
60762,53386
155271,62274
155271,59396
153888,63418
153888,39186
196845,11490
157224,42132
157224,63186
203055,50720
220095,62274
220095,59396
248550,42132
248550,63186
248013,11490
203277,11490
203145,11490
241218,63418
241218,39186
229536,57804
167514,32496
188853,54096
225480,39186
225480,63418
210129,124
173613,32496
228687,124
212283,3382
72930,57804
204771,61280
198552,59394
154698,35732
154698,56696
183912,59394
247548,62274
247548,59396
247962,57804
208503,16358
197529,62274
197529,59396
163101,50720
207339,52620
252081,52620
244158,33534
185244,59396
185244,62274
186327,59396
186327,62274
247956,62274
247956,59396
242571,33534
208518,3382
155052,50720
192942,50720
174513,39186
174513,63418
243408,59394
154812,33534
211749,51974
204771,3382
68676,39186
68676,63418
225276,42132
225276,63186
183912,32496
248682,50274
253683,3382
195723,63418
195723,39186
210825,50720
209793,54290
154098,32496
220713,59394
153867,59394
154506,39186
154506,63418
209184,124
191256,59394
206514,3382
206412,3382
206484,3382
211641,3382
206496,3382
206763,3382
250434,32496
221331,33534
71301,59396
71301,62274
72645,59394
253683,33534
230178,3382
206448,63418
206637,39186
206637,63418
206448,39186
161058,59394
232614,39186
232614,63418
253416,50274
210897,50274
206367,50274
254118,32496
220218,63418
220218,39186
251169,3382
186951,42132
229473,42132
186951,63186
229473,63186
210171,39186
210171,63418
230178,61280
235458,3382
225699,50274
217002,54096
153138,42132
153138,63186
165726,32496
186987,39186
186987,63418
209622,32496
234555,50720
234120,50720
231663,50720
188700,3382
192627,39186
192627,63418
203700,32496
196845,32496
88920,48298
197286,3382
227310,3382
250653,3382
180195,53386
163578,3382
155403,59396
155403,62274
183921,11490
176577,63418
176577,39186
191451,50274
203811,59394
191553,33534
253308,33534
234156,50274
187224,54096
212748,39186
206481,63418
206481,39186
198522,63418
212748,63418
251619,39186
251619,63418
198522,39186
201741,39186
201741,63418
205815,48298
224841,50720
61305,33534
203166,33534
249159,50274
244173,61280
238068,35846
166599,35846
164457,33534
208206,33534
249486,57804
209154,54096
253683,50274
204780,11490
203181,11490
203871,11490
153642,32496
154032,57804
229536,33534
214998,32496
198801,32496
61305,59394
203166,59394
191316,11490
166995,50274
153669,57804
234120,63186
234120,42132
210000,33534
155034,33534
210816,59396
210816,62274
228753,32496
241218,53386
234120,57804
62817,33534
176577,32496
242130,35846
217782,51974
251625,54096
184950,63186
184950,42132
162795,48298
153888,32496
198279,39186
198279,63418
203511,32496
206439,32496
68676,33534
198552,32496
164337,32496
203388,59394
69060,50720
248205,61280
154740,32496
211812,39186
211812,63418
203256,3382
65067,39186
65067,63418
166995,32496
171702,59394
234129,63418
234129,39186
208872,124
153867,32496
236226,11490
210051,32496
209793,48298
251121,50720
187875,61280
195378,50274
139272,50274
72918,3382
188100,54290
217002,50274
222159,39186
222159,63418
191316,61348
68676,32496
242856,3382
65598,35846
252618,3382
165687,3382
210876,3382
165684,3382
198873,11490
189045,3382
153813,61280
219231,35846
186327,33534
245154,39186
245154,63418
204228,33534
204657,3382
209970,3382
179790,32496
241350,3382
207240,50720
66879,63418
66879,39186
248682,50720
241824,50274
253683,50720
211344,3382
195378,3382
139272,3382
211950,62274
211950,59396
251391,50720
165726,11490
187386,59394
234120,54096
198534,59394
67827,39186
67827,63418
242610,51316
231663,63186
234555,63186
231663,42132
234555,42132
251391,57804
157416,32496
205722,32496
238263,39186
238263,63418
249294,63418
249294,39186
64272,3382
64959,3382
198552,50720
220713,59396
220713,62274
154821,61280
66915,3382
211476,57804
249207,32496
242232,59394
206955,59394
238827,59394
204411,57804
203073,50720
162984,59396
162984,62274
162984,48298
249297,3382
188853,32496
247260,48298
183366,51974
185244,32496
209073,57804
157398,39186
157398,63418
212301,59394
187659,48298
248292,51974
234093,124
207588,3382
242856,39186
242856,63418
203820,61280
203736,50274
248373,50720
208722,33534
192627,11490
249297,63186
249297,42132
210120,3382
164007,63418
164007,39186
201522,48980
190152,39186
190152,63418
216108,63418
216108,39186
180195,32496
208521,124
210690,124
155016,32496
204771,32496
161208,63186
161208,42132
203511,61280
193965,32496
182556,33534
198801,61280
249159,32496
209970,50274
220011,11490
210129,3382
203532,3382
241350,61280
160770,124
154119,11490
207084,50274
153348,33534
188196,63418
188196,39186
181746,3382
206439,59396
206439,62274
197676,42132
197676,63186
231663,54096
234555,54096
207144,50274
209976,32496
247974,63418
247974,39186
238827,50720
206955,50720
242232,50720
175293,59396
175293,62274
212433,32496
213978,52620
212688,3382
248205,59394
153867,33534
197529,3382
206364,61348
208209,54096
212892,59394
206868,32496
206664,39186
206664,63418
211812,3382
192627,3382
206772,62274
206772,59396
203775,62274
203775,59396
203184,11490
212469,59394
214194,32496
196722,3382
203274,3382
203271,3382
244866,3382
154506,11490
88920,61280
155337,39186
155337,63418
184104,39186
184104,63418
153645,59394
186177,33534
153765,61280
192942,50274
205332,3382
206664,50274
154098,11490
154758,60
200508,50720
224169,32496
205722,3382
157416,3382
231459,63418
231459,39186
203724,63186
203724,42132
198792,50274
203811,39186
203811,63418
175293,32496
171372,39186
171372,63418
171372,33534
242856,33534
171372,32496
208053,32496
183921,59394
154476,33534
165786,57804
234864,48298
249159,63186
249159,42132
183450,33534
206349,50274
206625,50274
206433,50274
205665,124
253578,63418
253578,39186
246150,11490
188196,59396
188196,62274
240939,63186
240939,42132
215112,52620
211812,32496
162603,32496
165786,61280
203055,50274
212283,11490
250977,59396
250977,62274
220095,39186
220095,63418
188331,33534
212337,42132
212337,63186
157938,59396
157938,62274
204375,32496
163131,53386
206460,50274
232404,50274
72561,32496
207219,57804
180195,59394
167316,50720
187221,33534
250947,39186
250947,63418
212301,62274
212301,59396
201852,63418
201852,39186
220095,32496
153138,63418
153138,39186
154698,60
188685,3382
187962,62274
187962,59396
209793,33534
250275,50274
206988,50274
166599,124
238068,124
244680,48298
205812,3382
154560,59394
227310,39186
227310,63418
227292,33534
162843,32496
206418,36720
207465,61280
153756,3382
230178,33534
162984,11490
210633,57804
253335,50720
249159,16358
188961,39186
188961,63418
205815,62274
205815,59396
208092,59394
209184,16358
233091,61280
195372,51974
72645,11490
207105,61348
193965,59822
193965,1304
208206,3382
208116,11490
189009,62274
189009,59396
181860,50720
230286,11490
216564,39186
216564,63418
249207,50720
203055,3382
198792,32496
248550,54096
249513,50720
253335,63186
253335,42132
192714,3382
219231,54096
206772,50720
185817,57804
196311,32496
155034,63418
210000,63418
210000,39186
155034,39186
155055,59394
198534,3382
129204,33534
192549,50720
178818,33534
245631,3382
186384,33534
235458,33534
88920,57804
227295,32496
212430,32496
209796,53386
253308,61280
190152,59394
163032,59394
174513,42132
231876,61348
174513,63186
207330,39186
207330,63418
251721,42132
251721,63186
248178,63186
248178,42132
242130,59394
163101,51974
209154,63186
209154,42132
68676,3382
153402,62274
153150,62274
153402,59396
153150,59396
237804,3382
234093,3382
211989,42132
200508,42132
200508,63186
211989,63186
208116,50274
155100,39186
155100,63418
187221,61280
230286,61280
249573,3382
209622,61280
208788,42132
208788,63186
245154,32496
140277,50720
199044,33534
164457,61280
154098,59394
244158,39186
244158,63418
183366,48298
183450,39186
183450,63418
177672,50720
206847,32496
186951,32496
229473,32496
167514,11490
163377,32496
206367,39186
210897,63418
253416,39186
210897,39186
253416,63418
206367,63418
192627,59394
140277,62274
140277,59396
251391,3382
208572,63418
208572,39186
221526,39186
221526,63418
226662,54096
161208,32496
203532,54096
210678,63186
210678,42132
157185,11490
209796,11490
157224,32496
189009,3382
217782,36720
64272,11490
154827,3382
217620,59394
244158,3382
206847,3382
65598,39186
65598,63418
163377,59394
252210,3382
189009,63186
189009,42132
206670,11490
155052,32496
25743,50720
96138,62274
96138,59396
153669,61280
155100,50720
64272,63418
64272,39186
249930,11490
211476,11490
193965,61348
153726,3382
203328,16358
153138,57804
251106,124
249687,124
172719,33534
245046,63418
245046,39186
210342,61280
251391,51316
207243,59394
214194,3382
172719,61280
195063,32496
203829,63418
203829,39186
245046,3382
241350,51316
252210,124
219048,39186
219048,63418
209793,16358
203775,3382
223071,3382
252405,39186
252405,63418
188196,33534
215457,53386
204411,59394
187734,63418
187734,39186
177951,32496
165750,50720
88821,50720
197529,11490
187659,11490
157854,11490
208092,39186
208092,63418
157854,61348
192618,50720
188685,59394
187707,51974
59691,16358
157398,3382
206838,51974
253506,51974
231057,52620
163101,53386
64353,63418
64353,39186
189045,61280
214194,42132
214194,63186
67158,3382
204411,61280
201798,3382
205665,3382
177672,57804
201798,62274
201798,59396
65328,32496
230178,32496
154803,59394
163101,61280
204189,48980
64272,59394
62817,48298
69060,50274
233970,63418
233970,39186
203082,50720
238611,50720
183492,51974
187224,32496
128538,3382
153348,63418
153348,39186
211749,11490
242571,124
203388,54096
155052,3382
63876,50720
248013,50274
203145,50274
203277,50274
251202,63186
251202,42132
154803,32496
203184,39186
203184,63418
216564,35846
229812,50720
154698,59394
247986,50720
153645,3382
244680,61280
209073,11490
96444,3382
61908,3382
205905,3382
204717,3382
249579,3382
218061,3382
203280,3382
231876,48298
153726,59394
187659,33534
161058,32496
155016,61280
225699,11490
223968,61348
212469,50274
154869,59394
248373,3382
247002,52620
164007,32496
240912,32496
241824,3382
234864,61280
171372,62274
171372,59396
204375,50720
211140,50720
209073,48298
220713,32496
191256,50720
238827,57804
242232,57804
206955,57804
191553,32496
160770,3382
211344,61348
206304,39186
206304,63418
209994,32496
154476,59394
190152,32496
201522,52620
231459,32496
128685,50720
154740,3382
234120,62274
234120,59396
210825,59394
203532,124
211407,53386
179790,3382
165183,3382
187263,63418
187263,39186
250947,63186
250947,42132
177474,39186
177474,63418
183366,51316
222204,59394
232614,59396
232614,62274
153756,57804
226623,54096
224631,59394
210978,61348
64365,32496
243390,59394
153813,35846
167652,33534
240912,59394
251442,54290
208209,50274
167652,32496
227973,3382
222159,3382
203709,42132
203295,42132
203295,63186
203709,63186
201564,42132
201564,63186
207588,11490
217002,35846
250653,39186
197286,39186
197286,63418
250653,63418
242610,54290
154803,3382
217293,50720
188685,39186
188685,63418
63876,32496
206439,11490
222204,3382
249216,39186
250749,63418
249216,63418
207129,39186
207129,63418
250749,39186
212301,50720
184710,3382
154041,39186
154041,63418
186177,48298
240939,51316
203328,33534
213513,32496
59691,63418
59691,39186
205665,54096
191553,59394
245631,33534
247986,32496
72045,48298
208518,63186
208518,42132
220011,16358
220728,36720
206964,61280
249513,42132
249513,63186
185244,33534
212301,48298
243408,32496
248682,32496
160770,50274
203820,11490
209073,63418
209073,39186
188685,32496
206364,54290
208053,11490
227292,59396
227292,62274
195723,32496
232269,36720
187224,62274
187224,59396
216108,3382
206412,39186
206496,39186
206763,63418
206514,63418
206484,39186
206514,39186
206484,63418
206412,63418
211641,63418
206496,63418
206763,39186
211641,39186
96138,57804
206868,59394
223728,50720
153813,50720
179853,61280
188196,32496
89013,59394
186216,62274
186216,59396
176577,11490
240939,35846
183363,57804
210051,3382
187806,48298
207084,63418
207084,39186
219048,59394
59700,63186
59700,42132
154827,33534
155016,59394
249486,39186
249486,63418
212688,61280
211140,61280
248550,50720
251391,63418
251391,39186
212571,61280
211632,32496
216564,3382
206847,50720
220218,59394
189009,63418
189009,39186
205815,57804
153645,33534
183666,59394
212220,48980
176403,48980
89013,11490
210825,50274
213513,50274
162603,63186
162603,42132
154803,61280
233970,3382
229737,59394
186327,61280
229977,11490
249930,35846
247956,3382
212892,11490
228438,63418
228438,39186
234555,62274
234555,59396
231663,59396
231663,62274
206964,51974
226662,42132
226662,63186
207927,61280
179853,39186
179853,63418
154758,3382
155043,59394
181371,11490
194208,50274
243408,48298
210051,59394
208521,39186
210690,39186
208521,63418
210690,63418
156063,32496
187386,35846
204144,63418
204144,39186
195372,11490
238218,59394
203775,11490
229536,51974
206772,61280
154041,32496
154770,59394
72918,63418
72918,39186
208584,63186
208584,42132
250782,33534
192618,50274
198552,3382
209154,62274
209154,59396
234864,57804
249216,50274
250749,50274
207129,50274
211473,32496
219231,63418
219231,39186
208545,63186
208545,42132
187263,11490
206625,63418
206433,63418
206433,39186
206625,39186
206349,39186
206349,63418
56871,59396
56871,62274
207105,36720
251202,59394
154803,33534
203727,54096
187974,3382
183492,48298
154032,61280
233091,11490
238218,61280
183576,3382
219231,59396
219231,62274
235335,61280
153048,59394
166005,63418
166005,39186
216948,62274
216948,59396
219420,42132
219420,63186
250947,61280
154869,3382
182292,3382
59691,54096
179853,3382
205812,39186
205812,63418
206772,51974
129204,54096
64272,32496
129081,61348
187707,48298
163251,57804
88920,51974
163377,3382
183387,32496
165726,50720
203532,59394
191451,63186
191451,42132
203796,61348
208341,61348
203184,61280
206637,51974
206448,51974
196311,50720
203328,3382
64365,62274
64365,59396
206664,11490
212283,61280
214506,33534
187386,63418
187386,39186
231876,61280
89013,33534
210171,3382
189045,48298
207588,39186
207588,63418
201564,59394
203709,59394
203295,59394
211533,63418
211533,39186
153999,32496
192549,60
204657,61280
211407,48298
197286,33534
250653,33534
164661,39186
164661,63418
209094,59394
252081,11490
207339,11490
182556,59396
182556,62274
140277,11490
198801,57804
66879,59396
66879,62274
205815,11490
252210,54096
178818,32496
208116,50720
231162,48298
251619,50720
212748,50720
206481,50720
198522,50720
242856,61280
153867,63418
153867,39186
200964,50274
174513,3382
251442,48298
246618,39186
208524,63418
246618,63418
242412,63418
208524,39186
242412,39186
65598,3382
72561,59394
244278,3382
253935,39186
208758,39186
208758,63418
253935,63418
206646,51974
61692,32496
210168,32496
201741,59396
201741,62274
65328,59394
225699,3382
158016,124
203889,124
192771,124
205122,124
210846,124
59703,124
251085,124
199860,124
253998,124
192768,124
66378,124
205728,124
223554,124
229521,124
250629,124
172503,3382
153726,32496
184950,3382
246150,63418
246150,39186
163044,50274
155031,11262
217620,61280
165786,53386
211947,54096
155043,33534
186327,57804
206418,48980
244278,63418
244278,39186
154869,32496
214194,39186
214194,63418
157398,62274
157398,59396
250782,63418
250782,39186
252480,32496
206868,11490
226662,57804
249207,11490
234156,3382
248301,3382
179496,48298
187974,59396
187974,62274
210627,33534
199044,57804
206964,62274
206964,59396
67158,42132
67158,63186
188100,51974
216822,61348
217293,63186
217293,42132
172419,11490
242571,54096
64959,11490
221331,11490
66879,48298
154758,35846
247956,63418
247956,39186
129081,61280
128763,57804
205188,63186
159027,63186
159027,42132
205188,42132
69060,11490
63876,62274
63876,59396
219048,3382
245631,32496
206664,51974
245631,59396
245631,62274
203733,63418
203733,39186
251169,59396
251169,62274
188961,33534
154812,59394
64959,33534
211407,11490
211989,50720
179496,59394
172719,32496
203232,3382
192159,3382
154740,59394
252405,42132
252405,63186
249486,59394
250977,33534
248292,61280
251967,48980
246618,61280
242412,61280
208524,61280
225699,42132
225699,63186
247260,60
155106,32496
230331,54096
236775,54096
162795,53386
184698,32496
140277,50274
217782,48298
212469,3382
153642,61280
242439,62274
242439,59396
231459,11490
176577,59396
176577,62274
234093,50274
71301,53386
67764,63418
67764,39186
219048,32496
67827,42132
67827,63186
128604,62274
128604,59396
204480,3382
216948,61280
193965,3382
236226,48298
207144,32496
247962,32496
242130,63418
242130,39186
72117,61348
222906,61280
211740,59396
211740,62274
203829,32496
192714,50274
223071,32496
154551,32496
187395,32496
246804,32496
153048,61280
153999,63186
153999,42132
251625,32496
181101,59394
251121,59394
157185,33534
154560,33534
204375,11490
72645,61280
154770,61280
71301,32496
222750,39186
222750,63418
234156,63418
234156,39186
172587,32496
176643,32496
231162,51974
177672,63186
177672,42132
163044,3382
195063,42132
195063,63186
195063,39186
195063,63418
153669,53386
219420,39186
219420,63418
211140,35846
237804,61280
67335,62274
67335,59396
212892,61280
207588,61280
186882,33534
206460,39186
206460,63418
232404,63418
232404,39186
208500,59394
203673,11490
249297,33534
208092,50720
156024,3382
179853,57804
200508,59394
65598,61280
213513,11490
215457,11490
243408,3382
187221,59394
153756,32496
210120,11490
175878,63186
175878,42132
179496,57804
207105,61280
238218,42132
238218,63186
230010,50720
211989,59394
162984,59394
251121,63418
251121,39186
201798,50274
208053,59394
197529,59394
209976,39186
209976,63418
249930,54096
153642,11490
198873,33534
64353,32496
221331,57804
252405,3382
236775,16358
230331,16358
231663,57804
234555,57804
211950,3382
188331,11490
249930,124
205812,32496
191553,61280
243408,57804
227973,59394
184104,32496
203733,32496
187974,59394
220011,54096
207465,57804
188844,61280
207927,57804
209184,50720
163032,53386
154770,11490
249579,63418
61908,39186
203280,39186
218061,39186
218061,63418
204717,39186
203736,63418
205905,63418
96444,63418
203280,63418
96444,39186
204717,63418
249579,39186
203736,39186
205905,39186
61908,63418
212301,51974
184950,39186
184950,63418
210816,32496
194409,59396
194409,62274
208518,50720
227292,59394
203181,61280
204780,61280
203871,61280
165183,50274
208554,124
208722,124
72930,51974
65631,48298
211950,54096
177672,11490
211407,48980
61899,11490
213114,51974
179853,35846
234120,48298
184509,3382
212748,61280
198522,61280
206481,61280
251619,61280
227310,42132
227310,63186
210810,59394
221409,16358
252405,50720
184950,50720
155043,32496
154665,32496
67827,3382
251169,54096
213513,50720
178068,39186
178068,63418
234129,53386
155100,33534
158658,63186
158658,42132
205812,33534
183921,61280
165726,51974
209994,61280
220011,35846
188853,59396
188853,62274
194409,59394
128763,39186
128763,63418
210234,48980
250434,63418
250434,39186
212571,39186
212571,63418
207105,32496
249159,124
203271,32496
244866,32496
203274,32496
203256,32496
196722,32496
72561,33534
198801,11490
216309,61348
199044,11490
189045,57804
157938,61280
154698,39186
154698,63418
197676,63418
197676,39186
204657,11490
128763,59396
128763,62274
207240,11490
232269,53386
153138,59394
241218,61348
206439,36720
219420,3382
212748,57804
198522,57804
206481,57804
251619,57804
163131,54290
208758,59396
253935,59396
253935,62274
208758,62274
166437,62274
166437,59396
183921,3382
222669,32496
254118,33534
206673,51974
161058,61280
154698,3382
211632,42132
211632,63186
216948,11490
230010,59396
230010,62274
221409,124
235932,50274
210840,50274
220728,11490
209154,50720
129204,3382
154758,61280
207396,3382
175878,32496
67158,32496
241824,63418
241824,39186
156225,63418
156225,39186
200964,54096
155403,59394
155034,59394
210000,59394
207330,32496
165045,3382
201852,33534
187659,36720
230010,32496
155337,32496
246042,39186
246042,63418
202818,35846
237057,54290
232029,62274
232029,59396
213978,48980
207396,59396
207396,62274
195063,33534
165045,50720
188700,63418
188700,39186
247974,33534
210633,54290
195063,3382
238032,48980
211047,39186
211047,63418
253308,59394
212433,59396
212433,62274
194208,39186
194208,63418
250275,63418
206988,63418
250275,39186
206988,39186
207618,59394
212478,59394
162843,39186
162843,63418
242571,3382
203796,51974
208341,51974
163032,61348
249930,16358
220713,50720
200964,124
191256,57804
158658,39186
158658,63418
153813,3382
230028,48980
208092,35846
203724,63418
203724,39186
195378,50720
139272,50720
210342,57804
164457,59394
128538,32496
206415,50720
234018,63418
234972,39186
234018,39186
234972,63418
223071,63418
223071,39186
175878,3382
241218,11490
163578,57804
242232,59396
238827,59396
206955,59396
206955,62274
238827,62274
242232,62274
230178,59394
60762,52620
180195,11490
187734,63186
187734,42132
251619,36720
206481,36720
198522,36720
212748,36720
153756,61280
188730,63186
188730,42132
157224,39186
157224,63418
155403,11490
163377,11490
163131,61348
206670,61348
238611,50274
203073,50274
203082,50274
225276,32496
68676,59394
187734,33534
166995,3382
187659,51974
234129,48298
198552,62274
198552,59396
206868,61348
247260,52620
154812,32496
231459,3382
197286,61280
227310,61280
250653,61280
191247,3382
156063,39186
156063,63418
211740,3382
208518,59394
203184,32496
246804,33534
155052,61280
249573,63418
249573,39186
203775,59394
186177,11490
65640,57804
227295,59394
212430,59394
214506,32496
204228,39186
204228,63418
165045,62274
165045,59396
253683,39186
253683,63418
173613,63418
173613,39186
213513,59394
161208,33534
224931,3382
204144,59396
204144,62274
178818,39186
178818,63418
153999,3382
154506,59394
208206,11490
195372,54290
206670,32496
181371,39186
181371,63418
201798,11490
227310,33534
216822,51974
203232,59394
192159,59394
184488,1370
184488,62376
212469,61348
242856,32496
183576,42132
183576,63186
246054,32496
253671,11490
88920,11490
208518,39186
208518,63418
213114,59394
219048,11490
247548,39186
247548,63418
217380,50274
203439,50274
203259,50274
249297,63418
249297,39186
188100,11490
154821,59394
242232,61280
206955,61280
238827,61280
224841,32496
234018,50720
234972,50720
155271,39186
155271,63418
246054,3382
216948,59394
229977,54290
204480,61280
187221,57804
153765,32496
222906,33534
66915,63186
66915,42132
165750,32496
88821,32496
203706,59394
203301,59394
215457,61348
208518,33534
191250,32496
61305,63418
61305,39186
234093,33534
89013,3382
238263,42132
249294,42132
238263,63186
249294,63186
211140,39186
211140,63418
210627,61280
179790,57804
213114,57804
182442,62376
182442,1370
211047,59394
72117,52620
192159,50274
203232,50274
246042,50720
235335,51974
203811,32496
253578,33534
191250,59394
61899,57804
217494,32496
183921,32496
157938,59394
179790,11490
206364,39186
206364,63418
181746,61280
217782,11490
164007,59394
232614,61280
177672,39186
177672,63418
206964,32496
251967,52620
210690,61280
208521,61280
242130,57804
197286,42132
250653,42132
197286,63186
250653,63186
207240,59396
207240,62274
206670,59394
206955,51974
242232,51974
238827,51974
212469,32496
208209,50720
208812,50720
208794,50720
183912,61280
211476,51974
232068,11490
247974,59394
203829,61280
210825,11490
223782,39186
223782,63418
187875,57804
212442,52620
208872,54096
195372,48298
254004,11262
155034,32496
210000,32496
220218,33534
67764,59396
67764,62274
207588,32496
207219,62274
207219,59396
243390,61280
211140,56696
211140,35732
72561,3382
61899,33534
72117,48980
217002,124
231459,59394
67335,63418
67335,39186
217494,62274
217494,59396
207396,11490
210051,61280
183213,48980
140277,59394
62817,11490
235932,57804
210840,57804
181860,54096
208554,54096
208722,54096
154812,3382
191451,63418
191451,39186
225699,33534
227973,50274
60864,32496
217293,3382
209622,39186
209622,63418
232614,59394
206646,59396
206646,62274
203055,62274
203055,59396
174195,61280
172587,39186
172587,63418
176643,63418
176643,39186
203166,39186
203166,63418
244173,11490
166437,11490
203145,32496
203277,32496
248013,32496
174513,48298
129204,124
228729,39186
228729,63418
209184,39186
209184,63418
206772,32496
232614,11490
206439,61348
162843,59394
154098,61280
187875,48298
190152,11490
183576,63418
183576,39186
212211,51974
187386,51316
248301,63418
248301,39186
203328,59394
197529,50274
208554,3382
208722,3382
220713,57804
192159,11490
203232,11490
204189,50720
155055,3382
217002,16358
208503,33534
154560,32496
188844,11490
234156,57804
67827,33534
182556,32496
209094,61280
210825,63418
210825,39186
243390,3382
223782,42132
223782,63186
210000,3382
155034,3382
203727,42132
203727,63186
183363,3382
220269,61348
186327,48298
69060,59394
203820,32496
174513,33534
251085,61280
250629,61280
253998,61280
205122,61280
59703,61280
229521,61280
203889,61280
223554,61280
199860,61280
158016,61280
66378,61280
210846,61280
192768,61280
205728,61280
192771,61280
234093,63418
234093,39186
61899,51974
157767,11490
220713,61280
212478,33534
163251,59394
248301,61280
246042,35846
153150,63418
153402,39186
153150,39186
153402,63418
167514,61348
161208,3382
153726,57804
185244,11490
212892,32496
198873,61280
242610,32496
206772,57804
206763,50720
211641,50720
206412,50720
206496,50720
206484,50720
206514,50720
186987,32496
248373,59394
206496,50274
206763,50274
211641,50274
206514,50274
206484,50274
206412,50274
223968,54290
181101,32496
251169,50720
161208,63418
161208,39186
231876,50720
88821,3382
165750,3382
206637,32496
206448,32496
191316,51316
231102,48298
206838,32496
253506,32496
206646,32496
56871,32496
174513,57804
198792,3382
247962,61348
72918,59394
221409,3382
212433,57804
209799,11490
211407,61280
155106,59394
203727,59394
246963,48980
62817,51974
248013,39186
203277,39186
248013,63418
203145,63418
203145,39186
203277,63418
210678,63418
210678,39186
253935,3382
208758,3382
211140,3382
209976,42132
209976,63186
162795,11490
186216,11490
128763,42132
128763,63186
163578,33534
237057,61348
61305,61280
244866,39186
244866,63418
203274,39186
203274,63418
239577,54096
207243,61280
154434,63418
154434,39186
253935,16358
208758,16358
60762,48980
207927,48298
242856,11490
230010,48298
242439,59394
184104,59394
155337,59394
179496,61280
192549,56696
192549,35732
250749,51974
249216,51974
207129,51974
202818,61280
187962,61280
154740,61280
229473,39186
186951,39186
186951,63418
229473,63418
224169,33534
208206,61280
206838,11490
253506,11490
171372,3382
211950,50274
236226,33534
232029,11490
206964,53386
201741,3382
208503,54096
210633,48980
246150,59394
221526,61280
208572,61280
204717,32496
205905,32496
249579,32496
203280,32496
61908,32496
218061,32496
96444,32496
159027,59394
205188,59394
186384,61280
210342,51974
211632,39186
211632,63418
207084,57804
174195,3382
155481,61348
207339,48298
252081,48298
187395,33534
154551,33534
249342,11490
248202,48980
212688,48298
180195,61280
67335,3382
204375,50274
191451,11490
65640,48298
210129,42132
210129,63186
204228,32496
206646,59394
243390,33534
203673,3382
209970,42132
209970,63186
185244,3382
242130,3382
214998,11490
210678,59394
186384,3382
208092,3382
203166,61280
178068,33534
128538,48298
236226,51974
242439,11490
211533,51974
72930,48298
191256,35846
65631,57804
241824,48298
183666,3382
204411,11490
248061,11490
207243,11490
224841,39186
224841,63418
207105,53386
225699,32496
205332,57804
244680,57804
224931,61280
244479,63186
244479,42132
165045,60
249486,11490
156024,61280
235335,11490
187263,59396
187263,62274
203727,50720
206448,62274
206448,59396
206637,59396
206637,62274
206625,57804
206349,57804
206433,57804
249159,63418
249159,39186
249513,59394
163032,63418
163032,39186
212301,61280
248550,62274
248550,59396
209184,54096
165786,51974
207396,63418
207396,39186
211947,124
65328,61280
206850,50720
154560,3382
153765,3382
198792,63418
198792,39186
210120,61280
204480,32496
247956,32496
206847,50274
188331,51974
176577,59394
203082,59396
203073,59396
203082,62274
238611,59396
238611,62274
203073,62274
188730,62274
188730,59396
206673,59394
240912,57804
177951,63418
177951,39186
157854,48980
61482,11490
231102,57804
248373,63418
248373,39186
227292,11490
225276,59394
208209,3382
222669,53386
194208,57804
198534,61280
206955,32496
242232,32496
238827,32496
187734,3382
165786,11490
166599,50274
238068,50274
197034,63418
197034,39186
71301,59394
210171,48298
128763,32496
211740,59394
212688,11490
89013,61280
206637,59394
206448,59394
64365,39186
64365,63418
234864,51974
154167,48298
238218,48298
209970,33534
63876,59394
192549,57804
153867,57804
247986,63418
247986,39186
164337,3382
214506,39186
214506,63418
153756,11490
205332,61280
208788,61280
157854,52620
228687,59394
153048,11490
206868,54290
157416,61280
205722,61280
162843,33534
220011,63186
220011,42132
186384,11490
220011,32496
216108,63186
216108,42132
207129,57804
206988,57804
249216,57804
250749,57804
250275,57804
67158,63418
175878,39186
175878,63418
67158,39186
209073,59394
217494,11490
203301,63186
203706,63186
203301,42132
203706,42132
164661,3382
206439,59394
179790,62274
179790,59396
206364,36720
191316,48980
189045,11490
162984,57804
65640,11490
192942,32496
156225,32496
250977,32496
128604,11490
178458,33534
60864,3382
222750,3382
229737,32496
164337,33534
186177,51974
200964,35846
211812,11490
208758,42132
253935,63186
208758,63186
253935,42132
155043,61280
248301,42132
248301,63186
164541,33534
203256,39186
203271,63418
196722,63418
203256,63418
196722,39186
203271,39186
207084,51974
155100,32496
191892,52620
166995,39186
166995,63418
200508,39186
211989,63418
211989,39186
200508,63418
209094,11490
248373,63186
248373,42132
237057,48980
214506,59394
155055,61280
206418,11490
203733,61280
205815,61280
197676,3382
246054,63186
246054,42132
225276,3382
211344,32496
154476,11490
222906,3382
154869,61280
207243,48298
208053,61280
242610,51974
234129,48980
67335,32496
227295,61280
212430,61280
162795,61280
254118,63418
254118,39186
197034,3382
192549,35846
204144,32496
210840,39186
235932,39186
235932,63418
210840,63418
186216,59394
240912,51974
160770,54096
243408,51974
155055,11490
154041,3382
207144,11490
210897,51974
253416,51974
206367,51974
153726,51974
239577,11490
228315,32496
253416,57804
210897,57804
206367,57804
212337,61280
251391,61280
228315,59394
192714,59396
192714,62274
155403,61280
186327,59394
206625,51974
206349,51974
206433,51974
207927,11490
163131,11490
204657,57804
232029,59394
221151,3382
252774,3382
153642,51974
248061,54290
206460,57804
232404,57804
242439,3382
153867,61280
212433,59394
172719,11490
242571,50720
203295,63418
201564,63418
201564,39186
203709,63418
203295,39186
203709,39186
249486,32496
204228,59394
217494,39186
217494,63418
252081,48980
207339,48980
249486,50720
206670,62274
206670,59396
229737,11490
226662,3382
164457,48298
165726,61280
66378,54096
251085,54096
203889,54096
223554,54096
210846,54096
158016,54096
205728,54096
229521,54096
250629,54096
192768,54096
59703,54096
192771,54096
253998,54096
199860,54096
205122,54096
96138,3382
25743,59396
25743,62274
187806,61348
128604,59394
164007,3382
208209,63418
208209,39186
194208,51974
250275,51974
206988,51974
184509,61280
230010,59394
231876,39186
231876,63418
206418,50720
253506,61348
206838,61348
217293,63418
217293,39186
192942,11490
230286,54290
252405,11490
248550,50274
243390,48298
203796,48980
208341,48980
204243,3382
221409,39186
221409,63418
155043,3382
250749,11490
207129,11490
249216,11490
246804,11490
206664,32496
232614,57804
251721,59394
248178,59394
186378,32496
162603,39186
162603,63418
176643,3382
172587,3382
209184,3382
64353,59394
153048,48298
128604,61280
206673,32496
210978,53386
60864,63418
60864,39186
211047,33534
68676,61280
229812,39186
229812,63418
66915,63418
66915,39186
206439,54290
242439,39186
242439,63418
209184,50274
226623,3382
251442,61348
61482,61348
188685,11490
173667,59396
173667,62274
226623,63186
226623,42132
228315,3382
210678,50720
176577,61280
208788,33534
155337,3382
212448,48980
184104,3382
197034,32496
207618,61280
216948,57804
245046,50720
210627,3382
220095,59394
154098,54290
244287,52620
247974,3382
177474,11490
221331,51974
61305,3382
162795,59396
162795,62274
128538,61280
213114,32496
239577,35846
251619,32496
212748,32496
206481,32496
198522,32496
205665,63186
205665,42132
171702,61280
228438,3382
208872,63418
208872,39186
65067,33534
241824,32496
173613,63186
173613,42132
154434,11490
207240,59394
253671,32496
156225,59394
223968,53386
177672,32496
181101,3382
214506,3382
216822,48980
205722,48298
157416,48298
207465,63418
207465,39186
211950,39186
211950,63418
184710,11490
182292,61280
206448,57804
206637,57804
203736,61280
203673,63418
203673,39186
206964,54290
205815,59394
61482,33534
249486,48980
211950,63186
211950,42132
203388,61280
212301,32496
207240,48298
206673,57804
59691,59394
209073,59396
209073,62274
222159,62274
222159,59396
208722,50720
208554,50720
209154,3382
224169,62274
224169,59396
166005,3382
210051,11490
179790,59394
163044,11490
208545,59394
212430,11490
227295,11490
209073,51974
237057,48298
165183,11490
177672,59394
161058,39186
161058,63418
188853,63418
188853,39186
203328,54096
208872,3382
207222,48980
65631,11490
223968,48980
64959,51974
206664,57804
203388,63186
203388,42132
249207,50274
184698,63418
184698,39186
203166,3382
167652,3382
211947,33534
178458,57804
201741,63186
201741,42132
153726,11490
192549,3382
206868,48980
250977,59394
186216,61280
206364,11490
210627,11490
164541,32496
253308,48298
240912,3382
209976,3382
154041,57804
65328,3382
207084,32496
245631,61280
253506,57804
206838,57804
177951,59394
164007,48298
214506,61280
212448,11490
191250,3382
244278,33534
213513,62274
213513,59396
224841,11490
253416,32496
206367,32496
210897,32496
206364,48298
246804,59394
156225,11490
192771,50720
158016,50720
253998,50720
223554,50720
66378,50720
250629,50720
251085,50720
192768,50720
210846,50720
205122,50720
203889,50720
229521,50720
205728,50720
59703,50720
199860,50720
253683,63186
253683,42132
249486,36720
183576,33534
25743,11490
212433,11490
232404,51974
206460,51974
211947,3382
195372,61348
183666,11490
191247,39186
191247,63418
193965,11490
69060,3382
206838,59396
253506,59396
206838,62274
253506,62274
153348,59394
237057,52620
253308,11490
155100,59394
153765,11490
207219,3382
242439,32496
208092,51316
188700,59396
188700,62274
128604,57804
224526,32496
210129,59394
164457,11490
59700,32496
226623,59394
242610,61280
236775,63418
230331,63418
236775,39186
230331,39186
251169,63186
251169,42132
155016,11490
186378,63418
186378,39186
203256,61280
206850,59396
206850,62274
210840,51974
235932,51974
253506,59394
206838,59394
165183,50720
204480,11490
129081,39186
129081,63418
206349,32496
206433,32496
206625,32496
68676,11490
205332,51974
175293,11490
202818,63418
202818,39186
209073,53386
203532,63186
203532,42132
252210,63186
252210,42132
241350,36720
248205,11490
206304,59394
201564,50720
203295,50720
203709,50720
61305,11490
203166,11490
154821,11490
249216,32496
250749,32496
207129,32496
211632,33534
129204,63186
129204,42132
206988,32496
250275,32496
194208,32496
163101,54290
186378,3382
206364,61280
234018,59394
234972,59394
155052,33534
253335,62274
253335,59396
203073,59394
203082,59394
238611,59394
59700,62274
59700,59396
213114,59396
213114,62274
56871,3382
252405,50274
203775,50274
238536,39186
238536,63418
234093,54096
129081,51974
192159,32496
203232,32496
206772,61348
66879,57804
165684,39186
210876,39186
165687,63418
210876,63418
165687,39186
165684,63418
252618,63418
252618,39186
129081,57804
210825,32496
208758,124
253935,124
228729,3382
231663,48298
234555,48298
217293,59394
229977,51974
207243,57804
206448,61348
206637,61348
247260,54290
252480,42132
252480,63186
208572,50720
221526,50720
154665,33534
192618,32496
158658,3382
248373,33534
234156,32496
252405,33534
220713,51974
243408,63418
243408,39186
247986,50274
165183,62274
165183,59396
59691,3382
207105,63418
207105,39186
63876,51974
242610,53386
165045,39186
165045,63418
163377,61280
242571,63186
242571,42132
72117,53386
253578,59394
186327,11490
206364,53386
187806,54290
178818,59394
172503,48298
184104,11490
224631,61280
154740,11490
249687,50274
251106,50274
201798,59394
227973,32496
154698,35846
165726,63418
165726,39186
206415,11490
186882,3382
248871,54096
236766,54096
203277,3382
248013,3382
203145,3382
190152,54290
227292,61280
207618,11490
163377,51974
235335,48298
211947,63186
211947,42132
209793,61348
184698,62274
184698,59396
165687,59396
252618,62274
165684,62274
252618,59396
210876,62274
165687,62274
210876,59396
165684,59396
215517,11262
139272,32496
195378,32496
206646,61348
192549,36720
183366,33534
206646,57804
201852,59394
206415,62274
206415,59396
172419,57804
129204,59394
206856,39186
196302,63418
206856,63418
196302,39186
250977,3382
206955,53386
242232,53386
238827,53386
208503,124
154665,57804
247983,48980
153999,63418
153999,39186
251442,48980
246054,39186
246054,63418
230010,57804
247974,32496
249573,59394
222204,61280
187395,11490
154551,11490
248871,63418
248871,39186
236766,63418
236766,39186
229812,59396
229812,62274
231459,48298
206439,48980
206364,48980
247956,61280
184710,50720
241824,51974
178818,11490
222750,59394
209793,32496
216564,57804
163578,11490
252066,1370
252066,62376
72045,61348
211947,50720
217620,11490
203055,59394
154560,61280
198552,63418
198552,39186
157185,59396
157185,62274
163101,61348
195372,36720
230073,53386
163101,11490
192714,59394
187224,63418
187224,39186
249513,63418
249513,39186
205665,50720
228753,11490
203328,124
188685,48298
207330,3382
163251,48298
153642,57804
153138,61280
187263,61280
230286,51974
200964,59396
200964,62274
204144,59394
174513,59396
174513,62274
67764,3382
206415,32496
61305,32496
208872,63186
208872,42132
182556,3382
247962,11490
153726,61280
233970,33534
162984,61280
212433,51974
181860,42132
181860,63186
128538,51974
165183,32496
206748,59776
215112,11490
249486,61348
60762,51316
251442,52620
230331,124
236775,124
249297,50720
240912,63418
240912,39186
157224,3382
232404,32496
206460,32496
211473,39186
211473,63418
179790,61280
253557,52620
157938,48298
213513,48298
213513,51974
211473,42132
211473,63186
154827,11490
232269,11490
180195,54290
226623,50720
211047,11490
249159,3382
162795,59394
61482,54290
154758,39186
154758,63418
247983,11490
166599,39186
238068,63418
166599,63418
238068,39186
227292,57804
187221,48298
179790,48298
59691,50720
223071,59394
181860,16358
186987,33534
242412,50720
246618,50720
208524,50720
229812,16358
224526,11490
219231,3382
184950,62274
184950,59396
206670,57804
206988,11490
194208,11490
250275,11490
216822,48298
96138,59394
154551,3382
246804,3382
187395,3382
181860,35846
56871,59394
209793,36720
190152,48980
156063,59394
210633,48298
222159,59394
187659,54290
252696,32496
203811,3382
67335,33534
155055,48298
212337,39186
212337,63418
187734,48298
203166,32496
154812,61280
154032,54290
249573,35846
220095,3382
153645,51316
208503,3382
196311,59396
196311,62274
213114,11490
183366,11490
166437,61280
208872,50720
164661,33534
206448,11490
206637,11490
154098,51974
208500,39186
208500,63418
229473,33534
186951,33534
187395,59394
154551,59394
234093,50720
178068,59394
164007,57804
239577,124
154476,61280
59691,35846
211344,54290
63876,11490
247260,11490
71301,11490
252210,59394
231162,54290
242439,48298
231459,57804
247260,33534
163044,50720
208116,3382
153999,33534
252480,39186
252480,63418
163251,48980
216948,48298
244971,32496
172503,57804
242571,39186
242571,63418
71301,61280
233091,57804
183450,59396
183450,62274
204228,11490
194409,61280
206673,11490
214194,11490
243408,61280
239577,16358
163044,62274
163044,59396
189009,59394
234129,52620
244971,51974
205665,59394
240912,48298
253557,48980
228438,42132
228438,63186
216309,52620
211947,39186
211947,63418
245154,11490
206856,48298
196302,48298
244287,48980
203532,61280
232029,57804
229812,3382
249486,54290
192159,39186
203232,63418
203232,39186
192159,63418
247986,11490
219231,63186
219231,42132
183492,36720
212211,57804
249687,3382
251106,3382
155052,59394
228438,59396
228438,62274
236775,42132
230331,63186
236775,63186
230331,42132
208812,42132
208812,63186
208794,42132
208794,63186
183213,52620
185244,59394
252774,61280
221151,61280
173667,33534
187974,63418
187974,39186
230010,11490
223071,59396
223071,62274
206673,59396
206673,62274
188700,59394
244971,33534
72561,61280
217380,32496
203439,32496
203259,32496
199860,39186
250629,63418
158016,63418
250629,39186
229521,39186
192768,39186
251085,39186
205728,39186
210846,63418
192768,63418
223554,63418
210846,39186
158016,39186
59703,39186
223554,39186
192771,63418
203889,63418
192771,39186
203889,39186
253998,63418
251085,63418
59703,63418
199860,63418
66378,39186
66378,63418
205122,63418
205122,39186
205728,63418
229521,63418
253998,39186
191250,11490
243954,1370
243954,62376
128538,60
216564,52620
243390,11490
223782,3382
183387,11490
59700,63418
59700,39186
251202,63418
251202,39186
154665,59394
241218,48980
206847,11490
247962,54290
154041,48298
128526,48980
206646,11490
186216,57804
191256,3382
154758,57804
236766,50274
248871,50274
246042,57804
157224,48298
208584,59394
166437,59394
219420,33534
155337,11490
189009,48298
235458,59394
187806,36720
177474,59394
222204,11490
187734,57804
208053,57804
192714,11490
251202,50720
215457,51316
192549,61280
235932,32496
210840,32496
161058,11490
209994,59394
208209,33534
88920,53386
225276,11490
253671,59394
219231,16358
203055,11490
250434,59396
250434,62274
206850,59394
183666,61280
197676,57804
254118,59394
211344,51974
208812,16358
208794,16358
206670,61280
165183,59394
163044,59394
221151,54096
252774,54096
153867,11490
181203,62376
181203,1370
160770,39186
160770,63418
177951,33534
157416,51974
205722,51974
199044,59394
198873,3382
206955,54290
242232,54290
238827,54290
154032,59396
154032,62274
212220,53160
176403,53160
206664,59394
163377,57804
252696,11490
208584,63418
208584,39186
210978,54290
246042,61280
210876,59394
165687,59394
252618,59394
165684,59394
204657,51974
210000,61280
155034,61280
252405,32496
248550,3382
221151,124
252774,124
175878,62274
175878,59396
207084,11490
211812,59394
154812,11490
210816,59394
244278,59396
244278,62274
229812,124
188685,57804
198792,63186
198792,42132
153888,59396
153888,62274
225276,39186
225276,63418
184710,50274
226662,32496
254400,1370
254400,62376
220218,61280
220011,124
203709,61280
203295,61280
201564,61280
154698,61280
160770,33534
244278,63186
244278,42132
238068,54096
166599,54096
251619,61348
198522,61348
206481,61348
212748,61348
163044,32496
192627,51974
208722,42132
208554,42132
208554,63186
208722,63186
187221,11490
184698,11490
192771,63186
223554,42132
192768,42132
205728,63186
59703,42132
223554,63186
158016,42132
229521,63186
59703,63186
253998,42132
205122,42132
66378,63186
205122,63186
205728,42132
192771,42132
229521,42132
253998,63186
251085,42132
250629,63186
66378,42132
250629,42132
158016,63186
210846,63186
203889,63186
199860,63186
251085,63186
203889,42132
210846,42132
199860,42132
192768,63186
166005,50274
205665,39186
205665,63418
242571,59394
212337,50720
206415,59394
229473,3382
186951,3382
239577,63418
239577,39186
204243,61280
171702,48298
247986,3382
203811,61280
206625,11490
206349,11490
206433,11490
251202,61280
159027,63418
159027,39186
205188,63418
205188,39186
245631,59394
207330,59396
207330,62274
71301,51974
192627,61280
244158,11490
206964,48298
154869,11490
210690,50720
208521,50720
191553,11490
183459,62376
183459,1370
163251,61280
245046,62274
245046,59396
215457,48980
198279,11490
220011,50274
155106,3382
155106,11490
64365,42132
64365,63186
67158,11490
223071,11490
60864,62274
60864,59396
234093,42132
234093,63186
251121,61280
252210,50720
196311,11490
153645,32496
206964,11490
200964,16358
154434,59394
191256,61280
224841,50274
241389,11490
232029,48298
181371,59394
195063,62274
195063,59396
164007,11490
222204,48298
249297,59394
64272,48298
208500,50720
210810,61280
209793,50720
245154,59394
205188,50720
159027,50720
187962,48298
188685,61280
233970,42132
233970,63186
162603,11490
242610,60
65640,62274
65640,59396
253416,59394
206367,59394
210897,59394
235458,11490
213513,53386
177672,61280
210897,11490
206367,11490
253416,11490
72930,61348
182442,11262
206664,53386
178458,51974
244866,61280
203271,61280
203274,61280
196722,61280
154560,11490
89013,57804
198552,61280
249342,52620
213114,61280
247956,59394
155481,54290
203073,11490
238611,11490
203082,11490
153669,54290
238536,3382
220713,53386
129081,48980
183363,51974
188196,59394
165750,59396
165750,62274
88821,59396
88821,62274
208092,32496
153888,11490
207222,52620
210234,52620
250434,33534
64959,57804
252480,3382
64272,61280
252210,39186
252210,63418
203388,50720
157224,57804
235458,61280
187263,59394
248871,16358
236766,16358
219048,61280
253335,3382
207465,48298
197676,59396
197676,62274
208812,54096
208794,54096
223728,54096
244479,33534
247260,61348
191451,3382
233970,62274
233970,59396
200508,61280
210171,57804
129204,39186
129204,63418
186882,39186
186882,63418
236766,3382
248871,3382
183390,34092
183390,56714
211989,61280
191247,59396
191247,62274
195372,53386
247002,48980
211749,61348
203727,63418
203727,39186
207084,59394
239577,59396
239577,62274
208503,50720
181746,48298
175878,11490
208503,63186
208503,42132
207339,53386
252081,53386
167514,61280
203259,61348
203439,61348
217380,61348
225276,61280
230010,51974
153348,61280
203301,39186
203706,63418
203301,63418
203706,39186
209793,61280
154758,36720
206304,3382
212571,50720
176403,59776
212220,59776
202818,50720
249573,36720
153813,39186
153813,63418
244173,57804
244158,59396
244158,62274
64353,3382
195723,42132
195723,63186
198534,11490
203280,61280
204717,61280
205905,61280
249579,61280
96444,61280
218061,61280
61908,61280
230178,48298
203673,32496
224841,57804
192618,3382
245046,59394
208053,59396
208053,62274
254400,11262
207330,59394
65328,33534
208554,59394
208722,59394
220095,11490
244680,51974
191250,61280
248682,11490
62817,61348
231162,36720
67335,59394
153669,61348
225501,48980
252774,63418
221151,63418
221151,39186
252774,39186
228315,11490
187386,61280
171372,59394
244479,3382
206433,59394
206625,59394
206349,59394
208500,61280
234555,32496
231663,32496
206856,32496
196302,32496
231876,32496
208554,39186
208722,39186
208554,63418
208722,63418
249930,39186
249930,63418
206850,11490
228687,60
214998,51974
208503,59394
220728,48980
191892,48980
167652,57804
88821,59394
165750,59394
171372,11490
184710,32496
248550,11490
64272,57804
165045,35846
207240,57804
192627,57804
245631,11490
188730,3382
206964,61348
206763,11490
206496,11490
211641,11490
206412,11490
206484,11490
206514,11490
203301,61280
203706,61280
65067,59394
154821,57804
201798,32496
72561,11490
187734,62274
187734,59396
223728,16358
211950,50720
249159,33534
173613,62274
173613,59396
211473,3382
241218,52620
241350,63418
241350,39186
244479,39186
244479,63418
249342,50720
223728,63186
223728,42132
224526,59394
252696,59394
234120,3382
179496,51974
153999,62274
153999,59396
128538,33534
225699,62274
225699,59396
248292,53386
222906,57804
249297,32496
248178,50720
208584,50720
251721,50720
205722,57804
157416,57804
212211,61348
166995,63186
166995,42132
212442,48980
224841,48298
206460,11490
232404,11490
242232,48298
206955,48298
238827,48298
156063,11490
175878,59394
198792,33534
61482,53386
188853,63186
188853,42132
191247,59394
241218,51316
230331,50274
236775,50274
206850,32496
210000,11490
155034,11490
211740,51974
60864,59394
203328,39186
203328,63418
213114,48980
247962,48980
206670,53386
69060,32496
167652,48298
206991,11262
59700,33534
165045,57804
209793,53386
192627,48298
183492,61348
207465,51974
66915,59396
66915,62274
217782,54290
221409,54096
215112,48980
96138,63418
96138,39186
67827,59396
67827,62274
231057,48980
229812,32496
206772,11490
234555,3382
231663,3382
64353,11490
220095,61280
250977,61280
212748,11490
206481,11490
198522,11490
251619,11490
222906,51974
165750,63418
88821,63418
88821,39186
165750,39186
180195,51974
128763,3382
217002,39186
217002,63418
163032,11490
206673,48980
206670,48980
206646,61280
234129,11490
196302,51974
206856,51974
234555,11490
231663,11490
206772,53386
207144,48980
155031,56696
155031,35732
223728,50274
187659,53386
236226,36720
65640,53386
242439,51974
242439,57804
162843,11490
186177,61348
231162,53386
203256,61348
206664,61348
227292,51974
249687,33534
251106,33534
210051,48298
154041,11490
72918,61280
208503,63418
208503,39186
96138,32496
249297,11490
206964,48980
210342,61348
253683,11490
183366,52620
167652,11490
186378,59396
186378,62274
251106,63418
249687,39186
251106,39186
249687,63418
25743,32496
176643,57804
172587,57804
215457,52620
245046,11490
207396,59394
153645,61280
203727,61280
175293,33534
153813,57804
154803,11490
178068,11490
241389,59396
241389,62274
220218,11490
206673,61280
188196,3382
248373,61280
203328,61280
208209,42132
208209,63186
192942,48980
154665,60
231876,53386
217782,61348
172587,48298
176643,48298
254118,11490
253683,32496
210342,53386
246042,3382
59691,57804
88920,61348
204480,48298
229737,61280
228729,62274
228729,59396
209976,59396
209976,62274
206637,61280
206448,61280
25743,57804
63876,57804
210171,11490
223728,39186
223728,63418
187707,61348
209799,57804
167316,50274
213114,53386
217494,48298
191250,51974
247974,61280
187875,51974
206367,59396
253416,62274
210897,62274
253416,59396
206367,62274
210897,59396
219231,124
157398,11490
216108,33534
71301,54290
251391,60
248178,63418
251721,63418
248178,39186
251721,39186
183576,50274
204144,33534
249573,60
238032,52620
56871,11490
25743,33534
165726,61348
177474,59396
177474,62274
154476,3382
177951,11490
229536,61348
181860,124
198873,57804
253053,1370
253053,62376
252774,50720
221151,50720
186987,11490
66915,11490
206442,11262
167316,63418
167316,39186
230028,52620
217002,62274
217002,59396
155271,3382
153645,48298
197676,48298
234864,61348
157398,59394
234120,32496
208209,32496
172719,3382
67158,62274
67158,59396
153765,48298
64272,51974
249294,61348
238263,61348
241389,59394
178458,48298
228687,35846
251169,39186
251169,63418
129204,50720
206673,53386
213513,61280
197529,32496
247548,3382
65640,59394
154434,3382
198882,61348
242151,61348
181860,50274
234156,51974
224841,51974
191316,52620
65598,48298
194409,48980
231162,61348
229812,54096
209994,48298
219231,32496
67335,61280
154119,51974
196722,61348
203271,61348
254436,1370
254436,62376
241350,32496
228729,57804
198882,32496
242151,32496
198801,48298
156225,51974
232404,59394
206460,59394
247956,11490
184698,3382
164337,48298
198534,33534
213114,61348
212301,61348
207105,48980
140277,32496
250749,59394
207129,59394
249216,59394
232068,57804
66879,59394
209970,11490
195372,48980
187224,63186
187224,42132
192618,39186
192618,63418
206637,48980
206448,48980
221409,32496
253671,61280
203301,50720
203706,50720
203532,50720
203256,48980
153888,59394
153138,51974
211947,59394
154119,48298
162843,61280
154698,57804
61899,61348
244971,11490
189009,61280
210825,3382
231162,48980
209970,32496
164337,11490
207219,42132
207219,63186
242232,11490
206955,11490
238827,11490
241389,61280
157185,57804
154665,11490
235932,11490
210840,11490
206772,48980
153813,60
211407,52620
153999,11490
203328,50720
153048,53386
208053,48298
253578,61280
249513,61280
221409,62274
221409,59396
242130,61280
206646,48980
211812,61280
251442,53386
206673,61348
197676,11490
249342,54864
153867,48298
211344,48980
212478,11490
249687,32496
251106,32496
179790,53386
210678,61280
211740,57804
159027,61280
205188,61280
253335,32496
154404,11262
213513,57804
201852,61280
205332,48298
211632,62274
211632,59396
183921,57804
203259,61280
203439,61280
217380,61280
177951,61280
202818,3382
247260,53386
153726,53386
212433,48980
211740,50720
166995,33534
228687,63418
228687,39186
156225,3382
153402,3382
153150,3382
206772,54290
211812,59396
211812,62274
228315,61280
154032,51974
66915,33534
201741,59394
197034,61280
177951,3382
153888,61280
250434,11490
172503,11490
186882,50274
203259,48980
203439,48980
217380,48980
164007,61280
244971,48298
154506,3382
254118,3382
209154,59394
194208,59394
207084,59396
207084,62274
220713,11490
212433,48298
67764,63186
67764,42132
243390,57804
187962,48980
253308,54290
228753,59396
228753,62274
189009,51974
65631,62274
65631,59396
208116,32496
157224,59396
157224,62274
208092,61280
248682,59396
248682,62274
217293,61280
153756,53386
69060,39186
69060,63418
184635,59822
184635,1304
195723,59394
172503,62274
172503,59396
228753,61280
234120,11490
234156,59396
234156,62274
244866,48980
203274,48980
196302,50720
206856,50720
189009,57804
231459,61280
210129,63418
210129,39186
212688,57804
181101,11490
185817,61348
163251,51974
59700,3382
157185,48298
212688,51974
206988,59394
250275,59394
204375,59396
204375,62274
155271,59394
155043,11490
217494,3382
63876,61348
165045,59394
209073,54290
209184,32496
65598,53386
188196,11490
196722,48980
203271,48980
247974,11490
154167,51974
247548,59394
210441,1304
210441,59822
167514,48980
128763,33534
194409,48298
206625,59396
206433,59396
206349,62274
206349,59396
206433,62274
206625,62274
153642,48298
181371,3382
210978,48980
155106,61280
206838,48980
253506,48980
197034,61348
242151,48980
198882,48980
211047,61280
221151,42132
252774,42132
221151,63186
252774,63186
72918,32496
206439,48298
196302,62274
206856,59396
206856,62274
196302,59396
248871,33534
236766,33534
162795,51974
63876,61280
172587,11490
176643,11490
186327,53386
171372,61280
207144,59396
207144,62274
184104,61280
155337,61280
246150,3382
208812,63418
208794,39186
208794,63418
208812,39186
64365,3382
188853,3382
65640,51974
209154,39186
209154,63418
206664,48980
207240,51974
211740,32496
155481,48980
230073,48980
246054,33534
228753,59394
211749,48298
243954,11262
158658,33534
228687,57804
65067,3382
210171,59396
210171,62274
154665,48298
187386,36720
184635,11262
220713,54290
209796,51974
222669,52620
196302,59394
206856,59394
203775,32496
241824,62274
241824,59396
173613,3382
192942,62274
192942,59396
236226,61348
248301,48298
242232,61348
238827,61348
206955,61348
61482,52620
187263,48298
253506,61280
206838,61280
154506,61280
186987,59394
217002,42132
217002,63186
201741,33534
181101,57804
188730,48298
208116,61348
211740,61280
153642,61348
154167,57804
164337,57804
198552,51974
157398,61280
182556,59394
209994,11490
196311,59394
96138,51316
195723,11490
223728,3382
188853,57804
213513,48980
212301,53386
63876,48980
236766,42132
248871,42132
248871,63186
236766,63186
211740,48298
236775,3382
230331,3382
198522,54290
251619,54290
212748,54290
206481,54290
176643,59396
176643,62274
172587,59396
172587,62274
181860,11490
154404,1304
154404,59822
211749,54290
244971,54290
188730,57804
187224,3382
164541,3382
203775,39186
203775,63418
208116,61280
209073,61280
56871,61280
228729,63186
228729,42132
224841,59394
212433,61280
161208,11490
212442,11490
249294,32496
238263,32496
208545,39186
208545,63418
249297,61280
96138,48298
187224,59394
174513,11490
183366,61348
227973,39186
227973,63418
217494,59394
188961,62274
188961,59396
172419,48298
235335,61348
128685,32496
251721,61280
248178,61280
250782,59394
227295,62274
212430,62274
227295,59396
212430,59396
205812,11490
245154,61280
194208,48980
153765,57804
153645,51974
220269,36720
210816,61280
245046,32496
249216,53386
250749,53386
207129,53386
171702,48980
231459,51974
198552,61348
206664,62274
206664,59396
249207,59396
249207,62274
207084,48980
128685,33534
187386,57804
251625,63186
251625,42132
89013,51974
166599,32496
238068,32496
253335,63418
253335,39186
72045,36720
248061,51974
203328,42132
203328,63186
224169,11490
238068,3382
166599,3382
216948,51974
164541,57804
167316,32496
96138,36720
181101,61280
200964,3382
207396,61280
188730,33534
167652,59396
167652,62274
206415,48980
253416,48980
210897,48980
206367,48980
61824,48980
232404,62274
232404,59396
206460,59396
206460,62274
198279,48980
69060,61348
207129,61348
250749,61348
249216,61348
224841,53386
165726,60
163377,61348
164337,59396
164337,62274
240939,33534
163032,61280
243408,61348
209073,61348
242232,48980
206955,48980
238827,48980
207927,53386
65631,53386
206625,48980
206433,48980
206349,48980
231102,51974
154119,57804
203673,61348
208545,61280
207243,51974
153765,51974
204375,59394
178068,3382
194208,62274
194208,59396
238218,51974
165726,48980
230010,61280
140277,61348
226662,39186
226662,63418
189045,51974
204189,63360
187974,61280
203733,48980
244173,48298
247260,48980
238536,60
184104,48298
249207,48980
234156,48298
67158,59394
206664,61280
216108,59396
216108,62274
214506,11490
59691,42132
59691,63186
196311,51974
164541,59394
176577,57804
154821,48298
186378,59394
211047,3382
250434,57804
153888,57804
65328,11490
222204,57804
206988,62274
206988,59396
250275,62274
250275,59396
204144,57804
167316,3382
212469,61280
154041,62274
154041,59396
167316,33534
203796,57804
208341,57804
237804,51974
248550,59394
187659,61348
177474,61280
161208,59396
161208,62274
184509,57804
206868,48298
209622,51974
128763,59394
231663,51974
234555,51974
210129,61280
155106,48298
206484,32496
206514,32496
206763,32496
206412,32496
211641,32496
206496,32496
155100,3382
232029,51974
157224,11490
231876,36720
64353,61280
229536,36720
155031,1370
155031,62376
231057,11490
252480,33534
212469,51974
207084,53386
163377,48298
154551,61280
187395,61280
246804,61280
205812,62274
205812,59396
187386,60
238218,11490
242610,11490
203274,61348
244866,61348
208545,50720
207144,59394
184950,33534
208053,53386
246150,61280
179496,53386
181860,63418
181860,39186
206850,48980
212301,54290
203280,48980
205905,48980
61908,48980
218061,48980
249579,48980
204717,48980
96444,48980
155337,48298
209799,48298
173667,11490
254436,59822
254436,1304
229977,61348
201798,63418
201798,39186
211740,61348
179790,51974
254004,56696
254004,35732
234864,53386
253416,53386
206367,53386
210897,53386
244158,59394
249216,62274
250749,62274
207129,59396
249216,59396
250749,59396
207129,62274
192942,59394
129204,61280
220713,61348
249573,61280
232035,32496
206625,53386
206433,53386
206349,53386
216309,48980
223782,33534
172719,57804
61482,60
206988,48980
250275,48980
251121,32496
153402,59394
153150,59394
128685,63418
128685,39186
203439,63418
203439,39186
203259,63418
203259,39186
217380,39186
217380,63418
164457,54290
96138,11490
183366,54290
232029,48980
154665,51316
206748,53160
246054,62274
246054,59396
207129,48980
250749,48980
249216,48980
245154,59396
245154,62274
163032,51316
181203,11262
253506,53386
206838,53386
66879,61280
207084,61348
194208,53386
226662,48298
253683,59396
253683,62274
196311,48980
64365,57804
207219,48298
203388,63418
203388,39186
203736,48980
185244,61280
174513,59394
253935,32496
208758,32496
201741,57804
197676,59394
210129,50720
209976,33534
210840,59394
235932,59394
204375,48980
249207,59394
212571,61348
249930,59396
249930,62274
187875,53386
198873,51974
232404,48980
206460,48980
184698,59394
253335,11490
186216,48298
250782,3382
206988,53386
250275,53386
140277,48980
208209,59396
208209,62274
212469,39186
212469,63418
210897,61348
253416,61348
206367,61348
204144,11490
232614,48298
129081,48298
183387,59394
67764,61280
224931,51974
247956,48298
211473,33534
206433,61348
206349,61348
206625,61348
188100,48980
197529,61280
195723,33534
210840,48980
235932,48980
203532,39186
203532,63418
61482,51316
211632,11490
208794,124
208812,124
188685,51974
226623,61280
184104,57804
223968,36720
139272,59396
195378,59396
195378,62274
139272,62274
188700,48980
249573,57804
187659,48980
158658,62274
158658,59396
248550,32496
213513,61348
206988,61348
250275,61348
194208,61348
164457,53386
248682,48980
188331,48298
192771,61348
203889,61348
205122,61348
192768,61348
229521,61348
199860,61348
253998,61348
59703,61348
158016,61348
66378,61348
251085,61348
223554,61348
205728,61348
210846,61348
250629,61348
229737,48980
163131,48980
188787,54290
207240,48980
211476,48980
253308,53386
226662,11490
155481,36720
230178,11490
192627,61348
212433,54864
206847,59396
206847,62274
228315,57804
154032,48980
203733,61348
210441,56714
210441,34092
174513,53386
206664,48298
192159,61280
203232,61280
230010,54864
251169,59394
188787,61348
248871,124
236766,124
188331,61348
240912,61280
211533,48980
183366,48980
157938,57804
240912,61348
203145,61280
203277,61280
248013,61280
244479,61280
65631,59394
217293,32496
198552,48298
209970,62274
209970,59396
213114,48298
226662,59394
183912,48298
208794,3382
208812,3382
224841,59396
224841,62274
232269,48980
228315,48298
232029,61280
155100,61280
209793,39186
209793,63418
252210,61280
232068,51974
65631,51974
249159,11490
206460,53386
232404,53386
162984,51974
160029,32496
252618,48980
210876,48980
165684,48980
165687,48980
160770,59396
160770,62274
203673,48980
211533,61348
238218,33534
128685,50274
177672,51974
188100,61348
211473,62274
211473,59396
246054,11490
244971,48980
200508,32496
199044,48980
240939,3382
251625,57804
153642,53386
162984,48980
153669,48980
72930,48980
183912,57804
213114,54290
234972,61280
234018,61280
230286,61348
201741,48298
182556,61280
206637,53386
206448,53386
203073,61280
238611,61280
203082,61280
211476,54290
228753,48298
235932,53386
210840,53386
234120,51974
207084,48298
192714,32496
242439,61280
139272,11490
195378,11490
206673,48298
128604,48298
155106,57804
209094,57804
140277,63418
140277,39186
153756,54290
182556,11490
205665,61280
157854,51316
222750,61280
153048,51974
224931,57804
195723,61280
198552,48980
250947,32496
221610,34092
221610,56714
247986,59394
206646,53386
207219,61280
203775,61280
160770,42132
160770,63186
244479,59394
209073,48980
234120,59394
154032,61348
210897,61280
253416,61280
206367,61280
232404,61348
206460,61348
207243,53386
186951,11490
229473,11490
225480,61348
206349,48298
206433,48298
206625,48298
203055,32496
231876,48980
237804,57804
213513,54290
249930,33534
155481,53386
128685,3382
178818,61280
241389,48298
204480,57804
207240,61280
230010,48980
198279,57804
228729,48298
183366,60
59700,11490
203700,48980
244278,59394
154770,48298
64365,59394
164337,59394
140277,61280
252480,62274
252480,59396
187806,48980
128763,11490
227973,61348
234555,61348
231663,61348
153813,36720
210840,61348
235932,61348
208518,61280
194208,48298
248682,57804
183363,32496
198801,53386
204717,61348
218061,61348
205905,61348
61908,61348
203280,61348
249579,61348
96444,61348
162984,53386
154098,61348
234120,63418
234120,39186
187974,48980
163032,48980
59691,11490
184710,59394
181860,32496
203055,61280
155337,57804
191316,60
251391,32496
192714,61280
174195,51974
155052,48298
221331,61348
249486,61280
206988,48298
249216,48298
250749,48298
207129,48298
250275,48298
203724,32496
157854,54864
245046,48980
153888,48298
208584,61280
234555,59394
231663,59394
207927,51974
241389,57804
232614,48980
248301,51974
163101,48980
184710,59396
184710,62274
249513,61348
207084,61280
65640,61280
206367,48298
210897,48298
253416,48298
155100,11490
155043,48298
244158,57804
153813,32496
156024,48298
201741,11490
213978,59776
183387,59396
183387,62274
206514,48980
206412,48980
206763,48980
206484,48980
211641,48980
206496,48980
162795,54290
67335,11490
188196,61280
203727,32496
157767,48980
216822,57804
188700,61280
209793,48980
164541,11490
205815,51974
208545,61348
203736,61348
197286,32496
250653,32496
222669,48980
201741,61280
211950,33534
211476,61348
249930,42132
249930,63186
233091,48298
251625,59394
223782,62274
223782,59396
203724,48980
155052,11490
206433,61280
206625,61280
206349,61280
226623,63418
226623,39186
228315,51974
231663,39186
234555,63418
231663,63418
234555,39186
156225,61348
183492,48980
244158,48298
59700,59394
195378,59394
139272,59394
208053,51974
214998,54290
242571,61280
244680,61348
248202,59776
224526,61280
252696,61280
156225,57804
186951,62274
186951,59396
229473,59396
229473,62274
206868,53386
212469,57804
67764,57804
214998,36720
206439,53386
162603,59396
162603,62274
64353,48298
158274,56714
158274,34092
208116,63418
208116,39186
204411,48298
237804,48298
197034,48980
204144,3382
184509,48298
199044,48298
206772,48298
64353,57804
187962,51974
178458,48980
253335,59394
211749,48980
183366,53386
172419,51974
210810,48298
206481,48980
198522,48980
212748,48980
251619,48980
160770,32496
228438,61280
187734,11490
156225,61280
210876,61280
165684,61280
252618,61280
165687,61280
220011,33534
203082,32496
238611,32496
203073,32496
198873,48298
160770,11490
209796,54290
201522,59776
230331,33534
236775,33534
184509,51974
206847,48298
157185,36720
212433,61348
209184,62274
209184,59396
187707,36720
165183,48980
203724,61348
178068,61280
210840,62274
235932,62274
210840,59396
235932,59396
216948,53386
174195,57804
235458,57804
231102,53386
208626,34092
208626,56714
253335,61348
166437,48298
187263,57804
72918,11490
196845,48980
235335,48980
210633,53386
227973,61280
188730,59394
248682,59394
204375,48298
225480,48980
157185,48980
232035,48980
192714,61348
254436,11262
222906,48298
220011,63418
220011,39186
205812,59394
208209,11490
242412,61348
246618,61348
208524,61348
155055,57804
67335,57804
205332,61348
167652,53386
188853,59394
207618,48298
184488,11262
223071,61280
196311,61280
229737,51974
206460,48298
232404,48298
191250,57804
192714,51974
194409,57804
206670,48298
181101,33534
217002,3382
212469,48980
233091,53386
227310,57804
248205,48298
207465,61348
201798,61348
206664,54290
61899,48980
224841,48980
154827,57804
220269,48980
153999,61280
96138,33534
183912,51974
64959,48298
154827,48298
234093,59394
237057,53386
216564,59776
179853,32496
204144,61280
212301,48980
209184,33534
254118,61280
234120,61348
212571,32496
210690,32496
208521,32496
230286,36720
208500,61348
128604,48980
251721,61348
248178,61348
220218,3382
208722,61280
208554,61280
240939,50720
217782,53386
233970,11490
209976,57804
203673,61280
230010,61348
186987,57804
210168,48980
61692,48980
208503,61280
161208,57804
198801,48980
163251,61348
244278,11490
178818,3382
189009,61348
228729,33534
252774,61348
221151,61348
228438,59394
188961,59394
204480,51974
205815,48980
167652,59394
210171,53386
65067,61280
61824,61348
228753,57804
72045,54290
183387,61280
172503,53386
62817,54290
221409,33534
223401,11262
204228,3382
199044,36720
232029,36720
72045,48980
177672,48298
182292,51974
181746,57804
172503,59394
206763,62274
211641,62274
206496,59396
206496,62274
206412,62274
206514,62274
206484,62274
206763,59396
206514,59396
206412,59396
206484,59396
211641,59396
238218,54290
227292,48298
207465,53386
190152,61280
67764,59394
163044,48980
192549,63418
192549,39186
249159,62274
249159,59396
236226,48980
223782,57804
206514,59394
211641,59394
206496,59394
206763,59394
206484,59394
206412,59394
88920,54290
208521,61348
210690,61348
206637,48298
206448,48298
192618,59396
192618,62274
157416,61348
205722,61348
188331,48980
223401,1370
223401,62376
187224,57804
198882,57804
242151,57804
64959,61348
217002,33534
223728,124
252405,59396
252405,62274
158658,57804
253935,33534
208758,33534
200508,11490
223071,57804
162843,3382
206460,61280
232404,61280
181746,51974
206670,54290
249216,61280
207129,61280
250749,61280
160029,61348
251391,51974
204189,61540
154041,59394
173613,57804
216309,59776
63876,36720
247260,59776
228438,33534
248292,54290
187974,61348
154119,61348
252066,11262
232035,61348
165786,54290
153048,48980
186177,54290
162795,61348
206673,54290
176403,63136
212220,63136
212220,63540
176403,63540
203055,63418
203055,39186
227310,32496
211473,57804
240939,124
204228,61280
65598,51974
163578,48298
206838,48298
253506,48298
206304,61280
245631,57804
254004,1304
254004,59822
208500,48980
72645,61348
183459,11262
188853,48298
183390,62376
183390,1370
223071,48298
179790,61348
244278,61280
201798,48980
246054,57804
210633,59776
227973,48980
189045,53386
181371,61280
201798,61280
235932,48298
210840,48298
244479,11490
195723,57804
164007,51974
163377,53386
203736,48298
254400,56714
254400,34092
96138,48980
196302,53386
206856,53386
253335,57804
248202,53160
203700,61348
187221,53386
155043,57804
188787,48980
250977,11490
205815,53386
165750,61280
88821,61280
251391,48298
184104,51974
164337,61280
212211,48980
173667,57804
153138,61348
188331,36720
204657,53386
203082,48980
203073,48980
238611,48980
210825,61280
187806,53386
212301,11490
251625,11490
211476,48298
209799,51974
215112,59776
245154,57804
59703,32496
66378,32496
253998,32496
203889,32496
192768,32496
205122,32496
199860,32496
158016,32496
210846,32496
229521,32496
251085,32496
205728,32496
250629,32496
192771,32496
223554,32496
241350,48298
206646,48298
235458,48298
247956,57804
221331,48298
241350,48980
200508,61348
248682,51974
154665,61280
69060,61280
161208,59394
184710,48980
210051,51974
165786,61348
253671,57804
194208,61280
203871,61348
203181,61348
204780,61348
198279,61348
180195,48980
191250,48298
192618,59394
241350,60
186951,59394
229473,59394
240939,54096
191250,61348
203055,61348
156024,57804
188331,54290
196311,57804
250275,61280
206988,61280
154803,57804
212448,59776
191247,61280
190152,53386
66879,51974
203775,61348
187734,59394
206868,61280
207144,61280
232068,48980
203055,51974
154404,35732
154404,56696
242151,51974
198882,51974
212433,36720
203727,61348
197529,63418
197529,39186
208788,57804
209976,59394
252480,57804
153756,61348
236226,54290
198279,51974
187386,32496
241824,53386
219420,59396
219420,62274
249513,32496
203256,51974
228687,32496
154167,61348
242610,48980
197529,48980
183450,59394
153726,54290
223728,33534
183921,48298
239577,63186
239577,42132
206856,54290
196302,54290
67764,48298
209622,48980
228687,3382
171702,51974
71301,61348
234156,59394
66915,61280
235335,54290
128538,54290
230178,57804
209184,11490
224841,61348
211533,57804
229536,54290
153645,60
248301,33534
177672,48980
196302,61280
206856,61280
178458,61348
211989,32496
231057,59776
211947,61280
166437,57804
191451,48298
153726,61348
161058,61348
224631,51974
248301,11490
214998,61348
157767,61348
241824,11490
220713,48980
160029,48980
203511,48980
192714,39186
192714,63418
240939,39186
240939,63418
191451,62274
191451,59396
203532,32496
222159,61280
207339,59776
252081,59776
209184,42132
209184,63186
162603,61280
219420,48298
175878,61280
67158,61280
229473,57804
186951,57804
242610,61348
187974,51974
197529,61348
209976,61280
216948,61348
219048,51974
196311,61348
226662,51974
205812,61280
207219,59394
221331,48980
187875,61348
174513,61280
206847,59394
241824,59394
181203,59822
181203,1304
221526,32496
242412,32496
246618,32496
208572,32496
208524,32496
208872,33534
172587,59394
176643,59394
249930,3382
191247,48980
204771,61348
251625,61280
59691,61280
209796,61348
128763,61280
248373,32496
207396,61348
154041,53386
155337,51974
231102,61348
153138,53386
229737,57804
203829,48980
72918,57804
196845,61348
172719,48298
217620,48298
203271,51974
196722,51974
188730,11490
222204,51974
230010,53386
65598,54290
238263,48980
249294,48980
64365,33534
188853,33534
153999,59394
164541,48298
238536,57804
25743,48980
244173,51974
229977,48980
190152,48298
238611,61348
203082,61348
203073,61348
187386,33534
211749,53386
212571,48980
244971,53386
238611,39186
203082,63418
203073,39186
203073,63418
238611,63418
203082,39186
172587,53386
176643,53386
203439,51974
217380,51974
203259,51974
217620,57804
230010,54290
198801,51974
247983,59776
210441,11262
177474,57804
210816,57804
208500,32496
72930,54290
154665,51974
249486,48298
172503,51974
187734,53386
211812,57804
210825,61348
209094,48298
203796,54290
208341,54290
234864,48980
203181,48980
203871,48980
204780,48980
203082,51974
238611,51974
203073,51974
211140,52620
211989,61348
203775,48980
210342,54290
165726,57804
185817,54290
64365,48298
249216,54290
207129,54290
250749,54290
224841,54290
208524,48980
242412,48980
246618,48980
227292,48980
155100,48298
210171,59394
219048,57804
61482,59776
200964,32496
242130,32496
246054,48298
252774,32496
221151,32496
203796,48298
208341,48298
248061,48980
249513,48980
203511,61348
64365,61280
187707,54290
207618,51974
184635,35732
184635,56696
157416,48980
205722,48980
233970,59394
221610,50274
210051,57804
241350,11490
158658,59394
234156,11490
234972,48980
234018,48980
166005,59396
166005,62274
238068,59396
166599,59396
238068,62274
166599,62274
209994,57804
212478,48298
65640,61348
216948,48980
203277,48980
248013,48980
203145,48980
206847,48980
154812,57804
244866,51974
203274,51974
233091,51974
216822,54290
157767,51974
208584,61348
61692,61348
210168,61348
224169,48980
248178,48980
251721,48980
212430,57804
227295,57804
154434,61280
208092,60
60762,60
251202,61348
210816,48980
207396,51974
196302,61348
206856,61348
166599,42132
238068,42132
238068,63186
166599,63186
158658,11490
71301,48980
165045,61280
241350,51974
212337,61348
216564,32496
221526,61348
208572,61348
225501,59776
139272,36720
195378,36720
207240,61348
209622,57804
155403,57804
234864,54290
214194,62274
214194,59396
251625,33534
203295,32496
201564,32496
203709,32496
230178,53386
153645,54290
154476,48298
209796,48980
247260,53160
139272,48980
195378,48980
158658,48298
206850,51974
189045,61348
177672,61348
248550,63418
248550,39186
208116,51974
184635,56714
184635,34092
242151,11490
198882,11490
159027,61348
205188,61348
208758,11490
253935,11490
177474,48298
65598,33534
204375,61280
253053,11262
166995,59396
166995,62274
187224,61280
229812,33534
156225,48298
165750,48980
88821,48980
222159,48298
164661,50274
251121,11490
201564,61348
203709,61348
203295,61348
183492,54290
207240,54290
228438,11490
200508,48980
207240,53386
209154,61280
207084,54290
219420,61280
236226,53386
198792,11490
246042,51974
206838,54290
253506,54290
59700,57804
208518,57804
211989,48980
208788,32496
244971,59776
207396,57804
247962,48298
198792,62274
198792,59396
196302,48980
206856,48980
182292,57804
254004,34092
254004,56714
251391,54290
155271,61280
166599,33534
238068,33534
245631,48298
188787,53386
234972,32496
234018,32496
238536,61280
247956,51974
204375,51974
231102,48980
158658,61280
210897,54290
206367,54290
253416,54290
247548,61280
156063,3382
210129,61348
173613,59394
235458,51974
206625,54290
206433,54290
206349,54290
210840,61280
235932,61280
88920,48980
244680,53386
187224,33534
195378,57804
139272,57804
232068,61348
183363,33534
203301,61348
203706,61348
245046,51974
180195,61348
232029,54864
172419,53386
253308,48980
206076,11262
248061,61348
128538,11490
207330,61280
203706,32496
203301,32496
203055,48980
223782,48298
250782,61280
247260,63540
247260,63136
162984,36720
237804,61348
206076,56714
206076,34092
181371,48298
203388,61348
207240,54864
192714,48980
251202,48980
194208,54290
221331,54290
206304,48298
176577,53386
207618,57804
72645,48980
63876,54864
63876,48298
232614,53386
248292,61348
241824,61348
247962,52620
202818,33534
203328,61348
203733,51974
155100,57804
198552,57804
227292,61348
192159,61348
203232,61348
246963,53160
208521,48980
210690,48980
222159,57804
207105,11490
175293,59394
204189,53160
204144,48298
192627,48980
202818,60
253578,48298
153348,48298
154758,32496
242130,51974
186384,48298
243390,53386
154098,36720
206988,54290
250275,54290
216108,61280
157224,59394
254436,56714
254436,34092
208758,59394
253935,59394
153138,48980
207330,48980
208116,48980
210441,1370
210441,62376
207396,48298
65631,61280
66915,59394
244173,48980
155016,48298
188853,61280
211140,54290
182292,61348
242439,61348
210816,51974
161208,48298
154740,57804
60864,48980
246963,59776
219048,48298
222750,32496
208545,48980
221526,48980
208572,48980
233970,61280
201564,48980
203709,48980
203295,48980
251202,32496
185817,48980
211476,53386
179853,51974
207219,33534
253308,51974
224631,48298
209094,51974
210810,51974
209622,61348
209976,48298
208545,32496
249207,61280
216108,11490
234129,51316
173667,59394
64272,61348
187224,48298
67764,33534
156024,51974
197676,53386
203055,57804
219420,59394
229473,48298
186951,48298
157224,53386
225699,59394
238536,32496
187707,48980
176577,48298
199044,61280
61482,48980
212337,32496
173613,33534
157398,48298
198534,51974
244971,61348
211632,61280
248682,48298
208626,11262
222669,11490
171702,57804
206847,57804
212688,53386
248682,61280
224841,61280
206448,54290
206637,54290
172419,61348
212337,48980
248205,57804
173667,51974
173613,61280
232029,61348
251391,33534
205332,54290
62817,53386
167652,61280
228729,61280
210678,32496
232029,53386
212211,48298
153645,11490
203673,51974
69060,48980
64353,51974
164457,48980
210627,48298
211989,11490
155106,51974
247986,61280
204411,51974
216108,48298
162984,54290
242856,61348
224931,48298
156063,61280
203328,32496
162603,59394
206646,54290
184488,16358
246054,61280
163578,51974
224931,61348
206415,51974
159027,32496
251721,32496
248178,32496
208584,32496
205188,32496
223782,11490
183363,11490
230286,48980
245154,48298
61899,54290
250947,61348
203277,61348
248013,61348
203145,61348
62817,48980
154770,57804
233970,48298
232404,54290
206460,54290
227295,48298
212430,48298
207243,61348
209799,61348
211344,48298
89013,53386
183492,53386
188730,61280
61908,51974
249579,51974
204717,51974
203280,51974
96444,51974
218061,51974
205905,51974
183390,62378
183390,57414
243954,16358
165726,48298
210633,53160
215457,60
240912,48980
238536,48980
242130,33534
222906,61348
173613,48298
238536,33534
153642,48980
235932,54290
210840,54290
243408,53386
174195,48298
224169,59394
65067,48298
154827,51974
207465,48980
172503,61280
212688,61348
238218,53386
157938,48980
210678,61348
179496,61348
186177,53386
201852,48298
164457,51974
229536,48980
191256,36720
166005,59394
205815,61348
198279,48298
163251,53386
65598,52620
129081,54290
154041,51974
246042,32496
186216,53386
216564,51974
128763,48298
194409,51974
205188,48980
159027,48980
192942,61280
203388,32496
203232,48980
192159,48980
65640,54290
204657,61348
184698,61280
195063,59394
217494,57804
223782,59394
166995,11490
188700,51974
192714,57804
166599,11490
238068,11490
203736,51974
228753,51974
203184,48980
183390,50274
203388,48980
153867,53386
184950,32496
186216,48980
212433,53386
242130,48298
247548,48298
210342,48980
203532,61348
244158,61280
187263,51974
241350,33534
191892,59776
244278,48298
155271,48298
183450,61280
176643,51974
172587,51974
206850,61280
183912,61348
128604,53386
176577,51974
187386,51974
203700,57804
196845,57804
206439,61280
211140,48298
187962,53386
187962,61348
215457,59776
208053,61348
129204,32496
153642,54290
163044,61280
157185,59394
60762,53160
241218,60
243390,51974
154506,57804
214194,61280
251106,11490
249687,11490
207219,11490
183921,51974
238536,11490
157767,57804
205665,32496
208626,59822
208626,1304
195378,51974
139272,51974
67827,48298
183363,48298
204243,51974
211533,48298
60864,61280
153402,61280
153150,61280
230331,32496
236775,32496
72117,59776
72918,51974
246150,57804
179790,54290
252480,59394
61344,52620
183366,59776
229737,61348
188853,11490
64365,11490
204771,48980
252618,51974
210876,51974
165684,51974
165687,51974
158274,11262
186177,48980
207927,61348
153756,48980
206364,51316
219048,61348
157938,53386
209976,11490
206415,61280
245868,56714
245868,34092
155055,51974
224631,61348
192618,48980
224631,57804
197676,61280
214194,59394
153048,61348
234018,11490
234972,11490
212433,54290
72045,53386
199044,51974
197676,51974
241218,59776
162984,61348
184635,62170
184635,10808
184635,1372
161058,48980
210129,32496
207618,61348
228438,48298
221409,11490
210810,48980
242856,48980
208584,48980
223782,61280
187263,53386
191553,48298
233091,48980
209994,51974
251169,32496
243408,48980
153048,54290
241389,51974
204657,48980
228687,61280
248301,54290
153402,48298
153150,48298
157938,51974
183921,61348
174195,61348
211632,57804
64272,48980
219231,57804
154803,48298
190152,52620
60762,59776
154506,48298
188961,48298
128763,54290
72918,61348
248550,61348
210810,57804
211740,11490
191553,57804
217494,51974
154404,56714
154404,34092
208626,1370
208626,62376
186384,51974
154869,57804
217782,60
208554,32496
175878,57804
203727,48980
196311,36720
228753,53386
181860,3382
212442,59776
188700,48298
253335,51974
239577,33534
222750,11490
191247,51974
246150,48298
210171,51974
179496,48980
224526,57804
252696,57804
209994,53386
239577,3382
208500,11490
219231,33534
248178,11490
251721,11490
221610,62376
221610,1370
217494,61280
154167,48980
153888,51974
188961,61280
175293,48980
154119,48980
248292,48980
187962,57804
211473,59394
183576,59396
183576,62274
204243,57804
226623,32496
229536,53386
161208,61280
234156,53386
128538,61348
64353,61348
209154,32496
203727,11490
173667,48980
249573,32496
183387,48298
243408,54290
221409,63186
221409,42132
167316,59394
234972,61348
234018,61348
204375,57804
219231,59394
204411,54290
248205,51974
193965,48980
252480,11490
250947,48980
228687,11490
140277,51974
234093,32496
208053,48980
224631,48980
228729,59394
210000,57804
155034,57804
250782,48298
187734,61280
189009,53386
245046,61280
200508,51974
249294,11490
238263,11490
183363,48980
244278,57804
240939,61280
191256,32496
210876,48298
252618,48298
165687,48298
165684,48298
249342,59776
231459,61348
172419,48980
208092,33534
155052,57804
166995,48298
155016,57804
183390,11262
207465,54290
187962,54290
250653,57804
197286,57804
207240,36720
177672,53386
210825,48980
154827,61348
184635,62074
208503,32496
251169,61280
187875,48980
223401,34092
223401,56714
200964,50720
184509,61348
222159,51974
224169,57804
223728,11490
238218,61348
211632,59394
210441,62074
163377,54290
154758,48980
227973,48298
243954,1304
243954,59822
187224,11490
203301,48980
203706,48980
242571,32496
187386,48980
171702,53386
195723,51974
192714,48298
184488,59822
184488,1304
210171,61280
191247,48298
216108,59394
188100,36720
217293,61348
250434,59394
96138,51974
128538,48980
248061,36720
217293,57804
165786,48980
238536,51974
214194,48298
216564,48980
212283,51974
157224,51974
217782,48980
186378,61280
184104,61348
183912,48980
194409,53386
214506,61348
207588,48980
246054,36720
203724,51974
191256,48298
188844,57804
213978,53160
162603,48298
244287,59776
206484,51974
206496,51974
206763,51974
211641,51974
206514,51974
206412,51974
66915,48298
233970,57804
220095,57804
203055,48298
154098,48980
206850,61348
235335,53386
181371,57804
211473,11490
154167,53386
153765,61348
128685,11490
208524,11490
246618,11490
242412,11490
166437,51974
183363,54290
219231,11490
155403,48298
216108,57804
65640,48980
209799,53386
65631,54290
251169,11490
173613,11490
229812,42132
229812,63186
67158,57804
60762,63540
60762,63136
197034,51974
229473,61280
186951,61280
223554,48980
205728,48980
192771,48980
229521,48980
253998,48980
251085,48980
205122,48980
192768,48980
66378,48980
203889,48980
158016,48980
250629,48980
59703,48980
199860,48980
210846,48980
65631,48980
154404,62074
59700,61280
247002,59776
232035,11490
67764,11490
248373,61348
204189,63136
204189,63540
186378,48980
176577,48980
187386,11490
68676,57804
203820,48980
165183,61280
162795,48980
210051,61348
207144,51974
161058,51974
211476,36720
224526,51974
181746,61348
187734,51974
61824,51974
212892,48980
59691,61348
252210,32496
154740,48298
65631,61348
174513,51974
185817,53386
244680,48980
153645,52620
66879,61348
232614,51974
198522,48298
251619,48298
206481,48298
212748,48298
249159,59394
217293,11490
188685,61348
207105,52620
210678,48980
241389,53386
253557,59776
186327,51974
207618,48980
211473,48298
211740,54290
167316,11490
201522,53160
245046,61348
241824,54290
241824,48980
188700,61348
208758,57804
253935,57804
171702,61348
64272,53386
163377,48980
236766,59396
248871,62274
236766,62274
248871,59396
203724,11490
210816,48298
210129,48980
203184,61348
155403,48980
208518,48980
61899,48298
223071,51974
203829,61348
227973,57804
96138,61280
186987,48980
251391,11490
253335,61280
154812,48298
71301,36720
204657,54290
65598,59776
65598,32496
236766,32496
248871,32496
220218,57804
212448,53160
253671,48980
211740,53386
153645,48980
153888,53386
207927,54290
201798,57804
89013,61348
208722,32496
67827,59394
188961,48980
200964,42132
200964,63186
210627,51974
205812,48298
164337,53386
59691,48298
208518,32496
153642,36720
208092,57804
179853,11490
61344,54864
208092,48298
210120,48298
220269,52620
247002,53160
212283,48298
228729,11490
232029,54290
242439,48980
166995,57804
163044,51974
228315,61348
182442,35732
182442,56696
179496,54290
204375,36720
177951,48298
210876,61348
252618,61348
165687,61348
165684,61348
155337,61348
245154,48980
248550,61280
206991,1370
206991,62376
230331,11490
236775,11490
224526,48980
216564,33534
211140,59776
191451,59394
244173,61348
61692,51974
210168,51974
237804,48980
154821,51974
189045,54290
222204,61348
232035,51974
217380,48298
203259,48298
203439,48298
220728,52620
225480,51974
219231,51974
248682,36720
187221,51974
231459,48980
211140,51974
203532,48980
174513,54290
129204,61348
237057,59776
251169,48980
227295,48980
212430,48980
229521,11490
199860,11490
203889,11490
192768,11490
59703,11490
253998,11490
66378,11490
223554,11490
158016,11490
205728,11490
205122,11490
250629,11490
192771,11490
251085,11490
210846,11490
192942,51974
153867,48980
226662,61348
207339,53160
252081,53160
154821,53386
252480,61280
198534,61348
236766,11490
248871,11490
163131,36720
157854,63136
157854,63540
217782,51316
253671,51974
197286,61348
250653,61348
252480,48298
175878,51974
211812,48298
186327,48980
25743,59394
196311,48298
175878,48298
67158,48298
187875,54290
249486,53386
240939,48980
246054,59394
205665,61348
234156,61348
173667,61280
206415,61348
186882,59394
154770,51974
217002,48298
210120,51974
154770,48980
182556,57804
165183,51974
155403,51974
206847,51974
178458,54290
244173,53386
154758,11490
153765,48980
212220,61540
176403,61540
254400,35732
254400,56696
186987,61280
208053,54290
187221,48980
227973,51974
187263,48980
247956,53386
206856,11490
196302,11490
252696,51974
235458,61348
186216,51974
203733,48298
177474,48980
66879,53386
153999,48298
210120,48980
211740,48980
249297,51974
155034,48298
210000,48298
234129,53160
231057,53160
242610,52620
238218,36720
209799,36720
248373,48980
157416,53386
205722,53386
217620,51974
203811,61348
206304,51974
154758,51974
167316,59396
167316,62274
229812,11490
182292,48298
206748,63540
206748,63136
254436,62074
153645,59776
154041,61280
155055,61348
210627,57804
178818,57804
214998,48980
250947,57804
234156,48980
191247,61348
232068,48298
198801,54290
234156,61280
176577,61348
251121,57804
128604,51974
188844,51974
240912,54290
163578,54290
189045,48980
155043,51974
198534,57804
211344,53386
184710,61280
172719,51974
185244,48298
198801,61348
254004,62074
183363,36720
208584,11490
210234,53160
212469,48298
211140,53386
157767,48298
171372,48298
211473,61280
247983,53160
251202,11490
206847,61280
171702,54290
208626,62074
211947,32496
208788,48980
183666,48298
139272,61280
195378,61280
183912,53386
198873,61348
225501,53160
203820,61348
195723,48980
206991,56714
206991,34092
157185,51974
192627,53386
253671,48298
188331,53386
211632,48298
207243,48980
153765,53386
251121,51974
210816,61348
212337,11490
212430,53386
227295,53386
155016,51974
249513,51974
154758,33534
191316,59776
205188,11490
159027,11490
212283,57804
198792,48298
241824,61280
72561,57804
253683,59394
186384,57804
209094,48980
251442,59776
253335,48298
219048,48980
252696,48980
248205,61348
206847,36720
188844,48980
163578,61348
154476,57804
233091,61348
209799,48980
210810,61348
251391,53386
210168,57804
61692,57804
249207,48298
155100,51974
188685,53386
183366,53160
216564,11490
191451,61280
234972,51974
234018,51974
223071,53386
209154,11490
203082,57804
238611,57804
203073,57804
203259,57804
217380,57804
203439,57804
234093,48980
205812,57804
201564,11490
203709,11490
203295,11490
203775,51974
208794,50274
208812,50274
223728,32496
207144,57804
179853,48980
212688,48980
204480,53386
66879,48980
154869,48298
188844,48298
203700,51974
211140,33534
140277,57804
211989,51974
203082,48298
238611,48298
203073,48298
154665,48980
198534,48980
65598,48980
162795,36720
173667,48298
239577,48298
206304,57804
160029,57804
251391,48980
66915,57804
248550,48980
182442,1304
182442,59822
228438,57804
206076,1304
206076,59822
205332,48980
207105,51316
249573,33534
227292,54290
172587,61280
176643,61280
153726,48980
153813,48980
215517,56714
215517,34092
247962,53386
183387,48980
173667,61348
207243,54290
234120,61280
180195,36720
153867,51974
160029,51974
203328,48980
188685,48980
187974,48298
217293,51974
203388,11490
246963,63136
246963,63540
241350,54290
217002,59394
153813,51974
234120,53386
209970,59394
179790,36720
183459,59822
183459,1304
153999,57804
249159,61280
204411,48980
201798,51974
245154,53386
179853,33534
224931,48980
164661,59396
164661,62274
228753,48980
163044,61348
204480,48980
172503,61348
242412,51974
208524,51974
246618,51974
222159,48980
178458,36720
65067,51974
212571,11490
153138,54290
197529,51974
249294,51974
238263,51974
182292,48980
212478,57804
154506,51974
68676,51974
227310,48980
197286,48980
250653,48980
249930,48298
223728,59396
223728,62274
251967,53160
223071,48980
234555,61280
231663,61280
227295,51974
212430,51974
188730,51974
183450,48298
227310,61348
208092,11490
245154,51974
204243,61348
241389,48980
227292,36720
249297,57804
246150,51974
128538,53386
203724,57804
210168,48298
61692,48298
153645,53386
210120,57804
179790,48980
251121,48980
154041,54290
211812,51974
181101,48298
153645,61348
253308,61348
199044,54290
206772,36720
163251,54290
225699,61280
208500,51974
249573,48980
251721,51974
248178,51974
187707,53386
203727,51974
204243,48298
183387,57804
207927,48980
59691,51974
208545,11490
165183,61348
156063,57804
153813,33534
206418,52620
224169,61280
221331,53386
201798,48298
224169,51974
252066,59822
252066,1304
72930,53386
153888,48980
198534,48298
243390,61348
206442,1370
206442,62376
88821,61348
165750,61348
220218,48298
139272,48298
195378,48298
128763,51974
72561,51974
67158,51974
157185,61280
154740,48980
153813,11490
183576,48298
250434,48980
250782,51974
208572,11490
221526,11490
195723,61348
232269,52620
206514,61280
206496,61280
206484,61280
206763,61280
211641,61280
206412,61280
207219,54290
183363,61348
56871,57804
154803,51974
220095,48298
191553,51974
72645,51974
72918,48980
198792,59394
155052,53386
155106,61348
234120,54290
203232,51974
192159,51974
181203,62074
188730,53386
203145,51974
248013,51974
203277,51974
204411,61348
254436,56696
254436,35732
211812,48980
154740,51974
238032,53160
186882,59396
186882,62274
220218,51974
192942,57804
166437,48980
195063,61280
230028,53160
252210,61348
194409,61348
186327,61348
215112,53160
226623,11490
253935,51974
208758,51974
248682,61348
196845,51974
238218,48980
183213,59776
219231,61348
245868,62376
245868,1370
198792,61280
63876,53386
225480,48298
156024,61348
172419,54290
128685,59394
236226,52620
65598,11490
211812,53386
209622,48298
162843,57804
63876,54290
155031,56714
155031,34092
203871,51974
203181,51974
204780,51974
154698,33534
183366,63540
183366,63136
164457,61348
68676,48980
187263,61348
203511,51974
204411,53386
212571,51974
177474,51974
191256,54290
155100,61348
225276,61348
229977,36720
244158,51974
249513,11490
240912,53386
204375,61348
163578,48980
64959,48980
154698,48980
208206,48298
248205,48980
161058,57804
197676,54290
72645,48298
208206,48980
154404,1372
154404,10808
154404,62170
251121,61348
222669,59776
174195,48980
211749,36720
157398,51974
248550,57804
167652,54290
199044,61348
154869,51974
206964,36720
202818,11490
192549,48980
155043,61348
194409,54290
183666,51974
157224,61280
165045,51974
72561,48980
154821,61348
253053,34092
253053,56714
155052,51974
184710,51974
164007,61348
217620,48980
157854,59776
61824,57804
213114,36720
129204,48980
191892,53160
182556,48298
182442,56714
182442,34092
206364,52620
193965,50720
208206,51974
232035,57804
155271,51974
209094,61348
229536,59776
221610,57414
221610,62378
201852,48980
214194,51974
247548,51974
191247,57804
238263,57804
249294,57804
210051,53386
242571,57804
212892,61348
155043,53386
61899,36720
196722,48298
244866,48298
203274,48298
203256,48298
203271,48298
167652,51974
244158,48980
154827,48980
166005,48298
183576,57804
208092,51974
88920,36720
212688,54290
186882,48298
189009,48980
251625,48980
191451,51974
157416,54290
205722,54290
242130,54290
206955,36720
238827,36720
242232,36720
251619,52620
198522,52620
206481,52620
212748,52620
231876,11490
212283,61348
204480,61348
252210,48980
67335,48298
252405,59394
172419,36720
157938,61348
208626,57414
208626,62378
251967,59776
157854,53046
198792,57804
181746,48980
191250,48980
214194,57804
211140,48980
166005,61280
172587,54290
176643,54290
207219,53386
172503,54290
140277,48298
157938,36720
154476,51974
203733,57804
200964,33534
249687,59396
251106,62274
251106,59396
249687,62274
251169,61348
154434,51974
186327,36720
184488,62074
68676,48298
156225,48980
248202,63136
248202,63540
157854,53160
160029,11490
205665,48980
211632,48980
222204,53386
206442,56714
206442,34092
162603,57804
181203,35732
181203,56696
153348,57804
206868,52620
154434,48298
191256,51974
234120,48980
65328,48298
208554,61348
128538,52620
157398,57804
234156,54290
186327,54290
209094,53386
192549,33534
162603,48980
204375,53386
212442,53160
235458,48980
69060,51974
204144,51974
154821,48980
212748,53386
198522,53386
251619,53386
206481,53386
154665,54290
212478,51974
226662,48980
153402,51974
153150,51974
252081,63540
207339,63540
207339,63136
252081,63136
203811,48980
157854,60
222906,36720
153348,48980
253578,48980
230178,51974
243954,62074
155016,48980
249297,61348
192159,48298
203232,48298
226623,61348
211344,57804
220011,59396
220011,62274
248301,53386
203673,57804
233091,36720
249573,51974
166995,61280
61899,53386
191250,53386
154041,61348
154698,32496
167316,61280
251625,51974
211047,48298
155055,53386
183213,53160
231663,48980
234555,48980
253935,61280
208758,61280
247956,61348
208503,61348
203166,48980
61305,48980
254400,59822
254400,1304
224526,61348
250434,48298
246042,61348
232614,61348
165045,33534
165750,51974
88821,51974
231459,53386
208794,11490
208812,11490
207330,48298
182442,62074
210051,48980
188196,48298
207588,61348
191451,57804
179853,36720
220011,3382
252774,48980
221151,48980
242439,54290
244971,52620
203511,48298
183921,48980
208545,51974
59700,48298
183450,48980
128685,62274
128685,59396
172587,61348
176643,61348
64272,54290
249207,51974
209154,61348
208788,61348
65067,57804
67827,61280
203145,48298
203277,48298
248013,48298
196845,48298
203700,48298
67827,48980
158274,1304
158274,59822
207330,51974
253683,61280
56871,48298
249342,63540
249342,63136
201852,57804
242856,57804
234093,61280
183390,56696
183390,35732
174513,61348
191256,33534
222159,61348
242571,61348
187734,54290
246042,33534
242130,11490
220095,51974
187263,36720
242439,53386
203181,48298
204780,48298
203871,48298
233091,54290
209793,11490
210171,54290
186384,61348
69060,57804
241824,54864
166437,61348
165045,32496
231102,54290
175293,57804
212211,54290
207396,48980
210441,56696
210441,35732
208794,32496
208812,32496
228687,33534
208584,51974
244287,53160
214506,57804
154869,48980
251202,51974
172719,61348
72117,53160
208518,61348
164661,48980
247260,61540
192618,61280
211533,54290
212337,51974
224169,48298
234129,59776
177672,54290
208572,51974
221526,51974
231102,36720
60864,51974
219420,57804
154812,51974
216564,61348
254400,62074
225699,57804
155271,57804
184950,48980
253671,61348
222204,48980
191553,48980
211950,32496
159027,51974
205188,51974
192549,51974
230073,36720
247548,57804
181101,51974
228315,53386
65328,51974
164541,51974
226662,54290
191316,53160
164541,61280
204375,54290
203511,57804
188700,57804
208116,48298
245631,51974
67158,48980
203295,51974
201564,51974
203709,51974
249579,48298
205905,48298
218061,48298
96444,48298
203280,48298
61908,48298
204717,48298
163101,36720
59691,33534
248301,48980
216948,54290
154803,48980
210690,11490
208521,11490
253578,57804
203811,48298
155403,61348
66915,48980
209970,61280
165045,48980
157224,54290
183387,51974
184698,48298
250947,51974
166995,59394
228315,48980
25743,36720
253683,48980
214506,48298
228687,51974
167652,61348
184710,48298
201741,51974
186216,61348
229812,59394
252696,61348
197676,61348
217782,52620
210171,61348
171372,57804
211140,11490
205815,54290
68676,61348
214194,48980
242412,57804
246618,57804
208524,57804
242610,59776
194409,36720
196722,57804
244866,57804
203271,57804
203256,57804
203274,57804
25743,51974
164007,48980
210000,48980
155034,48980
210234,59776
165726,54290
162843,51974
181860,33534
217293,48980
188961,57804
206496,57804
211641,57804
206514,57804
206763,57804
206412,57804
206484,57804
64959,54290
210816,53386
209793,52620
229737,48298
181371,51974
155034,51974
210000,51974
211047,51974
154698,11490
216564,53160
89013,48980
249297,48980
128604,61348
205812,48980
188844,61348
60864,48298
248550,48298
246054,51974
203388,51974
211950,48980
209154,57804
208722,61348
246804,48298
154551,48298
187395,48298
155052,61348
222750,51974
244479,48298
160770,59394
252618,57804
210876,57804
165687,57804
165684,57804
59691,54290
210120,61348
153402,57804
153150,57804
183492,52620
217494,61348
184950,11490
211407,53160
206748,61540
219231,61280
175878,61348
128763,53386
247260,63360
184950,59394
183921,53386
208758,48980
253935,48980
175878,48980
184104,48980
167514,52620
210633,63136
210633,63540
183576,48980
214506,51974
204771,51974
234555,53386
231663,53386
192627,54290
198552,53386
197529,57804
181860,62274
181860,59396
203166,61348
61305,61348
209799,54290
208209,59394
191316,63540
191316,63136
184950,57804
181203,56714
181203,34092
200508,57804
208572,57804
221526,57804
89013,54290
214506,48980
251391,61348
172503,48980
178818,48298
208521,51974
210690,51974
184635,62378
184635,57414
208206,57804
192618,51974
209970,48980
128526,36720
248202,61540
242130,48980
155055,48980
210678,11490
216822,53386
154770,61348
208872,32496
219231,48980
253557,53160
178068,48298
217002,61280
210171,48980
154665,61348
241350,61348
203820,48298
216564,63540
216564,63136
216564,54290
210441,62378
210441,57414
250947,11490
153765,54290
157224,61348
154665,53386
186384,48980
187386,48298
223401,62074
243390,54290
210825,51974
220095,48980
249687,59394
251106,59394
248301,36720
204243,48980
202818,32496
204144,53386
154041,48980
182442,10808
182442,1372
182442,62170
244680,54290
72561,61348
184509,48980
128538,59776
206763,61348
206496,61348
206412,61348
206514,61348
211641,61348
206484,61348
242571,48980
178458,53386
208503,57804
193965,52620
209994,61348
188196,57804
248301,61348
64353,48980
211140,32496
253335,48980
246042,36720
162603,51974
162843,48298
225276,57804
212469,54290
225276,51974
164337,51974
211947,61348
177951,57804
212571,57804
231459,54290
178068,51974
195378,61348
139272,61348
237057,53160
236775,62274
230331,59396
236775,59396
230331,62274
253053,35732
253053,56696
234555,54290
231663,54290
207222,53160
154560,48980
184698,51974
197286,51974
250653,51974
232614,54290
167514,59776
208722,57804
210129,11490
210627,61348
154032,36720
208092,48980
156024,48980
249930,57804
153348,51974
25743,61280
206076,56696
206076,35732
155337,53386
251169,51974
184104,53386
65328,57804
207144,61348
211632,51974
154812,48980
164007,53386
198552,54290
163032,52620
189009,54290
154560,51974
191256,11490
253683,57804
248373,57804
239577,57804
192549,32496
211947,48980
69060,48298
65067,61348
206415,57804
187974,57804
228753,61348
200964,59394
236226,59776
243954,35846
250977,48298
183912,54290
155031,59822
155031,1304
226623,57804
203706,11490
203301,11490
160770,48980
206850,57804
155337,48980
226662,61280
199044,53386
246042,11490
204771,57804
187221,36720
56871,48980
178818,51974
249573,11490
206304,61348
247986,48980
246042,54290
243390,48980
208521,57804
210690,57804
224526,48298
211407,63540
211407,63136
195063,48298
211950,59394
88821,48298
165750,48298
157398,61348
161208,51974
176643,48980
172587,48980
203775,57804
212892,48298
154827,53386
252405,61280
241350,53386
225699,48980
212478,53386
163032,60
209154,51974
161058,48298
249207,57804
59700,51974
207144,48298
212220,63360
176403,63360
61824,48298
212478,48980
211344,50720
203775,48298
222906,54290
229812,61280
183666,57804
157398,48980
203232,57804
192159,57804
56871,51974
217620,61348
227292,53386
161208,53386
187221,54290
208722,48980
208554,48980
202818,57804
186882,61280
211947,57804
211812,61348
153999,36720
250782,61348
65640,36720
192714,53386
191451,61348
230028,59776
210627,48980
228687,48980
61344,59776
200964,11490
204771,48298
195063,48980
250782,57804
248550,51974
156063,48298
238032,59776
183459,16358
72561,48298
186378,48298
209970,57804
197529,48298
244278,48980
155106,48980
254004,10808
254004,62170
254004,1372
192942,61348
223071,61348
222750,48980
246042,48298
154119,53386
242856,51974
201741,48980
241389,61348
161208,48980
59691,48980
207330,61348
203184,51974
154698,51974
231876,51316
154434,61348
67335,51974
208116,57804
252405,48980
204228,57804
206991,56696
206991,35732
234555,54864
231663,54864
60864,61348
201522,61540
206847,61348
217494,48980
212283,48980
153867,61348
155043,48980
154560,57804
208812,33534
208794,33534
179853,61348
67764,53386
212301,36720
213978,61540
220095,61348
251625,61348
216309,61540
183666,61348
128604,54290
254118,48298
230178,61348
153888,61348
211047,61348
192549,11490
185244,51974
154740,61348
67158,61348
254118,51974
245868,50274
206415,36720
225276,48980
205122,51974
158016,51974
66378,51974
59703,51974
192768,51974
229521,51974
192771,51974
199860,51974
223554,51974
210846,51974
250629,51974
203889,51974
251085,51974
205728,51974
253998,51974
220218,61348
210633,61540
222750,61348
192942,36720
208209,57804
203280,57804
218061,57804
204717,57804
96444,57804
249579,57804
61908,57804
205905,57804
207219,51974
228729,53386
184698,57804
192618,48298
188961,51974
187221,61348
208503,48980
65328,48980
252066,62074
216309,53160
253935,61348
208758,61348
155016,61348
72930,36720
186378,51974
206076,16358
211407,59776
252696,48298
200964,61280
153999,48980
249159,48980
171372,48980
163131,59776
205665,11490
186987,51974
185244,57804
215457,53160
183666,48980
209793,51316
186987,48298
177474,61348
208209,61280
179853,48298
203532,11490
67827,57804
186882,48980
209154,48980
210678,51974
253671,53386
176577,36720
226623,48980
221151,11490
252774,11490
252066,34092
252066,56714
188685,54290
253053,1304
253053,59822
244278,51974
227310,51974
207144,36720
167652,48980
226623,51974
187734,61348
245631,61348
252066,56696
252066,35732
238536,36720
153999,51974
154869,61348
244158,53386
213978,63540
213978,63136
65631,36720
202818,48980
183366,61540
204144,61348
201852,51974
206673,36720
221409,59394
250434,51974
243954,56696
243954,35732
67335,53386
153867,36720
191250,54290
244173,36720
215517,30500
215517,50718
215517,33886
215517,63538
165183,48298
129081,53386
248682,53386
206847,53386
246042,48980
154434,57804
206991,62074
183459,62074
225276,48298
204480,54290
222750,57804
245046,57804
174513,48980
208206,61348
216564,63360
187386,61348
227295,61348
212430,61348
157185,61348
164661,59394
205812,51974
155403,53386
245154,61348
249159,48298
214194,61348
163377,36720
154506,61348
246054,53386
157224,48980
163131,54864
251442,53160
206991,59822
206991,1304
72045,59776
229473,51974
186951,51974
207243,36720
128763,61348
166005,51974
203829,48298
201522,63540
201522,63136
184710,61348
203820,57804
209184,59394
253683,51974
201741,53386
197286,11490
250653,11490
210129,51974
206772,52620
246150,61348
153867,54290
245631,53386
211989,57804
181101,48980
207222,59776
166005,48980
186216,54290
221409,57804
203706,51974
203301,51974
203055,53386
232068,54290
234129,60
176577,54290
156225,54290
241218,53160
204189,54864
65598,61348
212892,57804
191256,53386
206772,59776
197676,48980
244971,63360
198873,54290
208872,59394
253578,51974
203820,51974
64365,53386
188853,53386
192618,61348
224169,61348
249159,51974
238068,57804
166599,57804
229473,53386
186951,53386
67158,53386
175878,53386
179853,54290
191553,61348
181101,36720
235458,53386
249930,59394
160770,61280
193965,59776
204228,51974
154119,54290
206850,36720
221610,11262
183366,63360
215457,63136
215457,63540
72645,57804
225480,57804
181101,61348
191256,48980
171372,51974
67335,48980
238536,61348
249342,57522
249342,55632
208872,48980
164661,51974
249513,57804
154167,54290
203829,51974
196311,53386
163044,48298
154560,48298
250977,48980
61482,61540
254400,63538
254400,33886
254400,50718
254400,30500
247956,48980
254004,10652
192942,48298
59700,48980
188730,61348
154758,61348
217002,57804
247974,48980
158658,53386
228315,54290
203829,57804
204780,57804
203181,57804
203871,57804
162603,53386
155271,61348
246054,48980
187659,52620
208092,61348
234129,63136
234129,63540
178068,61348
239577,59394
183387,53386
128685,61280
250977,57804
203727,57804
245868,60
247548,61348
186177,36720
66879,54290
96138,54290
244173,54290
206442,35732
206442,56696
155031,63538
155031,30500
155031,50718
155031,33886
184698,61348
248205,53386
240939,57804
203796,53386
208341,53386
244158,61348
206076,62074
64365,51974
188853,51974
225699,51974
183363,53386
246054,61348
209994,48980
233970,51974
228753,54290
245631,48980
65328,61348
210168,53386
61692,53386
184710,57804
206847,54290
241218,63136
241218,63540
216948,36720
67827,51974
238611,53386
203082,53386
203073,53386
220713,59776
217782,59776
163578,53386
209976,53386
164541,48980
188196,51974
220713,36720
165750,57804
88821,57804
156225,53386
206442,62074
207618,53386
249207,61348
247002,63136
247002,63540
208209,48980
231162,52620
157185,53386
165045,36720
181746,53386
198279,54290
222906,48980
183450,57804
182556,51974
172719,48980
164337,48980
206418,59776
252210,11490
64353,53386
96138,61348
209184,61280
187224,53386
96138,60
203184,57804
203736,57804
228438,48980
187806,52620
249342,61540
177951,51974
208554,57804
153402,61348
153150,61348
220269,51316
204144,54290
203532,51974
216564,61540
183390,30500
183390,50718
183390,63538
183390,33886
67764,51974
210234,63136
210234,63540
177474,53386
212478,61348
154803,61348
248682,54290
186951,48980
229473,48980
155031,62074
212448,61540
154476,61348
164337,54290
208626,56696
208626,35732
215112,61540
195723,48298
208518,51974
209622,54290
242130,53386
206364,53160
241389,54290
184488,35846
155100,48980
182556,48980
227310,11490
225501,63540
225501,63136
158274,35732
158274,56696
183387,61348
191892,61540
164457,36720
233970,48980
251106,61280
249687,61280
186378,61348
212448,63540
212448,63136
203328,51974
165045,11490
197034,57804
248373,51974
216108,48980
162843,61348
223782,53386
249342,53160
231057,61540
201522,63360
254004,50718
254004,30500
254004,33886
254004,63538
208554,11490
208788,51974
251967,63540
251967,63136
153888,54290
229536,52620
203811,57804
211632,61348
166437,53386
183450,51974
221409,61280
242130,61348
213978,63360
227295,54290
212430,54290
175293,61280
172503,36720
214194,53386
67335,61348
245154,54290
197034,48298
244971,61540
61344,63540
61344,63136
242856,48298
192714,54290
203184,48298
154812,61348
220269,60
251391,59776
225699,48298
223968,52620
128526,52620
167652,36720
249159,57804
155055,54290
254118,57804
254436,57414
254436,62378
61344,53160
226662,53386
252081,61540
207339,61540
206964,59776
210342,36720
181203,62170
181203,10808
181203,1372
254436,10808
254436,62170
254436,1372
203811,51974
154434,48980
204228,48298
25743,48298
153813,61348
250434,61280
249687,48980
251106,48980
155106,53386
205332,53386
128763,48980
155052,48980
196311,54290
183576,51974
154770,53386
216564,48298
183390,62944
183390,63508
183390,62860
183390,49888
164541,61348
211632,53386
206442,59822
206442,1304
212892,51974
156063,51974
153348,61348
206748,63360
185244,48980
210000,61348
155034,61348
62817,36720
211140,63136
211140,63540
184104,54290
251625,48298
230178,48980
155031,10652
177951,48980
209094,36720
217620,53386
187224,51974
205665,51974
242571,11490
72045,52620
220269,53160
216309,63360
210051,54290
162603,61348
251202,57804
164007,54290
187707,59776
154770,36720
56871,61348
228438,51974
247983,63136
247983,63540
251391,52620
250977,51974
210825,48298
208053,36720
166995,48980
187734,48980
154821,54290
156024,36720
198792,51974
188730,54290
253335,53386
211047,48980
246963,61540
154041,36720
60864,57804
211533,61540
154404,62378
154404,57414
166995,51974
247962,59776
61482,53160
68676,53386
171702,36720
238032,63540
238032,63136
221409,48980
234972,57804
234018,57804
154560,61348
217494,53386
158274,62074
230028,63540
230028,63136
220269,59776
234093,11490
183459,56696
183459,35732
231876,52620
184509,54290
213513,36720
223401,1304
223401,59822
215517,35732
215517,56696
206364,60
191451,48980
211140,61348
228729,51974
153669,36720
212337,57804
207588,51974
25743,61348
205812,53386
181371,61348
173613,53386
205665,57804
211812,54290
244278,53386
72117,63540
72117,63136
223071,54290
249207,36720
186882,51974
164337,61348
252210,51974
253683,48298
203700,54290
206439,52620
254118,61348
249297,48298
72930,53160
252480,53386
188961,61348
183921,54290
155043,54290
219420,51974
208872,57804
153999,53386
247986,57804
238827,59776
242232,59776
206955,59776
203709,57804
203295,57804
201564,57804
203673,54290
153999,61348
210678,57804
225501,61540
248871,48980
236766,48980
165183,57804
208722,11490
245046,36720
155337,54290
178068,57804
208812,48980
208794,48980
216108,53386
191892,63540
191892,63136
60762,63360
249207,53386
157185,54290
203055,54290
246804,51974
154551,51974
187395,51974
247986,51974
184698,48980
248202,63360
154827,54290
173613,51974
231876,54864
158658,51974
203145,57804
248013,57804
203277,57804
158658,48980
233970,53386
217380,54290
203439,54290
203259,54290
219420,48980
129204,11490
247986,48298
191451,53386
66915,51974
207396,53386
61482,63360
208554,51974
211473,53386
238068,59394
166599,59394
184509,53386
203388,57804
247986,61348
204228,61348
211641,48298
206496,48298
206484,48298
206763,48298
206514,48298
206412,48298
188100,54864
222159,53386
184710,54290
187806,59776
217380,53386
203439,53386
203259,53386
230073,53160
222204,54290
190152,53160
67827,61348
163044,57804
128685,48298
204144,48980
234864,36720
216309,51316
252210,57804
246804,48980
203733,53386
209970,48298
250434,36720
184488,56696
184488,35732
198792,48980
208788,11490
211047,57804
230073,52620
72117,61540
237804,54290
154476,48980
188196,61348
185817,36720
185244,61348
157938,54290
199860,57804
203889,57804
253998,57804
59703,57804
251085,57804
223554,57804
158016,57804
192768,57804
210846,57804
66378,57804
205122,57804
250629,57804
205728,57804
229521,57804
192771,57804
240939,61348
203673,48298
155016,53386
234093,61348
252405,57804
201852,61348
209970,51974
204189,53046
244287,61540
164661,57804
253683,61348
66915,36720
206415,48298
253053,62074
163101,59776
207588,48298
67335,36720
164541,36720
153813,48298
206670,36720
165183,36720
230178,54290
249573,48298
229812,48980
154812,53386
208209,51974
247974,51974
191553,53386
201741,61348
153348,53386
198801,36720
128685,57804
247983,61540
223401,35732
223401,56696
186987,61348
189009,36720
167316,48298
139272,53386
195378,53386
154551,57804
246804,57804
187395,57804
188196,48980
61899,52620
183492,59776
216108,51974
153048,36720
196845,54290
203073,54290
238611,54290
203082,54290
192618,57804
59700,61348
178818,61348
210978,61540
186378,57804
128538,63136
128538,63540
242571,51974
207105,53160
252480,51974
252774,51974
221151,51974
165726,53386
222669,53160
206304,48980
219420,53386
203733,54290
186216,36720
247956,54290
191892,63360
161208,61348
190152,63136
190152,63540
209094,54290
210816,36720
203328,57804
209976,51974
253578,61348
156024,53386
224931,54290
64353,54290
223728,48980
65598,63136
65598,63540
154698,61348
206646,36720
239577,61280
154404,10652
249207,54290
223782,51974
212301,59776
248373,11490
178068,48980
254004,16358
154506,48980
228438,53386
251721,57804
205188,57804
159027,57804
248178,57804
208584,57804
211473,51974
207105,59776
205812,61348
211632,36720
208812,59396
208812,62274
208794,59396
208794,62274
229812,57804
160770,57804
59700,53386
188853,48980
64365,48980
175293,51974
244287,63540
244287,63136
210816,54290
128538,61540
225699,61348
139272,54290
195378,54290
223782,48980
203532,57804
219231,36720
163044,36720
231057,63540
231057,63136
128604,36720
207144,53386
212211,53386
154551,48980
187395,48980
166995,53386
165726,36720
244479,57804
230010,36720
249342,63360
254004,57414
254004,62378
221331,36720
210633,63360
209976,48980
244158,54290
246150,48980
253506,36720
206838,36720
237057,63136
237057,63540
182442,57414
182442,62378
155100,53386
203256,54290
198792,53386
229737,54290
250434,61348
188730,48980
206850,48298
171372,61348
172719,53386
153813,54290
183213,63136
183213,63540
154758,54290
154098,54864
182556,61348
244479,51974
166005,61348
253671,36720
254118,48980
208722,51974
164661,48298
243954,33534
198882,54290
242151,54290
231057,63360
212442,61540
208209,48298
154665,59776
203328,11490
252405,51974
198873,48980
177474,36720
155106,54290
177951,61348
247974,57804
187386,54290
129204,51974
206637,36720
206448,36720
72918,48298
167316,57804
220269,61540
187263,54290
193965,53160
72930,52620
229536,61540
236775,57804
230331,57804
158274,16358
220728,59776
165045,61348
216822,53160
217494,54290
215112,63360
167316,48980
250977,61348
187707,52620
237057,61540
65067,48980
167514,61540
250434,54290
155031,1372
155031,10808
155031,62170
203271,54290
196722,54290
205815,36720
174195,54290
220218,48980
253053,62378
253053,57414
209796,36720
247974,48298
208500,57804
206964,52620
212448,63360
163044,54290
207588,57804
166005,57804
156063,61348
187224,48980
188844,53386
196845,53386
175878,54290
183450,61348
211950,61280
249573,61348
195063,51974
217002,51974
229473,61348
186951,61348
209184,48980
155481,52620
220713,54864
252480,48980
129204,57804
232269,59776
236775,48980
230331,48980
188100,53046
230073,61540
195063,57804
244866,54290
203274,54290
184635,10652
65598,63360
162843,48980
209622,61540
128685,48980
183390,1372
183390,62170
183390,10808
254400,10808
254400,1372
254400,62170
184710,53386
253308,36720
207219,48980
187962,36720
229737,53386
216564,53386
249687,48298
251106,48298
207330,57804
186177,61540
231876,60
252081,63360
207339,63360
72930,61540
67764,48980
191256,61348
195723,54290
60762,61540
183576,59394
210168,54290
61692,54290
208116,54290
215112,63540
215112,63136
215457,63360
230286,59776
211344,63360
66879,36720
209994,54290
211140,53160
188787,36720
155271,48980
211533,53386
161208,54290
181746,36720
64959,53386
247548,48980
238068,61280
166599,61280
202818,36720
206076,35846
128526,53160
228687,61348
242130,59776
154740,53386
207144,54290
221610,35732
221610,56696
165183,54290
191316,63360
188730,36720
211473,48980
181746,54290
237804,53386
25743,54290
249687,57804
251106,57804
154698,54290
247983,63360
175293,48298
228729,48980
212301,54864
128538,63360
157767,54290
203706,57804
203301,57804
208518,11490
254400,57414
254400,62378
192942,53386
66915,53386
203511,53386
208503,11490
163101,54864
208545,57804
186882,57804
244278,61348
184950,61280
219048,53386
96138,53386
253053,1372
253053,10808
253053,62170
212283,53386
249930,61280
166437,36720
140277,54290
228687,36720
244287,63360
211140,63360
154869,53386
250782,48980
211641,54290
206484,54290
206763,54290
206412,54290
206514,54290
206496,54290
251169,57804
251121,48298
203736,53386
198279,53386
243954,56714
243954,34092
208209,61348
173613,48980
208503,51974
140277,53386
192549,54290
207105,60
247974,61348
222159,54290
153150,48980
153402,48980
214998,52620
175293,61348
251442,61540
203775,53386
210810,53386
62817,61540
154698,48298
192549,61348
59691,36720
207465,36720
220011,57804
220728,53160
204411,36720
154803,53386
201741,54290
230010,59776
224631,53386
192942,54290
206364,63540
206364,63136
71301,52620
221151,57804
252774,57804
245631,54290
242130,52620
66915,61348
181371,48980
207219,61348
232269,53160
61305,51974
203166,51974
245046,48298
246963,63360
72045,63360
203700,53386
206772,63360
216309,63136
216309,63540
164661,61348
238068,48298
166599,48298
222906,53386
245868,57414
245868,62378
183390,63186
183390,42132
197529,53386
188700,54290
206868,63540
206868,63136
204717,54290
203280,54290
96444,54290
205905,54290
249579,54290
61908,54290
218061,54290
232614,36720
206868,53160
184635,35846
204228,48980
221409,48298
209073,36720
65598,61540
208872,61280
178818,48980
251967,61540
248871,59394
236766,59394
249159,61348
181203,62378
181203,57414
245868,1372
245868,10808
245868,62170
211740,54864
232068,53386
203232,53386
192159,53386
67158,54290
227973,53386
253578,53386
230010,55632
230010,57522
63876,52620
186882,61348
212442,63540
212442,63136
252405,48298
203736,54290
203724,61540
247002,61540
72930,63360
186951,54290
229473,54290
204771,53386
65598,53160
206772,53160
210234,61540
183213,61540
238827,52620
206955,52620
242232,52620
219420,61348
155031,57414
155031,62378
155034,53386
210000,53386
251442,63136
251442,63540
128538,53160
210876,54290
165687,54290
165684,54290
252618,54290
209970,61348
210129,57804
180195,54864
229812,48298
203820,53386
241218,63360
233970,61348
179853,53386
156024,54290
253557,61540
155403,54290
154698,59776
206364,59776
220011,48298
211407,54864
206991,30500
206991,50718
206991,33886
206991,63538
165726,61540
215457,61540
228687,48298
182442,16358
154551,61348
246804,61348
187395,61348
163044,53386
172719,54290
64365,61348
188853,61348
203256,53386
234129,63360
177474,54290
173667,54290
72117,63360
195372,52620
157398,53386
227973,54290
206418,61540
193965,63360
160770,61348
234129,61540
253671,54290
187974,54290
211140,61540
206418,63540
206418,63136
188331,52620
165183,53386
197676,36720
230286,52620
162984,59776
183390,59822
183390,1304
72045,61540
212469,53386
157854,57522
157854,55632
201852,53386
183492,53160
206850,54290
210825,57804
245868,11262
224931,53386
223728,59394
207222,51316
155100,54290
232035,61540
183390,63510
25743,53386
252066,16358
248292,54864
211947,11490
212442,63360
253335,54290
209184,57804
228438,61348
206481,59776
212748,59776
251619,59776
198522,59776
161058,53386
202818,61348
196722,53386
203271,53386
216309,60
249687,51974
251106,51974
186177,52620
253557,63540
253557,63136
186987,54290
188853,54290
64365,54290
186177,53160
181101,54290
239577,51974
220269,63360
211749,52620
163131,63360
63876,59776
211947,51974
228729,54290
254004,35846
160770,51974
201798,53386
216822,63136
216822,63540
253935,36720
208758,36720
183576,36720
219048,54290
245046,54290
206418,53160
154698,52620
203775,54290
163032,63540
163032,63136
253557,63360
61305,48298
203166,48298
251625,36720
207240,59776
230073,63540
230073,63136
188961,53386
128685,51974
235458,54290
184488,56714
184488,34092
211344,61540
211641,53386
206763,53386
206514,53386
206496,53386
206412,53386
206484,53386
206439,53160
206415,54290
250434,53386
198873,53386
223071,36720
187734,36720
173667,53386
156063,48980
200964,57804
244971,63136
244971,63540
203274,53386
244866,53386
252405,61348
244479,61348
206856,36720
196302,36720
183390,16358
243408,61540
207222,61540
231876,53046
225501,63360
200508,48298
67335,54290
211344,36720
153642,59776
62817,53160
183576,61348
67764,54290
212433,55632
212433,57522
182442,54096
62817,63360
214194,36720
238536,48298
223401,63538
223401,50718
223401,33886
223401,30500
206664,36720
201798,54290
59700,54290
184635,30500
184635,33886
184635,50718
184635,63538
208116,53386
206856,54864
196302,54864
61344,61540
183390,62074
194409,59776
217293,48298
230073,63360
187806,61540
214998,53160
229536,63360
61305,57804
203166,57804
220011,59394
191247,54290
197529,54290
183459,34092
183459,56714
185817,52620
164541,54290
220728,54864
230028,61540
206439,63136
206439,63540
247002,63360
204144,36720
154803,54290
153645,63360
154812,54290
238032,61540
209793,53160
253416,36720
210897,36720
206367,36720
210171,36720
68676,36720
221610,59822
221610,1304
210234,63360
174195,53386
173613,61348
224631,54290
154740,54290
154032,54864
242856,54290
154098,59776
196311,59776
72930,59776
183213,63360
241218,61540
211344,63136
211344,63540
186177,63360
200964,48980
236226,53160
242610,53160
163032,53160
160770,48298
185817,61540
167316,51974
253557,51316
206772,61540
188787,51316
174513,36720
187707,63360
195063,61348
237057,63360
198792,61348
236226,61540
217620,54290
166995,61348
128526,61540
162603,36720
182442,50718
182442,33886
182442,63538
182442,30500
157224,36720
244158,36720
206850,53386
229812,61348
165726,63540
165726,63136
190152,59776
223401,62170
223401,1372
223401,10808
183459,35846
71301,59776
211533,36720
207222,63540
207222,63136
217002,61348
215517,50274
206418,63360
241350,52620
212892,53386
191892,51316
193965,61540
198279,61540
166599,48980
238068,48980
217002,48980
188700,53386
246042,53386
96444,53386
204717,53386
249579,53386
61908,53386
205905,53386
203280,53386
218061,53386
223968,59776
182292,54290
225480,53386
254436,35846
155403,36720
155031,54096
212433,59776
184635,16358
181860,59394
209184,48298
245154,36720
153645,61540
223401,57414
223401,62378
203724,54290
221610,10808
221610,1372
221610,62170
182292,53386
208341,36720
203796,36720
183450,53386
155052,54290
188787,52620
203232,54290
192159,54290
214998,61540
214998,51316
184635,54096
183387,36720
242610,63540
242610,63136
249216,36720
207129,36720
250749,36720
198882,48298
242151,48298
155016,54290
153642,52620
212220,51316
176403,51316
206442,63538
206442,30500
206442,50718
206442,33886
227310,48298
247002,54864
254436,63538
254436,30500
254436,33886
254436,50718
62817,52620
236226,63360
234120,54864
220713,63360
187386,59776
158658,54290
163131,52620
211344,53160
167514,63540
167514,63136
171372,53386
207084,36720
157767,53386
187224,54290
226662,54864
207105,54864
182442,10652
252618,53386
165684,53386
210876,53386
165687,53386
206415,53386
207927,36720
229977,54864
195372,51316
253557,54864
153645,53160
165045,48298
211407,61540
187974,53386
245868,63538
245868,33886
245868,30500
245868,50718
230286,54864
236766,57804
248871,57804
206988,36720
250275,36720
68676,54290
206964,63360
206433,36720
206349,36720
206625,36720
153138,36720
244971,53160
206964,54864
249486,52620
72645,53386
232404,36720
206460,36720
187224,61348
188100,52620
61899,51316
184488,33534
224526,53386
186177,59776
166005,53386
227292,52620
188331,59776
209622,36720
254400,10652
214998,59776
253578,36720
208518,48298
198534,54290
234156,54864
187707,61540
206304,53386
234093,57804
195723,36720
153645,63540
153645,63136
72045,53160
200964,61348
251625,54290
153348,36720
225501,51316
163032,59776
195372,59776
63876,61540
220095,53386
213114,52620
167514,63360
203328,54864
248061,54864
244479,48980
208092,36720
201741,36720
211812,36720
188100,59776
245046,53386
253053,63538
253053,30500
253053,50718
253053,33886
211641,36720
206763,36720
206484,36720
206496,36720
206514,36720
206412,36720
197034,54290
204375,59776
167514,53160
154404,63538
154404,50718
154404,33886
154404,30500
67764,61348
211950,57804
204189,57522
204189,55632
200964,51974
153888,36720
247962,53160
165786,54864
249294,54290
238263,54290
183387,54290
252480,54290
206748,51316
157854,63360
249297,53386
240939,32496
216108,61348
249573,54290
228753,36720
230028,63360
153756,54864
209793,59776
128685,53386
251442,63360
185817,59776
238032,63360
209976,54290
167316,53386
209622,53386
61824,54290
157854,61540
164661,61280
217782,61540
178458,52620
225501,54864
223782,54290
232068,36720
203811,53386
62817,59776
251967,63360
187806,63360
232035,53160
191553,54290
206868,59776
241824,55632
241824,57522
128526,51316
242571,48298
232035,63360
223968,53160
222669,61540
211473,54290
184710,36720
241350,59776
210627,53386
210810,54290
211950,11490
248202,51316
158658,61348
191247,53386
186882,53386
209796,61540
183363,52620
56871,53386
252696,53386
128526,59776
186987,36720
230073,59776
206955,63360
238827,63360
242232,63360
207618,54290
165726,53160
253683,53386
154098,52620
211533,63360
203727,48298
166437,54290
229812,51974
211533,53160
241824,53046
249930,51974
187659,59776
211476,52620
172587,36720
176643,36720
214998,60
196311,52620
209976,61348
238536,54290
243390,36720
220713,52620
244278,54290
210978,54864
155481,59776
183390,50720
128526,54864
160029,54290
194208,36720
181371,53386
188331,51316
206418,54864
249207,59776
207396,54290
63876,63136
63876,63540
242610,63360
249486,54864
214506,53386
158274,35846
154758,52620
211533,51316
249294,48298
238263,48298
67827,53386
191316,61540
183390,59396
183390,62274
220269,63136
220269,63540
227295,36720
212430,36720
211749,51316
154869,54290
192549,48298
208341,63360
203796,63360
212301,63360
253557,60
196845,36720
203700,36720
248205,54290
154770,54290
240939,51974
188787,61540
61824,63360
187806,53160
154665,61540
248871,61280
236766,61280
215517,62074
211989,48298
61344,63360
155031,16358
208626,30500
208626,63538
208626,33886
208626,50718
215112,54864
222750,48298
248061,59776
209970,53386
203181,53386
203871,53386
204780,53386
208788,48298
173613,54290
203829,53386
203184,53386
211533,59776
244680,54864
203145,54290
203277,54290
248013,54290
208722,48298
206076,57414
206076,62378
197676,54864
186384,53386
248202,54864
248682,59776
172719,36720
188844,54290
182442,63186
182442,42132
207240,52620
155031,35846
254400,54096
128526,63360
165045,54290
196311,61540
209622,63360
243408,53046
198279,36720
155271,53386
208518,54290
201522,51316
181860,48980
128526,63540
128526,63136
153813,53386
71301,54864
238218,52620
247548,53386
209622,53160
224169,36720
88920,52620
252066,35846
249573,59776
214998,63360
164661,36720
252480,61348
212220,54864
176403,54864
69060,54290
200964,48298
69060,53386
203511,54290
165726,63360
224526,54290
205812,36720
206670,54864
212211,61540
88920,53160
163131,61540
231162,59776
213513,52620
199860,48298
223554,48298
205728,48298
253998,48298
66378,48298
192768,48298
203889,48298
251085,48298
229521,48298
192771,48298
205122,48298
158016,48298
210846,48298
250629,48298
59703,48298
239577,61348
217782,63360
198279,63360
211533,52620
223782,61348
225699,53386
71301,53160
232035,54290
196845,52620
154665,52620
227310,54290
187875,54864
184950,51974
216822,63360
204243,54290
181101,53386
154506,53386
241389,36720
211473,61348
242856,53386
234972,48298
234018,48298
208524,48298
242412,48298
246618,48298
221526,48298
208572,48298
209793,60
195378,59776
139272,59776
65067,53386
162795,54864
232035,48298
245868,56696
245868,35732
181101,51316
205812,54290
204243,53386
154698,53386
154506,54290
246150,53386
153402,53386
153150,53386
206076,62170
206076,10808
206076,1372
160029,48298
183492,63360
228687,54290
233970,54290
209799,52620
224169,54290
153813,52620
207222,60
210627,54290
88920,61540
213513,59776
210978,36720
246150,54290
177951,53386
210690,48298
208521,48298
212571,48298
242856,52620
211407,63360
250782,53386
186384,54290
61824,53386
235932,36720
210840,36720
208503,48298
246042,63136
246042,63540
207339,51316
252081,51316
206637,54864
206448,54864
209799,59776
217782,53160
72930,63540
72930,63136
230010,53046
221331,51316
187386,53386
163101,52620
61344,51316
250653,48298
197286,48298
186177,51316
234555,55632
231663,55632
231663,57522
234555,57522
216822,36720
71301,61540
240939,60
72117,51316
206955,54864
242232,54864
238827,54864
154665,63360
187707,53160
207105,63540
207105,63136
161058,54290
72918,53386
253506,54864
206838,54864
183576,61280
65328,53386
183363,63136
183363,63540
247002,51316
251121,53386
206964,61540
212433,52620
187386,52620
209796,54864
249513,54290
153642,61540
207144,59776
248550,53386
251391,63360
231876,59776
206772,54864
61482,63136
61482,63540
207240,57522
207240,55632
162984,54864
242151,61540
198882,61540
252696,54290
184950,61348
182442,35846
204771,54290
222669,63360
220713,61540
208872,11490
153348,54290
210441,63538
210441,50718
210441,30500
210441,33886
234156,36720
207330,54290
209622,51316
167514,54864
183390,36720
154827,36720
162795,59776
206748,54864
206964,53160
163044,59776
204657,61540
183363,53160
211344,59776
62817,51316
212478,54290
212211,36720
158274,10652
208794,36720
208812,36720
187974,61540
63876,53160
228729,61348
171702,59776
202818,51974
207219,54864
208500,48298
229977,59776
221610,62074
209799,61540
253335,54864
188787,59776
88920,59776
249930,48980
254004,124
163101,63360
206439,59776
206646,54864
241824,36720
210810,36720
155034,54290
210000,54290
234120,55632
234120,57522
60864,54290
206664,54864
179496,54864
230331,59394
236775,59394
186987,53386
250782,36720
248550,54290
212433,61540
63876,57522
63876,55632
224526,36720
252696,36720
212283,54290
153765,61540
210120,54290
242610,61540
246054,54290
191256,59776
61899,53160
232269,61540
197034,53386
188730,59776
209796,63360
221610,50718
221610,63538
221610,30500
221610,33886
208092,54290
195723,53386
216822,52620
249159,53386
155043,36720
211740,59776
251106,53386
249687,53386
231057,54864
209184,61348
153765,36720
192942,59776
154167,36720
207084,54864
213114,59776
210978,63360
185817,53160
210978,53160
182556,53386
213114,54864
181371,54290
246042,53160
203709,48298
203295,48298
201564,48298
203724,48298
240939,11490
232269,63136
232269,63540
247986,63360
243954,124
247962,63540
247962,63136
208209,53386
219231,48298
209793,54864
187806,51316
206076,10652
208788,61540
215517,59822
215517,1304
154476,53386
238218,59776
191892,60
219231,54290
59691,53386
206625,54864
206433,54864
206349,54864
221409,61348
217002,53386
155031,63510
209622,52620
206673,54864
211950,61348
187386,63360
232029,59776
210678,48298
203724,63360
207588,53386
206847,59776
206304,54290
184635,63186
184635,42132
192771,54864
253998,54864
158016,54864
229521,54864
251085,54864
66378,54864
223554,54864
205728,54864
210846,54864
203889,54864
192768,54864
59703,54864
199860,54864
205122,54864
250629,54864
220095,54290
220728,63136
220728,63540
221610,49888
221610,62860
221610,62944
221610,63508
166599,51974
238068,51974
88821,54290
165750,54290
194208,54864
212301,52620
211533,63136
211533,63540
222906,59776
191451,54290
203820,54290
215517,62376
215517,1370
163251,36720
251391,63540
251391,63136
214194,54290
72918,54290
223728,57804
188961,54290
183390,54096
206988,54864
250749,54864
207129,54864
250275,54864
249216,54864
221331,52620
207222,63360
183666,53386
249159,36720
188100,57522
188100,55632
162984,52620
181203,10652
247962,61540
154758,48298
61899,60
208722,54864
221331,60
186987,51316
179790,52620
165183,59776
251169,48298
248061,52620
88920,63360
154032,52620
200508,53386
191892,54864
239577,48980
176403,60
212220,60
250947,54290
231057,51316
154476,54290
228438,36720
176403,53046
212220,53046
247986,51316
210633,51316
192618,54290
162984,61540
248061,53046
191256,63360
208788,54290
184635,50274
234129,54864
192549,53386
155481,53160
186327,59776
212211,53160
183390,10652
206670,53160
210897,54864
253416,54864
206367,54864
208341,61540
203796,61540
242151,53386
198882,53386
220218,54290
180195,59776
71301,53046
209184,51974
193965,63540
193965,63136
242856,36720
211947,48298
179790,59776
251202,48298
221409,51974
209073,54864
201522,54864
201852,54290
206772,63540
206772,63136
206076,63186
206076,42132
61824,53160
235335,36720
196311,63360
171702,54864
212337,48298
203700,51316
196845,51316
61824,36720
251391,61540
206364,63360
63876,63360
185817,63360
226623,48298
203277,53386
248013,53386
203145,53386
213513,54864
203532,48298
212442,54864
209154,48298
209799,53160
166005,54290
232269,63360
187962,59776
162603,54290
223401,54096
183492,61540
208554,48298
191451,36720
203811,54290
220728,61540
65067,54290
154758,59776
209622,59776
159027,48298
205188,48298
248178,48298
208584,48298
251721,48298
251106,61348
249687,61348
242130,63360
88920,54864
210441,10808
210441,62170
210441,1372
228438,54290
200508,54290
213978,51316
246042,63360
214998,54864
154758,53386
181101,60
56871,54290
203796,63540
208341,63136
208341,63540
203796,63136
244287,51316
249297,36720
209799,51316
204480,61540
229977,52620
188331,60
210120,53386
253578,54290
222669,63540
222669,63136
154041,54864
206670,52620
250947,48298
219231,61540
61899,59776
249573,53386
192714,54864
207105,63360
211740,36720
164337,36720
203796,53160
208341,53160
188100,53160
186177,60
182442,124
212448,51316
203388,48298
246042,52620
247983,51316
245868,54096
212301,61540
179790,54864
206955,53160
242232,53160
238827,53160
157224,54864
225501,53046
208758,54290
253935,54290
216822,61540
165786,36720
206415,59776
201522,60
206304,36720
225480,54290
206460,54864
232404,54864
128685,54290
128526,60
222906,61540
62817,60
251442,51316
187962,54864
201741,54864
191256,52620
197286,54290
250653,54290
227310,61540
217293,53386
216108,36720
163578,36720
211749,59776
209796,59776
248202,53046
196302,59776
206856,59776
215517,62378
215517,57414
203724,53160
211632,54290
231876,53160
71301,63360
201852,36720
245868,62274
245868,59396
207105,53046
153642,53160
208206,53386
243408,54864
191256,63136
191256,63540
188787,53160
206481,53160
212748,53160
198522,53160
251619,53160
163377,52620
198534,61540
208206,54290
240912,53046
243954,10652
206673,52620
251391,53160
213978,54864
204375,52620
243390,61540
249297,54290
231102,52620
224841,36720
188100,61540
208053,54864
243390,51316
206670,61540
209796,53160
216108,54290
207105,61540
225276,53386
223728,61280
194409,52620
174513,54864
208812,57804
208794,57804
128763,36720
185244,53386
209799,63360
236766,51974
248871,51974
181101,53160
180195,61540
198534,53160
65067,36720
208518,54864
235335,61540
210978,51316
203673,53386
244278,36720
220218,53386
194409,61540
191256,61540
242232,61540
206955,61540
238827,61540
160029,61540
232029,57522
232029,55632
72930,51316
214998,63136
214998,63540
129081,63360
153813,59776
224169,53386
206673,59776
232029,63540
232029,63136
203673,36720
153642,63360
154821,36720
192627,36720
208626,62170
208626,10808
208626,1372
128526,53046
158274,33886
158274,50718
158274,63538
158274,30500
163377,61540
206076,33534
251967,51316
203184,54290
238263,61540
249294,61540
203328,48298
61824,61540
254004,54096
208521,61540
210690,61540
223968,63360
186378,54290
251121,54290
249513,48298
154827,51316
167316,54290
186384,36720
248292,53046
220728,63360
203706,48298
203301,48298
195372,61540
203700,52620
203055,54864
230010,63360
229536,53160
153150,36720
153402,36720
210342,59776
155031,42132
155031,63186
89013,54864
225699,54290
220011,48980
164661,54290
167652,54864
181203,33886
181203,50718
181203,63538
181203,30500
212892,54290
186987,60
88821,53386
165750,53386
187224,36720
235335,63360
163131,55632
163131,57522
59700,36720
210840,54864
235932,54864
155481,61540
209976,36720
183666,36720
163377,59776
88920,63540
88920,63136
128685,61348
198792,54290
188331,61540
155271,54290
254436,10652
210825,54290
249930,61348
186177,63136
186177,63540
187659,51316
72561,54290
166995,54290
183459,10652
247548,54290
252405,53386
60864,53386
175878,36720
249486,59776
206646,61540
219420,54290
176643,54864
172587,54864
206646,53160
210168,53160
61692,53160
212433,53046
236766,61348
248871,61348
224169,51316
65631,54864
232029,52620
234972,54290
234018,54290
61899,61540
154404,35846
64959,36720
208545,48298
65328,54290
210234,54864
234093,51974
248682,61540
211749,60
206850,59776
179853,52620
222159,36720
242856,51316
211407,51316
165684,61540
162984,63360
204657,54864
208872,61348
247986,61540
186882,54290
163101,61540
180195,52620
184698,53386
211749,61540
178458,59776
208524,53386
242412,53386
246618,53386
249573,52620
183450,36720
206670,59776
242130,61540
221610,63186
221610,42132
248061,61540
200964,54290
207243,61540
210234,51316
163377,53160
196845,53160
171372,54290
209793,53046
250653,61540
197286,61540
230073,51316
188730,61540
250782,54290
198279,53160
206637,53160
206448,53160
206076,124
245868,51316
164541,53386
210051,63360
181101,61540
239577,53386
202818,48298
221610,16358
206364,61540
154404,50274
62817,63540
62817,63136
253935,48298
208758,48298
240939,36720
203796,52620
208341,52620
211989,53386
203829,54290
253506,61540
206838,61540
89013,36720
246963,51316
203727,53386
231876,57522
231876,55632
212433,63136
212433,63540
230073,54864
250977,53386
155271,36720
153402,54290
153150,54290
210678,54864
191250,36720
225501,60
200508,61540
211989,61540
236775,51974
230331,51974
188100,63360
188787,60
249573,63360
186327,52620
212211,63360
222906,52620
207240,53046
247548,36720
153999,52620
72918,61540
230010,52620
162843,54290
153999,54290
204375,61540
160770,53386
209799,60
222669,51316
163044,61540
244680,53046
167316,61348
153642,54864
254004,63510
248202,60
61692,63540
210168,63136
61692,63136
210168,63540
230028,51316
244287,60
221151,48298
252774,48298
246054,52620
207243,59776
207240,61540
178818,54290
211749,53160
206646,52620
66378,53046
205728,53046
192771,53046
223554,53046
229521,53046
192768,53046
199860,53046
210846,53046
158016,53046
203889,53046
250629,53046
253998,53046
59703,53046
251085,53046
205122,53046
203727,61540
183213,54864
139272,61540
195378,61540
217293,61540
195063,53386
153765,63360
212442,51316
223968,61540
217293,54290
155031,124
153669,54864
164541,63360
212433,63360
206076,30500
206076,33886
206076,63538
206076,50718
206448,61540
206637,61540
220011,51974
154098,53046
210627,36720
224841,54864
222204,36720
215112,51316
183459,33534
238263,63360
249294,63360
205665,48298
65640,54864
231102,59776
184635,63510
234018,53386
234972,53386
212478,61540
187386,61540
212571,61540
157938,59776
208524,54290
246618,54290
242412,54290
212571,53386
248205,36720
154119,36720
196311,53160
190152,61540
167514,51316
206646,59776
165045,53386
183912,36720
207240,63360
157767,36720
206838,53160
253506,53160
182556,54290
164541,51316
173667,36720
210978,63136
210978,63540
205722,61540
157416,61540
208554,54864
67158,36720
189045,36720
206439,54864
238032,51316
153765,53160
252066,10652
162795,52620
206448,52620
206637,52620
177672,36720
227292,53160
187263,59776
242856,53160
211047,36720
210633,60
208092,53386
211989,54290
211344,52620
59703,57522
192768,55632
199860,57522
205728,57522
66378,55632
203889,55632
199860,55632
59703,55632
66378,57522
223554,57522
205728,55632
250629,55632
253998,55632
192771,55632
210846,55632
210846,57522
251085,55632
192771,57522
158016,57522
205122,55632
229521,57522
229521,55632
253998,57522
250629,57522
158016,55632
205122,57522
223554,55632
192768,57522
251085,57522
203889,57522
249930,53386
163131,53160
196311,63540
196311,63136
245631,36720
188700,61540
208518,61540
187875,36720
157398,54290
64959,63360
188787,63360
157938,52620
191256,53160
199044,51316
203727,54290
229977,61540
237057,51316
212571,54290
186378,53386
209793,63540
209793,63136
235458,36720
252210,48298
153726,36720
154827,61540
64365,36720
65640,59776
188844,36720
191250,54864
165726,59776
221151,54864
252774,54864
242130,63136
242130,63540
254400,16358
247002,60
72561,53386
210129,48298
187734,59776
61824,59776
185244,54290
210171,59776
163578,61540
247956,54864
139272,52620
195378,52620
245046,59776
72645,54864
206838,59776
253506,59776
251967,54864
208341,51316
203796,51316
187875,53046
61305,53386
203166,53386
249207,61540
243390,63360
207219,36720
207330,53386
208626,63510
184635,124
245868,63510
208788,51316
172503,59776
213114,53160
193965,54864
195372,53160
222906,63360
246042,61540
172419,59776
198882,63360
242151,63360
219420,36720
230286,53046
228315,54864
212448,54864
164457,59776
195372,54864
236775,61280
230331,61280
65631,59776
204657,36720
217620,36720
245868,49888
245868,63508
245868,62860
245868,62944
194409,63360
230286,61540
242151,51316
198882,51316
244479,53386
238068,61348
166599,61348
184710,59776
155016,36720
164007,54864
217494,61540
61824,52620
253506,52620
206838,52620
207927,51316
223401,16358
153642,51316
213114,61540
253053,10652
206748,60
181860,61280
212478,36720
246054,59776
248061,63360
231102,53160
206448,59776
206637,59776
163578,51316
165183,61540
179790,53160
238032,54864
230028,54864
184104,54864
251625,53386
254400,63510
234129,53046
207144,61540
206364,54864
198279,63136
198279,63540
162843,53386
238611,54864
203082,54864
203073,54864
188196,53386
248373,48298
163377,54864
65328,36720
178818,53386
196845,63360
203700,63360
232068,61540
203724,36720
198534,53386
244680,36720
181101,63136
181101,63540
201522,53046
208092,63360
155055,36720
187974,63360
206670,63540
206670,63136
216309,54864
248682,54864
207243,63360
184488,124
129081,36720
172419,61540
209622,63540
209622,63136
154098,55632
154098,57522
154404,16358
188685,54864
187263,52620
181860,57804
185817,51316
229977,53160
248682,52620
232269,51316
206415,61540
165687,61540
210876,61540
252618,61540
249207,52620
216948,54864
213978,60
154434,53386
223401,50274
164541,61540
246042,59776
204480,36720
71301,63540
71301,63136
207618,36720
195378,63540
139272,63136
139272,63540
195378,63136
154032,59776
177951,54290
231663,53046
234555,53046
192549,52620
161208,36720
155337,54864
179790,61540
208341,59776
216822,59776
203796,59776
248682,63360
227292,59776
248373,61540
192549,59776
231459,54864
243954,50718
243954,30500
243954,63538
243954,33886
207222,54864
157767,61540
174513,59776
208788,63360
155481,63360
238218,51316
187386,53160
204657,63360
188853,36720
67827,54290
155031,49888
155031,62860
155031,63508
155031,62944
209073,59776
248292,36720
209796,51316
210051,53160
213513,61540
206868,54864
214998,53046
234864,59776
196845,59776
66915,54290
155106,54864
157185,59776
180195,53046
181203,50274
208572,53386
221526,53386
187974,63540
187974,63136
61344,57522
61344,55632
247002,53046
190152,54864
163377,63360
211947,61540
208518,51316
72561,61540
154698,61540
254004,63186
254004,42132
158274,10808
158274,1372
158274,62170
248178,53386
251721,53386
248061,53160
195372,63540
195372,63136
183666,54290
210825,53386
158274,57414
158274,62378
248373,54290
195372,63360
153756,53046
183450,54290
181746,63360
229977,53046
229977,63360
154560,54290
222204,61540
154404,54096
211476,51316
89013,61540
233970,36720
192942,61540
247962,51316
214506,54290
206076,54096
210978,53046
220713,53160
231102,61540
203724,53386
196845,61540
242130,53160
251625,61540
187221,59776
253683,54290
129204,48298
183492,63136
183492,63540
154869,36720
204375,63360
198873,36720
165183,52620
188730,63360
206850,61540
183363,63360
206868,61540
205665,54864
189009,59776
234093,51316
216948,53160
206670,63360
183576,54290
251202,53386
129081,53160
181860,48298
208500,53386
249687,36720
251106,36720
232269,54864
243390,54864
171702,61540
163032,63360
195378,63360
139272,63360
178458,53160
222669,54864
155043,51316
230286,63360
253053,16358
222204,63360
176577,52620
166437,63360
221151,53046
252774,53046
188331,63360
72645,54290
129204,54864
207240,63540
207240,63136
249573,61540
198552,61540
210978,59776
205332,51316
230286,53160
187806,60
64959,53160
250947,61540
206868,51316
183576,53386
196311,54864
154434,54290
209796,60
240912,54864
178068,53386
204480,63360
212337,53386
253557,53046
224169,63360
154770,63360
208521,53386
210690,53386
88920,53046
209796,52620
153138,54864
219231,63360
167514,60
175293,36720
96138,63540
96138,63136
154770,61540
203733,63540
203733,63136
167652,59776
153999,59776
203700,53160
187221,52620
183363,59776
173667,51316
254400,50274
212433,53160
187659,53160
154698,63360
221610,50720
154812,36720
209970,54290
188100,63540
188100,63136
223728,61348
203871,54290
203181,54290
204780,54290
154167,61540
232029,53046
187707,51316
226662,51316
238536,63136
238536,63540
89013,63360
211047,53386
156225,54864
203700,59776
252210,54864
206964,63136
206964,63540
249342,53046
205332,36720
172719,53160
232035,63540
232035,63136
249486,63136
249486,63540
219231,53160
205815,54864
153726,54864
254118,53386
212301,53160
154551,53386
187395,53386
246804,53386
156024,61540
153642,60
163032,53046
155043,61540
183213,51316
192627,53160
212469,53160
251202,54290
208092,61540
248292,57522
248292,55632
192627,54864
208500,54290
227973,54864
251721,54290
248178,54290
192627,61540
230010,61540
244173,52620
206646,63360
160029,51316
247986,54290
208572,54290
221526,54290
198534,63360
251619,61540
212748,61540
198522,61540
206481,61540
220728,51316
67764,54864
249207,63360
222750,54290
61344,60
210051,61540
197676,59776
207588,54290
213978,53046
209796,63540
209796,63136
192618,53386
242856,63360
184635,59396
184635,62274
63876,53046
203700,61540
210051,36720
67827,36720
203388,53386
212478,63360
226662,36720
206847,61540
184488,1372
184488,10808
184488,62170
65631,61540
197286,51316
250653,51316
227310,51316
219231,52620
157224,59776
221610,63510
154032,53160
230073,60
184635,62860
184635,49888
184635,63508
184635,62944
186327,54864
189045,54864
254436,63510
227310,63360
154827,60
165786,61540
210342,54864
64272,36720
153048,54864
206415,52620
223401,10652
157767,51316
200964,61540
233091,52620
210690,54290
208521,54290
184698,54290
249294,51316
238263,51316
207144,52620
191247,61540
154560,53386
154404,63510
210978,52620
165750,61540
88821,61540
254400,124
206673,61540
198792,36720
243390,60
206439,61540
248205,63360
192627,63360
60762,54864
250947,51316
222750,53386
191250,61540
157767,63360
216948,52620
153669,61540
212301,57522
212301,55632
157767,53160
232035,36720
211950,51974
206838,63360
253506,63360
154770,53160
207144,63360
172419,51316
153726,61540
231162,53160
231162,51316
245046,61540
223401,63186
223401,42132
230178,36720
155043,53160
228729,36720
249159,54290
204411,61540
252405,54290
190152,63360
72645,63360
181101,63360
232029,61540
198534,36720
223728,51974
212337,54290
247986,59776
180195,63360
184488,10652
165726,52620
155337,36720
156024,59776
67764,36720
166995,54864
212469,63360
213513,53160
210690,63360
208521,63360
66879,54864
203181,63360
204780,63360
203871,63360
188196,36720
179790,51316
198873,61540
172419,52620
164337,54864
155043,63360
254400,49888
254400,62860
254400,62944
254400,63508
191553,36720
184509,36720
247983,54864
166995,36720
245868,63186
245868,42132
180195,53160
162795,61540
220011,61280
206439,63360
153669,59776
208545,53386
155052,61540
183363,61540
160029,53386
210171,54864
206991,35846
181203,35846
200964,36720
228753,54864
221331,61540
206637,63360
206448,63360
242856,59776
252066,33886
252066,50718
252066,63538
252066,30500
173667,54864
246963,54864
154827,53160
232029,63360
187806,63136
187806,63540
234864,63360
186882,36720
206847,52620
176643,59776
172587,59776
232068,52620
212337,61540
205332,60
230331,48298
236775,48298
158274,124
252081,60
207339,60
190152,51316
187386,63540
187386,63136
172419,63360
210000,36720
155034,36720
187962,61540
153669,53160
167652,52620
215457,54864
208209,54290
207240,53160
227973,57522
227973,55632
129081,61540
252774,55632
252774,57522
221151,57522
221151,55632
163044,52620
96138,59776
211740,52620
153669,52620
181746,59776
246963,60
248205,61540
188685,36720
244287,54864
191250,51316
164457,54864
212211,63136
212211,63540
254436,33534
173613,36720
203439,55632
203259,55632
217380,55632
203259,57522
203439,57522
217380,57522
191892,53046
229473,36720
186951,36720
198534,52620
203673,51316
251625,63360
172503,54864
188961,36720
217782,63540
217782,63136
221331,59776
192942,52620
210441,63510
233091,59776
203736,63136
203736,63540
195723,61540
179496,36720
212688,61540
251169,54290
212478,52620
209970,36720
203388,54290
203256,63360
225276,54290
153765,63136
153765,63540
236226,63540
236226,63136
206439,51316
243390,59776
206481,63540
198522,63136
212748,63136
198522,63540
206481,63136
251619,63540
251619,63136
212748,63540
242856,61540
217002,54290
192942,63360
249486,53160
220269,54864
166437,53160
65640,52620
66879,59776
212688,63360
241389,54864
181746,61540
153756,61540
210825,63540
210825,63136
207927,60
61899,63360
220728,53046
208584,53386
211473,36720
249294,53386
238263,53386
210678,53046
204375,54864
209994,61540
192627,63136
192627,63540
155043,60
229812,53386
154698,63136
154698,63540
237057,60
211749,63360
188730,54864
179790,63360
164457,52620
216948,59776
165786,53046
208758,61540
253935,61540
160029,63360
208545,54290
213513,63360
206847,54864
232035,51316
198873,53160
157416,54864
205722,54864
224631,61540
252066,62170
252066,10808
252066,1372
249297,61540
209184,53386
203259,54864
217380,54864
203439,54864
189009,61540
207618,63360
154827,63360
198873,51316
206364,53046
210441,35846
231102,63360
158658,36720
154098,61540
203706,61540
203301,61540
203532,61540
206415,63136
206415,63540
206673,53160
203295,61540
201564,61540
203709,61540
245631,51316
183459,33886
183459,63538
183459,50718
183459,30500
159027,53386
205188,53386
153888,54864
210810,63360
225699,36720
206850,52620
64959,59776
206646,63540
206646,63136
232068,53160
199044,60
206418,57522
206418,55632
197286,63360
250653,63360
211950,51316
187734,54864
184635,33534
155055,63360
203295,53386
201564,53386
203709,53386
223782,36720
154740,36720
206868,63360
224526,61540
234864,54864
199860,54290
253998,54290
192771,54290
223554,54290
203889,54290
229521,54290
210846,54290
205122,54290
250629,54290
192768,54290
59703,54290
251085,54290
66378,54290
205728,54290
158016,54290
208053,52620
154821,61540
212469,52620
213114,63360
235458,61540
254436,16358
208503,61540
179853,53160
243390,53160
210810,61540
59691,61540
182442,33534
253308,54864
203673,63360
248373,51316
216822,51316
210342,61540
248061,51316
212469,36720
252480,36720
154821,51316
230178,61540
198279,59776
188331,53160
207927,61540
197034,63360
154167,54864
200964,63360
208626,49888
208626,62860
208626,62944
208626,63508
242571,53386
155016,63360
154770,59776
199860,53386
251085,53386
253998,53386
229521,53386
192768,53386
66378,53386
250629,53386
192771,53386
210846,53386
158016,53386
205728,53386
59703,53386
205122,53386
223554,53386
203889,53386
154803,36720
72930,60
96138,52620
210678,53386
165684,63360
209793,63360
153642,63136
153642,63540
208872,51316
207243,53160
188700,63360
227310,53386
129081,51316
153765,60
253308,59776
235335,51316
204228,53386
206448,63136
206448,63540
206637,63136
206637,63540
235335,59776
182442,62944
182442,62860
182442,49888
182442,63508
232035,53386
204228,36720
216948,63360
234120,53046
72045,63540
72045,63136
162795,63360
247962,63360
182442,63510
212571,63360
251169,53386
187395,54290
154551,54290
246804,54290
198552,63360
212688,54864
241350,63360
238218,61540
219231,59776
178458,61540
242232,63540
206955,63136
238827,63136
206955,63540
242232,63136
238827,63540
189045,51316
203811,63360
64272,54864
187224,54864
154665,53160
209799,63136
209799,63540
172419,53160
253683,36720
204411,59776
210825,63360
211740,55632
211740,57522
228315,36720
224631,36720
72117,60
211047,54290
206415,63360
59691,63360
163131,53046
213114,63540
213114,63136
195063,36720
158274,33534
220713,57522
220713,55632
209073,61540
211740,63360
221610,54096
155106,36720
221331,53160
153669,63360
153765,51316
247986,36720
157185,52620
203733,53160
235335,53160
186384,61540
215517,63510
210342,52620
212688,36720
207465,59776
249486,60
206442,35846
203145,63360
203277,63360
248013,63360
89013,53160
208584,54290
167652,61540
224169,61540
194409,54864
209793,61540
254400,42132
254400,63186
206847,63360
184104,36720
187221,54864
201741,61540
171702,52620
165786,63360
230178,54864
236775,61348
230331,61348
244173,51316
220011,61348
157398,36720
235458,54864
209154,53386
231876,61540
211407,60
203811,53160
173667,61540
202818,54290
178068,36720
64959,61540
188853,54864
163377,51316
208758,63360
253935,63360
205332,61540
207219,59776
154119,54864
208518,63360
208872,51974
216948,61540
155052,36720
250947,63360
209154,54290
252066,33534
191250,60
212478,51316
206838,63540
206838,63136
253506,63136
253506,63540
217620,61540
159027,54290
205188,54290
191250,63360
228438,54864
154758,53160
216108,54864
212337,63360
172719,61540
222906,53160
231876,63540
231876,63136
250977,36720
211476,59776
208518,53386
179853,59776
202818,63136
202818,63540
179853,63136
179853,63540
208812,59394
208794,59394
208788,36720
244173,59776
64959,52620
208722,53386
208092,59776
163101,53160
203295,54290
203709,54290
201564,54290
89013,51316
88920,51316
235335,54864
230073,53046
222669,60
224169,60
245868,1304
245868,59822
204228,54290
189045,61540
233970,54864
208092,53160
154041,59776
207243,52620
163032,54864
179790,63540
179790,63136
155055,54864
215517,62860
215517,62944
215517,49888
215517,63508
155016,61540
189009,54864
210978,60
248205,53160
163101,55632
163101,57522
254400,35846
155052,63360
212211,52620
153669,53046
244173,54864
201741,59776
163578,63360
209994,36720
165687,63360
252618,63360
210876,63360
164541,60
163377,63540
163377,63136
157416,63360
205722,63360
154758,61540
191247,63360
195723,63360
249486,51316
241350,61540
210627,61540
242571,54290
206856,57522
206856,55632
196302,55632
196302,57522
203733,63360
207219,61540
164007,36720
211740,61540
254004,33534
210678,54290
221409,53386
253053,54096
88821,63360
165750,63360
210441,62944
210441,49888
210441,62860
210441,63508
162984,63136
162984,63540
178068,54290
250782,61540
61824,51316
183459,124
157398,63360
235458,63360
61824,63136
61824,63540
167652,51316
189009,52620
166599,53386
238068,53386
129081,52620
206664,59776
229977,57522
229977,55632
188730,52620
221151,61540
252774,61540
166437,61540
196302,63360
206856,63360
163032,61540
156024,63360
223401,124
206763,59776
206496,59776
206514,59776
211641,59776
206412,59776
206484,59776
203271,57522
203271,55632
203256,57522
196722,57522
203256,55632
196722,55632
242151,36720
198882,36720
222204,54864
249513,53386
217494,54864
209994,63360
226623,53386
203673,63540
203673,63136
187974,36720
165045,63360
154758,63360
203295,63360
203709,63360
201564,63360
253935,53160
208758,53160
254118,54290
232068,63360
157767,52620
203328,61540
208053,51316
155016,53160
156063,54290
223968,54864
206673,63360
155106,63360
153813,63360
154404,62274
154404,59396
155481,51316
248292,61540
219231,51316
167316,36720
214506,36720
167652,53160
221526,61540
208572,61540
231102,54864
245868,59394
163377,60
228687,53386
188196,54290
223071,54864
232029,53160
249687,54290
251106,54290
250977,54290
204189,60
191250,53160
184950,48298
225276,36720
207927,54864
249486,61540
72645,53046
153756,36720
248061,55632
248061,57522
186327,51316
154404,42132
154404,63186
196722,63360
203274,63360
203271,63360
244866,63360
251619,60
198522,60
212748,60
206481,60
220011,36720
164457,61540
157416,36720
205722,36720
164661,53386
242439,54864
72045,51316
211947,63360
250782,53160
253671,59776
210342,63360
224931,36720
156063,53386
187659,61540
172719,51316
231057,60
196722,54864
203271,54864
203256,54864
198552,54864
203811,63136
203811,63540
200964,53386
231459,36720
219048,36720
249342,51316
173667,63360
207618,61540
212748,51316
206481,51316
251619,51316
198522,51316
171702,63360
226623,54290
206367,59776
210897,59776
253416,59776
198873,63360
234864,61540
153765,59776
249513,61540
204717,63360
203280,63360
96444,63360
65067,53160
154032,57522
154032,55632
230178,63360
225501,55632
225501,57522
167514,53046
203532,53386
225480,54864
212448,60
254004,62944
254004,63508
254004,49888
254004,62860
245868,10652
184710,61540
157185,54864
195378,54864
139272,54864
254436,54096
163578,60
241350,63136
241350,63540
204480,53160
181203,54096
234093,54864
154827,59776
220728,55632
220728,57522
160770,54290
157767,59776
178458,63360
203736,53160
61692,51316
210168,51316
223968,63136
223968,63540
203328,53046
208722,54290
209994,54864
248301,52620
198552,53046
155337,61540
184104,61540
185817,60
187962,52620
231459,63360
181203,16358
207243,54864
234864,53160
154167,63360
248292,63360
209094,59776
172419,60
203277,63136
203277,63540
203145,63540
248013,63136
248013,63540
203145,63136
183390,124
64365,54864
206856,52620
196302,52620
234093,63360
227292,61540
188787,63540
188787,63136
208209,36720
181101,59776
61305,54290
203166,54290
204771,36720
209094,61540
165786,51316
210120,61540
154098,63360
203328,53386
66915,52620
204144,54864
249573,53160
65067,63360
230286,57522
230286,55632
207396,53046
160770,36720
244173,53046
254436,62944
254436,62860
254436,49888
254436,63508
234093,61540
164457,51316
250947,53386
187734,61540
65640,61540
221610,10652
210171,61540
163578,59776
183666,61540
154827,54864
250782,63360
252696,61540
72117,54864
241218,54864
207618,54864
208788,53386
129081,63136
129081,63540
234093,48298
158658,54864
172719,63136
172719,63540
206664,61540
154098,53160
207927,63360
228438,61540
153669,63540
153669,63136
222906,51316
251625,59776
155481,63136
155481,63540
203181,54864
203871,54864
204780,54864
203733,54864
179853,61540
232068,51316
203700,63540
203700,63136
208503,53386
198882,53160
242151,53160
225480,63360
63876,51316
155337,63360
184104,63360
244173,61540
206991,57414
206991,62378
244680,61540
239577,54290
187875,61540
155106,61540
153813,53160
188787,54864
206964,57522
206964,55632
154758,63136
154758,63540
241350,53160
64272,61540
163578,54864
248301,51316
203301,53386
203706,53386
172503,61540
227292,63360
191451,54864
129081,54864
232068,59776
250749,59776
207129,59776
249216,59776
65631,52620
174513,61540
214506,61540
211476,53160
207105,55632
207105,57522
251442,60
208872,48298
164007,63360
247974,53386
179790,60
238536,63360
212478,53160
185817,63136
185817,63540
165045,63540
165045,63136
231162,60
212211,51316
177951,36720
248373,63360
206442,62378
206442,57414
248682,63136
248682,63540
236766,48298
248871,48298
154827,52620
62817,54864
162795,53160
207084,59776
211632,52620
71301,55632
71301,57522
243408,36720
61908,63360
218061,63360
203736,63360
249579,63360
205905,63360
195723,52620
154770,52620
163131,63136
163131,63540
244278,54864
204375,53160
164541,54864
61692,54864
210168,54864
164007,53046
197034,63540
197034,63136
210810,53160
195723,53160
203328,54290
242856,63540
242856,63136
203388,61540
228438,59776
155055,53160
245631,61540
64272,63360
230286,51316
231162,61540
187707,63540
187707,63136
153756,55632
153756,57522
188685,61540
154032,61540
211812,52620
224841,59776
186327,61540
156225,36720
162795,51316
180195,57522
180195,55632
89013,60
253416,61540
210897,61540
206367,61540
198534,51316
210129,53386
175293,54290
206433,59776
206349,59776
206625,59776
242412,61540
208524,61540
246618,61540
208794,51974
208812,51974
219231,53386
194409,53160
183921,54864
203439,53046
203259,53046
217380,53046
153813,61540
248202,55632
248202,57522
220095,36720
189045,63360
187659,60
248301,59776
210051,54864
156225,61540
204771,53046
162984,53160
165183,63360
229812,36720
206748,53046
204411,63360
155031,62274
155031,59396
234864,52620
207618,53160
153138,59776
129081,59776
179853,63360
253053,124
221610,59396
221610,62274
210168,36720
61692,36720
212211,59776
243408,57522
243408,55632
203532,54290
236775,36720
230331,36720
231459,61540
237804,36720
139272,53160
195378,53160
205815,59776
153765,52620
177474,52620
205665,53386
187962,63360
229737,61540
210978,57522
210978,55632
244173,53160
203724,63540
203724,63136
154404,63508
154404,62944
154404,49888
154404,62860
206772,51316
155052,51316
155055,61540
253308,61540
177672,54864
180195,63136
180195,63540
239577,36720
243408,63360
129204,61540
154698,53160
201741,53046
66879,61540
212571,51316
187263,53160
209799,54864
247962,60
154032,51316
206850,63136
206850,63540
165045,53160
210168,63360
61692,63360
208503,54290
227973,53046
248205,54864
212469,51316
221409,36720
227310,36720
249573,63540
249573,63136
167652,63360
199044,54864
188685,63360
161058,36720
154032,63136
154032,63540
206868,60
211632,59776
207243,51316
229812,61540
196311,51316
220218,36720
212469,61540
200508,53046
252774,63360
221151,63360
247956,36720
212283,61540
153048,52620
187734,63360
234156,57522
234156,55632
195063,54290
245631,60
210171,63360
198552,36720
157938,53160
210816,59776
206664,53160
198279,52620
211407,57522
211407,55632
184950,61540
88920,60
208116,55632
208116,57522
208521,51316
210690,51316
208521,36720
210690,36720
65631,63360
250653,53386
197286,53386
183492,51316
204657,51316
206748,57522
206748,55632
231459,53046
251967,60
228729,54864
217620,63360
60762,53046
236226,51316
245046,52620
209073,63360
244173,60
205332,63360
206415,53160
253053,35846
179496,53046
238536,59776
247956,61540
223728,48298
231876,63360
222204,53160
164541,59776
155052,54864
68676,52620
243954,62170
243954,1372
243954,10808
204243,36720
207222,53046
204657,59776
164007,61540
210129,54290
244287,53046
206664,52620
253308,52620
184710,54864
217782,54864
155100,36720
249930,54290
250434,51316
249930,36720
61344,53046
155100,61540
249216,61540
207129,61540
250749,61540
72645,61540
247983,60
203301,54290
203706,54290
172719,54864
227292,51316
211947,51316
65640,63360
203511,54864
207396,54864
234156,53046
65328,61540
204657,53160
203811,61540
210120,36720
191553,61540
153999,53160
207396,36720
252210,53386
204411,51316
175293,61540
188730,51316
228753,59776
187263,63360
203706,63360
203301,63360
203532,63360
155031,63418
155031,39186
163251,54864
154167,59776
207084,61540
64353,61540
181746,53160
235458,53160
187974,53160
209073,52620
203871,61540
204780,61540
203181,61540
248682,53160
208116,54864
206991,10652
197676,61540
198534,59776
190152,60
166437,59776
188685,53046
232404,59776
206460,59776
163578,53160
206847,63136
206847,63540
212469,63540
212469,63136
157398,61540
203274,54864
244866,54864
167652,60
172503,63360
254436,63186
254436,42132
66915,59776
212478,54864
202818,53386
203673,61540
228315,61540
250275,59776
194208,59776
206988,59776
203724,59776
235335,63136
235335,63540
216309,53046
183459,1372
183459,10808
183459,62170
206670,51316
154665,63540
154665,63136
187263,54864
173613,54864
207396,61540
253557,55632
253557,57522
198873,60
243390,63540
243390,63136
172719,60
206433,61540
206349,61540
206625,61540
217494,36720
206850,63360
203724,52620
171372,36720
215457,53046
199044,59776
176577,59776
211533,60
254004,50274
244680,53160
155043,54864
208758,51316
253935,51316
186378,61540
229737,36720
210441,10652
204375,63136
204375,63540
241824,59776
207144,53160
243954,63186
243954,42132
185244,61540
163044,63360
25743,61540
240912,36720
67335,52620
208794,61348
208812,61348
224631,51316
166005,36720
225276,61540
223401,49888
223401,62944
223401,63508
223401,62860
203055,53046
206673,63136
206673,63540
188100,51316
229977,63136
229977,63540
162843,36720
244680,63360
253671,61540
195723,59776
208554,53386
203727,53046
163032,55632
163032,57522
183390,59394
128604,52620
208092,63136
208092,63540
183921,36720
216108,59776
234156,59776
198801,54864
206514,54864
206484,54864
206496,54864
206763,54864
211641,54864
206412,54864
64353,54864
154821,63360
221331,63360
223401,35846
157767,54864
205665,54290
154821,54864
195372,60
212301,53046
174513,63360
212571,36720
72918,53046
154032,63360
207396,53160
61899,63540
61899,63136
156225,63360
238263,36720
249294,36720
223968,51316
176403,55632
212220,57522
176403,57522
212220,55632
207330,63360
198792,54864
205815,52620
204480,54864
178068,61540
178068,63360
229977,51316
232029,51316
254400,62274
254400,59396
206304,61540
209622,60
203736,54864
219420,59776
175293,51316
157938,54864
214506,53160
210825,61540
177672,53046
211473,54864
253053,63510
217494,63360
207219,53046
208053,59776
253935,53386
208758,53386
184950,36720
208518,36720
208872,61540
252066,124
207339,54864
252081,54864
157185,51316
205815,53160
211947,36720
232068,60
192627,53046
211947,53386
212478,59776
208053,53160
209094,52620
153867,54864
250653,36720
197286,36720
153048,59776
96138,53160
198552,63540
198552,63136
201741,63360
221151,54290
252774,54290
252696,51316
224526,51316
247548,63360
212688,53160
208503,63360
204771,63360
248871,36720
236766,36720
238536,61540
181101,52620
155271,63360
166005,53160
173667,60
174195,36720
172503,52620
242571,61540
184488,30500
184488,63538
184488,50718
184488,33886
184488,42132
184488,63186
238536,53386
230010,53160
165183,63540
165183,63136
181203,63510
61692,61540
210168,61540
186384,63360
217002,36720
204480,63540
204480,63136
210051,63540
210051,63136
155043,63540
155043,63136
242439,61540
213513,63540
213513,63136
248061,63540
248061,63136
224169,59776
249159,61540
163131,51316
215112,60
192159,54864
203232,54864
220218,63360
65640,51316
251625,53160
211476,60
251625,52620
162795,53046
207144,54864
223782,54864
183921,53160
202818,52620
249207,53160
209796,53046
165786,53160
89013,59776
157938,63360
228753,51316
154821,60
204189,51316
129081,55632
129081,57522
223728,36720
249297,63360
60864,61540
210234,60
234156,61540
221526,63360
208572,63360
230028,60
204717,54864
249579,54864
96444,54864
203280,54864
218061,54864
205905,54864
61908,54864
157224,61540
203820,63360
221610,36720
88920,55632
88920,57522
177474,53160
216948,63540
216948,63136
209793,55632
209793,57522
205815,63360
179790,53046
192942,53160
196845,63540
196845,63136
232404,61540
206460,61540
72561,51316
206646,51316
183666,63360
203277,54864
248013,54864
203145,54864
186177,54864
154770,63540
154770,63136
253308,51316
252210,54290
154476,63360
153765,54864
206304,63360
223401,33534
204144,61540
154119,61540
250275,61540
206988,61540
194208,61540
25743,51316
203733,53046
204771,54864
182292,36720
224526,63360
69060,53046
203256,53046
203274,53046
203271,53046
196722,53046
244866,53046
250629,63360
59703,63360
205122,63360
158016,63360
199860,63360
66378,63360
192768,63360
253998,63360
203889,63360
192771,63360
251085,63360
223554,63360
205728,63360
210846,63360
229521,63360
203328,55632
203328,57522
72561,36720
187659,63360
244173,63360
157185,63360
164541,63136
164541,63540
154821,59776
64353,36720
155100,63360
160029,36720
212283,36720
67764,53046
234156,63360
56871,36720
243408,53160
252774,53386
221151,53386
197676,63360
71301,51316
231057,57522
231057,55632
248292,53160
153726,63360
210342,53160
212688,51316
245868,16358
203256,63540
203256,63136
189045,60
238032,60
206415,51316
72645,53160
244158,59776
215517,59396
215517,62274
212211,60
211632,61540
238218,63360
206367,53160
210897,53160
253416,53160
64272,53160
252066,57414
252066,62378
64353,63360
247548,61540
211947,54290
65640,53160
182442,50274
65067,61540
191316,54864
240912,61540
157938,61540
155271,61540
188853,53046
233970,59776
68676,53160
187659,63540
187659,63136
206664,63360
203724,51316
202818,53160
247986,53160
248292,51316
203232,63360
192159,63360
247974,54290
230286,63540
230286,63136
242610,54864
247956,63360
244866,55632
203274,57522
244866,57522
203274,55632
157416,53160
205722,53160
203328,63360
214506,63360
223401,63510
253506,51316
206838,51316
69060,57522
69060,55632
25743,63360
243390,52620
208554,54290
210825,36720
163044,54864
216948,53046
205815,61540
196302,61540
206856,61540
212433,51316
61482,54864
234129,55632
234129,57522
154032,53046
206367,52620
253416,52620
210897,52620
199044,52620
72930,54864
206670,55632
206670,57522
231102,63540
231102,63136
165786,55632
165786,57522
204411,52620
206850,54864
128604,59776
250782,59776
172587,61540
176643,61540
188730,53160
220218,61540
69060,54864
249159,54864
164457,63360
228753,52620
228687,63136
228687,63540
254118,36720
164661,53160
163044,63540
163044,63136
128685,36720
172419,54864
202818,61540
180195,51316
204780,53160
203181,53160
203871,53160
207084,53160
207330,36720
210120,63360
154119,63360
208722,61540
183921,51316
238827,57522
242232,55632
238827,55632
242232,57522
206955,57522
206955,55632
246054,53160
153756,63360
66879,63360
197034,61540
210816,61540
153048,53046
253671,52620
161058,61540
186384,59776
220713,53046
204480,51316
163251,53046
66378,61540
205728,61540
205122,61540
250629,61540
59703,61540
203889,61540
158016,61540
229521,61540
223554,61540
210846,61540
192771,61540
251085,61540
253998,61540
199860,61540
192768,61540
208053,61540
217293,53046
227973,63360
202818,63360
208758,52620
253935,52620
176577,54864
172719,63360
68676,61540
209994,51316
206439,60
165045,61540
166437,51316
155052,60
163101,53046
165045,59776
158274,42132
158274,63186
225480,36720
253671,63360
249297,53160
164007,57522
164007,55632
206856,53046
196302,53046
69060,63360
205815,53046
153813,63136
153813,63540
211740,53046
206772,57522
206772,55632
206637,51316
206448,51316
249159,59776
217620,51316
212571,53160
207084,52620
206433,53160
206625,53160
206349,53160
64272,63136
64272,63540
166005,52620
251625,51316
206496,61540
206763,61540
206484,61540
206412,61540
206514,61540
211641,61540
129204,53386
155016,51316
206442,10652
208092,52620
243408,63136
243408,63540
212442,60
227292,63136
227292,63540
192549,63360
182556,36720
187974,51316
157185,61540
212892,63360
224841,61540
155031,50274
187707,60
157224,63360
253416,63360
206367,63360
210897,63360
226662,63360
210627,63360
128763,59776
186216,52620
165786,59776
212688,59776
251121,61540
232035,59776
207396,63360
231057,53046
188844,61540
233091,54864
209094,63360
198801,52620
211989,53046
183912,61540
206349,52620
206433,52620
206625,52620
224169,53160
187875,53160
129081,53046
225699,61540
153726,53046
203511,63360
229536,54864
206991,62170
206991,10808
206991,1372
183390,35846
228315,63360
192942,63540
192942,63136
211632,53160
186378,63360
210678,61540
128763,54864
60762,57522
60762,55632
186216,54864
225480,61540
157416,63136
205722,63540
205722,63136
157416,63540
207330,61540
229536,63136
229536,63540
203733,61540
209796,55632
209796,57522
232614,54864
65631,51316
166437,54864
154812,51316
229812,54290
154506,36720
248061,60
194409,63540
194409,63136
252405,61540
153150,63360
153402,63360
154167,53160
245046,54864
246618,63360
208524,63360
242412,63360
166437,63136
166437,63540
240912,57522
240912,55632
155052,53160
207330,63136
207330,63540
213114,57522
213114,55632
249207,54864
183387,52620
245154,52620
207927,59776
206304,53160
211812,54864
65328,53160
203820,54864
203232,57522
203232,55632
192159,57522
192159,55632
155031,33534
206964,51316
244158,54864
216108,63360
154869,51316
226662,61540
222906,60
187224,53046
191316,53046
228438,63360
202818,59776
183387,53160
154821,53160
192942,54864
223968,53046
219420,52620
155043,59776
244479,63360
231459,57522
231459,55632
253935,59776
208758,59776
206850,51316
198534,63540
198534,63136
191553,63360
172503,51316
208626,10652
188844,63360
229812,54864
211812,53160
154404,124
207144,51316
207219,63360
207144,63136
207144,63540
212469,59776
245046,63540
245046,63136
194409,51316
65067,51316
251442,54864
128526,57522
128526,55632
163578,52620
204771,61540
216108,61540
65328,63360
250782,52620
224841,52620
249216,53160
250749,53160
207129,53160
203256,61540
183912,63360
173667,59776
212337,36720
164337,59776
211812,51316
181860,51974
212571,54864
210690,54864
208521,54864
204411,53160
89013,63540
89013,63136
157767,63136
157767,63540
220218,53160
238536,53160
201522,55632
201522,57522
64365,53046
208206,61540
238827,51316
242232,51316
206955,51316
203775,63360
129204,54290
213114,51316
203811,54864
241824,61540
181746,54864
207129,63360
250749,63360
249216,63360
156063,36720
253578,59776
165684,63540
165684,63136
198279,51316
225699,63360
207243,60
252405,36720
188685,53160
210840,59776
235932,59776
187221,51316
128763,61540
172419,63540
172419,63136
192942,51316
204717,63136
96444,63540
203280,63136
203280,63540
96444,63136
204717,63540
187974,59776
243954,62378
243954,57414
60864,63360
186327,63360
189009,63360
247986,53386
207129,52620
250749,52620
249216,52620
206664,63540
206664,63136
250977,61540
139272,51316
195378,51316
187875,63360
208503,54864
203388,63360
67827,61540
154404,33534
154803,51316
191250,59776
242439,53046
207084,63360
212337,53160
242571,54864
211047,63360
235458,59776
176577,51316
204411,54864
183366,54864
192549,61540
210690,53160
208521,53160
245154,54864
197529,54864
238218,53160
217620,54864
204480,59776
246150,36720
153138,63360
153642,53046
205332,63540
205332,63136
247002,57522
247002,55632
212301,51316
198873,52620
128604,54864
224931,63360
203820,51316
210816,52620
204657,53046
203280,61540
96444,61540
204717,61540
165183,54864
224631,63360
166437,52620
203511,36720
164661,52620
206664,55632
206664,57522
208626,35846
241824,63360
211476,61540
184509,60
177474,59776
207243,63136
207243,63540
154827,63136
154827,63540
210627,59776
179496,61540
153150,61540
153402,61540
209094,51316
156024,52620
253308,63360
217620,53160
157398,54864
165045,52620
155055,63136
155055,63540
219048,54864
208794,51316
208812,51316
203871,53046
204780,53046
203181,53046
212892,51316
208554,61540
211749,63136
211749,63540
206349,63360
206433,63360
206625,63360
233091,51316
64959,51316
203532,53160
203706,53160
203301,53160
212301,63540
212301,63136
204144,59776
154098,51316
157398,53160
211047,53160
253053,42132
253053,63186
203181,36720
204780,36720
203871,36720
153867,52620
153669,51316
222750,36720
183387,54864
232614,52620
245046,63360
25743,59776
153048,61540
171702,51316
203274,63540
203271,63540
203271,63136
244866,63136
244866,63540
196722,63540
203274,63136
196722,63136
208116,53046
220713,63136
220713,63540
204771,53160
178818,36720
163377,53046
197034,53046
215517,10652
153348,59776
235335,60
234093,36720
206850,53160
183912,53160
241218,53046
154476,36720
247548,53160
214194,59776
249159,53160
183921,63540
183921,63136
206991,33534
155016,63136
155016,63540
155271,53160
212892,54864
206637,55632
206448,55632
206637,57522
206448,57522
210816,63360
165183,53160
203295,36720
203709,36720
201564,36720
236226,54864
250977,63360
191892,55632
191892,57522
186216,59776
201741,52620
154041,63360
249159,63360
153999,61540
153669,57522
153669,55632
225480,53160
65631,55632
65631,57522
232404,53160
206460,53160
155100,54864
215112,57522
215112,55632
173667,53160
204771,51316
229536,51316
66879,52620
238068,54290
166599,54290
244158,63360
184635,59394
191250,63540
191250,63136
211632,63360
167652,63136
167652,63540
224631,53160
247986,52620
224931,61540
245868,62074
228315,51316
156225,53160
231162,63360
244278,59776
153867,59776
204657,63136
204657,63540
185817,54864
249579,53046
203280,53046
205905,53046
218061,53046
61908,53046
204717,53046
96444,53046
162843,53160
244680,63136
244680,63540
188685,63136
188685,63540
67764,59776
233970,63360
203733,57522
203733,55632
206964,53046
155403,61540
192549,63540
192549,63136
96138,63360
206418,51316
154041,51316
215457,57522
215457,55632
64272,53046
246054,61540
253506,57522
206838,57522
253506,55632
206838,55632
207927,53160
206460,52620
232404,52620
153999,63360
219420,54864
163251,61540
220269,53046
206481,63360
198522,63360
251619,63360
212748,63360
248682,51316
247260,54864
185244,63360
254436,50274
210816,54864
225276,63360
245631,63360
227295,52620
212430,52620
66915,61540
203301,36720
203532,36720
203706,36720
188196,61540
210051,51316
207465,63360
154041,61540
163101,63540
163101,63136
204780,63540
203871,63540
204780,63136
203871,63136
203181,63540
203181,63136
252696,63360
201798,54864
61305,36720
203166,36720
155043,52620
205905,63540
218061,63540
218061,63136
249579,63136
61908,63136
205905,63136
249579,63540
61908,63540
183390,48980
153138,53046
219420,61540
233970,61540
165786,63136
165786,63540
209094,53160
198552,53160
203811,51316
253578,61540
162795,57522
162795,55632
235335,52620
185244,36720
205812,59776
206415,54864
208053,60
226623,61540
214194,53160
215112,53046
208500,61540
164337,61540
164457,53160
198882,59776
242151,59776
67827,53160
244479,54290
248373,53386
246054,63360
203145,61540
248013,61540
203277,61540
208503,51316
68676,59776
246054,54864
154665,54864
214194,52620
210840,61540
235932,61540
175293,63360
206673,51316
176643,63360
172587,63360
228753,61540
206988,53160
194208,53160
250275,53160
167514,57522
167514,55632
249579,61540
205905,61540
61908,61540
218061,61540
203736,61540
238263,53160
249294,53160
176577,60
182556,61540
199044,61540
164661,63540
164661,63136
206670,53046
214194,54864
209184,54290
242571,63360
184635,63418
184635,39186
244680,57522
244680,55632
197529,55632
197529,57522
252696,60
224526,60
239577,61540
221409,54290
212688,60
204144,52620
184104,53160
155337,53160
65631,53160
183666,59776
65067,59776
219231,63136
219231,63540
59691,59776
181203,63186
181203,42132
248205,63540
248205,63136
249513,51316
129204,63360
209073,53160
210441,33534
172719,53046
240912,63360
155052,52620
153756,53160
248292,63540
248292,63136
182292,61540
175293,60
245868,124
206460,63360
232404,63360
222669,53046
204144,51316
160029,53160
154404,39186
154404,63418
153138,61540
253671,53160
154821,52620
165786,60
222204,59776
198801,51316
153867,51316
207219,51316
238218,54864
194208,52620
206988,52620
250275,52620
248373,36720
212283,63360
249513,63360
206646,57522
206646,55632
162843,63360
194208,63360
250275,63360
206988,63360
205722,53046
157416,53046
204657,60
203775,54864
186327,53160
128604,61540
221610,124
232614,59776
225480,63540
225480,63136
222204,63540
222204,63136
210120,53160
214998,57522
214998,55632
183387,59776
232068,63136
232068,63540
234864,63136
234864,63540
67764,61540
187221,61540
248205,59776
162843,61540
176577,53160
197034,53160
153348,61540
186327,60
186327,53046
204144,53046
229977,60
253578,63360
212442,55632
212442,57522
252405,63360
164337,51316
245154,59776
208872,63360
210000,51316
155034,51316
187263,61540
229812,63360
253053,63508
253053,62944
253053,62860
253053,49888
157185,53160
154812,60
163044,53160
222204,51316
191451,53160
211950,61540
238263,59776
249294,59776
244158,61540
209799,53046
166005,59776
250947,36720
67335,59776
249687,54864
251106,54864
181101,54864
210120,51316
203811,36720
224631,60
210816,53160
206442,62170
206442,10808
206442,1372
212571,53046
207465,52620
254004,63418
254004,39186
206448,53046
206637,53046
154119,53160
238263,53046
249294,53046
210825,51316
188685,55632
188685,57522
203829,54864
72645,36720
203328,51316
238263,54864
249294,54864
166005,61540
155016,54864
183390,51316
198801,59776
211740,53160
155481,60
230178,51316
208524,54864
208572,54864
246618,54864
221526,54864
242412,54864
161058,53160
213978,55632
213978,57522
183492,54864
206856,53160
196302,53160
240939,54290
207084,55632
207084,57522
206442,33534
209073,55632
209073,57522
156024,53160
162984,51316
240939,63360
254118,63360
200508,54864
162603,59776
72561,63360
166995,63360
154803,60
162603,54864
197034,54864
189009,53160
153726,53160
212892,61540
224526,59776
231459,53160
176577,53046
221409,61540
201852,61540
181203,124
158274,54096
66879,53046
209976,54864
210825,53160
246804,61540
187395,61540
154551,61540
183213,60
187875,55632
187875,57522
154032,60
129204,51316
254436,59396
254436,62274
203145,57522
203145,55632
248013,55632
203277,57522
203277,55632
248013,57522
175293,53386
229737,51316
67335,53046
238068,36720
166599,36720
249207,63136
249207,63540
187221,53046
210825,54864
153048,53160
206838,53046
253506,53046
128604,51316
186378,36720
178068,53160
153726,51316
208503,36720
184950,63360
153348,63360
232269,53046
203673,53160
254400,50720
232035,52620
206349,57522
206433,55632
206625,55632
206349,55632
206433,57522
206625,57522
187806,54864
208788,59776
238536,52620
224841,63360
251121,36720
206673,55632
206673,57522
189045,53160
209094,54864
188844,51316
191553,53160
208053,63136
208053,63540
209976,59776
154041,52620
206772,60
201564,53160
203295,53160
203709,53160
65631,53046
244479,36720
241389,51316
203673,59776
220011,53386
203820,61540
249159,52620
244173,63540
244173,63136
214194,63360
252480,54864
174513,52620
194208,55632
194208,57522
195723,51316
206847,53160
225699,53160
198873,63540
198873,63136
208722,63360
228438,52620
191553,51316
253335,63360
187734,52620
247956,51316
153402,53160
153150,53160
184710,52620
72645,63136
72645,63540
153765,53046
208872,36720
65328,59776
211947,54864
212442,53046
181746,63540
181746,63136
230286,60
189045,59776
164541,53160
198792,63360
244866,61540
203271,61540
203274,61540
196722,61540
251202,61540
71301,60
250275,57522
249216,57522
249216,55632
206988,57522
250749,55632
206988,55632
207129,57522
207129,55632
250749,57522
250275,55632
253578,53160
216822,54864
242439,36720
25743,60
208341,53046
203796,53046
223401,59396
223401,62274
201852,63360
153888,51316
215517,35846
185244,53160
203727,54864
246618,53046
208524,53046
242412,53046
208116,63360
65067,63540
65067,63136
177672,61540
66915,53160
188700,54864
183921,61540
207927,53046
203775,57522
203775,55632
250782,63136
250782,63540
211950,48298
205905,57522
205905,55632
249579,57522
204717,57522
249579,55632
203280,55632
203280,57522
204717,55632
96444,57522
61908,55632
218061,57522
96444,55632
61908,57522
218061,55632
211632,54864
181203,63508
181203,62860
181203,62944
181203,49888
209994,53160
188844,53160
154098,63136
154098,63540
228687,53160
153642,57522
153642,55632
237804,61540
203511,51316
248301,61540
240939,61540
206646,53046
63876,60
197676,52620
253308,53160
211812,59776
187659,54864
65067,52620
154740,60
128685,54864
212430,59776
227295,59776
181746,52620
249513,53160
154167,51316
140277,54864
211989,63360
200508,63360
154119,51316
181371,36720
186882,52620
213114,53046
163251,53160
206367,55632
206367,57522
210897,55632
210897,57522
253416,55632
253416,57522
209073,53046
165684,36720
154434,63360
59700,53046
221151,51316
252774,51316
192627,51316
177951,63360
214506,63136
214506,63540
163251,63360
89013,55632
89013,57522
207243,53046
25743,53160
203511,53046
210690,53046
208521,53046
221409,63360
197529,63360
213513,55632
213513,57522
167652,55632
167652,57522
207618,63136
207618,63540
189045,53046
60864,36720
224169,63136
224169,63540
248373,53160
253335,51316
208341,54864
203796,54864
246618,51316
242412,51316
208524,51316
154167,53046
204657,57522
204657,55632
192627,59776
154827,53046
64959,63540
64959,63136
153348,53160
155055,51316
72561,53160
212448,55632
212448,57522
183390,32496
177474,54864
210171,52620
153756,51316
252618,54864
210876,54864
165687,54864
165684,54864
155337,63540
155337,63136
128604,53160
233091,61540
64353,53160
203736,57522
203736,55632
210342,53046
177951,51316
203511,61540
203736,53046
244278,63360
156024,51316
209184,36720
241389,59776
174513,51316
154740,51316
156225,53046
166995,59776
154560,61540
237804,60
211989,54864
217002,61540
89013,52620
220095,54864
179790,55632
179790,57522
203829,63360
249486,63360
203820,36720
183492,60
231102,53046
203733,36720
197034,36720
188196,63360
207465,53160
154041,57522
154041,55632
162795,63136
162795,63540
203532,54864
184509,53046
68676,63360
185244,51316
193965,55632
193965,57522
212571,63136
212571,63540
187221,53160
65640,53046
221526,51316
187221,63360
208572,51316
61305,63360
184698,36720
199044,63360
212448,53046
155403,59776
167316,54864
198801,53160
207330,53160
244278,61540
208500,54864
207588,63360
219420,53160
184950,51316
182292,63360
192627,55632
192627,57522
191247,54864
201741,53160
200964,59776
243954,54096
231459,63136
231459,63540
209994,60
217620,59776
161058,63360
211812,61540
210051,59776
179496,55632
179496,57522
181203,33534
192549,53160
205812,63360
191250,52620
68676,60
203145,51316
203277,51316
248013,51316
153669,60
201798,55632
201798,57522
153888,59776
163377,57522
163377,55632
207396,63540
207396,63136
206664,51316
212337,54864
201852,53160
192714,53046
153048,51316
210897,63540
206367,63136
253416,63540
206367,63540
210897,63136
253416,63136
208209,61540
205332,53160
252210,61540
188100,60
157416,55632
205722,55632
157416,57522
205722,57522
183912,54864
191553,54864
219420,63360
236226,60
155106,53160
212892,36720
219048,61540
249297,59776
212430,54864
227295,54864
198801,61540
161208,54864
207465,54864
206664,53046
140277,55632
140277,57522
162603,52620
245631,54864
154869,60
72645,55632
72645,57522
155481,54864
253578,52620
155016,59776
67827,54864
203166,63360
165684,51316
196311,60
248292,60
187962,51316
210678,63360
197034,51316
154506,61540
188700,51316
153867,53046
203829,36720
72045,60
228687,52620
205665,61540
245631,59776
210810,59776
198552,51316
221526,53046
208572,53046
210840,52620
235932,52620
155403,52620
229473,54864
186951,54864
234864,53046
245046,53160
65640,55632
65640,57522
253335,61540
235458,52620
247974,61540
154041,53046
210633,54864
210810,63136
210810,63540
211047,61540
211950,54864
197034,55632
197034,57522
220095,61540
187734,51316
153726,55632
153726,57522
162795,60
230073,55632
230073,57522
203328,36720
182442,62274
182442,59396
155106,51316
184509,51316
211812,60
204771,63136
204771,63540
223071,51316
207084,63540
207084,63136
207084,53046
210234,53046
232404,55632
206460,55632
206460,57522
232404,57522
186882,54864
253335,53046
198792,59776
208554,63360
173613,53046
198873,59776
164661,61540
187263,63540
187263,63136
192618,61540
89013,53046
156225,63540
156225,63136
191451,61540
252405,53160
248550,54864
203232,61540
192159,61540
237057,54864
183387,63360
211344,54864
227310,59776
254004,59396
254004,62274
212430,51316
227295,51316
203184,63360
188700,36720
171702,53160
67158,59776
175878,59776
206304,63136
206304,63540
224841,53160
61692,53046
210168,53046
198534,60
154869,61540
219048,63360
174195,63360
187875,51316
235458,51316
206625,63540
206349,63136
206349,63540
206433,63540
206433,63136
206625,63136
192714,55632
192714,57522
206625,53046
206433,53046
206349,53046
153048,63360
191451,59776
242439,63360
67335,51316
248292,59776
209184,63360
203388,36720
237804,63360
203388,54864
240939,48298
153348,52620
67827,63360
157938,63136
157938,63540
208572,36720
221526,36720
235932,53046
210840,53046
154476,61540
229737,63360
184950,54290
228315,60
209184,61540
212337,63136
212337,63540
210171,51316
203184,54864
253935,63136
253935,63540
208758,63136
208758,63540
198801,60
155100,53160
191250,55632
191250,57522
153138,52620
160029,54864
251121,63360
198801,53046
177474,51316
206847,51316
197286,54864
250653,54864
66879,53160
194208,53046
203295,54864
203709,54864
201564,54864
88821,54864
165750,54864
191451,52620
222906,63136
222906,63540
206304,59776
154506,63360
174195,61540
72918,63360
211047,63136
211047,63540
221610,51316
172503,53160
206772,53046
204480,60
177672,63360
174513,57522
174513,55632
232029,60
241218,55632
241218,57522
207219,52620
154119,59776
232614,61540
231162,54864
166995,61540
220713,51316
210627,54864
238827,53046
242232,53046
206955,53046
228438,53160
191247,36720
203256,51316
205812,61540
165750,36720
88821,36720
240912,63136
240912,63540
206988,53046
250275,53046
250749,53046
249216,53046
207129,53046
208053,63360
208545,61540
153402,59776
153150,59776
181860,61348
204144,63540
204144,63136
224931,53046
209094,60
206442,16358
184635,50720
217494,55632
217494,57522
68676,51316
188700,63136
188700,63540
184509,61540
210897,51316
206367,51316
253416,51316
253671,54864
162984,57522
162984,55632
184710,63360
160029,59776
235932,63360
210840,63360
210342,63136
210342,63540
206850,60
186384,54864
64365,61540
187962,53160
155403,53160
166005,63360
177474,63360
183921,53046
235458,53046
203184,36720
65631,63136
65631,63540
64365,59776
229737,54864
239577,59776
230010,63540
230010,63136
203439,63360
203259,63360
217380,63360
241389,52620
187974,54864
186216,51316
72045,54864
245868,36720
220011,54290
204411,60
225699,54864
225480,53046
245868,61280
210840,53160
235932,53160
253416,53046
210897,53046
206367,53046
209073,51316
211473,53046
171702,63136
171702,63540
154770,54864
231102,51316
186882,53160
203829,51316
207588,36720
203232,53046
192159,53046
208500,63360
206415,60
67335,60
210171,53046
210876,51316
165687,51316
252618,51316
252696,59776
232404,53046
206460,53046
166005,63540
166005,63136
242439,55632
242439,57522
163101,51316
250947,53160
216822,53046
206670,60
65328,52620
183387,63136
183387,63540
65640,63540
65640,63136
247956,57522
247956,55632
250749,63136
207129,63540
250749,63540
249216,63136
249216,63540
207129,63136
234156,51316
67764,63360
203301,54864
203706,54864
203184,53046
231162,63540
231162,63136
230178,53160
210129,61540
210690,63136
208521,63540
208521,63136
210690,63540
154167,52620
161058,54864
65640,60
210840,57522
210840,55632
235932,57522
235932,55632
228729,59776
153888,52620
183387,61540
211476,63360
205665,63360
228315,53160
208545,54864
235458,63136
235458,63540
204144,63360
208206,63360
183921,63360
251169,61540
165684,59776
166005,54864
237804,53046
211812,53046
65328,51316
167652,53046
237804,51316
179496,63360
183390,3382
165684,53160
153726,60
181860,36720
178458,63136
178458,63540
207129,51316
249216,51316
250749,51316
188700,53160
214506,54864
217494,53160
155403,63360
128604,60
72645,59776
252774,36720
221151,36720
183576,54864
153138,53160
192627,52620
184104,63136
184104,63540
230178,60
208053,57522
208053,55632
164007,53160
156225,57522
156225,55632
233091,53160
197676,53046
128538,54864
157224,53046
69060,61540
210876,36720
165687,36720
252618,36720
128604,63360
187224,61540
183576,59776
204144,53160
217002,59776
246618,36720
242412,36720
208524,36720
186987,61540
178458,51316
252405,59776
154167,63136
154167,63540
154803,54864
215517,36720
225699,63540
225699,63136
203055,57522
203055,55632
157224,51316
187224,59776
207618,59776
176577,61540
205332,53046
159027,54864
248178,54864
208584,54864
251721,54864
205188,54864
224841,53046
25743,52620
191247,53046
182556,63360
187707,54864
69060,63540
69060,63136
185244,60
153726,59776
164661,59776
153138,55632
153138,57522
155271,59776
172503,53046
215517,54096
198882,63540
242151,63540
242151,63136
198882,63136
184104,55632
184104,57522
209970,61540
153756,63540
153756,63136
155052,59776
251967,53046
61305,61540
247548,59776
228315,55632
228315,57522
153726,63540
153726,63136
203532,63540
203532,63136
203301,63540
203301,63136
203706,63540
203706,63136
157224,55632
157224,57522
173667,53046
223401,50720
210051,60
206646,60
206673,53046
222669,57522
222669,55632
188961,53160
154119,53046
156024,54864
203727,53160
250275,51316
206988,51316
208206,36720
66915,63360
206433,51316
206349,51316
207084,51316
206625,51316
177951,61540
203811,59776
245154,61540
217002,54864
228753,63360
201798,53046
72918,36720
183450,53160
197286,59776
250653,59776
166995,53046
212478,63540
212478,63136
210120,60
203181,59776
203871,59776
204780,59776
180195,60
198792,61540
191247,63136
191247,63540
140277,53046
187659,53046
60864,63136
60864,63540
177951,53160
177474,61540
254400,33534
242571,51316
203727,63360
164457,60
203256,53160
157185,60
128763,63360
177474,63136
177474,63540
166437,60
203829,53046
210876,63136
165687,63136
165687,63540
210876,63540
252618,63136
252618,63540
157398,59776
183213,53046
235335,53046
232404,63136
232404,63540
206460,63136
206460,63540
207330,51316
216948,51316
154812,61540
208788,53160
171372,61540
203820,53160
155034,60
210000,60
189009,53046
207240,51316
183666,53160
207588,54864
162603,53160
251202,54864
163578,63540
163578,63136
174195,53046
211950,63360
165786,52620
203166,61540
154098,60
155403,51316
187962,63136
187962,63540
250629,51316
229521,51316
223554,51316
253998,51316
205728,51316
251085,51316
192771,51316
199860,51316
205122,51316
66378,51316
210846,51316
158016,51316
203889,51316
192768,51316
59703,51316
205815,63136
205815,63540
156225,51316
203145,53046
248013,53046
203277,53046
187875,63136
187875,63540
232614,51316
181371,61540
234120,63360
65067,60
220218,59776
206460,51316
232404,51316
64272,57522
64272,55632
155481,53046
188853,61540
236766,63360
248871,63360
225480,59776
206076,63510
217293,53160
228687,63360
198552,57522
198552,55632
183450,63360
217293,36720
198801,63360
211407,53046
128763,53046
188853,59776
153999,63540
153999,63136
238032,53046
230028,53046
154740,54864
176643,52620
172587,52620
224841,57522
224841,55632
69060,53160
249297,52620
228753,53160
176643,57522
176643,55632
172587,57522
172587,55632
178068,51316
207465,63540
207465,63136
182292,63540
182292,63136
173613,61540
245154,51316
67335,61540
217494,63540
217494,63136
212337,51316
199044,53160
248871,61540
236766,61540
161208,59776
206364,57522
206364,55632
209976,61540
253506,60
206838,60
154770,51316
207219,57522
207219,55632
154434,61540
173613,59776
210678,51316
162603,63360
203532,51316
203301,51316
203706,51316
247974,36720
221331,63540
221331,63136
217620,63136
217620,63540
191247,51316
246150,61540
205812,54864
165183,60
227292,60
206076,49888
206076,62860
206076,63508
206076,62944
245154,53160
129204,36720
234018,61540
234972,61540
208722,57522
208722,55632
229737,60
96444,51316
204717,51316
203280,51316
155337,51316
184104,51316
153999,54864
204771,59776
217494,53046
249207,51316
198279,54864
181371,54864
251202,63360
174195,60
188700,59776
203733,51316
229812,59776
244479,61540
203166,51316
61305,51316
208584,53046
186378,51316
154803,61540
210876,53160
165687,53160
252618,53160
247983,55632
247983,57522
251202,51316
226623,63360
164457,53046
210816,51316
175293,63540
175293,63136
232614,53160
177951,54864
61305,53160
186882,59776
154506,51316
64365,51316
208722,51316
208554,51316
164337,63360
247983,53046
224526,53160
186384,53160
206988,63540
250275,63136
194208,63540
194208,63136
206988,63136
250275,63540
225699,59776
224169,54864
188961,63360
248301,63360
165183,51316
250434,59776
213513,53046
186378,63136
186378,63540
201564,63136
201564,63540
203295,63540
203709,63136
203295,63136
203709,63540
250947,54864
209184,54864
67158,63360
175878,63360
177672,55632
177672,57522
191247,53160
229737,53160
209994,52620
212688,63540
212688,63136
154869,63360
254436,124
210690,59776
208521,59776
186216,61540
203277,53160
203145,53160
248013,53160
206637,60
206448,60
220728,60
181371,63360
250977,53160
188730,53046
163131,60
165726,54864
205188,61540
159027,61540
155403,60
154506,53160
253683,61540
210129,54864
203274,51316
203271,51316
244866,51316
196722,51316
172503,60
155052,63540
155052,63136
175878,54864
67158,54864
164007,63540
164007,63136
212688,53046
204243,61540
252210,51316
153048,57522
153048,55632
205665,51316
187221,60
171372,54864
154560,36720
203775,53046
191553,59776
154434,36720
172587,53046
176643,53046
201852,59776
203184,51316
210234,57522
210234,55632
232269,60
246963,53046
203511,53160
220095,53046
253308,53046
208209,54864
249297,63540
249297,63136
153867,61540
249486,55632
249486,57522
206991,16358
96138,61540
234972,54864
234018,54864
252405,54864
228687,59776
183450,61540
250434,54864
59700,54864
233091,53046
204717,36720
203280,36720
205905,36720
249579,36720
218061,36720
96444,36720
61908,36720
203166,53160
182442,63418
182442,39186
204411,63540
204411,63136
25743,54864
64353,63136
64353,63540
225276,53160
165750,63540
88821,63540
165750,63136
88821,63136
184509,63360
246150,63360
155403,54864
154119,63136
154119,63540
153756,59776
210627,53160
211476,63540
211476,63136
230178,59776
207588,51316
163044,60
242151,52620
198882,52620
154506,54864
172719,52620
164661,63360
242571,36720
233091,63360
209970,63360
183912,59776
223968,60
157185,63540
157185,63136
221610,48980
210000,54864
155034,54864
155106,63136
155106,63540
211812,63136
211812,63540
188685,51316
206964,60
177672,53160
228729,51316
196845,54864
203700,54864
197676,51316
248550,55632
248550,57522
200508,36720
211989,36720
210825,55632
210825,57522
209073,63540
209073,63136
201798,63360
204243,63360
247956,60
225276,54864
203388,53160
191250,53046
238263,57522
249294,57522
238263,55632
249294,55632
250782,51316
209994,59776
227973,61540
214194,63540
214194,63136
246150,54864
65631,60
178818,61540
204480,52620
188331,63540
188331,63136
204243,60
154041,53160
225480,51316
204375,51316
67335,53160
233091,60
217293,63360
203820,63540
203820,63136
252210,63360
201564,51316
203295,51316
203709,51316
68676,63540
68676,63136
188844,63136
188844,63540
67764,51316
222750,61540
207927,52620
241824,51316
212433,60
226662,57522
226662,55632
65328,63136
65328,63540
154506,53046
210342,57522
210342,55632
198552,59776
234093,57522
234093,55632
207927,63540
207927,63136
228315,59776
205905,51316
61908,51316
249579,51316
218061,51316
163251,57522
163251,55632
175293,53160
194208,51316
154551,63360
187395,63360
246804,63360
217002,52620
230178,52620
207588,61540
186384,51316
187734,53046
253053,50274
221610,59394
247956,53160
178068,59776
220713,60
154476,54864
163251,59776
60864,51316
208545,53046
220095,63360
203727,36720
184698,61540
161058,63136
161058,63540
254400,59394
214194,61540
245631,53160
220218,54864
157398,63540
157398,63136
205815,57522
205815,55632
213114,60
69060,51316
211950,36720
203145,36720
248013,36720
203277,36720
205665,53046
210816,63136
210816,63540
204717,53160
96444,53160
203280,53160
61692,59776
210168,59776
192618,63360
201741,51316
156063,61540
156024,63540
156024,63136
67158,61540
175878,61540
252618,59776
210876,59776
165687,59776
245046,51316
253335,36720
232269,55632
232269,57522
154812,54864
61824,54864
188961,61540
247962,54864
165750,53160
88821,53160
184950,53160
246150,53046
208092,54864
220218,63136
220218,63540
172419,53046
155100,51316
128763,52620
201564,53046
203295,53046
203709,53046
243390,53046
220218,51316
64353,51316
203166,53046
61305,53046
227310,53160
251967,57522
251967,55632
234093,54290
72561,60
173667,52620
68676,54864
195063,61540
222204,60
204657,52620
224631,54864
219048,53046
208584,61540
251721,61540
248178,61540
156063,63360
188853,51316
206847,60
209976,51316
187875,59776
216309,55632
216309,57522
249159,63136
249159,63540
186216,53046
223071,59776
64353,53046
249513,36720
178068,63540
178068,63136
153348,54864
206514,52620
206484,52620
206496,52620
211641,52620
206763,52620
206412,52620
205188,53046
159027,53046
174513,53046
200508,53160
211989,53160
88821,51316
165750,51316
157224,52620
181371,53046
201741,55632
201741,57522
222159,63360
215517,62170
215517,10808
215517,1372
154869,54864
64272,51316
188730,60
248178,53046
251721,53046
187806,53046
253683,54864
240939,57522
240939,55632
225480,55632
225480,57522
197676,53160
162843,51316
183459,42132
183459,63186
247974,63360
186216,60
213513,51316
234864,57522
234864,55632
128763,51316
247548,63540
247548,63136
229536,60
220218,53046
203271,53160
203274,53160
196722,53160
244866,53160
172719,59776
155271,63540
155271,63136
163578,53046
219048,53160
178818,63360
155100,63136
155100,63540
210627,51316
155016,60
184104,59776
155337,59776
203184,61540
241389,61540
155055,60
212283,54864
171372,63360
191316,57522
191316,55632
164007,51316
197529,53046
203082,55632
203082,57522
238611,57522
203073,55632
238611,55632
203073,57522
203820,53046
234555,63360
231663,63360
251169,54864
203700,60
196845,60
253335,57522
253335,55632
207330,54864
154740,61540
230010,60
160770,63360
153756,60
164337,52620
182556,54864
217782,53046
212469,53046
210810,54864
59691,52620
240939,63136
240939,63540
203673,52620
61692,57522
61692,55632
210168,57522
210168,55632
173667,63136
173667,63540
251121,53160
244680,59776
229737,53046
239577,54864
66879,55632
66879,57522
203259,63136
217380,63136
203259,63540
203439,63540
217380,63540
203439,63136
228687,61540
191553,63136
191553,63540
155106,59776
228315,53046
186216,53160
212571,59776
59700,59776
174513,53160
192618,54864
155034,61540
210000,61540
154041,60
237804,54864
189045,63136
189045,63540
160770,61540
232614,53046
232614,63360
187734,53160
195063,63360
203511,63540
203511,63136
207222,55632
207222,57522
212892,53046
214506,59776
222159,63136
222159,63540
223071,52620
224631,63540
224631,63136
160029,53046
247260,53046
207618,53046
188730,63136
188730,63540
153888,61540
203181,51316
204780,51316
203871,51316
187224,51316
224631,59776
183213,55632
183213,57522
154476,59776
186987,63360
206484,63360
211641,63360
206412,63360
206763,63360
206514,63360
206496,63360
212478,60
188844,59776
252066,42132
252066,63186
72918,53160
184509,54864
244287,55632
244287,57522
209094,63540
209094,63136
157416,59776
205722,59776
158658,59776
230331,61540
236775,61540
212688,52620
153726,52620
253671,51316
210120,63540
210120,63136
253683,63360
163251,63540
163251,63136
182292,54864
59700,61540
182292,53160
183576,63360
216948,57522
216948,55632
203256,36720
218061,53160
61908,53160
205905,53160
249579,53160
209154,61540
211047,51316
155055,57522
155055,55632
162843,63540
162843,63136
154803,63360
212469,54864
248373,59776
171702,57522
171702,55632
221610,35846
216108,52620
187875,60
192627,60
253308,60
59700,63360
204144,55632
204144,57522
206304,54864
228729,53046
172503,57522
172503,55632
186378,54864
187962,57522
187962,55632
211812,63360
224931,51316
249297,51316
177672,59776
67764,52620
183390,63418
183390,39186
179496,51316
203301,53046
203706,53046
191451,63540
191451,63136
212892,59776
154560,63360
254118,61540
203829,61540
223401,36720
154119,55632
154119,57522
191451,63360
179496,53160
210825,53046
156225,60
139272,60
195378,60
56871,61540
227295,61540
212430,61540
203820,59776
188196,54864
231459,51316
254400,63418
254400,39186
250782,54864
64365,63360
204243,51316
222204,53046
211749,54864
246054,53046
244158,51316
203511,55632
203511,57522
219048,63540
219048,63136
238218,60
184104,53046
216108,53160
156024,60
212301,60
210129,53046
238032,57522
238032,55632
230028,57522
230028,55632
183387,51316
157938,53046
246150,51316
245046,60
189009,63136
189009,63540
184488,57414
184488,62378
246963,57522
246963,55632
153867,53160
186378,53160
209970,53160
154476,53160
178818,53160
129204,53046
155055,59776
239577,63360
65067,53046
204771,52620
222159,59776
208116,63540
208116,63136
245154,63360
231102,60
128604,53046
157938,51316
222159,53160
154404,50720
67827,63136
67827,63540
228753,60
224931,53160
236766,53386
248871,53386
208554,36720
208722,36720
246150,53160
67335,54864
64272,59776
203166,54864
61305,54864
248301,54864
204228,53160
249342,60
250947,59776
154167,60
183666,51316
182442,59394
153867,63360
236766,54864
248871,54864
248550,53046
177951,60
252210,53046
234018,63360
234972,63360
240939,54864
192714,63360
223782,59776
210000,63360
155034,63360
210810,51316
154812,63360
250653,53160
197286,53160
254400,3382
207465,61540
235932,51316
210840,51316
161058,53046
188844,54864
207240,60
208500,53046
56871,54864
217002,53160
253335,53160
208341,57522
203796,55632
203796,57522
208341,55632
244158,52620
206304,53046
171702,60
224931,63540
224931,63136
183666,54864
212337,53046
211344,51316
215517,59394
254436,59394
220095,53160
234156,53160
226623,36720
234864,51316
186882,61540
251202,53046
252696,53160
208209,53160
242439,63136
242439,63540
253671,63540
253671,63136
184950,63136
184950,63540
217002,63360
203775,61540
200964,53160
60864,54864
72930,53046
187224,63360
183912,63540
183912,63136
225699,51316
155106,53046
248205,52620
234972,53046
234018,53046
210168,52620
61692,52620
205812,52620
195723,63540
195723,63136
210171,53160
155031,3382
223401,59394
205812,53160
161208,51316
228729,61540
195372,57522
195372,55632
156225,59776
206673,60
249159,51316
203232,53160
192159,53160
210678,57522
210678,55632
154821,53046
250434,61540
165750,59776
88821,59776
204228,61540
240912,53160
206955,60
242232,60
238827,60
209976,63360
210690,55632
212571,55632
208521,55632
210690,57522
208521,57522
212571,57522
223728,53386
208206,51316
242439,53160
248682,60
203055,63360
186882,63136
186882,63540
186951,59776
229473,59776
154869,53160
204480,53046
155016,52620
182292,53046
211344,55632
211344,57522
203511,59776
227295,53160
212430,53160
208206,53160
253578,54864
234120,61540
154119,60
203055,53160
242610,53046
186987,59776
69060,36720
166437,53046
203733,59776
246054,63540
246054,63136
254400,60
242856,53046
189045,55632
189045,57522
184698,63360
162843,59776
224931,60
251619,54864
212748,54864
206481,54864
198522,54864
248292,52620
241389,63360
183450,59776
72645,51316
210441,54096
216822,55632
216822,57522
59691,51316
72918,54864
210678,36720
191247,59776
207144,60
208503,57522
208503,55632
67827,59776
153402,63540
153150,63136
153402,63136
153150,63540
171372,51316
252480,53046
236775,63360
230331,63360
221409,59776
238068,61540
166599,61540
233970,52620
224169,52620
203811,55632
203811,57522
65328,54864
155271,54864
234093,53046
178818,51316
212469,57522
212469,55632
211473,59776
242571,53046
203181,57522
203871,55632
204780,55632
204780,57522
203181,55632
203871,57522
60864,53160
231162,53046
184950,60
197676,55632
197676,57522
163251,51316
153048,60
196845,53046
203700,53046
187263,53046
236226,53046
214506,52620
210825,59776
154740,63360
208554,53046
247548,54864
207219,53160
229812,51316
153867,60
209154,53046
245631,53046
160770,54864
236766,51316
248871,51316
225276,59776
230010,51316
184488,54096
241389,60
248301,53160
72561,53046
197529,53160
203388,53046
208518,57522
208518,55632
244158,53160
199044,63540
199044,63136
161208,61540
187875,52620
162984,53046
188787,53046
254118,53160
203073,53046
188700,55632
188700,57522
236775,51316
230331,51316
210840,63540
235932,63136
235932,63540
210840,63136
188853,63360
192942,60
181371,53160
25743,63136
25743,63540
233970,53160
211740,60
248373,54864
164457,63136
164457,63540
247260,57522
247260,55632
163251,52620
225699,52620
212892,53160
211947,59776
164661,51316
209184,59776
246804,36720
187395,36720
154551,36720
208554,57522
208554,55632
155106,57522
155106,55632
248205,53046
253308,55632
253308,57522
208500,51316
178068,54864
248205,51316
208545,63360
204228,63360
223728,51316
208524,53160
246618,53160
242412,53160
254436,3382
182556,51316
176643,51316
172587,51316
210171,57522
210171,55632
206991,63510
207927,57522
207927,55632
203532,53046
203811,53046
153402,52620
153150,52620
208209,63360
181746,51316
221610,3382
251202,36720
242571,57522
242571,55632
198792,53160
208872,54290
183492,53046
61482,53046
248682,55632
248682,57522
212283,51316
153888,60
185244,63136
185244,63540
174195,51316
238263,63136
249294,63136
249294,63540
238263,63540
154041,63136
154041,63540
206304,52620
178818,53046
61305,63540
203166,63540
203166,63136
61305,63136
224631,52620
64959,60
186216,63360
224931,59776
252480,59776
206442,63510
155100,59776
249930,54864
211947,53160
250434,60
204771,55632
204771,57522
252405,52620
229737,63540
229737,63136
217293,54864
253683,53160
68676,53046
208794,61280
208812,61280
62817,53046
205188,63360
159027,63360
209970,59776
203439,53160
203259,53160
217380,53160
201852,52620
155337,53046
183912,52620
210810,52620
185817,53046
176577,63540
176577,63136
229812,53160
215517,63186
215517,42132
199044,53046
186327,63136
186327,63540
162843,53046
203082,63360
238611,63360
203073,63360
210876,57522
210876,55632
165687,57522
165687,55632
165684,55632
165684,57522
252618,57522
252618,55632
220269,55632
220269,57522
253053,33534
153402,54864
153150,54864
244173,55632
244173,57522
188685,59776
236775,53386
230331,53386
64353,59776
203082,53160
203073,53160
238611,53160
201852,54864
249930,61540
153048,63136
153048,63540
67827,52620
64353,60
235458,57522
235458,55632
207588,53160
252696,54864
164337,53046
198792,53046
203274,36720
203271,36720
244866,36720
196722,36720
189009,57522
189009,55632
67827,51316
181371,51316
241389,53160
154434,54864
183666,63136
183666,63540
241824,52620
187395,53160
154551,53160
246804,53160
243390,55632
243390,57522
210129,63360
247986,60
183912,53046
66915,54864
198801,63540
198801,63136
238218,63136
238218,63540
203829,63136
203829,63540
243408,59776
205332,54864
238068,63360
166599,63360
249297,54864
160029,63136
160029,63540
241389,53046
224526,54864
197529,61540
211632,53046
203184,53160
183366,57522
183366,55632
209970,54864
252405,63136
252405,63540
210051,52620
233970,53046
234156,52620
208794,63540
208812,63540
208794,63136
208812,63136
155106,60
207243,57522
207243,55632
154119,52620
154803,59776
211632,51316
203736,36720
242856,60
222159,53046
203736,51316
247956,53046
176577,63360
203775,53160
188961,59776
224841,63136
224841,63540
227973,53160
235458,60
211632,63540
211632,63136
153867,63540
153867,63136
216108,53046
222159,61540
155100,60
166995,53160
204375,60
254004,50720
230178,55632
230178,57522
183363,54864
209799,57522
209799,55632
203232,51316
192159,51316
174195,54864
208503,53046
224931,54864
61824,53046
203727,63540
203727,63136
190152,53046
249207,60
153888,53046
59691,53160
184698,54864
164007,59776
231459,59776
215517,124
187395,51316
246804,51316
154551,51316
227973,63136
227973,63540
247974,53160
211947,53046
65328,60
244278,52620
227295,60
212430,60
155271,52620
247956,52620
230178,63136
230178,63540
251169,63360
183576,51316
210441,63186
210441,42132
155337,55632
155337,57522
210441,16358
177951,63540
177951,63136
172503,63540
172503,63136
162603,61540
203388,63136
203388,63540
140277,63360
208053,53046
186177,53046
186384,52620
247548,52620
191247,55632
191247,57522
154812,53046
245631,52620
227292,54864
240912,51316
225276,63136
225276,63540
249930,59776
66879,63136
66879,63540
161208,53046
220095,60
250977,63136
250977,63540
203673,54864
188730,55632
188730,57522
192714,53160
227973,51316
157398,51316
253335,63136
253335,63540
173613,51316
253671,53046
208116,61540
204243,53046
208572,53160
221526,53160
241824,53160
222204,55632
222204,57522
203259,61540
203439,61540
217380,61540
254400,32496
156063,53046
244278,53160
205332,59776
205722,51316
157416,51316
241350,54864
154869,59776
222750,63360
217293,63540
217293,63136
212892,63136
212892,63540
198873,53046
188844,60
153756,52620
203082,53046
238611,53046
236766,54290
248871,54290
209994,63136
209994,63540
165726,53046
194409,60
181203,59396
181203,62274
206439,55632
206439,57522
213513,60
248178,63360
251721,63360
208584,63360
250977,59776
216948,60
186882,63360
183459,62378
183459,57414
183576,52620
237804,63136
237804,63540
253683,59776
210816,53046
173613,63360
209094,53046
203673,60
164457,55632
164457,57522
187734,57522
187734,55632
203829,53160
164337,57522
164337,55632
186384,63136
186384,63540
197676,63540
197676,63136
223782,53046
222159,51316
245868,3382
158274,63510
163044,51316
154803,53046
217620,52620
251625,63136
251625,63540
206418,53046
67335,63360
204228,63540
204228,63136
247956,59776
128604,63540
128604,63136
211533,54864
211047,59776
228315,63136
228315,63540
217620,60
188331,54864
162843,54864
210627,52620
234555,61540
231663,61540
221409,51316
208209,51316
154770,60
200508,57522
200508,55632
206442,124
253308,63540
253308,63136
223071,61540
226623,53160
208206,54864
158658,53046
232614,60
206304,51316
208626,50274
154167,57522
154167,55632
72561,63540
72561,63136
161058,59776
207396,59776
209976,52620
183450,54864
208722,53046
206856,63540
206856,63136
196302,63540
196302,63136
184710,60
208626,59396
208626,62274
244680,51316
228753,63540
228753,63136
252774,53160
221151,53160
72561,54864
154560,53160
244158,53046
155403,63540
155403,63136
208341,60
203796,60
203775,51316
217494,59776
224631,53046
253578,63540
253578,63136
158658,61540
209184,53160
171372,60
220095,51316
220218,60
216108,51316
208572,57522
246618,57522
221526,55632
246618,55632
208572,55632
208524,55632
221526,57522
242412,55632
242412,57522
208524,57522
129204,53160
153645,54864
173613,52620
212688,57522
212688,55632
210627,63540
210627,63136
61305,59776
242610,55632
242610,57522
208626,33534
221151,59776
252774,59776
241389,57522
241389,55632
203055,61540
196311,57522
196311,55632
212430,63360
227295,63360
253053,50720
56871,63360
211740,63136
211740,63540
237804,53160
204480,55632
204480,57522
129204,57522
129204,55632
210120,59776
153348,63540
153348,63136
184509,59776
211947,55632
211947,57522
205815,51316
88821,57522
165750,55632
88821,55632
165750,57522
210051,55632
210051,57522
243408,51316
155043,53046
251121,63540
251121,63136
200508,63540
211989,63540
211989,63136
200508,63136
197034,59776
208872,54864
183450,52620
65067,54864
228753,55632
228753,57522
245868,50720
162984,60
188961,63136
188961,63540
208545,53160
205665,57522
205665,55632
160029,52620
174195,59776
245154,60
209994,57522
209994,55632
252066,54096
189045,52620
203184,63540
203184,63136
153888,57522
153888,55632
233091,63136
233091,63540
217494,51316
199860,36720
223554,36720
66378,36720
192771,36720
192768,36720
253998,36720
205728,36720
158016,36720
205122,36720
59703,36720
250629,36720
210846,36720
251085,36720
203889,36720
229521,36720
237804,59776
153888,63360
207465,53046
239577,52620
220218,52620
188196,59776
203166,59776
155337,60
184104,60
206868,57522
206868,55632
191553,52620
59700,51316
154770,53046
203727,55632
203727,57522
66915,51316
229536,53046
210441,62274
210441,59396
183366,53046
245154,63540
245154,63136
247548,53046
181203,50720
207588,63540
207588,63136
154506,63540
154506,63136
210342,51316
183576,53160
209994,53046
154740,59776
67764,53160
210129,53160
190152,57522
190152,55632
154476,53046
154821,63136
154821,63540
211473,51316
250434,63360
210810,60
155031,59394
208794,63360
208812,63360
153138,63136
153138,63540
158658,51316
183390,33534
223071,53046
184950,53386
177951,59776
203055,63136
203055,63540
197529,51316
247548,51316
196302,51316
206856,51316
242856,54864
155271,51316
211047,54864
187224,52620
155271,53046
224526,53046
252696,53046
229737,55632
229737,57522
223728,54864
223782,61540
154434,53160
181746,53046
250782,53046
72918,63136
72918,63540
234120,36720
251121,54864
203328,59776
208209,59776
205812,51316
208626,54096
208500,36720
188961,52620
215517,33534
230331,54290
236775,54290
183666,52620
195063,54864
210120,54864
156063,54864
211989,57522
211989,55632
223728,54290
222750,53160
201852,63136
201852,63540
223782,51316
215517,16358
154812,53160
161058,52620
254004,3382
154560,51316
182556,59776
155031,32496
175878,52620
67158,52620
174195,53160
209970,51316
209622,54864
242151,60
198882,60
206664,60
154506,60
192714,51316
64353,55632
64353,57522
164337,53160
248301,60
252210,57522
252210,55632
222750,51316
208794,61540
208812,61540
222159,52620
179496,59776
245868,63418
245868,39186
252210,36720
177474,60
247956,63136
247956,63540
252480,51316
204375,55632
204375,57522
64365,52620
201741,63540
201741,63136
203055,51316
177672,52620
171372,59776
204144,60
247974,51316
189009,51316
187263,51316
203328,53160
234018,36720
234972,36720
203256,59776
184710,63540
184710,63136
192714,61540
174195,63540
174195,63136
187395,60
154551,60
246804,60
212283,53160
248550,63360
72561,59776
206847,55632
206847,57522
212283,63540
212283,63136
64272,60
229737,59776
162843,52620
183576,61540
211476,54864
248373,52620
247986,63540
247986,63136
153888,53160
188196,53160
205665,36720
186384,60
208518,59776
208545,51316
207588,53046
195063,53160
235335,55632
235335,57522
184635,61280
182292,51316
238218,53046
154803,53160
248373,63136
248373,63540
223071,60
214506,53046
183921,55632
183921,57522
204717,59776
249579,59776
96444,59776
61908,59776
203280,59776
203736,59776
205905,59776
218061,59776
248871,53160
236766,53160
222204,52620
208503,59776
161208,63360
160770,51316
178818,54864
211473,61540
219231,60
204243,63136
204243,63540
188961,54864
186951,61540
229473,61540
153402,51316
153150,51316
179496,63540
179496,63136
153402,53046
153150,53046
228729,63360
187962,60
208206,60
184710,53160
246618,63540
208524,63540
208524,63136
246618,63136
242412,63540
242412,63136
66915,63136
66915,63540
181203,39186
181203,63418
154740,53160
208500,57522
208500,55632
224526,52620
203532,57522
203532,55632
128763,53160
193965,60
208794,48298
208812,48298
172719,57522
172719,55632
186327,55632
186327,57522
184509,53160
179496,60
226662,53046
231102,55632
231102,57522
222159,54864
204243,53160
211950,54290
203073,63540
203073,63136
238611,63540
238611,63136
203082,63136
203082,63540
244680,52620
212337,57522
212337,55632
219048,55632
219048,57522
206367,60
210897,60
253416,60
208503,53160
210000,53160
155034,53160
206991,124
204228,51316
153999,51316
208545,36720
183921,60
67764,57522
67764,55632
203082,61540
203073,61540
238611,61540
250782,60
207588,59776
223728,63360
67158,53160
175878,53160
176643,53160
172587,53160
195063,59776
128763,55632
128763,57522
211740,51316
208500,53160
245154,53046
226623,53046
210129,51316
211749,53046
209154,63360
172419,55632
172419,57522
167316,51316
198552,52620
184509,63136
184509,63540
208518,53160
228438,51316
187974,52620
59700,52620
223728,61540
245631,63540
245631,63136
251169,53046
177951,53046
198792,52620
156024,53046
154812,59776
206991,54096
198801,57522
198801,55632
252480,61540
226662,59776
234156,63540
234156,63136
178458,60
160770,59776
210627,60
187974,57522
187974,55632
207396,52620
252696,63540
224526,63540
252696,63136
224526,63136
162603,63136
162603,63540
244278,53046
249294,52620
238263,52620
203073,51316
207618,51316
221331,54864
203829,57522
203829,55632
239577,53160
187221,57522
187221,55632
210051,53046
223071,63360
191553,60
251121,53046
157224,53160
229812,53046
186378,59776
206991,63508
206991,62944
206991,62860
206991,49888
254118,59776
162843,60
61899,53046
182556,53160
184635,3382
210129,36720
223071,55632
223071,57522
171372,53160
249687,51316
251106,51316
219420,53046
225276,53046
140277,63540
140277,63136
249216,60
207129,60
250749,60
203820,55632
203820,57522
207618,52620
206442,62860
206442,62944
206442,49888
206442,63508
234555,36720
231663,36720
183459,54096
209970,63540
209970,63136
250947,63540
250947,63136
239577,51316
203388,55632
203388,57522
249513,52620
183576,63540
183576,63136
228438,53046
206442,54096
223071,63540
223071,63136
183390,60
192714,63540
192714,63136
155052,57522
155052,55632
209970,52620
243954,63510
188853,52620
203184,59776
155043,57522
155043,55632
234093,59776
226623,63136
226623,63540
249930,63360
229473,51316
186951,51316
188331,53046
187707,53046
225480,52620
249687,63136
251106,63540
251106,63136
249687,63540
250977,54864
201564,57522
203295,55632
203295,57522
201564,55632
203709,55632
203709,57522
206439,53046
212337,59776
244971,54864
234555,51316
231663,51316
234120,51316
221151,63136
252774,63540
252774,63136
221151,63540
249687,63360
251106,63360
154476,63136
154476,63540
253683,51316
181101,53046
206763,63540
211641,63136
206514,63136
206763,63136
211641,63540
206412,63540
206412,63136
206484,63136
206484,63540
206496,63136
206496,63540
206514,63540
249513,63136
249513,63540
197529,63136
197529,63540
153765,57522
153765,55632
64365,57522
64365,55632
166995,52620
206988,60
250275,60
206433,60
206349,60
207084,60
206625,60
253671,60
155100,53046
191451,51316
155031,61280
232068,54864
183450,51316
210816,60
67158,53046
154821,57522
154821,55632
201798,63136
201798,63540
185244,54864
208572,59776
221526,59776
210810,53046
223968,57522
223968,55632
177474,53046
215517,3382
183450,63136
183450,63540
204411,53046
208545,57522
208545,55632
207330,60
219420,63136
219420,63540
239577,53046
223071,53160
159027,51316
205188,51316
156063,53160
226662,63540
226662,63136
214506,51316
251202,53160
177672,63540
177672,63136
203388,51316
178068,52620
72045,53046
164007,60
182442,50720
234093,53386
188961,51316
222906,53046
236766,59776
248871,59776
128763,63136
128763,63540
208518,63136
208518,63540
61305,52620
251169,36720
155055,53046
198552,60
246150,63136
246150,63540
60864,59776
154869,53046
206460,60
232404,60
208209,52620
198873,54864
212211,54864
221610,60
249297,53046
154404,59394
230331,59776
236775,59776
128538,57522
128538,55632
195378,55632
139272,57522
195378,57522
139272,55632
206514,60
206484,60
206763,60
206496,60
206412,60
211641,60
232068,53046
59691,63540
59691,63136
251121,51316
175878,53046
246054,51316
203829,59776
221409,54864
254118,51316
207330,55632
207330,57522
249930,53046
220095,59776
244158,63136
244158,63540
185244,53046
244479,59776
254118,63540
254118,63136
221526,63136
208572,63136
221526,63540
208572,63540
178818,63136
178818,63540
212892,57522
212892,55632
211947,63136
211947,63540
203706,55632
203301,57522
203706,57522
203301,55632
203709,59776
203295,59776
201564,59776
203277,59776
248013,59776
203145,59776
232035,60
212430,63136
227295,63136
227295,63540
212430,63540
232614,63136
232614,63540
209976,53046
72645,52620
129204,63136
129204,63540
254400,61280
203166,52620
59700,53160
192159,63540
203232,63540
203232,63136
192159,63136
217782,55632
217782,57522
182292,60
164337,60
62817,55632
62817,57522
186987,54864
203439,51316
203259,51316
217380,51316
186951,53046
229473,53046
194409,57522
194409,55632
219048,59776
188685,60
183390,61280
188844,52620
206484,51316
206496,51316
211641,51316
206514,51316
206763,51316
206412,51316
210816,57522
210816,55632
205188,36720
159027,36720
227295,53046
212430,53046
188853,55632
188853,57522
177672,51316
192159,36720
203232,36720
245868,35846
208812,60
208794,60
203673,53046
210000,53046
155034,53046
210000,59776
155034,59776
238611,51316
203082,51316
64272,52620
206991,63186
206991,42132
193965,53046
203184,55632
203184,57522
204243,54864
228438,63136
228438,63540
207465,55632
207465,57522
205332,52620
227310,54864
229812,52620
253683,52620
157398,53046
203775,63136
203775,63540
249687,61540
251106,61540
208584,55632
205188,57522
205188,55632
208584,57522
248178,57522
248178,55632
251721,55632
159027,57522
159027,55632
251721,57522
56871,60
216822,60
192618,55632
192618,57522
166599,54864
238068,54864
154476,51316
164661,54864
208116,51316
201798,61540
208626,16358
128538,53046
175293,59776
158658,63360
206076,48980
249513,59776
154869,63540
154869,63136
183666,60
224841,51316
209154,36720
206442,63186
206442,42132
254436,63418
254436,39186
203871,52620
204780,52620
203181,52620
154740,53046
208209,63136
208209,63540
253683,63540
253683,63136
187224,55632
187224,57522
163101,60
221409,53160
186216,63136
186216,63540
187974,53046
214194,51316
209184,53046
174513,63540
174513,63136
209073,60
251721,51316
248178,51316
208584,51316
249297,60
203706,59776
203532,59776
203301,59776
157767,60
153867,55632
153867,57522
206484,53160
211641,53160
206514,53160
206496,53160
206412,53160
206763,53160
208872,53386
215517,48980
244278,51316
163251,60
223401,3382
219048,51316
222750,63136
222750,63540
226623,54864
182442,3382
220095,63540
220095,63136
236775,54864
230331,54864
234972,55632
234972,57522
234018,57522
234018,55632
254400,61540
198279,60
251202,55632
251202,57522
208626,42132
208626,63186
187221,63540
187221,63136
210120,53046
154551,54864
246804,54864
187395,54864
206868,53046
175878,51316
67158,51316
193965,51316
160770,53046
240939,53046
178458,54864
249687,53160
251106,53160
165726,57522
165726,55632
207396,57522
207396,55632
230178,53046
238068,51316
166599,51316
217002,53046
234018,53160
234972,53160
207219,60
181371,59776
220011,54864
194208,60
66879,51316
165750,53046
88821,53046
210129,55632
210129,57522
253053,63418
253053,39186
188787,55632
188787,57522
211047,52620
209184,51316
192618,36720
246618,59776
242412,59776
208524,59776
203727,51316
228315,52620
244479,54864
216108,63540
216108,63136
164661,60
178818,60
192768,59776
223554,59776
203889,59776
199860,59776
66378,59776
205122,59776
158016,59776
210846,59776
253998,59776
192771,59776
59703,59776
205728,59776
251085,59776
250629,59776
229521,59776
155403,53046
205722,52620
157416,52620
156225,52620
154506,59776
212211,53046
208206,63136
208206,63540
233970,51316
248178,36720
208584,36720
251721,36720
248301,53046
203811,52620
56871,51316
167316,59776
191451,57522
191451,55632
223782,63360
252696,52620
251106,59776
249687,59776
188700,53046
163578,57522
163578,55632
253998,53160
251085,53160
223554,53160
205728,53160
59703,53160
229521,53160
205122,53160
203889,53160
199860,53160
158016,53160
192768,53160
192771,53160
210846,53160
250629,53160
66378,53160
203328,63540
203328,63136
231459,60
208116,53160
65598,54864
210171,63540
210171,63136
208206,53046
207330,59776
241824,63136
241824,63540
155031,50720
246150,60
212478,55632
212478,57522
191451,53046
241350,53046
253578,51316
250434,52620
183912,51316
254004,32496
203274,59776
244866,59776
203271,59776
196722,59776
204228,53046
154560,54864
232614,57522
232614,55632
217293,51316
154434,63540
154434,63136
252081,55632
207339,57522
252081,57522
207339,55632
153999,53046
252405,51316
181371,57522
181371,55632
201852,51316
248682,53046
72930,55632
72930,57522
253935,60
208758,60
226662,53160
206304,60
158658,52620
187806,57522
187806,55632
181371,63136
181371,63540
153348,51316
201798,51316
25743,53046
254436,48980
208788,63136
208788,63540
182556,60
154869,52620
155100,57522
155100,55632
229473,63360
186951,63360
154560,60
187734,63136
187734,63540
196311,53046
181860,53386
192159,59776
203232,59776
247986,54864
212283,59776
243408,52620
199044,57522
199044,55632
206847,53046
165684,53046
252618,53046
165687,53046
210876,53046
205188,53160
159027,53160
208545,63540
208545,63136
204228,54864
244479,53160
61482,57522
61482,55632
183921,59776
200508,51316
211989,51316
60864,60
184710,55632
184710,57522
211473,63360
208500,63136
208500,63540
173613,53160
201798,53160
228753,53046
69060,59776
246150,59776
244158,55632
244158,57522
188196,53046
238068,59776
166599,59776
222750,60
129204,59776
154803,52620
248205,60
246804,53046
187395,53046
154551,53046
183387,60
156063,63540
156063,63136
210441,50274
164541,52620
154812,63136
154812,63540
175878,63136
175878,63540
210129,63136
210129,63540
72561,52620
188844,53046
251169,55632
251169,57522
157938,60
210678,53160
205812,63540
205812,63136
204243,59776
206496,55632
206763,55632
206763,57522
206514,55632
206484,57522
211641,57522
211641,55632
206514,57522
206412,57522
206484,55632
206412,55632
206496,57522
247974,60
187224,53160
186987,52620
207618,55632
207618,57522
240912,59776
186987,53160
192618,63540
192618,63136
140277,53160
212571,52620
155055,52620
157398,52620
128604,55632
128604,57522
205812,53046
251169,53160
208812,53160
208794,53160
204411,55632
204411,57522
161208,52620
208788,52620
183912,57522
183912,55632
210000,63540
155034,63136
155034,63540
210000,63136
205722,60
157416,60
181746,55632
181746,57522
72918,51316
226662,60
157185,53046
178068,60
186378,57522
186378,55632
188196,51316
166995,51316
252480,63360
154827,57522
154827,55632
64365,60
186378,60
166437,57522
166437,55632
207396,51316
217380,36720
203259,36720
203439,36720
154812,52620
217002,63136
217002,63540
64959,54864
64365,53160
209622,53046
253998,63136
192771,63540
66378,63540
158016,63540
210846,63136
210846,63540
203889,63136
205728,63540
192771,63136
158016,63136
199860,63540
250629,63136
192768,63540
192768,63136
205122,63540
250629,63540
199860,63136
223554,63540
205728,63136
223554,63136
251085,63136
203889,63540
251085,63540
229521,63540
59703,63136
59703,63540
66378,63136
253998,63540
229521,63136
205122,63136
158274,49888
158274,63508
158274,62944
158274,62860
210627,53046
154665,53046
198882,53046
242151,53046
210825,52620
200964,54864
177951,52620
157224,63136
157224,63540
67335,63540
67335,63136
210168,60
61692,60
66915,53046
208788,60
198792,63136
198792,63540
185244,59776
223728,63540
223728,63136
209976,53160
155052,53046
249486,53046
186216,55632
186216,57522
56871,53160
186177,57522
186177,55632
183921,52620
208518,53046
181746,60
212283,60
154560,53046
59700,63136
59700,63540
221610,32496
188196,63540
188196,63136
153138,51316
67827,60
176643,63540
176643,63136
172587,63540
172587,63136
181371,60
222906,54864
220011,63136
220011,63540
203820,52620
240939,59776
188685,52620
209154,53160
211632,60
227973,36720
209154,54864
234093,63136
234093,63540
67764,60
251202,63136
251202,63540
248178,53160
251721,53160
187734,60
162603,51316
248301,63136
248301,63540
184710,51316
210171,60
183387,53046
140277,61540
210840,60
235932,60
224631,55632
224631,57522
174513,60
254400,48980
223401,60
242571,59776
203511,52620
164337,63540
164337,63136
210690,52620
208521,52620
223782,52620
187395,63540
154551,63540
246804,63136
246804,63540
154551,63136
187395,63136
195063,51316
229812,63136
229812,63540
247974,63540
247974,63136
187974,60
222750,53046
242151,54864
198882,54864
203055,36720
60864,57522
60864,55632
251391,54864
233091,57522
233091,55632
233970,55632
233970,57522
153645,55632
153645,57522
222159,60
243954,3382
219420,51316
166005,53046
208206,59776
208503,63540
208503,63136
207618,60
250653,63540
227310,63136
197286,63136
227310,63540
197286,63540
250653,63136
154740,52620
184698,53160
234093,53160
96138,54864
157938,55632
157938,57522
225699,53046
164541,57522
164541,55632
254004,59394
229812,57522
229812,55632
207339,53046
252081,53046
208209,53046
223401,32496
254118,54864
211473,55632
211473,57522
244479,51316
167316,52620
184698,53046
64353,52620
184698,59776
210120,52620
128685,51316
186987,63136
186987,63540
166995,55632
166995,57522
251625,60
203388,59776
223401,63418
223401,39186
188853,60
228729,52620
156063,51316
184509,57522
184509,55632
250947,52620
203724,60
188853,53160
186384,53046
226623,51316
248871,63136
236766,63136
248871,63540
236766,63540
186951,52620
229473,52620
242439,59776
253671,55632
253671,57522
176577,55632
176577,57522
249930,51316
188700,60
184950,59776
155337,52620
184104,52620
209184,52620
234864,60
66915,60
207588,57522
207588,55632
154560,63136
154560,63540
221331,53046
157767,53046
184635,48980
173613,60
240939,53386
181860,61540
215517,50720
220011,61540
72117,55632
72117,57522
248205,57522
248205,55632
229536,55632
229536,57522
203673,55632
203673,57522
227310,52620
225276,51316
211950,53386
161058,51316
157398,60
209094,57522
209094,55632
203733,52620
236775,53160
230331,53160
182442,61280
192618,51316
229737,52620
209970,60
154434,53046
192618,53160
59700,55632
59700,57522
245154,55632
245154,57522
252696,57522
252696,55632
181860,63360
208722,59776
204375,53046
72918,57522
72918,55632
184635,32496
157224,60
228438,55632
228438,57522
154434,59776
167316,61540
211812,57522
211812,55632
254004,48980
242130,54864
224526,57522
224526,55632
227973,59776
215517,32496
210678,63540
210678,63136
220218,57522
220218,55632
247548,60
155271,60
250434,53046
217002,51316
206418,60
211476,53046
207144,57522
207144,55632
242439,51316
204228,60
208794,54290
208812,54290
223728,53160
187263,57522
187263,55632
220095,52620
163044,55632
163044,57522
197529,36720
166995,63136
166995,63540
222750,54864
252405,53046
245868,48980
228729,55632
228729,57522
205815,60
250977,51316
217620,55632
217620,57522
166005,51316
212283,52620
166599,53160
238068,53160
65328,53046
240912,60
153348,53046
251121,59776
249930,53160
155100,52620
61899,54864
205665,53160
210678,59776
178818,59776
198792,51316
225276,52620
208116,36720
189009,60
203082,36720
203073,36720
238611,36720
208872,59776
206850,55632
206850,57522
182556,63540
182556,63136
224841,60
183363,53046
197034,52620
195063,63136
195063,63540
194409,53046
160770,53160
245046,55632
245046,57522
244278,55632
244278,57522
244680,60
210342,60
223401,61280
59691,54864
72117,53046
206076,50720
241389,63540
241389,63136
56871,59776
173613,55632
173613,57522
249930,52620
206304,57522
206304,55632
248550,51316
154740,63136
154740,63540
154506,55632
154506,57522
208518,60
183576,60
244278,63540
244278,63136
153402,60
153150,60
223401,48980
252480,52620
155016,57522
155016,55632
140277,36720
220011,53046
207219,63540
207219,63136
204771,60
243954,48980
220011,59776
246150,57522
246150,55632
191247,60
173667,55632
173667,57522
191256,54864
56871,53046
187224,63136
187224,63540
171372,63540
171372,63136
153888,63136
153888,63540
244158,60
198279,53046
158658,57522
158658,55632
234120,63136
234120,63540
67158,63540
67158,63136
158274,48980
245631,55632
245631,57522
179496,52620
205188,63136
159027,63136
159027,63540
205188,63540
234972,63136
234018,63540
234972,63540
234018,63136
158274,50720
234120,53160
201741,60
156024,57522
156024,55632
207465,51316
183390,11490
212283,53046
217293,55632
217293,57522
241350,55632
241350,57522
236766,53046
248871,53046
209154,63136
209154,63540
249513,60
140277,51316
254436,61280
233970,63136
233970,63540
67827,53046
252066,63510
201798,36720
219048,60
211047,60
197286,52620
250653,52620
251106,52620
249687,52620
153645,53046
249207,55632
249207,57522
231663,63136
234555,63136
234555,63540
231663,63540
181860,51316
187386,54864
220095,57522
220095,55632
192714,36720
253053,3382
192618,53046
220011,51316
192942,55632
192942,57522
182292,59776
208554,59776
208584,53160
212892,52620
155481,57522
155481,55632
187224,60
187263,60
211473,52620
164541,53046
72918,59776
171702,53046
181203,32496
223782,57522
223782,55632
221610,63418
221610,39186
165183,57522
165183,55632
208788,54864
153999,60
253683,53046
209970,53046
214194,53046
238068,53046
166599,53046
250782,55632
250782,57522
155031,48980
175878,57522
175878,55632
67158,57522
67158,55632
154803,63540
154803,63136
217620,53046
188961,53046
246054,60
191451,60
195723,60
161058,57522
161058,55632
210000,52620
155034,52620
64959,53046
248550,61540
234156,60
188196,60
162603,53046
154665,55632
154665,57522
201852,53046
253578,53046
227310,60
183387,57522
183387,55632
187962,53046
208209,55632
208209,57522
247974,54864
160029,60
167316,60
242571,53160
203775,36720
208872,60
211533,55632
211533,57522
203700,55632
196845,55632
196845,57522
203700,57522
211989,59776
200508,59776
195063,52620
217293,59776
203775,59776
157185,55632
157185,57522
203532,52620
203301,52620
203706,52620
208209,60
240939,53160
61824,60
247986,55632
247986,57522
208500,59776
139272,53046
195378,53046
184698,63540
184698,63136
220011,53160
251721,63136
248178,63540
251721,63540
248178,63136
185244,52620
251169,63136
251169,63540
177474,57522
177474,55632
206076,3382
181860,54290
179853,54864
154404,32496
221610,33534
228729,60
253053,62274
253053,59396
231459,52620
161208,55632
161208,57522
223401,52620
215517,61280
221409,53046
252210,53160
154560,59776
154812,57522
154812,55632
197676,60
207588,52620
217293,60
157398,57522
157398,55632
182292,57522
182292,55632
200964,52620
250977,52620
186882,53046
205665,63540
205665,63136
253335,59776
155271,57522
155271,55632
244971,57522
244971,55632
182556,53046
237804,57522
237804,55632
182442,60
209154,51316
249159,53046
247548,57522
247548,55632
195723,54864
203184,52620
203727,59776
65067,55632
65067,57522
203724,54864
128685,59776
212283,55632
212283,57522
236226,55632
236226,57522
241824,60
244479,63540
244479,63136
65598,53046
203166,57522
61305,57522
61305,55632
203166,55632
128763,60
216108,55632
216108,57522
182442,32496
208092,55632
208092,57522
220011,63360
239577,63136
239577,63540
244971,53046
206415,57522
206415,55632
217380,59776
203259,59776
203439,59776
204228,59776
188961,60
208722,53160
185817,55632
185817,57522
184509,52620
234555,53160
231663,53160
237057,55632
237057,57522
254436,50720
209976,60
56871,63540
56871,63136
221409,63136
221409,63540
155106,52620
203811,60
179853,53046
187707,57522
187707,55632
209976,55632
209976,57522
232035,54864
249297,55632
249297,57522
209622,55632
209622,57522
181860,63540
181860,63136
209184,63136
209184,63540
223401,61348
158658,53160
210810,57522
210810,55632
212478,53046
183912,60
154476,52620
176643,60
172587,60
167316,63360
59700,60
153150,57522
153402,57522
153150,55632
153402,55632
203736,52620
224931,52620
250653,60
197286,60
210876,60
252618,60
165684,60
165687,60
206856,60
196302,60
236775,63136
236775,63540
230331,63540
230331,63136
156063,60
187659,55632
187659,57522
154770,57522
154770,55632
60864,53046
181860,53160
167316,63136
167316,63540
251202,59776
67827,57522
67827,55632
251121,60
254400,61348
181371,52620
128685,53046
183459,63510
205812,60
156063,55632
156063,57522
191553,55632
191553,57522
171372,52620
254004,61280
61824,55632
61824,57522
161208,60
154476,60
251169,51316
250434,53160
251442,55632
251442,57522
250947,53046
248550,63540
248550,63136
154803,57522
154803,55632
167316,53160
247974,59776
250977,53046
155016,53046
219048,52620
244479,52620
183363,55632
183363,57522
128685,60
205332,55632
205332,57522
158658,60
183450,60
252480,57522
252480,55632
234018,51316
234972,51316
192618,59776
183492,55632
183492,57522
252066,62860
252066,49888
252066,63508
252066,62944
246042,54864
211950,60
191553,53046
186882,51316
251442,53046
207396,60
214506,55632
214506,57522
246054,57522
246054,55632
225276,57522
225276,55632
203829,52620
154506,52620
223782,60
242439,60
162843,55632
162843,57522
250977,60
220011,52620
221409,52620
249159,60
223728,59776
253578,60
253683,55632
253683,57522
66879,60
64365,63540
64365,63136
210633,55632
210633,57522
178068,53046
201852,60
161208,53160
237057,53046
214194,57522
214194,55632
243408,60
224169,53046
155403,57522
155403,55632
254400,51316
229473,55632
229473,57522
186951,57522
186951,55632
154551,59776
187395,59776
246804,59776
252210,59776
184710,53046
208554,53160
183666,53046
227292,53046
211533,53046
211473,60
211950,59776
248550,36720
252210,63136
252210,63540
69060,52620
128685,52620
247974,53046
232035,53046
198279,55632
198279,57522
214194,60
251106,53046
249687,53046
160770,55632
160770,57522
72045,57522
72045,55632
223782,53160
202818,54864
205665,59776
174195,57522
174195,55632
72918,60
224931,55632
224931,57522
177672,60
171372,53046
210441,124
217293,52620
182556,55632
182556,57522
177951,57522
177951,55632
153348,60
195372,53046
158274,3382
203727,60
207330,53046
246150,52620
226623,55632
226623,57522
164007,52620
227295,57522
212430,57522
212430,55632
227295,55632
203820,60
236775,60
230331,60
234120,59776
223728,53046
167316,53046
208584,63136
208584,63540
175293,54864
208116,59776
197529,59776
165684,52620
182442,48980
183459,3382
212892,60
252480,60
225699,60
163044,53046
154740,57522
154740,55632
249930,63540
249930,63136
156063,59776
129081,60
162603,55632
162603,57522
211344,60
221610,61280
154869,55632
154869,57522
212337,52620
186378,53046
154434,51316
251625,54864
249159,55632
249159,57522
68676,57522
68676,55632
231162,57522
231162,55632
181203,3382
206484,53046
206514,53046
211641,53046
206763,53046
206412,53046
206496,53046
154476,57522
154476,55632
155034,55632
155034,57522
210000,55632
210000,57522
211632,55632
211632,57522
253683,60
206850,53046
178458,53046
211749,57522
211749,55632
182556,52620
166599,63136
166599,63540
238068,63136
238068,63540
217494,60
205812,55632
205812,57522
211950,63136
211950,63540
186987,53046
188853,63540
188853,63136
251121,57522
251121,55632
234972,60
234018,60
181101,57522
181101,55632
128685,61540
237804,52620
211950,53160
242571,63136
242571,63540
236766,52620
248871,52620
207144,53046
250947,60
229473,53160
186951,53160
186951,60
229473,60
245046,53046
247962,57522
247962,55632
198792,57522
198792,55632
226623,59776
217494,52620
165183,53046
153138,60
171372,55632
171372,57522
206991,50720
254118,52620
209976,63136
209976,63540
248373,60
197286,53046
250653,53046
248550,53160
206415,53046
173613,63136
173613,63540
223728,60
239577,55632
239577,57522
210633,53046
217002,57522
217002,55632
56871,55632
56871,57522
250434,63540
250434,63136
188700,52620
212469,60
154404,3382
208872,53160
254118,60
249207,53046
178818,52620
178818,55632
178818,57522
200964,63540
200964,63136
96138,53046
228729,53160
203727,52620
249513,54864
88821,60
165750,60
160770,63136
160770,63540
253053,59394
198534,54864
72561,57522
72561,55632
219231,54864
188196,55632
188196,57522
174195,52620
209154,55632
209154,57522
210441,63418
210441,39186
203511,60
65598,55632
65598,57522
253053,36720
252480,53160
208554,63136
208554,63540
208722,63540
208722,63136
227310,53046
208545,59776
222750,59776
206991,3382
181203,59394
201852,55632
201852,57522
181860,54864
208812,59776
208794,59776
183459,48980
234555,59776
231663,59776
212571,60
203724,53046
254118,53046
160770,52620
192942,53046
200508,60
211989,60
185244,57522
185244,55632
208206,52620
154434,55632
154434,57522
67764,63136
67764,63540
88821,52620
165750,52620
247986,53046
203280,52620
204717,52620
96444,52620
218061,52620
249579,52620
205905,52620
61908,52620
239577,60
209970,55632
209970,57522
216108,60
67335,57522
67335,55632
210129,59776
202818,53046
251619,55632
251619,57522
212748,55632
212748,57522
198522,55632
206481,57522
206481,55632
198522,57522
166005,60
201564,52620
203295,52620
203709,52620
225699,57522
225699,55632
161058,60
236775,53046
230331,53046
211473,53160
208626,124
188196,52620
249687,60
251106,60
210441,59394
165687,52620
252618,52620
210876,52620
184635,11490
208788,53046
236766,60
248871,60
211047,53046
229812,60
153348,55632
153348,57522
187386,57522
187386,55632
186384,55632
186384,57522
248373,53046
162603,60
195063,60
153813,54864
203256,52620
191247,52620
208206,57522
208206,55632
253578,57522
253578,55632
216564,54864
200964,51316
203829,60
208812,54864
208794,54864
210627,57522
210627,55632
211140,54864
208872,63540
208872,63136
242439,52620
128685,57522
128685,55632
220011,60
242856,57522
242856,55632
206076,39186
206076,63418
61305,60
203166,60
184635,60
203184,60
166599,52620
238068,52620
206442,3382
198873,55632
198873,57522
184950,54864
228438,60
238218,55632
238218,57522
201798,59776
249513,53046
210825,60
230331,52620
236775,52620
227310,55632
227310,57522
204228,55632
204228,57522
216564,53046
197034,60
253053,32496
249573,54864
188844,55632
188844,57522
222750,57522
222750,55632
128685,63136
128685,63540
205188,59776
159027,59776
186951,63540
229473,63540
229473,63136
186951,63136
247962,53046
234972,59776
234018,59776
215517,63418
215517,39186
25743,55632
25743,57522
187395,57522
154551,57522
154551,55632
246804,55632
187395,55632
246804,57522
210441,50720
223401,51974
250434,55632
250434,57522
203328,52620
206991,48980
204228,52620
206442,50720
243954,63508
243954,49888
243954,62860
243954,62944
251121,52620
208626,50720
188331,55632
188331,57522
203232,52620
192159,52620
242130,55632
242130,57522
210120,55632
210120,57522
154404,61280
183576,53046
214506,60
252405,60
184698,55632
184698,57522
246042,55632
246042,57522
211947,52620
192618,60
96138,55632
96138,57522
65328,55632
65328,57522
203277,52620
203145,52620
248013,52620
128685,63360
179853,55632
179853,57522
242130,53046
175293,52620
160770,60
253053,61280
167316,57522
167316,55632
140277,59776
208584,59776
248178,59776
251721,59776
128685,53160
206442,48980
153999,57522
153999,55632
240912,52620
234093,60
178068,55632
178068,57522
154560,52620
204243,52620
251391,57522
251391,55632
183666,57522
183666,55632
204243,57522
204243,55632
203388,52620
207465,60
67158,60
56871,52620
161208,63540
161208,63136
203301,60
203706,60
160029,55632
160029,57522
251391,53046
250653,55632
197286,55632
250653,57522
197286,57522
245868,33534
252066,50274
183450,53046
251169,59776
186882,57522
186882,55632
217380,52620
203439,52620
203259,52620
184698,51316
212748,53046
251619,53046
206481,53046
198522,53046
175878,60
153813,53046
211140,53046
203055,59776
246804,52620
187395,52620
154551,52620
236766,55632
248871,55632
236766,57522
248871,57522
72918,52620
166005,55632
166005,57522
181203,11490
252066,50720
158658,63540
158658,63136
154404,48980
253335,60
181860,59776
221151,52620
252774,52620
203274,52620
196722,52620
244866,52620
203271,52620
221409,60
252405,57522
252405,55632
238263,60
249294,60
209184,55632
209184,57522
211047,57522
211047,55632
129204,52620
184950,53046
207330,52620
186378,52620
184488,63510
209154,60
253053,48980
247974,52620
198882,57522
242151,55632
242151,57522
198882,55632
203733,60
157767,55632
157767,57522
249930,57522
249930,55632
222906,57522
222906,55632
210690,60
208521,60
208545,52620
208626,39186
208626,63418
166599,60
238068,60
226662,52620
253335,52620
210441,48980
244278,60
251625,53046
210129,52620
184488,48980
184950,52620
181203,48980
219420,55632
219420,57522
252066,48980
246618,52620
242412,52620
208524,52620
249687,55632
249687,57522
251106,55632
251106,57522
249930,60
183450,55632
183450,57522
227292,57522
227292,55632
233970,60
208518,52620
246618,60
208524,60
242412,60
182292,52620
195063,53046
221331,55632
221331,57522
183390,61540
245868,32496
222159,57522
222159,55632
206076,59396
206076,62274
203280,60
204717,60
61908,60
96444,60
205905,60
218061,60
249579,60
203082,59776
238611,59776
203073,59776
154560,55632
154560,57522
212211,55632
212211,57522
208812,53386
208794,53386
200508,52620
211989,52620
223782,63540
223782,63136
60864,52620
66915,55632
66915,57522
183390,63540
183390,63136
250947,55632
250947,57522
223728,52620
206991,63418
206991,39186
221610,11490
207588,60
223401,51316
208503,52620
208872,57522
208872,55632
232068,55632
232068,57522
217002,60
203709,60
203295,60
201564,60
208794,52620
208812,52620
206076,50274
221526,52620
208572,52620
192714,59776
211947,60
202818,57522
202818,55632
183390,59776
187386,53046
195723,53046
195063,55632
195063,57522
184698,52620
198534,53046
219420,60
250977,57522
250977,55632
215517,51316
254400,36720
254400,57804
208758,54864
253935,54864
210441,3382
222750,52620
248301,57522
248301,55632
188961,57522
188961,55632
212337,60
166599,57522
238068,57522
238068,55632
166599,55632
227973,52620
184488,3382
186882,60
252066,3382
197529,52620
203055,52620
209154,59776
203532,60
209184,60
211476,57522
211476,55632
175293,53046
154434,60
208626,3382
208788,55632
208788,57522
183576,55632
183576,57522
166995,60
254004,60
181860,60
249573,53046
206991,50274
210129,60
59691,57522
59691,55632
252480,63136
252480,63540
254400,51974
253053,60
223401,57804
184698,60
228687,53046
211344,53046
69060,60
225276,60
248550,59776
158274,63418
158274,39186
154404,60
221409,55632
221409,57522
203775,52620
251169,60
186987,55632
186987,57522
203274,60
244866,60
154434,52620
191256,53046
165045,54864
206442,63418
206442,39186
206076,59394
155031,60
211473,63136
211473,63540
219231,53046
208545,60
215517,61348
153813,55632
153813,57522
216564,55632
216564,57522
203724,57522
203724,55632
223728,57522
223728,55632
226623,52620
244479,60
211950,53046
203082,52620
238611,52620
203073,52620
223401,59776
154758,53046
206076,61348
208500,52620
248373,55632
248373,57522
198792,60
228687,54864
232035,55632
232035,57522
203256,60
196722,60
203271,60
244479,57522
244479,55632
178458,55632
178458,57522
224169,55632
224169,57522
225480,60
208626,59394
203736,60
244479,53046
245868,61540
200964,60
206442,50274
221526,60
208572,60
228729,63136
228729,63540
192714,52620
203145,60
203277,60
248013,60
154698,54864
183390,63360
208626,48980
251202,52620
243954,11490
208626,54864
238536,54864
254436,60
243954,50274
59691,60
192159,60
203232,60
208872,53046
210441,61348
164661,53046
183390,52620
246042,53046
61899,57522
61899,55632
191256,57522
191256,55632
165045,53046
223401,11490
181860,52620
211950,55632
211950,57522
203181,60
203871,60
204780,60
181203,60
208503,60
184488,50274
140277,52620
254118,55632
254118,57522
211140,55632
211140,57522
208584,60
236775,55632
236775,57522
230331,55632
230331,57522
184635,61348
251202,60
247974,57522
247974,55632
59691,53046
220011,57522
220011,55632
155031,61540
155031,11490
243954,50720
159027,60
205188,60
252066,63418
252066,39186
254004,11490
183459,62860
183459,49888
183459,63508
183459,62944
210678,52620
215517,51974
158274,50274
206991,32496
182442,61348
254436,61348
154698,53046
254400,11490
249513,55632
249513,57522
254436,32496
159027,52620
205188,52620
208116,52620
72645,60
182442,51316
181203,61280
249573,57522
249573,55632
208758,53046
253935,53046
156063,52620
228687,55632
228687,57522
182442,11490
64959,57522
64959,55632
158016,52620
250629,52620
205728,52620
59703,52620
205122,52620
210846,52620
66378,52620
223554,52620
203889,52620
251085,52620
229521,52620
199860,52620
192771,52620
253998,52620
192768,52620
206991,62274
206991,59396
206076,11490
234120,60
210441,51316
252066,62274
252066,59396
183459,50274
208626,51316
129204,60
154404,11490
203388,60
201798,52620
254004,61540
226623,60
251721,52620
248178,52620
234018,52620
234972,52620
182442,54864
184488,50720
215517,60
206442,32496
251721,60
248178,60
243954,32496
181860,53046
234093,52620
182442,51974
243954,63418
243954,39186
154758,54864
184635,51316
208500,60
200964,55632
200964,57522
242571,60
184488,49888
184488,62944
184488,63508
184488,62860
231663,60
234555,60
206442,59396
206442,62274
183390,57804
245868,57804
208092,53046
223401,61540
215517,59776
223401,53160
203328,60
243954,61348
183459,39186
183459,63418
158274,61348
210678,60
192549,54864
183459,50720
209154,52620
254436,11490
240939,52620
155031,51316
215517,57804
183459,32496
158274,62274
158274,59396
184635,51974
192618,52620
215517,61540
238536,55632
238536,57522
243954,51974
208584,52620
254400,53160
183390,53160
208722,60
208554,60
252066,32496
245868,53160
251169,52620
253053,11490
254436,51316
206076,32496
242571,52620
192549,53046
234120,52620
203775,60
243954,59394
254400,63360
254400,48298
221610,57804
245868,63360
217380,60
203259,60
203439,60
253053,51316
221610,63540
221610,63136
252210,52620
227973,60
205665,52620
254400,52620
252210,60
183390,51974
203055,60
140277,60
254004,61348
243954,59396
243954,62274
208722,52620
182442,57804
165045,55632
165045,57522
245868,52620
215517,54864
201798,60
192714,60
154758,57522
154758,55632
184950,55632
184950,57522
158274,11490
184635,36720
221151,60
252774,60
183390,61348
182442,48298
198534,55632
198534,57522
245868,63540
245868,63136
234555,52620
231663,52620
206991,59394
183390,48298
205665,60
155031,61348
154698,57522
154698,55632
243954,61280
158274,59394
245868,59776
154404,61348
200964,53046
203073,60
208554,52620
182442,36720
181203,36720
195723,55632
195723,57522
211950,52620
254004,51316
182442,53046
238536,53046
223401,63136
223401,63540
223401,54290
208794,53046
208812,53046
183459,11490
182442,61540
184488,39186
184488,63418
208872,52620
254400,59776
210441,61280
197529,60
206442,59394
183459,62274
183459,59396
175293,57522
175293,55632
215517,52620
203082,60
238611,60
245868,61348
208116,60
219231,57522
219231,55632
184488,11490
215517,11490
164661,55632
164661,57522
248550,60
154404,51316
210441,32496
184488,32496
183459,61348
251625,57522
251625,55632
206991,61348
252066,59394
158274,32496
181203,61348
192549,55632
192549,57522
248550,52620
223401,48298
208626,32496
155031,51974
182442,55632
182442,57522
184635,61540
154404,36720
253053,61348
183459,59394
254436,51974
206442,61348
155031,54864
208626,61348
253053,57804
221610,61540
181203,51316
206076,60
208626,61280
184488,61348
66378,60
205728,60
253998,60
205122,60
250629,60
59703,60
199860,60
229521,60
203889,60
158016,60
251085,60
192768,60
223554,60
192771,60
210846,60
155031,48298
221610,61348
252066,61348
154404,51974
206076,61280
254436,36720
223401,63360
252066,11490
221610,51974
184488,51974
253053,52620
183459,61280
155031,36720
184488,62274
184488,59396
181203,61540
254004,51974
221610,53160
254436,61540
215517,54290
215517,48298
206991,61280
206076,51316
221610,63360
254400,63136
254400,63540
184635,57804
223401,53386
181860,55632
181860,57522
254004,36720
206991,11490
206442,61280
245868,51974
154404,57804
252066,51974
184488,59394
254400,54290
254004,54864
253053,61540
155031,63360
253935,57522
208758,57522
208758,55632
253935,55632
184635,53160
221610,52620
206991,57804
254004,57804
182442,53386
154404,61540
253053,59776
208626,57522
208626,55632
215517,63360
181203,51974
254400,54864
245868,54290
183459,51974
208626,60
206991,54864
181203,57804
184635,63136
184635,63540
158274,60
215517,57522
215517,55632
253053,51974
206991,51974
208794,55632
208794,57522
208812,55632
208812,57522
223401,54864
254436,53160
245868,11490
206442,57804
182442,53160
215517,63136
215517,63540
210441,11490
206442,11490
206442,51974
206442,54864
155031,53160
215517,53160
221610,59776
252066,57804
206076,51974
155031,57804
182442,63360
158274,51316
245868,53386
206991,61540
254436,63136
254436,63540
158274,61280
206442,61540
254400,53386
210441,60
154404,63360
254004,48298
155031,59776
184488,61280
182442,63540
182442,63136
184635,63360
252066,54864
221610,48298
252066,61280
208626,61540
253053,48298
245868,48298
154404,53160
253053,54864
184635,48298
215517,53046
182442,54290
243954,61540
252066,60
253053,53160
206991,60
254004,63360
155031,52620
206991,36720
155031,57522
155031,55632
154404,48298
254436,63360
206442,36720
154404,53046
208626,36720
215517,53386
181203,53160
183390,54864
182442,59776
154404,63136
154404,63540
206991,53046
254400,57522
254400,55632
206442,60
184488,60
210441,36720
181203,48298
184635,53046
243954,60
253053,53386
252066,53046
182442,52620
183459,60
181203,63360
155031,63136
155031,63540
181203,53046
243954,54864
252066,61540
208626,57804
158274,51974
183390,55632
183390,57522
210441,61540
254004,59776
206442,53046
254400,53046
184635,52620
206991,51316
252066,57522
252066,55632
208626,11490
206442,51316
206991,57522
206991,55632
254004,53160
253053,63360
254004,57522
254004,55632
154404,54864
181203,63136
181203,63540
155031,53386
183390,54290
253053,63540
253053,63136
206076,61540
253053,54290
206442,55632
206442,57522
184488,54864
184635,59776
210441,51974
253053,53046
183459,54864
243954,51316
223401,53046
184635,54864
253053,57522
253053,55632
184488,53046
254436,57804
154404,59776
158274,57804
206076,57804
254004,53046
210441,57804
206991,59776
183459,61540
155031,54290
206442,59776
254004,53386
208626,63360
252066,48298
158274,61540
243954,57804
206076,63540
206076,63136
206991,48298
243954,53046
181203,54864
245868,54864
206991,63360
206076,53160
206442,63360
252066,51316
184635,54290
254436,52620
243954,55632
243954,57522
184488,57804
210441,63360
206076,36720
206442,48298
223401,55632
223401,57522
181203,59776
254004,54290
252066,36720
210441,63136
210441,63540
210441,53160
154404,55632
154404,57522
206991,54290
181203,52620
184488,57522
184488,55632
208626,51974
206076,54864
183459,57804
183459,53046
208626,53160
254004,63136
254004,63540
221610,54290
254004,52620
254436,59776
154404,52620
184635,57522
184635,55632
206442,53160
183459,55632
183459,57522
206991,53386
252066,54290
221610,54864
206076,53046
243954,48298
208626,63136
208626,63540
181203,57522
181203,55632
206442,54290
243954,54290
184635,53386
243954,53386
206991,53160
210441,53046
183390,53386
206076,55632
206076,57522
221610,55632
221610,57522
183459,48298
158274,54864
208626,53046
206442,53386
206076,63360
243954,53160
184488,51316
184488,61540
252066,53386
254436,54290
254436,54864
245868,57522
245868,55632
158274,36720
254436,53046
183459,51316
183390,53046
183459,54290
183459,53386
221610,53046
206442,52620
206442,63540
206442,63136
254436,48298
155031,53046
154404,54290
206991,52620
206991,63540
206991,63136
254436,53386
158274,53046
210441,54864
158274,53160
184488,48298
181203,54290
206076,48298
206076,54290
210441,57522
210441,55632
184488,54290
254436,55632
254436,57522
158274,63360
245868,53046
154404,53386
221610,53386
158274,57522
158274,55632
243954,63360
158274,63136
158274,63540
208626,59776
252066,63360
208626,48298
252066,53160
243954,63540
243954,63136
206076,53386
206076,52620
181203,53386
184488,53386
252066,63136
252066,63540
210441,59776
158274,48298
158274,54290
158274,53386
210441,48298
243954,36720
183459,63360
252066,59776
208626,52620
210441,52620
206076,59776
243954,59776
183459,53160
210441,54290
184488,36720
208626,54290
184488,53160
243954,52620
158274,52620
158274,59776
252066,52620
183459,36720
184488,63360
208626,53386
183459,59776
184488,63540
184488,63136
210441,53386
183459,63540
183459,63136
183459,52620
184488,59776
184488,52620
