61344,11262
212301,11262
163101,11262
171702,11262
211524,11262
183105,11262
25749,11262
210234,11262
230010,11262
187962,11262
230028,11262
188700,11262
183213,11262
210876,11262
165744,11262
220713,11262
165684,11262
206667,11262
190113,11262
206346,11262
206448,11262
206349,11262
206433,11262
253506,11262
249216,11262
250275,11262
251493,11262
206988,11262
212775,11262
206811,11262
206406,11262
206784,11262
207144,11262
206856,11262
213114,11262
206940,11262
225501,11262
206850,11262
215112,11262
212442,11262
241824,11262
251967,11262
249486,11262
65640,11262
206496,11262
206514,11262
206412,11262
158766,11262
209073,11262
72117,11262
242232,11262
238827,11262
206955,11262
206376,11262
195372,11262
230604,11262
220728,11262
192942,11262
229536,11262
241389,11262
205959,11262
191247,11262
182565,11262
234156,11262
232029,11262
206439,11262
232404,11262
153312,11262
244680,11262
252081,11262
206847,11262
242151,11262
198882,11262
154167,11262
129135,11262
212448,11262
88821,11262
165750,11262
203727,11262
221526,11262
246618,11262
242412,11262
210690,11262
72930,11262
199242,11262
72045,11262
235458,11262
235932,11262
210840,11262
166356,11262
175809,11262
248202,11262
187875,11262
194883,11262
155388,11262
204375,11262
235335,11262
66879,11262
208053,11262
201564,11262
203295,11262
173667,11262
222669,11262
206868,11262
207240,11262
248205,11262
211533,11262
204795,11262
203724,11262
184710,11262
211989,11262
224211,11262
164064,11262
172503,11262
213513,11262
208536,11262
232035,11262
207330,11262
183105,34092
183105,56714
186378,11262
211632,11262
190152,11262
183576,11262
72900,11262
192618,11262
165786,11262
207219,11262
230073,11262
62817,11262
210678,11262
249513,11262
223968,11262
203316,11262
68496,11262
233970,11262
208899,11262
248178,11262
154098,11262
162792,11262
128526,11262
60864,11262
160029,11262
208566,11262
129204,11262
246339,11262
195723,11262
215298,11262
182292,11262
250947,11262
157185,34092
157185,56714
223104,11262
243546,11262
247983,11262
211812,11262
245154,11262
238218,11262
186438,11262
211524,56714
211524,34092
163578,11262
77484,11262
128334,11262
212283,11262
206427,34092
206427,56714
176577,11262
164457,11262
223968,34092
223968,56714
157398,11262
210234,34092
210234,56714
206427,11262
224169,11262
188787,11262
229737,11262
208554,11262
208821,11262
227292,11262
157185,11262
217293,11262
72918,11262
204411,11262
229341,11262
234972,11262
234018,11262
225393,11262
242442,11262
212748,11262
251619,11262
230028,56714
230028,34092
206376,34092
206376,56714
157767,11262
225276,11262
188700,62074
186990,11262
166437,11262
198855,11262
197286,11262
250653,11262
154032,11262
211413,11262
249297,11262
187221,11262
187659,34092
187659,56714
228729,11262
208209,11262
166995,11262
248292,11262
222204,11262
251631,11262
165744,62074
210876,62074
238293,11262
176403,34092
212220,34092
212220,56714
176403,56714
243408,11262
252210,11262
203517,11262
224841,11262
198981,34092
198981,56714
225699,11262
229977,11262
68676,11262
209796,11262
182565,56714
182565,34092
154827,11262
72108,11262
165684,62074
207243,11262
154068,11262
232614,11262
251967,34092
251967,56714
211965,11262
234030,11262
247632,11262
206439,56714
206439,34092
224631,11262
212220,11262
176403,11262
230604,62074
220728,56714
220728,34092
209622,11262
154098,62074
187806,11262
164007,11262
248202,56714
248202,34092
207222,11262
196455,11262
249795,11262
200502,11262
166128,56714
166128,34092
163251,34092
163251,56714
191247,62074
163251,11262
207222,56714
207222,34092
253557,56714
253557,34092
177474,56714
177474,34092
210627,11262
190152,34092
190152,56714
227310,11262
153048,11262
128604,11262
232614,56714
232614,34092
211476,56714
211476,34092
225501,56714
225501,34092
252696,11262
155055,11262
198792,11262
188730,11262
154011,11262
187734,11262
203889,11262
199860,11262
192771,11262
229521,11262
59703,11262
251085,11262
223554,11262
210846,11262
205122,11262
198279,11262
205815,11262
173613,11262
128334,34092
128334,56714
240912,11262
212430,11262
206868,34092
206868,56714
209094,11262
25749,56714
25749,34092
217494,11262
61344,56714
61344,34092
250434,56714
250434,34092
162603,11262
177474,11262
231909,11262
198882,56714
242151,34092
198882,34092
242151,56714
183492,11262
183672,11262
162792,56714
162792,34092
226623,11262
189045,11262
236226,11262
211632,34092
211632,56714
198981,11262
177903,11262
184104,11262
188685,11262
228948,11262
226662,11262
210978,11262
166128,11262
88821,62074
165750,62074
210840,34092
235932,56714
235932,34092
210840,56714
244158,11262
154881,11262
188331,11262
181101,11262
234093,11262
210393,11262
232068,1370
232068,62376
253557,11262
183213,34092
183213,56714
198855,34092
198855,56714
209799,11262
153756,11262
172587,11262
176643,11262
176577,56714
176577,34092
204144,11262
164337,11262
154740,11262
184698,11262
250434,11262
194883,34092
194883,56714
72900,56714
72900,34092
172419,11262
230178,11262
245154,56714
245154,34092
238263,11262
249294,11262
153999,11262
128604,56714
128604,34092
247548,11262
208872,11262
247956,11262
194883,1370
194883,62376
248301,11262
187875,1370
187875,62376
164661,11262
201798,11262
72930,34092
72930,56714
211947,11262
212775,62074
178068,11262
212442,34092
212442,56714
160029,34092
160029,56714
234093,56714
210393,56714
234093,34092
210393,34092
249216,34092
251493,34092
251493,56714
249216,56714
253506,34092
253506,56714
252405,11262
250275,56714
250275,34092
206988,34092
206988,56714
153084,11262
206940,34092
206940,56714
153048,56714
153048,34092
248301,56714
248301,34092
206346,56714
206346,34092
206448,34092
206448,56714
208488,34092
208488,56714
250782,11262
211812,56714
211812,34092
243390,11262
65640,34092
65640,56714
205959,34092
205959,56714
227292,56714
227292,34092
232035,56714
232035,34092
153402,11262
64218,11262
212301,62074
154803,11262
187221,34092
187221,56714
206349,56714
206433,56714
206433,34092
206349,34092
214998,11262
244158,56714
244158,34092
25743,56714
25743,34092
241824,56714
241824,34092
167652,11262
232404,56714
232404,34092
164064,56714
164064,34092
187659,11262
212430,56714
212430,34092
212586,11262
242439,11262
211413,56714
211413,34092
199242,56714
72045,56714
72045,34092
199242,34092
205815,56714
205815,34092
238218,34092
238218,56714
187224,11262
191226,11262
157767,56714
157767,34092
204780,11262
232029,56714
232029,34092
217002,11262
201564,56714
203295,56714
203295,34092
201564,34092
224931,11262
238293,34092
238293,56714
249930,11262
154770,11262
159831,11262
207927,11262
249513,34092
249513,56714
203178,62376
203178,1370
211476,11262
187806,56714
187806,34092
65640,62074
221526,34092
210690,56714
221526,56714
210690,34092
206667,62074
225501,62074
250653,56714
227310,34092
227310,56714
197286,56714
250653,34092
197286,34092
212775,56714
212775,34092
192618,62074
214506,11262
157224,11262
252177,62376
252177,1370
203829,1370
203829,62376
252480,11262
25749,62376
25749,1370
203460,62376
203460,1370
186438,56714
186438,34092
211524,62074
206667,56714
206667,34092
226662,56714
226662,34092
211947,56714
211947,34092
211473,11262
232068,11262
212448,56714
212448,34092
205812,11262
203511,1370
203511,62376
234156,34092
234156,56714
208536,56714
208536,34092
184509,11262
204795,56714
204795,34092
203724,34092
203724,56714
210234,62074
154068,56714
154068,34092
222906,11262
154098,56714
154098,34092
183492,56714
183492,34092
230028,62074
224211,56714
224211,34092
244971,34092
244971,56714
72930,62376
72930,1370
206448,62074
203727,62074
182565,62074
64365,11262
230010,62074
236226,56714
236226,34092
164457,56714
164457,34092
208488,11262
208872,56714
208872,34092
206349,62074
206433,62074
224169,34092
224169,56714
209073,34092
209073,56714
187875,34092
187875,56714
207222,57414
246618,34092
242412,56714
246618,56714
242412,34092
175293,11262
210954,11262
210678,34092
210678,56714
212301,56714
212301,34092
210114,11262
229977,34092
229977,56714
241824,62074
249216,62074
250275,62074
251493,62074
253506,62074
206988,62074
198873,11262
199860,56714
223554,56714
210846,56714
192771,56714
203889,34092
229521,34092
203889,56714
205122,34092
223554,34092
59703,34092
192771,34092
59703,56714
199860,34092
205122,56714
251085,56714
210846,34092
229521,56714
251085,34092
61344,62074
209154,11262
245976,11262
166356,56714
166356,34092
225480,11262
206784,56714
207144,56714
206406,34092
206406,56714
206811,34092
207144,34092
206784,34092
206811,56714
220269,11262
182292,1370
182292,62376
249294,34092
238263,34092
238263,56714
249294,56714
203727,34092
203727,56714
215112,34092
215112,56714
211965,34092
234030,56714
234030,34092
211965,56714
64959,11262
211989,56714
211989,34092
201564,62074
203295,62074
203274,1370
203274,62376
197034,1370
197034,62376
154476,11262
222750,11262
204243,11262
195723,56714
195723,34092
222669,34092
222669,56714
188700,1370
188700,62376
210141,11262
229737,1370
229737,62376
208053,34092
208053,56714
232614,62376
232614,1370
250947,56714
250947,34092
241389,62074
211140,51316
220728,62074
129204,56714
208566,34092
129204,34092
246339,34092
246339,56714
208566,56714
64365,56714
64365,34092
206856,62074
251631,34092
251631,56714
184950,11262
192618,1370
192618,62376
252081,56714
252081,34092
242412,62074
246618,62074
213102,11262
184950,56714
184950,34092
241389,56714
241389,34092
77484,1370
77484,62376
230604,1370
230604,62376
192942,56714
192942,34092
165744,1370
210876,1370
210876,62376
165744,62376
244680,1370
244680,62376
245154,62376
245154,1370
186987,56714
186987,34092
211989,62074
208536,62074
61692,57414
235458,34092
235458,56714
206364,11262
234120,11262
154881,62376
154881,1370
178458,11262
236775,11262
209796,62376
209796,1370
210000,11262
205812,34092
205812,56714
247632,56714
247632,34092
165126,11262
253098,11262
61824,11262
173613,34092
173613,56714
153999,34092
153999,56714
61692,62376
61692,1370
72117,56714
72117,34092
249795,34092
208821,34092
196455,56714
196455,34092
208554,56714
208554,34092
200502,56714
200502,34092
249795,56714
208821,56714
244680,34092
244680,56714
156063,11262
208794,34092
208794,56714
208812,34092
208812,56714
212430,62376
212430,1370
210840,62074
235932,62074
154032,56714
154032,34092
208758,56714
219231,34092
208758,34092
219231,56714
239577,11262
173667,34092
173667,56714
25743,11262
163101,34092
163101,56714
206376,62074
229737,34092
229737,56714
228729,56714
228729,34092
211812,62376
211812,1370
191247,1370
191247,62376
128604,62376
128604,1370
183105,62376
183105,1370
208899,34092
208899,56714
203316,62074
210690,62074
221526,62074
213114,62074
249486,62074
206940,62074
203517,62376
203517,1370
189045,34092
189045,56714
204780,34092
204780,56714
208341,62376
203796,1370
208341,1370
203790,62376
203790,1370
203796,62376
188331,56714
188331,34092
203268,1370
203268,62376
196722,62376
196722,1370
172503,56714
172503,34092
206496,62074
158766,62074
206412,62074
206514,62074
234156,62074
208899,62074
236775,34092
236775,56714
246339,62074
129204,62074
208566,62074
166128,62376
166128,1370
198855,62376
198855,1370
213114,34092
213114,56714
181101,62376
181101,1370
205959,1370
205959,62376
176403,62376
176403,1370
212220,1370
212220,62376
68676,56714
68676,34092
210393,57414
234093,57414
232404,62074
194883,62074
233970,34092
233970,56714
244680,62074
206811,62074
207144,62074
206406,62074
206784,62074
240912,62376
240912,1370
61824,56714
61824,34092
182292,62074
176577,62376
176577,1370
184950,1370
184950,62376
154740,62376
154740,1370
154803,1370
154803,62376
225480,56714
225480,34092
154098,1370
154098,62376
206850,62074
204243,62376
204243,1370
198882,62074
242151,62074
232068,56714
232068,34092
213102,34092
213102,56714
225012,11262
248178,62074
208053,62074
250020,62376
96444,62376
96444,1370
250020,1370
227238,1370
227238,62376
225501,1370
225501,62376
176403,57414
212220,57414
187875,62074
206346,62074
177474,1370
177474,62376
186987,11262
187224,34092
187224,56714
198981,62376
198981,1370
251967,62074
198882,57414
242151,57414
207219,34092
207219,56714
175293,56714
175293,34092
72918,1370
72918,62376
217293,62376
217293,1370
203460,34092
203460,56714
182565,1370
182565,62376
186438,62376
186438,1370
186990,56714
186990,34092
211533,62074
183105,57414
162603,56714
162603,34092
208758,11262
219231,11262
211413,62074
157767,62376
157767,1370
184104,62074
252210,34092
252210,56714
212586,62376
212586,1370
187221,62376
187221,1370
203511,34092
203511,56714
248178,34092
248178,56714
203511,11262
186987,1370
186987,62376
195372,57414
252177,56714
252177,34092
184104,62376
184104,1370
210000,62376
210000,1370
205959,62074
192942,62074
232035,62074
162792,1370
162792,62376
229536,56714
229536,34092
207240,62376
207240,1370
188787,34092
188787,56714
203082,11262
203073,11262
238611,11262
203316,56714
203316,34092
209094,56714
209094,34092
175293,62376
175293,1370
243546,34092
243546,56714
247983,56714
247983,34092
62817,56714
62817,34092
183105,62074
68496,34092
68496,56714
234972,62074
229341,62074
234018,62074
72918,34092
217293,56714
72918,56714
217293,34092
181101,34092
181101,56714
220713,62074
195372,34092
195372,56714
248202,62376
248202,1370
216981,11262
250434,62376
250434,1370
203268,11262
196722,11262
204795,62074
203724,62074
154770,34092
154770,56714
250362,62376
250362,1370
249294,57414
238263,57414
212220,63510
176403,63510
183576,56714
183576,34092
153048,1370
153048,62376
186438,57414
211632,62074
167316,1370
167316,62376
225501,57414
66879,56714
66879,34092
72900,59822
72900,1304
217494,62376
217494,1370
242556,11262
252177,11262
77484,56714
77484,34092
172503,62074
222750,1370
222750,62376
166995,34092
166995,56714
186378,62074
207330,62376
207330,1370
217293,62074
72918,62074
165126,34092
253098,34092
253098,56714
165126,56714
198855,62074
249294,63510
238263,63510
207927,56714
207927,34092
190113,56714
190113,34092
209094,62376
209094,1370
166437,56714
166437,34092
163101,62074
230073,34092
230073,56714
206856,34092
206856,56714
165684,62376
165684,1370
72930,57414
208821,62074
208554,62074
252696,62376
252696,1370
154068,62376
154068,1370
211476,62376
211476,1370
207222,1370
207222,62376
186378,1370
186378,62376
203829,34092
203829,56714
221247,57414
210678,62074
241389,62376
241389,1370
240912,56714
240912,34092
72108,34092
72108,56714
153792,11262
249687,11262
128334,1370
128334,62376
207243,34092
207243,56714
250947,62074
229521,62074
251085,62074
223554,62074
199860,62074
59703,62074
210846,62074
205122,62074
192771,62074
203889,62074
243408,62074
249513,62074
62337,51316
154740,34092
154740,56714
212232,11262
128334,62074
163251,1370
163251,62376
182292,56714
182292,34092
206847,62074
248202,57414
203178,11262
252210,62074
242610,34092
242610,56714
211473,56714
211473,34092
164007,62376
164007,1370
244971,57414
204375,1370
204375,62376
161526,11262
208488,57414
184710,1370
184710,62376
197529,56714
197529,34092
240939,56714
240939,34092
187659,1370
187659,62376
224841,1370
224841,62376
154167,34092
154167,56714
212775,1370
212775,62376
60864,62074
249486,34092
249486,56714
209796,56714
209796,34092
222204,62376
222204,1370
186990,1370
186990,62376
204762,11262
227670,11262
203133,11262
238611,56714
203073,56714
203073,34092
203082,56714
238611,34092
203082,34092
244158,62376
244158,1370
240939,57414
209622,62074
230073,62376
230073,1370
129135,34092
129135,56714
232029,57414
215298,57414
128526,34092
128526,56714
205812,62376
205812,1370
204411,56714
204411,34092
244971,63510
153312,62074
230010,62376
230010,1370
129081,11262
242619,11262
183105,63510
220269,57414
221247,34092
221247,56714
234018,56714
234972,34092
229341,34092
229341,56714
234018,34092
234972,56714
204228,11262
210690,57414
221526,57414
240912,62074
210141,34092
210141,56714
60864,1370
60864,62376
212442,62074
200964,11262
195372,63510
176577,62074
252480,56714
252480,34092
203178,34092
203178,56714
189045,62376
189045,1370
250362,11262
187659,57414
165750,1370
165750,62376
88821,62376
88821,1370
227310,57414
197286,57414
250653,57414
223728,34092
223728,56714
207264,11262
238263,62074
249294,62074
62817,62376
62817,1370
222204,34092
222204,56714
225480,57414
72561,11262
225699,1370
225699,62376
183213,62074
225480,1370
225480,62376
154881,34092
154881,56714
208053,1370
208053,62376
249687,56714
249687,34092
224931,1370
224931,62376
225012,56714
225012,34092
62337,57414
211140,57414
211947,57414
225276,34092
225276,56714
203460,11262
172587,62074
176643,62074
245154,62074
192159,11262
203274,34092
203268,34092
203268,56714
196722,56714
196722,34092
203274,56714
197034,56714
197034,34092
209793,11262
238293,57414
186438,62074
242439,1370
242439,62376
209073,62074
222669,62074
251631,62074
187734,34092
154011,34092
188730,34092
188730,56714
187734,56714
154011,56714
198882,63510
242151,63510
242856,57414
203700,57414
196845,57414
247260,57414
202638,57414
203517,56714
203517,34092
186882,11262
225012,62074
210114,34092
210114,56714
198279,56714
198279,34092
172419,56714
172419,34092
234018,1304
234018,59822
234972,1304
229341,59822
234972,59822
229341,1304
183672,62376
183672,1370
64365,62376
64365,1370
153312,34092
153312,56714
206847,62376
206847,1370
162792,62074
252696,56714
252696,34092
175809,1370
175809,62376
238293,62376
238293,1370
164661,62376
164661,1370
242232,34092
238827,56714
206955,56714
238827,34092
242232,56714
206955,34092
248202,62074
183105,30500
183105,33886
183105,50718
183105,63538
154560,11262
184509,62376
184509,1370
212586,57414
160029,57414
246618,57414
242412,57414
154827,57414
207243,1370
207243,62376
229977,62376
229977,1370
248796,11262
61824,57414
199860,57414
229521,57414
205122,57414
251085,57414
223554,57414
192771,57414
203889,57414
210846,57414
59703,57414
203796,34092
208341,56714
208341,34092
203796,56714
253557,62074
154032,62376
154032,1370
215298,56714
215298,34092
61824,63510
187962,62376
187962,1370
224169,1370
224169,62376
228729,1370
228729,62376
203274,11262
197034,11262
128538,57414
225012,62376
225012,1370
196845,1370
196845,62376
68676,62376
68676,1370
202638,11262
208092,56714
208092,34092
203727,59822
203727,1304
181101,57414
157767,57414
211812,62074
156063,1370
156063,62376
206850,56714
206850,34092
253557,62376
253557,1370
211989,59822
211989,1304
196455,62074
249795,62074
200502,62074
248205,56714
248205,34092
154827,62376
154827,1370
225276,62074
214506,56714
214506,34092
209796,63510
167652,34092
167652,56714
250020,34092
96444,56714
250020,56714
96444,34092
61692,11262
72930,62074
203700,1370
203700,62376
242856,1370
242856,62376
173613,62376
173613,1370
250947,57414
243408,62376
243408,1370
234120,34092
234120,56714
247956,62074
209796,57414
154803,56714
154803,34092
208209,34092
208209,56714
249297,56714
249297,34092
129081,62074
242619,62074
187221,62074
187806,57414
164007,62074
246804,11262
209880,11262
154551,11262
25749,62074
65640,1370
65640,62376
226623,62074
172503,1370
172503,62376
203511,57414
245976,62376
245976,1370
207330,62074
184104,34092
184104,56714
66879,62074
203073,62376
203073,1370
227670,62376
204762,1370
203133,62376
204762,62376
227670,1370
203133,1370
197286,62074
250653,62074
204228,62376
204228,1370
210000,56714
210000,34092
245976,34092
245976,56714
25749,57414
206439,62074
157224,56714
157224,34092
197529,1370
197529,62376
163578,34092
163578,56714
128334,57414
185067,11262
154473,11262
217380,62376
203259,62376
217380,1370
203259,1370
201798,1370
201798,62376
192159,62376
192159,1370
160029,62074
206412,56714
206496,34092
158766,34092
206514,34092
206412,34092
158766,56714
206496,56714
206514,56714
242619,56714
242619,34092
129081,56714
129081,34092
61344,62376
61344,1370
196845,11262
234120,62074
252177,57414
248292,1370
248292,62376
61692,56714
61692,34092
164064,1370
164064,62376
64218,34092
64218,56714
224931,56714
224931,34092
154167,1370
154167,62376
198792,56714
198792,34092
204144,34092
204144,56714
210954,1370
210954,62376
207927,62376
207927,1370
247632,62376
247632,1370
172419,1370
172419,62376
201798,34092
201798,56714
163578,57414
211473,62376
211473,1370
203790,34092
203790,56714
233970,62376
233970,1370
61344,63538
61344,30500
61344,50718
61344,33886
248202,63510
234030,62074
211965,62074
227670,56714
227670,34092
204762,56714
203133,34092
203133,56714
204762,34092
190113,62074
250362,56714
250362,34092
187386,56714
187386,34092
164007,56714
164007,34092
232035,1304
232035,59822
176643,34092
172587,56714
176643,56714
172587,34092
208536,1304
208536,59822
215298,1370
215298,62376
214998,62376
214998,1370
188787,57414
177474,62074
179853,56714
179853,34092
202638,1370
202638,62376
247974,11262
252081,62074
184674,11262
216822,11262
154827,56714
154827,34092
248205,62376
248205,1370
227238,56714
227238,34092
203460,57414
220713,62376
220713,1370
204144,1370
204144,62376
214998,57414
201564,1304
203295,59822
201564,59822
203295,1304
204780,62376
204780,1370
242151,59822
198882,59822
198882,1304
242151,1304
227292,1370
227292,62376
204780,57414
211632,1370
211632,62376
247956,62376
247956,1370
128526,62376
128526,1370
164337,1370
164337,62376
203142,1370
203142,62376
154770,1370
154770,62376
235335,34092
235335,56714
190113,1370
190113,62376
225699,34092
225699,56714
171702,1370
171702,62376
210141,62376
210141,1370
211524,33886
211524,30500
211524,50718
211524,63538
211140,60
155055,1370
155055,62376
172419,57414
234093,63510
210393,63510
212586,56714
212586,34092
252480,1370
252480,62376
165786,62376
165786,1370
212232,62376
212232,1370
178458,56714
178458,34092
25743,1370
25743,62376
188685,62376
188685,1370
250020,11262
96444,11262
215112,62074
248292,56714
248292,34092
184710,62074
196722,62074
203268,62074
252405,1370
252405,62376
208872,57414
61824,1370
61824,62376
203277,11262
203454,11262
248013,11262
248250,11262
250977,11262
128538,56714
128538,34092
251631,57414
208341,11262
203796,11262
164457,62074
183366,57414
214998,34092
214998,56714
210234,30500
210234,33886
210234,50718
210234,63538
157224,62074
187224,1370
187224,62376
203142,56714
203142,34092
216822,1370
216822,62376
177903,1370
177903,62376
207222,63510
198981,62074
206940,57414
175809,57414
204375,62074
203829,11262
183105,54096
186882,62376
186882,1370
205959,57414
230604,56714
230604,34092
211140,56714
62337,56714
62337,34092
211140,34092
171702,34092
171702,56714
211947,62074
231909,62074
157185,1370
157185,62376
207927,57414
204762,62074
227670,62074
203133,62074
206427,62074
129081,1370
242619,1370
242619,62376
129081,62376
203082,62376
203082,1370
238611,1370
238611,62376
154779,56714
154779,34092
175809,56714
175809,34092
231909,56714
231909,34092
232614,62074
167652,1370
167652,62376
188700,16358
201798,62074
223968,62376
223968,1370
251085,63510
192771,63510
199860,63510
223554,63510
59703,63510
203889,63510
205122,63510
229521,63510
210846,63510
203700,11262
242856,11262
208053,57414
250947,1304
250947,59822
157224,62376
157224,1370
188700,56714
188700,34092
220269,56714
220269,34092
64218,1370
64218,62376
238293,62074
176643,1370
176643,62376
172587,1370
172587,62376
212448,57414
243546,57414
247983,57414
230028,63538
230028,30500
230028,33886
230028,50718
249513,1304
249513,59822
187659,62074
242439,62074
230073,62074
232035,57414
253098,62074
165126,62074
154068,62074
208554,57414
249795,57414
208821,57414
200502,57414
196455,57414
209799,34092
209799,56714
248301,1370
248301,62376
243408,56714
243408,34092
182565,57414
192618,16358
224841,56714
224841,34092
72117,63510
217380,34092
203259,34092
217380,56714
203259,56714
25749,63510
68496,1370
68496,62376
153048,62074
210690,63510
221526,63510
227238,11262
211965,57414
234030,57414
223728,11262
179853,57414
187962,56714
187962,34092
227310,62074
213102,1370
213102,62376
212232,34092
212232,56714
165744,16358
210876,16358
249297,1370
249297,62376
247632,57414
191247,56714
191247,34092
167316,11262
198792,62376
198792,1370
203790,11262
156063,62074
210876,34092
165744,56714
165744,34092
210876,56714
204243,56714
204243,34092
164337,56714
164337,34092
226662,1370
226662,62376
232068,62074
205815,62074
211413,57414
203142,62074
208899,1304
208899,59822
203724,1304
204795,59822
204795,1304
203724,59822
206868,62074
163251,62074
209799,62376
209799,1370
166356,1370
166356,62376
244158,62074
166128,57414
212448,62074
162603,62074
224169,57414
192159,56714
192159,34092
231909,62376
231909,1370
154167,62074
251967,57414
128604,62074
245154,59822
245154,1304
153999,62074
205815,1370
205815,62376
154032,62074
204780,62074
210678,57414
164457,57414
247260,56714
247260,34092
165684,56714
165684,34092
194883,57414
224631,62376
224631,1370
187734,1370
154011,1370
188730,62376
188730,1370
154011,62376
187734,62376
166437,1370
166437,62376
206346,63510
227310,63510
242556,62376
242556,1370
68676,62074
224841,62074
207240,62074
203316,1304
203316,59822
163578,62376
163578,1370
203259,11262
217380,11262
198873,62376
198873,1370
203277,57414
248013,57414
203454,57414
248250,57414
242412,1304
246618,59822
242412,59822
246618,1304
203178,57414
209154,62074
235458,1370
235458,62376
25749,63538
25749,33886
25749,50718
25749,30500
223968,62074
164457,62376
164457,1370
188331,62376
188331,1370
210393,59822
234093,1304
210393,1304
234093,59822
248178,1304
248178,59822
245976,57414
159831,62376
159831,1370
187806,62376
187806,1370
155388,62376
155388,1370
250977,1370
250977,62376
64959,34092
64959,56714
209154,62376
209154,1370
206346,33886
206346,63538
206346,30500
206346,50718
251967,63538
251967,50718
251967,33886
251967,30500
217380,62074
203259,62074
209799,57414
243390,1370
243390,62376
246339,59822
129204,59822
129204,1304
208566,1304
246339,1304
208566,59822
246339,57414
203316,57414
208566,57414
129204,57414
211476,62074
212448,63510
212220,62074
176403,62074
187221,59822
187221,1304
196845,56714
196845,34092
203142,11262
211812,1304
211812,59822
250434,59822
250434,1304
207240,56714
207240,34092
224631,56714
224631,34092
157185,1304
157185,59822
188787,1370
188787,62376
253557,57414
234120,1370
234120,62376
160029,59822
160029,1304
232068,59822
232068,1304
242856,56714
203700,34092
242856,34092
203700,56714
61692,63510
235458,62074
166437,62074
197529,11262
212442,33886
212442,30500
212442,50718
212442,63538
190152,62074
184674,1370
184674,62376
177474,57414
183672,56714
183672,34092
210954,56714
210954,34092
220713,34092
220713,56714
208341,57414
203790,57414
203796,57414
212232,62074
203268,57414
189045,57414
188685,56714
188685,34092
198855,1304
198855,59822
230010,56714
230010,34092
183213,30500
183213,63538
183213,50718
183213,33886
187962,62074
207243,62074
213513,62074
232029,62074
207330,16358
185067,62376
154473,1370
154473,62376
185067,1370
238827,57414
242232,57414
206955,57414
224211,62376
224211,1370
206376,30500
206376,50718
206376,63538
206376,33886
204780,63510
197034,62074
203274,62074
206940,50718
206940,63538
206940,30500
206940,33886
165786,56714
165786,34092
204411,62074
72045,1370
72045,62376
88821,56714
88821,34092
165750,34092
165750,56714
246618,63510
242412,63510
209073,1370
209073,62376
208758,62074
219231,62074
212586,63510
247260,63510
212283,62074
221247,63510
225480,62074
154770,57414
248550,1370
219522,1370
248550,62376
219522,62376
203829,57414
171702,62074
72930,63510
183366,34092
183366,56714
128526,62074
221526,59822
210690,59822
210690,1304
221526,1304
217494,62074
154068,57414
183105,57804
206955,62074
238827,62074
242232,62074
222204,62074
230604,1304
230604,59822
203511,62074
206847,56714
206847,34092
160029,63510
206940,63510
154167,57414
215112,63510
203277,62376
248250,62376
248013,62376
203454,1370
248250,1370
248013,1370
203454,62376
203277,1370
173667,62376
173667,1370
176577,1304
176577,59822
247983,63510
243546,63510
186990,62074
210678,1304
210678,59822
248550,34092
248550,56714
219522,56714
219522,34092
202638,34092
202638,56714
213114,57414
252081,63510
188700,1304
188700,59822
248292,62074
199242,1370
199242,62376
157398,56714
157398,34092
153084,56714
153084,34092
225393,62074
251619,62074
212748,62074
242442,62074
209094,62074
236775,1370
236775,62376
250653,63510
197286,63510
183672,62074
224931,62074
206346,57414
212448,63538
212448,50718
212448,33886
212448,30500
204411,57414
204243,62074
228729,62074
247956,34092
247956,56714
247632,62074
203295,57414
201564,57414
209094,57414
177474,1304
177474,59822
212430,1304
212430,59822
68496,62074
199242,30500
72045,50718
199242,33886
72045,30500
199242,50718
72045,33886
199242,63538
72045,63538
166356,57414
72117,62074
184698,1370
184698,62376
238263,59822
238263,1304
249294,59822
249294,1304
239577,1370
239577,62376
77484,57414
165726,11262
245976,62074
166995,62376
166995,1370
250362,62074
175809,63510
249930,62376
249930,1370
184698,62074
164064,57414
212220,54096
176403,54096
225276,62376
225276,1370
165126,1304
165126,59822
253098,1304
253098,59822
248205,62074
62337,60
210114,1304
210114,59822
243390,34092
243390,56714
72117,30500
72117,50718
72117,33886
72117,63538
165684,16358
250782,62376
250782,1370
191247,59822
191247,1304
61344,63510
210876,1304
210876,59822
165744,1304
165744,59822
224631,62074
175809,62074
166128,59822
166128,1304
72117,62376
72117,1370
207219,62074
72900,62376
72900,1370
159831,57414
172419,62074
25749,59822
25749,1304
242610,57414
213102,62074
155388,57414
207219,1370
207219,62376
212430,62074
165786,57414
219522,11262
248550,11262
187875,1304
187875,59822
196845,63510
203700,63510
242856,63510
61824,62074
128526,57414
229737,62074
209793,56714
209793,34092
183105,124
203517,62074
154881,62074
184950,1304
184950,59822
249297,62074
162792,57414
194883,1304
194883,59822
247974,62376
247974,1370
224211,57414
166437,57414
207144,57414
206784,57414
206406,57414
206811,57414
183576,62074
165684,1304
165684,59822
207222,54096
188685,62074
211632,1304
211632,59822
216822,56714
216822,34092
183213,1370
183213,62376
153999,62376
153999,1370
203796,62074
208341,62074
208812,11262
208794,11262
198981,59822
198981,1304
229536,63510
214998,62074
252210,57414
215298,63510
211965,59822
234030,59822
211965,1304
234030,1304
199242,57414
210627,1370
210627,62376
210627,56714
210627,34092
195372,62074
252405,56714
252405,34092
232614,1304
232614,59822
153756,1370
153756,62376
229341,62376
229341,1370
234972,62376
234972,1370
234018,62376
234018,1370
241389,59822
241389,1304
192942,57414
223104,63510
219522,62074
248550,62074
192159,62074
154560,62376
154560,1370
244971,49888
244971,62860
244971,62944
187386,57414
206364,56714
206364,34092
198855,57414
66879,62376
66879,1370
211947,63510
212775,57414
64365,62074
154098,1304
154098,59822
250362,57414
247983,63538
247983,30500
243546,50718
247983,50718
243546,33886
243546,30500
243546,63538
247983,33886
252081,57414
220728,50718
220728,63538
220728,30500
220728,33886
215112,50718
215112,30500
215112,33886
215112,63538
250947,63510
230073,57414
236226,1370
236226,62376
235335,33886
235335,63538
235335,30500
235335,50718
153312,62376
153312,1370
235335,63510
155388,34092
155388,56714
183492,1370
183492,62376
164661,34092
164661,56714
160029,1370
160029,62376
204411,62376
204411,1370
203790,63510
208341,63510
203796,63510
227238,57414
96444,57414
250020,57414
243390,57414
247548,62074
208209,1370
208209,62376
61344,57414
211524,57414
187659,1304
187659,59822
154476,1370
154476,62376
232035,63510
208536,57414
159831,34092
159831,56714
252696,62074
198981,57414
207222,50274
224211,33886
224211,30500
224211,50718
224211,63538
203274,57414
196722,57414
197034,57414
250362,16358
173613,62074
177903,34092
177903,56714
236226,57414
229536,63538
229536,30500
229536,33886
229536,50718
184509,56714
184509,34092
211413,59822
211413,1304
225501,63510
153756,34092
153756,56714
163251,59822
163251,1304
183492,57414
251967,63510
220269,1370
220269,62376
156063,34092
156063,56714
212283,34092
212283,56714
248205,57414
229737,57414
229737,1304
229737,59822
223968,33886
223968,50718
223968,30500
223968,63538
222204,57414
195372,63538
195372,30500
195372,50718
195372,33886
173667,57414
203829,62074
238218,62074
248202,63538
248202,50718
248202,33886
248202,30500
207243,57414
210234,57414
72045,57414
191226,62376
191226,1370
155055,34092
155055,56714
162792,59822
162792,1304
128538,63510
187224,62074
214506,62074
178068,62376
178068,1370
72930,33886
72930,30500
72930,50718
72930,63538
205812,1304
205812,59822
72045,63510
203790,62074
252177,62074
220269,63510
204375,34092
204375,56714
209622,1370
209622,62376
233970,62074
199242,63510
252210,59822
252210,1304
251631,63510
211524,63510
209154,56714
209154,34092
129135,1370
129135,62376
244158,59822
244158,1304
226623,34092
226623,56714
247548,62376
247548,1370
211476,59822
211476,1304
208758,57414
219231,57414
250782,62074
182565,59822
182565,1304
212232,63510
154881,57414
248301,62074
208209,62074
227292,62074
203460,63510
157398,62376
157398,1370
210954,62074
242130,57414
250977,56714
250977,34092
212748,56714
242442,56714
225393,34092
225393,56714
212748,34092
251619,34092
242442,34092
251619,56714
187875,57414
195723,62376
195723,1370
242151,30500
198882,63538
198882,50718
242151,50718
242151,63538
198882,30500
198882,33886
242151,33886
252480,62074
154770,62074
229977,62074
153402,62074
203178,63510
62817,57414
213885,11262
215298,62074
154032,57414
249930,56714
249930,34092
210234,63510
229536,62376
229536,1370
211812,57414
249930,62074
187806,62074
225480,63510
61824,30500
61824,33886
61824,50718
61824,63538
230028,57414
226662,62074
229536,62074
206364,63538
206364,50718
206364,33886
206364,30500
72108,62074
203178,62074
230178,1370
230178,62376
238293,63510
212283,62376
212283,1370
211473,62074
62817,63510
207264,56714
207264,34092
183576,1370
183576,62376
198279,1370
198279,62376
72108,1304
72108,59822
202638,63510
224211,63510
239577,56714
239577,34092
210978,62376
210978,1370
216822,63510
206439,30500
206439,63538
206439,50718
206439,33886
208758,59822
219231,1304
208758,1304
219231,59822
252081,30500
252081,63538
252081,33886
252081,50718
238218,62376
238218,1370
186987,57414
242439,34092
242439,56714
72561,62376
72561,1370
250020,62074
96444,62074
154011,62074
187734,62074
188730,62074
60864,34092
60864,56714
249294,63538
238263,63538
249294,30500
249294,33886
238263,30500
238263,33886
249294,50718
238263,50718
182292,1304
182292,59822
211476,57414
195723,62074
153084,62074
157767,62074
203727,62376
203727,1370
206376,57414
128604,57414
252696,57414
206439,59822
206439,1304
209880,1370
209880,62376
246804,62376
154551,1370
246804,1370
154551,62376
225012,57414
207222,62074
60864,16358
154740,62074
212430,57414
64365,59822
64365,1304
59703,1304
205122,59822
210846,1304
223554,59822
229521,1304
251085,59822
210846,59822
205122,1304
251085,1304
192771,59822
203889,59822
59703,59822
199860,59822
223554,1304
192771,1304
199860,1304
203889,1304
229521,59822
244680,1304
244680,59822
222750,62074
229977,57414
188331,57414
199242,62074
72045,62074
212442,63510
207240,57414
230028,63510
206427,62376
206427,1370
165750,1304
165750,59822
88821,59822
88821,1304
153402,1370
153402,62376
209796,62074
210141,62074
242619,63510
235458,57414
244680,57414
206667,1304
206667,59822
183366,63510
222669,63510
228729,59822
228729,1304
211989,1370
211989,62376
238218,30500
238218,33886
238218,63538
238218,50718
225699,62074
210978,56714
210978,34092
184698,56714
184698,34092
166356,50718
166356,33886
166356,30500
166356,63538
166995,62074
190113,57414
153048,59822
153048,1304
212301,59822
212301,1304
61692,62074
62817,30500
62817,63538
62817,50718
62817,33886
245154,57414
212586,62074
72918,1304
217293,1304
72918,59822
217293,59822
210000,62074
68676,59822
68676,1304
195723,59822
195723,1304
175293,57414
220713,63510
72900,62074
207927,62074
222906,1370
222906,62376
189045,62074
184509,62074
64218,62074
72117,57414
212301,63538
212301,33886
212301,50718
212301,30500
241824,1304
241824,59822
196455,63510
200502,63510
249795,63510
214506,62376
214506,1370
186987,59822
186987,1304
224931,57414
224631,57414
157185,57414
223104,50718
223104,63538
223104,30500
223104,33886
177903,62074
165786,62074
203454,34092
248250,34092
203277,56714
248250,56714
248013,56714
248013,34092
203454,56714
203277,34092
229536,57414
206847,1304
206847,59822
187221,57414
203517,57414
208488,63510
243390,63510
215112,57414
206784,1304
206406,59822
207144,59822
207144,1304
206784,59822
206811,59822
206811,1304
206406,1304
209799,62074
206427,59822
206427,1304
217002,56714
217002,34092
191226,62074
212301,57414
192618,59822
192618,1304
210954,57414
249486,50718
249486,63538
249486,33886
249486,30500
234030,63510
211965,63510
128604,1304
128604,59822
190152,63538
190152,50718
190152,30500
190152,33886
216822,62074
227238,62074
250434,62074
186378,16358
208092,57414
213102,59822
213102,1304
173667,33886
173667,50718
173667,63538
173667,30500
157767,63510
203268,63510
202638,62860
202638,62944
202638,49888
236775,62074
164064,1304
164064,59822
153792,1370
153792,62376
183576,1304
183576,59822
153048,57414
188787,63510
183576,50718
183576,63538
183576,30500
183576,33886
211632,57414
187806,63510
217002,62376
217002,1370
253506,1304
249216,1304
253506,59822
251493,59822
249216,59822
251493,1304
225501,59822
225501,1304
175293,1304
175293,59822
65640,57414
222669,63538
222669,30500
222669,50718
222669,33886
186990,57414
167652,62074
227292,57414
154803,62074
164064,30500
164064,33886
164064,50718
164064,63538
64218,57414
161526,56714
161526,34092
77484,63510
167316,34092
167316,56714
249513,57414
224211,62074
207222,63538
207222,33886
207222,30500
207222,50718
25749,10652
206448,59822
206448,1304
211473,59822
211473,1304
212442,57414
248292,57414
173613,1304
173613,59822
178068,34092
178068,56714
217002,62074
244158,57414
72930,59822
72930,1304
164661,59822
164661,1304
72900,57414
205812,62074
190152,57414
206868,50718
206868,30500
206868,33886
206868,63538
129135,62074
176403,49888
176403,62860
212220,49888
176403,62944
212220,62860
212220,62944
239577,62074
204228,62074
211413,63510
206433,1304
206433,59822
206349,1304
206349,59822
161526,1370
161526,62376
206988,59822
206988,1304
250275,1304
250275,59822
192942,1304
192942,59822
210114,62074
197529,62074
155388,63510
154032,59822
154032,1304
221247,1370
221247,62376
153084,1370
153084,62376
206868,1304
206868,59822
206412,59822
158766,1304
206514,1304
158766,59822
206496,59822
206412,1304
206496,1304
206514,59822
215112,1370
215112,62376
25749,35732
25749,56696
156063,1304
156063,59822
163101,1370
163101,62376
203790,16358
203796,16358
208341,16358
77484,30500
77484,33886
77484,50718
77484,63538
212220,30500
176403,63538
176403,30500
176403,50718
212220,33886
212220,50718
176403,33886
212220,63538
252177,63510
206439,1370
206439,62376
209622,34092
209622,56714
190113,63510
198882,1370
242151,1370
242151,62376
198882,62376
184509,57414
210141,1304
210141,59822
208872,59822
208872,1304
223104,34092
223104,56714
128334,1304
128334,59822
252480,59822
252480,1304
160029,63538
160029,50718
160029,30500
160029,33886
183213,63510
64959,62376
64959,1370
188787,62074
232035,62376
232035,1370
234156,1304
234156,59822
247983,62074
243546,62074
186990,59822
186990,1304
242130,56714
242130,34092
203517,63510
223968,57414
188787,50718
188787,63538
188787,30500
188787,33886
209094,1304
209094,59822
211533,1370
211533,62376
186378,56714
186378,34092
210840,62376
210840,1370
235932,1370
235932,62376
210627,57414
154881,59822
154881,1304
183492,62074
204144,62074
203511,63510
153792,56714
153792,34092
253557,63510
210678,63510
210978,63510
153756,62074
210978,62074
242232,63510
238827,63510
206955,63510
216822,16358
208812,1304
208812,59822
208794,1304
208794,59822
164337,62074
204243,1304
204243,59822
187224,59822
187224,1304
77484,62074
129081,63510
206847,57414
214506,57414
183105,62944
183105,62860
183105,49888
182292,57414
216822,57414
176577,57414
216981,34092
216981,56714
244971,30500
244971,50718
244971,33886
244971,63538
235335,1370
235335,62376
185067,34092
154473,34092
185067,56714
154473,56714
198279,63538
198279,33886
198279,50718
198279,30500
230178,56714
230178,34092
236226,62074
25743,33886
25743,63538
25743,30500
25743,50718
155055,57414
128526,63510
224169,63538
224169,50718
224169,33886
224169,30500
209154,59822
209154,1304
212775,1304
212775,59822
154770,59822
154770,1304
207240,63510
184674,62074
62817,62074
210000,1304
210000,59822
154827,62074
210393,63538
234093,50718
234093,63538
210393,50718
234093,33886
210393,33886
234093,30500
210393,30500
183105,1304
183105,59822
172503,59822
172503,1304
208554,63510
208821,63510
206955,30500
238827,30500
206955,50718
238827,50718
242232,63538
206955,63538
238827,63538
242232,50718
242232,33886
242232,30500
206955,33886
238827,33886
227292,1304
227292,59822
210000,57414
210846,63538
251085,63538
229521,33886
192771,63538
229521,30500
229521,63538
229521,50718
199860,33886
205122,63538
192771,30500
251085,50718
199860,50718
199860,30500
210846,30500
223554,30500
223554,33886
205122,50718
205122,33886
59703,30500
251085,33886
205122,30500
59703,63538
223554,50718
59703,33886
59703,50718
199860,63538
223554,63538
210846,50718
192771,33886
203889,63538
203889,33886
251085,30500
203889,30500
192771,50718
203889,50718
210846,33886
154779,57414
195372,62376
195372,1370
206376,63510
210840,59822
235932,59822
235932,1304
210840,1304
183105,56696
183105,35732
206406,63538
207144,63538
206784,30500
206406,33886
206784,33886
206811,63538
206811,30500
206406,30500
206811,33886
206784,63538
206811,50718
207144,33886
206406,50718
206784,50718
207144,50718
207144,30500
206868,57414
210393,62074
234093,62074
194883,33886
194883,50718
194883,30500
194883,63538
209799,63510
206850,59822
206850,1304
204144,57414
208488,59822
208488,1304
222669,57414
187962,16358
157185,62074
208488,1370
208488,62376
157767,63538
157767,33886
157767,30500
157767,50718
240912,59822
240912,1304
221526,63538
221526,50718
221526,33886
221526,30500
210690,63538
210690,33886
210690,30500
210690,50718
197286,59822
250653,1304
197286,1304
250653,59822
190152,1304
190152,59822
164337,57414
225501,33886
225501,50718
225501,63538
225501,30500
65640,1304
65640,59822
163578,62074
210114,1370
210114,62376
244971,50274
203178,33886
203178,63538
203178,50718
203178,30500
163101,59822
163101,1304
154476,34092
154476,56714
211524,1304
211524,59822
228948,56714
228948,34092
232404,62376
232404,1370
203277,63510
203454,63510
248250,63510
248013,63510
238263,62860
249294,62944
238263,49888
249294,49888
238263,62944
249294,62860
207144,63510
206784,63510
206811,63510
206406,63510
195723,50718
195723,30500
195723,33886
195723,63538
213114,59822
213114,1304
187659,50274
154068,1304
154068,59822
203073,62074
208872,63510
211533,56714
211533,34092
249513,1370
249513,62376
205959,1304
205959,59822
196845,62074
242856,62074
203700,62074
204228,34092
204228,56714
206667,63538
206667,50718
206667,30500
206667,33886
198873,57414
232035,63538
232035,30500
232035,33886
232035,50718
165726,34092
165726,56714
206427,63538
206427,30500
206427,50718
206427,33886
212301,63510
154167,63510
185067,62074
154473,62074
242610,63510
233970,59822
233970,1304
203517,59822
203517,1304
208812,57414
208794,57414
252696,59822
252696,1304
66879,59822
66879,1304
203724,57414
204795,57414
210234,59822
210234,1304
163578,63510
203268,16358
196722,16358
230028,59822
230028,1304
184710,16358
229977,63510
166356,1304
166356,59822
61344,62860
61344,49888
61344,62944
203295,63510
201564,63510
186438,59822
186438,1304
211524,62376
211524,1370
186882,34092
186882,56714
230604,16358
235335,57414
198279,57414
228948,62074
232404,59822
232404,1304
223968,59822
223968,1304
154803,1304
154803,59822
154827,63510
157398,62074
189045,63510
220728,59822
220728,1304
220728,63510
207330,57414
203178,59822
203178,1304
192618,34092
192618,56714
171702,57414
220713,1304
220713,59822
253098,57414
165126,57414
183672,59822
183672,1304
163101,50718
163101,63538
163101,33886
163101,30500
206376,1370
206376,62376
222906,56714
222906,34092
207222,124
190113,63538
190113,33886
190113,50718
190113,30500
210234,62376
210234,1370
225699,57414
186438,63510
183105,10652
203460,62074
232029,63538
232029,30500
232029,33886
232029,50718
227310,1304
227310,59822
225276,59822
225276,1304
224169,1304
224169,59822
214998,63510
72108,62376
72108,1370
222750,57414
205815,57414
184710,56714
184710,34092
154098,57414
191247,16358
183105,48298
224931,59822
224931,1304
246339,63510
203316,63510
208566,63510
129204,63510
205815,59822
205815,1304
172503,57414
165726,1370
165726,62376
223728,57414
253506,50718
251493,63538
249216,50718
253506,63538
251493,33886
251493,30500
253506,33886
249216,33886
249216,63538
249216,30500
253506,30500
251493,50718
77484,59822
77484,1304
163251,57414
155388,62074
154068,63510
208554,59822
208821,59822
208554,1304
208821,1304
206988,63538
250275,30500
250275,50718
250275,63538
206988,30500
206988,33886
206988,50718
250275,33886
167652,57414
208209,59822
208209,1304
172419,63510
210393,49888
234093,62860
234093,62944
210393,62944
210393,62860
234093,49888
232614,57414
166128,62074
154740,1304
154740,59822
198792,62074
203724,33886
204795,30500
203724,50718
203724,30500
204795,63538
203724,63538
204795,33886
204795,50718
223728,62074
249930,59822
249930,1304
206448,62376
206448,1370
154803,57414
61344,1304
61344,59822
251631,1304
251631,59822
206448,33886
206448,50718
206448,63538
206448,30500
248205,63510
192942,63510
241389,57414
163251,30500
163251,50718
163251,63538
163251,33886
238218,57414
211533,16358
206856,1304
206856,59822
213114,30500
213114,50718
213114,63538
213114,33886
209073,59822
209073,1304
249513,33886
249513,30500
249513,50718
249513,63538
236775,57414
236226,63510
181101,63510
204243,57414
154167,1304
154167,59822
157185,63538
157185,33886
157185,30500
157185,50718
192942,50718
192942,63538
192942,33886
192942,30500
183492,63510
239577,59822
239577,1304
207330,34092
207330,56714
227292,30500
227292,63538
227292,33886
227292,50718
203274,63510
197034,63510
196722,63510
213114,63510
164457,1304
164457,59822
240939,63510
182565,63510
165684,57414
188700,35846
206988,62376
250275,1370
250275,62376
206988,1370
206349,62376
206433,1370
206349,1370
206433,62376
235458,63510
157398,57414
250362,63510
206433,50718
206433,63538
206349,63538
206433,30500
206349,50718
206349,33886
206349,30500
206433,33886
230073,63510
153999,1304
153999,59822
209073,63538
209073,50718
209073,30500
209073,33886
153792,62074
154740,57414
220728,57414
203829,59822
203829,1304
206667,57414
222750,56714
222750,34092
249687,1370
249687,62376
247260,62376
247260,1370
241824,1370
241824,62376
207219,33886
207219,50718
207219,30500
207219,63538
216981,1370
216981,62376
68676,57414
184698,59822
184698,1304
184104,57414
191226,56714
191226,34092
250653,63538
197286,63538
197286,50718
227310,30500
197286,30500
197286,33886
227310,33886
227310,50718
250653,33886
227310,63538
250653,50718
250653,30500
209796,54096
190113,1304
190113,59822
60864,1304
60864,59822
224169,63510
232029,62376
232029,1370
248301,1304
248301,59822
153999,57414
248301,57414
208758,63510
219231,63510
198981,33886
198981,50718
198981,63538
198981,30500
129081,57414
242619,57414
188331,62074
238611,62074
203082,62074
234156,1370
234156,62376
223728,59822
223728,1304
246618,50718
242412,50718
242412,33886
246618,33886
242412,30500
246618,30500
242412,63538
246618,63538
241824,30500
241824,63538
241824,33886
241824,50718
252081,49888
252081,62860
252081,62944
173667,59822
173667,1304
230010,1304
230010,59822
252405,62074
96444,63510
227238,63510
250020,63510
213885,63510
226623,59822
226623,1304
162603,1370
162603,62376
208536,63510
165786,63510
165684,35846
210876,35846
165744,35846
184710,59822
184710,1304
157224,1304
157224,59822
195372,62944
195372,49888
195372,62860
153312,59822
153312,1304
204780,33886
204780,50718
204780,30500
204780,63538
188700,57414
212232,57414
25743,57414
235458,1304
235458,59822
129135,57414
129135,63510
204375,63510
205812,57414
176643,59822
176643,1304
172587,1304
172587,59822
72900,50718
72900,30500
72900,33886
72900,63538
204375,1304
204375,59822
183213,57414
177903,57414
226662,57414
248202,1304
248202,59822
128538,1370
128538,62376
229737,63510
164007,57414
72117,62944
72117,62860
72117,49888
236775,59822
236775,1304
162792,63538
162792,30500
162792,50718
162792,33886
61344,16358
229737,56696
229737,35732
249297,57414
211476,33886
211476,30500
211476,50718
211476,63538
217380,16358
203259,16358
159831,62074
207240,1304
207240,59822
204228,57414
210678,63538
210678,50718
210678,33886
210678,30500
206439,57414
250947,1370
250947,62376
249513,63510
173667,63510
227238,16358
96444,16358
250020,16358
229737,10652
227310,62376
227310,1370
164007,59822
164007,1304
186378,57414
183105,50274
204795,62376
203724,1370
203724,62376
204795,1370
163101,57414
203511,59822
203511,1304
194883,63510
178458,62376
178458,1370
220713,57414
225699,59822
225699,1304
153756,57414
209793,63538
209793,33886
209793,30500
209793,50718
229977,1304
229977,59822
88821,16358
165750,16358
66879,57414
206376,59822
206376,1304
249297,1304
249297,59822
166356,63510
206667,1370
206667,62376
206850,57414
166995,1304
166995,59822
72561,63510
232404,33886
232404,63538
232404,50718
232404,30500
211947,1304
211947,59822
153084,57414
203295,63538
201564,33886
201564,50718
201564,30500
201564,63538
203295,50718
203295,33886
203295,30500
217494,57414
198279,63510
219231,62376
208758,62376
208758,1370
219231,1370
206940,54096
247548,34092
247548,56714
68496,57414
164457,33886
164457,30500
164457,63538
164457,50718
198792,1304
198792,59822
232614,30500
232614,50718
232614,63538
232614,33886
181101,50718
181101,33886
181101,30500
181101,63538
205959,63510
207264,33886
207264,50718
207264,63538
207264,30500
208053,63510
217494,59822
217494,1304
208053,59822
208053,1304
206940,1304
206940,59822
208794,1370
208812,62376
208812,1370
208794,62376
220713,63538
220713,50718
220713,33886
220713,30500
203460,62860
203460,49888
203460,62944
182565,33886
182565,50718
182565,63538
182565,30500
68496,30500
68496,63538
68496,50718
68496,33886
166437,63510
183492,33886
183492,30500
183492,50718
183492,63538
223104,62376
223104,1370
250782,56714
250782,34092
195723,63510
207240,63538
207240,30500
207240,33886
207240,50718
164457,63510
154476,62074
248250,62074
203277,62074
203454,62074
248013,62074
128334,63510
61692,16358
232068,57414
200964,63510
230028,1370
230028,62376
164661,62074
252177,59822
252177,1304
234156,57414
162792,63510
184104,1304
184104,59822
153792,57414
253557,33886
253557,63538
253557,30500
253557,50718
209796,1372
209796,10808
234156,30500
234156,63538
234156,50718
234156,33886
222906,57414
196455,59822
249795,59822
200502,1304
200502,59822
196455,1304
249795,1304
248202,49888
248202,62860
248202,62944
236226,50718
236226,33886
236226,63538
236226,30500
212283,57414
188685,57414
211965,62376
211965,1370
234030,62376
234030,1370
209622,59822
209622,1304
234030,33886
211965,63538
211965,30500
211965,33886
234030,63538
211965,50718
234030,50718
234030,30500
253506,57414
249216,57414
251493,57414
220269,54096
251493,1370
253506,1370
249216,1370
249216,62376
251493,62376
253506,62376
207927,63510
159831,63510
203274,16358
197034,16358
129135,33886
129135,50718
129135,30500
129135,63538
209796,62860
209796,49888
209796,62944
217002,59822
217002,1304
68496,1304
68496,59822
60864,57414
187962,30500
187962,63538
187962,33886
187962,50718
252210,63510
198882,62860
242151,62860
242151,49888
242151,62944
198882,49888
198882,62944
207243,59822
207243,1304
207243,63510
211140,50274
155055,63510
208872,62376
208872,1370
165744,57414
210876,57414
232404,57414
157398,63510
166128,63538
166128,50718
166128,33886
166128,30500
206448,57414
203460,1304
203460,59822
238827,59822
242232,59822
206955,1304
242232,1304
206955,59822
238827,1304
153402,56714
153402,34092
207330,35846
243408,59822
243408,1304
250947,30500
250947,33886
250947,50718
250947,63538
207219,57414
250434,33886
250434,63538
250434,50718
250434,30500
208536,63538
208536,30500
208536,33886
208536,50718
198873,62074
188331,63538
188331,30500
188331,50718
188331,33886
211632,30500
211632,33886
211632,50718
211632,63538
211947,63538
211947,33886
211947,30500
211947,50718
25743,59822
25743,1304
154011,59822
188730,1304
187734,59822
188730,59822
154011,1304
187734,1304
247632,63510
242439,59822
242439,1304
188331,63510
206412,62376
158766,1370
206412,1370
158766,62376
206514,62376
206496,1370
206496,62376
206514,1370
250434,57414
251631,50718
251631,30500
251631,33886
251631,63538
209622,63510
235458,33886
235458,30500
235458,63538
235458,50718
251967,1304
251967,59822
128526,50718
128526,63538
128526,30500
128526,33886
207330,1304
207330,59822
204795,63510
203724,63510
210978,57414
206940,49888
206940,62944
206940,62860
212448,49888
212448,62860
212448,62944
248301,63538
248301,33886
248301,50718
248301,30500
250275,57414
206988,57414
248796,56714
186378,1304
186378,59822
248796,34092
206349,57414
206433,57414
233970,63538
233970,33886
233970,30500
233970,50718
232029,1304
232029,59822
250653,62376
197286,62376
197286,1370
250653,1370
154560,34092
154560,56714
171702,63538
171702,33886
171702,50718
171702,30500
228729,63538
228729,50718
228729,33886
228729,30500
213513,63510
164064,63510
184509,1304
184509,59822
25749,124
223104,57414
230010,30500
230010,50718
230010,63538
230010,33886
157767,59822
157767,1304
184950,62074
164064,62074
247632,1304
247632,59822
253098,1370
253098,62376
165126,62376
165126,1370
196845,63538
196845,30500
196845,33886
196845,50718
211413,50718
211413,30500
211413,33886
211413,63538
210954,59822
210954,1304
188700,63510
223968,63510
250782,57414
176403,124
212220,124
177903,59822
177903,1304
221247,30500
221247,63538
221247,33886
221247,50718
216981,62074
210840,33886
235932,33886
210840,50718
235932,63538
210840,63538
210840,30500
235932,50718
235932,30500
224631,63510
206346,59822
206346,1304
208899,57414
154770,63510
188331,59822
188331,1304
222906,62074
241389,63538
241389,30500
241389,33886
241389,50718
222204,63510
184509,1372
184509,10808
240939,49888
240939,62944
240939,62860
235335,62074
246339,30500
246339,63538
129204,30500
208566,50718
129204,63538
129204,33886
246339,50718
208566,30500
208566,63538
129204,50718
246339,33886
208566,33886
190152,1370
190152,62376
163101,63510
231909,59822
231909,1304
155055,62074
230073,63538
230073,33886
230073,50718
230073,30500
230604,57414
225480,59822
225480,1304
167652,59822
167652,1304
204375,57414
225699,63510
187659,30500
187659,63538
187659,50718
187659,33886
249687,57414
230178,63510
198279,62074
154032,63510
187221,50718
187221,33886
187221,63538
187221,30500
220728,1370
220728,62376
230178,57414
205959,63538
205959,30500
205959,33886
205959,50718
61824,49888
61824,62944
61824,62860
232029,63510
247260,49888
247260,62944
247260,62860
248205,59822
248205,1304
222750,59822
222750,1304
203142,57414
227670,57414
204762,57414
203133,57414
206364,62074
206856,33886
206856,50718
206856,30500
206856,63538
183105,16358
247548,59822
247548,1304
208872,62074
212442,59822
212442,1304
211533,59822
211533,1304
208092,63510
153084,59822
153084,1304
187806,30500
187806,33886
187806,63538
187806,50718
183366,1370
183366,62376
249486,1304
249486,59822
210627,63510
171702,63510
224931,63510
72108,63538
72108,33886
72108,30500
72108,50718
206406,1370
206811,1370
206811,62376
207144,62376
206784,1370
206406,62376
207144,1370
206784,62376
252081,1304
252081,59822
191247,57414
203727,33886
203727,30500
203727,50718
203727,63538
229977,63538
229977,50718
229977,30500
229977,33886
178068,57414
185067,59822
154473,1304
185067,1304
154473,59822
72930,35732
72930,56696
211989,33886
211989,63538
211989,30500
211989,50718
178068,62074
204780,59822
204780,1304
65640,63510
253557,59822
253557,1304
204411,63510
66879,63538
66879,50718
66879,33886
66879,30500
229536,1304
229536,59822
206868,1370
206868,62376
230073,59822
230073,1304
212430,30500
212430,50718
212430,33886
212430,63538
204375,16358
225276,57414
206514,30500
206514,33886
206496,30500
158766,33886
206514,63538
158766,30500
206514,50718
206496,33886
158766,50718
158766,63538
206412,30500
206412,33886
206412,63538
206496,63538
206412,50718
206496,50718
189045,1304
189045,59822
65640,30500
65640,33886
65640,50718
65640,63538
250782,1304
250782,59822
187224,57414
64959,30500
64959,33886
64959,63538
64959,50718
192942,1370
192942,62376
183213,1304
183213,59822
207222,1372
207222,10808
62817,1304
62817,59822
195723,57414
252696,63510
207219,1304
207219,59822
211812,63538
211812,30500
211812,33886
211812,50718
208341,49888
203790,49888
203790,62860
203796,49888
203796,62944
203790,62944
203796,62860
208341,62944
208341,62860
172419,1304
172419,59822
243546,62944
243546,62860
247983,49888
247983,62860
243546,49888
247983,62944
245976,63510
25749,54096
72930,10652
207927,59822
207927,1304
196455,30500
196455,63538
196455,33886
196455,50718
249795,30500
200502,63538
208821,33886
208554,33886
208554,30500
208554,63538
200502,30500
200502,50718
208554,50718
200502,33886
249795,33886
249795,50718
249795,63538
208821,50718
208821,30500
208821,63538
183105,54290
245154,33886
245154,50718
245154,63538
245154,30500
184674,34092
184674,56714
204144,1304
204144,59822
212775,30500
212775,33886
212775,50718
212775,63538
203178,10652
207222,62944
207222,62860
207222,49888
226623,62376
226623,1370
250977,62074
209796,1304
209796,59822
206850,1370
206850,62376
247956,57414
243408,57414
238218,63510
208488,30500
208488,50718
208488,33886
208488,63538
164337,59822
164337,1304
204228,59822
204228,1304
225480,33886
225480,30500
225480,63538
225480,50718
222669,59822
222669,1304
155388,50718
155388,33886
155388,63538
155388,30500
128604,30500
128604,33886
128604,50718
128604,63538
247974,34092
247974,56714
224631,59822
224631,1304
162603,1304
162603,59822
222204,1304
222204,59822
192159,63510
215298,30500
215298,63538
215298,33886
215298,50718
154167,35732
154167,56696
248178,57414
248202,54096
238293,62944
238293,49888
238293,62860
240912,57414
165744,63510
210876,63510
72045,59822
199242,59822
72045,1304
199242,1304
206850,33886
206850,30500
206850,50718
206850,63538
204411,59822
204411,1304
72561,56714
72561,34092
242556,56714
242556,34092
229536,35732
229536,56696
61824,1304
61824,59822
183672,57414
247632,33886
247632,50718
247632,63538
247632,30500
206364,63510
248292,1304
248292,59822
187386,63510
187806,59822
187806,1304
227292,63510
203460,16358
154167,63538
154167,30500
154167,33886
154167,50718
25749,62944
25749,49888
25749,62860
198873,34092
198873,56714
153048,30500
153048,63538
153048,50718
153048,33886
250977,57414
224841,59822
224841,1304
217494,56714
217494,34092
212775,63510
203700,50718
203700,33886
203700,30500
242856,63538
242856,30500
203700,63538
242856,33886
242856,50718
154560,62074
72561,62074
185067,57414
154473,57414
187875,30500
187875,33886
187875,50718
187875,63538
64218,59822
64218,1304
224211,1304
224211,59822
186882,62074
209796,30500
209796,63538
209796,50718
209796,33886
153312,57414
175809,35732
175809,56696
247974,62074
204144,63510
164337,63510
153402,1304
153402,59822
206346,50274
252405,63510
230010,63510
252405,63538
252405,50718
252405,33886
252405,30500
187962,57414
251967,62944
251967,49888
251967,62860
246804,57414
154551,57414
209880,57414
252177,50718
252177,30500
252177,33886
252177,63538
221247,49888
221247,62860
221247,62944
211989,57414
203727,57414
204762,63510
203133,63510
227670,63510
166356,62074
181101,1304
181101,59822
62337,50274
238293,63538
238293,30500
238293,50718
238293,33886
186987,62074
191226,59822
191226,1304
192159,57414
225699,50718
225699,33886
225699,30500
225699,63538
211140,63510
62337,63510
184950,57414
213513,57414
203700,62860
196845,62860
242856,49888
196845,49888
242856,62944
196845,62944
242856,62860
203700,62944
203700,49888
203829,63510
155388,56696
155388,35732
171702,16358
230604,63510
192618,35846
129081,16358
242619,16358
205815,33886
205815,63538
205815,30500
205815,50718
176403,50274
212220,50274
247548,57414
186990,63510
175293,62074
203517,10652
206346,49888
206346,62944
206346,62860
242610,30500
242610,33886
242610,63538
242610,50718
175809,63538
175809,50718
175809,33886
175809,30500
242442,33886
242442,50718
242442,63538
251619,63538
212748,63538
225393,30500
225393,33886
225393,50718
225393,63538
212748,50718
212748,33886
251619,50718
212748,30500
251619,33886
251619,30500
242442,30500
243390,62074
209073,57414
203133,16358
227670,16358
204762,16358
187962,59822
187962,1304
248205,30500
248205,63538
248205,50718
248205,33886
224169,62074
183366,50718
183366,33886
183366,30500
183366,63538
208092,63538
208092,50718
208092,33886
208092,30500
128526,59822
128526,1304
241824,57414
211533,57414
154068,33886
154068,63538
154068,30500
154068,50718
210627,62074
208899,33886
208899,30500
208899,63538
208899,50718
166995,33886
166995,30500
166995,50718
166995,63538
186990,33886
186990,50718
186990,30500
186990,63538
203511,30500
203511,33886
203511,50718
203511,63538
203796,59822
203796,1304
208341,1304
208341,59822
167652,63510
223728,1370
223728,62376
184674,59822
184674,1304
212220,1304
176403,1304
176403,59822
212220,59822
204243,10808
204243,1372
208488,62074
191247,63510
128334,50718
128334,63538
128334,33886
128334,30500
207222,1304
207222,59822
172503,30500
172503,33886
172503,50718
172503,63538
72117,1304
72117,59822
64959,62074
248292,63510
212448,59822
212448,1304
64959,57414
250362,35846
208209,50718
208209,63538
208209,33886
208209,30500
203178,56696
203178,35732
129135,56696
129135,35732
213102,57414
213513,1304
213513,59822
154560,57414
154476,63510
62817,10652
206427,57414
211533,63510
209622,16358
208872,63538
208872,50718
208872,33886
208872,30500
206847,63510
187875,35732
187875,56696
252210,50718
252210,30500
252210,33886
252210,63538
210954,63510
232029,1372
232029,10808
186438,50718
186438,63538
186438,30500
186438,33886
234093,62376
210393,1370
234093,1370
210393,62376
248250,49888
203277,49888
248013,49888
248250,62944
248013,62944
248013,62860
248250,62860
203277,62860
203277,62944
203454,49888
203454,62860
203454,62944
251967,62376
251967,1370
72045,35732
199242,56696
199242,35732
72045,56696
64959,63510
207240,16358
198882,56696
242151,35732
242151,56696
198882,35732
247974,57414
161526,62074
165750,57414
88821,57414
62817,35732
62817,56696
216822,62944
216822,49888
216822,62860
163578,33886
163578,63538
163578,50718
163578,30500
72918,57414
217293,57414
214506,63510
212301,1370
212301,62376
215112,59822
215112,1304
188700,33534
153402,57414
191226,57414
203316,30500
203316,33886
203316,50718
203316,63538
210678,62376
210678,1370
252405,1304
252405,59822
154032,33886
154032,63538
154032,30500
154032,50718
247956,59822
247956,1304
25749,1372
25749,10808
211632,63510
194883,56696
194883,35732
160029,62944
160029,49888
160029,62860
181101,10808
181101,1372
66879,63510
234156,63510
77484,56696
77484,35732
196722,1304
203268,1304
197034,1304
197034,59822
196722,59822
203274,1304
203268,59822
203274,59822
214998,1304
214998,59822
215298,49888
215298,62860
215298,62944
212301,35732
212301,56696
251967,54096
178458,62074
198279,1304
198279,59822
171702,59822
171702,1304
198873,59822
198873,1304
175809,1304
175809,59822
190113,16358
211413,62376
211413,1370
175809,10652
157224,57414
216822,33886
216822,50718
216822,63538
216822,30500
172503,63510
244158,63538
244158,50718
244158,30500
244158,33886
249294,62376
238263,1370
249294,1370
238263,62376
154476,57414
72117,16358
249297,63538
249297,33886
249297,30500
249297,50718
204411,30500
204411,33886
204411,50718
204411,63538
212232,30500
212232,33886
212232,63538
212232,50718
173667,62074
229737,30500
229737,63538
229737,50718
229737,33886
208053,30500
208053,33886
208053,63538
208053,50718
232035,56696
232035,35732
188685,59822
188685,1304
128538,30500
128538,63538
128538,50718
128538,33886
183105,53386
230178,62074
72930,10808
72930,1372
220269,10808
220269,1372
235932,57414
210840,57414
227310,62944
227310,62860
227310,49888
250653,62944
250653,49888
250653,62860
197286,49888
197286,62944
197286,62860
194883,10652
220269,62074
203790,59822
203790,1304
242130,63510
183492,59822
183492,1304
165744,33534
165684,33534
210876,33534
250977,1304
250977,59822
178458,57414
248202,124
248205,56696
248205,35732
211524,56696
211524,35732
210114,57414
248178,63538
248178,30500
248178,33886
248178,50718
214506,1304
214506,59822
212586,62944
212586,62860
212586,49888
209094,63510
224211,35732
224211,56696
222906,1304
222906,59822
248202,35732
248202,56696
187659,63510
215112,50274
184950,30500
184950,50718
184950,63538
184950,33886
181101,62074
225501,50274
225501,56696
225501,35732
212232,16358
236226,1304
236226,59822
175293,63538
175293,30500
175293,33886
175293,50718
165726,16358
244680,50718
244680,63538
244680,33886
244680,30500
165726,63510
238218,1304
238218,59822
248202,10652
246804,62074
129135,1304
129135,59822
203796,63538
203796,50718
208341,50718
203796,33886
208341,33886
208341,63538
203796,30500
208341,30500
154827,59822
154827,1304
187875,63510
155388,10652
210234,56696
210234,35732
209796,10652
230028,56696
230028,35732
189045,30500
189045,63538
189045,50718
189045,33886
187734,57414
154011,57414
188730,57414
225012,63510
128538,62944
128538,62860
128538,49888
154881,63510
183105,1372
183105,10808
249297,63510
176577,63538
176577,50718
176577,33886
176577,30500
231909,57414
212220,10652
176403,10652
250020,59822
250020,1304
96444,1304
96444,59822
235458,56696
235458,35732
165726,57414
221247,11262
198873,63510
209793,62074
245976,1304
245976,59822
176403,1372
212220,1372
176403,10808
212220,10808
203178,16358
129081,50718
129081,33886
129081,30500
242619,50718
129081,63538
242619,30500
242619,33886
242619,63538
250362,1304
250362,59822
212586,10808
212586,1372
213513,33886
213513,30500
213513,50718
213513,63538
72561,57414
190152,63510
154881,56696
154881,35732
209799,59822
209799,1304
248796,57414
197529,57414
225501,62860
225501,49888
225501,62944
209073,63510
214998,1372
214998,10808
209796,35732
209796,56696
178068,63510
203517,30500
203517,33886
203517,50718
203517,63538
232614,35732
232614,56696
222906,63510
213513,16358
153312,63510
197529,16358
204375,63538
204375,50718
204375,33886
204375,30500
198855,50718
198855,63538
198855,33886
198855,30500
207219,63510
232068,30500
232068,33886
232068,50718
232068,63538
206847,33886
206847,50718
206847,63538
206847,30500
225393,1304
225393,59822
242442,1304
242442,59822
251619,59822
212748,1304
212748,59822
251619,1304
242556,59822
242556,1304
203295,56696
203295,35732
201564,35732
201564,56696
230010,57414
162603,57414
244680,63510
188787,1304
188787,59822
88821,63510
165750,63510
230604,35846
252177,16358
238263,56696
249294,35732
238263,35732
249294,56696
60864,35846
229521,62860
203889,49888
205122,62860
205122,62944
229521,49888
210846,49888
210846,62860
199860,49888
210846,62944
251085,49888
199860,62944
229521,62944
205122,49888
192771,62944
59703,62944
251085,62944
59703,62860
203889,62944
223554,49888
251085,62860
223554,62860
223554,62944
192771,49888
199860,62860
192771,62860
203889,62860
59703,49888
250947,62860
250947,49888
250947,62944
187221,56696
187221,35732
209796,124
217293,30500
217293,33886
217293,50718
72918,33886
217293,63538
72918,50718
72918,30500
72918,63538
173613,30500
173613,63538
173613,33886
173613,50718
206439,63510
242856,16358
203700,16358
187875,10652
61692,50718
61692,33886
61692,63538
61692,30500
178458,63510
219231,30500
219231,33886
208758,50718
208758,33886
208758,30500
208758,63538
219231,63538
219231,50718
241389,35732
241389,56696
72930,62944
72930,62860
72930,49888
166128,63510
72108,57414
234120,57414
233970,56696
233970,35732
208536,56696
208536,35732
165786,59822
165786,1304
165786,50718
165786,63538
165786,33886
165786,30500
207222,10652
203790,63538
203790,50718
203790,30500
203790,33886
157398,63538
157398,33886
157398,30500
157398,50718
165684,63510
217380,57414
203259,57414
165726,63538
165726,33886
165726,30500
165726,50718
160029,35732
160029,56696
230073,56696
230073,35732
206667,63510
72900,63510
210114,63538
210114,30500
210114,33886
210114,50718
211812,56696
211812,35732
203460,63538
203460,30500
203460,33886
203460,50718
252696,30500
252696,33886
252696,63538
252696,50718
191247,35846
215112,62860
215112,49888
215112,62944
154827,1372
154827,10808
212283,63510
227238,59822
227238,1304
66879,56696
66879,35732
154740,10808
154740,1372
188730,33886
188730,63538
188730,30500
187734,50718
187734,30500
188730,50718
154011,63538
187734,63538
154011,30500
154011,33886
187734,33886
154011,50718
243390,10652
187806,50274
156063,57414
64365,57414
68496,63510
244680,56696
244680,35732
209622,57414
225012,59822
225012,1304
154476,59822
154476,1304
128526,54096
203142,16358
188331,56696
188331,35732
211524,62860
211524,62944
211524,49888
230010,16358
172419,1372
172419,10808
178458,63538
178458,30500
178458,33886
178458,50718
243390,63538
243390,33886
243390,30500
243390,50718
183213,56696
183213,35732
245154,56696
245154,35732
206868,63510
61692,62944
61692,62860
61692,49888
252081,54096
222204,50718
222204,30500
222204,33886
222204,63538
227292,56696
227292,35732
153312,50718
153312,63538
153312,33886
153312,30500
215298,54096
228729,57414
188730,63510
154011,63510
187734,63510
215298,10808
215298,1372
228729,56696
228729,35732
128526,35732
128526,56696
252405,57414
198981,63510
210954,1372
210954,10808
202638,62074
209880,62074
154551,62074
163578,1304
163578,59822
210234,62860
210234,49888
210234,62944
203517,56696
203517,35732
183366,62860
183366,62944
183366,49888
183105,35846
211476,63510
198792,50718
198792,63538
198792,30500
198792,33886
241824,63510
153756,63510
210690,35732
210690,56696
221526,35732
242412,56696
221526,56696
242412,35732
246618,35732
246618,56696
212586,1304
212586,59822
215298,1304
215298,59822
234018,35732
234972,35732
234018,56696
234972,56696
229341,56696
229341,35732
157398,59822
157398,1304
220728,56696
220728,35732
161526,57414
187962,63510
186438,1372
186438,10808
182292,63538
182292,33886
182292,30500
182292,50718
220269,62860
220269,62944
220269,49888
203277,16358
203454,16358
248013,16358
248250,16358
72930,50274
226623,57414
187221,63510
244158,63510
249513,56696
249513,35732
181101,10652
25743,63510
211533,50718
211533,63538
211533,30500
211533,33886
212430,35732
212430,56696
154827,33886
154827,63538
154827,30500
154827,50718
208209,57414
232068,35732
232068,56696
167652,30500
167652,50718
167652,63538
167652,33886
202638,50718
202638,33886
202638,63538
202638,30500
200964,34092
200964,56714
154803,56696
154803,35732
212430,63510
188700,33886
188700,50718
188700,30500
188700,63538
222669,50274
128526,49888
128526,62944
128526,62860
233970,63510
208899,56696
208899,35732
192771,35732
223554,56696
192771,56696
223554,35732
59703,56696
199860,56696
199860,35732
59703,35732
229521,35732
229521,56696
251085,35732
210846,35732
205122,35732
205122,56696
251085,56696
203889,35732
210846,56696
203889,56696
252177,56696
252177,35732
68676,35732
68676,56696
166128,1372
166128,10808
203511,56696
203511,35732
220713,35732
220713,56696
204144,30500
204144,33886
204144,50718
164337,50718
164337,33886
204144,63538
164337,30500
164337,63538
234972,30500
234018,63538
234018,30500
234018,50718
229341,50718
229341,63538
234972,33886
234972,50718
229341,30500
234018,33886
229341,33886
234972,63538
207243,33886
207243,30500
207243,63538
207243,50718
230073,10652
205812,33886
205812,50718
205812,30500
205812,63538
188331,10652
211812,63510
241824,56696
241824,35732
250947,56696
250947,35732
208488,62860
208488,49888
208488,62944
205959,35732
205959,56696
159831,59822
159831,1304
247260,30500
247260,33886
247260,50718
247260,63538
203829,30500
203829,33886
203829,50718
203829,63538
208899,63510
216981,57414
163251,56696
163251,35732
72117,54096
230028,62944
230028,62860
230028,49888
243546,59822
247983,59822
247983,1304
243546,1304
245154,63510
235335,62944
235335,62860
235335,49888
252177,10652
201798,1304
201798,59822
187806,49888
187806,62860
187806,62944
25749,50274
183366,11262
252081,1370
252081,62376
208536,62376
208536,1370
211947,62376
211947,1370
222669,62376
222669,1370
68676,63538
68676,50718
68676,30500
68676,33886
220269,33886
220269,30500
220269,50718
220269,63538
64218,63510
215298,56696
215298,35732
166437,59822
166437,1304
61344,124
154881,50718
154881,33886
154881,30500
154881,63538
213114,62376
213114,1370
203511,16358
210876,63538
210876,50718
210876,30500
165744,63538
210876,33886
165744,50718
165744,30500
165744,33886
224841,50718
224841,33886
224841,30500
224841,63538
223968,35732
223968,56696
163101,35732
163101,56696
201564,1370
203295,62376
203295,1370
201564,62376
186990,35732
186990,56696
203259,1304
203259,59822
217380,59822
217380,1304
183105,59394
182292,35732
182292,56696
208812,62074
208794,62074
153048,35732
153048,56696
177474,50718
177474,33886
177474,30500
177474,63538
253557,54096
154068,56696
154068,35732
61692,1304
61692,59822
206940,35732
206940,56696
207927,1372
207927,10808
184710,63538
184710,30500
184710,33886
184710,50718
157185,63510
165750,35846
88821,35846
187224,50718
187224,63538
187224,33886
187224,30500
204780,56696
204780,35732
205815,63510
229977,35732
229977,56696
157767,35732
157767,56696
215298,10652
222669,49888
222669,62860
222669,62944
128526,124
167316,57414
210678,35732
210678,56696
203268,49888
203268,62860
203268,62944
232029,62860
232029,49888
232029,62944
203274,35846
197034,35846
203268,35846
196722,35846
77484,10652
197529,63510
249687,62074
203142,63510
61344,35846
25749,16358
242232,56696
238827,56696
238827,35732
242232,35732
206955,56696
206955,35732
166437,30500
166437,50718
166437,33886
166437,63538
207222,56696
207222,35732
178068,1304
178068,59822
212448,50274
225276,30500
225276,50718
225276,63538
225276,33886
247983,50274
243546,50274
190113,56696
190113,35732
188787,56696
188787,35732
165684,63538
165684,30500
165684,33886
165684,50718
203133,59822
204762,1304
227670,1304
203133,1304
204762,59822
227670,59822
232035,62944
232035,62860
232035,49888
175809,62860
175809,62944
175809,49888
225480,56696
225480,35732
243390,56696
243390,35732
225501,10652
176643,57414
172587,57414
182292,63510
206850,63510
211476,56696
211476,35732
229536,62944
229536,62860
229536,49888
128604,63510
61344,54096
209094,63538
209094,50718
209094,30500
209094,33886
242619,59822
129081,1304
129081,59822
242619,1304
253098,63538
165126,30500
165126,63538
253098,50718
253098,30500
165126,50718
165126,33886
253098,33886
208566,62376
208566,1370
246339,62376
246339,1370
129204,1370
129204,62376
206667,35732
206667,56696
209094,10808
209094,1372
241389,63510
212283,1304
212283,59822
223104,49888
223104,62860
223104,62944
209073,56696
209073,35732
242610,1370
242610,62376
175293,63510
154881,10808
154881,1372
62817,62944
62817,62860
62817,49888
226662,63538
226662,30500
226662,33886
226662,50718
233970,57414
194883,50274
184104,63510
212442,62860
212442,62944
212442,49888
154803,33886
154803,63538
154803,50718
154803,30500
164007,63510
236775,63538
236775,33886
236775,50718
236775,30500
163251,63510
209094,56696
209094,35732
211989,63510
203727,63510
249216,63510
251493,63510
253506,63510
188787,62944
188787,62860
188787,49888
206406,56696
206784,35732
206406,35732
207144,35732
207144,56696
206784,56696
206811,56696
206811,35732
207264,62074
154032,56696
154032,35732
226662,59822
226662,1304
154551,63510
209880,63510
246804,63510
211965,49888
234030,62860
234030,49888
211965,62860
211965,62944
234030,62944
203259,35846
217380,35846
203511,10652
217494,63510
247956,63510
165786,35732
165786,56696
153756,1304
153756,59822
211533,35846
128334,35732
128334,56696
188331,50274
198981,35732
198981,56696
212220,57804
176403,57804
162792,35732
162792,56696
154740,35732
154740,56696
154167,10808
154167,1372
234120,1304
234120,59822
154740,63538
154740,33886
154740,50718
154740,30500
154098,63510
242556,62074
209799,10808
209799,1372
206448,63510
77484,49888
77484,62944
77484,62860
251493,56696
251493,35732
249216,35732
253506,35732
253506,56696
249216,56696
187806,10808
187806,1372
212775,56696
212775,35732
248178,63510
212220,16358
176403,16358
164661,30500
164661,50718
164661,63538
164661,33886
128538,11262
157767,10652
251967,35732
251967,56696
154803,1372
154803,10808
253557,62860
253557,49888
253557,62944
224931,50718
224931,33886
224931,30500
224931,63538
176577,35732
176577,56696
72045,10652
248178,56696
248178,35732
155055,1304
155055,59822
234156,35732
234156,56696
229737,10808
229737,1372
209799,30500
209799,33886
209799,50718
209799,63538
173613,57414
187806,35732
187806,56696
187806,10652
128604,56696
128604,35732
64365,63538
64365,30500
64365,33886
64365,50718
128526,10652
207330,63510
210627,59822
210627,1304
153048,63510
238293,1372
238293,10808
195723,35732
195723,56696
211473,63538
211473,30500
211473,33886
211473,50718
224931,10808
224931,1372
192159,16358
225276,63510
206448,56696
206448,35732
196845,10652
210690,62376
210690,1370
221526,1370
221526,62376
212448,54096
203700,59822
203700,1304
196845,1304
242856,59822
242856,1304
196845,59822
213114,56696
213114,35732
154803,10652
221526,62944
210690,62860
210690,62944
221526,62860
210690,49888
221526,49888
206376,62860
206376,62944
206376,49888
206433,63510
206349,63510
154881,10652
228948,30500
228948,33886
228948,50718
228948,63538
206346,56696
206346,35732
248292,56696
248292,35732
165126,63510
253098,63510
203142,1304
203142,59822
235335,1304
235335,59822
177903,63510
210627,63538
210627,33886
210627,30500
210627,50718
153999,30500
153999,63538
153999,33886
153999,50718
201798,16358
182292,10652
188787,10652
172419,30500
172419,63538
172419,33886
172419,50718
198855,56696
198855,35732
211413,56696
211413,35732
238293,59822
238293,1304
187962,35846
182565,56696
182565,35732
224169,1372
224169,10808
210141,57414
186882,59822
186882,1304
203829,56696
203829,35732
203073,57414
203316,35732
203316,56696
192159,59822
192159,1304
206940,1370
206940,62376
61824,56696
61824,35732
154770,33886
154770,30500
154770,63538
154770,50718
247260,54096
153084,63510
216822,59822
216822,1304
250362,63538
250362,30500
250362,33886
250362,50718
153792,59822
153792,1304
225501,1372
225501,10808
211473,57414
206349,35732
206433,35732
206433,56696
206349,56696
223104,62074
208341,35846
203796,35846
225501,124
211632,56696
211632,35732
206364,57414
250275,35732
206988,56696
206988,35732
250275,56696
207240,1372
207240,10808
162603,30500
162603,63538
162603,33886
162603,50718
72117,56696
72117,35732
155055,35732
155055,56696
196845,16358
212586,54096
203268,30500
203268,63538
203268,33886
203268,50718
212232,1304
212232,59822
206346,62376
206346,1370
199242,49888
199242,62860
199242,62944
249486,62376
249486,1370
199242,10652
228948,1304
228948,59822
204243,63510
229536,10652
182292,1372
182292,10808
252696,56696
252696,35732
248202,10808
248202,1372
246618,1370
242412,62376
246618,62376
242412,1370
177474,63510
153312,56696
153312,35732
68496,35732
68496,56696
252480,50718
252480,33886
252480,63538
252480,30500
203178,62944
203178,62860
203178,49888
203727,56696
203727,35732
246339,56696
208566,35732
129204,56696
129204,35732
208566,56696
246339,35732
64959,59822
64959,1304
157767,62860
157767,62944
157767,49888
209622,33886
209622,50718
209622,63538
209622,30500
202638,59822
202638,1304
232068,10652
154770,35732
154770,56696
154560,59822
154560,1304
211989,56696
211989,35732
244158,56696
244158,35732
154476,35732
154476,56696
206376,35732
206376,56696
207219,56696
207219,35732
164007,56696
164007,35732
206364,1304
206364,59822
72117,124
230073,62860
230073,49888
230073,62944
208092,1370
208092,62376
208872,49888
208872,62860
208872,62944
247974,59822
247974,1304
164457,35732
164457,56696
128334,10808
128334,1372
183105,62274
183105,59396
198855,63510
224211,10652
203796,10652
216822,10652
203790,10652
208341,10652
155388,54096
154770,1372
154770,10808
216822,35846
154167,10652
186987,1372
186987,10808
61344,56696
61344,35732
72930,54096
167316,62074
184509,63510
203829,16358
220269,50274
172503,56696
172503,35732
25749,35846
128604,10808
128604,1372
189045,35732
189045,56696
250782,63510
220269,124
175809,10808
175809,1372
224931,56696
224931,35732
247632,10808
247632,1372
166995,57414
252480,57414
232404,63510
222204,56696
222204,35732
72045,62944
72045,62860
72045,49888
213114,35846
224211,62944
224211,62860
224211,49888
186378,35846
232614,10652
154560,63510
189045,10808
189045,1372
72108,63510
212586,10652
158766,35846
206496,35846
206514,35846
206412,35846
247632,35732
247632,56696
188700,10652
248202,50274
154827,10652
203460,10652
216981,63510
210978,1304
210978,59822
196722,63538
197034,30500
203274,33886
197034,63538
203274,50718
203274,30500
196722,33886
196722,50718
197034,33886
197034,50718
196722,30500
203274,63538
163578,1372
163578,10808
61692,10652
161526,59822
161526,1304
203460,35846
253557,124
173613,56696
173613,35732
214506,33886
214506,30500
214506,50718
214506,63538
163578,35732
163578,56696
153999,63510
243390,1304
243390,59822
226662,63510
206667,35846
187386,63538
187386,50718
187386,33886
187386,30500
157224,50718
157224,30500
157224,33886
157224,63538
208899,62376
208899,1370
207240,49888
207240,62944
207240,62860
155055,10652
203790,35846
65640,35732
65640,56696
163578,10652
232068,1372
232068,10808
207222,16358
211524,54096
248292,50718
248292,63538
248292,33886
248292,30500
210141,30500
210141,33886
210141,63538
210141,50718
208209,35732
208209,56696
243546,54096
247983,54096
248796,63510
204411,35732
204411,56696
25743,62074
165726,62074
72918,63510
217293,63510
207243,35732
207243,56696
251631,1370
251631,62376
232029,56696
232029,35732
154740,10652
153792,63510
181101,49888
181101,62860
181101,62944
155388,59822
155388,1304
250977,63510
220269,59822
220269,1304
230073,16358
164064,10808
164064,1372
205812,63510
249297,56696
249297,35732
183576,56696
183576,35732
186378,63510
250020,35846
96444,35846
186438,35732
186438,56696
204780,62944
204780,62860
204780,49888
203517,1372
203517,10808
207264,63510
228948,1372
228948,10808
230604,50718
230604,33886
230604,63538
230604,30500
242856,10652
203700,10652
184698,56696
184698,35732
165744,10652
210876,10652
196722,49888
197034,62860
196722,62860
196722,62944
203274,62944
197034,62944
203274,49888
197034,49888
203274,62860
215112,35732
215112,56696
212220,35732
212220,56696
176403,56696
176403,35732
210234,54096
64959,56696
64959,35732
203829,10652
183105,63186
154476,33886
154476,50718
154476,63538
154476,30500
198792,57414
166128,10652
205812,35732
205812,56696
194883,1372
194883,10808
172587,63538
176643,63538
176643,50718
172587,50718
172587,33886
172587,30500
176643,30500
176643,33886
234972,57414
229341,57414
234018,57414
186987,33886
186987,63538
186987,30500
186987,50718
166356,56696
166356,35732
225501,54096
154098,50718
154098,63538
154098,33886
154098,30500
238611,57414
203082,57414
206847,1372
206847,10808
203082,16358
238611,16358
203073,16358
72108,35732
72108,56696
206847,35732
206847,56696
230073,54096
164661,57414
216981,1304
216981,59822
62337,62860
62337,62944
211140,49888
62337,49888
211140,62860
211140,62944
243408,63510
61344,10652
246618,62860
246618,62944
246618,49888
242412,49888
242412,62944
242412,62860
228948,63186
213114,54096
188700,56696
188700,35732
212442,56696
212442,35732
250362,35732
250362,56696
210000,56696
210000,35732
202638,10652
205815,56696
205815,35732
175293,1372
175293,10808
224169,10652
238218,56696
238218,35732
192618,33534
244680,10652
155388,124
248796,62376
248796,1370
204144,56696
204144,35732
164337,56696
164337,35732
167316,1304
167316,59822
203724,56696
204795,35732
204795,56696
203724,35732
230028,54096
203274,10652
197034,10652
224841,63510
187659,56696
187659,35732
203316,62376
203316,1370
72561,1304
72561,59822
154740,63510
205959,10652
178068,35732
178068,56696
230073,124
157224,63510
250275,63510
206988,63510
238293,10652
210000,1372
210000,10808
227238,49888
96444,62944
250020,49888
96444,62860
227238,62944
250020,62860
96444,49888
250020,62944
227238,62860
247974,63510
238293,54096
209796,16358
212442,1370
212442,62376
250362,62944
250362,62860
250362,49888
245976,33886
245976,30500
245976,63538
245976,50718
154803,63510
242439,57414
60864,63510
191247,63538
191247,30500
191247,33886
191247,50718
175809,54096
206868,35846
166995,63510
207927,50718
207927,63538
207927,30500
207927,33886
166356,10808
166356,1372
212232,62860
212232,62944
212232,49888
188730,35732
154011,56696
187734,56696
187734,35732
154011,35732
188730,56696
217380,63510
203259,63510
208053,56696
208053,35732
213102,63538
213102,33886
213102,50718
213102,30500
206856,56696
206856,35732
211965,56696
234030,35732
234030,56696
211965,35732
232068,63510
25743,10652
248202,16358
229977,10652
68676,10808
68676,1372
166437,10808
166437,1372
219231,62944
208758,62944
208758,49888
219231,62860
219231,49888
208758,62860
187386,1370
187386,62376
248301,63510
216822,56696
216822,35732
165744,56696
210876,56696
165744,35732
210876,35732
184509,35732
184509,56696
206856,57414
213513,62376
213513,1370
212586,50718
212586,63538
212586,33886
212586,30500
129135,10652
224211,10808
224211,1372
227238,35846
248205,10808
248205,1372
210627,56696
210627,35732
207330,33534
205959,10808
205959,1372
68676,63510
248205,10652
202638,16358
188685,63510
154827,35732
154827,56696
155055,30500
155055,63538
155055,33886
155055,50718
155388,62860
155388,62944
155388,49888
242610,11262
248178,1370
248178,62376
198792,35732
198792,56696
188331,1372
188331,10808
207243,1372
207243,10808
252696,10652
252081,56696
252081,35732
253557,56696
253557,35732
208209,63510
184698,57414
248301,56696
248301,35732
161526,63510
219522,1304
219522,59822
248550,1304
248550,59822
173667,35732
173667,56696
128526,16358
207330,10808
207330,1372
128604,10652
204243,35732
204243,56696
228948,57414
188787,10808
188787,1372
232614,63510
183672,56696
183672,35732
247548,63510
220713,16358
96444,30500
96444,33886
96444,50718
250020,50718
96444,63538
250020,30500
250020,33886
250020,63538
178458,1304
178458,59822
220728,62944
220728,62860
220728,49888
159831,1372
159831,10808
231909,63538
231909,33886
231909,30500
231909,50718
61824,10652
230010,56696
230010,35732
165684,35732
165684,56696
187962,56696
187962,35732
224931,10652
64218,50718
64218,33886
64218,30500
64218,63538
197034,35732
203268,56696
196722,35732
197034,56696
203274,35732
196722,56696
203274,56696
203268,35732
198792,63510
178068,50718
178068,33886
178068,30500
178068,63538
233970,10652
222204,10652
196845,124
61692,35732
61692,56696
248013,63538
203454,30500
248013,50718
248250,33886
203454,33886
203277,30500
248250,50718
203277,33886
203454,50718
248013,30500
203454,63538
203277,50718
248013,33886
248250,63538
203277,63538
248250,30500
252210,62376
252210,1370
186882,57414
247632,10652
166995,56696
166995,35732
252696,10808
252696,1372
186990,10652
175293,10652
208341,56696
208341,35732
203796,35732
203796,56696
236775,63510
203133,33886
204762,30500
203133,63538
204762,63538
227670,63538
203133,50718
204762,50718
227670,30500
204762,33886
203133,30500
227670,50718
227670,33886
183576,57414
212220,63186
176403,63186
246804,59822
246804,1304
240912,35732
240912,56696
224841,57414
195723,10652
242610,49888
242610,62860
242610,62944
188685,56696
188685,35732
183213,49888
183213,62860
183213,62944
206811,62860
206784,62944
207144,62944
206784,62860
207144,62860
206784,49888
207144,49888
206811,49888
206811,62944
206406,49888
206406,62860
206406,62944
224631,1372
224631,10808
232404,35732
232404,56696
250362,10652
192159,30500
192159,33886
192159,63538
192159,50718
212442,50274
206427,63510
253557,10652
225480,62944
225480,62860
225480,49888
235458,1372
235458,10808
183672,63510
215298,124
210114,63510
189045,10652
231909,63510
212448,35732
212448,56696
225699,56696
225699,35732
235335,35732
235335,56696
198855,10808
198855,1372
64365,56696
64365,35732
242439,16358
171702,56696
171702,35732
187221,10652
199242,10808
199242,1372
206940,63186
201798,57414
230178,1304
230178,59822
207264,62376
207264,1370
183492,56696
183492,35732
192942,35732
192942,56696
243390,10808
243390,1372
187224,35732
187224,56696
206847,62860
206847,62944
206847,49888
209094,10652
176577,10808
176577,1372
192942,49888
192942,62944
192942,62860
224169,62860
224169,49888
224169,62944
184710,35846
224631,33886
224631,63538
224631,30500
224631,50718
208554,1370
208821,62376
196455,62376
208821,1370
208554,62376
196455,1370
249795,1370
200502,1370
200502,62376
249795,62376
72900,56696
72900,35732
220713,10652
227292,10652
209154,57414
154032,35846
204243,63538
204243,50718
204243,33886
204243,30500
176403,62274
176403,59396
212220,59396
212220,62274
72117,10652
207240,35732
207240,56696
236226,35732
236226,56696
153402,63510
72117,50274
204375,35732
204375,56696
213114,62944
213114,49888
213114,62860
242556,63510
210978,35732
210978,56696
242130,62944
242130,49888
242130,62860
208053,10808
208053,1372
164007,63538
164007,33886
164007,30500
164007,50718
88821,30500
88821,33886
88821,50718
88821,63538
165750,63538
165750,30500
165750,50718
165750,33886
220269,56696
220269,35732
207264,1304
207264,59822
220713,62944
220713,62860
220713,49888
211947,49888
211947,62860
211947,62944
213114,1372
213114,10808
182565,10808
182565,1372
242232,62944
206955,62944
242232,49888
206955,62860
242232,62860
206955,49888
238827,49888
238827,62944
238827,62860
129081,10652
242619,10652
129081,62944
129081,62860
242619,49888
242619,62860
129081,49888
242619,62944
157185,56696
157185,35732
204762,35846
227670,35846
203133,35846
166356,10652
206868,54096
187875,10808
187875,1372
176643,63510
172587,63510
207927,35732
207927,56696
227238,30500
227238,33886
227238,50718
227238,63538
153084,35732
153084,56696
249486,35846
203268,10652
196722,10652
160029,10652
173667,10652
154098,35732
154098,56696
238827,54096
242232,54096
206955,54096
209799,56696
209799,35732
212232,35732
212232,56696
200964,10652
209799,10652
128526,10808
128526,1372
214998,54096
225699,10652
176577,63510
64218,56696
64218,35732
173667,10808
173667,1372
159831,56696
159831,35732
222204,1372
222204,10808
153048,10652
198882,50274
242151,50274
190152,62860
190152,49888
190152,62944
212430,10652
235458,10652
167652,56696
167652,35732
203790,56696
203790,35732
252210,56696
252210,35732
230604,33534
212232,10652
206940,50274
184104,56696
184104,35732
222750,63510
68496,10652
210114,35732
210114,56696
248202,57804
154068,10652
247632,54096
128334,10652
72045,50274
153756,56696
153756,35732
234120,63510
225480,10652
191226,63510
204243,10652
229977,10808
229977,1372
172419,35732
172419,56696
224631,35732
224631,56696
165786,10652
183672,30500
183672,63538
183672,33886
183672,50718
246804,34092
246804,56714
190152,35846
155388,10808
155388,1372
250434,63510
196845,56696
196845,35732
210954,56696
210954,35732
179853,63510
225012,30500
225012,50718
225012,33886
225012,63538
223968,10652
184104,30500
184104,63538
184104,33886
184104,50718
175809,124
210393,56696
234093,56696
234093,35732
210393,35732
211473,56696
211473,35732
239577,57414
207330,10652
187659,62860
187659,62944
187659,49888
210627,1372
210627,10808
253557,1372
253557,10808
249930,63538
249930,33886
249930,30500
249930,50718
198981,10652
211476,10652
225276,35732
225276,56696
207243,10652
225501,16358
235932,56696
210840,56696
210840,35732
235932,35732
212775,10652
248796,30500
248796,33886
248796,63538
248796,50718
191247,33534
198279,62860
198279,62944
198279,49888
252081,1372
252081,10808
154068,1372
154068,10808
210000,63510
250020,56696
96444,56696
250020,35732
96444,35732
238827,62376
206955,62376
206955,1370
242232,62376
238827,1370
242232,1370
231909,56696
231909,35732
242619,35732
129081,56696
129081,35732
242619,56696
77484,16358
241389,10652
247983,35732
243546,56696
243546,35732
247983,56696
232068,16358
172419,54096
213513,56696
213513,35732
250434,35732
250434,56696
222669,35732
222669,56696
251631,62860
251631,49888
251631,62944
203454,35732
248013,35732
203277,56696
248250,35732
248250,56696
203454,56696
203277,35732
248013,56696
165786,1372
165786,10808
187659,10808
187659,1372
235932,63510
210840,63510
210978,33886
210978,30500
210978,63538
210978,50718
230073,1372
230073,10808
186990,1372
186990,10808
190113,10652
209880,59822
154551,1304
209880,1304
154551,59822
228729,10652
250434,10652
236226,1372
236226,10808
186987,63510
165684,10652
206496,57414
158766,57414
206412,57414
206514,57414
186987,10652
252177,49888
252177,62860
252177,62944
206439,35846
199242,50274
213513,56714
213513,34092
183492,1372
183492,10808
229737,124
242439,56696
242439,35732
247632,124
249687,1304
249687,59822
161526,63538
161526,30500
161526,50718
161526,33886
248292,10652
183672,10652
211812,10652
190113,49888
190113,62860
190113,62944
198279,56696
198279,35732
252480,35732
252480,56696
249297,10652
68676,10652
154032,124
176403,59394
212220,59394
177474,35732
177474,56696
163578,62944
163578,49888
163578,62860
166128,35732
166128,56696
245154,10808
245154,1372
210954,10652
248202,35846
203454,1304
248013,59822
248250,1304
248250,59822
203277,59822
203454,59822
248013,1304
203277,1304
213513,35846
206376,54096
203511,62944
203511,62860
203511,49888
249930,57414
154476,10652
165750,33534
88821,33534
179853,1370
179853,62376
61344,1372
61344,10808
210000,50718
210000,30500
210000,33886
210000,63538
164661,63510
206868,62860
206868,49888
206868,62944
224631,10652
157224,56696
157224,35732
226623,50718
226623,30500
226623,33886
226623,63538
72930,124
201798,30500
201798,50718
201798,33886
201798,63538
153756,33886
153756,30500
153756,50718
153756,63538
188787,54096
184950,63510
197529,59822
197529,1304
245154,10652
250020,10652
227238,10652
96444,10652
230010,10808
230010,1372
163251,10652
253557,50274
164457,10652
236226,49888
236226,62860
236226,62944
172587,56696
176643,35732
176643,56696
172587,35732
225393,62376
225393,1370
242442,1370
242442,62376
251619,1370
212748,1370
212748,62376
251619,62376
154827,49888
154827,62944
154827,62860
165786,49888
165786,62860
165786,62944
211533,124
250977,1372
250977,10808
214998,50718
214998,30500
214998,33886
214998,63538
242556,10652
172419,10652
206439,35732
206439,56696
207330,124
62817,1372
62817,10808
210954,33886
210954,30500
210954,50718
210954,63538
184509,50718
184509,63538
184509,30500
184509,33886
222750,10808
222750,1372
183492,62860
183492,62944
183492,49888
191247,10652
248013,10652
248250,10652
203277,10652
203454,10652
213513,54096
206346,54096
191247,35732
191247,56696
186438,124
195372,35732
195372,56696
157398,35732
157398,56696
206940,1372
206940,10808
206811,1372
207144,1372
206811,10808
207144,10808
206406,1372
206784,1372
206784,10808
206406,10808
226623,63510
184509,10652
187962,124
186378,10652
248292,10808
248292,1372
206940,35846
217293,35732
217293,56696
72918,56696
72918,35732
242619,35846
129081,35846
194883,62860
194883,62944
194883,49888
164064,35732
164064,56696
212430,1372
212430,10808
194883,16358
204411,10808
204411,1372
154032,16358
240912,63538
240912,33886
240912,50718
240912,30500
204780,10652
60864,33886
60864,63538
60864,50718
60864,30500
225480,16358
238218,10652
204375,62944
204375,49888
204375,62860
244971,62376
244971,1370
227238,56696
227238,35732
187962,10652
187659,10652
153084,33886
153084,63538
153084,50718
153084,30500
187221,1372
187221,10808
222906,33886
222906,50718
222906,63538
222906,30500
197286,35732
250653,56696
197286,56696
250653,35732
206955,10808
242232,1372
206955,1372
238827,1372
238827,10808
242232,10808
188787,50274
171702,35846
153048,10808
153048,1372
186438,10652
228948,62376
228948,1370
252405,10652
198873,1372
198873,10808
210678,49888
210678,62860
210678,62944
211812,1372
211812,10808
190152,54096
155055,10808
155055,1372
249216,35846
251493,35846
253506,35846
225501,57804
192942,10808
192942,1372
166356,62944
166356,62860
166356,49888
188685,33886
188685,30500
188685,63538
188685,50718
64218,10808
64218,1372
249513,49888
249513,62860
249513,62944
214506,35732
214506,56696
197529,63538
197529,50718
197529,33886
197529,30500
214998,10652
206496,35732
206496,56696
206412,56696
158766,35732
158766,56696
206412,35732
206514,56696
206514,35732
224841,16358
212448,10808
212448,1372
212586,35732
212586,56696
242856,56696
203700,56696
203700,35732
242856,35732
210141,35732
210141,56696
238293,124
207219,10652
207144,35846
206406,35846
206784,35846
206811,35846
229536,10808
229536,1372
209793,63510
221247,54096
164064,10652
209880,34092
154551,34092
209880,56714
154551,56714
240912,63510
179853,10808
179853,1372
203073,59822
203073,1304
221247,1372
221247,10808
249795,62944
196455,49888
208821,62860
249795,62860
208554,49888
208554,62860
200502,62860
196455,62944
208821,49888
208554,62944
200502,49888
196455,62860
208821,62944
200502,62944
249795,49888
238293,50274
243390,62944
243390,62860
243390,49888
212748,54096
251619,54096
242442,54096
225393,54096
224169,56696
224169,35732
243408,33886
243408,63538
243408,50718
243408,30500
188700,124
164337,10652
204144,10652
212448,1370
212448,62376
62817,54096
203517,62860
203517,62944
203517,49888
195372,1304
195372,59822
204762,56696
227670,56696
203133,35732
227670,35732
204762,35732
203133,56696
159831,50718
159831,30500
159831,63538
159831,33886
179853,50274
242556,63538
242556,50718
242556,30500
242556,33886
206847,16358
217494,35732
217494,56696
162792,10652
236226,10652
182565,10652
184710,10652
192942,35846
234972,63510
229341,63510
234018,63510
195372,124
183492,10652
192159,35732
192159,56696
209622,35846
183213,10652
181101,56696
181101,35732
244680,1372
244680,10808
252405,56696
252405,35732
206850,35732
206850,56696
210000,10652
60864,10652
154827,54096
165726,1304
165726,59822
183576,63510
164064,49888
164064,62860
164064,62944
206448,35846
204411,10652
187806,54096
207330,63186
60864,1372
60864,10808
161526,35732
161526,56696
206427,35846
207330,35732
207330,56696
154779,63510
62337,1372
211140,1372
62337,10808
211140,10808
164007,10652
172419,124
198981,10808
198981,1372
212301,49888
212301,62860
212301,62944
208053,10652
217002,50718
217002,63538
217002,33886
217002,30500
184104,10652
206850,35846
220269,10652
227310,35732
227310,56696
154032,1372
154032,10808
165744,124
210876,124
184710,1372
184710,10808
214998,124
204228,10808
204228,1372
215112,10652
243408,35732
243408,56696
129135,1372
129135,10808
250977,35732
250977,56696
210627,10652
171702,10652
249486,57414
230178,56696
230178,35732
213513,62860
213513,62944
213513,49888
206349,35846
206433,35846
228729,63510
164457,1372
164457,10808
214998,56696
214998,35732
64959,10652
209799,54096
203142,35846
239577,30500
239577,63538
239577,33886
239577,50718
186438,54096
207240,10652
72918,10652
217293,10652
184104,1372
184104,10808
162603,63510
198873,10652
72045,10808
72045,1372
222906,35732
222906,56696
177474,1372
177474,10808
177903,1372
177903,10808
188685,10652
222906,10652
209154,30500
209154,63538
209154,50718
209154,33886
184698,50718
184698,63538
184698,33886
184698,30500
230178,30500
230178,63538
230178,33886
230178,50718
208092,11262
252177,35846
61692,124
206850,1372
206850,10808
211413,62860
211413,62944
211413,49888
203259,33534
217380,33534
196722,33534
203268,33534
251631,35732
251631,56696
203082,30500
203082,33886
203073,50718
238611,33886
203073,30500
203073,33886
238611,50718
203073,63538
203082,63538
203082,50718
238611,30500
238611,63538
248301,10652
192618,10652
201798,35732
201798,56696
187386,49888
187386,62860
187386,62944
61344,63186
206868,56696
206868,35732
72930,16358
153999,35732
153999,56696
230028,35846
204795,62860
204795,62944
203724,62860
204795,49888
203724,62944
203724,49888
62817,124
240912,10652
154779,50718
154779,33886
154779,30500
154779,63538
206856,63510
213102,63510
229737,49888
229737,62944
229737,62860
176577,10652
207927,10652
242232,35846
206955,35846
238827,35846
223554,62376
59703,1370
203889,1370
203889,62376
192771,62376
223554,1370
199860,62376
229521,62376
210846,62376
205122,1370
192771,1370
251085,62376
199860,1370
229521,1370
210846,1370
251085,1370
59703,62376
205122,62376
187875,16358
211524,50274
232068,50274
247260,10808
247260,1372
62817,50274
204375,1372
204375,10808
203316,62860
129204,62944
129204,62860
246339,62860
129204,49888
203316,49888
203316,62944
246339,49888
208566,62860
208566,62944
246339,62944
208566,49888
72900,10652
198882,10652
242151,10652
154032,10652
167652,10652
190113,124
154770,10652
251967,50274
172503,10652
212586,16358
159831,10652
186378,1372
186378,10808
242556,57414
208821,35732
208554,35732
208554,56696
208821,56696
173667,49888
173667,62944
173667,62860
154098,10808
154098,1372
212283,56696
212283,35732
210978,10652
198855,10652
247260,11262
211476,10808
211476,1372
60864,35732
60864,56696
219522,16358
248550,57414
219522,57414
72900,62860
72900,62944
72900,49888
238293,16358
251967,1372
251967,10808
210234,50274
198792,10652
65640,10652
163101,16358
198873,56696
198873,35732
192618,57414
238611,1304
203082,1304
238611,59822
203082,59822
220713,10808
220713,1372
189045,62860
189045,49888
189045,62944
206439,62944
206439,62860
206439,49888
190113,35846
154473,63510
185067,63510
251967,63186
203517,124
252081,50274
61344,50274
230604,10652
211632,10808
211632,1372
216981,33886
216981,30500
216981,50718
216981,63538
212586,124
184698,63510
222906,10808
222906,1372
217494,10652
163101,35846
232035,10652
224211,50274
216822,124
201798,35846
186378,30500
186378,50718
186378,33886
186378,63538
211533,10652
212775,1372
212775,10808
212442,54096
230604,56696
230604,35732
243408,16358
184710,124
196845,54096
242442,57414
251619,57414
225393,57414
212748,57414
154011,10652
187734,10652
188730,10652
206346,59396
206346,62274
60864,33534
156063,10808
156063,1372
186378,124
72561,10652
177903,35732
177903,56696
232614,1372
232614,10808
240912,16358
203259,63538
203259,50718
203259,30500
203259,33886
217380,63538
217380,50718
217380,33886
217380,30500
183366,54096
173613,10652
212283,1372
212283,10808
176403,35846
212220,35846
208092,49888
208092,62860
208092,62944
244158,10652
162792,10808
162792,1372
184950,10652
253557,16358
242151,62274
198882,62274
242151,59396
198882,59396
61692,35846
164661,10652
156063,56696
156063,35732
250275,35846
206988,35846
251967,35846
223728,63538
223728,30500
223728,33886
223728,50718
157398,1372
157398,10808
194883,124
222750,56696
222750,35732
175293,35732
175293,56696
215298,16358
64959,62944
64959,49888
64959,62860
190152,56696
190152,35732
209799,49888
209799,62944
209799,62860
128526,48298
205959,124
243546,1372
247983,1372
247983,10808
243546,10808
206514,10808
206514,1372
206412,1372
158766,10808
206412,10808
206496,10808
206496,1372
158766,1372
208812,50718
208812,63538
208794,50718
208812,33886
208794,30500
208794,33886
208794,63538
208812,30500
195723,62944
195723,49888
195723,62860
162603,56696
162603,35732
242130,1370
242130,62376
187224,63510
211524,35846
203178,35846
252081,63186
232404,35846
250977,50718
250977,63538
250977,30500
250977,33886
201798,63510
64218,10652
212283,33886
212283,50718
212283,63538
212283,30500
247548,56696
247548,35732
238218,49888
238218,62944
238218,62860
77484,35846
221247,59822
221247,1304
154827,124
227670,10652
203133,10652
204762,10652
247956,1372
247956,10808
203142,33886
203142,30500
203142,50718
203142,63538
183576,10652
229977,54096
242442,63510
251619,63510
225393,63510
212748,63510
222669,1372
222669,10808
211533,56696
211533,35732
238611,63510
203082,63510
203073,63510
244971,59396
244971,62274
178458,56696
178458,35732
203829,49888
203829,62860
203829,62944
220269,16358
153756,10652
171702,62944
171702,62860
171702,49888
222750,63538
222750,50718
222750,33886
222750,30500
204228,63510
210840,35846
235932,35846
249687,63538
249687,50718
249687,30500
249687,33886
128526,35846
206868,10808
206868,1372
229737,35846
153312,10652
215112,16358
229977,124
192618,35732
192618,56696
210234,35846
224841,35732
224841,56696
211533,33534
209880,10652
154551,10652
246804,10652
25749,62274
25749,59396
191226,35732
191226,56696
207330,33886
207330,50718
207330,63538
207330,30500
186378,33534
234120,33886
234120,50718
234120,63538
234120,30500
248013,35846
203454,35846
248250,35846
203277,35846
203511,35846
184710,56696
184710,35732
77484,1372
77484,10808
205959,62860
205959,62944
205959,49888
153756,1372
153756,10808
209799,124
153792,10808
153792,1372
201564,49888
203295,49888
201564,62860
203295,62860
201564,62944
203295,62944
230178,1372
230178,10808
155388,16358
177903,50718
177903,33886
177903,63538
177903,30500
242439,35846
128538,1372
128538,10808
230010,10652
217494,16358
248796,62074
207240,54096
166437,10652
154779,62376
154779,1370
209793,59822
209793,1304
188331,49888
188331,62944
188331,62860
154167,62944
154167,62860
154167,49888
250782,35732
250782,56696
223104,59822
223104,1304
238293,35732
238293,56696
177903,10652
195372,10652
77484,124
154560,10652
242856,124
203700,124
249294,10652
238263,10652
249486,10808
249486,1372
204375,35846
213513,10808
213513,1372
61824,16358
200964,63538
200964,50718
200964,30500
200964,33886
207222,59394
210978,49888
210978,62944
210978,62860
249930,56696
249930,35732
157185,1372
157185,10808
212283,10652
25749,50720
212301,1372
212301,10808
224931,62944
224931,62860
224931,49888
60864,124
184674,57414
192618,124
242442,63186
251619,63186
225393,63186
212748,63186
227310,50274
166128,62860
166128,62944
166128,49888
163251,10808
163251,1372
25743,35732
25743,56696
231909,1372
231909,10808
175809,16358
183672,10808
183672,1372
245976,35732
245976,56696
167316,50718
167316,33886
167316,30500
167316,63538
203178,124
243390,54096
214998,49888
214998,62860
214998,62944
72117,1372
72117,10808
186438,62944
186438,62860
186438,49888
171702,10808
171702,1372
242556,56696
242556,35732
230073,35846
245976,10652
223728,63510
229977,62860
229977,62944
229977,49888
173613,63510
246804,1372
209880,10808
246804,10808
209880,1372
154551,10808
154551,1372
186882,63510
66879,10652
208794,63510
208812,63510
230178,10652
205812,10652
178068,10652
153084,1372
153084,10808
211473,63510
128334,62944
128334,49888
128334,62860
128526,57804
243390,124
172419,49888
172419,62944
172419,62860
165684,124
183105,61280
186438,16358
211632,10652
190152,1372
190152,10808
184710,57414
157185,10652
205815,10652
249294,59396
238263,59396
249294,62274
238263,62274
201798,10652
211533,62860
211533,49888
211533,62944
213102,56696
213102,35732
197529,35846
153402,56696
153402,35732
215112,62274
215112,59396
230010,62944
230010,62860
230010,49888
154779,50274
235335,10808
235335,1372
196455,56696
200502,35732
249795,56696
196455,35732
249795,35732
200502,56696
186378,35732
186378,56696
250362,124
225501,35846
209073,35846
243546,62376
247983,62376
243546,1370
247983,1370
164007,1372
164007,10808
183213,54096
242439,63510
154560,1372
154560,10808
203460,35732
203460,56696
215112,54096
235335,10652
232029,63186
252210,49888
252210,62860
252210,62944
229737,16358
206346,10808
206346,1372
242130,30500
242130,63538
242130,33886
242130,50718
249513,35846
207222,63186
202638,35846
156063,63510
210978,10808
210978,1372
251619,1372
225393,1372
251619,10808
212748,1372
225393,10808
242442,10808
242442,1372
212748,10808
187806,124
186987,56696
186987,35732
207264,57414
215112,124
212220,36720
176403,36720
240912,35846
252480,63510
217002,57414
165726,10652
232614,124
206376,35846
223968,10808
223968,1372
217002,56696
217002,35732
243408,35846
206940,124
65640,1372
65640,10808
25743,10808
25743,1372
226662,10652
241389,1372
241389,10808
209796,63186
154032,54096
64365,63510
220713,124
183105,36720
209073,10652
229737,54096
157767,16358
250782,1372
250782,10808
204375,10652
208536,49888
208536,62944
208536,62860
62337,1370
211140,1370
62337,62376
211140,62376
247632,62860
247632,62944
247632,49888
195372,16358
249513,10652
158766,33534
206496,33534
206514,33534
206412,33534
211947,56696
211947,35732
239577,56696
239577,35732
206427,35732
206427,56696
192159,10652
205959,16358
229536,50274
211524,124
166437,35732
166437,56696
64365,10652
205815,10808
205815,1372
247974,10808
247974,1372
226623,56696
226623,35732
244971,11262
184710,63510
240939,63538
240939,30500
240939,33886
240939,50718
247974,10652
212775,62944
212775,49888
212775,62860
199242,54096
175293,49888
175293,62944
175293,62860
242439,10652
229341,10808
234018,1372
229341,1372
234018,10808
234972,1372
234972,10808
178458,10652
187962,10808
187962,1372
203829,35846
187224,10652
248550,16358
217380,56696
203259,56696
203259,35732
217380,35732
166995,10652
208794,49888
208812,62944
208812,49888
208794,62860
208794,62944
208812,62860
202638,56696
202638,35732
159831,62944
207927,49888
207927,62944
207927,62860
159831,49888
159831,62860
154098,10652
179853,50718
179853,63538
179853,30500
179853,33886
210234,124
184950,10808
184950,1372
216981,35732
216981,56696
230073,50274
206376,50274
187962,33534
225480,35846
171702,124
72561,56696
72561,35732
195372,54096
198873,49888
198873,62944
198873,62860
204411,49888
204411,62944
204411,62860
224211,54096
249486,35732
249486,56696
228948,54096
211140,54096
62337,54096
210141,63510
190113,10808
190113,1372
242151,35846
198882,35846
61692,1372
61692,10808
187875,35846
182565,49888
182565,62944
182565,62860
222204,49888
222204,62944
222204,62860
227292,62944
227292,62860
227292,49888
213885,50718
213885,30500
213885,33886
213885,63538
165750,35732
88821,35732
88821,56696
165750,56696
183105,3382
247956,56696
247956,35732
252696,62944
252696,49888
252696,62860
165786,124
167652,10808
167652,1372
251967,124
248292,62944
248292,62860
248292,49888
232029,54096
209622,10652
172419,16358
191226,50718
191226,33886
191226,63538
191226,30500
221247,10652
213885,62944
213885,62860
213885,49888
223968,62944
223968,62860
223968,49888
188331,124
243408,10652
215298,50274
129135,49888
129135,62944
129135,62860
66879,10808
66879,1372
222750,10652
172503,10808
172503,1372
208053,124
165726,124
165786,54096
206364,62376
206364,1370
72918,1372
217293,10808
72918,10808
217293,1372
225699,49888
225699,62860
225699,62944
207243,62944
207243,49888
207243,62860
214998,16358
208053,62944
208053,49888
208053,62860
227292,1372
227292,10808
192618,63510
203517,16358
206784,54096
206811,54096
207144,54096
206406,54096
154560,35732
154560,56696
62817,16358
244971,10808
244971,1372
163101,62860
163101,62944
163101,49888
230010,54096
227670,33534
204762,33534
203133,33534
155055,62944
155055,62860
155055,49888
72561,10808
72561,1372
204780,16358
206376,124
245976,49888
245976,62860
245976,62944
157224,10652
203142,56696
203142,35732
128604,124
154068,62944
154068,62860
154068,49888
187875,124
249486,63510
211473,10652
172587,10652
176643,10652
242610,54096
206868,63186
153999,10808
153999,1372
208209,10652
183213,16358
153792,56696
153792,35732
212448,59396
212448,62274
183366,1372
183366,10808
184674,35732
184674,56696
210978,16358
207240,124
206364,56696
206364,35732
230010,124
247260,63186
209796,35846
207222,35846
235458,49888
235458,62944
235458,62860
210978,54096
247548,30500
247548,33886
247548,63538
247548,50718
164457,62860
164457,62944
164457,49888
213513,124
212301,35846
222906,62944
222906,62860
222906,49888
197529,10652
248301,62860
248301,49888
248301,62944
248178,35846
249486,63186
242439,50718
242439,30500
242439,33886
242439,63538
250947,10652
228948,63510
188700,10808
188700,1372
165750,10652
88821,10652
183213,124
248202,63186
227310,10652
200964,1370
200964,62376
248301,50274
234018,35846
229341,35846
234972,35846
242442,56696
212748,35732
242442,35732
251619,56696
225393,56696
225393,35732
251619,35732
212748,56696
210978,124
245976,16358
249297,10808
249297,1372
183213,35846
206667,62860
206667,62944
206667,49888
213114,63186
250782,33886
250782,50718
250782,30500
250782,63538
187386,50274
72117,63186
209622,49888
209622,62944
209622,62860
203517,54096
248202,59396
248202,62274
250782,10652
252480,10652
208092,10808
208092,1372
225012,49888
225012,62944
225012,62860
163101,10652
185067,10808
154473,1372
185067,1372
154473,10808
246804,35732
209880,56696
209880,35732
246804,56696
154551,56696
154551,35732
186990,62944
186990,49888
186990,62860
211524,10652
153756,16358
68676,124
192618,63538
192618,50718
192618,30500
192618,33886
184698,1372
184698,10808
211524,10808
211524,1372
197529,35732
197529,56696
224841,35846
203700,35846
242856,35846
128334,124
198981,50274
223104,35732
223104,56696
221247,62074
224631,62944
224631,49888
224631,62860
209154,56696
209154,35732
208053,16358
192942,54096
209154,63510
247956,63538
247956,30500
247956,33886
247956,50718
236226,54096
177474,10652
230604,10808
230604,1372
194883,35846
154068,124
210234,10652
232068,35846
186438,50274
210234,1372
210234,10808
190113,54096
183492,54096
153402,63538
153402,50718
153402,30500
153402,33886
230028,1372
230028,10808
208341,124
203796,124
203790,124
179853,49888
179853,62944
179853,62860
157398,10652
128526,50274
153756,62944
153756,62860
153756,49888
231909,10652
211476,62860
211476,62944
211476,49888
211140,36720
155388,35846
248550,56696
219522,56696
219522,35732
248550,35732
128526,63186
211965,10652
234030,10652
219522,63538
248550,33886
248550,63538
219522,30500
219522,33886
219522,50718
248550,50718
248550,30500
253557,35846
156063,30500
156063,63538
156063,50718
156063,33886
198279,10652
234093,10652
210393,10652
242610,1372
242610,10808
248292,16358
165786,16358
247974,56696
247974,35732
216981,10652
220269,63186
204375,54096
250977,10652
252177,1372
252177,10808
217494,33886
217494,30500
217494,50718
217494,63538
247983,62274
243546,59396
247983,59396
243546,62274
164661,35732
164661,56696
215112,59394
207243,124
212448,59394
208092,50274
210627,62860
210627,49888
210627,62944
206412,63510
206496,63510
158766,63510
206514,63510
210141,10652
220269,35846
182565,50274
25749,63186
154740,124
234156,62860
234156,62944
234156,49888
204228,35732
204228,56696
153756,124
235335,124
184950,56696
184950,35732
230028,50274
72045,54096
225012,10652
156063,10652
192159,49888
192159,62860
192159,62944
64218,16358
198981,124
212232,35846
206427,49888
206427,62860
206427,62944
211989,10808
211989,1372
203727,1372
203727,10808
232068,124
153756,54096
203511,1372
203511,10808
161526,10652
206850,49888
206850,62944
206850,62860
191247,1372
191247,10808
191226,1372
191226,10808
197286,10652
250653,10652
209799,16358
238611,10652
203073,10652
203082,10652
207243,54096
187659,124
186882,50718
186882,30500
186882,33886
186882,63538
72117,35846
206364,49888
206364,62860
206364,62944
203259,10652
217380,10652
194883,54096
188331,54096
183213,50274
219522,35846
249486,54096
227670,62944
204762,62860
227670,49888
203133,49888
203133,62860
204762,49888
227670,62860
203133,62944
204762,62944
203517,35846
191226,10652
72561,63538
72561,30500
72561,33886
72561,50718
212448,63186
154167,54096
190152,63186
207330,54096
188787,124
248292,54096
128538,54096
252081,35846
25743,62860
25743,62944
25743,49888
209622,56696
209622,35732
128334,54096
206376,1372
206376,10808
187386,1372
187386,10808
188787,50720
248292,124
184674,10652
154476,62944
154476,62860
154476,49888
242130,10808
242130,1372
166437,49888
166437,62944
166437,62860
225012,35732
225012,56696
252405,62860
252405,62944
252405,49888
186987,62860
186987,62944
186987,49888
176403,48298
212220,48298
247548,10808
247548,1372
160029,62274
160029,59396
224169,124
210954,62860
210954,62944
210954,49888
242856,54096
203700,54096
222669,59396
222669,62274
206346,59394
195372,10808
195372,1372
249930,63510
206667,1372
206667,10808
232614,16358
207240,35846
236226,50274
198873,33886
198873,30500
198873,63538
198873,50718
182292,50274
128538,10652
154770,49888
154770,62860
154770,62944
212586,63186
203142,10652
198882,1372
242151,1372
242151,10808
198882,10808
154032,62860
154032,62944
154032,49888
64218,62944
64218,49888
64218,62860
204375,124
196845,35846
229536,54096
220713,54096
246618,35846
242412,35846
157185,62860
157185,62944
157185,49888
153792,10652
64218,35846
206667,33534
235335,54096
154098,35846
212748,35846
242442,35846
251619,35846
225393,35846
189045,54096
206847,10652
184674,63510
223104,1372
223104,10808
206439,54096
247548,10652
249687,63510
154779,1372
154779,10808
212430,16358
154560,33886
154560,50718
154560,63538
154560,30500
181101,124
64959,50274
213102,1372
213102,10808
153048,124
214506,10652
249486,33534
154098,16358
248205,62944
248205,62860
248205,49888
68676,35846
226662,62860
226662,62944
226662,49888
215298,59396
215298,62274
163101,124
184104,16358
236775,56696
236775,35732
207222,59396
207222,62274
234972,10652
234018,10652
229341,10652
154881,16358
65640,49888
65640,62860
65640,62944
250362,33534
209622,124
62337,63538
62337,50718
62337,33886
62337,30500
223968,50274
188685,10808
188685,1372
215112,1372
215112,10808
192159,35846
206439,10808
206439,1372
204228,10652
220713,35846
247983,59394
243546,59394
184710,63186
229977,16358
72930,35846
203142,33534
247956,10652
230178,49888
230178,62860
230178,62944
248550,63510
211476,124
68676,16358
189045,124
253557,57804
206376,10652
251967,10652
129081,33534
242619,33534
209094,124
228948,35732
228948,56696
182565,124
213513,10652
211524,63186
221247,50274
210978,35846
155055,54096
207222,57804
154473,35732
185067,56696
185067,35732
154473,56696
153402,10808
153402,1372
238611,35846
203073,35846
203082,35846
167316,63510
239577,63510
153084,10652
72045,59396
72045,62274
225501,59396
225501,62274
209793,57414
128604,16358
215298,63186
164007,62944
164007,49888
164007,62860
200964,56696
200964,35732
154167,124
232068,49888
232068,62944
232068,62860
153999,10652
206496,63186
158766,63186
206412,63186
206514,63186
208488,10652
232035,35846
202638,62274
202638,59396
178068,10808
178068,1372
157767,1372
157767,10808
197286,62274
227310,62274
250653,62274
227310,59396
197286,59396
250653,59396
172419,35846
216822,11490
210234,63186
171702,54096
153402,10652
25749,3382
203178,1372
203178,10808
247260,50274
247983,63186
243546,63186
187962,63186
72108,10652
188685,16358
198873,54096
204144,62944
204144,62860
204144,49888
206868,124
244680,16358
208053,54096
204795,10652
203724,10652
184698,10652
184674,10808
184674,1372
253506,1372
251493,10808
251493,1372
253506,10808
249216,10808
249216,1372
252177,124
154779,49888
154779,62944
154779,62860
205959,54096
175809,35846
212232,124
153756,35846
244158,1372
244158,10808
61692,54096
244971,54096
178458,49888
178458,62944
178458,62860
129081,124
242619,124
183105,61348
238611,56696
203082,35732
203073,35732
238611,35732
203073,56696
203082,56696
153792,50718
153792,63538
153792,33886
153792,30500
232404,1372
232404,10808
195372,35846
206448,10808
206448,1372
225276,10652
154827,16358
207264,49888
207264,62944
207264,62860
212448,35846
213102,10652
190152,124
242439,10808
242439,1372
199242,59396
199242,62274
230028,63186
62817,62274
62817,59396
206940,10652
154740,16358
252081,36720
157398,49888
157398,62944
157398,62860
187659,62274
187659,59396
60864,63186
212301,54096
229977,35846
155055,16358
213885,59396
213885,62274
72930,62274
72930,59396
164007,16358
206988,10808
250275,1372
250275,10808
206988,1372
155055,124
204228,30500
204228,33886
204228,50718
204228,63538
206349,10808
206349,1372
206433,1372
206433,10808
224931,50274
208899,35846
248292,35846
217494,35846
215298,35846
212442,1372
212442,10808
206856,62376
206856,1370
184104,62944
184104,62860
184104,49888
182292,16358
205812,10808
205812,1372
220728,50274
176403,54290
212220,54290
203727,10652
203274,33534
197034,33534
173667,124
234120,16358
207927,54096
159831,54096
203460,62274
203460,59396
154881,124
154803,124
209796,50274
212586,35846
61344,33534
211476,16358
128334,35846
220269,59396
220269,62274
72117,59396
72117,62274
166128,124
251493,62860
253506,62944
253506,62860
249216,49888
251493,62944
249216,62944
251493,49888
249216,62860
253506,49888
198279,16358
223968,124
154068,54096
209073,16358
209073,62860
209073,49888
209073,62944
219522,63510
154476,10808
154476,1372
211989,10652
166128,35846
212430,124
153312,1372
153312,10808
248202,59394
186438,35846
206448,62860
206448,49888
206448,62944
195372,50274
176577,35846
176577,124
217494,62944
217494,49888
217494,62860
211476,50274
184710,33534
203829,10808
203829,1372
232029,35846
208872,35732
208872,56696
223104,10652
241824,62944
241824,62860
241824,49888
165726,62944
165726,62860
165726,49888
162792,62944
162792,62860
162792,49888
191247,124
61344,3382
187806,16358
188685,62944
188685,49888
188685,62860
206439,10652
209622,1372
209622,10808
164337,62944
164337,62860
164337,49888
198279,35846
242232,63186
238827,63186
206955,63186
211533,54096
61344,62274
61344,59396
187386,11262
248796,49888
248796,62944
248796,62860
182292,62944
182292,49888
182292,62860
203142,62860
203142,49888
203142,62944
214506,62860
214506,49888
214506,62944
153792,62860
153792,49888
153792,62944
165126,35732
165126,56696
253098,35732
253098,56696
187221,124
234120,56696
234120,35732
228948,35846
207243,16358
206349,62944
206433,49888
206349,62860
206433,62860
206433,62944
206349,49888
207240,63186
128334,16358
249297,62860
249297,49888
249297,62944
248550,35846
203700,1372
242856,10808
242856,1372
196845,1372
196845,10808
203700,10808
247260,10652
225276,1372
225276,10808
243408,10808
243408,1372
213114,33534
68676,54096
176577,16358
209094,62944
209094,62860
209094,49888
232029,10652
208536,35846
212442,59396
212442,62274
167652,49888
167652,62860
167652,62944
221247,35732
221247,56696
230010,35846
154740,54096
203724,50274
204795,50274
201798,33534
154167,35846
243546,35846
247983,35846
206667,54096
224169,54096
210876,1372
165744,10808
210876,10808
165744,1372
187875,62860
187875,49888
187875,62944
201564,35846
203295,35846
203511,124
206850,33534
187962,54096
247260,124
249687,56696
249687,35732
248202,48298
183366,59822
183366,1304
243408,49888
243408,62944
243408,62860
219231,35732
208758,35732
208758,56696
219231,56696
187659,16358
247974,63538
247974,30500
247974,33886
247974,50718
172419,50274
240912,10808
240912,1372
209094,16358
207222,61280
157767,124
154068,16358
198279,10808
198279,1372
214998,35846
236226,124
183366,10652
203727,35846
183492,124
213102,50720
224169,16358
172503,62944
172503,62860
172503,49888
211989,35846
206496,16358
158766,16358
206514,16358
206412,16358
165726,35846
165684,10808
165684,1372
214998,50274
159831,124
207927,124
181101,16358
222906,50274
203790,63186
208341,63186
203796,63186
247260,16358
171702,33534
181101,50274
212442,35846
153048,16358
232404,49888
232404,62944
232404,62860
189045,16358
209094,35846
59703,59396
203889,62274
251085,59396
210846,59396
229521,59396
205122,62274
192771,62274
192771,59396
210846,62274
203889,59396
59703,62274
199860,59396
229521,62274
251085,62274
223554,62274
223554,59396
199860,62274
205122,59396
182565,16358
252081,124
221247,124
235335,16358
248550,10652
219522,10652
207219,62944
207219,62860
207219,49888
244971,10652
211140,33886
211140,30500
211140,63538
211140,50718
165750,1372
88821,10808
165750,10808
88821,1372
204780,35846
245976,1372
245976,10808
162792,35846
206940,59396
206940,62274
238293,62274
238293,59396
208872,10652
163101,10808
163101,1372
222669,54096
173667,54096
206847,35846
190152,10652
217002,63510
128526,62274
128526,59396
230073,63186
206376,63186
164661,49888
164661,62944
164661,62860
244680,35846
184950,62860
184950,49888
184950,62944
213513,63186
216822,63186
154881,62944
154881,49888
154881,62860
188787,16358
213885,10652
203724,35846
204795,35846
182565,35846
217494,1372
217494,10808
206439,124
205959,35846
212283,49888
212283,62860
212283,62944
182292,35846
198981,62944
198981,62860
198981,49888
217380,124
203259,124
238293,63186
244680,62944
244680,62860
244680,49888
182565,54096
248796,35732
248796,56696
154881,35846
166356,124
243390,16358
197286,50274
250653,50274
212430,35846
206850,54096
164064,35846
128538,62074
188331,16358
232614,35846
198981,16358
61824,10808
61824,1372
232035,10808
232035,1372
61824,35846
162792,16358
209094,54096
68496,62944
68496,49888
68496,62860
154473,10652
185067,10652
192618,1372
192618,10808
220728,57804
154098,33534
176403,61280
212220,61280
207243,35846
209799,35846
206406,63186
206811,63186
206784,63186
207144,63186
224211,59396
224211,62274
188685,124
64959,10808
64959,1372
184710,54096
212775,16358
154098,124
206868,10652
208488,56696
208488,35732
222204,16358
72045,124
167316,10652
228948,49888
228948,62944
228948,62860
186378,63186
72900,1372
72900,10808
249930,10652
187806,62274
187806,59396
165786,35846
214506,1372
214506,10808
167316,56696
167316,35732
184674,63538
184674,50718
184674,33886
184674,30500
210678,10652
185067,50718
185067,30500
154473,50718
185067,63538
154473,63538
154473,30500
185067,33886
154473,33886
208053,35846
165126,62860
253098,62860
253098,49888
165126,62944
253098,62944
165126,49888
229536,124
165684,49888
165684,62860
165684,62944
210114,10652
192942,63186
213114,124
247956,49888
247956,62860
247956,62944
222204,124
211476,35846
154167,16358
252081,10652
211533,63186
204228,50274
128604,54096
164064,124
220269,59394
206988,62944
250275,49888
206988,62860
206988,49888
250275,62860
250275,62944
163251,62944
163251,49888
163251,62860
223728,62944
223728,62860
223728,49888
166356,35846
221526,35846
210690,35846
208899,62860
208899,62944
208899,49888
186987,35846
206427,1372
206427,10808
224841,10652
66879,62860
66879,49888
66879,62944
154098,49888
154098,62944
154098,62860
234030,62274
234030,59396
211965,59396
211965,62274
206364,54096
209622,33534
181101,54096
200964,62860
200964,62944
200964,49888
199242,124
234120,10652
157767,35846
183366,62074
188700,63186
197529,49888
197529,62860
197529,62944
162792,124
212301,10652
64218,124
206856,35846
183105,33534
154740,35846
245154,35846
230604,124
224841,62944
224841,49888
224841,62860
184509,62944
184509,62860
184509,49888
225480,1372
225480,10808
188700,62944
188700,62860
188700,49888
211413,10652
163578,54096
221247,63186
250947,62274
250947,59396
247956,16358
209154,10808
209154,1372
187659,54096
242439,124
230073,59396
230073,62274
221247,16358
209799,50274
216981,10808
216981,1372
206940,59394
242130,51316
178458,1372
178458,10808
250434,62860
250434,62944
250434,49888
72561,62944
72561,49888
72561,62860
236775,49888
236775,62944
236775,62860
235932,1372
235932,10808
210840,10808
210840,1372
206346,10652
248205,54096
206811,10652
207144,10652
206406,10652
206784,10652
163101,54096
225501,63186
167316,1372
167316,10808
216822,54096
187806,35846
184104,35846
176403,53386
212220,53386
238611,124
203073,124
203082,124
224211,124
160029,1372
160029,10808
178458,50274
194883,62274
194883,59396
217380,49888
203259,49888
203259,62860
203259,62944
217380,62860
217380,62944
202638,63186
167652,124
183366,124
224931,35846
197529,33534
249687,1372
249687,10808
239577,10652
186882,56696
186882,35732
183492,50274
225501,36720
248796,59822
248796,1304
213885,54096
184509,50274
186987,124
212775,35846
164064,16358
225501,50720
207330,62944
207330,62860
207330,49888
204795,62274
204795,59396
203724,59396
203724,62274
164007,35846
188685,35846
206364,35846
154881,50274
178068,49888
178068,62944
178068,62860
204780,10808
204780,1372
206448,54096
177903,62860
177903,49888
177903,62944
211812,35846
206850,63186
211989,62860
211989,49888
211989,62944
203727,49888
203727,62860
203727,62944
253557,59396
253557,62274
61692,63186
62817,35846
187962,49888
187962,62944
187962,62860
155055,35846
236775,1372
236775,10808
230010,33534
208488,10808
208488,1372
128538,16358
171702,63186
206412,54096
206514,54096
206496,54096
158766,54096
248205,124
208794,10808
208812,1372
208794,1372
208812,10808
161526,10808
161526,1372
212448,124
211524,62274
211524,59396
244680,50274
210000,16358
251619,124
242442,124
225393,124
212748,124
128538,50274
211632,49888
211632,62860
211632,62944
204243,16358
248178,62860
248178,62944
248178,49888
166356,54096
154881,54096
224931,16358
166128,16358
211533,1372
211533,10808
206433,54096
206349,54096
183213,10808
183213,1372
162603,10808
162603,1372
187734,62860
187734,62944
188730,49888
188730,62860
188730,62944
154011,49888
154011,62860
154011,62944
187734,49888
253506,33534
249216,33534
251493,33534
238293,35846
198855,35846
240912,49888
240912,62860
240912,62944
225501,48298
223104,54096
204243,50274
154803,50274
242610,16358
203460,10808
203460,1372
234120,35846
173667,35846
188331,35846
204243,62860
204243,49888
204243,62944
25749,59394
250362,63186
211524,16358
210234,62274
210234,59396
153312,62944
153312,62860
153312,49888
224169,35846
192942,10652
65640,35846
223728,1372
223728,10808
77484,50274
245154,16358
198855,124
197529,124
198873,50274
244680,124
206376,16358
183105,50720
204411,54096
196722,124
203268,124
222669,10652
207927,16358
159831,16358
204144,10808
204144,1372
232035,50274
165744,62860
210876,62944
210876,62860
210876,49888
165744,62944
165744,49888
223728,35732
223728,56696
242130,54096
198855,16358
210234,16358
206940,16358
249513,1372
249513,10808
212775,124
223104,124
157224,62860
157224,62944
157224,49888
164337,1372
164337,10808
128334,50274
167652,16358
220728,54096
222669,57804
226662,56696
226662,35732
248796,10652
235335,35846
251967,59396
251967,62274
154770,54096
207927,35846
198981,54096
72900,35846
248205,16358
183366,35732
183366,56696
64218,54096
65640,16358
165726,33534
230604,62944
230604,49888
230604,62860
217002,10652
244158,49888
244158,62860
244158,62944
154167,50274
163578,50274
72930,63186
227670,124
204762,124
203133,124
154827,50274
186987,16358
219231,10808
219231,1372
208758,10808
208758,1372
213114,10652
188331,62274
188331,59396
177903,50274
242610,124
206427,124
186378,62860
186378,49888
186378,62944
65640,124
198855,62860
198855,62944
198855,49888
189045,35846
198981,35846
249486,124
253506,54096
249216,54096
251493,54096
187875,50274
246618,10808
242412,10808
242412,1372
246618,1372
157185,35846
204243,35846
154551,49888
246804,62860
246804,49888
209880,62860
209880,62944
209880,49888
246804,62944
154551,62944
154551,62860
183366,63186
175809,63186
223968,54096
211812,16358
245976,124
224841,10808
224841,1372
208341,59396
203796,62274
203796,59396
208341,62274
198279,124
240939,11262
72930,50720
224841,124
96444,33534
250020,33534
252081,59396
252081,62274
207264,56696
207264,35732
206427,10652
206427,54096
203796,33534
208341,33534
187221,50274
242610,50274
225276,49888
225276,62944
225276,62860
206448,33534
163578,124
191247,62860
191247,49888
191247,62944
225012,16358
165750,124
88821,124
210840,62860
210840,49888
235932,62860
235932,49888
210840,62944
235932,62944
225699,10808
225699,1372
204411,50274
183366,16358
242856,63186
203700,63186
128604,62944
128604,49888
128604,62860
206346,35846
184104,124
247983,124
243546,124
230028,10652
206514,10652
206496,10652
206412,10652
158766,10652
250434,35846
212448,10652
61344,59394
194883,50720
128604,35846
153048,35846
77484,54096
209073,10808
209073,1372
25743,124
183576,49888
183576,62860
183576,62944
221526,1372
210690,1372
221526,10808
210690,10808
162603,10652
203460,124
175293,124
155388,63186
242232,10652
206955,10652
238827,10652
251967,16358
224931,54096
235458,54096
223104,16358
206433,33534
206349,33534
209154,10652
207264,54096
232068,54096
182292,124
164661,10808
164661,1372
221526,50274
210690,50274
216822,33534
154803,16358
128526,59394
206448,10652
250434,10808
250434,1372
198981,50720
165726,1372
165726,10808
232404,10652
251619,49888
251619,62860
242442,62944
212748,62860
242442,49888
225393,62944
212748,49888
225393,49888
242442,62860
225393,62860
212748,62944
251619,62944
204375,63186
222669,59394
216822,59396
216822,62274
220728,35846
217293,62860
217293,49888
72918,62944
72918,62860
217293,62944
72918,49888
154803,54096
235458,124
224931,124
250275,33534
206988,33534
250782,62860
250782,49888
250782,62944
203829,124
153084,62944
153084,62860
153084,49888
210954,50274
128538,63186
221526,10652
210690,10652
187806,50720
242130,11262
203295,10652
201564,10652
250020,124
96444,124
227238,124
60864,62944
60864,49888
60864,62860
175293,35846
211965,50274
234030,50274
223968,16358
154770,124
160029,35846
210000,35846
212442,124
230178,54096
212442,10652
204411,124
222204,54096
206349,10652
206433,10652
175293,16358
229536,59396
229536,62274
165126,1372
253098,1372
165126,10808
253098,10808
209622,63186
253557,63186
211140,63186
62337,63186
211476,54096
164064,54096
232404,54096
248205,50274
245976,35846
208536,10652
183672,50274
72117,59394
247260,62074
222750,62944
222750,62860
222750,49888
203790,59396
203790,62274
190113,63186
184698,35846
227238,33534
203178,54096
240939,50274
232029,124
203790,33534
166356,16358
206346,57804
238218,50274
215112,35846
173667,16358
205815,49888
205815,62860
205815,62944
219522,33534
154068,35846
153048,62860
153048,49888
153048,62944
154560,49888
154560,62944
154560,62860
154098,54096
201798,124
206850,10652
188787,62274
188787,59396
209073,124
164457,124
164007,124
249486,49888
249486,62860
249486,62944
247956,35846
251967,59394
206940,33534
198279,50274
206847,54096
206847,63186
241389,124
61824,124
64959,54096
154827,35846
243546,10652
247983,10652
189045,50274
72561,124
225276,35846
206439,63186
232404,124
201564,10808
201564,1372
203295,10808
203295,1372
206346,63186
217494,124
206868,16358
163251,35846
64959,62274
64959,59396
226662,16358
248202,54290
210000,49888
210000,62860
210000,62944
128526,50720
226662,35846
235458,16358
60864,54096
199242,50720
72045,50720
204795,10808
203724,10808
204795,1372
203724,1372
230178,124
68676,62944
68676,62860
68676,49888
209793,56696
209793,35732
230028,124
246618,50274
242412,50274
225480,124
248202,36720
228948,16358
203796,1372
208341,1372
203790,10808
203790,1372
208341,10808
203796,10808
154770,50274
157767,54096
211413,10808
211413,1372
247632,16358
222906,54096
163251,124
190152,16358
156063,50274
250977,62944
250977,49888
250977,62860
154803,62860
154803,62944
154803,49888
166128,54096
206847,124
202638,10808
202638,1372
224211,50720
211812,124
212442,59394
227310,10808
227310,1372
206448,124
225012,1372
225012,10808
232404,33534
207927,50274
155055,50274
232029,16358
172587,62860
172587,62944
176643,62860
176643,62944
172587,49888
176643,49888
187221,62860
187221,62944
187221,49888
211524,50720
183672,62944
183672,62860
183672,49888
72108,62944
72108,62860
72108,49888
238827,124
206955,124
242232,124
236226,16358
209622,54096
230028,33534
206346,124
157185,124
206811,16358
206784,16358
206406,16358
207144,16358
183492,16358
234120,49888
234120,62860
234120,62944
167652,35846
187221,16358
154551,124
209880,124
246804,124
235932,33534
210840,33534
206850,16358
250362,10808
250362,1372
245154,124
211524,59394
183366,50274
238263,35846
249294,35846
154740,62860
154740,62944
154740,49888
163251,16358
235458,35846
188787,35846
176403,50720
212220,50720
88821,49888
88821,62944
165750,49888
165750,62860
165750,62944
88821,62860
232035,59396
232035,62274
192771,10652
210846,10652
59703,10652
205122,10652
229521,10652
223554,10652
199860,10652
251085,10652
203889,10652
206496,124
206412,124
206514,124
158766,124
165726,56696
165726,35732
206376,50720
249486,10652
206433,124
206349,124
187224,49888
187224,62860
187224,62944
241389,62944
241389,49888
241389,62860
243408,124
213114,16358
203274,124
197034,124
211476,50720
206988,54096
250275,54096
210234,50720
246339,10652
129204,10652
208566,10652
186378,54096
183105,32496
166437,54096
211413,35846
187659,50720
249486,16358
229536,35846
203460,63186
222204,35846
159831,35846
247632,35846
128538,1304
128538,59822
213513,33534
192942,16358
208092,10652
248250,63186
203454,63186
203277,63186
248013,63186
250947,35846
154560,124
210234,59394
246618,10652
242412,10652
242130,50274
229536,50720
165684,63186
210876,63186
165744,63186
198855,50274
206952,11262
164457,50274
206784,124
206406,124
207144,124
206811,124
247548,49888
247548,62944
247548,62860
210678,35846
213885,56696
213885,35732
252081,16358
241824,35846
241389,35846
213885,50274
211947,10652
212301,33534
212430,62860
212430,49888
212430,62944
210000,124
225501,59394
176643,35846
172587,35846
176577,54096
221526,59396
210690,62274
221526,62274
210690,59396
220728,10808
220728,1372
220728,10652
214998,63186
212283,50274
242610,10652
226623,62860
226623,62944
226623,49888
211812,62860
211812,62944
211812,49888
224631,50274
210627,54096
153048,50274
203796,54096
208341,54096
203790,54096
208209,10808
208209,1372
192618,63186
251967,50720
224631,124
230028,50720
251967,33534
192159,33534
184674,16358
207222,50720
154770,16358
128538,124
220269,57804
249513,50274
212232,33534
227292,50720
181101,35846
206406,33534
206784,33534
206811,33534
207144,33534
198873,124
208872,10808
208872,1372
211524,33534
153048,54096
224631,54096
178458,124
230178,16358
68496,1372
68496,10808
203142,124
186882,1372
186882,10808
222906,62274
222906,59396
72045,16358
247260,1304
247260,59822
164457,54096
153792,16358
203316,35846
206376,59396
206376,62274
208209,62944
208209,62860
208209,49888
251619,16358
225393,16358
242442,16358
212748,16358
153792,54096
249687,49888
249687,62860
249687,62944
228948,124
230010,63186
250977,16358
204243,54096
153999,62944
153999,49888
153999,62860
192942,33534
229536,16358
210234,33534
227292,124
154770,35846
153402,62860
153402,62944
153402,49888
154551,30500
154551,33886
154551,63538
154551,50718
209880,30500
246804,33886
209880,50718
246804,30500
246804,50718
246804,63538
209880,33886
209880,63538
210114,62860
210114,49888
210114,62944
207264,63186
176577,49888
176577,62944
176577,62860
191226,62860
191226,62944
191226,49888
196845,63186
166128,50274
234156,1372
234156,10808
153792,35846
198873,50720
64959,50720
212442,57804
210000,50274
248205,35846
205812,35846
208899,10652
212232,54096
172419,63186
166437,124
209880,54096
246804,54096
154551,54096
96444,1372
96444,10808
227238,1372
227238,10808
250020,1372
250020,10808
192942,124
208566,35846
129204,35846
246339,35846
241389,16358
215112,57804
245154,62944
245154,62860
245154,49888
253557,59394
231909,62860
231909,49888
231909,62944
206439,16358
204243,124
212448,57804
129135,54096
238218,50720
187386,54096
161526,62860
161526,62944
161526,49888
216981,62944
216981,49888
216981,62860
128526,54290
251631,10652
212442,63186
206856,62944
206856,49888
206856,62860
199242,16358
208536,1372
208536,10808
224841,54096
61824,50720
162792,54096
248202,50720
235932,124
210840,124
72561,54096
183213,62274
183213,59396
186882,10652
251619,10652
242442,10652
212748,10652
225393,10652
242439,49888
242439,62944
242439,62860
247974,62944
247974,62860
247974,49888
183492,50720
154803,35846
242610,63186
177474,124
183213,50720
235932,10652
210840,10652
234156,35846
232614,62944
232614,62860
232614,49888
238827,33534
206955,33534
242232,33534
248550,33534
206667,63186
205122,35846
223554,35846
229521,35846
251085,35846
203889,35846
210846,35846
192771,35846
59703,35846
199860,35846
192159,124
64959,124
213885,34092
213885,56714
187659,35846
224211,16358
248202,53386
154476,50274
177474,35846
184509,16358
230073,50720
173613,10808
173613,1372
209796,59396
209796,62274
182565,57804
243390,35846
210978,63186
247956,54096
186990,35846
167652,54096
167316,49888
167316,62860
167316,62944
247956,124
212220,3382
176403,3382
209094,50274
212430,54096
235932,54096
210840,54096
219231,10652
208758,10652
210393,35846
234093,35846
230028,62274
230028,59396
241824,1372
241824,10808
179853,11262
212586,50274
205815,50274
222669,124
250362,54096
225393,50274
251619,50274
212748,50274
242442,50274
207264,35846
242610,59822
242610,1304
201798,49888
201798,62944
201798,62860
244158,35846
232614,54096
211947,10808
211947,1372
250947,10808
250947,1372
211632,124
165726,63186
221247,35846
246618,59396
242412,59396
246618,62274
242412,62274
166437,16358
235458,50274
252405,10808
252405,1372
210954,16358
205815,124
238293,50720
229977,50274
183213,63186
163251,3382
154740,50274
62817,63186
184104,54096
207222,3382
72045,35846
199242,35846
205812,62860
205812,62944
205812,49888
203082,49888
238611,62860
203073,62944
203073,49888
203073,62860
238611,49888
203082,62860
238611,62944
203082,62944
209073,54096
220728,50720
195372,63186
206376,33534
184698,16358
233970,49888
233970,62860
233970,62944
154560,54096
251631,50274
212301,124
211473,10808
211473,1372
209793,62860
209793,49888
209793,62944
65640,54096
230604,63186
77484,62274
77484,59396
183576,1372
183576,10808
184509,54096
223968,3382
250653,10808
197286,10808
197286,1372
250653,1372
242442,33534
251619,33534
225393,33534
212748,33534
153792,124
222906,50720
203316,10652
230028,16358
232404,16358
252696,124
187806,63186
184509,35846
204411,35846
157224,1372
157224,10808
210954,54096
253557,50720
177474,16358
177474,62944
177474,49888
177474,62860
153756,63186
252696,16358
207264,10652
244971,63186
224631,16358
176643,10808
172587,10808
172587,1372
176643,1372
187221,54096
250947,50274
157185,16358
231909,16358
230073,59394
210678,10808
210678,1372
242130,60
250020,63186
227238,63186
96444,63186
178458,54096
191247,63186
244971,16358
153084,54096
234030,1372
211965,1372
234030,10808
211965,10808
235335,50274
247632,50274
210141,1372
210141,10808
164337,124
206376,59394
252696,35846
252480,10808
252480,1372
211533,50274
206448,16358
72561,16358
203517,50274
153084,35846
154032,63186
224211,35846
234972,62944
234018,49888
229341,62944
234018,62944
229341,62860
229341,49888
234972,62860
234972,49888
234018,62860
61824,54096
163101,33534
64365,1372
64365,10808
240939,59396
240939,62274
220269,61280
178458,62274
178458,59396
172503,35846
247260,59396
247260,62274
186438,63186
248202,61280
209799,63186
215298,50720
183213,59394
247974,124
207264,10808
207264,1372
209073,33534
183105,63418
183105,39186
165786,63186
184509,124
186990,16358
206433,16358
206349,16358
186990,124
208092,54096
210627,50274
252210,10652
157767,50720
249513,59396
249513,62274
211632,16358
227292,16358
226623,10652
188700,54096
206427,16358
248301,50720
209796,48298
184674,35846
236226,50720
186882,49888
186882,62944
186882,62860
72918,35846
217293,35846
154560,16358
208341,50720
203796,50720
203790,50720
230028,59394
236775,10652
238611,33534
203073,33534
203082,33534
240912,124
212283,16358
208812,56696
208794,35732
208794,56696
208812,35732
210954,35846
188730,1372
188730,10808
154011,1372
187734,1372
154011,10808
187734,10808
241824,10652
190113,33534
154560,50274
72561,50274
188787,63186
238218,1372
238218,10808
166995,49888
166995,62944
166995,62860
157398,16358
228729,10808
228729,1372
227292,35846
154551,16358
209880,16358
246804,16358
153084,124
206940,50720
214506,35846
177903,54096
211236,1370
211236,62376
72930,59394
203274,10808
197034,10808
203274,1372
197034,1372
210954,124
213102,50274
206856,1372
206856,10808
234156,10652
183105,11490
248178,10652
224631,35846
129135,50274
211965,35846
234030,35846
172503,124
209622,50274
209154,35846
208554,10652
208821,10652
196455,10652
249795,10652
200502,10652
172503,16358
249297,124
207219,1372
207219,10808
187875,54096
216822,1372
216822,10808
163578,16358
244971,124
175293,54096
232614,50274
211413,50274
247974,16358
68676,50274
222750,35846
242610,62074
25743,16358
88821,63186
165750,63186
225012,35846
157224,35846
183213,33534
164337,16358
215298,59394
187221,35846
211947,50274
252177,54096
240939,62074
238293,57804
198279,54096
215112,63186
160029,50274
248301,1372
248301,10808
198855,54096
25743,35846
187659,59394
212232,59396
212232,62274
157398,54096
248202,3382
223968,35846
25749,32496
129135,35846
172587,16358
176643,16358
203454,33534
248250,33534
203277,33534
248013,33534
154827,63186
156225,62376
156225,1370
230178,35846
198882,16358
242151,16358
198792,62860
198792,49888
198792,62944
232068,59396
232068,62274
212283,35846
208341,59394
203796,59394
215112,61280
214506,16358
204411,16358
209793,1370
209793,62376
229536,32496
235335,63186
222750,16358
252210,35846
188331,50720
186987,54096
249297,16358
225276,50274
245976,50274
203274,63186
197034,63186
250977,50274
160029,16358
203232,1370
203232,62376
167316,16358
209796,39186
209796,63418
203178,63186
212775,54096
196722,10808
203268,1372
196722,1372
203268,10808
206850,124
223968,50720
235932,16358
210840,16358
204144,16358
176403,39186
176403,63418
212220,39186
212220,63418
225276,16358
206364,63186
253557,33534
216822,59394
203178,59396
203178,62274
206427,63186
187806,59394
183492,35846
214506,50274
228948,10652
205905,62376
249579,1370
61908,62376
205905,1370
249579,62376
61908,1370
223104,35846
178458,50720
182292,54096
244971,62074
206940,57804
206667,16358
204228,49888
204228,62944
204228,62860
205815,16358
184950,35846
248796,50274
238293,59394
247974,54096
227292,54096
194883,63186
194883,59394
228729,62860
228729,62944
228729,49888
236226,35846
203256,62376
203256,1370
212448,61280
64365,49888
64365,62944
64365,62860
163251,50274
72117,3382
64218,63186
213102,62860
213102,62944
213102,49888
208899,10808
208899,1372
242610,56696
242610,35732
252081,59394
164661,54096
154068,50274
222204,50274
247983,57804
243546,57804
220728,59396
220728,62274
165726,54096
215112,48298
184698,62944
184698,62860
184698,49888
154779,54096
187224,10808
187224,1372
221247,59396
221247,62274
228948,50274
229341,16358
234018,16358
234972,16358
231909,50274
204375,33534
207240,33534
251631,1372
251631,10808
245976,54096
203790,59394
128604,50274
197286,35846
250653,35846
72918,16358
217293,16358
179853,54096
248292,63186
220713,33534
129135,124
195723,10808
195723,1372
198873,16358
154473,62944
154473,62860
185067,62860
185067,62944
185067,49888
154473,49888
157398,124
243408,33534
72930,63418
72930,39186
222669,35846
210000,54096
203454,1372
248250,10808
203454,10808
248013,10808
203277,1372
203277,10808
248013,1372
248250,1372
72045,59394
163578,35846
240939,1304
240939,59822
204780,124
203268,63186
196722,63186
210627,124
248796,10808
248796,1372
233970,10808
233970,1372
61692,50274
211524,57804
224841,33534
251967,3382
203178,50720
206940,3382
72918,50274
217293,50274
162603,62860
162603,62944
162603,49888
206448,63186
206667,10652
164337,35846
203511,54096
72045,32496
199242,32496
153084,16358
248250,124
203454,124
248013,124
203277,124
66879,35846
219522,124
250434,16358
129135,16358
205812,16358
253506,10652
249216,10652
251493,10652
237804,62376
237804,1370
222750,50274
234951,56714
234951,34092
251631,35846
210234,57804
242856,59396
203700,59396
196845,59396
196845,62274
242856,62274
203700,62274
208092,16358
210114,1372
210114,10808
210627,16358
244680,54096
206433,63186
206349,63186
164457,16358
204144,124
220713,63186
226623,35846
220269,48298
202638,124
208566,10808
208566,1372
129204,1372
246339,10808
246339,1372
129204,10808
77484,63186
154167,50720
207264,16358
187386,10652
216981,50274
243390,50274
206988,10652
250275,10652
252177,63186
199242,59394
251631,62274
251631,59396
229977,63186
153084,50274
242556,62860
242556,49888
242556,62944
212301,63186
248202,33534
250977,35846
157398,35846
250434,124
208554,35846
208821,35846
208350,62376
208350,1370
248796,124
188685,54096
206955,16358
242232,16358
238827,16358
253557,48298
249297,35846
186987,50274
184674,124
227310,35846
184710,62860
184710,49888
184710,62944
62817,50720
157185,50720
183213,3382
210678,62274
210678,59396
204144,35846
25749,39186
25749,63418
248178,10808
248178,1372
243546,61280
247983,61280
226623,10808
226623,1372
229737,63186
206346,61280
198279,62274
198279,59396
210168,62376
210168,1370
223968,57804
172503,33534
212448,16358
225501,33534
153999,124
206856,54096
69060,1370
69060,62376
244158,16358
200964,62074
199242,63186
184104,33534
231909,35846
128538,35732
128538,56696
66879,50274
240912,33534
211524,3382
207264,124
198792,1372
198792,10808
211632,35846
224211,63186
185067,50274
154473,50274
224169,63186
224211,32496
199242,11490
72045,11490
183213,57804
203517,63186
203460,33534
209154,62944
209154,62860
209154,49888
239577,10808
239577,1372
211140,16358
62337,16358
242130,63186
211632,54096
234120,33534
129081,62274
242619,62274
129081,59396
242619,59396
249930,1372
249930,10808
166995,10808
166995,1372
232068,63186
205812,124
64959,16358
157185,54096
213885,48298
253506,63186
251493,63186
249216,63186
247974,50274
242130,16358
165126,10652
253098,10652
211632,50274
252696,54096
210234,3382
25743,54096
205959,63186
212448,36720
232068,50720
247983,36720
243546,36720
244971,59394
228948,33534
156063,62860
156063,49888
156063,62944
173613,49888
173613,62944
173613,62860
68496,124
72561,35846
176577,50274
212283,54096
211473,49888
211473,62860
211473,62944
232029,33534
248202,39186
248202,63418
157767,50274
207588,1370
61305,62376
203166,62376
203166,1370
61305,1370
207588,62376
198882,124
242151,124
208872,35846
174195,1370
174195,62376
249687,10652
249513,16358
230028,3382
225012,33534
249795,59396
200502,59396
208554,59396
196455,62274
208821,59396
196455,59396
208821,62274
208554,62274
249795,62274
200502,62274
176403,33534
212220,33534
72108,10808
72108,1372
72117,50720
242151,54096
198882,54096
230073,57804
240939,62376
240939,1370
212301,16358
200964,57414
183672,16358
216981,124
234864,11262
206376,3382
208092,124
204771,1370
204771,62376
159831,50274
165786,50274
250977,124
225501,54290
154560,35846
242439,33534
61824,63186
206868,33534
209796,59394
212232,1372
212232,10808
252480,62944
252480,49888
252480,62860
189045,63186
210876,54096
165744,54096
165684,54096
182295,1370
182295,62376
247029,1370
247029,62376
212442,16358
164007,50274
210627,35846
203511,63186
229737,50274
203055,1370
203055,62376
210393,1372
234093,10808
234093,1372
210393,10808
206940,36720
243546,16358
247983,16358
163251,50720
62337,124
211140,124
212283,124
208092,59822
208092,1304
208053,63186
232404,63186
212232,63186
188331,59394
238263,10808
249294,1372
238263,1372
249294,10808
164007,54096
178458,16358
207243,63186
64959,35846
177474,54096
154167,63186
224931,50720
154098,50274
155055,63186
205815,35846
207222,39186
207222,63418
206376,57804
215298,57804
157224,16358
205815,54096
211812,54096
210393,59396
210393,62274
234093,59396
234093,62274
241263,1370
241263,62376
205815,50720
229536,11490
198873,62274
198873,59396
186990,54096
181593,1370
181593,62376
230028,57804
249795,35846
196455,35846
200502,35846
187386,16358
195723,50720
183672,35846
154476,124
236226,63186
128526,61280
242130,124
244158,124
245154,54096
157767,63186
207243,50274
210141,49888
210141,62860
210141,62944
183492,63186
184950,16358
213885,59394
198882,59394
242151,59394
248292,50274
243390,63186
177903,124
224211,59394
166437,50274
222906,124
154779,11262
206940,61348
66879,124
248550,124
247974,35846
190152,33534
61692,62274
61692,59396
204228,54096
129204,62274
246339,62274
129204,59396
208566,62274
246339,59396
208566,59396
220728,63186
203316,1372
203316,10808
196845,50720
203700,50720
242856,50720
232035,16358
206364,50274
61692,33534
154476,16358
247260,36720
205959,50274
195372,59396
195372,62274
155388,50274
250782,54096
249297,50274
200964,59822
200964,1304
206667,124
192159,1372
192159,10808
61692,59394
164457,35846
153999,16358
181101,63186
206514,62860
206514,62944
206514,49888
158766,49888
206496,62860
206496,49888
158766,62860
158766,62944
206496,62944
206412,62860
206412,62944
206412,49888
206364,1372
206364,10808
227292,50274
209154,16358
153999,50274
183213,32496
246804,35846
224931,62274
224931,59396
248550,49888
248550,62860
248550,62944
219522,49888
219522,62860
219522,62944
211947,35846
206439,33534
128526,33534
206346,16358
249216,16358
251493,16358
253506,16358
181101,59396
181101,62274
154476,54096
248202,32496
247260,59394
187659,57804
206856,33534
191226,54096
208554,10808
196455,10808
249795,1372
200502,1372
196455,1372
208821,10808
208821,1372
208554,1372
200502,10808
249795,10808
206988,16358
250275,16358
208092,35732
208092,56696
62817,59394
183672,124
66879,16358
208488,35846
225480,33534
208812,10652
208794,10652
209793,54096
226662,124
250275,63186
206988,63186
216822,50720
203673,1370
203673,62376
191226,50274
154032,33534
247260,56696
247260,35732
251967,57804
230028,61348
163251,54096
128334,63186
212775,33534
72900,16358
164337,54096
172587,124
176643,124
225480,54096
212892,1370
212892,62376
209793,50274
188331,63186
183366,35846
230073,48298
157767,59396
157767,62274
203268,62274
203268,59396
252210,10808
252210,1372
186882,16358
72045,63186
164064,63186
211947,62274
211947,59396
205740,62376
205740,1370
187386,124
153138,11262
212448,61348
172503,54096
206346,61348
253557,3382
225501,32496
62817,39186
62817,63418
220269,50720
61824,59396
61824,62274
231663,1370
231663,62376
252081,33534
230073,33534
210978,50274
223104,63186
250362,11490
154476,35846
25749,33534
175809,39186
175809,63418
229536,63186
154740,63186
224931,63186
192618,62944
192618,49888
192618,62860
207927,63186
159831,63186
242130,10652
175809,50274
231909,124
241389,54096
212586,39186
212586,63418
240852,62376
240852,1370
183672,54096
212448,3382
184674,50274
196302,11262
206787,11262
68676,63186
206847,33534
225501,53386
214506,124
198873,63186
242439,54096
215112,36720
177903,16358
25749,61280
238263,50274
249294,50274
251967,61348
247956,33534
222669,63186
244971,51316
163101,63186
177474,50720
164661,35846
212586,62274
212586,59396
182565,33534
211524,61348
182292,62274
182292,59396
242556,10808
242556,1372
72117,61280
223104,50274
188730,35846
187734,35846
154011,35846
153999,54096
237252,1370
237252,62376
203178,50274
173667,63186
154779,16358
166437,35846
204243,50720
209880,35846
154551,35846
198873,35846
203460,54096
225480,50720
206427,33534
210234,61348
213885,124
65640,33534
160029,124
66879,50720
166356,63186
178068,16358
191247,54096
210954,50720
188787,59394
205959,33534
242619,50720
129081,50720
206346,33534
198279,63186
212448,33534
155388,33534
244680,50720
250977,54096
206346,36720
225501,61280
187806,57804
204243,63186
248796,62274
248796,59396
182565,62274
182565,59396
211533,59396
211533,62274
243546,61348
247983,61348
213102,54096
252081,63418
252081,39186
215298,39186
215298,63418
64218,50274
177903,35846
203727,50274
183789,62376
183789,1370
178068,35846
225480,62274
225480,59396
204228,35846
211989,50274
191250,62376
191250,1370
129081,63186
242619,63186
252210,59396
252210,62274
155388,63418
155388,39186
188787,32496
72117,36720
225501,3382
188343,1370
188343,62376
154068,63186
212526,1370
212526,62376
249513,124
220728,33534
240912,50274
232035,124
182565,48298
196455,50274
249795,50274
200502,50274
208821,50274
208554,50274
72117,33534
182292,50720
247983,3382
243546,3382
239577,50720
221247,36720
235932,63186
210840,63186
234864,62376
234864,1370
154011,124
187734,124
188730,124
154770,50720
203316,59396
203316,62274
208092,62274
208092,59396
173613,124
153312,35846
129081,54096
242619,54096
242610,57804
195372,59394
206940,61280
222669,16358
154473,54096
185067,54096
225480,63186
248796,54096
204228,16358
188685,50274
25749,11490
251493,124
249216,124
253506,124
209094,63186
206364,10652
215112,61348
165726,50274
153312,124
177903,50720
210882,1370
210882,62376
192618,54096
206988,124
250275,124
156063,35846
244971,35732
244971,56696
248301,124
219231,50720
208758,50720
241824,33534
201564,50274
203295,50274
202638,54096
187659,63186
196845,50274
242856,50274
203700,50274
216981,16358
203145,1370
203145,62376
72117,32496
128538,62274
128538,59396
249297,54096
154779,10652
220095,1370
220095,62376
223728,10652
242439,63186
156063,16358
230178,50274
234120,124
184509,50720
242610,35846
217002,1372
217002,10808
236226,59396
236226,62274
66879,54096
179853,51316
191226,35846
215298,48298
128526,61348
161526,50274
184674,62860
184674,49888
184674,62944
249930,50720
128604,63186
61344,61280
188787,63418
188787,39186
179853,1304
179853,59822
184605,56714
184605,34092
247548,54096
178068,50274
212442,61348
184698,124
187386,59822
187386,1304
206376,61348
238218,124
178068,54096
207222,54290
243408,54096
164661,11490
184509,59396
184509,62274
182565,63186
203724,16358
204795,16358
248292,50720
243546,33534
247983,33534
164661,16358
249930,62944
249930,49888
249930,62860
157224,124
208092,63186
154476,62274
154476,59396
153312,16358
164661,124
253557,54290
191226,124
248013,59396
203277,59396
203277,62274
248250,62274
248013,62274
203454,62274
248250,59396
203454,59396
243408,50274
252696,50274
157416,62376
157416,1370
153150,62376
153150,1370
210615,11262
203511,62274
203511,59396
173613,16358
244173,1370
244173,62376
155337,62376
155337,1370
253557,61280
179700,62376
179700,1370
128334,50720
153312,50720
186990,50274
220218,62376
220218,1370
252081,3382
226662,10808
226662,1372
208053,50274
212442,33534
224631,50720
177474,50274
167316,124
208536,50274
208566,50274
129204,50274
246339,50274
155016,62376
155016,1370
234120,1372
234120,10808
184698,50274
208053,33534
182565,53386
212448,39186
212448,63418
183672,50720
211989,16358
212448,50720
204144,54096
224841,63186
194883,57804
203829,63186
216981,54096
129135,50720
183576,35846
157224,33534
182292,63186
212232,50720
154881,63186
225276,124
209796,61280
212220,32496
176403,32496
244971,1304
244971,59822
203511,33534
182556,1370
182556,62376
211047,1370
211047,62376
217002,50720
227238,54096
96444,54096
250020,54096
203829,59396
203829,62274
215112,33534
61344,11490
212442,61280
153402,54096
223389,1370
223389,62376
206940,63418
206940,39186
206364,124
248301,62274
248301,59396
222750,124
72117,39186
72117,63418
203274,59396
196722,62274
197034,59396
197034,62274
203274,62274
196722,59396
184509,63186
212448,54290
234156,33534
229737,39186
229737,63418
239577,62860
239577,62944
239577,49888
203727,16358
191226,50720
65328,62376
65328,1370
154098,63186
157398,50274
154779,124
153765,1370
153765,62376
203181,62376
203871,62376
203181,1370
203871,1370
225480,50274
229977,57804
129135,59396
129135,62274
187386,59396
187386,62274
155106,1370
155106,62376
207222,48298
210954,63186
244158,50720
250362,62274
250362,59396
248796,16358
206364,16358
247260,35846
154473,35846
185067,35846
213885,16358
210978,33534
207264,33534
235335,59396
235335,62274
211476,63186
220728,124
235458,63186
183366,59396
183366,62274
222204,63186
163101,50274
225012,124
226623,50274
216822,32496
176403,61348
212220,61348
184104,50274
25743,3382
187386,63186
128526,53386
186438,50720
203829,54096
243390,39186
243390,63418
178458,3382
234972,33534
229341,33534
234018,33534
162603,35846
215112,50720
230604,54096
128334,33534
64218,33534
209793,35846
62337,11262
206346,39186
206346,63418
182565,50720
194601,11262
242442,62274
212748,59396
212748,62274
251619,59396
225393,62274
251619,62274
225393,59396
242442,59396
178068,124
220728,59394
213885,54290
204657,1370
204657,62376
186438,33534
241350,34092
241350,56714
248205,63186
204780,33534
186882,35846
247632,63186
61824,50274
153756,33534
225501,39186
225501,63418
207396,62376
207396,1370
203259,63186
217380,63186
253557,36720
250782,124
195372,33534
189009,11262
61344,39186
61344,63418
166128,63186
157185,3382
217494,54096
252177,33534
231459,62376
231459,1370
198882,3382
242151,3382
247983,63418
247983,39186
243546,39186
243546,63418
206364,3382
61692,11490
178458,35846
251967,36720
183213,61348
213885,57414
153999,35846
184104,63186
248178,33534
206772,11262
206964,11262
222669,61280
191226,16358
222906,16358
243408,63186
222669,39186
222669,63418
220269,39186
220269,63418
226848,62376
226848,1370
252177,62274
252177,59396
183645,1370
183645,62376
247548,35846
244971,36720
210627,50720
162792,50720
231909,54096
176403,11490
212220,11490
154770,63186
163251,11490
249294,16358
238263,16358
249486,3382
154473,16358
185067,16358
220269,3382
182292,33534
181101,63418
181101,39186
179853,63186
61344,32496
161526,35846
187875,50720
187734,16358
188730,16358
154011,16358
199242,63418
199242,39186
62337,62274
62337,59396
212301,50274
229536,63418
229536,39186
245976,63186
215298,61280
205812,54096
65067,1370
65067,62376
215112,3382
154779,63186
246804,50274
204228,124
243546,54290
247983,54290
175293,50274
179853,16358
224211,39186
224211,63418
161526,16358
154068,50720
203727,33534
206364,33534
220728,16358
154779,59822
154779,1304
248301,16358
238293,36720
210678,16358
128526,32496
77484,59394
244680,33534
162603,124
250782,35846
68496,54096
154485,1370
154485,62376
213102,124
209073,63186
229536,59394
222906,35846
195723,50274
222759,11262
209796,57804
204780,54096
251967,61280
183576,50720
250020,62274
96444,62274
250020,59396
96444,59396
252480,35846
211632,50720
179853,10652
242130,1304
242130,59822
217380,1372
203259,1372
203259,10808
217380,10808
211524,61280
217494,33534
224631,62274
224631,59396
250947,16358
213885,63186
211632,3382
128526,3382
72045,3382
199242,3382
220728,61348
217293,124
72918,124
68496,16358
248292,33534
203295,59396
203295,62274
201564,62274
201564,59396
183450,11262
176643,33534
172587,33534
197034,54096
203274,54096
223968,32496
205959,50720
205815,3382
153999,50720
180195,1370
180195,62376
252480,124
155388,48298
166437,50720
252405,16358
242619,10808
242619,1372
129081,1372
129081,10808
186438,59394
212430,63186
183366,36720
208341,50274
203796,50274
212442,36720
252210,50274
210234,61280
72645,62376
72645,1370
66879,11490
248202,11490
248250,54096
203277,54096
203454,54096
248013,54096
242412,33534
246618,33534
186438,61280
210627,63186
238218,54096
154869,1370
154869,62376
195372,3382
247548,50274
153792,63186
187875,63186
183492,3382
210114,35846
214506,54096
209622,59396
209622,62274
203142,10808
203142,1372
229536,3382
203511,50274
253557,32496
202638,33534
211812,50720
88821,54096
165750,54096
60762,56714
60762,34092
230073,61280
210846,33534
223554,33534
203889,33534
59703,33534
251085,33534
199860,33534
192771,33534
229521,33534
205122,33534
154827,39186
154827,63418
190152,3382
153402,35846
153756,50274
246618,16358
242412,16358
187806,63418
187806,39186
203316,50274
167316,35846
175809,33534
198981,63186
203700,59394
242856,59394
175293,50720
229521,1372
205122,10808
223554,10808
203889,1372
223554,1372
210846,10808
59703,1372
229521,10808
203889,10808
192771,10808
192771,1372
199860,1372
210846,1372
205122,1372
59703,10808
251085,1372
251085,10808
199860,10808
164457,50720
177903,62274
177903,59396
66879,32496
223968,63186
194883,61280
227670,10808
204762,1372
227670,1372
203133,10808
204762,10808
203133,1372
163578,63418
163578,39186
204144,50274
236226,3382
234156,54096
61692,50720
192159,54096
187875,33534
204795,59394
203724,59394
211473,35846
211740,11262
185067,50720
154473,50720
232614,3382
216981,35846
162792,63186
203517,39186
203517,63418
234030,16358
211965,16358
244971,39186
244971,63418
166437,63186
165786,48298
247956,63186
247548,124
244158,54096
250782,16358
225276,50720
204780,63186
208536,59396
208536,62274
128538,36720
205959,57804
203517,59396
203517,62274
187386,62074
227238,59396
227238,62274
189009,1370
189009,62376
207222,32496
176577,63186
211473,124
211524,32496
251967,63418
251967,39186
228729,124
154473,124
185067,124
160029,54096
210954,59396
210954,62274
173613,35846
175293,63186
208053,50720
72930,3382
250782,50274
233970,35846
187224,50274
162603,16358
190113,50274
206799,11262
223968,62274
223968,59396
206868,3382
217002,62944
217002,62860
217002,49888
212430,50720
227616,11262
204243,59396
204243,62274
201798,10808
201798,1372
189045,62274
189045,59396
196722,54096
203268,54096
128526,39186
128526,63418
203829,50274
252480,16358
154374,1370
154374,62376
183672,59396
183672,62274
220632,62376
220632,1370
233970,124
238293,63418
238293,39186
129135,63186
72045,61280
209880,50274
154551,50274
211989,33534
187806,3382
203790,50274
245154,50720
210234,32496
242130,62074
204780,50720
224211,3382
64365,35846
189045,50720
244158,50274
190113,3382
207240,39186
207240,63418
222669,33534
175809,50720
186987,63186
223104,59396
223104,62274
240939,16358
212586,33534
212283,50720
204228,50720
253866,62376
253866,1370
207222,53386
198855,50720
154476,50720
154167,39186
154167,63418
65577,1370
65577,62376
164457,57804
212442,3382
241824,54096
163578,63186
154032,3382
184950,124
211413,62274
211413,59396
203511,50720
213114,3382
211140,11262
154113,62376
154113,1370
212775,63186
176577,50720
181371,62376
181371,1370
244446,62376
244446,1370
186384,62376
186384,1370
229737,3382
211476,59394
207264,50274
153402,124
61344,50720
225699,35846
162603,50720
248178,16358
192300,62376
192300,1370
238827,63418
242232,63418
206955,63418
238827,39186
242232,39186
206955,39186
203796,11490
208341,11490
154167,59396
154167,62274
249294,59394
238263,59394
244680,63186
227664,34092
227664,56714
224631,63186
192300,11262
179700,11262
206346,3382
184674,54096
183213,48298
252177,50720
212430,50274
198279,50720
206439,3382
242130,62274
242130,59396
154068,57804
199242,61280
204795,124
203724,124
72561,59396
72561,62274
154779,62074
61344,36720
72930,61280
153048,3382
249513,54096
232035,54096
72930,32496
211473,16358
183492,32496
61692,61280
163578,50720
153138,62376
153138,1370
215298,32496
230178,63186
72045,39186
72045,63418
154098,50720
208092,62074
242610,36720
161787,62376
161787,1370
188331,61280
244971,57804
208209,16358
196845,59394
226662,59396
226662,62274
189012,62376
189012,1370
210141,35846
164661,63186
210678,50274
183213,61280
25749,57804
178458,11490
154740,50720
183666,11262
214506,50720
230073,3382
243546,50720
247983,50720
236226,32496
164007,63186
247632,3382
214506,3382
186882,54096
249513,33534
206361,11262
72930,33534
227310,16358
187221,50720
175809,59396
175809,62274
207927,50720
211524,63418
211524,39186
252081,50720
238293,48298
242619,59394
129081,59394
222669,61348
225699,16358
249486,50274
166356,3382
167256,62376
167256,1370
194883,33534
212586,50720
183576,16358
68496,35846
206418,11262
203268,59394
209799,63418
209799,39186
211476,62274
211476,59396
62337,57804
211140,57804
212775,50720
228948,59396
228948,62274
220713,63418
220713,39186
207927,62274
207927,59396
211140,59396
211140,62274
210141,124
154827,50720
229341,50274
234018,50274
234972,50274
212283,59396
212283,62274
164064,50720
248205,50720
249513,3382
235335,3382
252177,50274
208209,35846
230028,32496
209799,62274
209799,59396
214998,53386
220728,48298
179853,124
61824,33534
250434,50720
232068,59394
230073,32496
153402,50274
161526,124
203178,59394
161526,54096
203700,33534
242856,33534
64365,16358
210234,39186
210234,63418
235458,50720
65640,63186
226623,16358
183492,62274
183492,59396
156063,50720
230028,39186
230028,63418
209994,62376
209994,1370
206427,3382
206856,10652
247548,16358
187806,32496
213885,62376
213885,1370
207144,63418
206811,63418
206406,39186
206406,63418
207144,39186
206784,63418
206784,39186
206811,39186
215112,54290
164337,50274
153048,63186
187962,3382
154098,57804
205959,48298
186438,63418
186438,39186
230073,39186
230073,63418
72900,124
128604,3382
245154,50274
187224,35846
232614,50720
194883,39186
194883,63418
128334,3382
183666,62376
183666,1370
208899,33534
204762,63186
227670,63186
203133,63186
203790,11490
162792,50274
188685,63186
129135,32496
252405,124
222750,54096
212232,59394
248202,61348
250362,59394
203295,33534
201564,33534
210690,16358
221526,16358
247548,50720
172587,54096
176643,54096
62337,10652
221247,3382
186987,50720
212283,63186
206346,48298
209796,50720
61824,3382
225012,50274
216822,50274
203829,50720
204144,50720
64959,63186
240912,63186
242151,33534
198882,33534
203460,50720
208899,50274
212586,59394
234972,124
229341,124
234018,124
204795,3382
203724,3382
215112,39186
215112,63418
203460,59394
222204,62274
222204,59396
203829,33534
242232,3382
238827,3382
206955,3382
204411,63186
153600,1370
153600,62376
164337,50720
216822,3382
215298,3382
165786,33534
154803,63186
192159,63186
196845,3382
222906,63186
244005,62376
244005,1370
167652,63186
155388,59396
155388,62274
250434,50274
230010,39186
230010,63418
62337,59394
211140,59394
210978,62274
210978,59396
203727,62274
203727,59396
220269,54290
209154,50274
234129,11262
64365,50274
248796,35846
211989,59396
211989,62274
166356,50720
154803,50720
250782,50720
231057,11262
178068,50720
241389,50720
65640,50720
210141,16358
164661,50720
253557,53386
234864,56714
234864,34092
166128,62274
166128,59396
188700,11490
232029,63418
232029,39186
128538,35846
206346,54290
232029,50274
153402,16358
214998,39186
214998,63418
198279,3382
154167,32496
238263,33534
249294,33534
214998,48298
250653,16358
197286,16358
203178,33534
155055,39186
155055,63418
229977,48298
198279,59394
206940,32496
209796,3382
206940,54290
207618,11262
206955,50274
238827,50274
242232,50274
188331,3382
153312,54096
220728,3382
154167,33534
172419,39186
172419,63418
164457,3382
186882,11490
210627,59396
210627,62274
247632,63418
247632,39186
229977,63418
229977,39186
229737,33534
253557,63418
253557,39186
206427,50720
155085,1370
155085,62376
184698,50720
187659,3382
192942,63418
192942,39186
208536,33534
183576,124
172419,62274
172419,59396
204780,62274
204780,59396
205812,50720
244971,3382
153402,50720
250977,50720
230028,61280
207222,11490
208536,16358
129135,39186
129135,63418
155388,3382
213114,39186
213114,63418
250434,54096
188685,33534
209796,33534
238293,32496
164064,3382
64365,50720
207219,50720
232035,3382
198882,63186
242151,63186
212442,50720
181593,11262
183450,1370
183450,62376
252081,61280
203178,3382
165684,11490
165744,11490
210876,11490
212301,63418
212301,39186
213885,61280
238293,33534
203259,54096
217380,54096
244971,35846
208899,16358
201564,16358
203295,16358
219231,50274
208758,50274
246618,54096
242412,54096
187224,16358
225012,59396
225012,62274
209880,63186
154551,63186
246804,63186
242610,59396
242610,62274
206376,61280
208206,1370
208206,62376
206667,3382
128604,50720
196845,33534
206856,124
224169,50720
72900,62274
72900,59396
178458,32496
233970,50720
229977,59396
229977,62274
243390,62274
243390,59396
198981,59394
215298,33534
164457,39186
164457,63418
180495,1370
180495,62376
198792,124
209796,53386
188787,61280
221247,59394
189045,39186
189045,63418
211533,11490
224211,61280
61902,1370
61902,62376
206346,50720
221247,50720
154032,50274
241350,50274
72561,63186
210000,63186
238218,16358
217620,62376
217620,1370
251085,50274
205122,50274
229521,50274
199860,50274
203889,50274
223554,50274
192771,50274
210846,50274
59703,50274
184698,54096
68496,50720
154068,39186
154068,63418
207618,1370
207618,62376
207222,33534
248178,50274
186438,57804
206367,11262
210897,11262
206460,11262
207105,11262
251967,32496
228729,50720
198792,35846
163578,62274
163578,59396
64959,59394
213885,35846
64365,124
250977,63186
186438,59396
186438,62274
221526,33534
210690,33534
172419,33534
204375,63418
204375,39186
179853,62074
247632,50720
196311,11262
207096,11262
179853,62274
179853,59396
247260,50720
214998,62274
214998,59396
247260,39186
247260,63418
155388,50720
247260,57804
65052,1370
65052,62376
162603,54096
241389,50274
247548,11490
157767,3382
217494,63186
205332,1370
205332,62376
199854,1370
199854,62376
187806,61280
221247,63418
221247,39186
157398,63186
228729,50274
232614,63186
153792,50274
224931,39186
224931,63418
165786,62274
165786,59396
187659,32496
194883,32496
61344,57804
188331,63418
188331,39186
198981,3382
220269,53386
129081,11490
242619,11490
248301,35846
235335,50720
156063,124
207243,33534
238218,32496
211413,16358
245976,62274
245976,59396
157185,32496
184509,39186
184509,63418
210978,48298
154560,63186
242439,50274
187386,56696
187386,35732
238293,61280
128538,50720
207822,1370
207822,62376
205959,3382
207219,124
173667,50720
164007,33534
208209,124
240939,56696
240939,35732
233970,16358
187659,61280
186438,3382
213102,16358
204795,33534
203724,33534
183576,32496
166128,50720
173613,50720
198855,63186
154011,54096
187734,54096
188730,54096
214998,33534
198792,16358
187224,124
224211,11490
240912,54096
206673,11262
223389,11262
154560,62274
154560,59396
211476,3382
184104,50720
190113,39186
190113,63418
162792,33534
229977,3382
212442,63418
212442,39186
164640,11262
155055,62274
155055,59396
196845,39186
196845,63418
225699,50720
167256,11262
176577,33534
172503,50720
228729,35846
225480,59394
183366,3382
207330,50274
153084,63186
62337,1304
211140,59822
62337,59822
211140,1304
188787,3382
153150,11262
165726,3382
220728,32496
190152,50720
219522,10808
248550,1372
219522,1372
248550,10808
206376,32496
204483,62376
204483,1370
165786,50720
178458,59394
236226,63418
236226,39186
214998,57804
250782,11490
154827,62274
154827,59396
206928,11262
206838,11262
207129,11262
207267,11262
250749,11262
153048,50720
154881,50720
221247,57804
224169,63418
224169,39186
183492,39186
183492,63418
206439,50720
225501,11490
224526,62376
224526,1370
194883,3382
227664,62376
227664,1370
231909,50720
153402,11490
154032,50720
215112,32496
203517,33534
252081,57804
166002,11262
186882,50720
206304,62376
206304,1370
206376,63418
206376,39186
209994,11262
206784,3382
206811,3382
206406,3382
207144,3382
208053,63418
208053,39186
205959,39186
205959,63418
182565,3382
245631,1370
245631,62376
177903,63186
186987,62274
186987,59396
206856,63186
205812,50274
204522,1370
204522,62376
229977,50720
229977,33534
154068,3382
186384,11262
211812,50274
222204,50720
198981,59396
198981,62274
203142,63186
154881,59396
154881,62274
214998,50720
173667,3382
208488,16358
211140,10652
157224,54096
248205,39186
248205,63418
156063,59396
156063,62274
225699,124
206868,50720
210954,63418
210954,39186
204243,63418
204243,39186
196722,59394
197034,59394
203274,59394
171702,63418
171702,39186
96444,50720
250020,50720
227238,50720
240912,50720
161526,50720
229737,62274
229737,59396
180495,11262
155043,62376
155043,1370
225276,54096
225276,33534
235458,63418
235458,39186
203073,1372
203073,10808
212442,54290
220713,50274
62817,32496
72045,57804
199242,57804
211533,59394
210000,50720
232035,59394
252405,35846
210954,11490
230604,50274
204780,50274
197529,10808
197529,1372
157185,50274
173667,39186
173667,63418
183213,54290
198981,32496
206448,3382
188331,32496
188700,50274
163101,3382
208899,62274
208899,59396
128526,11490
182565,39186
182565,63418
156063,54096
207147,11262
250947,124
129204,16358
208566,16358
246339,16358
207243,39186
207243,63418
166356,39186
166356,63418
248292,62274
248292,59396
230286,62376
230286,1370
64959,32496
175809,48298
181101,50720
154113,11262
201798,63186
206355,11262
206625,11262
204411,63418
204411,39186
245154,63186
234120,50274
207219,50274
157224,50720
228753,11262
211533,3382
228729,16358
207264,3382
213102,11490
232404,3382
160029,3382
213513,3382
238293,3382
247956,50274
205815,32496
213102,32496
206433,3382
206349,3382
242130,56696
242130,35732
225393,3382
212748,3382
242442,3382
251619,3382
182292,59394
204411,50720
227292,63186
242856,63418
203700,63418
242856,39186
203700,39186
157185,63186
182565,61280
162984,11262
204411,62274
204411,59396
210393,16358
234093,16358
229737,50720
222906,32496
157767,63418
157767,39186
210840,3382
235932,3382
192942,3382
62817,61280
128685,62376
128685,1370
212232,50274
195723,35846
213885,62074
250362,50720
165684,50274
165744,50274
210876,50274
222894,11262
230178,62274
230178,59396
242442,59394
212748,59394
225393,59394
251619,59394
212442,48298
68676,50720
240939,1372
240939,10808
56871,1370
56871,62376
68496,50274
172419,59394
171702,3382
153084,50720
237252,11262
191247,50274
195372,39186
195372,63418
210627,63418
210627,39186
61692,39186
61692,63418
225012,50720
213513,63418
213513,39186
227670,54096
204762,54096
203133,54096
154740,63418
154740,39186
209073,3382
62337,62074
211140,62074
252696,63186
187224,50720
242610,3382
66879,3382
181746,11262
204795,54096
203724,54096
61824,59394
211812,63186
204228,62274
204228,59396
203460,50274
232035,33534
228438,11262
246618,124
242412,124
128604,39186
128604,63418
165786,39186
165786,63418
248796,3382
154011,50720
187734,50720
188730,50720
217620,11262
230604,11490
214998,59394
216981,59396
216981,62274
192564,62376
192564,1370
211965,124
234030,124
226662,33534
207222,36720
231876,56714
231876,34092
227292,39186
227292,63418
172695,1370
172695,62376
203178,39186
203178,63418
253557,11490
207927,39186
207927,63418
203700,3382
242856,3382
212283,33534
203517,3382
191553,1370
191553,62376
183213,11490
172695,11262
250653,50720
197286,50720
227310,50720
206850,63418
206850,39186
164640,62376
164640,1370
250275,3382
206988,3382
227292,3382
236226,59394
159831,63418
159831,39186
251493,3382
253506,3382
249216,3382
207396,11262
224631,63418
224631,39186
224931,59394
155052,62376
155052,1370
184605,50274
167316,54096
171702,50274
154803,59396
154803,62274
77484,50720
128334,63418
128334,39186
191247,11490
206415,11262
248178,59396
248178,62274
232068,39186
232068,63418
182292,39186
182292,63418
209094,50720
96444,59394
250020,59394
183105,48980
187962,50274
164970,11262
159831,50720
209793,63186
182556,11262
203082,1372
238611,1372
203082,10808
238611,10808
209799,33534
88920,62376
88920,1370
209154,124
213102,35846
211533,50720
195723,124
247974,63186
181593,34092
181593,56714
209793,124
231909,63186
155388,59394
203073,54096
238611,54096
203082,54096
247260,3382
186882,124
242151,61280
198882,61280
198882,50720
242151,50720
166356,50274
187875,59396
187875,62274
154803,39186
154803,63418
238218,35846
244971,61280
154032,63418
154032,39186
211413,33534
164970,62376
164970,1370
154167,3382
249081,11262
203673,34092
203673,56714
206664,11262
208341,3382
203796,3382
128538,39186
128538,63418
211047,11262
242619,3382
129081,3382
163251,33534
62817,3382
222669,3382
207243,62274
207243,59396
160029,59394
238218,59396
238218,62274
216564,50274
241824,16358
232029,3382
154881,63418
154881,39186
248301,54096
164457,63186
195723,62274
195723,59396
224211,57804
247260,61280
229977,53386
203511,59394
160029,50720
178458,63186
213885,36720
166995,35846
187962,50720
176643,50720
172587,50720
183213,36720
153792,33534
172419,50720
233970,50274
61824,63418
61824,39186
244680,59396
244680,62274
164007,50720
186990,3382
77484,33534
211632,63186
163251,62274
163251,59396
190113,50720
208872,16358
251967,54290
159831,62274
159831,59396
234156,16358
64218,62274
64218,59396
242412,3382
246618,3382
166995,50720
208872,62274
208872,59396
183213,63418
183213,39186
154770,39186
154770,63418
209073,50720
223968,39186
223968,63418
249297,62274
249297,59396
224631,3382
220095,11262
164007,62274
164007,59396
211524,54290
77484,3382
225393,63418
242442,63418
242442,39186
212748,63418
212748,39186
225393,39186
251619,63418
251619,39186
154068,59396
154068,62274
248301,32496
155388,53386
201798,54096
61344,61348
128538,59394
206847,63418
206847,39186
183672,63186
166128,3382
163251,63186
166995,124
206868,50274
250947,50720
195372,50720
242151,63418
198882,39186
198882,63418
242151,39186
248205,59396
248205,62274
153675,1370
153675,62376
224931,33534
211524,36720
230073,11490
227238,59394
230010,3382
227310,124
154560,50720
217494,50274
191226,59396
191226,62274
205959,59396
205959,62274
187806,33534
129081,50274
242619,50274
72108,35846
225012,54096
231876,11262
210234,54290
224631,33534
210978,39186
210978,63418
154068,33534
209073,50274
223104,50720
186990,63186
211476,32496
222669,54290
203889,16358
229521,16358
210846,16358
199860,16358
205122,16358
251085,16358
223554,16358
192771,16358
59703,16358
209793,57804
198855,33534
128334,59396
128334,62274
189009,1304
189009,59822
213114,50274
192159,59396
192159,62274
232035,50720
217293,62274
72918,62274
72918,59396
217293,59396
252177,59394
223968,48298
212232,3382
195372,61280
213885,53386
128685,11262
244479,11262
210141,50720
183366,59394
77484,63418
77484,39186
210234,36720
181860,11262
209094,39186
209094,63418
225276,62274
225276,59396
157767,59394
188331,57804
207243,50720
211473,50720
199860,59394
59703,59394
192771,59394
205122,59394
203889,59394
223554,59394
229521,59394
210846,59394
251085,59394
182565,59394
207105,34092
207105,56714
247956,50720
209799,59394
203790,3382
204228,63186
211947,16358
25749,61348
173613,54096
220269,32496
174195,11262
206868,39186
206868,63418
68676,33534
238263,124
249294,124
220728,63418
220728,39186
206856,16358
212775,39186
212775,63418
248178,3382
210840,50720
235932,50720
65640,50274
203316,16358
184698,33534
187221,59396
187221,62274
196845,61280
198873,32496
203268,50274
166128,39186
166128,63418
216981,3382
25749,48298
241389,33534
183576,11490
190152,50274
206439,50274
129264,11262
154068,48298
187221,63186
230073,61348
155052,11262
188961,11262
220728,54290
207330,11490
183105,52620
162792,63418
162792,39186
188787,11490
248178,124
206364,59396
206364,62274
65640,63418
65640,39186
210690,3382
221526,3382
223071,11262
238263,3382
249294,3382
245976,50720
248292,63418
248292,39186
197529,54096
229536,61280
173940,1370
173940,62376
252081,32496
166995,16358
207219,35846
203328,34092
203328,56714
245976,33534
222906,59394
211473,50274
198279,33534
246054,1370
246054,62376
172419,61280
165786,3382
183366,50720
209622,59394
230286,11262
252696,63418
252696,39186
166002,62376
166002,1370
241824,50720
172419,3382
211413,124
187221,3382
173667,50274
175293,3382
212301,3382
228948,3382
209793,1372
209793,10808
72117,57804
222204,63418
222204,39186
198873,39186
198873,63418
222669,36720
66879,33534
153312,11490
252480,50720
61824,32496
222204,33534
242430,1370
242430,62376
222906,63418
222906,39186
166437,39186
166437,63418
183912,1370
183912,62376
235335,33534
206667,50720
226623,59396
226623,62274
153288,62376
153288,1370
243390,50720
210678,124
247974,62274
247974,59396
230028,54290
224169,3382
234156,50720
203295,124
201564,124
235458,33534
244041,11262
176577,3382
153138,56714
153138,34092
229536,57804
153150,1304
153150,59822
128334,57804
227292,32496
158658,11262
244173,11262
235335,57804
189009,35846
242610,33534
72918,33534
217293,33534
203517,50720
183912,11262
164064,63418
164064,39186
211632,33534
249513,50720
192549,50274
221526,54096
210690,54096
249687,35846
164661,32496
244479,62376
244479,1370
210954,32496
242610,59394
167652,39186
167652,63418
199242,33534
72045,33534
210141,50274
252081,61348
232404,50720
206376,36720
252210,16358
246804,50720
228948,39186
228948,63418
201741,11262
154167,59394
197676,11262
203268,50720
197034,50720
196722,50720
203274,50720
214998,61280
197286,124
250653,124
60864,50274
252480,50274
204762,62274
204762,59396
203133,62274
227670,62274
227670,59396
203133,59396
208092,35846
242412,59394
246618,59394
249081,1370
249081,62376
208536,124
25743,63186
203727,3382
207240,3382
190152,63418
190152,39186
164457,62274
164457,59396
160029,63186
154476,63186
211989,3382
225480,3382
172503,39186
172503,63418
154041,1370
154041,62376
160029,63418
160029,39186
187659,39186
187659,63418
208872,50274
177474,63186
204243,33534
72900,54096
153756,63418
153756,39186
249297,3382
202638,59394
66879,39186
66879,63418
206376,54290
229536,33534
178068,62274
178068,59396
187650,1370
187650,62376
171702,50720
234018,59396
234972,59396
229341,59396
234972,62274
234018,62274
229341,62274
154779,62274
154779,59396
210978,59394
157398,50720
153048,57804
184698,63186
183366,63418
183366,39186
251631,16358
208899,124
204411,57804
72561,50720
228948,59394
179853,56696
179853,35732
162792,3382
213885,39186
213885,63418
217002,32496
225501,61348
163251,32496
162603,50274
155016,11262
224169,50274
61692,3382
154770,3382
208206,11262
248292,48298
252405,54096
229536,48298
161526,62274
161526,59396
211236,11262
201564,3382
203295,3382
223104,3382
186990,39186
186990,63418
182295,11262
195723,3382
197529,63186
209793,3382
211476,63418
211476,39186
208488,59396
208488,62274
128538,57804
203142,54096
172503,63186
229977,59394
165750,50274
88821,50274
224631,11490
181371,11262
237804,11262
154032,48298
243408,50720
212775,50274
249207,11262
189012,11262
212448,32496
164064,50274
198855,59396
198855,62274
61344,48980
214506,63186
209793,62274
209793,59396
222894,62376
222894,1370
234156,63186
211989,124
128538,51316
240939,10652
244278,11262
175809,3382
224631,32496
195723,16358
233970,54096
153312,32496
223782,11262
62817,57804
25743,50274
248205,33534
187221,39186
187221,63418
247974,50720
189009,34092
189009,56714
242610,39186
242610,63418
183789,11262
205815,63186
234972,3382
234018,3382
229341,3382
206364,59394
235335,39186
235335,63418
206607,11262
206763,11262
211641,11262
206484,11262
249216,50720
251493,50720
253506,50720
235458,3382
72117,11490
203268,11490
203274,11490
196722,11490
197034,11490
129264,1370
129264,62376
232068,33534
248871,11262
217872,11262
236766,11262
194388,11262
154098,62274
154098,59396
186438,53386
236226,57804
203316,33534
153312,33534
155388,61280
222669,50720
184674,63186
167652,50720
212220,52620
176403,52620
224841,3382
212586,61280
181746,1370
181746,62376
248292,32496
186990,33534
184509,32496
252177,39186
252177,63418
155055,50720
230028,11490
202638,50720
188700,50720
253098,35846
165126,35846
209793,10652
249294,50720
238263,50720
203727,124
206448,50720
234030,50720
211965,50720
222750,59396
222750,62274
250947,54096
206478,11262
198981,63418
198981,39186
250362,3382
210678,33534
209094,33534
238218,63418
238218,39186
179853,60
238218,57804
252696,3382
212574,1370
212574,62376
184509,59394
157767,33534
249513,59394
247374,62376
247374,1370
191250,11262
207219,16358
212430,39186
212430,63418
207927,33534
191553,11262
153999,3382
208053,3382
231909,33534
220269,33534
190152,36720
208488,50274
225699,54096
155055,33534
209976,62376
209976,1370
246339,33534
208566,33534
129204,33534
226662,50274
208536,3382
209799,50720
213885,1372
213885,10808
188685,50720
189045,33534
68676,39186
68676,63418
207822,11262
235458,62274
235458,59396
216981,50720
241824,124
203829,59394
230028,36720
226662,50720
230010,50274
206988,50720
250275,50720
187875,63418
187875,39186
206349,50720
206433,50720
206418,34092
206418,56714
241263,11262
234030,3382
211965,3382
209622,3382
245154,33534
165786,59394
217293,54096
72918,54096
226623,33534
191226,63186
205959,32496
187386,3382
208899,3382
184710,63418
184710,39186
238536,56714
238536,34092
206439,39186
206439,63418
226848,11262
241824,63186
178458,63418
178458,39186
201741,62376
201741,1370
156225,11262
164337,63186
253683,11262
234156,124
184104,59396
184104,62274
153084,33534
226623,124
209799,61280
154779,56696
154779,35732
249207,1370
249207,62376
154098,63418
154098,39186
188100,1370
188100,62376
210876,50720
165744,50720
198792,50720
153048,39186
153048,63418
235335,32496
210954,33534
154551,50720
209880,50720
60864,50720
250782,63186
183366,57804
165786,57804
253866,34092
253866,56714
228438,1370
228438,62376
230178,63418
230178,39186
163101,59394
186990,62274
186990,59396
207240,50274
250947,3382
248796,59394
246804,59396
246804,62274
204375,3382
247548,32496
184509,33534
175293,63418
175293,39186
234030,59394
211965,59394
128334,59394
197676,1370
197676,62376
222750,63186
223968,33534
253557,61348
242556,124
249486,62274
249486,59396
243546,32496
247983,32496
214998,3382
196722,50274
197034,50274
203274,50274
211533,32496
209622,11490
167316,63186
210000,59396
210000,62274
223968,59394
216822,61280
234030,54096
211965,54096
209622,50720
232614,33534
154770,59396
154770,62274
203178,32496
207219,54096
223071,1370
223071,62376
244680,39186
244680,63418
165684,50720
187962,39186
187962,63418
204657,11262
203511,39186
203511,63418
225480,11490
181110,56714
181110,34092
250362,50274
238032,11262
250947,59394
71301,62376
71301,1370
211812,63418
211812,39186
211632,39186
211632,63418
173613,50274
252696,59396
252696,62274
166437,32496
153756,62274
153756,59396
61902,11262
186378,50274
212283,63418
212283,39186
240912,59396
240912,62274
225012,63186
199854,11262
189045,57804
183576,54096
204144,39186
204144,63418
164337,63418
164337,39186
154551,39186
154551,63418
209880,63418
246804,63418
246804,39186
209880,39186
195372,32496
203796,39186
216822,63418
208341,39186
203790,63418
216822,39186
203790,39186
203796,63418
208341,63418
205959,53386
163101,63418
163101,39186
204144,63186
153756,50720
211812,33534
242610,50720
224931,32496
198855,3382
206868,36720
250977,39186
250977,63418
217380,59396
217380,62274
203259,62274
203259,59396
242130,35846
176577,39186
176577,63418
245154,39186
245154,63418
206346,32496
236775,35846
72561,39186
72561,63418
171702,62274
171702,59396
154770,32496
188853,62376
188853,1370
203724,50720
204795,50720
154869,11262
77484,61280
236775,50720
211413,3382
209094,59396
209094,62274
249513,63186
250782,32496
61344,48298
167652,50274
175809,32496
214506,33534
194883,11490
182565,32496
216981,11490
187962,59394
234972,54096
234018,54096
229341,54096
242430,11262
139272,11262
220713,3382
153048,33534
200964,1372
200964,10808
236226,61280
204411,3382
187734,50274
188730,50274
154011,50274
204780,3382
25743,63418
25743,39186
223104,32496
203511,3382
153792,50720
210633,11262
186882,63186
189045,59394
153312,39186
153312,63418
209799,3382
153402,32496
211524,48298
252480,54096
203142,62274
203142,59396
178068,63186
208521,56714
208521,34092
207330,50720
64218,63418
64218,39186
247632,33534
153312,3382
201564,54096
203295,54096
206514,3382
206412,3382
206496,3382
158766,3382
155388,32496
154374,11262
154740,59396
154740,62274
244680,32496
188685,62274
188685,59396
198855,63418
198855,39186
252696,33534
167652,33534
163101,59396
163101,62274
66879,63186
208821,16358
196455,16358
208554,16358
249795,16358
200502,16358
190113,32496
198981,57804
209094,3382
249930,32496
242556,16358
242412,63186
246618,63186
240939,59394
212442,32496
210978,57804
72930,57804
68496,63418
68496,39186
163578,57804
214506,59396
214506,62274
153867,62376
153867,1370
224211,33534
154167,11490
154779,51316
221526,124
210690,124
200964,63418
200964,39186
244971,60
242856,61280
203700,61280
249687,50720
210234,48298
212232,32496
184950,54096
252696,50720
249486,39186
249486,63418
183492,59394
248796,11490
64218,50720
234951,1370
234951,62376
183450,62074
163101,48298
207222,61348
184950,50274
129135,33534
153999,63186
241389,63186
166437,33534
207927,59394
248013,59394
248250,59394
203454,59394
203277,59394
153048,62274
153048,59396
72930,11490
181110,50274
238611,63186
203073,63186
203082,63186
249297,63186
219231,35846
208758,35846
181593,59822
181593,1304
157185,39186
157185,63418
248292,59394
237057,11262
189045,48298
154881,33534
212232,11490
179790,62376
179790,1370
197802,11262
68676,3382
154485,11262
230604,50720
203142,50720
227670,50720
203133,50720
204762,50720
248796,63186
205815,33534
235335,59394
213114,50720
187386,50720
241389,39186
241389,63418
163251,39186
163251,63418
154473,63186
185067,63186
154098,48298
65640,3382
182565,54290
234864,59822
234864,1304
158766,39186
206514,63418
158766,63418
206412,63418
206496,39186
206412,39186
206514,39186
206496,63418
153600,11262
154560,39186
154560,63418
154827,61280
209880,62274
154551,59396
209880,59396
154551,62274
209793,59394
154476,32496
172587,63186
176643,63186
237804,1304
237804,59822
206364,61348
199242,48298
72045,48298
227310,54096
211632,32496
211473,54096
175293,59396
175293,62274
243390,48298
252177,3382
208788,34092
208788,56714
187806,48298
175809,59394
203796,32496
208341,32496
229977,61280
65328,11262
210678,54096
128604,33534
177474,3382
61344,54290
205815,39186
205815,63418
186438,48298
225480,61280
198981,61280
208092,63418
208092,39186
248178,54096
215112,53386
163251,57804
198873,59394
197529,59396
197529,62274
162603,33534
247548,33534
204483,11262
191247,50720
217494,50720
244680,59394
64959,63418
64959,39186
217380,59394
203259,59394
222669,48298
225276,63186
204243,59394
172503,50274
248061,62376
248061,1370
187806,11490
154758,34092
154758,56714
207243,3382
252210,33534
153312,50274
188700,3382
66879,59396
66879,62274
232614,39186
232614,63418
207264,62274
207264,59396
184509,11490
157224,50274
249687,54096
188961,1370
188961,62376
210978,50720
188637,1370
188637,62376
234864,62074
225699,63418
225699,39186
248205,3382
219522,63186
243408,59396
243408,62274
232035,63186
161787,11262
221526,59394
210690,59394
248250,50720
203454,50720
203277,50720
248013,50720
206667,63418
206667,39186
157416,11262
203259,11490
217380,11490
242556,35846
220713,62274
220713,59396
154770,33534
186378,50720
212448,53386
195723,54096
154758,50274
207219,39186
207219,63418
206448,50274
154476,63418
154476,39186
187875,32496
154827,33534
244680,48298
197529,50720
159831,33534
202638,50274
153792,63418
153792,39186
177903,63418
177903,39186
208812,35846
208794,35846
187221,32496
244173,56714
244173,34092
166437,3382
208488,124
206850,3382
208092,50720
247260,51316
186987,39186
186987,63418
247632,62274
247632,59396
154827,59394
198279,61280
210954,59394
220218,11262
217002,11490
231663,56714
231663,34092
183672,63418
183672,39186
217293,50720
72918,50720
157500,11262
250020,11490
96444,11490
189009,62074
184674,62274
184674,59396
205812,63186
183450,59822
183450,1304
154032,59394
207927,57804
208536,54096
153279,62376
153279,1370
228753,1370
228753,62376
187962,62274
187962,59396
242619,32496
129081,32496
206433,50274
206349,50274
232035,63418
232035,39186
247632,61280
250782,33534
165744,3382
210876,3382
165684,3382
250653,59394
197286,59394
227310,59394
68676,62274
68676,59396
204411,33534
187875,3382
204795,61280
203724,61280
249297,33534
153813,50274
187962,11490
220713,59394
209154,33534
204780,59394
153675,56714
153675,34092
210114,50720
204780,63418
204780,39186
211812,3382
208899,54096
212448,48298
206940,48298
206988,50274
250275,50274
244158,63186
198792,54096
153402,33534
211476,33534
184104,39186
184104,63418
60864,11490
247548,62274
247548,59396
164007,39186
164007,63418
250020,50274
96444,50274
217380,3382
203259,3382
203790,32496
225480,63418
225480,39186
72900,63186
183492,33534
245154,3382
232068,3382
242619,61348
129081,61348
209793,16358
248301,59394
240939,63186
72900,3382
247374,11262
209793,33534
183213,53386
210678,3382
165726,51316
158016,56714
158016,34092
250629,56714
212505,34092
250629,34092
203052,34092
212505,56714
205728,56714
63582,34092
203502,34092
205728,34092
203052,56714
203502,56714
63582,56714
183492,57804
209976,11262
197286,54096
250653,54096
206364,50720
161208,62376
59700,1370
59700,62376
161208,1370
244041,62376
244041,1370
188787,48298
242571,56714
208503,56714
242571,34092
208503,34092
211524,11490
165726,62274
165726,59396
235458,32496
236226,33534
203460,39186
203460,63418
171702,59394
192549,34092
192549,56714
155337,11262
177474,33534
206868,62274
206868,59396
184674,50720
206439,62274
206439,59396
154881,59394
210141,54096
128538,3382
244971,50720
160029,33534
250434,63186
240852,11262
234018,63186
229341,63186
234972,63186
247548,63186
208341,61348
203796,61348
204522,11262
162984,1370
162984,62376
247986,62376
247986,1370
62817,48298
206940,11490
238218,3382
153999,32496
157398,63418
157398,39186
241389,3382
153138,59822
153138,1304
158658,1370
158658,62376
212301,62274
212301,59396
184674,33534
212430,3382
191226,32496
72108,50720
208092,3382
211533,61280
188787,33534
154098,3382
210234,11490
211413,54096
203460,3382
210627,59394
203178,11490
222906,11490
156063,63186
179790,11262
154740,33534
207330,63418
207330,39186
250782,62274
250782,59396
154098,53386
195723,63418
195723,39186
154473,59396
185067,62274
185067,59396
154473,62274
249687,16358
61908,34092
249579,56714
249579,34092
205905,34092
61908,56714
205905,56714
64218,59394
190113,59396
190113,62274
204093,62376
204093,1370
248796,50720
188787,57804
227238,11490
216564,34092
216564,56714
183363,34092
183363,56714
154167,61280
165183,11262
245976,59394
209796,32496
208821,33534
208554,33534
242130,36720
188637,11262
243546,53386
247983,53386
245976,63418
245976,39186
216822,61348
244680,3382
172587,50274
176643,50274
230178,61280
224631,59394
249297,39186
249297,63418
154779,50720
206940,53386
248205,32496
165126,50720
253098,50720
230028,48298
69060,34092
69060,56714
234156,50274
190152,59396
190152,62274
249216,63418
253506,39186
251493,63418
251493,39186
253506,63418
249216,39186
165750,11490
88821,11490
64959,61280
153138,62074
66843,11262
236766,59822
217872,59822
248871,59822
236766,1304
248871,1304
217872,1304
194388,59822
194388,1304
242232,59394
206955,59394
238827,59394
206427,50274
248871,34092
217872,34092
236766,34092
194388,34092
248871,56714
236766,56714
194388,56714
217872,56714
216981,63418
216981,39186
66879,48298
72900,39186
72900,63418
223782,1370
223782,62376
224931,11490
165183,1370
165183,62376
153084,63418
153084,39186
227238,50274
65067,59822
65067,1304
230073,54290
239577,32496
244680,11490
247029,11262
206448,39186
206448,63418
187386,59394
164640,1304
164640,59822
210627,32496
153999,33534
228729,54096
183672,33534
222750,33534
247983,48298
243546,48298
62337,36720
211140,35846
62337,35846
206856,3382
182292,32496
210114,16358
212301,59394
153402,63186
174513,62376
174513,1370
250947,33534
162603,3382
154068,32496
183645,59822
183645,1304
242439,50720
242856,11490
203700,11490
219231,54096
208758,54096
238263,54096
249294,54096
187386,35846
212430,33534
217002,35846
177903,32496
231459,11262
186987,3382
202638,63418
202638,39186
224211,48298
210000,39186
210000,63418
219522,54096
203178,61280
234951,50274
154779,35846
223728,35846
213102,63186
207264,63418
207264,39186
241824,50274
206349,63418
206433,39186
206349,39186
206433,63418
252177,61280
203790,61348
184710,3382
208566,3382
129204,3382
246339,3382
242610,48298
155388,57804
187875,57804
232404,50274
174195,1304
174195,59822
248301,57804
205815,62274
205815,59396
198573,62376
198573,1370
72117,48298
128334,32496
203460,11490
203259,50720
217380,50720
153999,63418
153999,39186
204762,11490
203133,11490
227670,11490
248292,3382
153150,62074
186990,50720
221526,63186
210690,63186
240939,35846
251967,48298
180195,34092
180195,56714
229977,32496
197286,3382
250653,3382
227310,3382
205815,57804
188343,11262
212775,3382
154032,11490
72645,11262
203256,34092
203256,56714
67158,62376
67158,1370
244158,39186
244158,63418
215298,54290
221247,48298
205815,48298
247974,39186
247974,63418
246339,124
129204,124
208566,124
153813,56714
153813,34092
65052,11262
165786,53386
61824,11490
248205,61280
206811,50274
206784,50274
206406,50274
207144,50274
156063,33534
207927,3382
221247,32496
201798,59396
201798,62274
231909,63418
231909,39186
223389,34092
223389,56714
153756,59394
25749,48980
192159,50720
191226,33534
251631,33534
253506,50274
251493,50274
249216,50274
242130,59394
211524,53386
162792,32496
166995,54096
250977,62274
250977,59396
207144,50720
206811,50720
206406,50720
206784,50720
210615,62376
210615,1370
157398,33534
203511,61280
157767,32496
242442,50720
212748,50720
225393,50720
251619,50720
61824,61280
208092,59394
229473,1370
229473,62376
192942,50274
208872,124
187875,59394
228948,36720
244446,59822
206304,59822
244446,1304
206304,1304
216981,63186
249687,63186
166995,50274
209073,39186
209073,63418
206952,56696
206952,35732
154113,62074
223104,33534
190113,59394
246054,11262
221247,33534
203517,59394
208590,34092
208590,56714
206856,50274
212232,63418
212232,39186
239577,50274
234120,50720
234864,35732
234864,56696
183645,11262
208350,56714
208350,34092
166356,32496
244158,33534
203796,61280
208341,61280
232068,32496
206667,50274
188730,39186
154011,39186
187734,63418
187734,39186
154011,63418
188730,63418
247260,48298
242130,50720
62817,33534
243390,59394
220728,61280
251967,11490
249930,50274
195372,57804
153402,59396
153402,62274
238293,11490
59703,3382
223554,3382
192771,3382
229521,3382
205122,3382
199860,3382
203889,3382
251085,3382
210846,3382
238293,54290
187659,48298
210234,53386
244278,1370
244278,62376
249294,39186
238263,39186
249294,63418
238263,63418
232614,32496
64218,57804
164457,32496
248550,63186
156225,1304
156225,59822
163101,61280
232404,63418
232404,39186
233970,39186
233970,63418
213885,57804
233970,32496
203871,11262
203181,11262
183492,11490
249513,63418
249513,39186
165786,32496
206304,11262
204243,32496
201798,50720
206376,48298
226662,54096
66879,57804
242610,51316
180195,11262
211236,1304
211236,59822
182292,11490
220269,11490
64959,3382
211533,63418
211533,39186
72561,59394
176577,32496
215298,11490
229527,62376
229527,1370
223104,59394
178458,61280
204780,32496
236226,11490
182295,1304
182295,59822
221247,61280
251967,53386
167652,3382
232614,59396
232614,62274
206376,11490
186438,32496
62337,63418
62337,39186
177903,33534
222894,1304
222894,59822
247956,62274
247956,59396
203829,63418
203829,39186
187962,61280
212775,32496
178068,32496
248796,32496
62337,61280
211140,61280
177474,63418
177474,39186
186438,11490
243390,33534
163101,50720
153792,59396
153792,62274
192942,50720
176577,62274
176577,59396
189012,1304
189012,59822
206460,34092
206367,34092
210897,56714
210897,34092
206367,56714
206460,56714
192618,11490
234156,39186
234156,63418
129135,59394
250782,63418
250782,39186
194883,48298
253578,11262
163578,61280
222750,50720
196845,11490
186882,32496
232029,50720
223968,61280
234120,63186
247956,63418
247956,39186
198279,39186
198279,63418
72900,50274
171702,11490
154032,53386
157224,63186
189045,32496
204762,59394
227670,59394
203133,59394
212283,32496
154560,59394
64218,48298
250434,3382
250947,39186
250947,63418
173667,32496
157767,61280
223104,39186
223104,63418
252405,39186
252405,63418
188700,32496
249795,33534
200502,33534
196455,33534
184950,63186
227310,39186
227310,63418
198792,50274
207219,32496
204771,11262
230178,50720
206427,39186
206427,63418
230028,53386
209622,32496
203790,61280
207219,57804
225699,50274
248205,59394
192300,56714
192300,34092
250362,63418
250362,39186
224841,50720
207243,59394
209154,62274
209154,59396
188853,11262
232068,61280
153084,59396
153084,62274
189045,61280
203532,11262
234120,54096
203082,3382
203073,3382
238611,3382
213102,59396
213102,62274
230178,3382
205332,11262
187386,39186
187386,63418
155055,59394
198981,33534
161526,63186
203055,56714
203055,34092
178068,63418
178068,39186
154032,61280
198855,32496
72918,63186
217293,63186
250749,56714
206928,56714
206928,34092
206838,34092
206838,56714
207267,56714
207129,56714
207129,34092
250749,34092
207267,34092
183366,61280
227670,3382
204762,3382
203133,3382
221526,39186
210690,39186
221526,63418
210690,63418
227292,33534
165786,61280
206364,57804
210978,61280
231909,59396
231909,62274
246627,1304
203301,1304
203301,59822
246627,59822
163578,59394
88920,11262
203511,11490
211476,61280
206367,62376
210897,1370
210897,62376
206460,62376
206460,1370
206367,1370
153048,32496
205812,63418
205812,39186
163578,3382
208209,54096
183492,61280
223968,11490
164064,32496
187875,11490
206988,63418
250275,63418
250275,39186
206988,39186
187221,61280
165744,32496
210876,32496
223968,61348
128604,32496
234120,62274
234120,59396
220632,11262
154098,59394
227292,62274
227292,59396
210393,124
234093,124
241824,63418
241824,39186
252177,11490
164457,61280
153756,48298
154827,3382
206952,34092
206952,56714
153150,56714
153150,34092
226662,63186
228948,50720
192618,50274
212586,48298
183366,48298
208209,3382
204228,33534
190113,11490
245976,61280
157398,32496
183366,32496
234030,39186
211965,39186
234030,63418
211965,63418
203268,3382
72918,3382
217293,3382
203829,3382
155106,11262
179700,59822
179700,1304
205959,59394
187962,32496
244680,61280
164457,33534
171702,32496
153084,32496
172008,11262
252210,3382
245631,11262
64218,3382
187875,61280
179853,59394
242130,63418
242130,39186
165684,32496
128334,11490
210171,62376
210171,1370
210615,35732
210615,56696
61305,11262
207588,11262
189045,3382
217293,39186
72918,39186
217293,63418
72918,63418
242232,50720
206955,50720
238827,50720
186378,11490
181371,1304
181371,59822
203724,63186
204795,63186
219231,63418
208758,39186
219231,39186
208758,63418
234120,57804
241389,32496
243408,11490
203073,50720
210978,3382
204411,61280
155043,11262
210393,3382
234093,3382
164661,63418
164661,39186
207927,61280
173940,11262
128604,62274
128604,59396
211965,33534
234030,33534
175809,61280
244680,57804
68676,32496
214506,63418
214506,39186
203706,59822
203706,1304
153138,56696
153138,35732
243408,59394
181101,3382
187875,48298
209622,61280
210000,33534
236226,48298
243390,32496
207264,59394
253683,1370
253683,62376
206799,34092
206799,56714
188331,33534
244446,11262
203316,3382
212571,56714
212571,34092
211989,54096
203727,54096
188700,63418
188700,39186
188685,63418
188685,39186
189009,56696
189009,35732
159831,59394
68496,32496
248550,54096
209073,32496
212892,11262
154032,32496
249687,124
238293,61348
222204,59394
210114,3382
247632,57804
203166,34092
207588,34092
61305,34092
203166,56714
207588,56714
61305,56714
216981,32496
192300,35732
192300,56696
206346,53386
187734,32496
188730,32496
154011,32496
206664,1370
206664,62376
217002,54096
197286,39186
197286,63418
250653,63418
250653,39186
243390,57804
211947,124
129135,3382
246618,61280
242412,61280
212442,53386
213102,63418
213102,39186
207240,50720
218673,1370
218673,62376
203454,50274
248250,50274
203277,50274
248013,50274
206376,53386
203166,11262
251619,36720
225393,36720
242442,36720
212748,36720
208209,50720
225480,32496
155388,11490
203316,124
175809,57804
157398,62274
157398,59396
203142,11490
198279,32496
207243,32496
210114,124
183576,3382
230010,62274
230010,59396
154476,33534
209994,56696
209994,35732
179853,50720
212283,59394
154068,53386
154779,3382
242232,62274
238827,59396
242232,59396
206955,59396
238827,62274
206955,62274
244005,11262
128763,62376
128763,1370
230178,33534
246627,11262
203301,11262
197529,3382
209799,32496
154068,59394
199854,56714
199854,34092
128685,56714
128685,34092
65640,32496
249486,59394
153756,3382
187221,57804
154779,59394
204411,59394
203274,3382
196722,3382
197034,3382
243408,57804
181593,62074
220713,48298
198855,59394
64365,54096
230604,3382
217872,62074
194388,62074
236766,62074
248871,62074
216564,36720
204771,34092
204771,56714
72117,61348
206847,3382
77484,32496
153312,63186
206364,32496
166995,32496
128334,61280
184698,32496
183492,48298
184698,39186
184698,63418
60762,50274
154167,48298
215298,53386
154770,59394
153048,59394
206838,1370
207129,1370
207129,62376
207267,62376
206928,62376
207267,1370
250749,62376
206838,62376
206928,1370
250749,1370
172419,32496
154098,32496
179853,35846
203232,56714
203232,34092
154881,61280
163101,32496
96444,39186
96444,63418
250020,39186
250020,63418
227238,63418
227238,39186
209622,39186
209622,63418
232029,62274
232029,59396
220728,53386
203727,50720
88821,50720
165750,50720
250362,61280
234129,34092
234129,56714
154032,57804
245976,3382
196845,32496
203700,32496
242856,32496
204411,32496
228729,32496
155085,11262
186177,11262
65067,11262
209154,54096
249930,35846
153048,61280
208758,59396
219231,62274
219231,59396
208758,62274
209094,59394
191247,3382
192618,50720
248292,11490
176403,48980
212220,48980
222750,63418
222750,39186
220095,56714
220095,34092
154476,59394
210615,54096
211140,3382
62337,3382
224841,63418
224841,39186
208566,54096
246339,54096
129204,54096
208092,51316
187224,54096
244158,32496
241824,57804
243408,48298
220218,59822
220218,1304
232035,61280
250434,63418
250434,39186
179853,57804
210678,63186
230604,32496
72930,48298
187221,33534
172008,1370
172008,62376
154881,3382
203706,11262
178068,33534
165726,50720
242412,39186
242412,63418
246618,39186
246618,63418
211812,32496
208053,59394
252210,124
212430,32496
210615,56714
210615,34092
154803,59394
205812,3382
167316,50720
211236,56696
211236,35732
206664,56714
206664,34092
154041,11262
154770,61280
179853,3382
153675,11262
225699,3382
177474,32496
174513,11262
211632,62274
211632,59396
206439,32496
243390,3382
159831,57804
212586,3382
251619,61280
212748,61280
225393,61280
242442,61280
173940,59822
173940,1304
25749,54290
212571,11262
208521,11262
245154,32496
244287,62376
244287,1370
249294,61280
238263,61280
240912,11490
166128,32496
206952,33886
206952,63538
206952,30500
206952,50718
157185,33534
235932,50274
210840,50274
210393,50274
234093,50274
217002,124
173613,32496
211140,39186
211140,63418
182292,3382
229737,59394
163578,33534
217494,39186
217494,63418
243390,61280
62337,56696
62337,35732
62337,50720
211140,50720
159831,3382
204243,11490
183672,32496
210186,11262
207240,62274
207240,59396
154803,61280
250947,63186
215298,61348
204780,11490
166356,59396
166356,62274
225276,59394
96138,34092
96138,56714
251631,124
240912,59394
72108,50274
157224,63418
157224,39186
153279,11262
187659,33534
206868,61348
244158,3382
61344,53386
191247,32496
172419,57804
172587,39186
172587,63418
176643,39186
176643,63418
250653,33534
197286,33534
166437,62274
166437,59396
184950,39186
184950,63418
159831,48298
207927,48298
56871,11262
206955,61280
242232,61280
238827,61280
172503,32496
238611,50720
203082,50720
251967,48980
211476,57804
197529,59394
206940,48980
247632,32496
242556,50720
221247,51316
201798,3382
192300,59822
192300,1304
165726,59394
203142,59394
253191,11262
203454,11490
203277,11490
248250,11490
248013,11490
177903,59394
159831,32496
207927,32496
156063,39186
156063,63418
163578,32496
183666,56696
183666,35732
223728,50720
191226,63418
191226,39186
204228,63418
204228,39186
154068,61280
198792,32496
204483,1304
204483,59822
212892,34092
212892,56714
229527,11262
154665,62376
154665,1370
208488,54096
247548,63418
247548,39186
212283,3382
201564,59394
203295,59394
155055,32496
204780,61280
212301,50720
235932,39186
210840,39186
210840,63418
235932,63418
213513,50274
154113,59822
154113,1304
154740,59394
242130,3382
72561,33534
222204,32496
250434,32496
204144,32496
164337,32496
242610,54290
217002,16358
220728,36720
211947,33534
128901,62376
128901,1370
154473,33534
185067,33534
209094,32496
64959,33534
203301,56714
246627,56714
203301,34092
246627,34092
242130,57804
213114,59394
154374,1304
154374,59822
224169,32496
225276,32496
96444,3382
250020,3382
206439,36720
247956,3382
210114,50274
234018,39186
234972,63418
234018,63418
229341,63418
229341,39186
234972,39186
153756,61280
253578,62376
253578,1370
208206,1304
208206,59822
88821,3382
165750,3382
157398,3382
248292,61280
222204,3382
234030,63186
211965,63186
241824,3382
204795,63418
204795,39186
203724,63418
203724,39186
220713,61280
225276,3382
244005,59822
244005,1304
201798,50274
240852,16358
184698,62274
184698,59396
206364,63418
206364,39186
206847,50720
162603,32496
207264,50720
248550,50720
219522,50720
204375,50720
184950,3382
244173,1304
244173,59822
220269,61348
153084,3382
206850,50274
228729,63418
228729,39186
237252,1304
237252,59822
198855,61280
154740,3382
158766,50274
206412,50274
206514,50274
206496,50274
154560,33534
240939,51316
229977,54290
212232,61348
190152,61348
248178,63186
198873,11490
248796,63418
248796,39186
128538,48298
209154,63186
172695,56714
172695,34092
212232,61280
203727,63186
211989,63186
188100,11262
68676,59394
206868,32496
210168,11262
233970,3382
248301,39186
248301,63418
183576,63418
183576,39186
231909,32496
206625,34092
206625,56714
206355,56714
206355,34092
237252,34092
237252,56714
181860,1370
181860,62376
128901,11262
198873,33534
184674,63418
184674,39186
72045,61348
199242,61348
252405,3382
203142,3382
203274,39186
197034,39186
197034,63418
203274,63418
154098,11490
195723,32496
194601,35732
194601,56696
220095,59822
220095,1304
183666,59822
183666,1304
214506,59394
208536,59394
210678,63418
210678,39186
153402,39186
153402,63418
238218,63186
160029,61280
161526,32496
203829,11490
207147,34092
207147,56714
154740,32496
203532,34092
203706,34092
203532,56714
203706,56714
65052,59822
65052,1304
249930,11490
211476,11490
186882,33534
25743,50720
192159,59394
218673,11262
211947,54096
209793,61348
250977,33534
206868,59394
232614,61280
216981,33534
198573,11262
203727,59394
162603,63186
231459,56714
231459,34092
238218,59394
172503,3382
188961,1304
188961,59822
249297,50720
211989,59394
187221,59394
154827,32496
235335,61280
206439,61348
248013,63418
248250,63418
248013,39186
203454,63418
248250,39186
203454,39186
203277,63418
203277,39186
173667,59396
173667,62274
207240,32496
207243,57804
179700,62074
166599,11262
205959,61280
176577,59394
210954,3382
242439,59396
242439,62274
213102,3382
223389,59822
223389,1304
232614,57804
212430,59394
210627,33534
219522,62274
219522,59396
248550,59396
248550,62274
157500,1370
157500,62376
235335,48298
182556,59822
182556,1304
211236,56714
211236,34092
129135,11490
206847,32496
183912,56714
183912,34092
206673,56714
206673,34092
212586,57804
165726,11490
230178,59394
60864,3382
188685,59394
154485,1304
154485,59822
227238,3382
187806,54290
239577,35846
203181,34092
203871,34092
203181,56714
203871,56714
65577,11262
203073,59396
203082,59396
203082,62274
238611,62274
238611,59396
203073,62274
153999,62274
153999,59396
211947,3382
175293,32496
238611,50274
203073,50274
203082,50274
232029,32496
154803,33534
182565,11490
208488,39186
208488,63418
164064,33534
251631,3382
72108,3382
164640,56714
164640,34092
173613,63418
173613,39186
154881,32496
247632,59394
196311,56714
207096,56714
196311,34092
207096,34092
225012,39186
225012,63418
203511,32496
251121,1370
251121,62376
208209,50274
237804,35732
237804,56696
154869,1304
154869,59822
209094,61280
247029,56714
247029,34092
213885,3382
167256,35732
167256,56696
187659,11490
157185,11490
210882,56714
210882,34092
191250,1304
191250,59822
246054,59822
246054,1304
221526,61280
210690,61280
212301,61280
211524,48980
207243,61280
210168,56714
210168,34092
225699,11490
190113,61280
190152,59394
164640,62074
247974,33534
192159,3382
154803,3382
172008,56714
172008,34092
206376,48980
205812,33534
176577,61280
226623,54096
198792,39186
198792,63418
234951,11262
206427,62274
206427,59396
155052,56696
155052,35732
203145,34092
203145,56714
217380,50274
203259,50274
217620,56696
217620,35732
234156,3382
249930,124
162792,57804
243408,3382
203295,63186
201564,63186
154098,61280
252405,50720
217002,50274
206625,62376
206355,62376
206625,1370
206355,1370
163251,59394
224931,3382
190152,32496
208053,32496
227292,59394
159831,61280
242439,39186
242439,63418
227310,63186
248301,3382
203673,11262
247974,59394
184509,3382
60864,63418
60864,39186
219231,3382
208758,3382
208209,39186
208209,63418
211989,50720
192159,50274
231057,34092
231057,56714
203316,54096
227310,33534
214506,61280
200964,124
210234,48980
183912,1304
183912,59822
232614,59394
71301,11262
225276,63418
225276,39186
178458,57804
203268,63418
196722,63418
203268,39186
196722,39186
224169,59396
224169,62274
251106,11262
243408,32496
183366,33534
236775,16358
213885,32496
64959,57804
210627,61280
246804,33534
204375,50274
164457,59394
252081,11490
208554,124
249795,124
208821,124
200502,124
196455,124
203142,50274
192564,34092
192564,56714
184950,50720
72108,16358
166356,33534
252081,54290
183576,63186
154011,33534
188730,33534
187734,33534
201741,56714
201741,34092
157224,32496
25743,62274
25743,59396
166995,39186
166995,63418
209796,11490
128604,57804
129264,56714
129264,34092
248292,57804
222906,33534
197529,11490
212526,11262
229521,124
223554,124
251085,124
199860,124
59703,124
210846,124
192771,124
203889,124
205122,124
156225,62074
203328,1304
203328,59822
172695,1304
172695,59822
227670,50274
204762,50274
203133,50274
198855,57804
234093,33534
210393,33534
181101,59394
199860,61280
223554,61280
205122,61280
251085,61280
192771,61280
210846,61280
229521,61280
203889,61280
59703,61280
208053,61280
163101,57804
213885,33534
252177,32496
226140,11262
228948,32496
205959,11490
211140,35732
211140,56696
206439,57804
210000,59394
230028,48980
211413,59394
242556,39186
242556,63418
183645,34092
183645,56714
210393,63418
234093,63418
210393,39186
234093,39186
188685,3382
197529,50274
203829,61280
249081,56714
249081,34092
171702,61280
174195,62074
183672,59394
200964,54096
162603,39186
162603,63418
222669,32496
249930,16358
251625,11262
198981,11490
229536,61348
224931,61280
164640,35732
164640,56696
161526,33534
154740,61280
230286,56714
230286,34092
209073,59396
209073,62274
161526,39186
161526,63418
72117,48980
65328,59822
65328,1304
206850,50720
164007,32496
191247,63418
191247,39186
206427,57804
175809,53386
213513,59394
206847,50274
208812,50720
208794,50720
174195,34092
174195,56714
226848,16358
230010,50720
216981,59394
212586,32496
249795,3382
208821,3382
196455,3382
200502,3382
208554,3382
230286,62074
187224,32496
237804,34092
237804,56714
157185,59396
157185,62274
183789,1304
183789,59822
240912,32496
156225,34092
156225,56714
238293,53386
183912,62074
164064,59396
164064,62274
68496,63186
178458,33534
252210,54096
220713,32496
206427,61348
236775,54096
207618,35732
207618,56696
204375,32496
181593,56696
181593,35732
209799,57804
179853,39186
179853,63418
252405,63186
72645,56714
72645,34092
208536,63186
225699,63186
153867,11262
187659,36720
186378,39186
186378,63418
167652,32496
183666,34092
183666,56714
188700,59396
188700,62274
187386,51316
210876,63418
165744,39186
210876,39186
165744,63418
247260,33534
213114,62274
213114,59396
191250,56714
191250,34092
175809,11490
247374,34092
247374,56714
212505,1304
63582,59822
250629,59822
203052,1304
203502,1304
203502,59822
203052,59822
205728,59822
250629,1304
212505,59822
205728,1304
158016,59822
63582,1304
158016,1304
249294,63186
238263,63186
164661,3382
203727,63418
211989,39186
211989,63418
203727,39186
225699,33534
206439,11490
212283,61280
251631,54096
128334,48298
220713,50720
247260,60
208899,63186
230178,32496
249930,54096
154011,63186
187734,63186
188730,63186
213513,50720
243408,63418
243408,39186
188343,59822
188343,1304
226140,62376
226140,1370
209154,50720
164007,59394
164970,34092
164970,56714
186378,3382
211047,1304
211047,59822
197286,63186
250653,63186
202638,3382
212430,61280
157854,11262
204657,56714
204657,34092
182295,35732
182295,56696
214998,32496
210978,32496
238536,62376
238536,1370
239577,11490
153600,56714
153600,34092
205815,61280
166002,1304
166002,59822
208872,54096
223104,61280
72561,3382
232029,59394
154803,32496
240912,57804
72117,54290
179700,35732
179700,56696
165684,63418
165684,39186
176643,32496
172587,32496
68676,61280
222894,35732
222894,56696
166995,3382
155055,61280
211413,63418
211413,39186
72108,124
230010,59394
158766,50720
206412,50720
206496,50720
206514,50720
201564,63418
201564,39186
203295,63418
203295,39186
164970,62074
208488,3382
195372,11490
187806,61348
223389,56696
223389,35732
248202,48980
165684,62274
165684,59396
165744,62274
210876,59396
165744,59396
210876,62274
182556,56696
182556,35732
219231,16358
208758,16358
204093,11262
206868,11490
207243,48298
220728,11490
222906,57804
217494,59396
217494,62274
183366,51316
208053,11490
248202,52620
223968,54290
205815,11490
176577,11490
242571,11262
208503,11262
222894,62074
207240,59394
183213,48980
173667,33534
242610,61280
211473,32496
213513,32496
196302,1304
206787,1304
196302,59822
206787,59822
189012,56714
189012,34092
212571,59822
208521,59822
212571,1304
208521,1304
157416,1304
157416,59822
128604,61280
210678,59394
209880,33534
154551,33534
235458,57804
129081,63418
242619,63418
242619,39186
129081,39186
211413,50720
210129,56714
211542,56714
211542,34092
210129,34092
183363,1370
183363,62376
153756,32496
234864,57414
224169,33534
164337,33534
188961,62074
174195,35732
174195,56696
154560,3382
206787,35732
196302,56696
196302,35732
206787,56696
208899,59394
153288,34092
153288,56714
234972,50720
234018,50720
229341,50720
128538,61280
211947,50720
207330,3382
203517,61280
233814,11262
187650,11262
184104,32496
129204,59394
246339,59394
208566,59394
209073,59394
244041,34092
244041,56714
64218,32496
209073,11490
188331,11490
161787,59822
161787,1304
155016,35732
155016,56696
65328,34092
65328,56714
189012,62074
206427,32496
68496,3382
249486,36720
236775,39186
236775,63418
239577,124
206856,63418
206856,39186
195372,61348
222906,3382
236766,1370
248871,62376
217872,62376
217872,1370
236766,62376
194388,62376
194388,1370
248871,1370
247260,54290
202638,11490
214506,32496
220218,62074
182292,61280
209796,54290
64365,32496
128604,59394
207822,56714
207822,34092
244971,33534
240912,63418
240912,39186
252480,32496
246627,1370
246627,62376
203301,1370
203301,62376
237804,10808
237804,1372
244287,11262
235458,59394
200964,35846
249513,61280
155055,3382
172419,11490
200964,50274
242430,34092
242430,56714
253866,11262
249486,48980
203268,61280
192564,11262
250434,62274
250434,59396
209880,32496
154551,32496
246804,32496
242619,61280
129081,61280
181860,56714
181860,34092
249486,61348
181746,1304
181746,59822
224211,61348
156063,32496
64959,11490
249486,50720
212775,57804
242442,61348
225393,61348
212748,61348
251619,61348
251106,62376
251106,1370
204144,33534
204657,1304
204657,59822
206427,36720
248301,63186
248796,61280
154869,35732
154869,56696
208488,63186
211740,62376
211740,1370
242556,54096
226662,57804
128538,32496
190152,11490
184509,61280
165726,39186
165726,63418
216822,48298
248550,50274
219522,50274
250362,32496
225393,32496
242442,32496
212748,32496
251619,32496
230073,53386
200964,62274
200964,59396
180495,35732
180495,56696
154779,39186
154779,63418
229977,11490
155106,59822
155106,1304
157854,56714
157854,34092
191553,56696
191553,35732
154098,54290
208872,3382
164007,57804
191226,11490
165126,63418
165126,39186
253098,63418
253098,39186
234030,61280
211965,61280
219231,63186
208758,63186
198792,3382
183789,34092
183789,56714
205332,59822
205332,1304
198873,57804
186384,56696
186384,35732
212448,48980
72108,39186
72108,63418
251253,11262
208872,63418
208872,39186
186177,1370
186177,62376
239577,16358
164337,3382
62817,11490
206868,57804
206439,59394
194601,56714
194601,34092
61692,32496
247029,59822
247029,1304
213885,61348
206667,11490
225276,61280
211542,11262
210129,11262
230604,63418
230604,39186
173940,62074
205815,59394
203706,62376
203706,1370
250947,61280
226848,1304
226848,59822
211473,39186
211473,63418
166002,56714
166002,34092
231459,1304
231459,59822
252081,48980
180195,1304
180195,59822
208536,39186
208536,63418
166128,33534
206811,32496
206406,32496
207144,32496
206784,32496
253683,62074
154473,63418
154473,39186
185067,63418
185067,39186
162792,59394
163251,48298
208209,33534
72561,61280
186384,34092
186384,56714
153756,57804
213513,62274
213513,59396
210141,32496
208488,50720
247974,3382
211947,39186
211947,63418
190152,48980
209976,56714
209976,34092
222750,3382
246804,59394
205812,32496
182295,34092
182295,56714
208341,48980
203796,48980
184950,62274
184950,59396
222669,53386
211413,63186
241263,59822
241263,1304
173613,63186
153150,35732
153150,56696
167256,56714
167256,34092
194601,62376
194601,1370
206364,36720
154011,3382
187734,3382
188730,3382
181371,62074
223071,62074
204228,59394
247956,61280
183576,33534
240852,59822
240852,1304
184509,57804
217494,32496
187224,62274
187224,59396
248178,59394
188685,32496
238032,56714
238032,34092
224526,11262
247260,32496
235458,61280
220095,56696
220095,35732
228948,61280
128901,34092
128901,56714
163101,61348
207219,3382
206364,48980
226662,3382
239577,54096
129135,61280
157767,11490
154485,62074
201798,59394
154113,34092
154113,56714
252081,48298
212586,11490
208521,57414
208566,63186
129204,63186
246339,63186
213102,57804
155055,48298
188853,34092
188853,56714
251631,50720
216822,48980
154560,61280
222204,61280
207222,48980
249795,54096
196455,54096
200502,54096
208821,54096
208554,54096
252480,63418
252480,39186
164007,48298
167256,59822
167256,1304
155016,59822
155016,1304
72918,59394
217293,59394
208566,63418
246339,63418
129204,39186
208566,39186
129204,63418
246339,39186
203268,32496
197034,32496
196722,32496
203274,32496
192300,62074
71301,34092
71301,56714
192159,39186
192159,63418
232068,11490
63582,11262
250629,11262
212505,11262
203052,11262
203502,11262
205728,11262
158016,11262
223071,59822
223071,1304
60762,62376
60762,1370
206868,48980
224931,57804
204483,62074
210000,3382
155106,56714
155106,34092
176643,3382
172587,3382
250977,59394
223968,53386
195372,36720
242439,59394
242439,3382
184104,59394
203829,32496
77484,57804
176577,57804
253191,1370
253191,62376
155085,59822
155085,1304
211542,59822
210129,59822
211542,1304
210129,1304
225699,32496
183645,56696
183645,35732
204243,3382
154167,57804
155337,1304
155337,59822
205905,11262
249579,11262
61908,11262
186384,1304
186384,59822
190152,57804
226623,3382
203460,32496
182565,36720
212301,57804
213513,11490
224631,61280
154869,56714
154869,34092
234951,30500
234951,50718
234951,63538
234951,33886
154770,11490
201798,11490
153084,11490
181746,56714
181746,34092
181746,56696
181746,35732
230010,32496
238218,61280
211047,35732
211047,56696
173940,34092
173940,56714
231909,3382
207330,59396
207330,62274
242151,61348
198882,61348
229527,56714
229527,34092
244287,56714
244287,34092
167652,57804
129135,48298
237252,62074
211740,56714
211740,34092
207330,32496
155085,34092
155085,56714
196302,62074
206787,62074
242610,53386
154032,59396
154032,62274
227292,11490
210627,3382
247983,48980
243546,48980
174195,1372
174195,10808
128538,60
153288,11262
230604,62274
230604,59396
64365,39186
64365,63418
162792,11490
166437,11490
223071,34092
223071,56714
186882,3382
186438,54290
248796,33534
206364,61280
203790,48980
224526,1304
224526,59822
196302,56714
196302,34092
230286,1304
230286,59822
188700,59394
212748,57804
242442,57804
251619,57804
225393,57804
153765,11262
184104,3382
228438,34092
228438,56714
212775,48298
207264,48980
187224,63418
187224,39186
153048,48298
60864,62274
60864,59396
226623,59394
200502,50720
249795,50720
196455,50720
208821,50720
208554,50720
249687,50274
203082,59394
238611,59394
203073,59394
128538,33534
209154,3382
243408,61280
249297,59394
206856,57804
252210,59394
72561,32496
212574,11262
242439,48298
237252,56696
237252,35732
183789,35732
183789,56696
210141,63418
210141,39186
208206,62074
207822,62074
184710,50274
203256,11262
164970,1304
164970,59822
212283,11490
244479,62074
181371,56714
181371,34092
163251,48980
246054,34092
246054,56714
88821,32496
165750,32496
177903,11490
208758,124
219231,124
64218,61280
184674,59394
222906,61280
203328,62376
203328,1370
234018,59394
229341,59394
234972,59394
212448,11490
155337,34092
155337,56714
237804,62074
139272,56714
139272,34092
181371,56696
181371,35732
194883,54290
245976,11490
65328,35732
65328,56696
209994,59822
209994,1304
165726,32496
238218,48298
88920,34092
88920,56714
197676,56714
197676,34092
203316,59394
204375,11490
154779,60
202638,32496
164457,48298
223968,48980
165750,59396
165750,62274
88821,59396
88821,62274
207396,1304
207396,59822
166437,61280
206427,11490
182556,56714
182556,34092
208545,11262
251721,11262
201837,11262
211632,57804
210978,53386
164661,33534
165744,59394
210876,59394
165684,59394
209880,59394
154551,59394
184674,3382
208545,56714
251721,56714
201837,56714
251721,34092
208545,34092
201837,34092
192159,11490
128763,11262
249486,11490
251121,11262
186882,63418
186882,39186
248061,11262
154560,32496
222759,34092
222759,56714
235335,11490
203328,62074
191247,62274
191247,59396
68676,11490
247956,32496
222894,34092
222894,56714
242430,1304
242430,59822
65640,59396
65640,62274
234864,35846
205959,54290
210393,54096
234093,54096
203145,11262
184710,50720
206304,62074
222750,59394
209880,3382
154551,3382
246804,3382
203532,59822
203532,1304
250977,3382
154374,62074
224841,50274
251631,63418
251631,39186
181101,32496
192618,3382
210978,11490
158016,62376
203052,1370
203052,62376
205728,1370
205728,62376
212505,62376
250629,1370
212505,1370
63582,62376
63582,1370
158016,1370
203502,1370
250629,62376
203502,62376
241263,35732
241263,56696
161787,35732
161787,56696
154041,59822
154041,1304
213114,61280
210678,50720
162792,62274
162792,59396
242439,11490
66879,59394
209073,57804
219522,3382
227310,61280
197286,61280
250653,61280
212448,52620
206427,48980
60864,32496
210000,32496
206439,48980
206415,34092
206415,56714
211947,63186
244971,54290
208788,57414
209793,48298
153867,34092
153867,56714
212571,57414
154476,61280
203277,32496
203454,32496
248250,32496
248013,32496
163251,61280
225276,11490
233814,34092
233814,56714
210114,54096
165726,61280
242232,32496
238827,32496
206955,32496
154665,11262
198855,11490
209799,11490
208788,1370
208788,62376
206673,1370
206673,62376
210114,63418
210114,39186
212571,62074
208521,62074
164007,3382
221247,54290
154068,36720
211632,61280
65640,57804
203889,63418
192771,39186
205122,39186
59703,39186
251085,63418
210846,39186
229521,63418
223554,63418
199860,39186
205122,63418
199860,63418
223554,39186
203889,39186
210846,63418
192771,63418
251085,39186
229521,39186
59703,63418
233970,33534
218673,1304
218673,59822
196311,1370
196311,62376
207096,62376
207096,1370
208872,50720
217620,56714
217620,34092
212775,59396
212775,62274
249297,11490
206415,1370
206415,62376
244173,62074
188637,56714
188637,34092
224841,32496
207147,62376
207147,1370
249486,57804
208566,50720
203316,50720
129204,50720
246339,50720
242610,32496
208053,59396
208053,62274
153756,11490
205740,59822
205740,1304
179790,34092
179790,56714
234120,48298
61902,59822
61902,1304
180495,59822
180495,1304
204522,35732
204522,56696
228948,11490
208899,63418
208899,39186
233970,62274
233970,59396
207396,56714
207396,34092
208872,63186
217494,11490
251631,59394
228753,62074
211632,11490
65067,56714
65067,34092
221526,50720
210690,50720
25749,53386
181860,1304
181860,59822
253683,59822
253683,1304
229521,54096
223554,54096
192771,54096
59703,54096
210846,54096
203889,54096
205122,54096
199860,54096
251085,54096
156063,59394
186987,32496
203295,50720
201564,50720
186990,32496
153084,61280
214998,11490
184698,11490
244479,34092
244479,56714
195372,48298
237057,62376
237057,1370
178068,59394
210882,11262
244158,62274
244158,59396
59703,50720
223554,50720
251085,50720
203889,50720
229521,50720
199860,50720
192771,50720
210846,50720
205122,50720
153792,59394
177474,59394
197034,61280
196722,61280
203274,61280
165750,39186
165750,63418
88821,39186
88821,63418
203328,11262
162792,48298
225699,62274
225699,59396
225012,57804
157185,57804
243546,11490
247983,11490
153999,61280
153999,11490
242439,57804
227292,57804
209094,57804
247374,1304
247374,59822
153279,56714
153279,34092
204522,1304
204522,59822
154011,59396
154011,62274
188730,59396
187734,62274
187734,59396
188730,62274
247632,11490
206364,11490
234864,50718
234864,63538
234864,30500
234864,33886
194883,61348
207396,35732
207396,56696
244173,35732
244173,56696
226623,63186
208794,16358
208812,16358
244479,1304
244479,59822
72930,61348
204522,56714
204522,34092
96444,32496
250020,32496
208545,1304
201837,1304
201837,59822
251721,1304
208545,59822
251721,59822
216981,61280
232614,11490
61902,35732
61902,56696
204144,3382
213102,33534
153084,59394
223389,62074
59700,56714
161208,34092
59700,34092
161208,56714
203316,63186
206667,59394
236775,124
155016,56714
155016,34092
198873,3382
203277,3382
248250,3382
203454,3382
248013,3382
184698,3382
157224,3382
154665,56714
154665,34092
207822,59822
207822,1304
166437,59394
155052,59822
155052,1304
229737,32496
207330,59394
206667,32496
249486,32496
188685,57804
206940,52620
155085,35732
155085,56696
230178,48298
158658,34092
158658,56714
64218,11490
203316,63418
203316,39186
62817,61348
182295,62074
247632,48298
248796,57804
186987,33534
208812,63186
208794,63186
240912,3382
246627,62074
203301,62074
242610,60
174513,56714
174513,34092
161787,34092
161787,56714
186378,62274
186378,59396
209994,34092
209994,56714
128526,48980
249687,39186
249687,63418
228753,59822
228753,1304
129135,57804
64365,59396
64365,62274
230604,59394
187386,57804
165750,59394
88821,59394
181860,62074
154041,56714
154041,34092
201564,61280
203295,61280
213114,32496
241824,32496
187650,59822
187650,1304
210954,61280
203166,59822
61305,1304
207588,59822
203166,1304
207588,1304
61305,59822
182565,61348
187221,48298
203232,11262
247983,52620
243546,52620
249930,63418
249930,39186
208536,50720
253557,48980
65328,1372
65328,10808
242412,50720
246618,50720
204228,32496
189012,35732
189012,56696
250020,61280
96444,61280
187659,54290
252480,63186
201282,11262
179700,34092
179700,56714
167316,63418
167316,39186
207219,59396
207219,62274
187386,61280
157416,56714
157416,34092
228729,3382
77484,11490
252405,33534
221247,11490
240912,48298
245154,59394
204144,59396
204144,62274
231909,59394
217380,61348
203259,61348
212775,11490
204243,61280
226623,50720
206448,32496
234093,50720
210393,50720
212301,32496
248061,34092
248061,56714
220095,62074
197802,56714
197802,34092
154473,32496
185067,32496
242439,32496
247260,53386
153792,3382
216981,57804
188685,48298
191250,62074
192942,32496
245976,32496
249795,59394
200502,59394
208554,59394
208821,59394
196455,59394
215112,11490
65052,62074
191247,59394
244446,62074
223782,34092
223782,56714
210000,61280
165126,54096
253098,54096
161526,59394
249207,34092
249207,56714
210633,1370
210633,62376
251253,62376
251253,1370
60864,59394
250977,32496
235458,48298
167652,48298
181593,1372
181593,10808
252210,63186
208521,1370
208521,62376
249513,61348
234129,50718
234129,33886
234129,30500
234129,63538
155388,54290
198873,61280
232068,57804
244971,48298
203706,62074
203532,62074
180495,34092
180495,56714
153600,1304
153600,59822
206964,35732
206964,56696
206772,35732
206772,56696
172695,56696
172695,35732
179853,61280
199854,56696
199854,35732
207243,11490
192618,63418
192618,39186
206433,32496
206349,32496
188343,34092
188343,56714
207240,11490
184605,62376
184605,1370
182556,62074
210954,57804
252210,39186
252210,63418
179790,1304
179790,59822
227238,32496
253506,32496
249216,32496
251493,32496
206787,56714
206787,34092
250275,32496
206988,32496
199242,36720
207618,1304
207618,59822
204771,59822
204771,1304
207927,53386
220218,34092
220218,56714
154827,57804
210114,33534
212574,34092
212574,56714
204093,1304
204093,59822
253098,3382
165126,3382
155052,56714
155052,34092
251631,63186
246804,11490
212430,59396
212430,62274
206448,59394
183492,36720
183666,62074
211632,59394
244446,56714
244446,34092
153792,32496
252081,52620
153867,1304
153867,59822
208536,61280
204657,35732
204657,56696
228753,56714
228753,34092
211740,62074
241389,59396
241389,62274
249687,3382
88920,1304
88920,59822
184710,11490
157500,56714
157500,34092
195372,54290
225501,52620
248301,61280
67158,56714
67158,34092
189045,11490
207618,56714
207618,34092
209793,61280
203727,61280
129081,48980
242619,48980
211473,63186
208503,59822
242571,59822
208503,1304
242571,1304
228729,62274
228729,59396
166599,1370
166599,62376
181593,57414
165786,11490
234156,32496
165126,50274
253098,50274
211989,61280
187806,36720
153048,11490
186378,32496
61902,62074
200964,16358
246054,62074
228948,61348
191250,35732
191250,56696
188100,34092
188100,56714
206349,59394
206433,59394
128685,1304
128685,59822
65640,11490
248205,11490
175293,11490
188961,56714
188961,34092
209073,48298
222759,56696
222759,35732
153312,59396
153312,62274
191226,59394
235458,11490
206448,62274
206448,59396
166128,57804
183450,34092
183450,56714
206772,56714
206964,56714
206772,34092
206964,34092
208821,39186
208554,39186
196455,39186
200502,39186
249795,63418
208554,63418
208821,63418
200502,63418
196455,63418
249795,39186
128604,11490
223728,63418
223728,39186
227238,61280
210615,124
207927,11490
218673,56714
218673,34092
163101,53386
225012,59394
177474,62274
177474,59396
155055,11490
209094,11490
204411,11490
212526,1304
212526,59822
238263,61348
249294,61348
210615,16358
217620,1304
217620,59822
65067,56696
65067,35732
228948,57804
66879,61280
208503,62074
242571,62074
184104,11490
206304,56714
206304,34092
209799,48298
212301,48298
239577,63418
239577,39186
222204,48298
180195,62074
154476,11490
166356,57804
178458,48298
251493,11490
253506,11490
249216,11490
166002,62074
183450,56696
183450,35732
183492,61348
244278,34092
244278,56714
206811,11490
206406,11490
207144,11490
206784,11490
212748,11490
225393,11490
251619,11490
242442,11490
201741,62074
68496,59396
68496,62274
206349,62274
206433,59396
206433,62274
206349,59396
214998,54290
188331,48298
229737,11490
234156,62274
234156,59396
210393,63186
234093,63186
252405,11490
252210,50720
203268,61348
162792,61280
229473,56714
229473,34092
225501,48980
129081,57804
242619,57804
153765,1304
153765,59822
248550,3382
166002,56696
166002,35732
172419,48298
208794,54096
208812,54096
155043,34092
155043,56714
183576,50274
201741,59822
201741,1304
204375,62274
204375,59396
172695,62074
244479,35732
244479,56696
205905,59822
205905,1304
249579,1304
61908,1304
61908,59822
249579,59822
226140,34092
226140,56714
251106,34092
251106,56714
243390,53386
192942,11490
177474,11490
227664,57414
250434,33534
206607,1370
206484,1370
206763,1370
206607,62376
211641,1370
211641,62376
206763,62376
206484,62376
154068,11490
207396,62074
208209,63186
252405,50274
198792,63186
157224,59396
157224,62274
72108,62274
72108,59396
154032,54290
248178,39186
248178,63418
153279,1304
153279,59822
253578,62074
234156,57804
203460,48980
212442,48980
154485,56714
154485,34092
247974,61280
228438,59822
228438,1304
172503,62274
172503,59396
232029,11490
213114,61348
217494,48298
244005,62074
250977,61280
195723,63186
153138,57414
224526,10808
224526,1372
236775,63186
183672,11490
207144,62274
206811,62274
206811,59396
206784,62274
206784,59396
207144,59396
206406,59396
206406,62274
192159,32496
210978,54290
212430,11490
213102,59394
212301,61348
209793,54290
242430,62074
209976,59822
209976,1304
241824,59396
241824,62274
208503,1370
208503,62376
242571,62376
242571,1370
242130,61280
251253,59822
251253,1304
173613,3382
247974,32496
210633,56714
210633,34092
156225,56696
156225,35732
229473,11262
247632,53386
188343,56696
188343,35732
181101,33534
245154,59396
192942,62274
245154,62274
192942,59396
157416,62074
211047,62074
209793,36720
155043,1304
155043,59822
181101,57804
207264,36720
203133,32496
227670,32496
204762,32496
236226,36720
206346,48980
69060,11262
208350,11262
161208,11262
252696,59394
215112,52620
215112,48980
175293,33534
212892,1304
212892,59822
227664,11262
219522,59394
186987,57804
211413,61280
59700,11262
205332,62074
234951,57414
210615,63538
210615,50718
210615,33886
210615,30500
192618,32496
196722,61348
212571,1370
212571,62376
188853,59822
188853,1304
209880,11490
154551,11490
186990,59394
165126,16358
253098,16358
206664,1304
206664,59822
237057,34092
237057,56714
209793,32496
253578,59822
253578,1304
210141,63186
203517,32496
198573,34092
198573,56714
163101,11490
217380,61280
203259,61280
65640,48298
227616,35732
227616,56696
206667,61348
198573,57414
213885,59822
213885,1304
233970,63186
154779,36720
241350,1370
241350,62376
65640,59394
154827,11490
65067,62074
208899,50720
210171,11262
64959,48298
213114,48980
154473,59394
185067,59394
186990,11490
189045,53386
229737,61280
210627,11490
213114,11490
72900,33534
206667,59396
206667,62274
211947,59394
65328,62074
184698,59394
204093,56714
204093,34092
187650,56714
187650,34092
250362,61348
252696,32496
203502,62074
158016,62074
203052,62074
205728,62074
63582,62074
212505,62074
250629,62074
206427,59394
220728,48980
206478,34092
206478,56714
198792,33534
203181,59822
203181,1304
203871,1304
203871,59822
189009,16358
68496,33534
61902,34092
61902,56714
187875,53386
167316,50274
183645,62074
223104,11490
240852,62074
154779,57804
207267,59822
206838,59822
207267,1304
206928,59822
250749,1304
207129,59822
250749,59822
206928,1304
206838,1304
207129,1304
154881,11490
153999,59394
219522,11490
203055,11262
220632,1304
220632,59822
208590,11262
226848,62074
60762,11262
205332,57414
208812,63418
208794,63418
208794,39186
208812,39186
208092,61280
250275,59396
206988,59396
250275,62274
206988,62274
214506,61348
216564,1370
216564,62376
211236,62074
236226,61348
191553,34092
191553,56714
225012,32496
206478,1370
206478,62376
253506,59394
251493,59394
249216,59394
154803,57804
231909,61280
154740,11490
188700,61280
207144,48980
206406,48980
206811,48980
206784,48980
167256,62074
157185,48298
227670,63418
204762,39186
227670,39186
203133,63418
204762,63418
203133,39186
230010,54864
223728,16358
211812,59394
220218,10808
220218,1372
249687,33534
155337,62074
153792,57804
211632,48298
249297,61280
232404,32496
56871,59822
56871,1304
221247,48980
153084,48298
25743,57804
204483,34092
204483,56714
242556,50274
153765,56714
153765,34092
204144,59394
207105,63538
207105,33886
207105,50718
207105,30500
196455,63186
208554,63186
208821,63186
249795,63186
200502,63186
230010,48298
178068,3382
192771,63186
229521,63186
205122,63186
203889,63186
251085,63186
223554,63186
199860,63186
210846,63186
59703,63186
153048,53386
154827,48298
154485,56696
154485,35732
188685,61280
231459,56696
231459,35732
208788,11262
181101,11490
229737,57804
206346,52620
240939,33534
72117,53386
220218,56696
220218,35732
247029,62074
238827,61348
242232,61348
206955,61348
242232,57804
238827,57804
206955,57804
203460,61348
206364,54290
210678,61280
184104,61280
155043,56696
155043,35732
241824,48298
173667,57804
157416,35732
157416,56696
172587,59396
176643,62274
172587,62274
176643,59396
192942,48980
224841,11490
211812,11490
208053,57804
157398,59394
207096,59822
196311,1304
196311,59822
207096,1304
183789,62074
164337,62274
164337,59396
244971,32496
232404,59394
209154,63418
209154,39186
206856,62274
206856,59396
234120,3382
188100,1304
188100,59822
227292,61280
213513,61280
184674,32496
244971,48980
251493,62274
253506,62274
251493,59396
253506,59396
249216,59396
249216,62274
247956,59394
198873,48298
244173,1372
244173,10808
164970,56696
164970,35732
166356,48298
236775,50274
72045,54290
199242,54290
212574,1304
212574,59822
228753,56696
228753,35732
224526,57414
208566,61280
246339,61280
129204,61280
166128,59394
153288,1304
153288,59822
184509,48298
241389,61280
167652,59396
167652,62274
218673,62074
250275,11490
206988,11490
165744,61280
210876,61280
165684,61280
211047,10808
211047,1372
206607,56714
206484,34092
211641,34092
206763,56714
206607,34092
211641,56714
206484,56714
206763,34092
209793,50720
64365,3382
226662,63418
226662,39186
72108,54096
228438,56696
228438,35732
211542,1370
210129,62376
210129,1370
211542,62376
164457,11490
67158,11262
208899,61280
249486,61280
221247,53386
166995,63186
250362,48980
186384,1372
186384,10808
25743,11490
223728,54096
199854,59822
199854,1304
181746,62074
203724,61348
204795,61348
241389,59394
213114,57804
248178,50720
206664,62074
252480,3382
247548,3382
64365,63186
128334,53386
210129,62074
211542,62074
226662,32496
206460,59822
206367,59822
206367,1304
210897,59822
210897,1304
206460,1304
230010,61280
222906,48298
206988,59394
250275,59394
220632,16358
195372,48980
225012,48298
71301,1304
71301,59822
154068,54290
183645,1372
183645,10808
187659,53386
223728,50274
163251,61348
184104,57804
154113,56696
154113,35732
190113,48980
205740,11262
159831,11490
217002,39186
217002,63418
250782,3382
223389,1372
223389,10808
163578,11490
221247,61348
201282,34092
201282,56714
166437,57804
166437,48298
191553,59822
191553,1304
155388,61348
153138,50718
153138,63538
153138,30500
153138,33886
187224,3382
222204,57804
162792,53386
206361,34092
206361,56714
186384,62074
153765,10808
153765,1372
249297,32496
204657,62074
162984,56714
162984,34092
72645,1304
72645,59822
248061,59822
248061,1304
128763,34092
128763,56714
245154,61280
153084,57804
154476,3382
167652,59394
204375,59394
186378,59394
240939,3382
224211,36720
153999,48298
245154,11490
252405,32496
247986,11262
242619,48298
129081,48298
66843,1370
66843,62376
198882,48980
242151,48980
232404,62274
232404,59396
201798,39186
201798,63418
207264,32496
187962,48980
172503,57804
96138,1370
96138,62376
209073,61280
164007,61280
192564,57414
159831,53386
205812,62274
205812,59396
177903,61280
179790,62074
206418,56696
206418,35732
65577,1304
65577,59822
229536,36720
217002,33534
203133,61348
204762,61348
227670,61348
206415,59822
206415,1304
188685,11490
177903,57804
166128,11490
207147,1304
207147,59822
204771,56696
204771,35732
207822,56696
207822,35732
235932,32496
210840,32496
247548,59394
128901,59822
128901,1304
223728,63186
167256,1372
167256,10808
157398,61280
244971,11490
72918,61280
217293,61280
153402,3382
154770,48298
186987,59394
223728,3382
204093,62074
162603,11490
236775,3382
204228,11490
209154,59394
210168,1304
210168,59822
211473,3382
163578,48298
183672,3382
210615,63186
224526,56714
224526,34092
158658,35732
158658,56696
223389,57414
153999,57804
154869,62074
231459,62074
166995,33534
244446,35732
244446,56696
216981,48298
206847,59396
206847,62274
207219,63186
247260,61348
183366,54290
206811,59394
206406,59394
206784,59394
207144,59394
208350,59822
208350,1304
246054,35732
246054,56696
184104,48298
66843,56714
66843,34092
253578,56714
253578,34092
186990,57804
206964,30500
206772,30500
206964,63538
206964,33886
206964,50718
206772,63538
206772,50718
206772,33886
157854,62376
157854,1370
206460,56696
206460,35732
210897,56696
206367,35732
210897,35732
206367,56696
207267,56696
206928,35732
207129,56696
250749,35732
206928,56696
207129,35732
250749,56696
206838,56696
206838,35732
207267,35732
192300,1372
192300,10808
231663,11262
207129,62074
207267,62074
206928,62074
206838,62074
250749,62074
198855,48298
172503,48298
72561,11490
154011,57804
188730,57804
187734,57804
68676,57804
224631,57804
165126,33534
253098,33534
203232,59822
203232,1304
205332,35732
205332,56696
167652,11490
223104,48298
205332,1372
205332,10808
155106,62074
206850,62274
206850,59396
247029,35732
247029,56696
186882,50274
211533,61348
203256,1304
203256,59822
192942,59394
206667,61280
243390,11490
210897,62074
206460,62074
206367,62074
235335,61348
222204,11490
155016,10808
155016,1372
178458,61348
206304,35732
206304,56696
220713,61348
194883,53386
224841,59394
211812,62274
211812,59396
206856,32496
208590,1370
208590,62376
230073,48980
184710,59396
184710,62274
206856,59394
154551,61280
246804,61280
209880,61280
154041,62074
238536,11262
228729,57804
206448,57804
69060,59822
69060,1304
244971,53386
177474,61280
245631,1304
245631,59822
64959,61348
206448,11490
250782,59394
248178,61280
25743,33534
248550,59394
178068,11490
155106,56696
155106,35732
161526,3382
203268,48980
203532,1370
203532,62376
198279,11490
210114,62274
210114,59396
249081,1304
249081,59822
247374,62074
252696,11490
232035,61348
203274,61348
197034,61348
155337,56696
155337,35732
157500,62074
207243,53386
230010,11490
207588,35732
207588,56696
61305,35732
61305,56696
187224,63186
195723,59394
211047,56714
211047,34092
204762,61280
227670,61280
203133,61280
184605,11262
64218,53386
206673,56696
206673,35732
249216,61348
253506,61348
251493,61348
154560,11490
210978,61348
196311,62074
207096,62074
191226,3382
206433,57804
206349,57804
164064,57804
249930,62274
249930,59396
244158,11490
247374,35732
247374,56696
206433,11490
206349,11490
165726,48980
68496,57804
247260,11490
217494,3382
206799,62074
197529,61280
153792,48298
153600,56696
153600,35732
199854,62074
209073,61348
153600,62074
220713,57804
230604,61280
165750,61280
88821,61280
223782,59822
223782,1304
153675,1304
153675,59822
203259,48980
217380,48980
128334,61348
155055,57804
241263,62074
203178,48980
203166,56696
203166,35732
187734,48298
188730,48298
154011,48298
158658,1304
158658,59822
245631,56696
245631,35732
208209,32496
207618,62074
242430,56696
242430,35732
167652,53386
248550,11490
206412,11490
206514,11490
206496,11490
158766,11490
183366,53386
210615,62074
232029,61280
250275,57804
253506,57804
251493,57804
249216,57804
206988,57804
208092,60
235932,57804
210840,57804
154374,56696
154374,35732
165726,60
174513,59822
174513,1304
187386,60
244005,56714
244005,34092
153792,61280
231057,30500
231057,33886
231057,63538
231057,50718
211473,62274
211473,59396
204411,48298
197034,48980
203274,48980
229977,61348
203460,61280
212892,35732
212892,56696
184710,32496
197802,56696
197802,35732
206850,11490
198279,48980
96138,11262
154740,57804
247956,48298
192159,61280
208206,35732
208206,56696
183366,11490
184605,50718
184605,33886
184605,30500
184605,63538
244158,59394
206847,11490
153150,1372
153150,10808
212232,48980
180495,62074
187659,61348
252210,61280
196722,48980
223782,35732
223782,56696
171702,48980
184710,59394
72108,33534
191247,61280
223071,56696
223071,35732
210141,3382
212442,11490
229536,54290
211236,10808
211236,1372
251721,62074
201837,62074
208545,62074
72645,56696
72645,35732
207240,61280
197676,59822
197676,1304
224841,59396
224841,62274
188637,1304
188637,59822
249687,32496
164064,11490
204144,57804
220269,36720
203073,11490
238611,11490
203082,11490
211812,61280
231909,11490
248205,48298
249207,1304
249207,59822
242856,61348
203700,61348
207264,61348
201798,32496
198279,57804
239577,59396
239577,62274
210171,56714
210171,34092
157224,57804
206952,62074
213513,61348
238827,48980
242232,48980
206955,48980
187386,36720
251253,62074
203316,61280
209793,63418
209793,39186
206355,1304
206355,59822
206625,59822
206625,1304
56871,35732
56871,56696
248250,61280
203277,61280
203454,61280
248013,61280
65067,10808
65067,1372
65052,10808
65052,1372
221247,60
208812,3382
208794,3382
154770,57804
158016,57414
203052,57414
63582,57414
212505,57414
250629,57414
203502,57414
205728,57414
167316,33534
72108,32496
206448,61348
198981,48298
209976,56696
209976,35732
164007,11490
176577,48298
230286,56696
230286,35732
224211,54290
61824,61348
194601,33886
194601,50718
194601,63538
194601,30500
164457,54290
238536,57414
154779,61280
252480,62274
252480,59396
183363,50274
65577,56714
65577,34092
234864,1372
234864,10808
154476,48298
210168,56696
210168,35732
224631,48298
154869,10808
154869,1372
217380,32496
203259,32496
203142,32496
214506,48980
206667,48980
198981,61348
197676,62074
187806,53386
154098,61348
182292,57804
203517,57804
251619,48980
225393,48980
212748,48980
242442,48980
187221,11490
194601,62074
251253,56714
251253,34092
153402,59394
157224,48298
244278,1304
244278,59822
154485,10808
154485,1372
217002,63186
252081,53386
154032,61348
203181,56696
203181,35732
203871,56696
203871,35732
242439,61280
157398,11490
206355,62074
206625,62074
64365,57804
206349,61348
206433,61348
56871,56714
56871,34092
61824,48980
211533,48980
231876,30500
231876,33886
231876,50718
231876,63538
213513,48980
208545,62376
201837,62376
251721,1370
251721,62376
208545,1370
201837,1370
189012,1372
189012,10808
209994,62074
207147,62074
206496,62274
206514,62274
206412,59396
158766,59396
206496,59396
206412,62274
158766,62274
206514,59396
166356,11490
235932,59394
210840,59394
72900,50720
195723,33534
208590,57414
242571,57414
208503,57414
208812,124
208794,124
253683,56714
253683,34092
227310,57804
250275,61348
206988,61348
184674,11490
176643,57804
172587,57804
212775,59394
217620,62074
72117,52620
66843,62074
128685,56696
128685,35732
165786,54290
226623,61280
224931,48298
248301,48298
164337,59394
195723,11490
154374,34092
154374,56714
247956,11490
251967,52620
230010,57804
241389,11490
223104,57804
243408,61348
217380,39186
217380,63418
203259,39186
203259,63418
206448,48980
153867,62074
212574,62074
203517,11490
203328,57414
188787,61348
210954,48298
188331,61348
242556,3382
209793,48980
234951,36720
214506,11490
65640,61280
247260,48980
241350,11262
208209,11490
195372,53386
162603,62274
162603,59396
65052,56714
65052,34092
203142,63418
203142,39186
234120,59394
206856,50720
210141,62274
210141,59396
208209,59396
208209,62274
167316,3382
154473,11490
185067,11490
203142,61348
251631,61280
67158,59822
67158,1304
207096,56696
196311,35732
196311,56696
207096,35732
232404,48980
236775,33534
206850,32496
206667,57804
203673,1304
203673,59822
212442,52620
228438,62074
206349,48980
206433,48980
203301,35732
246627,56696
246627,35732
203301,56696
200964,3382
241263,34092
241263,56714
231876,50274
206625,56696
206625,35732
206355,35732
206355,56696
153792,11490
246618,61348
242412,61348
205959,36720
178458,48980
88920,35732
88920,56696
198573,59822
198573,1304
154374,1372
154374,10808
232404,11490
203073,61280
238611,61280
203082,61280
244005,56696
244005,35732
210840,48980
235932,48980
206448,61280
65577,1372
65577,10808
156063,11490
59700,1304
161208,1304
161208,59822
59700,59822
228729,63186
68496,48298
155016,62074
208206,56714
208206,34092
245631,10808
245631,1372
128538,54290
242232,11490
238827,11490
206955,11490
250020,61348
96444,61348
234018,61280
229341,61280
234972,61280
206850,59394
165126,63186
253098,63186
173613,62274
173613,59396
248796,48298
196845,61348
252696,57804
177903,3382
128685,62074
197529,32496
206850,48980
251625,34092
251625,56714
226623,63418
226623,39186
240912,61280
208206,10808
208206,1372
164337,11490
232029,48980
225012,3382
222759,30500
222759,33886
222759,63538
222759,50718
252480,33534
128334,54290
250434,57804
222750,61280
201741,56696
201741,35732
226662,59394
204144,48298
164337,48298
181101,61280
249081,62074
206346,11490
217494,59394
206349,61280
206433,61280
232404,57804
215298,36720
153150,57414
203178,61348
244278,56696
244278,35732
129264,59822
129264,1304
192618,59396
192618,62274
240939,124
188961,35732
188961,56696
222759,1370
222759,62376
242610,11490
206664,35732
206664,56696
173613,33534
217002,3382
210627,48298
188331,54290
242610,61348
230178,57804
206364,48298
188700,48980
64365,33534
249513,48980
206496,59394
158766,59394
206514,59394
206412,59394
129264,56696
129264,35732
207240,48298
198882,32496
242151,32496
203706,56696
203706,35732
229737,48980
235932,62274
235932,59396
210840,62274
210840,59396
227616,59822
227616,1304
164457,53386
188343,62074
128901,62074
154032,48980
164337,57804
234864,33534
176643,11490
172587,11490
206988,48980
250275,48980
251121,59822
251121,1304
203700,48980
242856,48980
173667,11490
235335,54290
161787,10808
161787,1372
177903,48298
232404,61348
250020,48980
96444,48980
242151,57804
198882,57804
247956,57804
183666,1372
183666,10808
210000,11490
167652,61280
249216,48980
251493,48980
253506,48980
211476,61348
206673,1304
206673,59822
173667,48298
212586,53386
232614,48298
65052,35732
65052,56696
225480,61348
176577,53386
161526,11490
224169,11490
206418,63538
206418,33886
206418,30500
206418,50718
204375,48980
204144,11490
251121,34092
251121,56714
68496,61280
153279,62074
235932,61348
210840,61348
208092,33534
241350,50718
241350,63538
241350,33886
241350,30500
238218,33534
157185,48980
242610,48980
186987,11490
206607,59822
206763,59822
206763,1304
206484,59822
206484,1304
211641,1304
211641,59822
206607,1304
172587,48298
176643,48298
249930,33534
208554,61280
249795,61280
196455,61280
200502,61280
208821,61280
244446,10808
244446,1372
210882,1304
210882,59822
207264,61280
72045,36720
245976,57804
240939,54096
165744,48980
210876,48980
165684,48980
181371,1372
181371,10808
208590,62074
186990,61280
208758,32496
219231,32496
211473,33534
208053,48298
207264,11490
153675,56696
153675,35732
207219,33534
249297,57804
207330,61280
223968,36720
186177,34092
186177,56714
188853,62074
206412,48980
158766,48980
206496,48980
206514,48980
227238,61348
64218,54290
207147,35732
207147,56696
72930,48980
203724,48980
204795,48980
206415,62074
210168,10808
210168,1372
161787,62074
222669,48980
203142,61280
252696,61280
165126,124
253098,124
172419,53386
191226,48298
184950,33534
248178,61348
183672,61280
234120,11490
180195,56696
180195,35732
25743,32496
181593,63538
181593,30500
181593,33886
181593,50718
62337,54290
211140,54290
249081,35732
249081,56696
210168,57414
160029,61348
207240,48980
234120,39186
234120,63418
247974,11490
191226,57804
207219,48298
201798,61348
184674,61280
77484,48980
187962,48298
154803,11490
234093,59394
210393,59394
178068,61280
183366,61348
171702,48298
183366,48980
183363,57414
187659,48980
244005,1372
244005,10808
187806,48980
172503,11490
203181,62074
203871,62074
206478,59822
206478,1304
230010,61348
154881,57804
210840,11490
235932,11490
210615,10652
238218,11490
211476,48980
201282,1370
201282,62376
227616,62074
227238,48980
222759,59822
222759,1304
250434,11490
128604,48298
220632,62074
198279,61348
186438,61348
188637,62074
224169,57804
194601,54096
241263,10808
241263,1372
163101,48980
164337,61280
204144,61280
205812,59394
192771,61348
59703,61348
210846,61348
205122,61348
223554,61348
229521,61348
251085,61348
199860,61348
203889,61348
182292,61348
227664,10808
227664,1372
231663,59822
231663,1304
209094,48298
187224,33534
244173,57414
206673,62074
232035,48980
179790,35732
179790,56696
209976,62074
167316,32496
244278,62074
208590,1304
208590,59822
196845,48980
234120,32496
220713,11490
250947,61348
206784,61280
206811,61280
206406,61280
207144,61280
212232,48298
228948,48980
212526,10808
212526,1372
201798,61280
199242,53386
72045,53386
62337,48298
242556,32496
198981,54290
162984,59822
162984,1304
172503,59394
206799,56696
206799,35732
64218,61348
197529,63418
197529,39186
204771,10808
204771,1372
245631,34092
245631,56714
248205,57804
213513,48298
249216,61280
251493,61280
253506,61280
157767,48980
238263,32496
249294,32496
183105,63540
183105,63136
220269,48980
230010,48980
173613,57804
163101,54290
203133,48980
204762,48980
227670,48980
232029,36720
212526,62074
192618,59394
222906,61348
244041,56696
244041,35732
203796,57804
208341,57804
188100,35732
188100,56696
206364,53386
215298,48980
224931,61348
66879,61348
208350,16358
210141,33534
206856,48298
244041,59822
244041,1304
209073,48980
203727,61348
161526,61280
60762,30500
60762,63538
60762,33886
60762,50718
65640,53386
244971,61348
88920,62074
162984,35732
162984,56696
183492,48980
204483,56696
204483,35732
220218,57414
244158,57804
212526,35732
212526,56696
187650,35732
187650,56696
62817,54290
158766,32496
206412,32496
206514,32496
206496,32496
252405,62274
252405,59396
232404,61280
203055,59822
203055,1304
153756,61348
72918,57804
217293,57804
206361,56696
206361,35732
204657,1372
204657,10808
253191,34092
253191,56714
167256,35846
199242,48980
72045,48980
153288,62074
189009,10808
189009,1372
197676,56696
197676,35732
230178,53386
232614,48980
202638,48980
208092,32496
247548,48298
236226,48980
204771,62074
194883,48980
232035,32496
208758,33534
219231,33534
206868,54290
210627,57804
245154,57804
71301,56696
71301,35732
183912,35732
183912,56696
153765,62074
205812,11490
183105,53160
206799,1304
206799,59822
229473,1304
229473,59822
190113,48298
183912,57414
60864,61280
249207,62074
72645,62074
165183,56714
165183,34092
223389,30500
223389,33886
223389,50718
223389,63538
250275,61280
206988,61280
229527,62074
128334,48980
210615,59822
210615,1304
238032,1370
238032,62376
217293,32496
72918,32496
139272,62376
139272,1370
154167,61348
166599,34092
166599,56714
229536,48980
241389,57804
224526,62074
226662,48298
205815,48980
208788,62074
206964,1370
206964,62376
206772,62376
206772,1370
248292,53386
208341,48298
203796,48298
239577,33534
203256,16358
204243,57804
238611,39186
203073,63418
203082,39186
203082,63418
203073,39186
238611,63418
244680,53386
186384,57414
180195,57414
61305,62074
203166,62074
207588,62074
211947,61280
187386,33534
236226,54290
212301,48980
212232,57804
187224,57804
165183,1304
165183,59822
153600,1372
153600,10808
191553,62074
242232,53386
206955,53386
238827,53386
203145,59822
203145,1304
198855,53386
188853,35732
188853,56696
206361,62074
226662,11490
238293,48980
205815,53386
189045,54290
187734,59394
188730,59394
154011,59394
157185,36720
204228,61280
240912,61348
183363,11262
203790,57804
191226,61280
206847,59394
184698,61280
72930,54290
187224,59394
210114,63186
154476,57804
250782,48298
208053,53386
229536,53386
224841,48980
183666,35846
211740,1304
211740,59822
210615,35846
157224,11490
155052,62074
223782,62074
157398,48298
249513,32496
153402,48298
157767,61348
231876,62074
198573,1372
198573,10808
249930,63186
205959,61348
181110,1370
181110,62376
224526,35732
224526,56696
210690,61348
221526,61348
210141,57804
213885,11490
209622,48980
139272,1304
139272,59822
153756,53386
211641,62074
206763,62074
206607,62074
206484,62074
235335,48980
205959,48980
154374,57414
206799,62376
206799,1370
226848,35846
65577,35732
65577,56696
163251,53386
183645,57414
197529,61348
162603,61280
188100,62074
190152,54290
211740,56696
211740,35732
154167,53386
227292,48298
212775,53386
251619,54290
242442,54290
225393,54290
212748,54290
240852,35846
212892,62074
210114,32496
204228,3382
173940,35732
173940,56696
219522,63418
219522,39186
248550,39186
248550,63418
205812,61280
225012,11490
154803,48298
204375,61280
219522,32496
248550,32496
158658,62074
226848,35732
226848,56696
189009,30500
189009,50718
189009,33886
189009,63538
184710,48980
61692,48980
211989,61348
211632,48980
240939,50720
174195,57414
227616,63538
227616,50718
227616,30500
227616,33886
224211,48980
182295,1372
182295,10808
204780,61348
181593,35846
228729,33534
206952,35846
203790,48298
183366,60
237804,57414
217002,62274
217002,59396
202638,61348
187221,53386
209796,61348
198573,62074
209073,53386
206856,61280
209799,53386
166995,59396
166995,62274
234156,59394
180195,1372
180195,10808
69060,16358
232029,48298
128538,61348
187650,62074
203727,32496
67158,62074
206439,54290
129264,62074
128604,48980
204411,54290
237804,10652
225012,61280
165786,61348
229737,61348
203517,48980
65052,57414
206856,61348
240939,39186
240939,63418
223728,124
153765,56696
153765,35732
198792,62274
198792,59396
248061,35732
248061,56696
185067,3382
154473,3382
209622,61348
195723,57804
206772,59822
206772,1304
206964,1304
206964,59822
208872,33534
212220,53160
176403,53160
153279,35732
153279,56696
160029,48980
205740,34092
205740,56714
210000,57804
220713,53386
225480,48980
154041,35732
154041,56696
224841,61348
249486,54290
188637,35732
188637,56696
153813,1370
153813,62376
212526,34092
212526,56714
204522,62074
201282,1304
201282,59822
62817,53386
249207,35732
249207,56696
212220,63540
176403,63136
176403,63540
212220,63136
244680,61348
236226,53386
174195,10652
174513,56696
174513,35732
160029,32496
166128,36720
211476,48298
241824,59394
206304,1372
206304,10808
156225,16358
164661,50274
223728,33534
208899,61348
186378,61280
188331,48980
242556,63186
183363,10808
183363,1372
61305,1372
61305,10808
203166,1372
203166,10808
207588,10808
207588,1372
177474,57804
234030,61348
211965,61348
234120,61348
203724,32496
204795,32496
176643,59394
172587,59394
66879,53386
253683,35732
253683,56696
203295,61348
201564,61348
154473,61280
185067,61280
212430,57804
238536,50274
211140,48298
165726,61348
206478,62074
61692,61348
210114,11490
183213,52620
249930,3382
192300,57414
191250,10808
191250,1372
204483,1372
204483,10808
238263,48980
249294,48980
244041,62074
71301,62074
230178,11490
232029,54864
228729,48298
65577,62074
233970,59394
198981,48980
211473,57804
155085,62074
189012,57414
202638,61280
250947,32496
164064,48298
201798,48980
207240,54864
153048,48980
253557,52620
217494,57804
203142,48980
166599,1304
166599,59822
216822,57804
205332,56714
205332,34092
65640,61348
175809,54290
242232,48298
238827,48298
206955,48298
175293,59394
162984,62074
188331,36720
234864,16358
248301,33534
196302,50718
196302,63538
196302,33886
196302,30500
234972,61348
229341,61348
234018,61348
77484,61348
207927,54290
253191,59822
253191,1304
247260,52620
219522,61348
25743,48980
248796,48980
211476,54290
241389,48298
62337,53386
211140,53386
242439,61348
188787,48980
230604,48980
231057,56696
231057,35732
192300,35846
154758,62376
154758,1370
184605,57414
167256,57414
224841,57804
153867,56696
153867,35732
61902,1372
61902,10808
242412,48980
246618,48980
56871,62074
77484,48298
244158,48298
212571,56696
208521,56696
212571,35732
208521,35732
155337,16358
154740,48298
162792,61348
208092,57804
217620,10808
217620,1372
227292,61348
242130,33534
139272,62074
203511,61348
161208,62074
203232,35732
203232,56696
209793,53386
174513,62074
208536,61348
203301,57414
246627,57414
189045,61348
206367,30500
206460,30500
206460,33886
210897,30500
206367,63538
210897,33886
206460,63538
206460,50718
206367,33886
210897,50718
206367,50718
210897,63538
211812,57804
207219,61280
249579,62074
205905,62074
61908,62074
211533,48298
250653,32496
197286,32496
212775,61280
245631,62074
247374,1372
247374,10808
208788,1304
208788,59822
239577,63186
128763,59822
128763,1304
220713,48980
184509,61348
192159,61348
191247,48980
153675,33886
153675,63538
153675,50718
153675,30500
206427,54290
204522,10808
204522,1372
155043,10808
155043,1372
233970,61280
203256,56696
203256,35732
233970,11490
197529,48980
247548,61280
210840,61280
235932,61280
210954,61348
232068,48980
208206,57414
211533,57804
192942,61280
226848,56714
226848,34092
172008,62074
206952,62376
206952,1370
195723,61280
153048,54290
183576,62274
183576,59396
173667,59394
176403,59776
212220,59776
209154,61280
192300,33886
192300,50718
192300,63538
192300,30500
163578,54290
203082,32496
203073,32496
238611,32496
216564,57414
153675,62074
153138,10808
153138,1372
157224,59394
186438,36720
222759,62074
206955,54290
242232,54290
238827,54290
194601,1304
194601,59822
234864,10652
68496,59394
206673,50718
206673,30500
206673,63538
206673,33886
211524,52620
206868,61280
183789,10808
183789,1372
184710,61280
232068,61348
197286,61348
250653,61348
212892,10808
212892,1372
232614,53386
166356,59394
205905,56696
61908,56696
249579,35732
205905,35732
61908,35732
249579,56696
211047,57414
210171,59822
210171,1304
203532,57414
203706,57414
66843,1304
66843,59822
224631,61348
206799,33886
206799,30500
206799,50718
206799,63538
214998,61348
234156,48298
251121,62074
164064,48980
203073,48980
238611,48980
203082,48980
128538,48980
203796,54290
208341,54290
229977,48980
210234,52620
210168,62074
206847,48980
172503,61280
172419,61348
250782,61280
234972,48980
234018,48980
229341,48980
128538,11490
206415,35732
206415,56696
205815,61348
157854,50718
157854,33886
157854,63538
157854,30500
188730,11490
154011,11490
187734,11490
235335,53386
243390,54290
155043,62074
224841,61280
227292,48980
243408,53386
69060,62074
203517,61348
213513,53386
206838,33886
207267,63538
207129,63538
206928,30500
207267,50718
206838,63538
207267,33886
206928,33886
206838,50718
207267,30500
206928,50718
206928,63538
207129,30500
250749,50718
207129,33886
206838,30500
207129,50718
250749,30500
250749,33886
250749,63538
164640,35846
241824,61348
157767,57804
252177,48980
248178,48980
212892,57414
204771,57414
224841,48298
187875,54290
175809,61348
206952,1304
206952,59822
232029,57804
212283,57804
206361,33886
206361,50718
206361,63538
206361,30500
190152,61280
210186,56714
210186,34092
157185,59394
183492,54290
68676,48298
248796,61348
224169,59394
216822,54290
59700,62074
197286,57804
250653,57804
213513,57804
194601,10652
153312,59394
186177,35732
186177,56696
248013,61348
203277,61348
203454,61348
248250,61348
207618,10808
207618,1372
181593,10652
209796,48980
225699,59394
192300,10652
203511,48980
251625,62376
251625,1370
154098,36720
165750,48980
88821,48980
207147,63538
207147,50718
207147,33886
207147,30500
187962,61348
203673,62074
207096,33886
207096,30500
196311,63538
196311,33886
196311,50718
207096,63538
207096,50718
196311,30500
227664,50718
227664,33886
227664,30500
227664,63538
212586,54290
227616,34092
227616,56714
210690,48980
221526,48980
213102,61280
239577,3382
228948,54290
203727,48980
224169,48980
252480,57804
220095,10808
220095,1372
244158,61280
211413,61348
211989,48980
207243,61348
218673,35732
218673,56696
211047,35846
210633,33886
210633,30500
210633,63538
210633,50718
187386,32496
248292,61348
162603,59394
198873,61348
207264,57804
153756,54290
241350,57414
242130,48298
228729,61280
186438,48980
219522,61280
208053,61348
203256,62074
203145,56696
203145,35732
139272,56696
139272,35732
234030,32496
211965,32496
182565,48980
163251,54290
187386,48980
253866,1304
253866,59822
166356,48980
203790,54290
208488,33534
203673,35732
203673,56696
206667,53386
224211,53386
248301,11490
156063,3382
156063,61280
182292,48298
248013,48980
203454,48980
203277,48980
248250,48980
207330,48980
183105,59776
181746,1372
181746,10808
231909,57804
206439,48298
60864,48980
244173,33886
244173,30500
244173,50718
244173,63538
192549,62376
192549,1370
154881,48298
237057,30500
237057,33886
237057,50718
237057,63538
208350,62074
200964,32496
204780,48980
128604,53386
154068,61348
240852,56696
240852,35732
251106,59822
251106,1304
166599,62074
64365,59394
208758,59394
219231,59394
153312,48298
208758,11490
219231,11490
227310,32496
234951,1304
234951,59822
242556,59396
242556,62274
203295,48980
201564,48980
153402,61280
253191,62074
156063,57804
155388,48980
154485,57414
154068,48980
181101,48298
158766,61280
206514,61280
206496,61280
206412,61280
62817,48980
188787,54290
206787,63538
206787,50718
206787,30500
206787,33886
207105,62074
248550,61348
182556,1372
182556,10808
198573,56696
198573,35732
159831,54290
203082,61348
203073,61348
238611,61348
231909,48298
153138,35846
217494,61280
210882,35732
210882,56696
204483,57414
213114,53386
249579,16358
205905,16358
61908,16358
240852,56714
240852,34092
203829,48980
236775,32496
128538,53386
224169,48298
183492,53386
223104,61348
253866,57414
186384,35846
247548,57804
162792,54290
220632,56714
220632,34092
203181,1372
203181,10808
203871,1372
203871,10808
164064,59394
191553,1372
191553,10808
172419,54290
203055,62074
243408,54290
203232,16358
154011,61280
188730,61280
187734,61280
212301,11490
210846,32496
223554,32496
192771,32496
229521,32496
203889,32496
199860,32496
205122,32496
251085,32496
59703,32496
166128,61280
166128,48980
207927,61348
157500,35732
157500,56696
227310,61348
64365,48298
167256,10652
96138,57414
232068,48298
203727,11490
209622,57804
154560,57804
240939,48980
165126,59396
253098,62274
253098,59396
165126,62274
228948,48298
247632,61348
212301,53386
66879,48980
188343,10808
188343,1372
207222,52620
165183,62074
211989,32496
157854,50274
198981,53386
212775,61348
240939,61280
230028,52620
162792,48980
184104,61348
212586,61348
248061,62074
195723,61348
183912,35846
203871,57414
203181,57414
207105,50274
175293,48980
167316,59394
206856,48980
250977,11490
245631,57414
153048,61348
178458,54290
231663,62074
208536,48980
250782,57804
183672,57804
210690,32496
246618,32496
221526,32496
242412,32496
173667,48980
65067,57414
207240,36720
206964,62074
206772,62074
209073,54290
222669,11490
155337,10808
155337,1372
155016,10652
153402,57804
208899,48980
61902,57414
206439,61280
207105,59822
207105,1304
248871,57414
217872,57414
194388,57414
236766,57414
217872,56696
236766,56696
194388,56696
236766,35732
194388,35732
248871,56696
217872,35732
248871,35732
181371,57414
203532,35732
203532,56696
183666,57414
238032,63538
238032,50718
238032,33886
238032,30500
188331,53386
203055,16358
206664,30500
206664,33886
206664,63538
206664,50718
245976,48298
207240,57804
213102,48298
252480,59394
234129,35732
234129,56696
220713,54290
234864,62860
234864,49888
234864,62944
129135,61348
64218,48980
207822,57414
72108,11490
234030,48980
211965,48980
129081,54290
242619,54290
210129,56696
210129,35732
211542,56696
211542,35732
206361,59822
206361,1304
210615,1372
210615,10808
153792,53386
217293,11490
72918,11490
206847,48298
245154,48298
250947,57804
203673,57414
212430,48298
192618,48980
211632,53386
210978,48980
174195,50274
88920,1372
88920,10808
173613,48298
234951,35732
234951,56696
207219,59394
183450,57414
251631,57804
224631,48980
247374,57414
250947,48980
250434,59394
211413,32496
253866,62074
210171,62074
69060,56696
69060,35732
208350,35732
208350,56696
238218,61348
209799,61348
198792,11490
167256,16358
205740,62074
196302,62376
196302,1370
61344,54864
207243,54290
192159,48980
206868,48298
247986,34092
247986,56714
207105,56696
207105,35732
183363,63538
183363,30500
183363,50718
183363,33886
203145,16358
209994,1372
209994,10808
214506,57804
203316,61348
72918,61348
217293,61348
153138,33534
241824,11490
206787,62376
206787,1370
206625,30500
206625,63538
206625,33886
206355,30500
206355,63538
206355,33886
206355,50718
206625,50718
206376,52620
173613,59394
172503,53386
204243,61348
206364,51316
211413,48980
206415,33886
206415,50718
206415,63538
206415,30500
247956,53386
153756,48980
176577,48980
72645,1372
72645,10808
198279,48298
223389,10652
211473,59394
225276,57804
172008,33886
172008,30500
172008,50718
172008,63538
158016,56696
205728,35732
63582,56696
212505,35732
158016,35732
205728,56696
203052,35732
63582,35732
203502,56696
212505,56696
203052,56696
250629,35732
250629,56696
203502,35732
203295,32496
201564,32496
213885,59776
210678,61348
231057,62074
184698,48298
164457,48980
72108,63186
226662,61348
173613,61280
167316,62274
167316,59396
129204,61348
208566,61348
246339,61348
188700,61348
154779,33534
213102,61348
251253,35732
251253,56696
189009,33534
248550,61280
181860,35732
181860,56696
223104,48980
242130,32496
243408,48980
62337,33534
211140,33534
65328,57414
200964,50720
211965,57804
234030,57804
206484,56696
211641,35732
211641,56696
206484,35732
206763,56696
206607,35732
206763,35732
206607,56696
189009,63186
139272,30500
139272,63538
139272,33886
139272,50718
228729,59394
171702,61348
242151,11490
198882,11490
190113,57804
242856,57804
203700,57804
196845,57804
249513,11490
175293,57804
72645,57414
244287,35732
244287,56696
242556,33534
229473,62074
207396,1372
207396,10808
220632,35732
220632,56696
192564,35732
192564,56696
72561,57804
210000,48298
164661,62274
164661,59396
177474,48298
206418,62074
238032,62074
157500,59822
157500,1304
244446,57414
199854,57414
187224,48298
194601,59396
194601,62274
154167,48980
242442,48298
251619,48298
212748,48298
225393,48298
234951,10808
234951,1372
234972,32496
234018,32496
229341,32496
233814,30500
233814,63538
233814,50718
233814,33886
206478,56696
206478,35732
204243,48298
157767,48298
153675,1372
153675,10808
208053,48980
175809,48980
222669,52620
204375,36720
240912,48980
225276,61348
244287,62074
242556,11490
206847,61280
186384,10652
213114,48298
247632,54290
155016,57414
165684,61348
165744,61348
210876,61348
212586,48980
206667,48298
190152,48298
194601,49888
194601,62860
194601,62944
60762,57414
167652,54290
162984,30500
162984,63538
162984,50718
162984,33886
225480,48298
210168,16358
167256,63538
167256,30500
167256,33886
167256,50718
184698,57804
212301,54290
128763,56696
128763,35732
204375,48298
172419,48980
181746,35846
234156,11490
183666,30500
183666,63538
183666,50718
183666,33886
208536,32496
207240,61348
204411,53386
235458,61348
153600,57414
247632,48980
226140,62074
209094,53386
238032,56696
238032,35732
186990,61348
206448,48298
203232,62074
187386,11490
186990,48980
180495,10808
180495,1372
213114,54290
65328,10652
216981,48980
244005,57414
250362,48298
157398,57804
64959,54290
217620,10652
238218,54290
210882,16358
187875,61348
206952,124
203724,57804
204795,57804
212283,48298
211236,10652
187875,48980
222750,32496
233970,57804
206850,61280
173667,61280
212775,48980
187224,61280
203328,35732
203328,56696
238536,1372
238536,10808
206433,48298
206349,48298
199854,63538
199854,50718
199854,33886
199854,30500
159831,61348
172587,53386
176643,53386
68496,11490
186882,59394
206952,49888
206952,62944
206952,62860
208092,48298
253578,35732
253578,56696
211812,48298
154098,48980
72930,53386
252177,61348
209799,54290
214506,48298
210141,59394
194601,1372
194601,10808
222204,61348
211740,30500
211740,33886
211740,63538
211740,50718
186378,48980
223728,59396
223728,62274
194601,16358
183912,10808
183912,1372
233970,48298
181746,30500
181746,33886
181746,50718
181746,63538
129264,50718
129264,63538
129264,33886
129264,30500
166995,11490
226140,10808
226140,1372
153288,56696
153288,35732
206952,10652
154827,61348
244479,57414
154779,48980
197802,62376
197802,1370
186990,48298
249216,48298
206988,48298
253506,48298
251493,48298
250275,48298
249687,11490
234156,61280
203178,57804
249297,61348
201282,62074
167256,54096
248178,32496
208899,32496
153312,48980
210633,62074
128763,62074
244287,1304
244287,59822
179700,10808
179700,1372
195723,48980
206418,62376
206418,1370
252480,61280
251493,53386
249216,53386
253506,53386
194601,50274
186384,16358
251121,56696
251121,35732
208812,50274
208794,50274
229737,48298
61692,48298
218673,57414
205740,16358
192300,16358
186987,61280
65640,48980
234156,61348
211047,16358
172008,57414
213513,54290
248292,54290
246804,48298
209880,48298
154551,48298
59703,48980
229521,48980
205122,48980
192771,48980
199860,48980
223554,48980
251085,48980
203889,48980
210846,48980
241263,16358
208758,57804
219231,57804
237057,62074
192618,61280
209994,10652
65577,57414
194601,124
72900,48980
64365,61280
155055,61348
210678,32496
211947,57804
212574,56696
212574,35732
211476,53386
241824,61280
206847,36720
234120,61280
154665,59822
154665,1304
248292,48980
203829,61348
198855,48980
251625,59822
251625,1304
154770,48980
226140,35732
226140,56696
219522,48980
203145,57414
72900,59394
210678,48980
211140,48980
62337,48980
206952,54096
236775,11490
56871,1372
56871,10808
203145,62074
166995,57804
212232,54290
188700,48298
187734,53386
154011,53386
188730,53386
198981,36720
253191,35732
253191,56696
191250,16358
253866,35732
253866,56696
203055,35732
203055,56696
232029,61348
251106,62074
211140,52620
210882,62074
251721,35732
208545,35732
201837,56696
201837,35732
251721,56696
208545,56696
208566,32496
203316,32496
129204,32496
246339,32496
154665,35732
154665,56696
181371,10652
154665,1372
154665,10808
224841,53386
216564,1372
216564,10808
252210,61348
222894,33886
222894,30500
222894,50718
222894,63538
217620,30500
217620,50718
217620,63538
217620,33886
61692,57804
241263,10652
194601,35846
232035,57804
246618,57804
242412,57804
238536,30500
238536,33886
238536,63538
238536,50718
211473,61280
194601,63186
251625,62074
206448,53386
186882,59396
186882,62274
200964,63186
235458,53386
25743,59394
217620,57414
211236,57414
68676,48980
203133,48298
227670,48298
204762,48298
205812,57804
242439,48980
153312,61280
156225,1372
156225,10808
207219,11490
166128,48298
245976,61348
210615,62274
210615,59396
206427,48298
176643,61280
172587,61280
248796,54290
207588,57414
61305,57414
203166,57414
211989,11490
242130,54290
249207,50718
249207,33886
249207,30500
249207,63538
165786,48980
210876,48298
165684,48298
165744,48298
244041,30500
244041,33886
244041,63538
244041,50718
154485,10652
208503,35732
242571,35732
242571,56696
208503,56696
206433,53386
206349,53386
179853,33534
183645,10652
241824,48980
216981,61348
237252,16358
220218,10652
157185,61280
192564,10808
192564,1372
183672,48298
242856,48298
196845,48298
203700,48298
153150,35846
178068,48298
223728,11490
234129,50274
172008,35732
172008,56696
227616,1370
227616,62376
165726,57804
209154,57804
172503,61348
244680,48980
214998,48980
176577,61348
186384,63538
186384,50718
186384,30500
186384,33886
154758,57414
208554,32496
208821,32496
154560,48298
210690,57804
221526,57804
214998,36720
164970,50718
164970,30500
164970,63538
164970,33886
172695,30500
172695,50718
172695,63538
172695,33886
211476,36720
206952,16358
207618,63538
207618,30500
207618,33886
207618,50718
154827,53386
186987,48980
248205,61348
234864,54096
204780,48298
250275,53386
206988,53386
209622,48298
153999,53386
190113,61348
207618,10652
156225,35846
189009,57414
165126,32496
253098,32496
162603,48298
200502,57804
249795,57804
196455,57804
245154,48980
225699,61280
224169,61280
153765,57414
164970,57414
251106,35732
251106,56696
249513,57804
203460,48298
155055,53386
203727,57804
66879,54290
236766,33886
217872,30500
194388,30500
194388,33886
236766,30500
248871,50718
217872,63538
194388,63538
236766,63538
248871,33886
248871,30500
217872,33886
217872,50718
194388,50718
248871,63538
236766,50718
249486,48298
173613,11490
211047,10652
211236,35846
244971,59776
166599,56696
166599,35732
166356,61280
155052,10808
155052,1372
238293,52620
247986,1304
247986,59822
155337,35846
211632,61348
187962,53386
246339,48980
208566,48980
129204,48980
226623,32496
206607,30500
206484,63538
211641,33886
206763,30500
206484,33886
206763,33886
206763,63538
206607,33886
211641,50718
206484,30500
211641,30500
206607,50718
211641,63538
206763,50718
206607,63538
206484,50718
212430,48980
231663,56696
231663,35732
209154,32496
204093,56696
204093,35732
226140,1304
226140,59822
154869,57414
222906,54290
248202,59776
188787,53386
188685,61348
166995,48298
154113,57414
210882,57414
234093,48980
210393,48980
64365,11490
198792,61280
61902,10652
237252,10652
208092,11490
59700,56696
161208,56696
59700,35732
161208,35732
61344,52620
153813,11262
153999,48980
187386,48298
227310,48980
197286,48980
250653,48980
252696,61348
206478,33886
206478,30500
206478,50718
206478,63538
252696,48980
211413,57804
235458,48980
209799,48980
191553,10652
204657,57414
224931,48980
240912,54290
249297,48980
230010,53386
154665,57414
210141,61280
210615,59394
157500,57414
182292,48980
165183,56696
165183,35732
249294,11490
238263,11490
208554,61348
208821,61348
190113,36720
183576,57804
211047,33886
211047,50718
211047,30500
211047,63538
251631,32496
198792,59394
203145,63186
230604,61348
208092,48980
160029,57804
197802,33886
197802,50718
197802,63538
197802,30500
249687,62274
249687,59396
157224,61280
244479,1372
244479,10808
189045,48980
208350,35846
177474,48980
211812,48980
154758,50718
154758,63538
154758,30500
154758,33886
202638,48298
229473,56696
229473,35732
241824,54864
227664,56696
227664,35732
234018,11490
229341,11490
234972,11490
206304,57414
207243,48980
238218,36720
157224,53386
225012,61348
183666,10652
191247,48298
234156,48980
66843,56696
66843,35732
203460,57804
184950,32496
237804,50274
244287,57414
158658,50718
158658,30500
158658,33886
158658,63538
243390,61348
244680,54290
210393,32496
234093,32496
232404,48298
212448,59776
65640,54290
191247,61348
232404,53386
206667,54290
203511,48298
176577,54290
72561,48298
153138,10652
128901,35732
128901,56696
153792,61348
204228,57804
249081,30500
249081,63538
249081,50718
249081,33886
220632,35846
226623,57804
204375,61348
198855,61348
234951,62074
181593,16358
244173,10652
213114,36720
182556,10652
213885,48980
237804,35846
238218,53386
222750,11490
235932,53386
210840,53386
242439,54290
192564,59822
192564,1304
188685,53386
207264,51316
128685,33886
128685,30500
128685,63538
128685,50718
192564,62074
229527,59822
229527,1304
209094,48980
183645,33886
183645,63538
183645,50718
183645,30500
248178,11490
205332,10652
77484,54290
155052,10652
183576,48298
154665,60
60762,59822
60762,1304
155106,10808
155106,1372
187221,48980
252210,32496
182295,10652
166002,35846
253098,11490
165126,11490
185067,57804
154473,57804
164064,61280
215112,59776
234864,63510
180495,35846
210141,48298
186384,54096
186177,1304
186177,59822
183666,16358
174195,62274
174195,59396
241263,57414
242232,36720
206955,36720
238827,36720
252696,48298
194601,63510
246618,11490
242412,11490
232035,11490
154167,54290
165726,48298
230010,54290
197034,48298
196722,48298
203268,48298
203274,48298
203517,48298
251631,61348
221247,52620
248550,48980
212283,61348
210633,35732
210633,56696
247956,61348
242439,53386
154665,62074
157416,16358
206346,59776
225276,48298
187224,11490
210882,63186
245976,48980
203256,57414
167316,61280
226623,61348
172587,61348
176643,61348
183366,52620
222204,53386
204411,61348
64959,48980
212775,54290
153150,10652
244287,10808
244287,1372
223728,32496
239577,48298
183789,16358
237804,30500
237804,63538
237804,50718
237804,33886
196455,32496
249795,32496
200502,32496
205815,54290
203724,11490
204795,11490
207822,1372
207822,10808
211473,48298
180195,33886
180195,30500
180195,63538
180195,50718
228438,63538
228438,50718
228438,33886
228438,30500
234864,63186
217002,48298
206847,57804
210627,61348
181746,57414
166995,61280
248301,54290
154779,32496
206868,53386
153867,57414
226140,57414
208758,61348
219231,61348
209094,61348
222750,57804
227292,54290
242430,57414
220218,50274
155016,30500
155016,63538
155016,33886
155016,50718
207822,50718
207822,63538
207822,33886
207822,30500
237057,56696
237057,35732
186987,48298
174195,54096
230604,48298
203511,57804
248202,53160
174195,35846
179853,48980
252480,11490
247983,59776
243546,59776
172008,59822
172008,1304
204144,53386
164337,53386
242130,48980
210615,49888
210615,62944
210615,62860
252081,59776
247029,16358
235932,48298
210840,48298
241824,53386
210615,63510
209154,61348
208053,54290
205812,48298
154665,63510
181593,54096
207927,48980
153600,33886
153600,30500
153600,50718
153600,63538
250362,57804
167316,11490
203082,57804
238611,57804
203073,57804
200964,33534
198873,54290
184698,61348
210633,1304
210633,59822
216564,11262
164457,61348
178458,53386
198855,54290
210615,50274
212748,53386
225393,53386
251619,53386
242442,53386
229977,36720
178458,36720
192549,57414
189009,54096
69060,35846
61824,57804
252210,48980
60762,36720
189009,124
192300,54096
227292,36720
249930,48298
212526,57414
183789,10652
164007,61348
242430,50718
242430,33886
242430,30500
242430,63538
157500,50718
157500,30500
157500,63538
157500,33886
207105,62376
207105,1370
247260,59776
203133,57804
204762,57804
227670,57804
189009,10652
206856,11490
217293,48980
72918,48980
167652,48980
237804,54096
206427,61280
61824,48298
203256,35846
167256,63186
162603,57804
237057,59822
237057,1304
186177,62074
206439,53386
204411,48980
210393,61280
234093,61280
196455,61348
200502,61348
249795,61348
201798,57804
203316,48980
189012,10652
180495,16358
68496,53386
167652,61348
65067,10652
174195,50718
174195,63538
174195,30500
174195,33886
251121,57414
208206,50274
247374,35846
211236,50718
211236,33886
211236,63538
211236,30500
199854,1372
199854,10808
154827,48980
249297,48298
220095,10652
163578,61348
173667,61348
153084,61348
210615,3382
206856,53386
223782,33886
223782,50718
223782,30500
223782,63538
231876,1304
231876,59822
211473,11490
191553,33886
191553,50718
191553,63538
191553,30500
68676,53386
171702,57804
65328,63538
65328,50718
65328,30500
65328,33886
250434,48980
190152,53386
165750,61348
88821,61348
184950,57804
154740,48980
198855,36720
164661,48980
251625,56696
251625,35732
191553,57414
184509,54290
232614,54290
212574,57414
231876,56696
231876,35732
208209,59394
61908,57414
205905,57414
249579,57414
253683,57414
179700,10652
191250,35846
153999,36720
198792,57804
248013,48298
203454,48298
248250,48298
203277,48298
241389,48980
198792,48298
183789,57414
238218,48980
232614,61348
166437,48980
156063,48298
166356,61348
199854,10652
179853,32496
226848,33534
153312,57804
237252,63538
237252,30500
237252,50718
237252,33886
154770,61348
211542,57414
210129,57414
172008,1372
172008,10808
161787,33886
161787,30500
161787,50718
161787,63538
234129,62074
222750,61348
236775,62274
236775,59396
203142,57804
163101,36720
241389,53386
217494,61348
237252,35846
203259,48298
217380,48298
203142,48298
230286,63538
230286,50718
230286,33886
230286,30500
172419,36720
181110,63538
181110,30500
181110,33886
181110,50718
211989,57804
229521,11490
205122,11490
210846,11490
59703,11490
251085,11490
192771,11490
203889,11490
199860,11490
223554,11490
241350,62274
241350,59396
201798,48298
161787,57414
207588,16358
203166,16358
61305,16358
206952,63186
229527,1372
229527,10808
226662,48980
239577,57804
203673,10652
153813,30500
153813,50718
153813,63538
153813,33886
154869,10652
207264,54290
211236,16358
65328,35846
245631,10652
225699,57804
190113,53386
206952,63510
180495,10652
224931,54290
161526,48298
207396,10652
189012,30500
189012,50718
189012,33886
189012,63538
251493,54290
249216,54290
253506,54290
203673,63510
212430,53386
228729,11490
184104,53386
248202,63540
248202,63136
186177,63538
186177,33886
186177,50718
186177,30500
248205,48980
234951,62274
234951,59396
67158,35732
67158,56696
201282,56696
201282,35732
208758,48980
219231,48980
161787,10652
252480,48298
96444,48298
250020,48298
153792,54290
203178,48298
244158,48980
210168,63186
166995,59394
225276,48980
240912,53386
210168,54096
252081,63136
252081,63540
224526,10652
129135,48980
234129,57414
61908,10808
205905,10808
249579,10808
249579,1372
205905,1372
61908,1372
229527,56696
229527,35732
210186,30500
210186,63538
210186,33886
210186,50718
252405,59394
197676,50718
197676,30500
197676,63538
197676,33886
183789,35846
207240,53386
163578,48980
96138,50274
181110,57414
166437,61348
68676,61348
250977,57804
204657,63538
204657,30500
204657,33886
204657,50718
203181,35846
203871,35846
233814,62074
65328,16358
244287,30500
244287,33886
244287,63538
244287,50718
248796,36720
231057,1304
231057,59822
204771,16358
224841,54290
238032,59822
238032,1304
234120,48980
157416,1372
157416,10808
208554,57804
208821,57804
210141,11490
155052,35846
228753,50718
228753,33886
228753,63538
228753,30500
177903,61348
183576,48980
250977,48298
157416,35846
234951,54096
249486,53386
201741,50718
201741,63538
201741,33886
201741,30500
247374,63538
247374,30500
247374,50718
247374,33886
247029,1372
247029,10808
227664,50274
234129,1370
234129,62376
207219,54290
154551,57804
209880,57804
246804,57804
206514,61348
158766,61348
206496,61348
206412,61348
216564,50718
216564,30500
216564,63538
216564,33886
226848,10652
154881,48980
234129,1304
234129,59822
203082,48298
238611,48298
203073,48298
229527,63538
229527,33886
229527,30500
229527,50718
238536,63186
182556,33886
182556,30500
182556,63538
182556,50718
203259,57804
217380,57804
249207,16358
209976,30500
209976,33886
209976,63538
209976,50718
238536,56696
238536,35732
187962,57804
157224,61348
220095,50718
220095,63538
220095,33886
220095,30500
225501,59776
128604,54290
206856,54290
231459,10808
231459,1372
206448,54290
164640,33886
164640,50718
164640,63538
164640,30500
204657,10652
162603,48980
208209,57804
204522,30500
204522,50718
204522,63538
204522,33886
211947,32496
60762,62074
245154,53386
208899,11490
128604,61348
233814,62376
233814,1370
181101,48980
210171,56696
210171,35732
206787,35846
249579,35846
61908,35846
205905,35846
166002,50718
166002,63538
166002,33886
166002,30500
226140,50718
226140,33886
226140,63538
226140,30500
163578,53386
231057,62376
231057,1370
216822,53386
210114,59394
205740,35732
205740,56696
234120,54290
154881,61348
241263,35846
206433,54290
206349,54290
181593,50274
184950,48980
221247,59776
164640,1372
164640,10808
212775,36720
187221,54290
227238,48298
249687,59394
154869,63538
154869,50718
154869,30500
154869,33886
234120,53386
206427,53386
209154,11490
157185,61348
234864,11490
206850,61348
201564,11490
203295,11490
154758,59396
154758,62274
188685,48980
210954,48980
153084,53386
198573,49888
198573,62944
198573,62860
61692,53386
155085,30500
155085,63538
155085,33886
155085,50718
209793,11490
174195,16358
234864,124
181110,11262
250434,48298
247548,61348
244278,30500
244278,33886
244278,50718
244278,63538
217002,59394
187386,61348
211413,11490
206988,54290
250275,54290
248301,61348
232029,53386
231459,16358
192942,36720
72108,59394
161526,57804
211140,59776
238536,62274
238536,59396
153312,61348
209994,35846
249930,57804
204375,57804
181746,10652
178068,57804
228948,53386
154827,54290
154113,10808
154113,1372
206406,61348
206784,61348
206811,61348
207144,61348
211140,11490
62337,11490
221526,11490
210690,11490
237804,16358
242130,11490
204522,10652
213885,52620
208812,11490
208794,11490
65328,54096
209994,30500
209994,50718
209994,63538
209994,33886
154113,35846
72561,48980
247260,63540
247260,63136
157854,35732
157854,56696
164007,53386
192159,48298
72645,35846
186882,61280
171702,53386
155085,10808
155085,1372
153765,54096
166356,53386
253578,57414
211947,61348
155337,57414
60762,35732
60762,56696
192549,50718
192549,63538
192549,30500
192549,33886
250782,61348
61902,30500
61902,63538
61902,50718
61902,33886
216981,53386
211947,48980
186384,63186
155043,10652
184674,57804
229737,54290
153813,57414
244005,10652
207264,60
207144,36720
206406,36720
206811,36720
206784,36720
251631,48980
187962,54290
222204,48980
208536,11490
65640,36720
247986,62074
222906,36720
154032,36720
153402,61348
244446,10652
198573,63510
234951,62944
234951,62860
234951,49888
183450,1372
183450,10808
231663,16358
212526,16358
224526,63510
183672,61348
180495,57414
186882,48298
154560,48980
165183,63538
165183,50718
165183,30500
165183,33886
243390,48980
154770,53386
155337,54096
208812,32496
208794,32496
198573,54096
187221,36720
230286,57414
203268,57804
203274,57804
196722,57804
197034,57804
154779,11490
184605,36720
210186,62074
191247,57804
172695,10652
88920,57414
204657,35846
184605,10808
184605,1372
184104,48980
229341,57804
234018,57804
234972,57804
153999,61348
166437,53386
210114,48980
229527,57414
207618,57414
207330,61348
225699,48980
184950,59394
201837,57414
208545,57414
251721,57414
227664,59822
227664,1304
187650,1372
187650,10808
192564,50718
192564,63538
192564,33886
192564,30500
212442,59776
248301,48980
204657,16358
72117,59776
242610,52620
207330,48298
167256,63510
188961,57414
242130,53386
203829,48298
60864,61348
192300,63510
231876,62376
231876,1370
154374,10652
203145,10808
203145,1372
238536,62860
238536,49888
238536,62944
192942,61348
153150,30500
153150,63538
153150,33886
153150,50718
227664,62074
184509,53386
232404,54290
184605,59396
184605,62274
248205,53386
246054,1372
246054,10808
203256,1372
203256,10808
164970,1372
164970,10808
154476,61348
206940,63136
206940,63540
208206,10652
226623,11490
208521,63510
172503,48980
204522,57414
155043,57414
252177,48298
240852,33534
206940,53160
96138,62074
183789,33886
183789,50718
183789,63538
183789,30500
248550,57804
219522,57804
247029,10652
233814,1304
233814,59822
226662,61280
184509,48980
183363,35732
183363,56696
210840,54290
235932,54290
208209,48980
204243,48980
208209,61280
211812,53386
209799,36720
155043,33886
155043,50718
155043,63538
155043,30500
205812,48980
207396,63538
207396,33886
207396,30500
207396,50718
206418,59822
206418,1304
65577,10652
203316,57804
128334,36720
237252,10808
237252,1372
212301,36720
208872,59394
210882,10808
210882,1372
231909,61348
220632,1372
220632,10808
176577,36720
247029,35846
160029,11490
210129,35846
211542,35846
157398,61348
25743,61280
196302,35846
192300,63186
209994,16358
209094,54290
153138,49888
153138,62944
153138,62860
88920,50718
88920,63538
88920,30500
88920,33886
208821,48980
208554,48980
249795,48980
200502,48980
196455,48980
181860,57414
155055,48980
241824,54290
179700,57414
72561,61348
65328,63186
208521,30500
208521,50718
208521,33886
208521,63538
211533,54290
208794,33534
208812,33534
238263,57804
249294,57804
231459,35846
157185,53386
223071,57414
188100,57414
129204,57804
208566,57804
246339,57804
184674,48980
237804,62274
237804,59396
203166,35846
207588,35846
61305,35846
164064,61348
217002,57804
194601,57414
225480,57804
71301,63538
71301,33886
71301,30500
71301,50718
164661,59394
198573,50718
198573,30500
198573,63538
198573,33886
230604,57804
182295,50718
182295,33886
182295,63538
182295,30500
167256,124
208872,57804
153675,57414
246054,57414
188730,61348
154011,61348
187734,61348
230178,61348
166002,10652
188700,57804
155052,33886
155052,63538
155052,50718
155052,30500
154803,48980
179853,11490
253866,63538
253866,30500
253866,33886
253866,50718
212232,53386
233814,50274
253866,16358
164007,48980
210186,62376
210186,1370
184710,61348
203532,63538
203532,30500
203532,33886
203532,50718
62337,32496
172587,54290
176643,54290
234156,53386
242430,10808
242430,1372
154113,30500
154113,33886
154113,50718
154113,63538
153600,10652
248550,48298
219522,48298
191250,57414
242130,61348
248301,36720
65577,16358
154560,61348
208488,48980
252405,48980
176643,48980
172587,48980
71301,57414
210000,48980
203829,57804
204780,57804
210882,35846
211047,54096
252210,57804
203673,63538
203673,30500
203673,33886
203673,50718
206847,61348
188637,50718
188637,33886
188637,30500
188637,63538
183363,59396
183363,62274
208092,61348
177474,61348
96138,56696
96138,35732
210954,54290
210168,35846
154740,61348
182295,35846
252405,61280
203673,16358
72108,61280
155085,10652
207264,48298
181746,16358
207219,53386
165744,57804
165684,57804
210876,57804
159831,48980
60864,48298
242619,53386
129081,53386
165183,16358
203295,57804
201564,57804
204228,48298
65577,54096
203460,54290
153138,16358
212430,61348
186882,48980
204771,10652
241389,61348
232068,54290
245154,61348
241350,10808
241350,1372
178068,61348
250362,54290
181593,63510
223071,33886
223071,30500
223071,50718
223071,63538
204771,35846
210627,48980
241263,33886
241263,63538
241263,50718
241263,30500
189009,11490
241350,36720
222750,48980
182295,16358
154758,1372
154758,10808
238536,16358
156225,33534
183105,54864
251619,52620
225393,52620
242442,52620
212748,52620
192618,61348
213102,48980
248796,53386
153600,16358
129135,53386
245976,53386
179853,36720
203301,35846
246627,35846
183912,33886
183912,50718
183912,63538
183912,30500
212526,10652
225012,53386
208590,56696
208590,35732
60762,59396
60762,62274
191250,33886
191250,50718
191250,63538
191250,30500
206763,35846
206607,35846
211641,35846
206484,35846
156225,10652
184674,61348
155055,54290
207240,54290
208788,63510
179700,33886
179700,30500
179700,50718
179700,63538
224169,61348
191250,10652
212571,63510
155052,16358
212574,10808
212574,1372
203145,35846
183366,59776
172503,54290
62337,61348
211140,61348
188343,30500
188343,33886
188343,63538
188343,50718
181101,61348
210114,61280
231459,33886
231459,50718
231459,30500
231459,63538
65052,10652
188343,10652
220095,35846
188853,30500
188853,63538
188853,50718
188853,33886
217494,48980
226848,124
187221,61348
251253,57414
212448,53160
210615,57414
184605,62074
154758,11262
185067,48298
154473,48298
206952,57414
246627,50718
246627,33886
246627,63538
246627,30500
203301,30500
203301,33886
203301,50718
203301,63538
247974,57804
208872,48980
208758,61280
219231,61280
69060,57414
208536,57804
208788,35732
208788,56696
191226,61348
154869,35846
174195,63186
230286,1372
230286,10808
235458,54290
188100,1372
188100,10808
234951,63510
230073,36720
212571,63538
212571,33886
212571,50718
212571,30500
128901,57414
231459,57414
203181,16358
203871,16358
231909,48980
227292,53386
220713,36720
157854,59822
157854,1304
183645,35846
72900,61280
246627,10808
246627,1372
203301,1372
203301,10808
203706,35846
155106,57414
186384,63510
96138,59822
96138,1304
161526,61348
222894,10652
192549,59396
192549,62274
153867,10808
153867,1372
183450,10652
238536,59822
238536,1304
220218,59396
220218,62274
208788,63538
208788,30500
208788,33886
208788,50718
244173,35846
206811,57804
207144,57804
206784,57804
206406,57804
157398,48980
208488,59394
204144,61348
250362,53386
209154,48980
227664,63510
128538,52620
226623,48980
171702,54290
207588,10652
61305,10652
247260,53160
61902,35846
208488,57804
206364,52620
202638,57804
252177,57804
181593,63186
182565,54864
204483,50274
251625,30500
251625,50718
251625,63538
251625,33886
153765,10652
64959,53386
220218,54096
209796,54864
250020,57804
96444,57804
183666,54096
72930,36720
25743,61348
209994,57414
198573,10652
190152,52620
249930,59394
162984,16358
248301,53386
162792,36720
187386,54290
25743,36720
207243,36720
203673,10808
203673,1372
220095,16358
203706,63538
203706,50718
203706,33886
203706,30500
188100,50718
188100,63538
188100,33886
188100,30500
203796,53386
208341,53386
244158,61348
186384,124
200964,11490
155337,63186
208872,32496
209793,51316
192300,124
253557,59776
179853,54290
211524,53160
179700,35846
203166,10652
183363,63510
207396,57414
204228,61348
244479,10652
155337,10652
241350,62074
205332,62860
205332,62944
205332,49888
154665,10652
203706,10808
203706,1372
187734,54290
188730,54290
154011,54290
167652,36720
246054,30500
246054,63538
246054,33886
246054,50718
197802,62074
153600,35846
247374,16358
181593,49888
181593,62944
181593,62860
212892,10652
197529,48298
188685,54290
250947,11490
161787,35846
247986,16358
240939,61348
192564,54096
155337,124
247974,48980
251121,1372
251121,10808
210168,10652
181593,124
248178,57804
208899,57804
224631,53386
184104,54290
223104,54290
175293,61280
210234,53160
249687,61280
184698,48980
153084,48980
25743,48298
181101,36720
231459,10652
229737,53386
66843,57414
192549,11262
157416,10652
128526,36720
157224,48980
71301,1372
71301,10808
247983,53160
243546,53160
153765,63186
227664,49888
227664,62944
227664,62860
197529,57804
206940,59776
244479,30500
244479,50718
244479,63538
244479,33886
206304,10652
154041,57414
198279,54290
234951,16358
167256,62860
167256,62944
167256,49888
211047,63186
234951,10652
208788,62860
208788,49888
208788,62944
174513,33886
174513,30500
174513,63538
174513,50718
164970,10652
186378,48298
222906,48980
242610,59776
186378,61348
187650,57414
220269,51316
183363,49888
183363,62860
183363,62944
183363,54096
211140,32496
227238,57804
252081,53160
250977,48980
211524,63136
211524,63540
182556,57414
77484,53386
206868,52620
61344,59776
172503,36720
225699,61348
181371,30500
181371,63538
181371,33886
181371,50718
213102,36720
157185,54290
220269,60
238536,63510
216981,54290
157224,54290
210954,53386
129135,54290
203790,53386
183450,63538
183450,50718
183450,30500
183450,33886
60762,1372
60762,10808
153675,16358
188343,35846
217494,53386
247029,30500
247029,63538
247029,33886
247029,50718
237252,57414
244971,52620
176403,61540
212220,61540
192942,57804
217002,61280
153150,16358
195723,48298
183363,59822
183363,1304
210234,63136
210234,63540
210678,11490
206346,53160
179853,48298
175293,48298
179790,33886
179790,30500
179790,50718
179790,63538
208521,10808
208521,1372
164457,36720
237804,63186
204771,50718
204771,63538
204771,33886
204771,30500
208812,62274
208812,59396
208794,59396
208794,62274
165750,48298
88821,48298
203517,54290
224931,53386
153867,50718
153867,33886
153867,30500
153867,63538
222894,35846
226848,50718
226848,30500
226848,63538
226848,33886
192618,48298
72645,16358
208503,33886
208503,50718
242571,33886
208503,30500
208503,63538
242571,50718
242571,63538
242571,30500
249081,57414
247956,48980
182295,57414
166002,57414
154098,54864
200964,59394
206952,50274
155337,30500
155337,50718
155337,33886
155337,63538
225012,54290
154740,53386
253191,63538
253191,33886
253191,30500
253191,50718
166128,61348
224631,54290
153138,63510
205332,63510
248061,1372
248061,10808
211812,61348
166356,54290
204093,57414
171702,36720
153150,54096
223389,63510
212892,63538
212892,30500
212892,33886
212892,50718
248061,50718
248061,33886
248061,63538
248061,30500
65577,63186
209994,33534
153765,16358
197802,10652
191250,33534
155106,16358
231663,57414
207822,10652
213102,54290
224526,50718
224526,33886
224526,63538
224526,30500
247374,54096
250434,61280
223104,53386
230178,54290
212448,63540
212448,63136
164337,48980
166002,11490
210186,1304
210186,59822
220728,52620
230286,35846
251967,63136
251967,63540
218673,10808
218673,1372
72108,48980
190113,54290
154665,30500
154665,63538
154665,50718
154665,33886
153600,54096
251967,53160
154485,54096
204144,54290
220713,59776
225501,53160
180495,30500
180495,63538
180495,50718
180495,33886
227664,10652
210897,57414
206460,57414
206367,57414
183912,50274
153150,33534
248061,57414
181593,59396
181593,62274
204657,54096
210678,57804
239577,59394
209994,54096
203700,54290
242856,54290
226662,54290
224526,62944
224526,62860
224526,49888
238536,62074
72645,10652
211632,54290
184950,11490
228438,10652
211140,63540
211140,63136
155106,10652
164337,61348
154803,61348
238536,59394
241263,54096
128538,59776
68676,54290
194601,59394
187650,50718
187650,63538
187650,33886
187650,30500
164007,54290
207588,63538
61305,50718
207588,33886
207588,30500
207588,50718
61305,30500
61305,63538
61305,33886
153288,57414
192159,57804
247974,48298
208053,36720
206850,57804
154113,16358
155106,63538
155106,50718
155106,33886
155106,30500
154041,35846
204144,48980
154374,35846
211632,36720
184674,48298
72108,57804
212283,48980
203181,10652
203871,10652
225012,48980
220218,35846
154881,53386
72900,32496
230028,53160
153279,33886
153279,30500
153279,63538
153279,50718
204375,53386
208521,49888
208521,62944
208521,62860
234951,124
153675,35846
183105,61540
192300,62860
192300,49888
192300,62944
157854,62074
240852,124
153792,48980
247374,10652
173940,57414
158658,10652
208350,10808
208350,1372
223389,49888
223389,62860
223389,62944
234030,11490
211965,11490
203166,30500
203166,50718
203166,33886
203166,63538
240852,10652
155337,33534
175293,61348
204522,35846
225501,63540
225501,63136
234156,54290
208812,48980
208794,48980
222906,53386
88920,10652
203055,10652
61344,63136
61344,63540
206673,57414
237804,124
234951,59394
128526,54864
207618,35846
199854,35846
204483,10652
210393,61348
234093,61348
208488,32496
203166,63186
61305,63186
207588,63186
162603,61348
154485,50274
222669,59776
56871,10652
220095,57414
201282,33886
201282,50718
201282,30500
201282,63538
253866,1372
253866,10808
129204,11490
208566,11490
203316,11490
246339,11490
200964,61280
69060,10808
69060,1372
244287,50274
228753,57414
184605,56696
184605,35732
247983,63136
243546,63136
247983,63540
243546,63540
61692,54290
156063,61348
212571,10808
212571,1372
181110,10808
181110,1372
154113,33534
196845,53386
247956,54290
216564,59396
216564,62274
208206,35846
153675,10652
211533,53386
206364,60
226140,50274
209793,52620
201282,57414
155106,35846
181371,35846
162603,53386
154485,35846
188343,57414
207396,35846
172008,50274
191250,54096
233970,48980
204483,35846
64218,36720
203232,35846
184710,48298
244158,53386
223389,35846
230028,63136
230028,63540
61305,54096
207588,54096
251967,59776
210615,33534
244479,35846
128901,63538
128901,33886
128901,30500
128901,50718
156225,63538
156225,50718
156225,30500
156225,33886
166599,50718
166599,33886
166599,63538
166599,30500
206952,62274
206952,59396
183213,59776
62817,36720
222204,54290
155052,57414
241263,63186
210186,56696
210186,35732
154803,53386
206964,57414
206772,57414
244287,54096
164661,61348
154113,10652
183912,10652
173667,53386
173667,54864
225699,48298
215112,53160
188961,33886
188961,63538
188961,50718
188961,30500
206664,57414
196845,54290
242151,54290
198882,54290
165126,48980
253098,48980
194883,36720
96138,50720
173667,54290
203256,10652
250653,11490
197286,11490
206952,36720
183666,63186
210615,48980
208590,33886
208590,63538
208590,50718
208590,30500
210000,61348
208350,57414
177474,53386
210168,30500
210168,33886
210168,50718
210168,63538
247974,61348
72645,63538
72645,30500
72645,33886
72645,50718
222894,57414
206376,63136
206376,63540
154485,50718
154485,30500
154485,63538
154485,33886
209976,10652
203166,54096
220632,10652
172695,35846
206376,53160
167256,33534
203145,54096
228729,53386
204771,63186
203328,63538
203328,50718
203328,33886
203328,30500
212526,63186
179790,35846
203511,53386
247029,57414
174195,124
192549,1372
192549,10808
244173,16358
218673,50718
218673,63538
218673,33886
218673,30500
210168,124
203232,1372
203232,10808
229536,59776
246054,10652
154665,54096
212430,54290
245154,54290
206412,57804
206496,57804
158766,57804
206514,57804
166002,33534
236775,57804
249687,48980
222759,57414
203256,63186
153813,1372
153813,10808
179853,61348
210114,57804
209094,36720
154869,16358
231663,10652
247632,36720
181593,33534
234864,50274
96138,30500
96138,63538
96138,50718
96138,33886
183666,63510
242430,10652
203232,10652
180195,10652
203181,63538
203871,63538
203181,33886
203871,50718
203871,30500
203871,33886
203181,50718
203181,30500
203268,54290
164661,57804
88920,35846
230178,48980
212526,35846
249297,53386
155016,54096
201741,57414
66843,33886
66843,63538
66843,50718
66843,30500
232029,54290
212571,49888
212571,62860
212571,62944
234951,63186
72117,63136
72117,63540
212442,53160
223389,54096
187734,48980
154011,48980
188730,48980
154770,36720
246804,48980
65067,50718
65067,30500
65067,63538
65067,33886
166002,16358
164337,54290
183213,53160
186384,62944
186384,62860
186384,49888
165726,54290
165786,54864
154740,54290
207618,16358
206850,36720
223782,10652
238827,59776
242232,59776
206955,59776
217494,54290
220218,50718
220218,33886
220218,30500
220218,63538
204657,63186
238293,59776
204771,54096
128685,57414
189012,35846
206361,62376
206361,1370
64365,53386
245631,63538
245631,50718
245631,30500
245631,33886
228753,10652
213513,36720
211047,124
166995,48980
188343,16358
88821,57804
165750,57804
181110,36720
183912,16358
211740,16358
180195,16358
211542,63538
211542,50718
210129,50718
210129,33886
210129,63538
210129,30500
211542,30500
211542,33886
96138,16358
161787,16358
154041,10808
154041,1372
164640,10652
249579,63186
61908,63186
205905,63186
241389,54290
251625,57414
230286,10652
65577,35846
220218,63510
203178,54290
227616,57414
192564,63510
221247,63136
221247,63540
217293,48298
72918,48298
243408,61540
213885,63360
172008,10652
204375,54290
198873,53386
196722,54290
157500,1372
157500,10808
250749,57414
206838,57414
207129,57414
206928,57414
207267,57414
247986,35732
247986,56696
183366,63136
183366,63540
186987,61348
223728,48980
223071,1372
223071,10808
154041,33886
154041,30500
154041,50718
154041,63538
164640,33534
128763,33886
128763,30500
128763,63538
128763,50718
247374,63186
184605,1304
184605,59822
155043,35846
206964,10652
206772,10652
208209,48298
155085,57414
208350,124
186990,53386
153150,63186
209880,61348
154551,61348
246804,61348
182292,54290
242856,53386
203700,53386
250977,61348
227616,35846
154803,54290
230010,36720
203232,57414
212526,54096
197676,57414
252210,11490
231663,10808
231663,1372
174195,63510
206355,57414
206625,57414
205812,61348
229527,54096
204522,16358
209622,54290
56871,30500
56871,63538
56871,33886
56871,50718
220218,49888
220218,62944
220218,62860
210882,54096
203259,54290
217380,54290
155016,16358
240939,57804
183666,33534
179790,57414
203055,35846
172008,54096
203274,54290
197034,54290
61902,50274
65067,35846
192300,33534
154476,48980
187962,36720
248013,57804
248250,57804
203277,57804
203454,57804
186987,54290
249207,35846
211524,59776
186990,54290
241350,35732
241350,56696
227310,11490
153138,11490
210114,61348
203517,53386
208209,61348
203145,10652
250434,61348
192549,36720
191250,63186
222759,10652
61344,53160
25743,54290
61908,10652
249579,10652
205905,10652
231663,63538
231663,33886
231663,30500
231663,50718
154374,54096
220269,52620
205959,54864
228753,1372
228753,10808
203256,124
205812,53386
241263,124
194601,3382
210234,59776
244971,63360
155043,16358
157416,63538
157416,50718
157416,33886
157416,30500
209880,48980
154551,48980
247260,61540
238293,51316
183576,61348
164661,48298
206811,48298
207144,48298
206784,48298
206406,48298
164970,35846
220218,63186
203181,63186
203871,63186
203082,53386
203073,53386
238611,53386
60864,57804
88920,16358
72117,53160
181746,54096
205728,63538
203502,63538
63582,30500
63582,33886
203502,30500
203502,33886
203502,50718
250629,63538
63582,50718
205728,50718
63582,63538
203052,63538
203052,50718
203052,33886
205728,30500
205728,33886
203052,30500
250629,50718
212505,63538
212505,33886
212505,50718
158016,30500
158016,33886
158016,63538
250629,30500
250629,33886
212505,30500
158016,50718
66879,36720
198792,48980
155085,35846
228438,57414
173613,53386
206664,35846
183645,63510
206364,53160
244446,30500
244446,63538
244446,50718
244446,33886
223389,50274
215298,51316
208821,11490
208554,11490
253683,63538
253683,30500
253683,50718
253683,33886
233814,56696
233814,35732
186177,10652
242556,59394
163101,59776
228948,52620
183666,124
184605,62944
184605,49888
184605,62860
174195,62944
174195,62860
174195,49888
203328,1372
203328,10808
183213,63540
183213,63136
250434,36720
212283,53386
206952,59394
201741,10652
206673,35846
198873,48980
181371,54096
61902,16358
72645,54096
180195,35846
153048,36720
154041,16358
72900,57804
207396,16358
181110,62274
181110,59396
234864,50720
212301,59776
207822,35846
210627,53386
129264,35846
128538,63136
128538,63540
245631,54096
61902,54096
244278,10652
178068,48980
234864,62274
234864,59396
208206,54096
71301,35846
203259,53386
217380,53386
177474,36720
211236,54096
164064,53386
244173,54096
164064,54290
206367,35846
210897,35846
206460,35846
172695,57414
166128,54290
212574,30500
212574,33886
212574,63538
212574,50718
244971,61540
69060,124
61902,63510
223071,35846
234129,63510
154473,61348
185067,61348
220218,16358
192564,63186
192564,49888
192564,62860
192564,62944
183576,59394
154779,54290
203055,124
182292,53386
211812,54290
183789,54096
202638,54290
173940,10808
173940,1372
213885,61540
205332,54096
183645,16358
197802,1304
197802,59822
222759,35846
203871,54096
203181,54096
237252,124
241350,59822
241350,1304
161787,54096
203052,10808
158016,10808
205728,1372
205728,10808
250629,1372
212505,1372
203502,10808
212505,10808
250629,10808
203052,1372
203502,1372
63582,10808
158016,1372
63582,1372
206304,30500
206304,33886
206304,50718
206304,63538
206346,63136
206346,63540
156225,57414
244287,10652
165726,53386
199860,57804
229521,57804
192771,57804
251085,57804
205122,57804
203889,57804
210846,57804
223554,57804
59703,57804
154869,54096
244173,63510
187650,10652
183363,63186
209073,36720
192564,10652
252405,57804
227616,10652
186177,57414
155106,33534
153600,63186
153813,59396
153813,62274
236775,48980
208350,10652
69060,10652
237804,63510
153675,54096
187224,53386
209994,124
221247,53160
251631,11490
68496,48980
164640,16358
221247,61540
180495,63186
198279,53386
157398,53386
186177,10808
186177,1372
64365,48980
203256,50718
203256,30500
203256,33886
203256,63538
242556,57804
128604,36720
230286,16358
253578,10808
253578,1372
65577,33886
65577,63538
65577,30500
65577,50718
234129,62944
234129,62860
234129,49888
186882,61348
182565,59776
183672,48980
181746,63510
183366,53160
153150,62860
153150,62944
153150,49888
226140,10652
183645,50274
220713,54864
154485,16358
213102,53386
210627,54290
205332,63538
205332,50718
205332,33886
205332,30500
153765,35846
217620,54096
191553,54096
161526,48980
238032,57414
71301,16358
230010,55632
230010,57522
198573,50274
223071,10652
207264,53386
212301,54864
223389,16358
208872,61280
234951,50720
154374,30500
154374,50718
154374,63538
154374,33886
210000,53386
203673,35846
154779,61348
56871,35846
96444,54290
250020,54290
203055,57414
192564,16358
226662,53386
180495,54096
153084,54290
72645,63186
229527,16358
201837,63538
208545,33886
251721,63538
201837,33886
208545,30500
208545,63538
251721,50718
251721,33886
201837,30500
201837,50718
251721,30500
208545,50718
157767,54290
242430,16358
234093,11490
210393,11490
62337,63540
62337,63136
61902,49888
61902,62944
61902,62860
206952,32496
211047,63510
240852,1372
240852,10808
210882,10652
199242,59776
211236,124
220632,30500
220632,50718
220632,33886
220632,63538
248202,61540
253557,53160
177903,48980
233970,53386
188100,10652
164970,124
68496,54290
251121,33886
251121,50718
251121,30500
251121,63538
154770,54290
232068,53386
177903,54290
153150,63510
253866,10652
213885,50720
245976,54290
206460,10652
206367,10652
210897,10652
65052,50718
65052,33886
65052,63538
65052,30500
215298,52620
189012,63510
249930,61280
188961,10652
212892,16358
247260,63360
154758,63510
199854,63510
162984,10652
192300,50274
244158,54290
206418,10652
242556,61280
68496,61348
166437,54290
72900,61348
252696,53386
207822,16358
154041,33534
192618,57804
253191,57414
183912,33534
244173,50274
209796,36720
186378,57804
241350,49888
241350,62944
241350,62860
220632,124
220632,33534
154485,63186
167316,48980
155085,16358
253866,63186
207147,35846
229977,54864
129264,10652
181746,63186
227664,54096
179700,16358
203727,48298
203673,62944
203673,62860
203673,49888
71301,10652
230028,59776
244680,54864
60762,54096
154485,63510
244005,35846
157416,57414
181371,50274
231663,35846
206673,10652
206952,3382
153675,63186
199854,16358
153279,1372
153279,10808
249297,54290
200502,11490
196455,11490
249795,11490
226140,54096
191250,124
203673,54096
206952,33534
205815,36720
153999,54290
188961,1372
188961,10808
154374,16358
129264,57414
173613,48980
207219,48980
173940,10652
252696,54290
244041,57414
181101,54290
154758,49888
154758,62944
154758,62860
183105,53046
194601,33534
153138,54096
188853,10652
163101,54864
208503,63510
242571,63510
204522,54096
155043,54096
25743,53386
191226,53386
247548,48980
183645,62944
183645,49888
183645,62860
203055,33886
203055,63538
203055,30500
203055,50718
197676,10652
227238,54290
225480,53386
187224,48980
56871,16358
206439,52620
244287,63186
212220,63360
176403,63360
128763,57414
203532,10808
203532,1372
227664,16358
189009,50720
248061,10652
215112,63136
215112,63540
206376,59776
209976,57414
65328,124
250782,48980
183450,35846
186438,54864
195723,54290
154485,62860
154485,62944
154485,49888
208350,63186
207267,35846
206838,35846
250749,35846
206928,35846
207129,35846
212892,35846
192942,48298
252405,61348
182556,35846
253683,10808
253683,1372
183645,54096
61902,59396
61902,62274
251106,30500
251106,63538
251106,33886
251106,50718
206847,53386
204657,124
249687,57804
211236,63186
244173,49888
244173,62944
244173,62860
153288,33886
153288,63538
153288,30500
153288,50718
157854,16358
206304,35846
244446,35846
229527,10652
56871,57414
251253,63538
251253,33886
251253,30500
251253,50718
247548,53386
203133,54290
204762,54290
227670,54290
206415,35846
155016,35846
88920,54096
183789,63186
203145,50718
203145,30500
203145,33886
203145,63538
154665,51316
154881,54290
156225,124
184710,57804
210141,53386
225012,54864
207222,53160
201837,35846
208545,35846
251721,35846
155052,54096
234864,59394
221247,63360
183912,63510
244041,10652
129264,16358
249579,50718
61908,33886
61908,30500
61908,50718
249579,33886
249579,63538
205905,33886
61908,63538
205905,50718
249579,30500
205905,63538
205905,30500
65328,50274
154068,59776
205740,10808
205740,1372
184605,63510
153402,48980
204762,53386
227670,53386
203133,53386
183789,124
154374,63510
181371,63510
203268,53386
167316,57804
188637,57414
206418,62860
206418,49888
206418,62944
238293,63540
238293,63136
181746,33534
186882,57804
165126,59394
253098,59394
154032,54864
186384,33534
188787,36720
252177,53386
139272,57414
249513,54290
237804,62944
237804,49888
237804,62860
238536,54096
165183,35846
60762,59394
153867,10652
250782,53386
206928,10652
207129,10652
206838,10652
207267,10652
250749,10652
206850,48298
191226,54290
238611,54290
203082,54290
203073,54290
222894,10808
222894,1372
211473,53386
62337,52620
183363,62074
65577,124
184950,61280
166995,53386
174195,59394
153600,124
182556,16358
208206,63510
174513,10652
208488,61280
72108,61348
172008,63510
153402,53386
205332,35846
198792,53386
231057,50274
216564,54096
224526,54096
233970,61348
208350,33534
227664,63186
181371,16358
216564,63510
208206,16358
166599,57414
166437,36720
242430,35846
205959,59776
161208,50718
59700,63538
59700,50718
59700,30500
59700,33886
161208,33886
161208,30500
161208,63538
198573,63186
154476,54290
217620,63510
173940,30500
173940,50718
173940,33886
173940,63538
253866,54096
188637,10652
253866,35846
230010,59776
181860,30500
181860,33886
181860,50718
181860,63538
251106,57414
174195,33534
206418,63510
213885,53160
239577,61280
183105,63360
208206,30500
208206,63538
208206,50718
208206,33886
179790,10808
179790,1372
153765,50718
153765,33886
153765,30500
153765,63538
252480,48980
225501,54864
212442,63136
212442,63540
196722,53386
199242,52620
206772,35846
206964,35846
242151,48298
198882,48298
128685,10652
244173,63186
227310,48298
157500,10652
253557,54864
191226,48980
153279,35846
211047,33534
204243,54290
244041,35846
179853,53386
204795,54290
203724,54290
139272,10808
139272,1372
216564,56696
216564,35732
231057,57414
253683,10652
212526,63538
212526,50718
212526,33886
212526,30500
177474,54290
224169,54290
167316,48298
177903,53386
252480,53386
204483,50718
204483,33886
204483,30500
204483,63538
229473,30500
229473,63538
229473,33886
229473,50718
197676,35846
65328,63510
238536,50720
210129,1372
211542,1372
211542,10808
210129,10808
247374,124
204411,36720
153813,62074
220728,54864
242571,10808
208503,1372
208503,10808
242571,1372
153813,56696
153813,35732
172008,62944
172008,62860
172008,49888
153084,36720
203232,124
153138,63186
69060,63186
207618,54096
220632,63186
96138,62944
96138,49888
96138,62860
207330,57804
245154,36720
223728,59394
175809,54864
183366,61540
154476,53386
203232,33886
203232,30500
203232,50718
203232,63538
250434,54290
96138,1372
96138,10808
203274,53386
197034,53386
204228,48980
251493,36720
249216,36720
253506,36720
214506,53386
240852,33886
240852,63538
240852,50718
240852,30500
203511,54290
206361,57414
237057,16358
212448,61540
208590,63510
228729,48980
206355,35846
206625,35846
216564,1304
216564,59822
191553,35846
217620,35846
216564,62944
216564,62860
216564,49888
244287,16358
183912,62860
183912,62944
183912,49888
211473,48980
232404,36720
244005,54096
234156,54864
206448,36720
232614,36720
65052,63510
153138,50720
208092,36720
207222,51316
187875,54864
180495,124
234951,35846
224211,59776
154011,36720
188730,36720
187734,36720
230286,33534
215298,60
206952,48980
187386,53386
190152,63540
190152,63136
203256,33534
153279,10652
209622,53386
188961,35846
206364,63540
206364,63136
210882,63538
210882,33886
210882,30500
210882,50718
207618,63510
181593,50720
252081,61540
206412,36720
158766,36720
206496,36720
206514,36720
249081,10652
212892,54096
153150,50274
246054,35846
206988,36720
250275,36720
183105,51316
206433,36720
206349,36720
200964,61348
251631,48298
174513,57414
179790,10652
211947,11490
61902,63186
234120,54864
128538,61540
248205,54290
244971,63540
244971,63136
191553,16358
217620,16358
208350,33886
69060,50718
208350,50718
69060,33886
69060,63538
69060,30500
208350,63538
208350,30500
155388,54864
206856,54864
245631,63510
183492,52620
188700,53386
166128,53386
222750,48298
206346,61540
180495,33534
249687,48298
211641,16358
206484,16358
206607,16358
206763,16358
216564,62074
206847,54290
248202,54864
166995,54864
229527,50274
206667,36720
203256,54096
237804,33534
223389,124
215112,61540
181101,53386
72108,48298
69060,33534
249579,124
61908,124
205905,124
183363,10652
195372,51316
208206,33534
65067,54096
188100,35846
205740,35846
154485,59396
154485,62274
157767,53386
208590,1372
208590,10808
197529,53386
229527,63186
204780,53386
181371,49888
181371,62860
181371,62944
204243,53386
203178,53386
229536,52620
203142,54290
238293,53160
210633,16358
176403,54864
212220,54864
153765,124
61305,124
207588,124
153138,124
220632,57414
189012,62860
189012,49888
189012,62944
183645,63186
183666,62860
183666,62944
183666,49888
165684,53386
210876,53386
165744,53386
210171,57414
241350,63510
198573,35846
250020,53386
96444,53386
206415,1372
206415,10808
247986,50718
247986,33886
247986,30500
247986,63538
206868,63540
206868,63136
231909,53386
192300,62274
192300,59396
60762,63186
237252,33534
207147,1372
207147,10808
181746,124
65067,63510
192159,53386
65052,35846
236766,63510
194388,63510
217872,63510
248871,63510
236226,59776
60762,16358
206478,35846
253191,10652
207147,57414
208788,1372
208788,10808
157224,36720
59700,57414
161208,57414
238536,10652
181110,62074
197802,62944
197802,49888
197802,62860
206439,63540
206439,63136
61902,33534
153312,53386
244278,57414
61824,54290
241350,59394
203871,33534
203181,33534
206625,10652
206355,10652
207264,52620
228753,35846
158766,48298
206496,48298
206514,48298
206412,48298
210141,48980
203166,124
183363,59394
253557,63540
253557,63136
154758,59394
216822,63540
216822,63136
198792,61348
194601,32496
154869,63186
253578,63538
253578,33886
253578,50718
253578,30500
203145,124
210897,16358
206367,16358
206460,16358
189012,16358
234972,48298
234018,48298
229341,48298
212220,51316
176403,51316
203055,1372
203055,10808
166995,61348
238293,60
209994,63186
211989,48298
249207,10652
251253,10808
251253,1372
207222,63540
207222,63136
196455,48298
200502,48298
249795,48298
162603,36720
253557,51316
155052,63186
206664,10652
161787,63186
244479,50274
181371,63186
188100,16358
203142,53386
179700,33534
211740,35846
155016,63510
211140,53160
203829,53386
67158,57414
227664,62274
227664,59396
153288,35846
210114,48298
205740,10652
188853,57414
183366,63360
210615,32496
128685,10808
128685,1372
206856,36720
236226,52620
210615,39186
210615,63418
207222,59776
244158,36720
156225,63186
184710,53386
203532,63510
238293,61540
156063,48980
207219,61348
247548,54290
234864,32496
153279,57414
249207,1372
249207,10808
211740,33534
243390,54864
205332,63186
173940,35846
189012,54096
67158,35846
184710,36720
172695,16358
211740,10652
227238,53386
207240,59776
186987,53386
174195,39186
174195,63418
237804,59394
153792,36720
167256,50274
205905,54096
249579,54096
61908,54096
204771,124
188787,51316
247374,63510
190113,59776
154665,36720
249486,52620
65067,16358
188700,54290
153813,59822
153813,1304
252405,48298
153150,50720
192549,62944
192549,62860
192549,49888
244479,63510
199854,49888
199854,62860
199854,62944
179790,16358
248292,54864
207096,10652
196311,10652
210129,33534
211542,33534
165126,57804
253098,57804
197676,16358
210978,54864
211812,36720
155016,63186
128538,63360
186384,50274
154374,63186
225501,51316
232035,48298
250782,54290
238827,52620
206955,52620
242232,52620
212430,36720
214998,54864
225276,53386
251721,10808
208545,1372
201837,10808
201837,1372
208545,10808
251721,1372
221526,48298
246618,48298
210690,48298
242412,48298
201798,54290
154041,10652
60762,63510
182565,52620
61344,61540
60762,49888
60762,62860
60762,62944
155016,124
237804,63418
237804,39186
212571,35846
164661,61280
197529,54290
96138,63186
153402,54290
183912,54096
154665,62860
154665,62944
154665,49888
244287,63510
184698,53386
184710,54290
251121,10652
241824,57522
241824,55632
154560,54290
72645,33534
207147,10652
253866,124
201798,53386
192564,124
153150,124
165684,54290
210876,54290
165744,54290
72117,61540
217002,61348
222894,33534
61824,53386
249207,57414
242571,49888
208503,62860
242571,62944
208503,62944
208503,49888
242571,62860
88920,63186
157416,33534
242610,63540
242610,63136
181746,62860
181746,49888
181746,62944
244005,63510
224211,52620
226848,1372
226848,10808
204483,33534
191553,63510
244005,50718
244005,30500
244005,33886
244005,63538
187650,35846
220713,63360
190152,53160
210615,61280
185067,48980
154473,48980
153813,36720
205332,16358
192300,39186
192300,63418
206418,57414
198573,124
155052,124
249486,54864
194388,62944
236766,62944
236766,49888
194388,49888
248871,49888
217872,49888
217872,62944
236766,62860
248871,62944
194388,62860
217872,62860
248871,62860
224169,53386
208206,62944
208206,62860
208206,49888
203301,63510
246627,63510
205332,124
215298,61540
216564,59394
128538,53160
154665,50274
208206,63186
128526,53046
164640,57414
232035,54290
199854,124
210171,50718
210171,30500
210171,63538
210171,33886
217002,48980
167256,63418
167256,39186
211047,62860
211047,49888
211047,62944
249513,48298
207096,1372
196311,10808
196311,1372
207096,10808
227310,54290
209622,36720
64365,54290
244005,16358
234864,39186
234864,63418
183645,59396
183645,62274
167256,62274
167256,59396
234951,3382
161787,63510
208590,62944
208590,62860
208590,49888
207927,36720
248202,51316
164970,54096
206439,53160
192549,63510
228729,54290
205728,63510
250629,63510
158016,63510
212505,63510
203052,63510
63582,63510
203502,63510
244479,16358
200964,48980
248013,54290
203454,54290
248250,54290
203277,54290
244005,50274
244173,124
212574,10652
248061,35846
68676,36720
210882,124
183576,36720
251625,62860
251625,49888
251625,62944
208092,54290
223389,63186
204483,16358
184605,10652
206607,10808
206484,1372
211641,1372
206484,10808
211641,10808
206607,1372
206763,10808
206763,1372
188637,35846
243546,61540
247983,61540
203673,63186
234864,3382
235932,36720
210840,36720
189009,63510
250653,48298
197286,48298
192159,54290
189045,54864
234129,59396
234129,62274
154068,54864
194601,39186
194601,63418
203673,124
172008,63186
128526,51316
191247,53386
219231,36720
208758,36720
244446,63510
164970,16358
203706,63510
244287,49888
244287,62944
244287,62860
205332,62274
205332,59396
206367,1372
206460,1372
206460,10808
210897,10808
210897,1372
206367,10808
153675,124
244041,16358
234864,48980
238293,54864
206787,33534
162984,35846
210000,54290
211140,63360
183912,63186
228438,35846
194388,10652
236766,10652
217872,10652
248871,10652
206868,53160
205959,52620
204522,63186
155043,63186
204657,63510
203790,36720
203796,36720
208341,36720
154869,63510
72561,54290
234951,48980
154779,48298
184950,61348
60762,10652
204093,50718
204093,33886
204093,30500
204093,63538
206784,53386
207144,53386
206406,53386
206811,53386
186177,54096
72045,59776
206364,59776
247029,124
203727,54290
157854,10652
77484,36720
211413,48298
205905,33534
249579,33534
61908,33534
183450,33534
203460,53386
215112,54864
244287,35846
154068,52620
154098,59776
174513,35846
207105,57414
210168,63510
253557,60
247374,62944
247374,49888
247374,62860
207096,35846
196311,35846
231876,62274
231876,59396
253098,61280
165126,61280
203532,35846
173613,61348
204657,33534
245631,16358
242130,59776
206673,1372
206673,10808
206427,52620
244278,35846
184605,59394
212526,124
206418,50274
64365,61348
153150,11490
245631,62944
245631,62860
245631,49888
211140,61540
248202,63360
229536,61540
245631,35846
238263,54290
249294,54290
204795,48298
203724,48298
128763,10652
67158,63538
67158,33886
67158,30500
67158,50718
157854,59396
157854,62274
212283,54290
227616,10808
227616,1372
204522,124
72645,63510
242556,48298
217293,53386
72918,53386
211947,48298
244287,124
250434,53386
230073,63540
230073,63136
203727,53386
153288,10808
153288,1372
153600,63510
204483,54096
206799,10652
65067,62860
65067,62944
65067,49888
201564,48298
203295,48298
225501,61540
225480,54290
226140,63510
237057,50274
230073,53160
206478,1372
206478,10808
206664,1372
206664,10808
240852,63186
224526,35846
65067,63186
216822,53160
128526,52620
207618,63186
65328,33534
212892,63186
158658,57414
184605,54096
157500,50274
230073,54864
206772,10808
206772,1372
206964,10808
206964,1372
153138,32496
72918,54290
217293,54290
165726,36720
216564,63186
153279,16358
207096,57414
196311,57414
189012,50274
197802,59394
204771,63510
244005,63186
203871,63510
203181,63510
155043,124
154374,62944
154374,62860
154374,49888
210633,50274
242232,63360
206955,63360
238827,63360
204375,59776
244446,54096
192549,59394
153756,54864
181593,11490
202638,36720
229341,54290
234972,54290
234018,54290
172587,36720
176643,36720
206415,10652
234129,10652
230604,53386
182295,124
189009,32496
182565,53046
201741,35846
188331,51316
198279,36720
206415,57414
195372,52620
215298,59776
198882,53386
242151,53386
199854,54096
212442,61540
154374,50274
231459,124
196302,57414
230010,53046
65577,63510
229527,124
207222,60
180195,54096
220218,124
88920,124
249294,48298
238263,48298
208536,48298
220095,124
222759,10808
222759,1372
65328,62944
65328,62860
65328,49888
161208,35846
160029,54290
208350,54096
243408,54864
153138,3382
65052,54096
206787,57414
247029,33534
204483,63510
252177,54290
154758,62074
154869,124
232068,36720
157416,124
186384,63418
186384,39186
72645,124
206940,61540
165183,1372
165183,10808
196302,33534
241824,53046
205740,50718
205740,30500
205740,63538
205740,33886
197802,54290
208521,35846
230604,61540
229473,57414
65328,39186
65328,63418
162984,1372
162984,10808
187806,52620
222894,16358
153288,10652
242130,52620
236766,1372
217872,1372
248871,1372
217872,10808
248871,10808
194388,10808
194388,1372
236766,10808
191553,124
217620,124
206346,63360
207129,10808
250749,10808
207267,1372
207129,1372
207267,10808
250749,1372
206928,1372
206928,10808
206838,1372
206838,10808
207618,124
253578,10652
164064,36720
203871,124
203181,124
154485,33534
210393,57804
234093,57804
180195,62860
180195,49888
180195,62944
164970,33534
158766,53386
206496,53386
206412,53386
206514,53386
200964,57804
212301,63360
192549,62074
181110,1304
181110,59822
154560,53386
172008,59396
172008,62274
139272,35846
224526,63186
201282,62860
201282,62944
201282,49888
183105,60
253866,62944
253866,49888
253866,62860
204657,62860
204657,49888
204657,62944
154374,33534
241389,36720
180195,63186
186987,36720
183576,61280
222669,53160
173613,54290
154113,124
220218,33534
212505,49888
212505,62860
250629,62944
250629,62860
158016,62944
158016,62860
203502,49888
203052,62860
63582,49888
158016,49888
203502,62860
203052,49888
203052,62944
205728,49888
203502,62944
250629,49888
205728,62944
212505,62944
205728,62860
63582,62860
63582,62944
154758,56696
154758,35732
194601,48980
247956,54864
226623,48298
208821,48298
208554,48298
205812,36720
154485,124
206799,35846
215112,63360
187659,52620
128901,49888
128901,62944
128901,62860
191247,54290
246054,16358
198573,50720
96138,63510
161787,124
209154,48298
172008,16358
253866,63510
242430,49888
242430,62860
242430,62944
208206,124
244479,33534
203460,36720
244287,62274
244287,59396
183789,33534
157500,62944
157500,62860
157500,49888
206304,54096
220095,63186
220095,54096
242556,48980
181593,63418
181593,39186
162792,54864
208872,61348
211236,63510
187650,16358
166002,1372
166002,10808
207822,63510
250947,54290
72930,53160
65052,62944
65052,49888
65052,62860
212448,63360
208899,48298
248178,48298
206346,54864
212574,16358
210633,1372
210633,10808
252480,61348
238827,54864
206955,54864
242232,54864
210141,61348
180195,63510
209793,60
181110,56696
181110,35732
205812,54290
241350,10652
155043,63510
204522,63510
209994,63510
206952,1372
206952,10808
248061,16358
195723,36720
207822,124
184698,54290
247374,33534
181593,59394
251625,63510
244446,16358
220728,59776
207618,33534
192942,53386
219522,54290
154869,50274
61902,124
246618,54290
242412,54290
223782,57414
206484,33534
211641,33534
206607,33534
206763,33534
72045,52620
59703,48298
199860,48298
223554,48298
210846,48298
203889,48298
251085,48298
192771,48298
205122,48298
229521,48298
220632,54096
226140,62944
226140,49888
226140,62860
245631,124
183450,63510
183912,124
205332,50274
157500,63510
189012,63186
153138,50274
208521,50274
184104,54864
128685,35846
242856,36720
203700,36720
196845,36720
208788,10652
210141,54290
219522,53386
186438,52620
182295,63186
217620,62860
217620,62944
217620,49888
244005,62944
244005,62860
244005,49888
220269,53160
211473,61348
208209,53386
249930,61348
187224,54290
213114,52620
239577,61348
241263,33534
207240,55632
207240,57522
215298,63540
215298,63136
162984,57414
128901,50720
207396,33534
234156,36720
244041,10808
244041,1372
212748,59776
242442,59776
251619,59776
225393,59776
181101,51316
160029,48298
211533,36720
154665,39186
154665,63418
220269,63136
220269,63540
233814,35846
210882,33534
246618,53386
242412,53386
155016,50274
203328,63510
69060,54096
209976,10808
209976,1372
158766,54290
206496,54290
206514,54290
206412,54290
209793,53160
251121,35846
223968,52620
206304,50274
205740,57414
246627,33534
203301,33534
245631,63186
234030,54290
211965,54290
172008,124
210633,10652
250947,48298
199242,61540
161787,50274
72930,63540
72930,63136
203532,62860
203532,49888
203532,62944
211473,54290
206811,54290
207144,54290
206784,54290
206406,54290
251121,63510
165126,61348
253098,61348
206964,63510
206772,63510
206406,59776
207144,59776
206811,59776
206784,59776
230073,52620
72561,53386
246627,10652
203301,10652
186882,53386
186384,62274
186384,59396
200964,48298
224526,63418
224526,39186
206304,16358
244446,50274
224169,36720
166599,10652
62337,53160
241824,36720
215298,53160
244446,62944
244446,62860
244446,49888
206667,54864
244479,62860
244479,62944
244479,49888
242610,53160
228948,60
189009,62944
189009,62860
189009,49888
227664,124
209796,61540
65052,16358
164007,54864
197802,63510
230604,54290
207822,33534
218673,35846
166002,49888
166002,62944
166002,62860
247986,10652
234864,61348
212220,60
176403,60
66843,1372
66843,10808
225699,53386
247983,63360
243546,63360
199854,62274
199854,59396
197802,50274
153765,63510
154758,36720
171702,54864
213114,54864
206304,63510
198573,16358
222894,11490
206448,54864
236775,59394
153138,48980
252081,63360
62817,51316
139272,10652
241350,54096
206850,54290
251625,10652
234030,48298
211965,48298
211989,54290
224841,36720
210171,35846
229341,53386
234018,53386
234972,53386
208092,53386
62337,59776
203829,54290
159831,36720
244971,53160
233970,54290
240939,60
231663,124
250653,54290
197286,54290
65328,50720
61344,63360
203706,33534
249930,48980
209793,54864
155016,62944
155016,62860
155016,49888
212442,54864
222759,63510
203145,33534
129264,1372
129264,10808
165183,10652
206349,54864
206433,54864
60762,35846
210168,49888
210168,62860
210168,62944
59700,10652
161208,10652
220713,61540
186177,63510
234120,55632
234120,57522
203706,10652
60762,124
187224,61348
220269,54864
252480,54290
183492,59776
229473,35846
190152,59776
183645,124
154374,124
226140,63186
247986,1372
247986,10808
243408,53046
220713,52620
226140,62274
226140,59396
212220,53046
176403,53046
228729,61348
153813,63510
216564,10652
187962,54864
217620,50274
242430,63510
204144,36720
211989,53386
229473,10652
68496,54864
192942,54290
183672,53386
230286,124
222669,54864
64218,54864
251493,54864
253506,54864
206988,54864
249216,54864
250275,54864
203328,49888
203328,62860
203328,62944
182295,54096
206607,10652
211641,10652
206484,10652
206763,10652
209622,61540
155016,63418
155016,39186
153600,62944
153600,62860
153600,49888
192942,59776
206346,51316
156225,54096
223389,39186
223389,63418
210633,57414
181371,33534
251967,61540
207105,35846
212892,124
191553,63186
217620,63186
212574,35846
208053,54864
163101,63360
243390,36720
223728,57804
246627,49888
246627,62944
203301,62944
203301,49888
246627,62860
203301,62860
158658,35846
128334,54864
211533,61540
61344,51316
188343,124
180195,124
66843,10652
157500,16358
240939,32496
208206,59396
208206,62274
166002,63510
172695,50720
223071,16358
157500,35846
154665,16358
128526,53160
181371,124
224526,16358
155052,63510
206427,63136
206427,63540
206355,10808
206625,1372
206355,1372
206625,10808
187806,59776
181860,1372
181860,10808
202638,51316
203454,53386
248250,53386
248013,53386
203277,53386
226848,63186
220728,63540
220728,63136
216822,36720
225276,54290
187806,51316
220728,53160
211524,61540
183363,16358
209622,51316
153765,50274
65067,50274
209880,53386
154551,53386
246804,53386
231057,63510
207219,54864
72117,51316
206850,53386
181860,10652
182556,124
252081,51316
218673,63510
253683,63510
183363,60
161208,1372
59700,10808
59700,1372
161208,10808
165726,61540
65577,49888
65577,62944
65577,62860
209793,59776
213114,59776
157398,54290
206868,59776
250977,53386
207240,52620
181371,59396
181371,62274
206478,10652
229527,63510
59700,35846
249081,1372
249081,10808
210234,61540
242430,124
167652,54864
209976,35846
164661,36720
195723,53386
203706,62944
203706,49888
203706,62860
157854,57414
209880,54290
246804,54290
154551,54290
171702,59776
206940,51316
235335,36720
244446,63186
154098,52620
179700,63510
166002,54096
184605,63186
208488,61348
210678,48298
226848,57414
181101,60
164970,63510
204093,1372
204093,10808
223389,59396
223389,62274
225501,53046
248550,54290
153867,35846
201741,1372
201741,10808
195372,59776
203232,63186
178068,53386
72900,11490
207396,124
214506,54290
222894,32496
212448,51316
181110,62944
181110,49888
181110,62860
243546,51316
247983,51316
218673,10652
235458,54864
212892,63510
186987,51316
172695,10808
172695,1372
253683,35846
128526,60
220218,63418
220218,39186
182565,57522
182565,55632
246339,48298
203316,48298
208566,48298
129204,48298
251106,10652
183105,57522
183105,55632
248202,53046
188331,60
166002,63186
213513,54864
248550,53386
128526,63136
128526,63540
201282,10652
154758,59822
154758,1304
182556,54096
204093,10652
153312,54290
249081,35846
209073,54864
229527,33534
247986,57414
66843,50274
207222,54864
234951,61280
192300,50720
175809,61540
183450,49888
183450,62944
183450,62860
213513,59776
249687,61348
66879,54864
206460,124
210897,124
206367,124
241263,63510
167316,53386
183450,50720
166002,50720
72930,61540
183789,63510
229527,62860
229527,49888
229527,62944
203700,51316
242856,51316
196845,51316
214998,51316
220269,59776
188343,54096
183213,61540
231057,10652
153600,33534
212586,54864
166002,124
253866,33534
155106,124
237057,59396
237057,62274
60762,50720
228438,1372
228438,10808
62817,60
241350,50720
237057,1372
237057,10808
192564,35846
239577,48980
212586,36720
211524,54864
212775,54864
206304,63186
72117,63360
157224,54864
231459,33534
188853,1372
188853,10808
242610,63360
204771,62860
204771,49888
204771,62944
252210,48298
231057,62274
231057,59396
198573,59396
198573,62274
210690,53386
221526,53386
175809,36720
231909,54290
222750,54290
164337,36720
227664,50720
184605,50720
223782,35846
210186,35846
187386,59776
188685,54864
205332,63418
205332,39186
203232,54096
223728,61280
157854,36720
206361,35846
207822,49888
207822,62860
207822,62944
206847,59776
238293,63360
215298,54864
240939,11490
210633,59396
210633,62274
210690,54290
221526,54290
162603,54290
218673,50274
176643,54864
172587,54864
210234,54864
201282,63510
180195,33534
199854,50274
181110,63510
206664,33534
71301,124
128901,10652
228948,63540
228948,63136
153288,16358
190113,61540
251967,51316
154779,53386
154665,35846
163101,52620
207105,59396
207105,62274
251253,35846
205959,61540
238536,48980
197676,1372
197676,10808
223389,50720
60864,53386
203460,51316
224211,61540
212586,61540
232029,59776
153813,49888
153813,62944
153813,62860
230073,61540
183666,50274
244479,59396
244479,62274
238032,10652
253557,61540
240912,54864
206439,59776
234951,60
212442,63360
229473,10808
229473,1372
96138,10652
157416,63186
213885,63540
213885,63136
231057,62944
231057,49888
231057,62860
225699,54290
231459,63186
220269,61540
191553,49888
191553,62944
191553,62860
205332,50720
223071,33534
212301,61540
25749,36720
161787,62944
161787,62860
161787,49888
237057,10652
217002,53386
220095,50274
206673,16358
183645,39186
183645,63418
154485,39186
154485,63418
252696,36720
216564,60
163251,36720
220095,33534
222894,50720
187962,59776
204780,54290
208812,57804
208794,57804
179700,50274
183450,16358
232029,63136
232029,63540
206799,33534
229527,35846
62817,61540
207396,54096
208521,10652
232029,57522
232029,55632
208794,36720
208812,36720
129135,36720
249513,53386
203055,54096
153813,59394
207147,16358
211236,33534
186987,60
203055,63186
211533,51316
208872,11490
248178,53386
172695,63510
248178,54290
206304,62944
206304,62860
206304,49888
241350,63186
197676,33534
225501,60
196302,10652
207330,54290
154098,55632
154098,57522
203790,63540
203790,63136
203796,63136
208341,63136
203796,63540
208341,63540
183672,54290
210168,33534
245631,50274
154869,49888
154869,62860
154869,62944
203871,49888
203871,62860
203871,62944
203181,62860
203181,49888
203181,62944
158016,35846
212505,35846
203052,35846
203502,35846
63582,35846
250629,35846
205728,35846
153765,62944
153765,49888
153765,62860
192549,59822
192549,1304
154167,36720
182565,61540
88821,53386
165750,53386
238827,61540
242232,61540
206955,61540
253683,49888
253683,62860
253683,62944
227616,16358
164661,54290
206787,10652
248202,60
222669,63136
222669,63540
230028,61540
209796,55632
209796,57522
234951,51316
235335,54864
232404,54864
242610,61540
244680,53046
154167,54864
204483,63186
211047,50274
161526,53386
227616,33534
203724,61540
204795,61540
72930,52620
166128,51316
204771,33534
204483,62860
204483,62944
204483,49888
244173,50720
199854,33534
159831,54864
207927,54864
223104,36720
61305,33534
203166,33534
207588,33534
219231,54290
208758,54290
226140,16358
206427,53160
166002,32496
60864,54290
154665,124
238032,63510
181110,59394
220218,59394
174195,50720
61824,36720
153675,50274
206772,62860
206772,49888
206964,62944
206964,62860
206772,62944
206964,49888
186177,16358
199854,63186
72930,51316
197802,57414
238827,53160
242232,53160
206955,53160
207105,10652
165786,36720
229536,63360
207264,59776
253866,50720
203724,53386
204795,53386
181371,63418
181371,39186
191553,50274
210234,51316
211524,51316
241263,49888
241263,62860
241263,62944
211533,63540
211533,63136
209622,53160
230178,54864
223728,61348
154758,54096
192549,35732
192549,56696
206799,57414
182556,63510
213513,52620
211524,63360
253557,63360
237804,50720
186177,62944
186177,62860
186177,49888
211047,63418
211047,39186
166356,36720
247029,63186
198573,63418
198573,39186
215298,63360
206607,63186
206763,63186
211641,63186
206484,63186
77484,63136
77484,63540
212892,49888
212892,62944
212892,62860
189009,48980
184605,16358
154113,62944
154113,49888
154113,62860
207222,61540
206376,61540
65052,50274
237057,57414
206415,16358
237252,63186
246054,50720
88920,63510
154098,53046
222750,53386
249687,53386
155085,124
229473,16358
164970,62944
164970,62860
164970,49888
56871,63186
61305,63510
207588,63510
183213,54864
181746,11490
209796,53046
188637,10808
188637,1372
153675,63510
237252,54096
222759,16358
222669,51316
206940,54864
217620,39186
217620,63418
25749,51316
173667,53046
189012,124
210234,63360
180495,63510
230073,51316
67158,10808
67158,1372
188100,124
153048,54864
188787,60
154665,63186
181371,50720
65052,63186
183363,51316
157500,50720
186378,53386
245631,63418
245631,39186
195372,54864
155055,54864
249486,59776
222759,62860
222759,62944
222759,49888
226140,124
157854,62944
157854,62860
157854,49888
183213,63360
215112,51316
212442,51316
194883,53046
242430,54096
225501,63360
187224,36720
244479,54096
212448,54864
230028,51316
206940,63360
207822,54096
187659,51316
210171,10652
188961,33534
228948,59776
186438,59776
202638,53386
212301,52620
210633,49888
210633,62860
210633,62944
203166,63510
212232,36720
56871,54096
226140,35846
206673,33534
204375,61540
219231,48298
208758,48298
154869,33534
188343,63186
179790,33534
244173,33534
158658,16358
167316,61348
232035,61540
207330,53386
189012,33534
203328,35846
181746,50274
182556,50274
158658,1372
158658,10808
212571,50274
230010,63360
228438,63510
207240,61540
242430,33534
224169,51316
183666,39186
183666,63418
212526,63510
210897,33534
206460,33534
206367,33534
71301,54096
235932,54864
210840,54864
230028,54864
240912,53046
204762,57522
227670,55632
227670,57522
203133,57522
204762,55632
203133,55632
183363,124
206418,35846
153813,54096
212571,10652
96138,36720
206811,61540
206784,61540
207144,61540
206406,61540
154113,63510
236226,63360
72645,62860
72645,49888
72645,62944
186882,54290
188853,35846
155388,36720
128901,63510
192300,32496
242556,61348
214998,60
244173,59396
244173,62274
192618,54290
203145,62944
203145,62860
203145,49888
153867,16358
244173,63418
244173,39186
209796,63360
186384,50720
228438,16358
183789,62860
183789,49888
183789,62944
206361,63510
206376,51316
153675,33534
210114,53386
164457,54864
236775,61348
223782,10808
223782,1372
62337,63360
182295,63510
163101,61540
68496,36720
128763,1372
128763,10808
61692,63540
61692,63136
62817,63540
62817,63136
208521,59396
208521,62274
206478,57414
251106,10808
251106,1372
251121,62944
251121,62860
251121,49888
188637,16358
206460,63510
206367,63510
210897,63510
206799,10808
206799,1372
198792,54290
246054,63510
207618,62944
207618,62860
207618,49888
251121,50274
154827,54864
228753,33534
77484,61540
67158,10652
194883,54864
223389,33534
209793,53046
65640,54864
211236,62860
211236,49888
211236,62944
166995,54290
153813,10652
189009,63418
189009,39186
229977,59776
206856,59776
172008,50720
181593,32496
203232,33534
72045,61540
210633,35846
210171,16358
207240,53046
216564,51316
212574,63510
203055,33534
253578,35846
253191,63510
217494,54864
65067,50720
236775,61280
165786,53046
212574,49888
212574,62944
212574,62860
198279,61540
155085,63510
190113,52620
173667,36720
207396,63510
178068,54290
208209,54290
65577,33534
182295,50274
206415,33534
210615,60
154068,61540
194883,61540
192564,50274
206418,62274
206418,59396
207396,63186
157500,33534
249297,36720
239577,53386
244479,63186
88821,54290
165750,54290
62337,61540
72045,63360
154068,53046
206673,63510
209622,63136
209622,63540
186990,36720
155106,63186
182295,33534
155052,33534
227616,63510
72930,63360
153138,63418
153138,39186
65328,59396
65328,62274
209976,16358
237057,35846
157500,124
199242,63360
205959,55632
205959,57522
251967,54864
173940,16358
183492,53160
203796,51316
203790,51316
208341,51316
153792,54864
61902,63418
61902,39186
166356,54864
241350,16358
211542,63510
210129,63510
222894,63510
228753,16358
250362,63540
250362,63136
251619,53160
212748,53160
242442,53160
225393,53160
77484,51316
204228,54290
192942,61540
155388,61540
205959,53046
244287,59394
165726,53160
207618,50274
249486,63540
249486,63136
230073,63360
250782,36720
242439,54864
203460,63360
229977,53046
153138,62274
153138,59396
163578,54864
198279,63136
198279,63540
195372,63136
195372,63540
206847,54864
207618,63418
207618,39186
188961,50720
247632,54864
220095,63510
211047,62274
211047,59396
174513,10808
174513,1372
240852,57414
222204,36720
206364,54864
203178,51316
251631,53386
222669,61540
216564,16358
247986,124
227664,51316
238536,124
173940,50720
183363,50720
183645,50720
186177,35846
207219,36720
208488,11490
224841,54864
208503,10652
242571,10652
204228,53386
167256,50720
60762,48980
202638,63360
128901,1372
128901,10808
189012,39186
189012,63418
210978,61540
183912,50720
187806,61540
231663,63186
208545,33534
251721,33534
201837,33534
207243,54864
218673,62860
218673,49888
218673,62944
204483,124
212586,63360
206439,54864
251631,54290
197802,57804
189045,36720
71301,63186
242442,63136
225393,63540
225393,63136
242442,63540
212748,63136
251619,63540
212748,63540
251619,63136
251967,63360
128763,35846
247986,35846
164064,51316
205740,124
201741,16358
62817,54864
172695,33534
244005,124
56871,124
154758,10652
207927,51316
172008,35846
192564,50720
206478,16358
231459,54096
242130,63136
242130,63540
233814,16358
183576,54290
244287,50720
206364,63360
206376,54864
204375,52620
206304,33534
157854,124
230028,63360
173940,33534
188100,54096
236226,61540
250749,33534
206928,33534
206838,33534
207129,33534
207267,33534
213114,61540
204522,49888
155043,62860
155043,62944
204522,62944
155043,49888
204522,62860
182556,63186
154032,52620
161208,16358
209154,54290
161526,54290
155106,54096
203673,33534
212526,33534
208899,53386
156063,54290
65067,124
208899,54290
190113,63360
209976,63510
157854,35846
62817,53160
154113,54096
189009,3382
165726,63540
165726,63136
154485,50720
227664,63418
227664,39186
210171,1372
210171,10808
129264,33534
207096,16358
196311,16358
153402,36720
183576,53386
172008,59394
203295,53386
201564,53386
203295,54290
201564,54290
192549,54096
212526,62860
212526,49888
212526,62944
224526,50274
253191,49888
253191,62860
253191,62944
172695,32496
165183,57414
189009,50274
166356,51316
154827,36720
207240,63360
191250,63510
88920,33534
249930,53386
61692,53160
230286,63510
191553,39186
191553,63418
210186,10808
210186,1372
167316,54290
213885,54864
154473,53386
185067,53386
61344,55632
61344,57522
223782,16358
248205,36720
164337,54864
204144,54864
71301,33534
203502,10652
203052,10652
212505,10652
205728,10652
63582,10652
158016,10652
250629,10652
205815,54864
189012,62274
189012,59396
227664,59394
153600,50274
212571,62274
212571,59396
66843,50720
206376,63360
211533,53160
65067,63418
65067,39186
238536,35846
244005,50720
236226,53160
228948,51316
207105,63510
207267,63510
206928,63510
250749,63510
206838,63510
207129,63510
204375,54864
207264,63540
207264,63136
153867,62860
153867,62944
153867,49888
226662,54864
222204,54864
61344,60
210882,62860
210882,49888
210882,62944
238032,49888
238032,62944
238032,62860
242571,35846
208503,35846
77484,53160
188961,16358
153765,39186
153765,63418
153675,49888
153675,62860
153675,62944
190113,54864
249486,53160
201741,50720
222894,62860
222894,62944
222894,49888
172695,62860
172695,49888
172695,62944
195372,61540
249795,53386
200502,53386
196455,53386
182565,63360
249486,60
187386,52620
206355,63510
206625,63510
209796,60
184674,54290
209796,51316
186177,124
187221,54864
88920,62860
88920,62944
88920,49888
244287,36720
65052,50720
204657,50274
64959,36720
210129,10652
211542,10652
189012,50720
235458,36720
71301,63510
186378,54290
213114,53160
242442,60
225393,60
212748,60
251619,60
154041,124
71301,49888
71301,62860
71301,62944
180495,49888
180495,62944
180495,62860
205332,33534
188961,63510
200502,54290
196455,54290
249795,54290
231876,10652
223104,63360
206772,16358
206964,16358
242430,63186
252405,53386
157767,36720
184710,59776
153150,39186
153150,63418
227310,53386
207240,63540
207240,63136
203259,57522
203259,55632
217380,55632
217380,57522
187386,63360
181110,10652
208536,53386
188100,63510
208536,54290
166128,60
65052,124
188100,62860
188100,49888
188100,62944
192618,53386
238032,50274
232035,53386
187806,60
202638,63136
202638,63540
248205,54864
155055,36720
206361,49888
206361,62860
206361,62944
211989,61540
203727,61540
181110,54096
165726,63360
196722,55632
203268,55632
196722,57522
203268,57522
206478,33534
217293,61540
72918,61540
187875,36720
167256,32496
165183,33534
211632,54864
233970,36720
210186,63186
198981,51316
62817,63360
209154,53386
157854,59394
207243,61540
247548,36720
206664,16358
183666,59396
183666,62274
155337,63510
153867,63510
128526,61540
234864,61280
153150,32496
206850,59776
180195,50720
232029,52620
153312,36720
206673,62860
206673,62944
206673,49888
230286,54096
209796,53160
227616,49888
227616,62860
227616,62944
183645,33534
181746,63418
181746,39186
240939,36720
153765,33534
238218,51316
226623,54290
154113,63186
237057,62944
237057,62860
237057,49888
223968,59776
206664,62860
206664,49888
206664,62944
194883,51316
226662,51316
204093,35846
206625,16358
206355,16358
209799,54864
208341,63360
203790,63360
203796,63360
206625,33534
206355,33534
252081,60
247983,54864
243546,54864
154869,39186
154869,63418
230010,61540
157500,54096
153150,62274
153150,59396
161787,50720
206664,63510
249687,36720
161787,33534
247029,54096
163578,36720
211236,39186
211236,63418
210627,36720
230073,60
228438,49888
228438,62860
228438,62944
188700,61540
223071,62860
223071,49888
223071,62944
210186,54096
244005,33534
203142,57522
203142,55632
244446,33534
247374,50274
234129,36720
211740,57414
234129,35846
244278,16358
207105,62944
207105,62860
207105,49888
172419,54864
201741,63510
209796,59776
156063,53386
244680,36720
203328,10652
183213,51316
220218,50720
208788,50274
214998,61540
229527,62274
229527,59396
242619,36720
129081,36720
96138,54096
173667,51316
175293,54290
96138,124
222759,33534
183912,11490
217494,61540
66843,62860
66843,49888
66843,62944
183492,63136
183492,63540
206427,59776
197802,3382
253578,63510
247974,53386
183912,59396
183912,62274
212775,59776
203532,10652
128901,50274
248292,36720
216981,36720
181746,59396
181746,62274
250977,54290
155052,62944
155052,62860
155052,49888
161787,63418
161787,39186
209994,39186
209994,63418
128685,16358
201741,49888
201741,62860
201741,62944
61902,50720
203178,36720
174513,16358
231876,57414
223968,54864
188331,52620
206868,54864
220728,51316
230010,52620
209793,63540
209793,63136
187650,63510
65577,63418
65577,39186
251253,10652
253578,50274
253557,53046
208545,63510
201837,63510
251721,63510
247374,50720
244278,10808
244278,1372
203532,33534
205959,63360
183363,61280
235335,61540
207147,33534
242130,63360
206364,61540
179700,49888
179700,62860
179700,62944
208872,48298
249207,33534
253683,33534
207264,53160
184605,3382
190152,51316
210846,54290
251085,54290
203889,54290
229521,54290
199860,54290
205122,54290
192771,54290
223554,54290
59703,54290
179700,124
197802,48980
226623,53386
206847,61540
248061,124
209796,63540
209796,63136
179790,124
155085,63186
198855,54864
198882,51316
242151,51316
164640,124
64365,36720
211740,1372
211740,10808
241389,54864
229977,57522
229977,55632
171702,61540
222759,124
204522,33534
210633,63510
198279,53160
154881,36720
224211,63360
211476,51316
25749,61540
244041,33534
155085,54096
60762,33534
203166,62944
207588,49888
203166,62860
203166,49888
207588,62860
61305,62860
61305,62944
61305,49888
207588,62944
197802,62274
197802,59396
72930,59776
157416,54096
211413,53386
211413,54290
175809,63360
186438,51316
229527,50720
220269,63360
246054,124
184674,53386
224526,124
153999,59776
154068,63360
229977,61540
237252,63510
209073,59776
216564,50720
207822,50720
209622,63360
216822,63360
182565,53160
232029,53046
60762,3382
185067,54290
154473,54290
204375,63360
206460,54096
206367,54096
210897,54096
223071,63510
228753,63510
236775,48298
66843,63510
179700,63186
128526,57522
128526,55632
233814,63186
194883,63540
194883,63136
72045,53160
181593,3382
212574,54096
154758,63186
199242,53160
226848,54096
208206,39186
208206,63418
242130,61540
212232,51316
205959,53160
244005,63418
244005,39186
250362,53160
25749,60
207144,63360
206811,63360
206406,63360
206784,63360
230073,53046
249081,62860
249081,62944
249081,49888
198792,36720
67158,16358
172419,51316
210876,61540
165744,61540
200964,54290
248061,63510
209622,52620
208590,10652
210897,49888
206460,62860
206460,49888
206367,62860
206367,49888
210897,62860
210897,62944
206367,62944
206460,62944
184950,48298
190152,54864
195372,53160
72108,53386
220713,53160
249207,124
232029,61540
183363,39186
183363,63418
188343,33534
207822,63186
65640,59776
160029,53386
244446,50720
232035,63136
232035,63540
213513,61540
206673,124
204795,36720
203724,36720
162984,124
166995,53046
236226,63540
236226,63136
212571,33534
222669,63360
128526,59776
212232,63360
181746,32496
209799,51316
188343,63510
174195,61280
206868,51316
153867,50274
230073,59776
228729,36720
206460,63186
206367,63186
210897,63186
194883,53160
210393,51316
234093,51316
184605,51316
223968,53160
251121,16358
204411,54864
178458,52620
159831,51316
209976,62860
209976,62944
209976,49888
223104,61540
157767,51316
210615,11490
229977,52620
186177,63186
209799,61540
153138,59394
234129,1372
234129,10808
172503,59776
172419,61540
234951,33534
235335,51316
65052,63418
65052,39186
206439,51316
62817,52620
197676,49888
197676,62944
197676,62860
166995,36720
232035,53160
88920,50274
59700,16358
184605,124
211047,50720
206304,59396
206304,62274
194601,36720
216564,124
233814,33534
203316,53386
187734,59776
154011,59776
188730,59776
172503,54864
72117,60
186384,32496
128526,63360
214998,53046
231459,63510
206304,50720
72930,54864
227616,124
211947,53386
188787,61540
208488,51316
244446,39186
244446,63418
231876,33534
242232,63540
242232,63136
206955,63540
238827,63136
206955,63136
238827,63540
238536,3382
154374,39186
154374,63418
198882,61540
242151,61540
231663,33534
153288,50720
232035,63360
244446,59396
244446,62274
203316,54290
166599,63510
65052,33534
225501,57522
225501,55632
222669,60
176577,54864
164640,63186
167256,59394
72117,54864
187650,124
231663,54096
207147,63510
231057,35846
211947,54290
161787,59396
161787,62274
205122,53386
199860,53386
251085,53386
223554,53386
229521,53386
210846,53386
192771,53386
203889,53386
59703,53386
249294,53386
238263,53386
213114,63136
213114,63540
129264,63510
210678,53386
250947,53386
206763,54096
206484,54096
206607,54096
211641,54096
230178,36720
61824,63360
188343,50274
187386,61540
200964,61540
203256,63510
231876,59394
206952,61280
208566,53386
129204,53386
246339,53386
194601,61280
246054,33534
187659,59776
206772,54096
222759,54096
206964,54096
207267,16358
207129,16358
250749,16358
206928,16358
206838,16358
183666,50720
226140,59394
164457,59776
220728,53046
175293,36720
198573,33534
187806,63136
187806,63540
192942,63360
187962,61540
184605,48980
210678,54290
248292,53046
154827,51316
188331,59776
206361,50274
252405,54290
207243,59776
187806,63360
203145,63510
181101,63540
181101,63136
246339,54290
208566,54290
129204,54290
155106,63510
181101,61540
247974,54290
192549,63186
165786,55632
165786,57522
203256,62860
203256,49888
203256,62944
154011,54864
188730,54864
187734,54864
187806,53160
212301,57522
212301,55632
243390,61540
155043,33534
226662,36720
194883,52620
154374,62274
154374,59396
157185,54864
154068,53160
244278,63510
153288,62944
153288,62860
153288,49888
187386,63136
187386,63540
244446,124
162792,59776
182556,33534
183666,32496
72930,60
155337,62860
155337,49888
155337,62944
204522,50274
228438,50720
157854,63510
160029,51316
242619,51316
129081,51316
253578,33534
217002,54290
211473,36720
181746,50720
181860,49888
181860,62944
181860,62860
244287,33534
155052,39186
155052,63418
129135,54864
198873,36720
196845,52620
216822,51316
249081,16358
252210,53386
161787,32496
186177,50274
211542,62860
210129,62944
210129,62860
211542,49888
210129,49888
211542,62944
235335,63360
227292,52620
212775,61540
244005,59396
244005,62274
204093,62944
204093,62860
204093,49888
208812,59394
208794,59394
212301,53160
208812,61348
208794,61348
222204,61540
240852,54096
207927,60
251253,63510
186882,36720
198279,63360
65577,50274
173613,36720
190152,61540
186438,53046
167256,3382
203673,50720
250653,51316
227310,51316
197286,51316
234120,53046
210186,16358
62817,59776
188787,52620
206763,124
206484,124
206607,124
211641,124
203133,54864
227670,54864
204762,54864
210978,53046
238032,1372
238032,10808
252210,54290
153792,51316
216564,61280
231057,10808
231057,1372
241350,3382
244278,62944
244278,49888
244278,62860
241263,63418
241263,39186
204657,50720
128334,53160
211965,53386
234030,53386
225012,57522
225012,55632
167256,48980
163251,54864
204483,59396
204483,62274
249294,51316
238263,51316
204657,63418
204657,39186
227664,60
226140,50720
229536,54864
211533,52620
210141,36720
211413,61540
234030,51316
211965,51316
250947,51316
206940,60
207822,50274
205740,33534
188100,33534
188100,63186
166599,49888
166599,62860
166599,62944
252480,36720
183450,32496
206361,32496
207267,49888
207129,62860
206928,49888
250749,62860
206928,62860
206928,62944
207129,49888
250749,62944
207129,62944
207267,62944
207267,62860
206838,49888
206838,62944
206838,62860
250749,49888
203796,53160
203790,53160
208341,53160
212574,124
206811,52620
206406,52620
206784,52620
207144,52620
186438,53160
203460,63136
203460,63540
207096,33534
196311,33534
216822,52620
64218,53046
192300,59394
165684,61540
183492,63360
206346,60
212448,60
212586,51316
203301,16358
246627,16358
249081,63510
128763,62860
128763,62944
128763,49888
208554,53386
208821,53386
233970,54864
154665,59396
154665,62274
251721,10652
201837,10652
208545,10652
206427,54864
206355,62944
206355,49888
206625,62944
206625,62860
206625,49888
206355,62860
206439,61540
201282,50720
227664,35846
212574,63186
208488,48298
241350,51316
153813,63186
246054,62944
246054,62860
246054,49888
211740,124
248202,57522
248202,55632
212232,53160
206772,33534
206964,33534
182565,51316
205332,59394
210114,54290
210000,36720
77484,63360
155016,59396
155016,62274
163578,51316
179700,54096
242571,50274
208503,50274
230286,62944
230286,62860
230286,49888
197802,61348
210633,124
153600,63418
153600,39186
203268,63360
208554,54290
208821,54290
209799,59776
213114,63360
210633,54096
232029,63360
244479,50720
172419,59776
181110,63186
251619,51316
212748,51316
242442,51316
225393,51316
206364,53046
253578,62944
253578,49888
253578,62860
189045,51316
228753,62860
228753,49888
228753,62944
206304,124
175809,51316
154032,59776
129264,49888
129264,62860
129264,62944
162984,33534
197286,53386
250653,53386
153138,61348
225276,36720
155043,50274
220728,61540
154770,61540
205740,63186
247986,63510
214998,59776
233814,54096
198573,59394
129081,57522
242619,57522
129081,55632
242619,55632
182556,49888
182556,62860
182556,62944
191247,61540
191250,62944
191250,49888
191250,62860
242619,63360
182565,63136
182565,63540
154032,55632
154032,57522
207243,63360
165750,61540
88821,61540
187221,59776
210615,36720
206868,61540
204093,50720
241350,48980
245976,54864
153279,124
210186,33534
199242,63136
199242,63540
206952,61348
186438,61540
206772,124
206964,124
203706,16358
164970,50720
210633,63186
248061,54096
206514,59776
206496,59776
158766,59776
206412,59776
238032,50720
165786,61540
251253,50274
207240,53160
196302,1372
196302,10808
249486,51316
187650,62944
187650,49888
187650,62860
206799,16358
208206,59394
252081,54864
247986,63186
212571,54096
217620,59396
217620,62274
212892,33534
65328,59394
154779,59776
155043,39186
204522,63418
155043,63418
204522,39186
241350,61280
224169,60
243408,55632
243408,57522
154032,53160
218673,59396
218673,62274
66879,59776
225699,36720
237057,63510
206787,1372
206787,10808
128685,62860
128685,49888
128685,62944
244041,63510
157398,54864
192942,52620
154167,61540
174195,32496
197676,63510
232035,36720
237252,49888
237252,62860
237252,62944
56871,33534
154740,36720
153999,52620
187806,54864
212586,53160
251121,54096
249207,63186
230286,63186
192549,10652
72045,63540
72045,63136
160029,61540
247632,52620
234951,39186
234951,63418
186384,59394
180195,50274
247986,54096
206439,63360
208092,63360
209094,54864
61902,59394
229977,53160
210393,48298
234093,48298
232035,51316
56871,63510
67158,33534
211533,63360
208521,33534
195372,63360
241350,124
229977,63360
244479,124
210168,50720
206763,57414
206607,57414
206484,57414
211641,57414
204657,59396
204657,62274
61908,49888
205905,62944
249579,62944
205905,62860
205905,49888
249579,49888
61908,62944
249579,62860
61908,62860
198873,51316
166437,54864
203274,55632
203274,57522
197034,55632
197034,57522
164007,53046
154803,36720
154113,50720
184509,36720
61824,53160
187386,53160
206850,61540
96138,32496
229536,53160
167652,59776
183450,124
172419,60
206361,10652
65067,33534
222759,63186
206772,63186
206964,63186
60762,61280
139272,33534
172587,59776
176643,59776
249486,61540
154041,63186
224211,53160
220713,57522
220713,55632
207147,63186
204771,63418
204771,39186
209073,61540
204411,61540
207105,33534
155388,63360
207147,62860
207147,49888
207147,62944
153600,50720
158658,63510
183492,61540
164661,53386
172008,36720
207396,50274
96138,35846
206361,33534
209799,60
154098,61540
187962,52620
228948,53160
222204,63360
208053,51316
217872,35846
194388,35846
236766,35846
248871,35846
206418,33534
208521,54096
206850,54864
167316,36720
208872,51316
173940,63510
198981,52620
164640,50720
197676,124
243390,51316
157185,59776
212526,63418
212526,39186
153084,54864
25749,54864
233814,1372
233814,10808
174513,63510
211476,52620
166437,63360
153279,33534
204771,50720
211542,54096
210129,54096
209994,49888
209994,62860
209994,62944
251967,60
203301,54096
246627,54096
213513,53160
248292,55632
248292,57522
203532,59396
203532,62274
210882,63510
214998,63360
217620,33534
157416,63510
157224,59776
242130,53160
179700,62274
179700,59396
154869,62274
154869,59396
182295,62944
182295,62860
182295,49888
182556,39186
182556,63418
224211,51316
253683,16358
157500,63186
212220,57522
176403,57522
212220,55632
176403,55632
139272,16358
201798,54864
153792,60
223104,63136
223104,63540
153765,62274
153765,59396
206415,63510
206847,63360
250362,63360
203277,63360
248013,63360
203454,63360
248250,63360
227310,61540
184710,54864
128334,63136
128334,63540
61824,51316
139272,49888
139272,62860
139272,62944
206952,63418
206952,39186
239577,54290
246054,54096
206847,52620
154032,63540
154032,63136
228729,54864
64218,61540
154770,63360
207222,63360
153756,53046
204780,63360
218673,33534
164064,60
181593,48980
188637,63510
182295,39186
182295,63418
188685,36720
139272,63186
183789,50274
164640,50274
243546,60
247983,60
221247,54864
188961,62944
188961,49888
188961,62860
157398,36720
248205,61540
165786,51316
231459,49888
231459,62944
231459,62860
206868,60
212586,63540
212586,63136
66879,53046
172695,124
206496,54864
206514,54864
206412,54864
158766,54864
213513,63360
163101,53160
201741,33534
210978,36720
155085,62860
155085,62944
155085,49888
206811,54864
206784,54864
206406,54864
207144,54864
192300,3382
154068,51316
65328,32496
181110,50720
201564,61540
203295,61540
181101,53160
25749,53160
251721,62860
251721,62944
201837,62944
208545,49888
208545,62860
208545,62944
201837,62860
251721,49888
201837,49888
184605,60
244041,62860
244041,62944
244041,49888
129081,63360
188700,63360
212574,33534
187650,54096
61902,32496
129135,61540
63582,33534
158016,33534
205728,33534
203502,33534
212505,33534
203052,33534
250629,33534
250977,36720
206787,16358
163101,55632
163101,57522
206415,63186
206856,55632
206856,57522
203706,54096
237804,61280
200964,63360
220728,57522
220728,55632
61824,63136
61824,63540
192159,55632
192159,57522
155388,51316
61692,51316
203181,50720
203871,50720
183666,3382
220269,53046
207222,53046
205959,63540
205959,63136
194601,11490
247374,39186
247374,63418
164007,36720
183645,32496
220728,63360
231909,36720
155085,50274
206673,54096
206304,39186
206304,63418
206427,51316
173940,11490
164064,54864
203532,50274
164007,57522
164007,55632
206667,59776
207396,49888
207396,62860
207396,62944
227616,54096
209622,59776
139272,63510
207096,63510
196311,63510
181593,61280
205905,63510
61908,63510
249579,63510
247632,51316
184710,61540
232614,54864
181860,50274
237804,32496
181371,32496
186438,63540
186438,63136
247986,33534
164640,54096
210186,50274
244680,57522
244680,55632
253557,57522
253557,55632
186438,55632
186438,57522
211533,59776
234156,55632
234156,57522
205959,51316
227664,3382
175293,53386
184605,61280
238218,52620
162792,51316
153813,60
228753,124
188853,16358
212571,63186
166356,60
234951,52620
187875,53046
189012,32496
153288,33534
233814,10652
96138,48980
211047,3382
171702,63360
187659,60
204228,36720
242856,63540
203700,63136
203700,63540
242856,63136
207147,54096
223968,63136
223968,63540
154758,61280
223104,53160
209976,50720
66879,61540
230178,61540
230604,63360
153756,61540
223389,32496
190152,60
238218,59776
164457,51316
198855,59776
234129,59394
248205,63360
207105,48980
249687,54290
159831,60
234129,54096
128334,61540
25749,63540
25749,63136
196302,63510
179790,63510
204795,63360
203724,63360
206673,63186
163251,53046
128901,32496
242619,53160
211533,60
197034,63360
203274,63360
196722,63360
187224,54864
208590,50274
249930,54290
221526,61540
210690,61540
227616,63186
231876,35846
153813,51316
250362,55632
250362,57522
199854,39186
199854,63418
215298,53046
230286,50720
201282,1372
201282,10808
238032,35846
235458,53046
190152,63360
154803,54864
196845,53160
214506,36720
206667,61540
209622,60
211473,54864
234129,32496
175809,53046
253191,1372
253191,10808
206787,63510
242442,61540
212748,61540
225393,61540
251619,61540
209799,63360
220095,49888
220095,62944
220095,62860
128334,53046
172419,63360
154041,63510
188961,32496
242610,54864
165786,63360
210186,10652
210168,63418
210168,39186
166128,61540
153675,59396
153675,62274
154068,55632
154068,57522
171702,52620
183450,11490
128334,52620
232068,51316
192300,48980
208209,36720
210627,54864
214998,53160
237057,124
129264,124
154041,62944
154041,62860
154041,49888
223782,63510
129081,63136
242619,63540
129081,63540
242619,63136
188787,59776
224169,63360
183363,35846
234951,32496
226140,63418
226140,39186
192549,61280
128604,54864
214998,52620
220095,63418
220095,39186
162984,63186
186438,60
225480,54864
210954,36720
203454,63136
248250,63136
248250,63540
248013,63540
203277,63540
203277,63136
203454,63540
248013,63136
251121,33534
210876,63360
165744,63360
212892,50720
237057,54096
96444,63360
227238,63360
250020,63360
211236,50274
164457,61540
224631,36720
249207,49888
249207,62944
249207,62860
248061,49888
248061,62860
248061,62944
191247,63360
197286,61540
250653,61540
60762,60
229527,60
184509,53046
194388,50720
236766,50720
248871,50720
217872,50720
153867,124
222669,53046
172008,32496
154770,53160
245976,36720
245154,54864
167256,11490
180495,39186
180495,63418
248301,51316
179700,50720
153813,50720
183366,54864
72645,50720
208788,50720
243390,63360
208521,63186
163578,61540
165750,63360
88821,63360
214998,55632
214998,57522
247632,59776
188787,54864
209796,52620
72045,51316
154740,54864
154779,52620
210129,63186
211542,63186
224211,63540
224211,63136
181860,50720
174513,62944
174513,62860
174513,49888
155016,33534
199242,51316
211524,60
210234,60
249297,61540
207243,51316
206856,63360
191553,33534
166599,10808
166599,1372
230028,60
61692,54864
190113,63136
190113,63540
245976,51316
187221,52620
206847,63540
206847,63136
188787,63540
188787,63136
166128,63360
155106,62860
155106,62944
155106,49888
233814,124
217380,54864
203259,54864
187962,63360
224931,36720
72108,54290
229536,63136
229536,63540
208206,50720
228438,32496
165183,63186
237057,63186
241350,60
247632,53160
195372,60
233814,59396
233814,62274
186177,62274
186177,59396
203673,39186
203673,63418
235335,63540
235335,63136
224841,59776
208092,63540
208092,63136
238536,51316
232029,53160
208590,35846
154827,60
166128,59776
188853,62944
188853,62860
188853,49888
128334,63360
189009,61348
188853,63510
128334,59776
196302,16358
215112,60
158658,62944
158658,62860
158658,49888
194601,50720
153048,53046
177903,54864
208536,61540
210168,50274
204780,54864
181860,63510
128685,50720
212232,52620
196722,54864
203268,54864
253506,59776
249216,59776
251493,59776
223071,124
206868,63360
188637,62860
188637,62944
188637,49888
189045,53046
172008,33534
203796,52620
203790,52620
208341,52620
240912,57522
240912,55632
222906,61540
208092,61540
247632,61540
191553,62274
191553,59396
192942,54864
189045,61540
225276,61540
204375,63540
204375,63136
229737,54864
188700,54864
64218,63360
203517,61540
154032,51316
207105,3382
210978,57522
210978,55632
154758,51316
65640,61540
197529,57522
197529,55632
197802,35846
207264,61540
198792,54864
250362,54864
206448,59776
188961,11490
173667,60
156225,63510
206625,124
206355,124
56871,50274
154098,63360
203142,54864
242556,53386
190113,53160
203328,50274
210633,59394
211542,16358
210129,16358
236226,51316
194883,60
203301,63186
246627,63186
184104,36720
128763,16358
244041,124
157500,32496
231876,48980
244278,33534
247260,54864
206478,63186
155055,63360
183492,51316
211413,63360
65067,32496
251253,62944
251253,49888
251253,62860
248292,61540
203724,63136
204795,63540
204795,63136
203724,63540
175809,59776
154041,54096
253098,48298
165126,48298
172503,61540
188730,61540
154011,61540
187734,61540
188685,53046
206433,59776
206349,59776
203700,52620
242856,52620
222906,51316
235335,53160
209793,63360
64218,57522
64218,55632
242430,50274
155388,53046
249081,50720
207147,124
60762,51316
234951,59776
154485,32496
210615,57804
244479,32496
241263,50274
61344,53046
166437,53160
223968,61540
153999,54864
232029,51316
154758,60
153813,16358
211047,32496
210615,61348
154485,59394
235458,61540
223968,63360
65640,52620
165684,54864
165744,54864
210876,54864
231057,33534
208053,52620
209793,61540
234129,124
205332,32496
253506,61540
251493,61540
249216,61540
128538,54864
154068,63136
154068,63540
183912,63418
183912,39186
166437,61540
204411,51316
207588,39186
61305,39186
207588,63418
61305,63418
244278,50720
222894,124
216981,54864
181110,16358
164064,63360
203724,53160
204795,53160
227664,33534
246618,61540
242412,61540
222906,59776
181101,54864
172008,39186
172008,63418
154374,50720
211632,59776
232068,60
227664,48980
129081,53160
172419,53160
157854,10808
157854,1372
210627,61540
198873,60
211047,48980
206448,61540
200964,36720
154167,53046
153288,63510
210978,63360
242619,54864
129081,54864
198981,60
206439,60
212442,60
207264,54864
72045,54864
199242,54864
238536,63418
238536,39186
224931,53046
212586,59776
244287,60
206376,60
250434,51316
212586,60
236775,36720
203706,63186
206667,53160
188331,61540
210615,50720
61692,36720
207105,59394
175809,55632
175809,57522
154098,53160
173667,57522
173667,55632
128334,55632
128334,57522
188343,62944
188343,62860
188343,49888
66843,35846
234129,50720
227292,51316
211632,63360
238536,61280
209073,63360
207927,61540
159831,61540
248292,63360
188637,33534
64365,54864
164970,63186
172419,52620
249207,63510
231663,63510
203166,39186
203166,63418
206433,61540
206349,61540
229977,51316
204375,53160
211632,53160
242439,53046
249207,54096
64218,59776
231876,49888
231876,62860
231876,62944
210633,32496
244287,63418
244287,39186
192942,63136
192942,63540
180195,63418
180195,39186
154827,61540
162984,62944
162984,49888
162984,62860
187875,57522
187875,55632
232404,59776
206418,32496
242430,50720
206415,62860
206415,62944
206415,49888
198855,52620
162792,61540
157416,49888
157416,62860
157416,62944
244158,54864
165726,59776
155106,50274
128685,63510
212586,53046
184104,63360
198882,36720
242151,36720
194883,63360
248013,57522
248250,57522
203454,55632
248013,55632
203277,55632
203454,57522
248250,55632
203277,57522
212892,39186
212892,63418
251253,33534
207243,53160
212775,63360
224169,61540
154758,50720
72561,61540
206784,53160
207144,53160
206406,53160
206811,53160
237057,59394
207588,50720
203166,50720
61305,50720
206412,61540
206514,61540
206496,61540
158766,61540
252696,61540
192549,51316
253578,16358
188787,53160
154032,61540
235458,63360
205815,53046
162984,63510
237252,50274
65067,62274
65067,59396
181101,63360
206811,51316
206784,51316
206406,51316
207144,51316
234156,53046
154770,59776
203511,54864
187650,63186
206952,11490
237057,32496
155085,33534
211812,54864
223728,48298
206952,59776
206427,61540
223968,53046
96138,59396
96138,62274
194883,59776
238536,33534
229977,63540
229977,63136
153600,62274
153600,59396
196311,62944
207096,49888
207096,62860
196311,49888
196311,62860
207096,62944
65640,51316
173940,49888
173940,62944
173940,62860
253578,50720
223389,3382
223968,51316
234129,3382
183789,39186
183789,63418
178458,59776
165183,124
175809,53160
201741,32496
68676,54864
206811,63136
206406,63540
207144,63540
206784,63136
207144,63136
206406,63136
206784,63540
206811,63540
196311,63186
207096,63186
65052,59396
65052,62274
72645,39186
72645,63418
209094,61540
245631,50720
72900,61540
154881,54864
164007,63360
183666,48980
128901,35846
239577,36720
192942,51316
153756,36720
250275,59776
206988,59776
231057,54096
157185,51316
155388,53160
211476,60
249930,36720
153765,50720
248061,63186
197802,61280
220632,63510
204483,63418
204483,39186
179790,54096
232404,61540
204411,59776
181746,3382
217494,63360
196845,63136
196845,63540
207927,53046
238263,63360
249294,63360
212301,53046
96444,55632
96444,57522
250020,55632
250020,57522
241824,59776
207396,39186
207396,63418
155016,50720
203295,63360
201564,63360
191247,54864
176577,59776
216564,39186
216564,63418
173667,61540
251121,63186
248292,51316
207105,36720
173613,54864
164457,52620
77484,54864
211947,61540
191250,50274
231057,59394
207330,63540
207330,63136
208092,53160
69060,63510
247029,63510
177903,53046
220095,50720
231876,63510
206346,55632
206346,57522
244680,61540
66843,32496
155052,50274
59700,62860
59700,49888
161208,49888
59700,62944
161208,62860
161208,62944
153813,61280
240912,36720
234156,59776
229536,51316
243408,63360
206799,63510
223104,54864
208341,59776
203790,59776
203796,59776
216822,59776
223071,50720
184104,61540
198279,59776
212775,51316
210978,51316
246054,63186
234156,61540
203181,39186
203181,63418
203871,63418
203871,39186
214998,63540
214998,63136
166356,61540
199854,50720
175293,51316
187650,50274
192564,33534
204093,16358
219231,53386
208758,53386
208488,61540
154758,16358
223782,62944
223782,62860
223782,49888
66843,33534
224169,54864
229737,61540
213513,63540
213513,63136
157398,63360
191250,39186
191250,63418
154476,54864
173667,63360
192942,53160
210186,124
176577,52620
206928,124
207267,124
250749,124
206838,124
207129,124
251625,50720
228753,50720
206988,61540
250275,61540
203232,63510
225480,63360
246054,32496
226848,63510
223104,59776
243390,60
187659,54864
228438,33534
207396,50720
153675,39186
153675,63418
183645,59394
154770,54864
211632,61540
248061,50720
245631,33534
206427,63360
154770,63540
154770,63136
206667,63136
206667,63540
190113,51316
248205,53160
166356,63360
223104,51316
201798,57522
201798,55632
157185,52620
245631,62274
245631,59396
165684,63360
183912,32496
167652,52620
244479,39186
244479,63418
207105,16358
172008,60
154041,50720
197034,54864
203274,54864
234129,16358
164970,50274
192564,63418
192564,39186
88920,39186
88920,63418
189045,60
198279,51316
61908,50720
205905,50720
249579,50720
153756,55632
153756,57522
214506,61540
157854,63186
164064,61540
229527,59394
198573,32496
191226,54864
231876,3382
217620,50720
157767,61540
204093,63510
210633,33534
247632,60
242151,63360
198882,63360
161208,33534
25749,52620
216564,59776
206346,53046
234129,48980
155388,57522
155388,55632
200964,53386
171702,51316
181110,51316
219231,51316
208758,51316
251631,61540
251106,62860
251106,49888
251106,62944
155055,61540
227238,55632
227238,57522
253098,36720
165126,36720
179700,32496
153675,3382
153999,53160
209793,57522
209793,55632
204483,50720
179700,39186
179700,63418
230604,54864
164970,3382
209994,50274
228948,61540
207618,62274
207618,59396
164007,61540
227310,36720
234093,63360
210393,63360
61692,63360
230073,57522
230073,55632
211965,61540
234030,61540
213114,51316
203268,63136
203268,63540
224841,61540
212775,52620
207330,36720
203700,53160
242856,53160
25749,53046
211632,53046
188637,124
238827,51316
206955,51316
242232,51316
204243,36720
252696,51316
244173,32496
155388,63136
155388,63540
207243,53046
226140,33534
184605,35846
243408,36720
237057,33534
230178,63360
175809,60
158658,124
153999,63360
234156,63360
154032,53046
181110,60
187875,61540
227292,53160
207105,124
153867,54096
210678,61540
223728,36720
251121,59396
251121,62274
65577,50720
181746,48980
206361,59396
206361,62274
166437,51316
220218,32496
249513,51316
61824,59776
212232,63136
212232,63540
250947,61540
205740,54096
191250,50720
207243,60
128763,63510
216564,52620
186990,61540
167652,61540
231057,32496
238218,54864
237057,50720
206664,63186
186384,3382
209976,124
224211,54864
203301,59396
246627,59396
246627,62274
203301,62274
212283,61540
67158,50720
189009,59394
208536,63360
212430,54864
186378,61540
248061,33534
153279,54096
206667,63360
153867,50720
206667,52620
212232,55632
212232,57522
197802,32496
234129,63186
212232,59776
211236,50720
156225,50274
214506,63360
188961,124
186384,48980
206856,52620
224211,60
162792,52620
235335,53046
207096,124
196311,124
187734,63360
154011,63360
188730,63360
235335,59776
212301,51316
249513,61540
253866,48980
242856,63360
196845,63360
203700,63360
229737,36720
192159,63360
224631,61540
222906,52620
65640,63360
220713,53046
227292,63540
227292,63136
203328,33534
25743,61540
217494,55632
217494,57522
188685,57522
188685,55632
153813,124
66879,63360
197676,50720
225276,54864
203517,54864
231459,50274
244278,32496
25749,63360
172503,51316
154098,51316
153288,124
207330,63360
196302,62860
196302,62944
196302,49888
164640,32496
203073,54864
203082,54864
238611,54864
64218,51316
232068,61540
157224,61540
230010,53160
175809,63540
175809,63136
220713,63136
220713,63540
187221,53046
192159,54864
163101,63540
163101,63136
187650,50720
209073,52620
222906,60
206856,53046
189045,57522
189045,55632
153279,63510
206799,124
154167,63360
209799,53160
206448,53160
187659,63136
187659,63540
247956,36720
72108,36720
247029,62944
247029,62860
247029,49888
160029,36720
223071,50274
172419,63136
172419,63540
206799,49888
206799,62860
206799,62944
157854,54096
243390,53046
206955,57522
206955,55632
242232,55632
238827,55632
238827,57522
242232,57522
159831,53046
212775,55632
212775,57522
231909,54864
157398,61540
189009,59396
189009,62274
163101,53046
192549,50720
172503,63360
187650,33534
206787,62944
206787,49888
206787,62860
210000,54864
212301,63540
212301,63136
236226,54864
179790,63186
182292,36720
67158,49888
67158,62944
67158,62860
155337,50274
203706,59396
203706,62274
247956,61540
203133,63360
204762,63360
227670,63360
198573,3382
178068,36720
209094,59776
206664,50720
199854,59394
61824,52620
173940,32496
155337,50720
204522,62274
204522,59396
211632,52620
249297,63360
242439,57522
242439,55632
206349,53160
206433,53160
247956,55632
247956,57522
196455,61540
200502,61540
249795,61540
209799,52620
177903,36720
208053,61540
167652,51316
206415,54096
192549,60
186990,54864
203301,50274
246627,50274
206418,59394
250020,54864
96444,54864
206664,124
208053,60
128334,51316
203673,59396
203673,62274
184950,36720
166437,63136
166437,63540
210897,50720
206460,50720
206367,50720
235335,60
56871,39186
56871,63418
196845,59776
188685,61540
206952,50720
233814,48980
204795,51316
203724,51316
238293,53046
207243,52620
204657,32496
248013,54864
203454,54864
203277,54864
248250,54864
207105,1372
207105,10808
210633,50720
197802,33534
174513,50720
224526,33534
208872,61540
186438,63360
188787,63360
204771,50274
72918,53046
217293,53046
154869,50720
184950,61540
60864,61540
251106,35846
207618,32496
210171,33534
206856,61540
203460,59776
249687,54864
207096,54096
139272,54096
196311,54096
222669,57522
222669,55632
187221,51316
238263,36720
249294,36720
224526,62274
224526,59396
189045,63360
153279,63186
72900,51316
165786,60
184509,60
238032,32496
241824,61540
208053,53160
191226,53046
129135,63360
66879,57522
66879,55632
210114,36720
71301,50720
183492,54864
204411,63360
165750,54864
88821,54864
212526,50274
245976,53160
209094,51316
179790,50720
181860,35846
162792,63360
188685,63360
154803,51316
188853,50720
213114,57522
213114,55632
186177,50720
208053,63540
208053,63136
197286,36720
250653,36720
225012,63360
182565,60
225699,61540
212574,50274
245976,61540
240939,54290
184104,55632
184104,57522
65577,59396
65577,62274
192300,11490
217494,36720
162792,57522
162792,55632
64959,63360
243390,59776
229473,62944
229473,49888
229473,62860
228438,124
241350,35846
203328,54096
188343,59396
188343,62274
129135,59776
225480,36720
213102,52620
211047,59394
210840,59776
235932,59776
175293,61540
203706,50274
163578,60
203259,53046
217380,53046
252405,61540
155055,53160
210690,63360
221526,63360
207219,59776
166002,48980
225012,61540
157767,63540
157767,63136
244287,32496
242571,62274
242571,59396
208503,59396
208503,62274
209976,32496
198279,52620
215112,55632
215112,57522
155388,60
157767,53160
249216,53160
251493,53160
253506,53160
212574,50720
247632,53046
154032,63360
207243,63540
207243,63136
155388,59776
165786,53160
174513,33534
235458,57522
235458,55632
251493,63360
253506,63360
249216,63360
247956,63360
206427,60
184509,54864
238536,36720
253866,50274
206928,50720
206838,50720
250749,50720
207267,50720
207129,50720
155055,63540
155055,63136
178458,53160
243390,55632
243390,57522
229977,60
154665,50720
183213,60
156225,50720
215298,57522
215298,55632
248796,52620
208053,59776
245976,63136
245976,63540
219231,61540
208758,61540
231057,3382
198855,51316
183363,3382
187806,53046
128685,33534
208350,63510
215112,53046
244005,32496
155043,62274
155043,59396
59703,63360
205122,63360
251085,63360
210846,63360
229521,63360
199860,63360
223554,63360
203889,63360
192771,63360
227238,54864
204093,33534
64218,63540
64218,63136
192549,16358
225480,55632
225480,57522
250020,63136
227238,63136
227238,63540
96444,63540
96444,63136
250020,63540
248796,59776
222906,63360
227670,53046
204762,53046
203133,53046
183450,54096
176643,61540
172587,61540
188637,50720
231663,62944
231663,49888
231663,62860
206448,63360
245976,63360
88920,59396
88920,62274
212571,16358
212283,36720
164640,63510
68496,59776
157854,48980
244446,32496
153792,61540
240912,61540
243408,53160
251253,62274
251253,59396
227292,59776
229737,53046
153756,63360
238032,59396
238032,62274
247374,32496
177474,54864
223389,59394
206478,63510
56871,62860
56871,62944
56871,49888
154068,60
203274,63540
196722,63540
203274,63136
196722,63136
197034,63136
197034,63540
241824,63360
223782,124
205815,59776
77484,60
188343,39186
188343,63418
181110,61280
202638,59776
162984,54096
206787,124
183789,50720
208590,59396
208590,62274
173940,124
252405,36720
224931,54864
242439,61540
210840,61540
235932,61540
223554,55632
210846,55632
205122,57522
203889,55632
229521,55632
199860,57522
59703,55632
205122,55632
229521,57522
199860,55632
192771,57522
59703,57522
192771,55632
203889,57522
251085,55632
251085,57522
210846,57522
223554,57522
195723,61540
250782,61540
206349,63360
206433,63360
226140,32496
229527,39186
229527,63418
128763,50720
184605,39186
184605,63418
25743,51316
238536,32496
248292,53160
203517,36720
158658,50720
210171,62860
210171,49888
210171,62944
206304,32496
242571,33534
208503,33534
187962,53160
154770,52620
242856,59776
203700,59776
161526,36720
69060,62944
69060,62860
69060,49888
210954,53046
234129,33534
184698,54864
244680,63540
244680,63136
129264,63186
156225,49888
156225,62944
156225,62860
154803,60
206667,57522
206667,55632
177474,52620
252480,54864
228753,54096
197676,63186
222204,53160
188100,50720
182292,54864
186177,63418
186177,39186
129081,53046
242619,53046
224631,54864
207618,50720
207822,39186
207822,63418
166995,57522
166995,55632
68496,53046
177474,53160
226662,63360
212442,55632
212442,57522
217002,36720
129264,50720
207330,53160
207264,63360
158658,32496
172419,53046
206850,63360
208554,61540
208821,61540
227310,63360
238536,60
205815,61540
249081,33534
154473,36720
185067,36720
206415,124
165786,63540
165786,63136
184710,52620
186378,63360
154881,61540
167652,57522
167652,55632
159831,63360
207927,63360
184950,54290
157854,33534
232404,53160
212283,54864
203460,61540
203142,53046
155106,50720
183666,59394
209994,32496
187962,51316
207330,54864
199242,60
222204,51316
201741,124
167316,54864
203511,57522
203511,55632
164457,63360
244680,63360
207330,61540
247956,51316
65577,60
225276,63360
223389,57804
251106,50720
61692,57522
61692,55632
68496,51316
247548,61540
252696,60
154032,60
203511,36720
153765,59394
157500,59396
157500,62274
203178,63360
208092,59776
220095,59396
220095,62274
242619,52620
184698,36720
205959,60
223782,50720
192618,54864
153048,55632
153048,57522
204144,51316
164337,51316
180495,50274
211632,63136
211632,63540
230178,51316
208521,16358
208341,61540
203796,61540
203790,61540
164661,63540
164661,63136
232404,63360
129264,54096
204780,63540
204780,63136
96138,33534
248205,63540
248205,63136
64959,53160
206448,52620
65640,53160
153084,61540
204780,53160
229527,32496
65052,32496
250782,63360
248292,63136
248292,63540
247548,54864
154779,61540
206478,54096
211812,51316
206799,50274
174513,124
166437,59776
210000,51316
247632,63360
242430,32496
175293,60
222204,63136
222204,63540
219522,55632
219522,57522
248550,57522
248550,55632
226662,61540
220269,57522
220269,55632
197529,54864
250749,54096
207129,54096
206928,54096
206838,54096
207267,54096
204780,36720
244680,53160
211413,36720
178458,61540
252177,36720
217620,32496
64959,51316
212442,53046
203460,53160
154740,60
164970,32496
167652,63360
206850,51316
153792,63360
157185,61540
252696,54864
243408,63540
243408,63136
181110,124
191553,50720
249795,54864
200502,54864
196455,54864
153867,63186
72900,48298
206349,52620
206433,52620
172695,50274
153084,53160
218673,16358
250275,53160
206988,53160
205332,60
216564,3382
244041,63186
164970,63418
164970,39186
163251,57522
163251,55632
252177,63360
208812,51316
208794,51316
128685,32496
63582,54096
212505,54096
203502,54096
205728,54096
250629,54096
158016,54096
203052,54096
153867,33534
225012,51316
186378,54864
212232,54864
231057,124
128604,51316
244158,59776
154758,63418
154758,39186
207927,55632
207927,57522
159831,57522
159831,55632
242412,63360
246618,63360
253191,35846
155337,39186
155337,63418
207822,32496
208788,62274
208788,59396
157767,63360
207105,54096
154167,59776
60864,63360
244173,59394
77484,59776
69060,50720
172008,3382
165786,59776
252177,54864
209994,50720
179790,49888
179790,62944
179790,62860
246054,50274
186378,36720
171702,63136
171702,63540
250275,63360
206988,63360
241263,50720
210978,53160
188331,63360
207219,51316
154098,63540
154098,63136
209073,53160
231909,63360
206952,57804
212430,51316
188700,51316
157224,63360
203502,63186
250629,63186
212505,63186
158016,63186
63582,63186
203052,63186
205728,63186
206448,63540
206448,63136
233970,59776
155085,63418
155085,39186
233814,3382
250782,54864
237252,50720
153675,48980
208545,54096
251721,54096
201837,54096
153756,51316
209799,63540
209799,63136
225480,63136
225480,63540
157854,3382
203511,63360
155085,50720
208206,32496
181101,59776
183672,36720
247548,63360
153999,61540
205815,63360
206664,54096
206625,54096
206355,54096
229473,33534
25743,63360
187659,53160
156063,36720
208350,48980
210633,48980
232029,60
241263,59396
241263,62274
241389,51316
165726,52620
164337,61540
204144,61540
202638,61540
204522,50720
203328,62274
203328,59396
153402,54864
207219,61540
203517,63360
165684,63136
165684,63540
238032,33534
253866,3382
248292,60
205815,53160
224841,63360
208488,36720
251121,124
206940,53046
225012,36720
129204,61540
246339,61540
208566,61540
182556,50720
206418,48980
206850,52620
153150,59394
224841,52620
206349,63136
206349,63540
206433,63136
206433,63540
153048,59776
210186,57414
153279,50720
157185,63360
66879,52620
228753,32496
203256,50720
225699,63360
234864,36720
244041,54096
221247,55632
221247,57522
153999,63540
153999,63136
198855,53046
203328,63186
153084,59776
233970,61540
212526,50720
198873,61540
234951,57804
207267,63186
206838,63186
206928,63186
250749,63186
207129,63186
223782,32496
196302,124
237057,48980
249297,54864
172503,52620
232068,63540
232068,63136
210141,54864
194601,57804
249081,32496
60762,32496
188331,54864
212586,55632
212586,57522
214506,63540
214506,63136
216822,61540
236226,60
154374,59394
242430,39186
242430,63418
206448,55632
206448,57522
238293,55632
238293,57522
238218,61540
154113,50274
161208,50720
59700,50720
222750,36720
160029,63360
172695,63186
192564,51316
204780,57522
204780,55632
203511,51316
154476,63360
224631,51316
203829,54864
231057,48980
183492,60
249216,52620
253506,52620
251493,52620
247029,50274
247029,50720
212448,53046
214506,53160
187962,63540
187962,63136
242556,54290
212448,57522
212448,55632
155055,57522
155055,55632
247374,3382
202638,53160
199854,3382
60864,54864
203502,16358
205728,16358
212505,16358
203052,16358
158016,16358
250629,16358
63582,16358
206355,63186
206625,63186
214506,54864
216981,61540
203232,62860
203232,49888
203232,62944
231459,50720
212775,53160
238032,54096
187221,61540
250977,61540
182556,62274
182556,59396
209073,57522
209073,55632
155055,51316
203295,36720
201564,36720
162603,54864
206667,51316
251625,10808
251625,1372
153813,3382
181860,32496
153048,52620
183363,36720
64218,60
154476,36720
172587,63360
176643,63360
203454,51316
248013,51316
203277,51316
248250,51316
88920,50720
205815,52620
186990,63360
64218,53160
250653,63360
197286,63360
182295,50720
206433,57522
206349,55632
206433,55632
206349,57522
186384,11490
68496,61540
25743,54864
208545,63186
201837,63186
251721,63186
161208,63510
59700,63510
212232,61540
223071,32496
205728,50274
212505,50274
203052,50274
63582,50274
158016,50274
250629,50274
203502,50274
96138,3382
231876,36720
60864,36720
198873,63540
198873,63136
252177,51316
206361,10808
206361,1372
224931,61540
183363,48980
244287,3382
211524,53046
249486,63360
188685,63540
188685,63136
220713,51316
206355,50720
206625,50720
203055,63510
211947,63360
154758,3382
153048,61540
223071,63186
167652,53160
183912,59394
216564,35846
244158,61540
153312,54864
163251,61540
154827,63360
187659,53046
154740,51316
210393,36720
234093,36720
163578,63360
206847,51316
245154,59776
188700,63136
188700,63540
210978,63136
210978,63540
186177,33534
153084,63360
217494,53046
249216,63540
253506,63136
251493,63136
253506,63540
251493,63540
249216,63136
197676,54096
157416,50274
251106,63510
251493,55632
253506,57522
249216,57522
206988,57522
250275,57522
250275,55632
251493,57522
249216,55632
253506,55632
206988,55632
224169,63136
224169,63540
205815,57522
205815,55632
248796,61540
129081,52620
242619,59776
213114,53046
248796,53160
183576,54864
162792,60
164064,59776
210234,53046
211740,50274
204144,59776
164337,59776
233814,57414
229737,51316
188700,53160
128901,11490
199854,48980
226623,61540
165744,51316
210876,51316
211740,49888
211740,62944
211740,62860
203178,53160
181110,3382
216981,53046
153150,48980
212892,50274
153048,51316
153402,61540
198873,53046
209094,63360
241350,63418
241350,39186
248061,50274
188100,50274
238263,61540
249294,61540
154758,124
166599,35846
155052,50720
68676,61540
208545,16358
251721,16358
201837,16358
209073,53046
166002,3382
128901,62274
128901,59396
203301,124
246627,124
206478,124
154779,63360
157500,59394
233814,59394
230286,32496
229737,55632
229737,57522
231876,124
205740,63510
204522,32496
198981,59776
246054,39186
246054,63418
183450,39186
183450,63418
128604,59776
154113,32496
209094,60
208350,49888
208350,62860
208350,62944
229536,60
225480,53160
72045,60
183450,50274
250434,54864
210882,50720
232404,52620
203268,51316
182292,61540
64959,63136
64959,63540
221247,53046
65640,63540
65640,63136
164661,53160
206304,11490
244446,11490
230604,36720
244158,63360
208053,55632
208053,57522
240912,63360
231057,16358
208488,63360
223071,54096
197529,63360
204483,59394
186177,32496
208536,63540
208536,63136
231876,16358
203145,50720
250362,36720
203673,48980
212775,63136
212775,63540
183672,54864
180195,32496
224526,50720
171702,53160
251631,63360
139272,124
210627,63360
164640,59396
164640,62274
229473,50720
244041,50720
244287,48980
207396,32496
153084,53046
165726,54864
187734,51316
188730,51316
154011,51316
158658,33534
204411,60
230286,50274
179853,63540
179853,63136
233970,63360
163101,51316
251631,54864
69060,48980
96138,51316
206847,53160
195723,51316
184104,53160
128604,52620
205812,54864
165183,54096
212775,53046
212748,54864
225393,54864
242442,54864
251619,54864
244173,3382
230604,63136
230604,63540
209799,53046
198873,53160
229527,36720
153675,50720
220218,61280
153756,53160
188700,36720
219231,63360
208758,63360
153150,3382
155052,32496
61824,61540
203460,54864
250947,63360
213102,51316
153138,61280
224931,63360
153792,59776
230010,63540
230010,63136
230604,53160
203256,48980
207222,55632
207222,57522
210954,51316
206478,49888
206478,62944
206478,62860
207264,53046
209976,33534
155043,50720
224169,53160
154779,63136
154779,63540
209073,51316
177474,59776
60864,63136
60864,63540
211542,59396
210129,62274
210129,59396
211542,62274
203706,124
155052,59396
155052,62274
191247,53046
180495,50720
187659,61540
222894,63186
209976,50274
225699,63136
225699,63540
208536,53160
242430,59396
242430,62274
232404,63540
232404,63136
213513,57522
213513,55632
224169,59776
252405,63360
245154,51316
153402,63360
203796,57522
203796,55632
208341,55632
208341,57522
153600,32496
206988,52620
250275,52620
206952,52620
235458,53160
167652,63136
167652,63540
128604,61540
154098,60
154167,51316
162792,53160
234030,36720
211965,36720
225699,54864
128604,60
247986,62860
247986,49888
247986,62944
230604,51316
209094,52620
211740,63510
206667,53046
154665,33534
173940,50274
191247,63136
191247,63540
216822,54864
230178,60
154803,53046
186990,53046
212430,59776
246804,61540
209880,61540
154551,61540
234156,51316
194883,55632
194883,57522
178068,63360
206856,53160
207330,51316
251493,51316
249216,51316
253506,51316
191247,36720
247548,53046
203328,16358
198855,61540
223389,60
154476,53046
88821,36720
165750,36720
206448,53046
72900,36720
165744,63136
165744,63540
210876,63136
210876,63540
67158,63510
59700,33534
71301,50274
209094,53046
184605,32496
154881,51316
231909,61540
211533,54864
250947,36720
194601,61348
247374,59396
247374,62274
207618,3382
210954,60
226140,61280
248796,51316
182295,62274
182295,59396
208350,50720
77484,52620
207243,55632
207243,57522
166128,54864
223389,61280
248796,63136
248796,63540
252210,61540
206673,50720
165744,53160
210876,53160
244278,124
219231,63136
208758,63540
208758,63136
219231,63540
196311,50274
207096,50274
210615,54290
25743,60
232068,53160
211473,53046
65640,57522
65640,55632
177474,63136
177474,63540
195723,63360
240939,48298
183666,11490
25749,59776
207240,51316
164457,53046
72930,53046
191247,51316
203178,63136
203178,63540
154758,48980
231876,1372
231876,10808
192564,62274
192564,59396
184710,63360
203517,53046
244287,61280
64959,61540
154869,32496
250362,53046
216822,57522
216822,55632
220728,60
206349,53046
206433,53046
191247,53160
177474,51316
154827,53046
155016,32496
188685,53160
250275,63540
250275,63136
206988,63540
206988,63136
153084,63136
153084,63540
210171,50720
202638,54864
198855,63360
197676,32496
154167,53160
243390,53160
244971,54864
153312,61540
245154,52620
182292,53046
188853,50274
203316,61540
206850,63540
206850,63136
227664,36720
235335,57522
235335,55632
188331,53160
232404,51316
176577,51316
206940,57522
206940,55632
206988,51316
250275,51316
224841,53160
203796,54864
208341,54864
206448,51316
206349,51316
206433,51316
184950,51316
164457,60
208788,35846
253683,50720
211812,59776
217872,50274
248871,50274
194388,50274
236766,50274
207396,59396
207396,62274
210615,48298
208872,54290
240912,63136
240912,63540
252696,63360
153792,53046
174195,11490
235458,51316
222759,3382
231663,50720
186378,63136
186378,63540
181110,48980
227292,61540
226140,60
186378,51316
210171,63510
154167,57522
154167,55632
178458,63540
178458,63136
186882,54864
173940,54096
25743,59776
205812,59776
235932,63360
210840,63360
242412,51316
246618,51316
245154,61540
183363,32496
154560,54864
237804,60
249795,63360
196455,63360
200502,63360
206787,54096
213114,60
211947,51316
216981,63360
237804,3382
206955,53046
238827,53046
242232,53046
211236,62274
211236,59396
250977,63360
250782,53046
222906,63540
222906,63136
72645,3382
129081,59776
250275,53046
249216,53046
253506,53046
206988,53046
251493,53046
203727,53046
230604,53046
72900,54290
210000,60
224526,60
210846,54864
229521,54864
203889,54864
223554,54864
59703,54864
251085,54864
199860,54864
192771,54864
205122,54864
234864,57804
203829,51316
162792,63540
162792,63136
250362,51316
203142,63360
203673,50274
237804,48980
166995,63360
203790,55632
203790,57522
154881,63360
231057,63186
65640,60
209799,57522
209799,55632
181746,59394
203460,57522
203460,55632
162792,53046
216564,48980
217872,33534
248871,33534
236766,33534
194388,33534
203055,62860
203055,49888
203055,62944
210954,54864
228753,50274
191250,62274
191250,59396
229536,53046
208872,36720
165744,36720
210876,36720
167652,60
245631,60
164064,63540
164064,63136
203829,36720
210690,51316
221526,51316
210129,50274
211542,50274
166437,60
191226,36720
198882,53160
242151,53160
220713,60
177903,61540
250782,53160
164457,53160
184509,51316
230178,57522
230178,55632
197034,53046
196722,53046
203274,53046
203268,53046
172587,55632
172587,57522
176643,55632
176643,57522
179790,50274
157185,60
157398,53160
213885,57522
213885,55632
206376,53046
191553,32496
209073,63136
209073,63540
206847,60
178068,61540
183789,59396
183789,62274
206418,1372
206418,10808
187875,63360
153402,53046
174195,3382
172419,57522
172419,55632
178458,63360
184104,51316
205332,61280
157224,51316
183450,63186
222906,53160
232614,53046
183213,53046
247956,60
162984,32496
165750,63136
165750,63540
88821,63540
88821,63136
223782,33534
164640,48980
206799,54096
230028,53046
188700,57522
188700,55632
203871,3382
203181,3382
60762,63418
60762,39186
229473,124
66879,53160
187875,51316
158766,52620
206412,52620
206514,52620
206496,52620
252696,53046
154560,61540
210954,61540
207105,32496
187650,39186
187650,63418
212775,60
162603,59776
204411,53160
226140,3382
172008,61280
210978,59776
153312,63360
198792,63360
60762,57804
220632,49888
220632,62944
220632,62860
251625,32496
153279,49888
153279,62860
153279,62944
208872,63360
210186,63510
203178,52620
206772,63418
206772,39186
206964,63418
206964,39186
172503,60
173940,63186
249207,50720
235932,53160
210840,53160
166002,63418
166002,39186
163578,59776
167652,53046
204657,59394
68676,60
242412,54864
221526,54864
210690,54864
246618,54864
180195,3382
186987,54864
188343,50720
157854,50720
250020,51316
96444,51316
227238,51316
203790,54864
210627,59776
228753,39186
228753,63418
128763,33534
188100,63418
188100,39186
232068,52620
187221,60
178068,54864
230010,60
88821,53160
165750,53160
184104,53046
248550,54864
219522,54864
192549,3382
212586,52620
64959,59776
204780,53046
206772,3382
206964,3382
208758,53160
219231,53160
247548,53160
225699,53160
244173,60
202638,55632
202638,57522
198573,48980
224631,53046
172695,54096
198855,53160
68676,51316
243546,53046
247983,53046
196722,51316
203274,51316
197034,51316
238032,124
209094,53160
208821,54864
208554,54864
232614,51316
204375,51316
154374,32496
178458,51316
157767,52620
60864,51316
174195,48980
182292,63136
182292,63540
155106,63418
155106,39186
154770,53046
203727,54864
165744,57522
165744,55632
165684,57522
210876,57522
210876,55632
165684,55632
188961,54096
166002,50274
240939,63360
164661,52620
157224,57522
157224,55632
210186,59396
210186,62274
242439,36720
154869,59394
211047,11490
211476,59776
166995,61540
162984,50720
248205,53046
153600,3382
60762,52620
154167,63136
154167,63540
176577,53046
226848,48980
210171,124
227292,60
217494,53160
208536,36720
207147,50274
204243,53046
165183,62944
165183,49888
165183,62860
179853,52620
164064,53160
232404,55632
232404,57522
245631,32496
243546,57522
247983,55632
243546,55632
247983,57522
222894,54096
203166,50274
207588,50274
61305,50274
205812,61540
156063,53046
210393,54290
234093,54290
206784,60
206406,60
207144,60
206811,60
157416,50720
181371,59394
249513,36720
211524,55632
211524,57522
235932,53046
210840,53046
153675,59394
157767,59776
64959,52620
209994,59396
209994,62274
247974,61540
71301,39186
71301,63418
72561,54864
175293,63136
175293,63540
211965,63360
234030,63360
161787,59394
187221,63360
65328,48980
192549,124
206418,57804
229473,63510
192618,61540
222759,63418
222759,39186
172008,48980
222204,59776
206418,16358
212430,52620
203232,50720
154770,51316
210393,61540
234093,61540
128604,53046
253191,50720
183645,11490
129135,53046
88821,51316
165750,51316
233814,63510
243390,63540
243390,63136
179790,32496
164640,39186
164640,63418
249297,53160
205815,63136
205815,63540
128334,60
222894,50274
242439,63360
207927,59776
159831,59776
211413,63136
211413,63540
250629,62274
203502,59396
158016,59396
203502,62274
63582,59396
250629,59396
203052,59396
212505,62274
203052,62274
158016,62274
63582,62274
212505,59396
205728,59396
205728,62274
204411,52620
251967,53046
165684,51316
210678,63360
200964,59776
203829,63360
157854,32496
211812,52620
192942,60
206772,32496
206964,32496
210234,55632
210234,57522
242151,63136
242151,63540
198882,63540
198882,63136
203268,53160
186990,51316
228753,63186
184698,61540
155337,3382
246627,3382
203301,3382
198279,54864
66843,124
153600,59394
216981,53160
223968,60
154113,63418
154113,39186
198855,60
214506,52620
153756,60
153312,53160
165126,61540
253098,61540
207219,53046
206418,3382
175293,63360
225393,63360
251619,63360
212748,63360
242442,63360
188961,50274
229737,60
162984,50274
249486,55632
249486,57522
232614,59776
153867,62274
153867,59396
247260,57522
247260,55632
247374,48980
186882,52620
203181,48980
203871,48980
189012,3382
211812,61540
157185,53160
208554,63360
208821,63360
237804,11490
228948,54864
212301,60
227664,61280
157500,39186
157500,63418
203532,16358
241824,51316
206418,124
226848,3382
210840,52620
235932,52620
166599,50720
156063,54864
153813,63418
153813,39186
205812,63360
155085,32496
224631,60
129135,55632
129135,57522
72918,54864
217293,54864
211989,63360
203727,63360
249297,53046
211413,53160
62817,53046
206850,60
247632,63540
247632,63136
248205,59776
224631,63360
235335,52620
207240,60
201837,59396
251721,59396
251721,62274
208545,59396
208545,62274
201837,62274
161526,63360
244479,59394
210633,3382
241389,59776
153765,60
203181,50274
203871,50274
232068,63360
66843,59396
66843,62274
171702,60
249081,124
167256,61280
163251,63360
179853,61540
248796,63360
242571,54096
208503,54096
232404,53046
153813,35846
241350,32496
249513,63360
165183,63510
153813,48980
227292,63360
196302,54096
234864,54290
153999,53046
186378,53160
183912,3382
154827,59776
173667,53160
139272,50274
198573,61280
248061,39186
248061,63418
222759,32496
206364,57522
206364,55632
183672,63360
226662,55632
226662,57522
153048,53160
96138,59394
199242,53046
72045,53046
165684,36720
203829,57522
203829,55632
248301,54864
242856,60
203700,60
196845,60
180195,62274
180195,59396
208092,54864
222906,53046
155085,59396
155085,62274
173667,59776
204243,60
208899,61540
203706,3382
166995,59776
237057,3382
198873,54864
212571,59394
203673,3382
204780,61540
164007,63136
164007,63540
251625,50274
208053,63360
199854,32496
72108,61540
237252,39186
237252,63418
129264,32496
182556,32496
235458,63540
235458,63136
128901,33534
253578,124
64218,52620
230286,3382
212574,39186
212574,63418
203295,63136
203295,63540
201564,63136
201564,63540
253866,59396
253866,62274
180195,48980
224211,53046
235458,59776
251631,51316
206514,63360
206412,63360
158766,63360
206496,63360
155055,60
201741,50274
206361,54096
232068,54864
210615,61540
206955,60
238827,60
242232,60
128901,16358
189045,53160
229473,63186
187962,57522
187962,55632
211989,54864
165684,53160
232614,61540
166437,52620
210840,55632
210840,57522
235932,57522
235932,55632
248292,59776
192564,3382
232614,52620
203700,54864
196845,54864
242856,54864
189045,59776
198792,61540
157185,63540
157185,63136
230286,63418
230286,39186
222894,63418
222894,39186
128685,124
205332,51316
155043,32496
217494,63136
217494,63540
208341,53046
203796,53046
189012,59394
163251,53160
253578,32496
225480,51316
210846,51316
192771,51316
205122,51316
59703,51316
199860,51316
251085,51316
229521,51316
223554,51316
203889,51316
192549,48980
176577,61540
203055,50720
179853,59776
192564,59394
182292,63360
224841,53046
206787,32496
196302,32496
183366,55632
183366,57522
220095,32496
203517,53160
247632,57522
247632,55632
154665,32496
252177,57522
252177,55632
208350,3382
65640,53046
228729,51316
211236,32496
177474,61540
240852,63510
188853,124
156225,63418
156225,39186
128538,55632
128538,57522
164007,51316
187806,55632
187806,57522
176577,60
188730,52620
154011,52620
187734,52620
188331,53046
211236,3382
207105,63186
184950,63360
166128,63136
166128,63540
246804,54864
209880,54864
154551,54864
195723,53160
154476,61540
248013,53160
203454,53160
248250,53160
203277,53160
166356,59776
203178,59776
213513,53046
164661,61540
211947,36720
65328,3382
187221,53160
210978,60
201564,53160
203295,53160
252405,53160
183363,33534
154827,53160
210690,36720
221526,36720
196845,61540
242556,36720
210678,51316
210615,53386
171702,57522
171702,55632
203460,60
184605,33534
208488,54290
237252,59396
237252,62274
172008,51316
166437,53046
154041,32496
183912,48980
198873,63360
211947,54864
162984,59396
162984,62274
222204,57522
222204,55632
164457,57522
164457,55632
242619,61540
191247,57522
191247,55632
212526,59396
212526,62274
61692,61540
208566,63360
129204,63360
246339,63360
203316,63360
206763,63510
211641,63510
206607,63510
206484,63510
166128,53160
153402,53160
201282,50274
208590,33534
247974,36720
249207,50274
157767,54864
157398,63136
157398,63540
172503,53160
183672,61540
209994,3382
208821,51316
249795,51316
196455,51316
208554,51316
200502,51316
166128,52620
198792,59776
72645,48980
201798,63360
188853,32496
192300,61280
207927,53160
159831,53160
60864,53160
225276,63136
225276,63540
66879,63540
66879,63136
222204,60
201837,50274
208545,50274
251721,50274
208503,16358
242571,16358
217380,63360
203259,63360
157224,53046
155388,52620
66843,16358
247956,53046
242430,3382
177474,63360
211476,53160
211740,63186
204411,63136
204411,63540
251121,63418
251121,39186
211476,63136
211476,63540
154881,60
186882,53160
252405,54864
225276,53160
161208,124
153867,63418
153867,39186
128604,53160
223389,48980
238032,16358
207219,57522
207219,55632
211740,59396
211740,62274
72918,36720
217293,36720
252210,51316
186882,63540
186882,63136
227292,54864
246339,51316
129204,51316
203316,51316
208566,51316
201282,35846
211740,54096
188637,54096
198573,51316
227616,32496
203511,53046
203316,54864
212430,61540
250782,63136
250782,63540
248178,61540
248301,59776
195723,52620
227238,36720
96444,36720
250020,36720
25743,53160
164007,53160
249081,50274
210840,51316
235932,51316
176643,53046
172587,53046
218673,54096
211413,51316
158658,54096
188637,32496
207147,63418
207147,39186
188331,63136
188331,63540
184104,63136
184104,63540
211989,53046
248796,54864
172503,53046
203790,53046
198573,60
229737,63360
72645,50274
182295,32496
209622,54864
224841,57522
224841,55632
183213,57522
183213,55632
181860,33534
96444,53046
250020,53046
154560,36720
206361,124
236226,53046
203517,51316
174195,60
163251,63136
163251,63540
238218,60
222204,53046
188685,51316
203532,54096
217293,63360
72918,63360
227616,3382
211542,124
210129,124
210186,3382
186990,55632
186990,57522
207219,63360
201564,54864
203295,54864
208590,54096
191250,32496
228729,53046
234864,48298
64959,54864
198855,63540
198855,63136
238611,57522
238611,55632
203073,55632
203082,55632
203073,57522
203082,57522
249207,32496
241350,33534
68676,59776
208566,54864
129204,54864
246339,54864
96444,53160
250020,53160
227238,53160
154881,53160
154740,53046
234972,54864
229341,54864
234018,54864
206787,63186
223104,60
208788,54096
212430,60
191226,57522
191226,55632
235932,63136
235932,63540
210840,63136
210840,63540
211632,51316
238032,63186
153756,63540
153756,63136
244041,32496
195372,57522
195372,55632
249297,63540
249297,63136
153600,60
204780,51316
153048,63360
155337,48980
237252,3382
204375,60
216564,61540
165126,63360
253098,63360
204411,53046
253683,124
230604,55632
230604,57522
230028,55632
230028,57522
189045,63540
189045,63136
251253,16358
229341,61540
234972,61540
234018,61540
128685,63186
237252,32496
225012,53046
217620,3382
161208,50274
203274,53160
197034,53160
196722,53160
203295,51316
201564,51316
211812,60
183789,32496
206673,3382
234129,61280
205905,48980
61908,48980
249579,48980
164640,49888
164640,62944
164640,62860
175809,52620
246618,36720
242412,36720
181110,63418
181110,39186
218673,63186
189012,11490
247548,63136
247548,63540
183645,3382
252405,59776
209094,63136
209094,63540
197802,16358
250362,61540
203259,63540
203259,63136
217380,63540
217380,63136
188961,63186
69060,3382
61902,11490
68496,63360
174513,32496
183672,53046
164640,3382
223554,61540
199860,61540
205122,61540
59703,61540
203889,61540
210846,61540
229521,61540
192771,61540
251085,61540
213513,51316
246627,48980
203301,48980
154560,53046
155106,59396
155106,62274
180495,59396
180495,62274
251967,57522
251967,55632
244173,48980
154779,53160
232068,59776
251625,35846
173667,63136
173667,63540
248250,36720
203454,36720
248013,36720
203277,36720
203178,60
198855,55632
198855,57522
236775,61540
242856,61540
203700,61540
183492,53046
72108,63360
242556,61540
208503,63186
242571,63186
180495,32496
210897,3382
206367,3382
206460,3382
183672,63136
183672,63540
184950,53386
206361,3382
68496,55632
68496,57522
153279,32496
208521,63418
208521,39186
252210,54864
203511,63136
203511,63540
252177,63136
252177,63540
153312,63540
153312,63136
212232,53046
206799,63186
186177,59394
222759,48980
210186,48980
155337,62274
155337,59396
204780,59776
186384,61280
172695,39186
172695,63418
206799,48980
195723,59776
204093,32496
153288,63186
208812,61280
208794,61280
153084,52620
210954,63360
184710,60
65577,32496
231459,39186
231459,63418
157500,3382
153138,36720
179853,63360
166356,63136
166356,63540
228729,59776
166356,53160
153048,60
230010,51316
211542,48980
210129,48980
211542,3382
210129,3382
240939,63540
240939,63136
207147,48980
129264,50274
154167,60
244158,51316
188700,59776
162603,63360
208536,54864
198981,54864
204411,57522
204411,55632
241263,32496
162603,52620
241389,60
234120,63360
172503,57522
172503,55632
203256,3382
68676,53046
210678,54864
206799,3382
206850,53160
227670,53160
204762,53160
203133,53160
204762,63540
227670,63136
204762,63136
203133,63540
227670,63540
203133,63136
194601,61540
224931,63540
224931,63136
203673,51316
227238,53046
153867,32496
191226,61540
179853,53160
213102,60
225480,59776
208092,52620
224841,63136
224841,63540
204243,54864
224931,51316
206964,62274
206964,59396
206772,59396
206772,62274
187221,57522
187221,55632
153792,57522
153792,55632
154803,61540
201282,32496
212283,63360
206952,54290
164337,63360
204144,63360
248301,52620
204483,32496
234129,51316
250782,59776
203706,48980
223104,52620
210114,61540
207105,50720
241389,61540
253866,59394
162603,53160
65577,59394
203727,36720
211989,36720
65328,61280
213513,60
208209,61540
129081,61540
211740,48980
206376,57522
206376,55632
61902,48980
229527,51316
190113,60
208899,54864
248178,54864
128763,124
71301,3382
154827,63540
154827,63136
244287,51316
161208,63186
62817,55632
62817,57522
210627,51316
172695,11490
154881,53046
231876,61280
166437,55632
166437,57522
153279,50274
188853,33534
208788,51316
154869,60
245154,53160
186882,59776
68676,63360
174513,50274
72561,63360
249297,59776
186990,60
197802,39186
197802,63418
187659,63360
158658,63186
203268,36720
203268,61540
236775,53386
211632,57522
211632,55632
208872,53386
154665,61540
222750,61540
68676,53160
128685,50274
172587,51316
176643,51316
187224,51316
210168,3382
252696,59776
72561,36720
59700,50274
245154,60
227616,63418
227616,39186
187224,53046
227664,32496
209976,63418
209976,39186
242610,53046
128604,63360
153792,53160
192618,63360
251631,36720
223071,63418
223071,39186
210627,53046
203511,53160
252177,53160
204144,57522
204144,55632
207927,63540
207927,63136
159831,63136
159831,63540
187650,32496
207822,3382
153756,59776
186987,61540
164457,63540
164457,63136
252405,63540
252405,63136
216822,53046
72561,51316
204657,3382
192159,53046
203517,60
72900,53386
167256,61348
236775,54290
64365,53046
59700,124
164337,57522
164337,55632
225699,59776
203055,48980
204795,52620
203724,52620
208209,54864
217494,51316
225480,61540
186177,60
231057,36720
208521,59394
250977,54864
206772,48980
206964,48980
129135,51316
195723,63136
195723,63540
153600,48980
247260,53046
253683,39186
253683,63418
172695,48980
213102,53160
252210,63360
72930,57522
72930,55632
203724,59776
204795,59776
242610,55632
242610,57522
192549,63418
192549,39186
153084,57522
153084,55632
208536,51316
237252,48980
209976,54096
204243,61540
203145,48980
234951,63136
234951,63540
64365,51316
184509,61540
184698,53046
206418,50720
234951,61348
187734,53046
154011,53046
188730,53046
157416,39186
157416,63418
184950,63136
184950,63540
230178,53160
203517,63136
203517,63540
206673,48980
184710,53160
163578,53046
229527,3382
245154,63360
61692,53046
210171,63186
202638,60
204657,48980
247956,53160
172503,63540
172503,63136
187875,53160
165750,55632
88821,57522
165750,57522
88821,55632
165726,53046
231909,53160
66843,11490
172587,52620
176643,52620
250434,60
183645,60
153288,54096
246804,53046
154551,53046
209880,53046
238218,63360
241389,57522
241389,55632
181101,52620
153402,59776
228948,63360
209094,57522
209094,55632
155337,32496
223968,57522
223968,55632
253578,54096
211476,54864
250362,59776
222906,54864
154374,3382
177903,51316
207618,59394
224931,60
234156,53160
209154,53046
204093,11490
231909,63136
231909,63540
61902,3382
253098,53386
165126,53386
216981,57522
216981,55632
184710,63136
184710,63540
65067,60
192159,53160
65067,11490
71301,48980
186882,61540
88920,32496
192564,32496
249207,48980
210897,48980
206460,48980
206367,48980
210615,59776
198981,53160
206496,63136
206514,63540
158766,63540
206412,63540
206496,63540
206514,63136
206412,63136
158766,63136
250020,61540
96444,61540
227238,61540
210678,53046
252696,55632
252696,57522
206847,57522
206847,55632
225276,53046
223782,54096
210876,59776
165744,59776
204243,51316
196311,39186
196311,63418
139272,39186
139272,63418
207096,63418
207096,39186
213102,59776
189012,48980
192159,51316
196302,63186
177903,63360
206415,63418
206415,39186
153288,50274
208590,63186
226623,63360
253098,54290
165126,54290
153675,32496
184698,63360
72561,53046
64959,60
225480,53046
25749,55632
25749,57522
61692,59776
184950,60
207147,3382
248205,51316
183366,53046
164640,11490
206367,50274
210897,50274
206460,50274
154881,63540
154881,63136
228438,50274
163251,51316
249930,54864
188637,63186
201798,53046
212571,63418
212571,39186
227616,48980
222759,50274
206673,50274
196302,3382
204771,32496
158766,60
206514,60
206496,60
206412,60
228438,39186
228438,63418
246627,39186
203301,63418
203301,39186
246627,63418
232068,53046
238032,3382
248061,32496
227616,50720
187875,63540
187875,63136
153402,63136
153402,63540
247374,59394
191553,3382
227670,51316
204762,51316
203133,51316
203142,51316
65052,60
204093,124
187962,60
244005,11490
223728,53386
25743,63540
25743,63136
207330,55632
207330,57522
197529,53160
68676,52620
229527,48980
157854,61280
252480,53046
244041,50274
234129,63418
234129,39186
206361,16358
184509,55632
184509,57522
210168,11490
156063,61540
253866,51316
208341,60
203796,60
203790,60
204228,54864
210114,63360
183576,59776
165786,52620
240912,51316
234951,61540
184104,59776
231876,57804
154740,61540
219231,59776
208758,59776
204522,3382
153048,63540
153048,63136
203532,63186
198981,61540
232614,60
154485,11490
206418,36720
209154,61540
204144,53046
181593,60
208590,16358
207588,3382
61305,3382
184104,60
211476,61540
206367,32496
210897,32496
206460,32496
211413,54864
231909,53046
207396,3382
225699,51316
241389,53046
183645,48980
206928,50274
206838,50274
250749,50274
207129,50274
207267,50274
204771,3382
241389,52620
210615,51316
217002,54864
154665,59394
216564,63136
216564,63540
164337,53046
60762,59776
253866,32496
157398,59776
163578,55632
163578,57522
222759,50720
88920,59394
166356,53046
206799,59396
206799,62274
226140,48980
181110,35846
242430,48980
253683,32496
192618,57522
192618,55632
197676,50274
176577,53160
229737,63136
229737,63540
247548,59776
154167,52620
246054,3382
210678,36720
231876,54096
203829,53046
210882,48980
210000,61540
242556,63360
66843,54096
253578,11490
174513,54096
203706,63418
203706,39186
176577,57522
176577,55632
217380,53160
203259,53160
210000,53046
72645,32496
228729,61540
206418,39186
206418,63418
211812,53160
206514,53160
158766,53160
206496,53160
206412,53160
227310,54864
164661,59776
248250,61540
248013,61540
203277,61540
203454,61540
208794,63540
208812,63136
208812,63540
208794,63136
204375,57522
204375,55632
206667,60
192300,61348
154770,60
59700,63186
226623,54864
211236,48980
249207,62274
249207,59396
154113,3382
209880,63360
246804,63360
154551,63360
203082,53160
238611,53160
203073,53160
238263,63540
249294,63136
249294,63540
238263,63136
129264,48980
245154,63540
245154,63136
61824,54864
67158,50274
154869,3382
224631,63540
224631,63136
186990,59776
232614,53160
203166,3382
204771,62274
204771,59396
206928,32496
250749,32496
207267,32496
206838,32496
207129,32496
206673,39186
206673,63418
213102,63136
213102,63540
247029,39186
247029,63418
251106,32496
25743,52620
186177,3382
183672,53160
206460,39186
210897,63418
206460,63418
206367,39186
210897,39186
206367,63418
245154,53046
248871,59396
217872,62274
248871,62274
194388,59396
194388,62274
217872,59396
236766,59396
236766,62274
188100,32496
225276,59776
216981,63136
216981,63540
203178,54864
210141,53046
194601,48298
244005,59394
206673,32496
207147,32496
205332,3382
243408,51316
204228,53046
203073,63360
238611,63360
203082,63360
155016,60
224631,55632
224631,57522
203532,59394
191226,63360
242412,53046
246618,53046
154041,50274
206664,50274
187650,59396
187650,62274
157398,53046
227616,50274
235458,60
219231,52620
208758,52620
212892,3382
238263,53160
249294,53160
77484,53046
154665,3382
229536,57522
229536,55632
128763,50274
231057,39186
231057,63418
206787,3382
206361,50720
230286,48980
155055,53046
230178,63136
230178,63540
157398,51316
203517,57522
203517,55632
231057,50720
244158,53046
206415,50274
153138,57804
211812,63360
250977,53160
56871,50720
253098,51316
165126,51316
244173,61280
230604,59776
249297,51316
154011,53160
188730,53160
187734,53160
207096,32496
196311,32496
203142,63136
203142,63540
203181,32496
203871,32496
160029,53160
204483,3382
178458,54864
223782,63186
154473,61540
185067,61540
209880,51316
246804,51316
154551,51316
155337,59394
206361,48980
65328,11490
203166,48980
207588,48980
61305,48980
230178,59776
253866,63418
253866,39186
153792,63540
153792,63136
175293,53160
197802,124
232614,55632
232614,57522
207105,61280
226623,36720
236775,51316
250977,63136
250977,63540
253578,59396
253578,62274
197034,36720
203274,36720
196722,36720
188700,53046
160029,63136
160029,63540
158658,63418
158658,39186
246804,36720
154551,36720
209880,36720
71301,32496
231057,61348
198792,53046
229737,53160
129135,53160
251106,16358
188100,3382
251121,59394
154665,59776
157500,36720
154827,55632
154827,57522
206484,3382
206607,3382
206763,3382
211641,3382
204243,63360
238218,63540
238218,63136
155052,3382
247974,63360
208821,36720
200502,36720
196455,36720
249795,36720
208554,36720
205332,11490
154473,53046
185067,53046
222759,62274
222759,59396
207822,62274
207822,59396
223728,54290
220632,50720
153288,32496
61902,61280
223728,51316
164661,51316
156225,48980
65328,60
192564,48980
191250,3382
224631,53160
164661,63360
222894,48980
250434,59776
226848,62860
226848,49888
226848,62944
210186,49888
210186,62860
210186,62944
206418,54096
206856,63136
206856,63540
161526,61540
128604,63136
128604,63540
161787,60
188100,59396
188100,62274
233970,53046
212283,51316
197529,51316
208053,53046
163251,59776
218673,59394
210168,48980
180495,3382
155043,3382
158658,50274
88920,3382
165684,59776
164970,62274
164970,59396
154011,57522
187734,57522
188730,55632
187734,55632
154011,55632
188730,57522
156225,32496
188637,50274
209976,63186
196302,48980
196311,59396
207096,59396
207096,62274
196311,62274
204657,60
211641,48980
206484,48980
206763,48980
206607,48980
188961,39186
188961,63418
181593,61348
191226,51316
233814,62860
233814,62944
233814,49888
244680,51316
197802,1372
197802,10808
238263,55632
249294,57522
238263,57522
249294,55632
206514,51316
206412,51316
206496,51316
158766,51316
217620,59394
247374,11490
192564,60
96138,39186
96138,63418
191250,48980
241824,53160
231663,50274
220095,48980
239577,54864
165684,53046
210876,53046
165744,53046
68676,63136
68676,63540
198882,59776
242151,59776
251493,60
249216,60
253506,60
232035,59776
207267,3382
207129,3382
206838,3382
250749,3382
206928,3382
210627,53160
211812,63540
211812,63136
208488,53386
203829,63136
203829,63540
242439,53160
154473,51316
185067,51316
203673,61348
203178,53046
222894,3382
88821,59776
165750,59776
196722,61540
203274,61540
197034,61540
207618,48980
187386,54864
157500,48980
154473,54864
185067,54864
247029,48980
188343,32496
72108,54864
67158,124
205815,51316
220218,60
234156,63540
234156,63136
71301,59396
71301,62274
208206,61280
242439,63540
242439,63136
190113,55632
190113,57522
208209,63360
155043,60
204522,60
129135,63136
129135,63540
180195,60
234093,53386
210393,53386
236775,63360
240912,53160
204228,63540
204228,63136
213102,61540
172695,3382
247029,62274
247029,59396
153312,59776
208899,63360
155016,59394
250782,51316
241263,59394
244005,60
252177,59776
203673,32496
180495,48980
226662,53046
161526,54864
184605,59776
211413,53046
181371,11490
156225,59396
156225,62274
128604,55632
128604,57522
156063,63360
231876,61348
191247,59776
242130,54864
204093,50274
186990,53160
162603,61540
178068,51316
232614,63360
249930,61540
208794,48298
208812,48298
248301,60
210690,53046
221526,53046
191250,60
198981,53046
154560,63360
206361,61348
249795,57522
200502,55632
200502,57522
249795,55632
196455,55632
196455,57522
223389,36720
232404,60
154665,63360
207147,50720
187875,60
222750,54864
206988,60
250275,60
177903,57522
177903,55632
220218,11490
241389,63360
206448,60
206349,60
206433,60
251085,53046
205122,53046
210846,53046
229521,53046
192771,53046
203889,53046
223554,53046
59703,53046
199860,53046
56871,62274
56871,59396
244041,48980
249513,53160
244278,50274
177474,60
186990,63540
186990,63136
185067,63360
154473,63360
183576,51316
206625,50274
206355,50274
176577,63360
164337,52620
204144,52620
173613,51316
203511,59776
207330,60
248205,57522
248205,55632
248871,39186
236766,39186
236766,63418
217872,63418
217872,39186
248871,63418
194388,63418
194388,39186
204771,48980
250434,61540
230178,53046
251253,54096
216564,63360
240852,48980
204228,61540
184950,53160
222894,62274
222894,59396
253683,63186
210627,63540
210627,63136
183450,59396
183450,62274
203145,39186
203145,63418
238263,59776
249294,59776
203178,61540
220095,59394
163578,53160
197529,53046
238218,53160
223071,59396
223071,62274
234120,61540
187224,59776
166002,59394
212571,124
162603,63540
162603,63136
157224,52620
236775,54864
211989,63136
211989,63540
203727,63540
203727,63136
66843,3382
206772,50274
206964,50274
216981,59776
228438,54096
211641,63418
211641,39186
206763,63418
206484,39186
206763,39186
206607,63418
206607,39186
206484,63418
205812,53160
182292,53160
217872,32496
248871,32496
236766,32496
194388,32496
212430,53160
212430,53046
191553,59394
248301,61540
184674,61540
229473,54096
210141,51316
253191,16358
207096,50720
196311,50720
244173,36720
155016,3382
154803,63360
173613,53046
183789,3382
241350,59776
211236,60
211473,51316
153999,51316
203727,53160
211989,53160
200964,53160
206787,48980
206625,32496
206355,32496
157416,62274
157416,59396
231057,61280
204144,63136
204144,63540
212430,63360
172695,59396
172695,62274
249687,63136
249687,63540
242856,53046
196845,53046
203700,53046
186378,57522
186378,55632
234951,53160
210633,63418
210633,39186
245976,55632
245976,57522
253683,54096
210954,63540
210954,63136
72900,63360
234972,63360
229341,63360
234018,63360
64959,53046
206418,61348
155106,32496
228438,63186
198873,52620
157416,32496
154113,48980
164640,59394
153765,32496
183576,63360
252177,61540
241350,57804
206355,3382
206625,3382
239577,61540
244680,59776
205812,51316
206856,51316
233970,53160
209976,62274
209976,59396
161787,3382
203073,51316
184674,54864
244158,53160
209154,54864
206418,63186
166002,59396
166002,62274
206664,3382
201282,59396
201282,62274
153765,61280
223782,39186
223782,63418
207267,63418
207267,39186
250749,63418
250749,39186
206838,39186
207129,39186
207129,63418
206928,63418
206928,39186
206838,63418
253578,63186
238032,48980
245976,59776
206964,50720
206772,50720
186384,61348
203232,48980
249579,63418
61908,39186
61908,63418
205905,63418
205905,39186
249579,39186
248013,53046
248250,53046
203454,53046
203277,53046
198981,63136
198981,63540
174513,63186
217293,63540
72918,63540
72918,63136
217293,63136
241824,52620
234018,53046
229341,53046
234972,53046
154374,48980
223782,50274
206664,32496
203511,61540
203460,52620
60762,61348
242412,53160
246618,53160
248178,63360
206664,48980
206415,48980
198792,53160
197802,53386
207147,59396
207147,62274
210168,60
252480,51316
224931,53160
210615,52620
212574,59396
212574,62274
153675,36720
216564,53160
208206,48980
207618,61280
206478,63418
206478,39186
206439,55632
206439,57522
243408,59776
180195,36720
246804,60
209880,60
154551,60
244971,55632
244971,57522
66879,51316
249297,57522
249297,55632
186384,60
245976,53046
222750,53046
72918,53160
217293,53160
203055,3382
154560,51316
188787,53046
234864,51316
165726,57522
165726,55632
234156,52620
164007,60
61692,52620
252081,55632
252081,57522
154665,61280
201741,54096
178068,53160
153279,39186
153279,63418
210000,63360
184509,63360
153150,60
246054,36720
173613,59776
173940,63418
173940,39186
247548,57522
247548,55632
210186,59394
208566,36720
246339,36720
129204,36720
208521,124
181593,36720
198573,11490
211812,53046
214506,59776
154758,35846
155055,59776
234120,51316
211473,59776
208206,11490
176577,63136
176577,63540
206838,48980
206928,48980
207129,48980
207267,48980
250749,48980
211740,3382
203142,53160
247974,51316
192300,60
192159,61540
248061,3382
201741,63418
201741,39186
154881,59776
203517,59776
183789,59394
154476,59776
188343,59394
60864,55632
60864,57522
129264,3382
234120,36720
208872,54864
210168,59394
230178,52620
201741,63186
153084,51316
252177,53046
210627,60
244158,63540
244158,63136
128538,53046
248550,53046
219522,53046
153312,51316
220095,3382
164640,61348
226623,53046
182292,51316
212430,63540
212430,63136
194601,59776
216564,57804
203256,63418
203256,39186
198882,54864
242151,54864
187875,59776
129135,52620
210168,62274
210168,59396
212574,32496
207105,61348
177903,60
167316,51316
153792,52620
154803,55632
154803,57522
231459,62274
231459,59396
172008,57804
231459,32496
240939,61540
231876,32496
243390,52620
157185,53046
242151,60
198882,60
248550,63360
219522,63360
203268,59776
253191,32496
163101,60
247548,51316
187224,61540
204522,59394
164007,59776
238611,63136
203073,63136
203073,63540
203082,63136
203082,63540
238611,63540
249513,63540
249513,63136
238218,53046
207096,48980
196311,48980
250782,57522
250782,55632
185067,53160
154473,53160
204243,63540
204243,63136
186987,63360
154740,63360
178068,63540
178068,63136
206478,50274
166995,53160
155043,59394
210978,52620
209994,60
129135,60
208788,16358
252480,59776
225699,52620
154476,53160
204483,48980
241263,3382
153138,48298
223728,61540
205905,3382
61908,3382
249579,3382
251625,59396
251625,62274
253683,11490
160029,59776
224841,51316
210882,63418
210882,39186
153402,57522
153402,55632
184674,53046
164064,53046
206799,39186
206799,63418
178458,60
189012,60
202638,52620
216822,60
177903,63540
177903,63136
208503,50720
242571,50720
210633,61280
64365,59776
164337,60
204144,60
245631,59394
214506,51316
154113,62274
154113,59396
204228,53160
247974,54864
224526,51316
222750,51316
241263,60
247956,59776
183645,61280
188961,3382
186882,63360
218673,50720
206484,50274
211641,50274
206763,50274
206607,50274
209073,60
242412,63540
242412,63136
246618,63540
246618,63136
177474,53046
253683,50274
238032,59394
251631,55632
251631,57522
227238,59776
250020,59776
96444,59776
248292,52620
252405,52620
244158,52620
252696,53160
206355,48980
206625,48980
223389,51316
217380,51316
203259,51316
244158,57522
244158,55632
252696,63136
252696,63540
209622,53046
210690,53160
221526,53160
203073,61540
238611,61540
203082,61540
249687,51316
61824,53046
199854,61280
162984,63418
162984,39186
68676,57522
68676,55632
128685,54096
245154,57522
245154,55632
157500,11490
181746,61348
163578,63540
163578,63136
203082,51316
238611,51316
210171,54096
206847,53046
220632,63418
220632,39186
217494,59776
214506,53046
234093,54864
210393,54864
217620,61280
164661,54864
249930,53046
218673,63418
218673,39186
177903,53160
249207,39186
249207,63418
231876,63186
206664,63418
206664,39186
241389,53160
205812,52620
153402,51316
241824,63540
241824,63136
203532,3382
224931,57522
224931,55632
61305,32496
207588,32496
206868,55632
206868,57522
244479,3382
253578,63418
253578,39186
206952,63540
206952,63136
224931,59776
203145,3382
210141,59776
204228,63360
60864,60
173613,61540
154827,52620
246054,48980
88920,60
233970,52620
183576,63136
183576,63540
245631,61280
139272,48980
208812,61540
208794,61540
250653,54864
197286,54864
232035,52620
245631,3382
211473,61540
226623,63136
226623,63540
227616,62274
227616,59396
225012,63136
225012,63540
203889,36720
210846,36720
251085,36720
192771,36720
229521,36720
205122,36720
59703,36720
199860,36720
223554,36720
197529,63540
197529,63136
196845,57522
242856,55632
203700,57522
196845,55632
242856,57522
203700,55632
229527,61280
209880,53160
246804,53160
154551,53160
188961,48980
242430,59394
192564,11490
182556,3382
72108,51316
161787,11490
68496,52620
227310,59776
247986,50720
250947,53160
231909,59776
167256,60
155052,48980
231663,48980
204228,51316
154041,63418
154041,39186
201798,63136
201798,63540
244479,48980
166599,32496
183789,48980
206361,59394
25743,53046
163251,52620
250947,63540
250947,63136
247029,3382
154476,63136
154476,63540
157500,61348
244041,3382
210954,57522
210954,55632
238263,54864
249294,54864
154740,57522
154740,55632
244446,60
208206,3382
181371,60
226662,63540
226662,63136
203166,32496
225012,59776
234864,60
154485,60
157767,60
222750,63360
183666,61348
153675,61280
210615,63540
210615,63136
161526,53160
160029,53046
203829,53160
208788,63186
237057,61280
191226,53160
161208,54096
206361,63186
72108,59776
253191,50274
179790,39186
179790,63418
247986,3382
216564,33534
207396,48980
241263,48980
249081,54096
183666,61280
154485,61280
247986,48980
181593,57804
188685,59776
182295,3382
72561,53160
218673,124
179700,59394
182292,55632
182292,57522
250782,52620
251106,33534
211047,61280
247029,32496
88920,48980
210168,32496
249930,59776
196302,50274
228753,3382
239577,53046
232614,63540
232614,63136
252480,61540
234018,36720
229341,36720
234972,36720
198279,60
247974,53160
186378,60
191553,61280
208812,60
208794,60
203673,59394
210615,53160
231876,50720
153813,32496
65577,3382
217002,61540
204144,53160
164337,53160
183450,3382
206415,3382
187734,63540
188730,63540
187734,63136
154011,63540
154011,63136
188730,63136
157398,55632
157398,57522
223389,11490
187221,63136
187221,63540
212283,53046
242151,53046
198882,53046
174195,61348
184710,55632
184710,57522
62337,54864
212892,32496
220632,50274
172587,53160
176643,53160
206625,63418
206355,39186
206625,39186
206355,63418
64365,61540
206787,50274
249207,3382
182292,60
251253,63186
232035,60
210114,51316
252210,36720
65052,3382
65052,59394
212232,60
247956,52620
203232,3382
68496,60
192159,63136
192159,63540
188853,62274
188853,59396
157416,48980
190152,57522
190152,55632
203178,55632
203178,57522
224211,55632
224211,57522
207927,52620
159831,52620
210840,60
235932,60
153675,60
234951,11490
208590,50720
192618,63540
192618,63136
205740,62860
205740,62944
205740,49888
63582,50720
205728,50720
158016,50720
212505,50720
203052,50720
203502,50720
250629,50720
154473,63540
185067,63136
185067,63540
154473,63136
65052,11490
165183,50274
208209,53160
211047,61348
72045,57522
72045,55632
199242,55632
199242,57522
208788,33534
206304,59394
212526,32496
206412,55632
206514,55632
206514,57522
206496,57522
206496,55632
206412,57522
158766,57522
158766,55632
154881,55632
154881,57522
204657,11490
161526,63540
161526,63136
165183,50720
139272,3382
209994,48980
210186,63418
210186,39186
208788,124
188685,60
244971,53046
154485,48980
203316,36720
154803,59776
212892,59396
212892,62274
201798,51316
154770,57522
154770,55632
184710,51316
229473,50274
247956,63136
247956,63540
154113,11490
203871,11490
203181,11490
244278,39186
244278,63418
244278,62274
244278,59396
162984,48980
153756,52620
244446,59394
154869,48980
205332,48980
153312,52620
206415,50720
203727,57522
203727,55632
56871,32496
226662,60
128763,32496
220218,48980
192549,35846
205812,63136
205812,63540
208521,50720
186987,59776
192618,53046
203256,50274
226140,51316
210690,63136
221526,63540
210690,63540
221526,63136
208899,51316
203328,124
226662,59776
239577,59776
153402,52620
224526,32496
225012,53160
210141,61540
206439,53046
223728,63360
189009,61280
163251,60
208788,39186
208788,63418
184605,52620
207822,48980
212283,57522
212283,55632
179700,48980
211473,55632
211473,57522
164337,63540
164337,63136
206850,55632
206850,57522
210690,57522
221526,57522
221526,55632
246618,55632
242412,55632
242412,57522
210690,55632
246618,57522
248301,53046
249294,53046
238263,53046
179790,3382
154560,53160
154476,57522
154476,55632
67158,63186
206484,49888
211641,62944
206607,62860
206763,62944
206607,62944
211641,62860
206607,49888
206484,62944
206763,62860
211641,49888
206484,62860
206763,49888
248205,52620
72117,55632
72117,57522
208536,53046
192618,36720
203454,59776
203277,59776
248013,59776
248250,59776
237057,63418
237057,39186
153150,61348
211632,60
206673,62274
206673,59396
249687,61540
165750,53046
88821,53046
198792,63540
198792,63136
252081,53046
129264,63418
129264,39186
181371,3382
192159,36720
229527,61348
211533,55632
211533,57522
208554,57522
208821,57522
208821,55632
208554,55632
231459,48980
128685,63418
128685,39186
164064,52620
183576,61540
201798,61540
139272,59396
139272,62274
155052,59394
212505,63418
250629,63418
158016,63418
203052,63418
158016,39186
250629,39186
203052,39186
63582,39186
212505,39186
63582,63418
203502,63418
203502,39186
205728,63418
205728,39186
208209,59776
207096,3382
196311,3382
206952,61540
188100,48980
203073,53046
164970,48980
164661,60
129264,62274
129264,59396
240939,53386
203295,53046
201564,53046
157224,63540
157224,63136
183912,61348
204657,61280
203502,124
203052,124
205728,124
212505,124
158016,124
250629,124
63582,124
251121,3382
222750,63136
222750,63540
184509,63540
184509,63136
246627,59394
203301,59394
191250,59394
250977,59776
225276,51316
250782,60
61692,60
161526,51316
223728,63540
223728,63136
208812,63360
208794,63360
238536,61348
228729,63360
226848,50720
225276,55632
225276,57522
188853,54096
64365,55632
64365,57522
212526,59394
208209,63136
208209,63540
224169,52620
230286,59396
230286,62274
210882,3382
208899,53046
250653,59776
197286,59776
161787,61280
175293,54864
212526,60
203133,61540
227670,61540
204762,61540
251721,124
208545,124
201837,124
233970,51316
234951,63360
248178,53046
203673,60
165126,53160
253098,53160
248205,60
154869,61280
165126,54864
253098,54864
179700,3382
209994,59394
217293,57522
72918,57522
217293,55632
72918,55632
207264,55632
207264,57522
206952,48298
230286,11490
248061,62274
248061,59396
210186,32496
206478,48980
219231,60
208758,60
212571,48980
212571,3382
188853,63418
188853,39186
206415,32496
188700,60
226623,53160
186378,59776
216564,32496
61824,55632
61824,57522
238032,36720
153150,36720
212283,63136
212283,63540
96138,60
237804,61348
249081,59396
249081,62274
211740,32496
228753,62274
228753,59396
153600,61280
67158,32496
188853,63186
77484,57522
77484,55632
238032,63418
238032,39186
197802,48298
210954,53160
235458,52620
210168,51316
154476,51316
224169,53046
210114,54864
233970,57522
233970,55632
244479,11490
216981,52620
244287,52620
59700,54096
249081,63186
198981,63360
203532,48980
249297,60
217002,53046
208206,60
240852,3382
250947,54864
211812,55632
211812,57522
206361,48298
211476,63360
203706,59394
153999,55632
153999,57522
244041,39186
244041,63418
156225,3382
205812,53046
128763,63186
154560,60
194601,60
247548,52620
234030,53160
211965,53160
180495,60
178068,59776
72645,11490
197676,39186
197676,63418
248178,51316
166356,57522
166356,55632
250434,63360
226662,53160
203724,54864
204795,54864
217002,59776
211965,63136
234030,63136
234030,63540
211965,63540
208209,51316
210114,59776
211989,57522
211989,55632
242556,54864
154665,48980
192618,53160
128763,54096
154041,11490
180195,59394
228729,55632
228729,57522
183672,51316
210690,59776
221526,59776
60762,63136
60762,63540
224841,60
203328,50720
181371,48980
156063,55632
156063,57522
249486,53046
251121,50720
249579,50274
205905,50274
61908,50274
231459,3382
207396,59394
183576,52620
253191,39186
253191,63418
244287,61348
157224,53160
207822,11490
191226,63540
191226,63136
203274,59776
197034,59776
196722,59776
155016,61280
253866,60
253191,33534
201741,62274
201741,59396
172587,63540
176643,63136
176643,63540
172587,63136
187650,3382
206427,53046
246627,50720
203301,50720
154740,59776
242430,36720
188730,60
154011,60
187734,60
165126,59776
253098,59776
249687,63360
206427,57522
206427,55632
154485,3382
222750,60
226848,32496
244287,57804
180495,59394
212571,51316
208521,51316
234864,53386
240852,62944
240852,62860
240852,49888
186987,53046
204093,54096
188787,57522
188787,55632
210627,52620
236775,59776
203460,53046
181860,11490
224631,59776
66843,63418
66843,39186
203316,53046
213102,53046
209154,63360
204657,48298
220218,3382
232035,54864
231909,55632
231909,57522
247974,60
242151,52620
198882,52620
203328,39186
203328,63418
206811,57522
207144,57522
207144,55632
206406,55632
206784,57522
206784,55632
206406,57522
206811,55632
244278,63186
208521,48980
212571,50720
208521,3382
192159,59776
184674,63360
201798,53160
207822,59394
60864,59776
220632,48980
128901,54096
182295,48980
183576,53160
227310,53160
165183,59396
165183,62274
154374,61280
253098,63136
253098,63540
165126,63136
165126,63540
197802,50720
191226,60
183789,60
190113,53046
188343,3382
204522,48980
229737,59776
198873,59776
212892,48980
249513,54864
183672,55632
183672,57522
66843,48980
192618,51316
166995,51316
203082,53046
238611,53046
157500,57804
211965,54864
234030,54864
156063,63540
156063,63136
249930,63360
174513,63418
174513,39186
187224,63360
172008,52620
194601,54290
208566,53046
129204,53046
246339,53046
210633,36720
165183,48980
234951,48298
183450,48980
251631,53046
212283,60
203532,124
249081,63418
249081,39186
209154,36720
233814,61280
187224,57522
187224,55632
96138,11490
216981,51316
208899,36720
234018,57522
229341,55632
234972,57522
234972,55632
229341,57522
234018,55632
211740,50720
206418,61280
210129,63418
210129,39186
211542,63418
211542,39186
237252,59394
228438,59396
228438,62274
206415,62274
206415,59396
157185,57522
157185,55632
211140,54864
240852,50720
72117,53046
248301,63360
128901,124
222750,53160
203706,50720
203532,50720
210633,61348
154041,48980
246804,63540
209880,63136
209880,63540
154551,63136
154551,63540
246804,63136
199854,60
252405,51316
247974,63136
247974,63540
211947,57522
211947,55632
242556,59776
160029,54864
164970,61280
249297,52620
242556,53160
188637,39186
188637,63418
191247,60
166599,16358
139272,32496
203829,59776
162603,51316
186177,48980
204375,53046
164064,57522
164064,55632
206868,53046
60864,53046
187386,57522
187386,55632
65577,61280
166995,63136
166995,63540
154740,53160
208488,60
184698,63136
184698,63540
161787,48980
207588,59396
203166,62274
207588,62274
61305,59396
203166,59396
61305,62274
246054,11490
187659,55632
187659,57522
183666,60
204771,60
237057,61348
155337,11490
217620,60
211989,51316
203727,51316
211476,53046
212574,36720
234093,59776
210393,59776
153084,60
253191,62274
253191,59396
197676,59396
197676,62274
166002,61348
206361,57804
210000,57522
210000,55632
220632,3382
229473,32496
242571,63418
208503,39186
242571,39186
208503,63418
153675,57804
72561,63136
72561,63540
72561,60
189009,57804
250434,53046
203532,63418
203532,39186
248061,48980
185067,60
154473,60
210171,50274
172008,48298
203316,57522
203316,55632
155085,3382
59700,32496
161208,32496
179790,48980
210000,63540
210000,63136
239577,63360
244173,11490
153813,33534
210846,63136
199860,63136
199860,63540
59703,63136
210846,63540
223554,63136
59703,63540
223554,63540
205122,63540
192771,63540
203889,63540
205122,63136
229521,63136
229521,63540
203889,63136
251085,63136
192771,63136
251085,63540
72900,54864
240912,60
128685,59396
128685,62274
217380,36720
203259,36720
213885,60
224526,3382
210627,57522
210627,55632
241350,52620
199854,51316
244278,54096
212892,60
158658,59396
158658,62274
245976,60
157224,60
206304,60
242439,51316
211533,53046
250362,52620
157398,60
201564,57522
203295,57522
201564,55632
203295,55632
213102,63360
204093,63186
211542,59394
210129,59394
153288,3382
157500,61280
189045,52620
139272,50720
154374,11490
72918,51316
217293,51316
204243,53160
208566,55632
246339,57522
246339,55632
208566,57522
129204,57522
129204,55632
184605,57804
203871,59396
203871,62274
203181,59396
203181,62274
154560,63136
154560,63540
166599,50274
204483,11490
246618,59776
242412,59776
155052,60
207219,52620
155043,48980
163578,52620
203142,36720
246804,57522
209880,55632
246804,55632
154551,55632
154551,57522
209880,57522
247374,61280
192942,55632
192942,57522
206478,3382
225699,53046
157416,3382
249513,60
192771,59776
205122,59776
229521,59776
223554,59776
203889,59776
59703,59776
251085,59776
210846,59776
199860,59776
203829,61540
234093,63540
210393,63540
210393,63136
234093,63136
223071,3382
213885,51316
234093,55632
234093,57522
210393,57522
210393,55632
166599,33534
198792,52620
174195,57804
153867,3382
154803,53160
244173,51316
248178,36720
198279,53046
203133,36720
227670,36720
204762,36720
198873,55632
198873,57522
61902,61348
184698,55632
184698,57522
190152,53046
181860,16358
236226,55632
236226,57522
181593,51316
188331,57522
188331,55632
154758,32496
205815,60
157500,51316
248301,63540
248301,63136
153138,51316
72900,60
180495,54864
249687,53160
244041,62274
244041,59396
203232,63418
203232,39186
207330,59776
211413,59776
208794,54290
208812,54290
207105,57804
65577,48980
210000,53160
211947,53046
252210,53046
250653,53160
197286,53160
252210,57522
252210,55632
167316,59776
247548,60
251253,124
181746,61280
207822,36720
184674,36720
65052,48980
233970,63540
233970,63136
173667,52620
203724,60
204795,60
225480,52620
247374,36720
250653,63540
197286,63136
197286,63540
227310,63136
227310,63540
250653,63136
208488,54864
177474,55632
177474,57522
219522,51316
248550,51316
251106,50274
203328,48980
189009,60
247974,53046
210954,59776
68496,53160
65067,3382
234156,60
64365,63360
72108,53160
217002,63360
208536,55632
208536,57522
231663,3382
161526,59776
178068,53046
204228,60
204483,61280
210129,61348
211542,61348
128901,63186
162984,3382
249687,59776
153279,3382
210678,57522
210678,55632
184509,59776
66879,60
128763,62274
128763,59396
244680,60
226848,50274
226848,63418
226848,39186
65067,59394
188961,59396
188961,62274
198573,61540
65577,51316
66843,63186
183492,55632
183492,57522
206460,59396
210897,59396
210897,62274
206460,62274
206367,62274
206367,59396
251085,53160
229521,53160
203889,53160
199860,53160
210846,53160
223554,53160
205122,53160
192771,53160
59703,53160
207330,53046
241389,63136
241389,63540
184698,53160
155106,3382
171702,53046
250977,53046
166995,52620
157500,60
251253,59394
192564,61280
153600,11490
203295,59776
201564,59776
242571,124
208503,124
196302,62274
196302,59396
187962,53046
211740,59394
154665,57804
207219,60
164970,11490
211965,59776
234030,59776
172008,61348
208209,53046
186987,63540
186987,63136
212430,55632
212430,57522
209622,55632
209622,57522
244158,60
248178,55632
208899,55632
208899,57522
248178,57522
212574,3382
153288,48980
222204,52620
155337,61348
155337,61280
153138,54290
218673,3382
211047,60
231663,63418
231663,39186
250977,51316
207105,63418
207105,39186
60762,53160
206787,59396
206787,62274
179790,11490
236766,16358
194388,16358
217872,16358
248871,16358
182295,59394
201741,3382
206478,62274
206478,59396
186378,53046
208590,63418
208590,39186
188637,3382
180195,11490
183912,57804
207822,60
156063,53160
208821,53046
208554,53046
184698,59776
250947,59776
206664,62274
206664,59396
153402,60
61305,60
207588,60
203166,60
214506,57522
214506,55632
165183,63418
165183,39186
206952,54864
242556,51316
211947,59776
203055,50274
183576,60
239577,51316
208899,53160
226623,57522
226623,55632
173613,63360
167316,61540
223071,48980
153999,60
211473,63360
198792,51316
253866,61348
183912,61280
155106,48980
60762,11490
72645,62274
72645,59396
167316,60
226623,51316
197676,48980
154560,55632
154560,57522
208545,48980
251721,48980
201837,48980
208545,3382
251721,3382
201837,3382
223104,53046
233814,63418
233814,39186
201741,11490
156063,51316
228438,3382
223728,54864
217620,48980
227670,59776
204762,59776
203133,59776
188343,48980
240912,59776
197529,61540
241824,60
210615,54864
247374,60
230604,60
246054,62274
246054,59396
154740,63540
154740,63136
210678,63540
210678,63136
210678,53160
210000,59776
244680,52620
192300,57804
231057,57804
251106,124
166128,53046
206838,59396
207267,62274
207129,62274
207267,59396
206838,62274
207129,59396
250749,59396
250749,62274
206928,59396
206928,62274
157500,48298
210171,32496
201741,48980
160029,60
165183,32496
245631,51316
204780,52620
157416,59394
197529,36720
249930,51316
195723,54864
252480,63360
187650,48980
180195,51316
165744,60
210876,60
251625,63418
251625,39186
201282,63418
201282,39186
191553,60
234129,61348
189009,48298
179853,54864
206952,53160
205740,50720
223782,62274
223782,59396
251631,59776
224526,59394
154041,3382
184509,53160
174513,59396
174513,62274
229527,57804
65067,48980
197676,3382
173940,48980
198573,61348
213102,54864
204483,60
173613,57522
173613,55632
234120,63136
234120,63540
128901,39186
128901,63418
238611,36720
203073,36720
203082,36720
69060,39186
208350,39186
69060,63418
208350,63418
172008,59776
196302,63418
196302,39186
248796,60
128763,63418
128763,39186
237057,36720
165684,60
217002,53160
181110,33534
222750,55632
222750,57522
210678,59776
234864,63540
234864,63136
211542,50720
210129,50720
229341,63136
229341,63540
234018,63540
234972,63540
234018,63136
234972,63136
206787,39186
206787,63418
234864,54864
183672,60
204657,57804
181101,55632
181101,57522
234120,53160
188637,59396
188637,62274
253866,11490
153765,3382
177903,59776
211740,63418
211740,39186
182556,59394
208350,50274
228729,60
61824,60
153279,48980
209154,63540
209154,63136
211413,57522
211413,55632
219522,63136
219522,63540
248178,53160
251253,50720
96138,57804
161526,53046
229341,53160
234018,53160
234972,53160
167316,63540
167316,63136
210141,63360
203328,3382
247986,32496
153312,60
166356,52620
65052,51316
206799,32496
153288,63418
153288,39186
212283,53160
153150,61280
72561,57522
72561,55632
153288,11490
157854,39186
157854,63418
243408,52620
56871,3382
233814,32496
179700,11490
172587,60
176643,60
178458,53046
212505,51316
250629,51316
203052,51316
205728,51316
158016,51316
63582,51316
203502,51316
181110,32496
206361,36720
210615,63360
208092,57522
208092,55632
153138,60
154374,60
208899,63540
208899,63136
223071,11490
175293,59776
208536,59776
220632,32496
69060,50274
232035,53046
174513,3382
166599,63418
166599,39186
72900,59776
154758,33534
204771,59394
226848,11490
160029,52620
189009,36720
251253,39186
251253,63418
204522,61280
191226,59776
180195,57804
153765,48980
212892,51316
210393,53160
234093,53160
240939,55632
240939,57522
186177,61540
217002,52620
72108,63540
72108,63136
225276,52620
178068,60
155043,61280
236775,63136
236775,63540
242439,59776
209994,61280
201798,36720
153867,36720
249513,53046
181860,62274
181860,59396
233814,50720
204228,55632
204228,57522
201837,63418
251721,39186
208545,63418
251721,63418
201837,39186
208545,39186
192549,59776
217494,60
209154,57522
209154,55632
204771,11490
65328,61348
153312,53046
228753,11490
195723,60
227310,60
203142,61540
231909,51316
154665,61348
196455,53046
200502,53046
249795,53046
208209,52620
196455,59776
200502,59776
249795,59776
189012,61280
128763,57804
56871,59394
208872,60
186177,61280
61902,60
240939,59776
223104,57522
223104,55632
153312,55632
153312,57522
251625,33534
206355,62274
206625,59396
206625,62274
206355,59396
181101,53046
222906,57522
222906,55632
233814,60
208488,59776
249513,59776
201282,33534
201282,16358
96138,48298
252480,57522
252480,55632
242439,60
206856,60
154881,52620
212574,48980
244287,59776
252696,52620
179790,62274
179790,59396
234129,60
207822,57804
184950,54864
161208,59396
161208,62274
208794,53160
208812,53160
231876,54864
220218,57804
182556,48980
155016,48980
211236,59394
249081,3382
191553,48980
154803,63540
154803,63136
202638,53046
244287,11490
182295,60
242130,57522
242130,55632
238032,57804
228753,48980
228438,11490
237804,57804
184710,53046
156225,59394
211641,62274
206607,59396
206484,59396
206763,62274
206763,59396
211641,59396
206607,62274
206484,62274
247029,59394
158658,3382
243408,60
203517,52620
197802,54096
207396,61280
154113,59394
162603,53046
155337,60
248301,53160
244005,3382
212526,48980
188100,36720
210186,61348
155106,59394
183645,51316
161208,48980
251721,59394
208545,59394
201837,59394
251121,48980
173940,3382
236775,53160
184674,53160
252405,53046
234951,54290
191250,11490
68496,63136
68496,63540
242556,53046
209976,3382
205812,60
188343,60
228438,48980
128901,48980
250947,53046
204243,59776
206478,50720
205812,57522
205812,55632
208590,124
240852,50274
220632,59396
220632,62274
242430,11490
223389,48298
248178,63540
248178,63136
203055,39186
203055,63418
251625,16358
153813,57804
188637,48980
186990,52620
225393,55632
212748,55632
225393,57522
251619,55632
212748,57522
242442,57522
242442,55632
251619,57522
234864,61540
242556,63540
242556,63136
156063,60
210168,61280
238536,11490
231057,48298
194601,54864
181746,60
71301,36720
186987,53160
208206,61348
191250,54864
155085,48980
223728,53160
230286,59394
166599,59396
166599,62274
204093,62274
204093,59396
244278,11490
203511,52620
252177,52620
153150,51316
173613,60
156225,61348
246339,63136
129204,63136
246339,63540
208566,63540
203316,63136
129204,63540
203316,63540
208566,63136
203145,50274
244278,3382
208566,53160
246339,53160
203316,53160
129204,53160
227292,53046
154476,60
206850,53046
209154,53160
210882,50274
153600,36720
181860,39186
181860,63418
158766,53046
206412,53046
206496,53046
206514,53046
253578,3382
129081,60
242619,60
203259,61540
217380,61540
59700,59396
59700,62274
186882,53046
204243,55632
204243,57522
250977,60
207219,53160
157767,53046
208209,55632
208209,57522
182556,60
186177,51316
188100,59394
203052,59394
203502,59394
63582,59394
212505,59394
205728,59394
250629,59394
158016,59394
238032,61348
250653,60
197286,60
218673,48980
244287,48298
162603,55632
162603,57522
183363,61540
245976,52620
72561,59776
206478,32496
64365,60
204771,51316
72108,53046
208350,11490
240852,32496
208821,59776
208554,59776
199854,61348
205740,48980
197676,11490
209154,51316
167316,52620
249930,53160
210141,55632
210141,57522
206607,50720
206763,50720
206484,50720
211641,50720
153867,48980
203328,51316
184104,52620
194601,63540
194601,63136
210114,53160
211140,53046
62337,53046
244446,3382
237804,51316
162984,59394
227310,57522
227310,55632
227310,53046
67158,59396
67158,62274
211473,60
238536,57804
238536,61540
71301,59394
25743,57522
25743,55632
212526,3382
69060,11490
233814,36720
192300,48298
251721,50720
201837,50720
208545,50720
237252,54864
187875,52620
153765,57804
248550,63540
248550,63136
210633,11490
67158,54096
251106,63186
244005,48980
67158,11490
128685,48980
154113,60
249930,63136
249930,63540
155055,52620
217002,63540
217002,63136
153288,62274
153288,59396
240852,63418
240852,39186
253578,48980
165750,60
88821,60
203256,32496
219522,53160
203724,53046
204795,53046
184674,63136
184674,63540
153600,51316
206799,59394
208872,59776
211947,53160
153867,59394
156225,54864
196302,50720
233814,61348
206799,50720
59700,39186
59700,63418
161208,63418
161208,39186
207822,61280
210171,48980
203328,59394
237057,11490
242430,57804
210114,53046
181593,48298
225012,60
250434,52620
186987,55632
186987,57522
154041,62274
154041,59396
210141,60
242430,61280
252480,60
173613,52620
206787,50720
244278,48980
244446,48980
224526,48980
192549,57804
220218,51316
181110,57804
179790,57804
229473,48980
206784,53046
206811,53046
207144,53046
206406,53046
157398,52620
229473,39186
229473,63418
165183,3382
164970,59394
56871,48980
173940,59396
173940,62274
155085,59394
198792,55632
198792,57522
216981,60
231876,39186
231876,63418
192549,52620
207588,59394
203166,59394
61305,59394
203256,62274
203256,59396
212574,59394
204093,48980
154665,53160
206304,3382
207618,11490
174513,48980
206361,39186
206361,63418
183645,36720
234030,53046
211965,53046
244173,57804
251121,61280
203232,50274
251253,3382
211740,54864
211965,60
234030,60
210186,50720
207396,11490
186384,51316
128901,36720
194601,63360
249930,52620
192549,32496
203052,48980
158016,48980
205728,48980
203502,48980
250629,48980
63582,48980
212505,48980
204093,3382
236775,60
158658,48980
223782,3382
199854,57804
206304,48980
203301,61348
246627,61348
246339,59776
208566,59776
129204,59776
128901,3382
207105,51316
66843,36720
249207,59394
206418,54864
192300,36720
208503,51316
208590,51316
242571,51316
212571,61280
197802,54864
154758,57804
188685,52620
217293,60
72918,60
187224,60
186882,51316
251631,53160
207105,54864
217002,51316
192300,51316
65577,11490
238263,52620
249294,52620
153279,11490
203166,11490
207588,11490
61305,11490
250434,55632
250434,57522
198279,55632
198279,57522
164970,36720
154803,52620
240939,53160
72645,61348
208788,3382
164970,57804
242130,53046
181371,61280
60762,61540
186987,52620
128763,3382
234018,51316
229341,51316
234972,51316
206361,54864
88920,61280
164970,60
229527,11490
234129,54864
154485,57804
234129,59776
228729,52620
247986,50274
184950,59776
205740,3382
207822,51316
178068,57522
178068,55632
224631,52620
248796,53046
223389,54864
61908,32496
249579,32496
205905,32496
230286,36720
65067,51316
67158,48980
229737,52620
212505,3382
203052,3382
63582,3382
250629,3382
203502,3382
158016,3382
205728,3382
232068,57522
232068,55632
208206,51316
220218,61348
195372,53046
197286,53046
250653,53046
252177,60
252210,63540
252210,63136
60762,54290
220095,60
210114,63540
210114,63136
252210,53160
199854,61540
225699,60
211641,32496
206763,32496
206607,32496
206484,32496
203871,61348
203181,61348
251121,32496
203706,61348
188343,61280
212283,59776
203145,32496
237057,57804
219522,36720
248550,36720
154740,52620
203256,11490
251619,53046
225393,53046
212748,53046
242442,53046
154665,52620
167316,53046
230286,60
249687,53046
172695,59394
154113,57804
253683,62274
253683,59396
236775,53046
203532,32496
156225,11490
183912,36720
204657,54864
244479,61280
249207,11490
203511,60
167256,48298
249579,59396
61908,62274
249579,62274
61908,59396
205905,62274
205905,59396
182292,59776
210633,57804
224169,55632
224169,57522
166128,57522
166128,55632
239577,53160
191250,61280
197529,59776
236766,63186
194388,63186
217872,63186
248871,63186
192942,53046
191250,61348
129264,59394
65328,57804
72918,59776
217293,59776
192549,33534
211947,63136
211947,63540
229527,52620
189012,51316
203142,59776
203259,59776
217380,59776
242430,60
253191,124
228948,57522
228948,55632
230286,57804
234018,60
234972,60
229341,60
167316,63360
154473,55632
185067,57522
185067,55632
241350,61540
154473,57522
59700,48980
183672,59776
206787,61348
226140,36720
226848,59396
226848,62274
128685,3382
236766,3382
194388,3382
248871,3382
217872,3382
196455,53160
200502,53160
249795,53160
154473,59776
185067,59776
251625,3382
239577,63136
239577,63540
187386,53046
184605,61540
223728,60
210633,60
161526,60
181371,57804
153765,51316
212574,57804
62337,55632
62337,57522
249687,52620
66843,59394
250947,60
225699,57522
225699,55632
248796,57522
248796,55632
183912,51316
200964,54864
222759,59394
226140,11490
251625,124
218673,61280
204093,63418
204093,39186
187650,59394
211236,11490
210186,61280
248871,54096
236766,54096
194388,54096
217872,54096
60762,63360
249513,52620
174513,57804
249081,48980
238218,57522
238218,55632
153675,61348
203727,59776
211989,59776
184674,55632
184674,57522
129264,11490
253683,3382
154869,11490
234864,53046
199854,11490
212571,32496
208521,32496
183576,53046
174195,51316
167316,53160
249687,60
194601,57522
194601,55632
153138,54864
203232,32496
251631,63136
251631,63540
96138,61280
181860,124
157854,59776
192618,59776
223389,61348
155106,60
248550,53160
252480,52620
181593,61540
209994,11490
203871,59394
203181,59394
203829,60
208209,60
192618,60
208488,63540
208488,63136
231909,60
188100,60
218673,32496
239577,52620
246627,32496
203301,32496
223728,59776
153279,59396
153279,62274
154869,51316
242556,52620
201282,124
207219,63136
207219,63540
154560,59776
247986,63418
247986,39186
187224,52620
189012,57804
242151,57522
242151,55632
198882,55632
198882,57522
201282,3382
231663,62274
231663,59396
247374,61348
180495,11490
154485,61348
155052,11490
162603,60
188700,52620
60762,48298
244005,51316
203673,61280
181371,51316
234129,57804
179700,61348
184605,63540
184605,63136
252210,59776
154758,59776
210882,32496
179790,36720
229473,59396
229473,62274
203532,61280
154113,36720
241263,61280
249081,57804
223782,48980
223071,59394
172008,11490
203256,59394
186177,61348
206418,48298
208206,57804
206964,59394
206772,59394
161787,48298
250434,63540
250434,63136
183789,54864
200964,63540
200964,63136
251106,39186
251106,63418
128763,48980
153150,57804
203316,59776
248061,57804
245631,48980
184698,51316
244446,36720
220095,61280
182556,61280
183645,61348
209976,48980
211989,60
203727,60
186384,61540
197802,63186
174195,48298
203706,32496
211473,52620
241263,54864
188853,3382
210882,59396
210882,62274
183645,57804
187224,63136
187224,63540
253098,60
165126,60
238032,48298
183789,61280
208350,32496
69060,32496
248061,60
183912,60
231459,59394
88920,36720
72900,63540
72900,63136
206952,63360
65067,36720
72108,52620
167316,55632
167316,57522
204657,51316
208488,53160
196455,63540
200502,63540
200502,63136
249795,63540
208821,63136
249795,63136
208554,63540
196455,63136
208821,63540
208554,63136
208821,53160
208554,53160
153600,57804
224526,36720
230604,52620
155085,57804
208521,61280
179853,55632
179853,57522
183363,57804
196302,61348
71301,60
208503,48980
242571,48980
208503,3382
242571,3382
234864,57522
234864,55632
207618,60
208350,61348
231876,53046
175293,53046
155337,54864
179853,53046
165750,52620
88821,52620
197286,55632
250653,55632
250653,57522
197286,57522
186384,48298
71301,11490
180495,61280
208788,32496
161208,3382
234120,59776
155052,61280
227292,57522
227292,55632
231057,54864
250977,52620
212574,60
204522,11490
205740,39186
205740,63418
244479,61348
153765,11490
154374,61348
204483,51316
165744,52620
210876,52620
72645,59394
157854,51316
203145,59396
203145,62274
204228,59776
251625,11490
188637,11490
206952,53386
247974,59776
249579,11490
61908,11490
205905,11490
248061,59394
191247,52620
237252,57804
155106,54864
224931,52620
236766,11490
194388,11490
217872,11490
248871,11490
251253,48980
155016,51316
209994,54864
203145,51316
184950,53046
157854,60
250977,55632
250977,57522
64365,52620
207147,59394
244005,61280
189012,61348
128901,57804
208872,63540
208872,63136
234951,53386
172008,61540
157854,61348
189009,54290
61305,51316
203166,51316
207588,51316
173613,53160
212526,61280
210141,52620
184605,63360
211140,57522
211140,55632
210171,3382
157416,11490
201282,11490
208788,48980
88920,57804
217620,51316
253683,48980
210882,59394
154374,51316
167256,57804
65052,36720
201798,59776
205332,61348
228948,53046
167256,51316
139272,59394
250362,60
187650,60
196302,54864
206787,54864
61902,48298
242571,59394
208503,59394
240852,11490
156225,57804
203256,61348
223389,54290
183789,11490
154113,51316
231459,54864
164970,51316
181746,36720
209880,59776
154551,59776
246804,59776
222894,48298
248061,36720
201282,54096
186384,57804
238032,61280
237804,48298
237252,11490
204483,61348
212283,52620
206361,11490
251253,32496
229527,48298
71301,57804
157854,11490
157767,57522
157767,55632
154476,52620
231909,52620
194601,53386
206673,59394
207105,60
253191,54096
247029,60
208590,59394
197802,36720
153867,60
236766,48980
194388,48980
248871,48980
217872,48980
250434,53160
180195,61280
200964,52620
203871,60
203181,60
153138,53386
197802,11490
210000,52620
154041,61348
67158,63418
67158,39186
154485,51316
72900,53046
154665,48298
198981,55632
198981,57522
69060,61348
208872,53160
252405,60
153138,63540
153138,63136
205332,61540
248871,124
217872,124
194388,124
236766,124
181746,48298
234864,59776
209976,11490
164970,61348
191226,52620
153279,59394
229473,3382
212892,59394
203673,11490
245631,11490
203145,59394
189012,36720
241263,11490
237057,60
204657,61348
165684,52620
210171,63418
210171,39186
227616,59394
239577,57522
239577,55632
227664,61540
251625,54096
64959,55632
64959,57522
208590,48980
208590,3382
153675,11490
164007,52620
234129,48298
247986,62274
247986,59396
194601,52620
244287,61540
200964,51316
210882,51316
154113,61348
154041,57804
212892,11490
206361,61280
59700,3382
197676,54864
210393,60
234093,60
189009,54864
165126,52620
253098,52620
231057,59776
188637,57804
234030,52620
211965,52620
207396,60
156225,60
203829,52620
205332,57804
184698,60
65328,48298
244041,59394
174513,11490
186384,36720
192300,61540
244479,60
181860,63186
154113,53046
231459,57804
244041,11490
225276,60
188853,48980
56871,60
167256,61540
207618,61348
183666,51316
250947,52620
96444,52620
227238,52620
250020,52620
211476,55632
211476,57522
244446,51316
72900,53160
206952,60
250947,57522
250947,55632
153813,59776
206418,61540
155043,51316
204522,51316
213885,53046
226140,61348
197802,57522
197802,55632
249687,55632
249687,57522
253191,11490
249081,54864
251625,48980
207096,59394
196311,59394
203268,52620
192564,63136
192564,63540
203871,51316
203181,51316
194601,53160
178458,55632
178458,57522
203724,57522
203724,55632
204795,55632
204795,57522
201837,61348
208545,61348
251721,61348
249579,60
205905,60
61908,60
253098,53046
165126,53046
210954,52620
211740,61348
155043,11490
179790,59394
253866,61280
209994,48298
180495,55632
180495,57522
220218,53046
234129,11490
204522,48298
191250,51316
223389,61540
178068,52620
128685,11490
249930,57522
249930,55632
184674,60
227310,52620
206952,51316
237057,48298
247974,55632
247974,57522
210186,60
172008,63136
172008,63540
211236,61280
201282,48980
206418,54290
245631,57804
65052,61280
187224,53160
203055,62274
203055,59396
157416,57804
211236,51316
154113,48298
156063,59776
187650,36720
153138,61540
203301,51316
246627,51316
157854,57804
206952,57522
206952,55632
250020,60
227238,60
96444,60
228729,53160
226623,59776
232035,57522
232035,55632
210633,48298
61902,57804
174195,53046
61908,59394
205905,59394
249579,59394
242430,51316
217494,52620
247986,60
66843,61348
253191,63186
154485,48298
248301,55632
248301,57522
247029,11490
206304,36720
161787,51316
72645,60
157854,52620
238032,51316
67158,3382
203145,11490
210882,11490
249513,57522
249513,55632
164640,61280
208758,54864
219231,54864
251106,54096
72108,55632
72108,57522
208899,59776
207822,61348
252480,53160
234030,57522
234030,55632
211965,55632
211965,57522
222759,61280
194601,51316
217002,55632
217002,57522
209994,51316
184509,52620
237252,53046
249294,60
238263,60
184674,51316
154041,60
242571,32496
208503,32496
181110,59776
186882,57522
186882,55632
166002,61280
203256,51316
222894,61348
182295,61280
226140,57804
180495,51316
164970,54864
161208,11490
208812,59776
208794,59776
208350,59394
231663,32496
252405,55632
252405,57522
237252,60
160029,57522
160029,55632
203706,51316
203532,51316
209154,60
249081,48298
161526,55632
161526,57522
248871,51316
194388,51316
236766,51316
217872,51316
180195,54864
210114,55632
210114,57522
180495,48298
191250,57804
183576,57522
183576,55632
203055,32496
173613,63540
173613,63136
207330,52620
186378,52620
189009,53046
212571,61348
153138,53046
177903,52620
234093,53046
210393,53046
204522,57804
231459,60
210114,52620
233970,60
212574,11490
248550,61540
219522,61540
88920,54864
192159,52620
226848,61348
208794,53386
208812,53386
248061,11490
222750,59776
224526,11490
244287,63136
244287,63540
155043,57804
188100,57804
226848,59394
61902,51316
220218,48298
65577,57804
211740,55632
211740,57522
153765,48298
211473,53160
239577,60
155085,54864
165183,59394
72645,51316
208788,59394
183666,61540
249930,60
181746,57804
217620,11490
181371,48298
210171,62274
210171,59396
220632,11490
164970,48298
244479,51316
166599,11490
183363,61348
249081,11490
237804,53046
214506,60
88920,51316
206772,61280
206964,61280
240939,54864
241263,51316
238536,63540
238536,63136
206664,59394
155085,48298
210615,57522
210615,55632
234129,61540
238032,54864
166599,124
183789,53046
227664,11490
247374,51316
251106,59396
251106,62274
155043,48298
157854,63540
157854,63136
206418,11490
197676,59394
248178,59776
248250,52620
203454,52620
248013,52620
203277,52620
206664,11490
230286,61348
88920,11490
250653,52620
197286,52620
183450,51316
195723,53046
72108,60
210129,32496
211542,32496
236775,52620
161526,52620
230286,61280
237252,61348
192564,36720
155052,54864
212526,11490
226140,61540
186177,57804
162984,11490
64365,53160
158658,11490
211413,60
244287,54290
207822,54864
209994,61348
253578,59394
191553,51316
72645,61280
211740,57804
186177,48298
220095,11490
153600,61348
153150,48298
155085,60
186882,60
179790,61348
230286,51316
180495,53046
206418,59776
157416,54864
64365,63136
64365,63540
203145,60
155016,11490
242439,52620
61908,51316
205905,51316
249579,51316
246627,61280
203301,61280
56871,61280
203256,60
65328,51316
181371,61348
241350,63540
241350,63136
60864,52620
250629,32496
158016,32496
203052,32496
203502,32496
63582,32496
205728,32496
212505,32496
234864,52620
183666,48298
210114,60
234864,53160
207822,48298
204771,61348
240852,62274
240852,59396
210129,11490
211542,11490
188100,11490
205740,32496
220218,36720
204522,54864
206460,59394
206367,59394
210897,59394
210882,60
180495,61348
203259,52620
217380,52620
203181,61280
203871,61280
184605,61348
246618,60
242412,60
181593,63136
181593,63540
183789,57804
203295,60
201564,60
181860,54096
238611,59776
203082,59776
203073,59776
69060,59394
179700,61280
204771,61280
229473,11490
211047,51316
210141,53160
154473,52620
185067,52620
154041,59394
212574,51316
153675,51316
155052,48298
197034,60
203274,60
241350,63360
183450,60
247029,57804
183789,51316
187650,11490
231876,57522
231876,55632
207618,48298
183912,48298
184605,11490
197676,57804
207618,54864
229341,59776
234972,59776
234018,59776
203706,61280
153138,57522
153138,55632
207105,11490
184605,53160
228753,60
224526,61540
88920,53046
197034,52620
196722,52620
203274,52620
203673,61540
188853,57804
129264,57804
231876,60
206787,11490
155106,61348
206415,59394
201282,63186
154113,61280
96138,63540
96138,63136
128901,59394
206799,61348
206484,59394
206607,59394
206763,59394
211641,59394
65067,57804
212892,61280
203295,52620
201564,52620
208350,62274
208350,59396
157416,61280
198573,36720
242556,60
154485,53046
207267,59394
207129,59394
206838,59394
206928,59394
250749,59394
228753,59394
183666,36720
166995,60
229527,59776
180495,57804
128763,11490
211413,52620
227670,52620
204762,52620
203133,52620
206304,51316
207105,53046
203532,61348
210171,11490
216564,61348
157500,54290
203232,59396
203232,62274
206799,57804
237252,61280
252480,63136
252480,63540
234951,54864
208206,53046
181110,52620
234864,63360
69060,62274
69060,59396
208545,32496
201837,32496
251721,32496
188100,61280
226662,52620
191553,11490
231459,53046
72561,52620
241263,53046
206772,54864
206964,54864
154779,54864
207396,61348
231459,11490
223782,11490
65577,48298
211236,61348
172008,53160
192564,61348
198573,57804
154113,54864
153813,52620
66843,57804
196722,60
203268,60
128901,51316
242430,48298
207105,48298
206799,54864
233814,57804
196302,57804
206787,57804
153867,11490
155106,11490
192549,61540
236775,57522
236775,55632
155337,57804
203055,61348
206787,59394
183450,59394
182295,11490
208521,61348
249579,61348
205905,61348
61908,61348
166599,54096
188961,59394
206361,51316
204657,61540
155052,61348
207147,11490
153600,48298
220632,60
157854,54864
223728,53046
188100,53046
175293,52620
246054,48298
223071,60
240912,52620
211473,63540
211473,63136
222759,54864
241350,61348
155043,54864
244446,61280
155085,61280
192300,54864
217620,61540
154758,61540
161208,59394
208872,55632
208872,57522
231663,57804
206304,61280
251253,61280
205332,48298
224526,61280
212526,51316
206799,61280
231057,51316
223389,59776
237252,55632
237252,57522
220632,59394
128685,57804
165183,11490
154665,54864
244287,53160
208794,54864
208812,54864
207588,61280
61305,61280
241350,11490
181593,53046
204228,52620
154560,52620
247374,57804
65328,54864
211740,11490
183912,61540
244446,57804
204657,53046
248250,60
203277,60
203454,60
248013,60
184698,52620
207618,61540
212574,61280
207147,61280
172008,54290
183363,11490
196302,11490
242430,61540
153765,53046
223071,36720
247986,59394
211740,61280
155106,57804
227616,54864
201741,36720
245631,48298
207396,54864
71301,53046
188100,51316
210633,59776
172695,57804
198573,63136
198573,63540
250749,11490
206928,11490
207267,11490
207129,11490
206838,11490
238536,48298
251625,63186
227664,61348
203166,61280
246054,57804
198792,60
157416,61348
188637,59394
155106,61280
210633,54290
183450,61348
208092,53046
246054,60
201741,57804
181593,54290
225480,60
166599,63186
206625,59394
206355,59394
231057,60
210168,61348
244005,57804
197676,61348
192159,60
198573,48298
253191,3382
59700,11490
244479,48298
227616,61348
238032,11490
167256,54864
157416,60
248550,59776
219522,59776
164970,53386
172008,63360
208536,60
206478,59394
71301,51316
247986,51316
88920,48298
238032,60
166002,48298
179790,60
229527,54290
228729,63540
228729,63136
188100,54864
208206,48298
153867,51316
208536,52620
65052,61540
209880,52620
246804,52620
154551,52620
206673,36720
244173,61540
164640,54864
153150,61540
227616,11490
206304,57804
164661,53046
129264,54864
210141,63136
210141,63540
204243,52620
246054,59394
206838,57804
250749,57804
206928,57804
207267,57804
207129,57804
242412,52620
246618,52620
129264,36720
244173,61348
183645,48298
71301,61280
244041,36720
128901,61348
209994,57804
155052,51316
61902,36720
65328,53046
196302,59394
186384,54864
153150,63136
153150,63540
249207,61280
192564,53160
203673,57804
207396,48298
181371,36720
206304,61348
223071,57804
172695,48298
60762,53386
231876,51316
188343,11490
186177,11490
189012,48298
154041,54864
180195,48298
218673,61348
129264,61348
207096,61280
196311,61280
191250,48298
182556,57804
222894,59394
247029,61348
244041,57804
66843,51316
71301,54864
153675,48298
156225,61280
181593,63360
206418,63360
247974,52620
183789,61348
212505,61348
203502,61348
203052,61348
63582,61348
250629,61348
205728,61348
158016,61348
66843,48298
237057,54290
206673,61348
227616,61280
154758,52620
157500,54864
197529,52620
217620,57804
217002,60
158658,59394
203232,11490
155016,61540
229473,59394
209976,57804
155085,11490
217293,52620
72918,52620
210897,61348
206460,61348
206367,61348
179700,48298
223728,52620
181746,51316
223389,55632
223389,57522
217620,54864
167256,36720
241263,61348
128685,59394
183912,53046
174195,36720
161787,57804
244287,63360
162984,61280
205740,50274
128901,48298
155016,57804
203232,60
206673,11490
220095,57804
206673,61280
221526,52620
210690,52620
180195,61348
179700,60
253578,36720
174513,59394
203166,61348
61305,61348
207588,61348
154869,57804
154665,11490
207105,59776
189009,61540
204780,60
69060,51316
210882,61348
231663,61348
222759,61348
206361,54290
189009,55632
189009,57522
244479,36720
223389,53046
221526,60
210690,60
248061,61280
206664,61348
153867,61280
179700,57804
206415,11490
204483,57804
200964,60
153765,54864
203673,63360
206460,11490
210897,11490
206367,11490
154485,36720
155106,51316
211047,48298
207129,54864
207267,54864
206838,54864
250749,54864
206928,54864
210186,57804
240852,61348
222759,11490
245631,36720
182292,52620
181593,54864
247029,61280
181371,53046
246627,11490
203301,11490
205332,63540
205332,63136
248061,51316
153138,59776
211542,61280
210129,61280
153675,59776
180195,61540
179790,48298
154041,36720
237804,36720
244173,48298
251106,3382
183789,57522
183789,55632
65067,61280
153765,36720
204522,61348
231057,52620
189009,51316
155337,51316
203055,59394
153867,57804
181593,53160
226848,61280
206418,51316
206664,57804
203328,32496
183363,63360
189012,61540
209976,59394
218673,51316
96138,61348
156225,53046
204657,57522
204657,55632
183672,52620
227616,36720
183789,48298
183450,48298
187650,61280
184950,52620
241263,55632
241263,57522
166599,3382
179790,61280
217620,48298
69060,60
208350,60
237057,54864
203145,61348
210633,54864
172695,61348
244446,61348
154779,53046
181746,61540
155052,57804
241263,48298
164970,53046
249081,51316
208521,36720
182556,11490
206964,61348
206772,61348
234120,60
183363,48298
228753,57804
253683,51316
203706,11490
183450,57804
208521,61540
231459,61348
229527,54864
247029,53046
203055,11490
67158,59394
181860,3382
154779,55632
154779,57522
234129,52620
164640,57804
155043,61348
65577,36720
247986,11490
191553,61540
183666,57804
238611,52620
203073,52620
203082,52620
211947,60
60762,54864
199854,54864
65052,57804
196302,53046
206787,53046
211989,52620
203727,52620
210897,54864
206367,54864
206460,54864
206928,61348
207267,61348
250749,61348
206838,61348
207129,61348
157854,53046
208590,32496
173940,36720
154041,51316
244173,54864
222894,57804
220218,61540
179700,54864
245631,54864
211740,53046
208899,60
203328,61348
244041,61348
219231,53046
208758,53046
182295,57804
188853,11490
88920,61348
181860,57804
208812,52620
208794,52620
242430,59776
165126,57522
165126,55632
253098,57522
253098,55632
166002,57804
244287,54864
238032,59776
240852,59394
225012,52620
206418,55632
206418,57522
244041,54864
201282,51316
208206,54864
209154,59776
211047,61540
253191,48980
203142,52620
230286,48298
183363,63136
183363,63540
231057,11490
157416,48298
231663,54864
208788,61540
238536,63360
153765,61348
154869,61348
237057,59776
209994,61540
206355,57804
206625,57804
237252,48298
205332,53046
208788,60
206673,54864
181860,48980
233814,11490
246054,61280
247029,54864
223782,59394
227664,57804
207396,57804
129264,61280
154665,63136
154665,63540
65328,36720
207618,57804
65052,61348
246627,60
203301,60
128763,59394
231876,48298
184674,59776
247986,61348
167256,54290
65577,61348
231057,54290
192549,63540
192549,63136
153765,61540
228438,36720
153150,53046
251121,61348
244479,57804
172008,54864
157854,48298
249081,59394
188100,48298
244005,36720
65067,61348
207105,57522
207105,55632
182556,51316
220095,54864
155016,54864
153288,59394
197676,36720
182556,54864
164640,60
157416,53046
96138,61540
154113,61540
201741,59394
253866,36720
154374,61540
231459,57522
231459,55632
188343,61348
153279,60
129264,48298
203232,61348
173940,57804
244287,53386
183912,54864
211047,36720
234129,57522
234129,55632
155016,36720
161787,61348
234951,55632
234951,57522
188961,61348
222750,52620
206355,54864
206625,54864
187650,57804
203706,60
153600,61540
210186,11490
207822,53046
251253,61348
65067,48298
183645,61540
154113,55632
154113,57522
251121,51316
192549,63360
206664,54864
154869,36720
231876,54290
155337,48298
153288,36720
242430,61348
212571,61540
71301,48298
242430,53046
65328,61540
153813,61540
175293,55632
175293,57522
241350,53160
206355,61348
206625,61348
188961,57804
244005,48298
72900,57522
72900,55632
208788,36720
199854,36720
228753,61280
183666,54864
192300,54290
153279,36720
203232,59394
201741,48298
197802,61540
210897,57804
206460,57804
206367,57804
139272,61280
189012,53046
212574,61540
242556,55632
242556,57522
251625,36720
206625,11490
206355,11490
206484,61280
206763,61280
211641,61280
206607,61280
65577,61540
204522,61540
155043,61540
164640,48298
231459,51316
174195,54864
223071,61348
153600,54864
191553,57804
253866,57804
184950,57522
184950,55632
204657,36720
206367,36720
210897,36720
206460,36720
229527,63540
229527,63136
210897,51316
206367,51316
206460,51316
242430,54864
207147,60
251106,48980
247374,61540
207147,61348
56871,11490
251121,60
191553,54864
153279,61280
201741,54864
231663,60
217620,36720
161787,54864
210129,51316
211542,51316
206460,61280
210897,61280
206367,61280
206964,11490
206772,11490
155016,48298
223071,51316
154485,54864
203232,51316
240939,53046
198573,53160
208872,53046
251625,51316
174195,61540
196311,57804
207096,57804
192300,53046
251121,11490
183789,61540
226623,60
153138,53160
153138,52620
208488,55632
208488,57522
154041,48298
197802,52620
244278,59394
234951,53046
172008,53386
229527,61540
210678,60
201282,36720
203673,36720
179790,54864
228753,51316
59700,59394
179790,51316
234129,63360
210186,36720
206763,60
206484,60
211641,60
206607,60
209976,36720
248178,60
162984,36720
245631,61348
188637,36720
181860,51316
210678,52620
166599,48980
212526,61540
244446,61540
154374,57804
180195,53046
244005,61348
139272,36720
231876,11490
65067,53046
220095,61348
206787,55632
196302,57522
206787,57522
196302,55632
249081,53046
228438,54864
187650,51316
180495,61540
206664,51316
65577,54864
182295,61348
191250,57522
191250,55632
210633,51316
230286,54864
156225,48298
206415,60
183363,53160
208350,51316
231459,61280
208488,53046
253578,51316
88920,55632
88920,57522
228438,48298
96138,59776
153675,54864
237252,51316
154041,53046
237804,54864
181110,61540
191553,48298
228438,59394
183450,53046
251721,61280
201837,61280
208545,61280
153279,57804
244173,59776
226623,52620
251631,60
154485,61540
249207,61348
201282,59394
188961,48298
181371,61540
234129,53046
186177,36720
182295,51316
212526,54864
253683,60
208206,61540
181746,54864
72900,52620
251106,11490
192300,57522
192300,55632
153138,63360
61902,54864
188100,57522
188100,55632
213102,55632
213102,57522
174513,48298
238536,54290
183645,53046
231459,48298
223782,57804
161787,61540
154869,54864
189009,53386
139272,60
220218,54864
206460,60
210897,60
206367,60
162984,54864
206664,61280
206763,61348
206607,61348
206484,61348
211641,61348
206838,61280
250749,61280
206928,61280
207267,61280
207129,61280
188343,51316
207396,53046
244005,53046
72645,54864
188961,51316
173940,59394
183363,59776
161787,36720
156225,57522
156225,55632
158658,57804
196311,11490
207096,11490
181593,59776
66843,61280
155043,36720
204522,36720
207618,36720
128685,54864
226140,48298
197676,48298
196311,61348
207096,61348
207105,54290
206664,60
206772,36720
206964,36720
173940,60
245631,53046
223389,53386
153675,61540
88920,61540
237804,61540
206361,59776
241263,61540
71301,61348
155052,61540
248061,48298
206415,61280
211641,11490
206484,11490
206763,11490
206607,11490
188343,54864
181371,54864
238032,61540
155106,48298
244041,48298
183789,36720
71301,55632
71301,57522
245631,61540
212571,60
208521,60
228753,54864
208545,51316
201837,51316
251721,51316
154869,61540
154665,53046
247374,48298
220632,61280
183912,55632
183912,57522
61902,53046
251625,59394
212526,48298
228753,61348
128685,60
203259,60
217380,60
174195,54290
212574,53046
96138,63360
157416,57522
157416,55632
179790,53046
210171,59394
206838,51316
206928,51316
207267,51316
250749,51316
207129,51316
154758,63360
203142,60
231057,61540
206787,61280
172695,61280
242571,61348
208503,61348
212892,61348
155085,61348
218673,60
188853,59394
229527,53160
157500,53386
222759,36720
210168,36720
211236,54864
249207,60
174513,36720
199854,48298
205332,53160
204762,60
227670,60
203133,60
217872,59394
194388,59394
248871,59394
236766,59394
230286,53046
174513,54864
188637,48298
206361,55632
206361,57522
216564,54290
188637,54864
63582,61280
158016,61280
212505,61280
203052,61280
250629,61280
203502,61280
205728,61280
244446,53046
207822,57522
207822,55632
186384,54290
247374,54864
206304,48298
201798,52620
206625,51316
206355,51316
206478,60
206355,61280
206625,61280
231663,59394
157854,61540
228753,36720
154869,48298
179700,53046
172695,36720
206928,36720
250749,36720
207129,36720
206838,36720
207267,36720
206673,51316
173940,61348
208899,52620
228753,48298
223389,63360
244041,61280
251625,61540
203055,60
206928,60
207267,60
250749,60
206838,60
207129,60
249081,36720
206415,61348
191250,53046
212526,61348
65052,48298
210171,57804
61902,61540
166002,63540
166002,63136
128685,51316
129264,53046
241350,48298
223071,54864
96138,54864
206355,36720
206625,36720
153150,53160
201798,60
182295,54864
231663,51316
66843,60
153675,53386
203256,61280
197676,51316
212574,59776
223728,55632
223728,57522
192564,61540
212571,36720
192300,59776
227664,63540
227664,63136
249081,61348
192618,52620
183645,63360
212526,57804
211236,61540
249081,57522
249081,55632
206772,51316
206964,51316
139272,11490
205740,60
181593,55632
181593,57522
228438,57804
210168,63540
210168,63136
231663,11490
181371,55632
181371,57522
206478,11490
199860,52620
229521,52620
210846,52620
223554,52620
205122,52620
59703,52620
192771,52620
203889,52620
251085,52620
238536,54864
207618,51316
227616,57804
166002,36720
223071,48298
241263,57804
244173,53046
208503,57804
242571,57804
223071,61280
206304,53046
210615,53046
162984,61348
192549,53160
253866,63136
253866,63540
128685,36720
208554,60
249795,60
196455,60
208821,60
200502,60
191553,36720
201837,11490
251721,11490
208545,11490
207096,60
196311,60
229527,53386
206664,36720
237804,54290
164970,55632
164970,57522
233814,51316
192300,63360
153813,61348
204657,54290
203055,51316
220095,51316
129264,61540
208566,60
246339,60
129204,60
205332,63360
206673,57804
153150,54864
199854,54290
222759,51316
247029,51316
204657,53386
188637,51316
180195,59776
183912,54290
153675,52620
207096,54864
196311,54864
183450,61540
164640,53046
65067,61540
206673,60
251253,51316
241263,36720
237252,61540
71301,61540
153675,54290
222894,53046
211740,48298
211047,54864
222759,57804
128685,48298
161208,36720
59700,36720
167256,53046
188961,60
244446,48298
206664,53046
227616,60
196302,61280
199854,57522
199854,55632
238536,59776
224526,57804
183450,54864
65052,53046
248178,52620
155337,53160
154374,36720
188343,57804
253578,57804
212574,48298
210171,36720
246054,51316
188100,61540
195723,57522
195723,55632
206772,61540
206964,61540
155085,51316
154758,61348
206478,61280
153813,63360
231876,59776
224526,63360
246054,61348
210633,52620
237057,51316
205332,36720
192564,57804
244278,54864
206304,61540
198573,63360
217620,61348
206478,61348
166002,61540
154485,57522
154485,55632
206964,60
206772,60
174513,61348
210393,52620
234093,52620
234129,54290
250749,53046
207267,53046
206838,53046
206928,53046
207129,53046
220218,63540
220218,63136
154374,48298
206787,48298
196302,48298
247029,48298
203073,60
183450,36720
216564,11490
183645,63136
183645,63540
167256,63360
206361,53046
65577,53046
244173,57522
244173,55632
181593,53386
220632,61348
227616,51316
186384,53046
208788,57804
222759,61540
210168,53160
252210,60
56871,57804
158658,54864
253578,60
244041,61540
60762,55632
60762,57522
231057,55632
231057,57522
208206,57522
208206,55632
179700,51316
203328,61280
204483,53046
157500,52620
161208,57804
180195,55632
180195,57522
186177,54864
241350,54290
184605,48298
222759,60
244278,57804
188853,36720
244278,48298
154665,54290
248061,61348
194601,53046
207396,61540
206799,11490
208206,36720
234129,63540
234129,63136
222894,36720
188961,36720
156063,52620
189009,59776
162984,57804
249081,60
165183,60
183363,54864
172695,61540
207105,61540
154665,57522
154665,55632
156225,51316
204093,57804
165183,61280
226848,54864
244041,60
155085,53046
204483,36720
182556,48298
128901,61540
210633,61540
209976,48298
172695,54864
207147,57804
189009,63540
189009,63136
206625,60
206355,60
244479,54864
211236,57804
244005,61540
207822,53386
206799,57522
206799,55632
157854,54290
203145,61280
139272,61348
165183,61348
205740,11490
246054,54864
203328,60
174513,51316
201741,53046
220218,63360
197529,60
206952,53046
207822,54290
218673,11490
205740,59396
205740,62274
220218,57522
220218,55632
96138,55632
96138,57522
182556,61348
203673,54864
128763,54290
129264,51316
188100,59776
223782,54864
129204,52620
208566,52620
246339,52620
244041,51316
188637,61348
174195,57522
174195,55632
155085,57522
155085,55632
192549,61348
244041,53046
181110,61348
128763,48298
207396,51316
238032,52620
242430,55632
242430,57522
59700,57804
65328,55632
65328,57522
240852,54864
207105,52620
203082,60
238611,60
155337,61540
212571,11490
242430,52620
155337,36720
203532,11490
249207,57804
231663,53046
227664,63360
240939,52620
153675,53046
253578,61348
229341,52620
234972,52620
234018,52620
249207,54864
188961,53046
204771,36720
203316,60
155052,55632
155052,57522
234120,52620
166002,51316
128901,63136
128901,63540
173940,53046
71301,59776
223389,52620
162984,60
181593,52620
206361,60
212526,53046
233814,54864
222894,60
153279,61348
240852,60
188853,54864
173940,51316
204483,61540
210882,61280
167256,63136
167256,63540
228438,61540
206460,53046
206367,53046
210897,53046
164970,54290
155016,61348
67158,57804
191553,61348
238536,55632
238536,57522
249081,61280
56871,61348
157500,61540
129264,60
191250,61540
209976,54864
174513,53046
206361,53386
188100,61348
155085,61540
206964,57804
206772,57804
247374,53046
181746,54290
154041,54290
208521,57804
201741,51316
204093,59394
211047,57804
157854,53160
206460,61540
206367,61540
210897,61540
157854,55632
157854,57522
182556,61540
67158,36720
56871,54864
154113,54290
220095,48298
248550,60
219522,60
164661,55632
164661,57522
217872,57804
194388,57804
248871,57804
236766,57804
204483,48298
222894,54864
209976,60
196311,36720
207096,36720
155337,54290
210186,54864
211947,52620
128763,36720
238536,53160
209976,51316
231663,55632
231663,57522
224526,61348
189012,63360
251625,57804
153600,53046
204522,57522
204522,55632
203145,63540
203145,63136
154374,53046
203673,53160
206673,61540
155337,53386
249207,36720
211236,36720
188637,53046
227616,61540
172695,53046
188637,60
96138,52620
153288,61280
216564,48298
230286,54290
155337,53046
65052,54864
158658,61280
155337,55632
155337,57522
197676,53046
203532,60
155043,55632
155043,57522
181110,63540
181110,63136
253683,59394
218673,57804
217872,61540
194388,61540
236766,61540
248871,61540
201282,57804
208350,61280
201741,55632
201741,57522
60762,53046
217872,60
194388,60
248871,60
236766,60
208590,60
242571,60
208503,60
157500,63136
157500,63540
242430,63360
227664,53160
174195,63136
174195,63540
154665,53386
226848,60
128763,54864
206355,53046
206625,53046
216564,54864
206799,53046
209994,57522
209994,55632
157854,63360
65328,54290
247029,57522
247029,55632
238032,63360
206772,55632
206964,57522
206964,55632
206772,57522
153813,11490
179700,61540
242430,63136
242430,63540
167256,55632
167256,57522
209994,36720
158658,48298
208503,61280
242571,61280
247986,61280
183363,52620
207147,54864
207822,61540
251631,52620
237057,52620
167256,53160
181110,63360
250629,60
63582,60
203502,60
203052,60
212505,60
205728,60
158016,60
188853,48298
157416,61540
246054,53046
188853,53046
173940,48298
128763,61280
182295,53046
181746,63360
244479,61540
162984,48298
153150,57522
153150,55632
205332,54290
199854,63360
238032,54290
209994,53386
191250,36720
153288,57804
220632,51316
251625,61348
237804,55632
237804,57522
246054,59776
203673,53046
244173,63360
208590,61280
212526,36720
201282,61348
208521,63360
206415,54864
174195,63360
183450,61280
209154,52620
204522,53046
96138,53160
222759,55632
222759,57522
165183,54864
252210,52620
166002,54290
155106,53046
209976,61280
250749,61540
207267,61540
206928,61540
206838,61540
207129,61540
153150,63360
234129,53160
153765,55632
153765,57522
251253,11490
179790,54290
154758,63136
154758,63540
230286,53386
197676,60
183363,54290
209976,61540
128901,60
212574,61348
240852,61280
246054,61540
197802,51316
153813,63136
153813,63540
203316,52620
203328,36720
155043,53046
61908,61280
249579,61280
205905,61280
220218,53160
164970,61540
253683,61348
189012,54864
206355,61540
206625,61540
207618,63360
154374,54864
189012,63540
189012,63136
164970,52620
223071,53046
157500,55632
157500,57522
229527,63360
201741,61540
207147,51316
248871,36720
194388,36720
236766,36720
217872,36720
227616,55632
227616,57522
161787,53046
204483,54864
181746,59776
203532,36720
247374,59776
245631,55632
245631,57522
197802,59776
241263,63540
241263,63136
128763,61348
226140,54290
166002,53046
223782,48298
155337,63540
155337,63136
69060,61280
206799,60
211542,60
210129,60
249795,52620
196455,52620
200502,52620
230286,55632
230286,57522
229473,36720
246627,61540
203301,61540
153600,63136
153600,63540
155106,57522
155106,55632
228438,51316
205740,51316
61902,63360
208788,61348
186384,63360
174513,60
251121,61540
153600,53160
253191,51316
199854,53160
206664,57522
206664,55632
247374,63540
247374,63136
61902,54290
210882,63540
210882,63136
199854,63136
199854,63540
208521,11490
237057,61540
206418,53386
237804,63136
237804,63540
200964,55632
200964,57522
253191,59394
206772,48298
206964,48298
181746,53046
222894,51316
129264,55632
129264,57522
153150,54290
209994,53046
67158,61348
251121,36720
182295,61540
244278,36720
182556,53046
155016,63360
153600,63360
184674,52620
211641,54864
206484,54864
206763,54864
206607,54864
251121,57804
183645,53160
231057,53386
154869,53046
208488,52620
207147,36720
206415,57804
229473,57804
206418,53046
219522,52620
218673,36720
203706,61540
203532,61540
197676,57522
197676,55632
166002,54864
203673,48298
174513,57522
174513,55632
188637,61280
206361,52620
191250,54290
208590,61348
248061,54864
158658,36720
206478,54864
248061,53046
220632,54864
166599,57804
56871,51316
205332,54864
223782,61280
203055,57804
153813,53160
157416,51316
206928,48298
207129,48298
207267,48298
250749,48298
206838,48298
251253,60
153600,59776
154041,61280
206664,61540
212571,63540
212571,63136
253866,48298
167256,53386
222759,48298
206772,59776
206964,59776
227616,48298
157500,53046
188853,60
164970,59776
155106,36720
251253,57804
153150,52620
212571,63360
204657,63360
139272,57804
208788,61280
241263,63360
253578,61280
212892,36720
188961,61280
207105,53386
183912,63540
183912,63136
203181,36720
203871,36720
157500,59776
233814,53046
156225,54290
253191,61540
253191,57804
198573,54290
154758,11490
188961,61540
197676,61280
186177,63360
220095,61540
238536,52620
207618,53046
179790,55632
179790,57522
180495,36720
238032,63136
238032,63540
186384,59776
182295,48298
154041,57522
154041,55632
154374,63540
154374,63136
210186,54290
153675,63360
197802,53046
88920,63360
227616,53046
244446,63360
128901,59776
210168,57804
212574,54864
247374,55632
247374,57522
249207,51316
164640,55632
164640,57522
241350,54864
153600,57522
153600,55632
212571,57804
242430,53160
208821,52620
208554,52620
180195,63360
189009,52620
223389,53160
201282,61540
203502,36720
63582,36720
212505,36720
203052,36720
158016,36720
250629,36720
205728,36720
181746,63540
181746,63136
244287,53046
231459,36720
183912,63360
128685,61280
161787,55632
161787,57522
192300,53386
208521,63136
208521,63540
228438,53046
65577,57522
65577,55632
206673,53046
227664,59776
188343,53046
206415,51316
183666,63360
223389,63136
223389,63540
158016,11490
203052,11490
212505,11490
250629,11490
63582,11490
203502,11490
205728,11490
251625,63360
192300,63136
192300,63540
186177,54290
228753,53046
188853,51316
61902,63136
61902,63540
220218,54290
204093,36720
230286,61540
155052,36720
210186,48298
206418,60
206799,36720
154113,53386
253866,61540
188343,61540
210171,61348
253683,61540
188343,48298
166599,51316
153600,53386
222759,53046
218673,61540
250749,55632
206838,55632
207129,57522
207129,55632
206928,55632
207267,55632
206928,57522
206838,57522
207267,57522
250749,57522
161208,61348
206460,55632
206367,55632
206367,57522
210897,57522
210897,55632
206460,57522
247374,53160
174195,53160
244278,55632
244278,57522
201741,61348
181860,48298
174513,61280
139272,54864
153867,48298
253578,61540
228438,61280
158658,60
155085,36720
253683,57804
231459,61540
223782,36720
182295,36720
244287,55632
244287,57522
208788,63360
212574,52620
184605,54290
208872,52620
217620,55632
217620,57522
180195,52620
161208,61280
155043,53386
211740,36720
201741,60
210633,53386
220095,53046
128685,57522
128685,55632
211236,48298
228438,55632
228438,57522
203301,36720
246627,36720
181110,11490
208590,36720
208503,36720
242571,36720
253866,53160
186384,57522
186384,55632
181746,53160
72645,36720
203673,55632
203673,57522
209976,53046
206418,52620
179790,53386
162984,61540
155016,53046
154758,53160
206673,55632
206673,57522
180195,63540
180195,63136
88920,59776
244173,52620
210846,60
223554,60
203889,60
205122,60
229521,60
199860,60
59703,60
251085,60
192771,60
65067,63360
72645,48298
237804,63360
128685,53046
244005,54864
208206,54290
153600,54290
223071,55632
223071,57522
128763,51316
155106,61540
247029,61540
154485,63136
154485,63540
247374,63360
211236,53046
139272,51316
153765,54290
206361,61540
217620,63360
191250,53386
244278,61540
189012,53160
223782,60
153675,53160
154374,53160
204093,51316
88920,53160
206355,48298
206625,48298
181860,60
212526,57522
212526,55632
229473,61280
181110,53160
167256,59776
183666,53046
192564,48298
172695,51316
180195,54290
206418,63136
206418,63540
228753,57522
228753,55632
231057,63360
206664,48298
203166,36720
61305,36720
207588,36720
61902,55632
61902,57522
65052,63360
192300,53160
196302,51316
66843,61540
251625,63136
251625,63540
197676,61540
240852,53046
203706,36720
128685,61348
230286,59776
65577,53160
248550,52620
220095,36720
251721,60
201837,60
208545,60
189009,63360
248061,61540
241263,53160
233814,54290
128763,55632
128763,57522
154485,63360
172008,57522
172008,55632
128763,53046
244041,55632
244041,57522
234129,53386
206787,51316
238032,53046
204771,57804
226140,52620
197802,63360
153279,51316
206355,57522
206355,55632
206625,55632
206625,57522
188637,57522
188637,55632
203055,54864
204522,53386
65577,63360
247029,36720
69060,57804
212574,63360
188637,61540
206478,57804
251106,51316
71301,63360
154485,54290
211047,63136
211047,63540
203055,61280
210171,51316
231057,53046
237057,53386
208758,55632
208758,57522
219231,55632
219231,57522
187650,61348
222759,59776
183666,54290
154113,63360
253578,48298
186384,63540
186384,63136
65577,53386
247374,52620
244446,63540
244446,63136
210168,54864
181860,53046
155052,53046
198573,52620
204771,54864
153765,63360
154113,59776
158658,51316
188100,63360
216564,53386
204093,61348
211047,53046
166002,53160
65067,63540
65067,63136
222894,61280
207396,36720
207822,59776
216564,57522
216564,55632
153765,53386
212526,63360
183789,63360
129264,59776
166002,60
205740,61348
182556,36720
212892,54864
153675,63540
153675,63136
242430,54290
153765,53160
181860,36720
188961,54864
206367,48298
206460,48298
210897,48298
180195,53160
237057,55632
237057,57522
207105,63360
199854,53046
153288,51316
165183,57804
153150,59776
189009,53160
208503,61540
242571,61540
197676,54290
244278,53046
253683,36720
244278,61348
253866,54864
209976,57522
209976,55632
179790,61540
238032,53386
206763,57804
211641,57804
206607,57804
206484,57804
203328,57804
183450,55632
183450,57522
207105,63136
207105,63540
184605,54864
210633,57522
210633,55632
205332,57522
205332,55632
88920,63136
88920,63540
56871,48298
153867,53046
187650,61540
203232,61280
206304,63540
206304,63136
154869,57522
154869,55632
153675,55632
153675,57522
220095,55632
220095,57522
208350,57804
206673,48298
154113,63540
154113,63136
228438,60
212571,53160
183645,59776
206964,53046
206772,53046
236766,61280
194388,61280
217872,61280
248871,61280
248871,61348
236766,61348
194388,61348
217872,61348
237804,53160
231663,48298
128901,63360
182556,55632
182556,57522
153867,54864
238032,57522
238032,55632
226140,59776
186384,53386
181746,55632
181746,57522
189012,55632
189012,57522
249207,48298
238032,53160
212892,57804
244278,51316
204657,53160
181746,53386
207096,51316
196311,51316
203181,54864
203871,54864
186384,53160
212526,63136
212526,63540
174513,61540
155016,55632
155016,57522
244041,59776
129264,63360
183645,54864
186177,63540
186177,63136
65052,55632
65052,57522
188343,57522
188343,55632
153288,61348
203871,48298
203181,48298
211740,60
224526,63540
224526,63136
206304,63360
251625,48298
206673,59776
66843,54864
227616,59776
241350,57522
241350,55632
153765,63540
153765,63136
209994,63360
226848,48298
241350,53386
242430,53386
198573,54864
179700,36720
181371,63360
211047,54290
244278,61280
188853,57522
188853,55632
226848,51316
226848,53046
192300,52620
172008,53046
204657,63540
204657,63136
244173,63136
244173,63540
209994,54290
188100,52620
71301,52620
188853,61280
231876,53386
211047,63360
251106,57804
212526,53160
183789,63136
183789,63540
153279,48298
166599,59394
207618,55632
207618,57522
201741,61280
207396,57522
207396,55632
226848,61540
207618,53160
65577,63136
65577,63540
72645,61540
223782,51316
244479,63360
204093,53046
228753,61540
237252,36720
179700,57522
179700,55632
222894,61540
208521,53160
187650,53046
183912,53160
71301,63540
71301,63136
204522,63360
155043,63360
203673,63540
203673,63136
153600,52620
153867,61540
211047,53160
224526,59776
212574,63540
212574,63136
210168,61540
207822,52620
201282,48298
244479,53046
166599,61540
253578,53046
210186,59776
162984,51316
183666,59776
201282,60
244005,57522
244005,55632
192564,52620
246054,63360
204771,61540
196302,36720
88920,53386
161208,60
59700,60
206304,54864
244173,54290
253191,36720
181371,63136
181371,63540
154374,63360
187650,48298
245631,63360
59700,61280
203871,61540
203181,61540
158658,61348
180495,54290
217872,63360
236766,63360
194388,63360
248871,63360
191553,57522
191553,55632
96138,53046
206787,36720
207105,53160
229473,61348
162984,59776
226848,57522
226848,55632
244041,63360
153867,61348
192549,11490
188100,63136
188100,63540
227664,54864
153279,54864
206415,36720
253866,54290
181860,59394
65577,54290
207618,53386
154113,53160
183666,63540
183666,63136
208590,61540
249207,53046
231057,63136
231057,63540
186177,53386
204093,48298
183363,53386
220218,59776
154041,53386
223782,53046
191553,63360
191250,53160
71301,53160
72645,57804
196302,60
203145,36720
153279,53046
248061,59776
181860,54864
210633,63136
210633,63540
212574,53160
154485,53160
96138,54290
206964,63360
206772,63360
173940,61540
158658,53046
211740,61540
206787,60
217620,53046
210171,60
224526,53160
156225,61540
228438,61348
188343,36720
128901,61280
251106,36720
65052,63136
65052,63540
240852,57522
240852,55632
210882,36720
208812,53046
208794,53046
157854,53386
174195,53386
249081,61540
154758,54290
207096,55632
207096,57522
196311,57522
196311,55632
128763,60
203181,57804
203871,57804
164970,53160
174513,54290
251106,60
249207,61540
233814,59776
196311,53046
207096,53046
231876,61540
228438,59776
158658,61540
186177,53160
244173,53160
61902,53160
188100,53160
251106,54864
200964,53046
206418,53160
231876,52620
203145,53160
183666,53160
222759,63360
208206,63136
208206,63540
180195,53386
227664,48298
56871,61540
153288,53046
249081,54290
229527,57522
229527,55632
56871,36720
244446,53160
65328,63360
226140,63136
226140,63540
253683,53046
204771,48298
128901,53046
162984,57522
162984,55632
161208,51316
59700,51316
65067,53160
206478,51316
183666,53386
183666,57522
183666,55632
212574,55632
212574,57522
153288,60
65328,63540
65328,63136
172695,63360
155043,54290
88920,54290
189012,59776
211740,54290
153867,59776
172695,60
153288,48298
65067,54864
223071,61540
206367,63360
206460,63360
210897,63360
207147,61540
244446,54864
209976,61348
183912,53386
223782,61348
165183,36720
166599,36720
224526,53046
182295,55632
182295,57522
183789,53160
226140,53386
206799,48298
139272,61540
207096,61540
196311,61540
71301,54290
156225,53386
181746,52620
61908,36720
249579,36720
205905,36720
186177,59776
128901,52620
180495,63360
157500,53160
65052,53160
186177,57522
186177,55632
206673,63360
158658,55632
158658,57522
227616,63360
205740,59394
153813,54864
226848,57804
251625,61280
211236,57522
211236,55632
155016,53160
206304,53160
166002,63360
220632,61540
207588,57804
61305,57804
203166,57804
198573,53046
249207,57522
249207,55632
187650,54864
206367,53160
206460,53160
210897,53160
227664,52620
210168,48298
162984,53046
206799,61540
226140,63360
210186,51316
210171,48298
201282,61280
183363,57522
183363,55632
238536,53386
247374,54290
242571,11490
208503,11490
155337,63360
237057,53046
251253,36720
59700,61348
157416,54290
229473,60
67158,61280
204522,54290
180495,53386
223782,55632
223782,57522
210171,61280
212892,61540
244446,59776
209994,53160
230286,52620
164640,61540
165183,53046
210633,53046
203256,36720
208590,57804
153813,48298
220632,48298
206838,63360
207129,63360
206928,63360
250749,63360
207267,63360
174195,59776
129264,54290
155052,63360
67158,53046
237804,53386
212892,48298
153813,54290
183645,54290
205905,57804
61908,57804
249579,57804
220632,55632
220632,57522
222894,55632
222894,57522
192564,54864
184605,53386
248061,55632
248061,57522
228438,63360
61305,54864
207588,54864
203166,54864
183450,63360
223782,61540
206355,63360
206625,63360
253578,54864
231057,53160
172695,55632
172695,57522
154041,61540
61902,59776
233814,48298
210171,53046
206367,59776
210897,59776
206460,59776
201741,59776
201282,63360
201282,63136
201282,63540
248061,54290
251106,59394
198573,59776
226140,54864
237252,54290
165183,51316
155016,63136
155016,63540
237252,53386
203673,54290
204483,55632
204483,57522
245631,53386
203256,63136
203256,63540
191553,53046
206787,54290
244005,63360
88920,52620
153288,61540
233814,57522
233814,55632
203256,57804
183912,59776
244173,53386
240852,57804
188853,61540
187650,59776
246627,63360
203301,63360
231663,61280
166002,57522
166002,55632
192564,63360
248061,53386
155085,53386
206415,61540
226140,53160
56871,53046
181371,53160
206460,63540
206460,63136
210897,63540
206367,63136
210897,63136
206367,63540
181860,61540
210882,53160
197676,59776
208206,53160
208788,63540
208788,63136
251253,61540
206799,51316
206478,36720
161787,63360
237057,63540
237057,63136
253191,63360
212574,54290
155052,53386
244446,57522
244446,55632
183645,55632
183645,57522
253683,48298
206415,53046
229527,53046
161208,53046
240852,51316
207147,53046
206664,63360
207618,63540
207618,63136
244479,63136
244479,63540
199854,59776
222894,54290
208350,54864
69060,54864
207147,55632
207147,57522
184605,55632
184605,57522
211542,61540
210129,61540
203532,63360
203706,63360
240852,48298
203328,11490
211047,53386
203871,63136
203181,63540
203181,63136
203871,63540
246054,52620
245631,54290
210171,54864
220632,53046
210633,63360
192549,54290
217620,53160
181110,54290
244005,63540
244005,63136
155085,63360
191250,63360
208206,63360
186384,52620
65328,53160
207822,63540
207822,63136
209976,59776
72645,53160
204483,63540
204483,63136
153288,54864
251106,48298
167256,52620
251121,63360
203232,57804
164640,36720
165183,57522
165183,55632
154869,63360
250749,59776
207129,59776
206928,59776
207267,59776
206838,59776
253683,63360
211047,57522
211047,55632
196302,61540
217620,59776
253866,63360
165183,48298
157500,63360
244278,60
181371,54290
157416,53386
204657,59776
172695,63136
172695,63540
153150,53386
206787,61540
156225,36720
253683,54864
197676,63136
197676,63540
207096,48298
196311,48298
206304,57522
206304,55632
207822,53160
65067,57522
65067,55632
206355,59776
206625,59776
251121,63540
251121,63136
203181,53160
203871,53160
181110,54864
251625,59776
172695,59776
65328,53386
206415,55632
206415,57522
246054,55632
246054,57522
173940,61280
199854,53386
59700,53046
245631,59776
218673,54864
155052,54290
212574,53386
238536,53046
218673,53046
204093,61540
196302,54290
203532,57804
224526,48298
244479,57522
244479,55632
188637,54290
66843,53046
154113,52620
155106,54290
154374,57522
154374,55632
206607,55632
206763,55632
206763,57522
211641,57522
211641,55632
206484,55632
206484,57522
206607,57522
207618,59776
72645,53046
197676,63360
206484,53046
206763,53046
206607,53046
211641,53046
71301,53386
246627,63540
203301,63136
203301,63540
246627,63136
189012,54290
216564,53046
181860,61348
249579,54864
205905,54864
61908,54864
203673,59776
72645,63136
72645,63540
153288,55632
153288,57522
211236,63360
128901,54290
179790,59776
188853,61348
153813,55632
153813,57522
188637,59776
204522,53160
155043,53160
230286,63360
204093,60
157416,36720
206664,59776
172695,54290
208503,54864
242571,54864
211047,59776
155085,54290
223071,54290
206304,59776
164970,63360
128763,61540
249207,59776
66843,59776
237804,59776
251625,60
154041,63540
154041,63136
206478,53046
203256,54864
203532,63136
203532,63540
203706,63136
203706,63540
206361,63360
210186,52620
180495,53160
66843,54290
61305,61540
207588,61540
173940,54864
207396,53386
187650,55632
187650,57522
201741,63360
191553,53160
228753,54290
129264,63136
129264,63540
206478,57522
206478,55632
188961,63136
188961,63540
164640,51316
229473,51316
203328,61540
230286,53160
155016,59776
191250,63540
191250,63136
139272,55632
139272,57522
181110,48298
164640,54290
139272,53046
66843,52620
204093,61280
56871,55632
56871,57522
154485,59776
203166,61540
227664,55632
227664,57522
203145,54864
209976,63360
203232,54864
203328,53046
183450,63540
183450,63136
203328,54864
247374,53386
204483,53160
220632,57804
198573,53386
249081,53386
180495,63540
180495,63136
247986,61540
210186,53386
158016,57804
250629,57804
203052,57804
203502,57804
63582,57804
205728,57804
212505,57804
244005,53160
67158,57522
67158,55632
203301,57804
246627,57804
246054,53160
231459,63360
61902,53386
207822,63360
203055,53046
251721,61540
208545,61540
201837,61540
65577,59776
196311,59776
139272,59776
207096,59776
188100,54290
65328,59776
210186,61540
186177,52620
188961,55632
188961,57522
205905,63136
61908,63540
61908,63136
205905,63540
249579,63136
249579,63540
165183,61540
67158,48298
253866,57522
253866,55632
155106,53386
244041,54290
230286,63540
230286,63136
207618,54290
153867,55632
153867,57522
67158,51316
206484,51316
206607,51316
206763,51316
211641,51316
253683,61280
203055,55632
203055,57522
128901,53160
246054,63136
246054,63540
65067,59776
211542,36720
210129,36720
210171,55632
210171,57522
241263,54290
66843,63540
66843,63136
253191,61280
153765,59776
72645,63360
183789,54290
220218,52620
210882,54864
158016,61540
250629,61540
205728,61540
212505,61540
203502,61540
63582,61540
203052,61540
203532,54864
203706,57804
244041,63136
244041,63540
248061,63360
174513,59776
212571,54864
208521,54864
245631,53160
237057,63360
179790,63136
179790,63540
206763,36720
206484,36720
211641,36720
206607,36720
247986,48298
253191,60
206478,61540
203256,53160
224526,54864
251106,53046
205332,59776
253866,52620
166002,53386
197802,63136
197802,63540
128901,54864
161787,54290
251253,53046
174513,53386
237252,63360
208788,11490
203181,63360
203871,63360
183789,53386
191553,59776
188100,53386
217872,53046
236766,53046
194388,53046
248871,53046
233814,53386
204522,63540
155043,63540
155043,63136
204522,63136
247029,54290
251121,53160
173940,63540
173940,63136
188637,63360
204483,63360
231459,54290
211740,51316
208503,63360
242571,63360
155337,52620
183645,52620
253578,55632
253578,57522
153279,61540
72645,57522
72645,55632
154869,54290
128685,61540
181110,55632
181110,57522
129264,53160
222894,63360
207147,59776
211740,59776
251253,54864
166599,60
67158,60
206787,53386
166002,52620
210186,57522
210186,55632
207147,48298
166599,63360
179790,63360
244278,63360
231876,63540
231876,63136
246627,54864
203301,54864
210129,63540
210129,63136
211542,63136
211542,63540
231663,36720
197676,53386
248871,54864
217872,54864
236766,54864
194388,54864
205740,61280
253191,61348
153279,57522
153279,55632
203145,57804
188961,63360
229473,53046
59700,48298
61305,48298
203166,48298
207588,48298
210882,57804
203256,61540
66843,55632
66843,57522
206673,53160
241263,53386
161208,48298
208350,36720
229473,48298
247986,57804
209994,63136
209994,63540
155106,63360
228753,59776
231876,63360
203145,61540
217620,53386
227664,54290
203055,48298
154869,53160
218673,63360
203706,54864
166002,59776
208590,11490
69060,36720
247986,54864
96138,53386
206415,48298
161787,59776
210129,57804
211542,57804
203301,53160
246627,53160
228753,53386
206361,63540
206361,63136
244041,53160
217620,63136
217620,63540
183666,52620
253191,48298
69060,63136
69060,63540
59700,54864
154041,63360
153279,54290
161208,54864
229473,54864
174513,63360
161208,55632
161208,57522
129264,53386
189012,52620
251121,53046
161787,53386
192549,48298
65052,59776
67158,54864
212571,53046
208521,53046
212526,54290
174195,52620
208794,55632
208794,57522
208812,55632
208812,57522
162984,63360
181371,59776
196302,59776
208788,53160
203532,53160
203706,53160
208545,36720
201837,36720
251721,36720
206664,63540
206664,63136
222894,63540
222894,63136
207396,63360
220218,53386
206787,59776
153867,63360
206799,59776
154869,53386
208590,63360
253683,63540
253683,63136
196302,53386
183450,54290
231459,53386
208350,48298
69060,48298
155043,59776
204522,59776
251625,53160
166599,48298
251121,54864
249207,54290
249081,59776
210633,53160
128763,53386
166599,61348
211641,61540
206607,61540
206484,61540
206763,61540
206673,63136
206673,63540
183912,52620
206415,59776
183363,53046
237252,63136
237252,63540
154041,53160
204483,54290
179700,54290
208350,63136
208350,63540
166599,53046
59700,55632
59700,57522
204093,54864
65577,52620
211047,52620
154869,59776
154041,59776
222759,54290
197802,60
188961,54290
227616,53160
250629,63540
205728,63136
63582,63136
203052,63136
63582,63540
250629,63136
158016,63136
203502,63540
212505,63136
212505,63540
158016,63540
203502,63136
203052,63540
205728,63540
245631,63136
245631,63540
204771,63540
204771,63136
179700,63360
154869,63540
154869,63136
208545,57804
201837,57804
251721,57804
244479,54290
183450,53160
154374,54290
226848,53386
208350,53046
154758,48298
206799,54290
223071,53386
253191,53046
66843,63360
253866,53386
226848,54290
158658,59776
191553,53386
59700,61540
161208,61540
206361,53160
204093,63136
204093,63540
155052,63136
155052,63540
69060,53046
253578,63360
128685,54290
206664,54290
206355,53160
206625,53160
248061,52620
67158,61540
227616,54290
211236,53160
210171,61540
233814,61540
153288,63540
153288,63136
182556,63360
191553,63136
191553,63540
220095,54290
244479,53160
204771,53160
187650,63360
212526,53386
173940,57522
173940,55632
197676,53160
157416,63360
154485,53386
181860,57522
181860,55632
241350,53046
161787,53160
246627,53046
203301,53046
210882,61540
206772,54290
206964,54290
233814,52620
223071,59776
61908,61540
249579,61540
205905,61540
204771,55632
204771,57522
139272,48298
207396,54290
222894,53386
244446,52620
165183,59776
155052,53160
212505,63360
250629,63360
158016,63360
63582,63360
205728,63360
203052,63360
203502,63360
204771,63360
229473,55632
229473,57522
205905,53160
249579,53160
61908,53160
244278,59776
206772,53160
206964,53160
222759,53160
179790,53160
186177,53046
251106,61280
208206,53386
251121,48298
203256,48298
223071,63360
228753,63360
188637,53386
198573,55632
198573,57522
153867,52620
201282,59776
206928,53160
207129,53160
250749,53160
207267,53160
206838,53160
203706,53046
206673,54290
237804,52620
210129,53160
211542,53160
183789,59776
206928,54290
206838,54290
207267,54290
250749,54290
207129,54290
222894,59776
227616,63540
227616,63136
205332,53386
217620,54290
253191,54864
205332,52620
218673,63136
218673,63540
237252,53160
206460,54290
206367,54290
210897,54290
249081,63360
247029,53386
244005,54290
240852,61540
206460,52620
206367,52620
210897,52620
201837,63136
201837,63540
208545,63136
251721,63136
251721,63540
208545,63540
153813,53386
251106,55632
251106,57522
206664,53160
206304,52620
192564,54290
203232,48298
226140,57522
226140,55632
241263,59776
210171,54290
201741,54290
153765,52620
251106,61540
206355,63540
206625,63136
206625,63540
206355,63136
231663,61540
253191,63136
253191,63540
210168,63360
69060,53160
194388,48298
217872,48298
236766,48298
248871,48298
173940,54290
166599,61280
223782,59776
211236,63136
211236,63540
164970,63540
164970,63136
203328,63540
203328,63136
253683,57522
253683,55632
188637,63136
188637,63540
208590,54864
206673,52620
173940,63360
205905,48298
61908,48298
249579,48298
192564,59776
204093,55632
204093,57522
222759,53386
207588,63136
203166,63540
203166,63136
207588,63540
61305,63136
61305,63540
226140,53046
166599,54864
162984,63136
162984,63540
208521,59776
72645,53386
61908,55632
61908,57522
249579,57522
249579,55632
205905,57522
205905,55632
162984,54290
155016,53386
210168,57522
210168,55632
210186,53046
248061,53160
203145,48298
231459,63136
231459,63540
206964,52620
206772,52620
244446,54290
61305,53160
207588,53160
224526,57522
224526,55632
211542,54864
210129,54864
231459,53160
188853,59776
242571,57522
208503,57522
242571,55632
208503,55632
161787,63136
161787,63540
237057,53160
203673,53386
65067,52620
227616,53386
208350,57522
208350,55632
246054,53386
203328,55632
203328,57522
206838,63540
207267,63136
206928,63136
207129,63540
207129,63136
207267,63540
206838,63136
250749,63540
206928,63540
250749,63136
203166,53160
161208,54290
220095,53386
218673,48298
207396,53160
183645,53386
156225,53160
179790,52620
249207,63360
209994,59776
69060,55632
69060,57522
153867,63136
153867,63540
244041,53386
206478,59776
156225,63360
155016,54290
153288,63360
211542,63360
210129,63360
191250,59776
253578,63540
253578,63136
206964,53386
206772,53386
182295,63360
66843,53160
204657,52620
206478,48298
154485,52620
247029,63136
247029,63540
212892,63360
65328,52620
67158,54290
61902,52620
208503,53046
242571,53046
206304,54290
129264,52620
188961,53160
208350,53160
224526,52620
158658,63360
191553,54290
187650,52620
229473,61540
236766,63540
194388,63540
217872,63136
248871,63540
248871,63136
236766,63136
194388,63136
217872,63540
65067,54290
207147,63360
196302,63360
164640,53386
231876,53160
244479,59776
212892,53160
203055,61540
248061,63136
248061,63540
196311,63360
207096,63360
139272,63360
206787,63360
203232,36720
155106,53160
155106,63136
155106,63540
251625,54864
251625,52620
192549,54864
212892,63136
212892,63540
212571,59776
210882,48298
203256,63360
220095,63360
155337,59776
206625,54290
206355,54290
210882,55632
210882,57522
227616,52620
201741,63136
201741,63540
251721,54864
201837,54864
208545,54864
212571,55632
212571,57522
208521,57522
208521,55632
128763,59776
181860,61280
203145,63360
154758,54864
197676,52620
192549,53386
181110,53386
201282,54864
206928,53386
207267,53386
207129,53386
206838,53386
250749,53386
247029,63360
203181,53046
203871,53046
189012,53386
222759,63136
222759,63540
206772,63136
206964,63136
206964,63540
206772,63540
253866,53046
206673,53386
244041,52620
188853,63360
165183,54290
223071,63136
223071,63540
203871,53386
203181,53386
228438,63540
228438,63136
212526,59776
222759,52620
218673,57522
218673,55632
206367,53386
206460,53386
210897,53386
65052,54290
172695,53160
206664,53386
207396,63136
207396,63540
212892,53046
154758,57522
154758,55632
203256,55632
203256,57522
212892,55632
212892,57522
245631,52620
203232,53046
203145,57522
203145,55632
184605,53046
208788,54864
153279,53386
211641,48298
206484,48298
206763,48298
206607,48298
191250,52620
211740,53386
217872,59776
194388,59776
248871,59776
236766,59776
153867,54290
182295,54290
251106,61348
218673,53160
154758,53386
251721,53160
201837,53160
208545,53160
223782,63360
253578,59776
153279,59776
203328,63360
128901,57522
128901,55632
253191,59776
247029,53160
199854,52620
204771,53046
182556,54290
249579,53046
205905,53046
61908,53046
182556,53386
65052,52620
209976,54290
203532,48298
66843,53386
154041,52620
210168,53046
153813,53046
208503,63540
242571,63136
242571,63540
208503,63136
244005,59776
158658,54290
251253,63360
201282,53160
208788,59776
192564,55632
192564,57522
157416,53160
187650,54290
242571,48298
208503,48298
251721,63360
201837,63360
208545,63360
246054,54290
217620,52620
207618,52620
208788,48298
211641,59776
206484,59776
206607,59776
206763,59776
203256,53046
56871,54290
247986,53160
181371,52620
188637,53160
211236,53386
63582,53160
203052,53160
158016,53160
212505,53160
205728,53160
203502,53160
250629,53160
183450,53386
181371,53386
203232,61540
208590,63136
208590,63540
194388,55632
236766,55632
248871,55632
248871,57522
217872,57522
236766,57522
217872,55632
194388,57522
205740,54864
251253,48298
210171,63136
210171,63540
244278,54290
207147,54290
154374,53386
166599,63136
166599,63540
155085,53160
203532,55632
203532,57522
153867,53386
210168,53386
208521,48298
212571,48298
155085,63136
155085,63540
206415,63360
128685,59776
155052,59776
192564,53386
210129,53046
211542,53046
181860,63360
180495,59776
203673,52620
191553,52620
179700,53386
247986,63360
229473,54290
210882,63360
246627,48298
203301,48298
204483,53386
197802,53160
154374,59776
188343,54290
156225,63540
156225,63136
220632,36720
203232,53160
69060,61540
203232,55632
203232,57522
207588,57522
203166,57522
207588,55632
61305,57522
203166,55632
61305,55632
155085,59776
210168,52620
173940,53160
188343,63360
253578,53160
153288,59776
182295,53386
157416,63540
157416,63136
203871,55632
203181,55632
203871,57522
203181,57522
210171,53386
211740,63360
223782,54290
182556,59776
188853,54290
206625,53386
206355,53386
207588,63360
61305,63360
247986,57522
247986,55632
206799,63360
192549,57522
192549,55632
172695,53386
220632,63360
203706,48298
61908,63360
249579,63360
205905,63360
246627,57522
203301,57522
246627,55632
203301,55632
211236,59776
128763,63360
244479,53386
203166,63360
208206,59776
158016,54864
63582,54864
203502,54864
203052,54864
250629,54864
212505,54864
205728,54864
183450,59776
204093,63360
203055,36720
153288,54290
209994,52620
211236,54290
153867,53160
251253,55632
251253,57522
187650,63540
187650,63136
253866,59776
59700,63136
59700,63540
155016,52620
59700,63360
227664,53386
153288,53160
56871,53386
240852,54290
210171,59776
196311,54290
207096,54290
174513,63540
174513,63136
203706,57522
203706,55632
236766,53160
194388,53160
217872,53160
248871,53160
201837,53046
251721,53046
208545,53046
154374,52620
208350,61540
228438,54290
187650,53160
253683,53160
139272,63136
139272,63540
203055,53160
231663,54290
203055,63540
203055,63136
153279,63136
153279,63540
153288,53386
56871,63360
206799,53386
249207,63136
249207,63540
251625,53046
205740,53046
59700,54290
247986,54290
220632,53160
210168,54290
251253,63540
251253,63136
203532,53046
201282,53046
154869,52620
206415,54290
188637,52620
241263,52620
188343,53386
128685,63360
181110,53046
182295,59776
128763,63540
128763,63136
208503,53160
242571,53160
72645,54290
203328,53160
162984,52620
205740,57804
228753,63540
228753,63136
162984,53386
244278,63540
244278,63136
208350,54290
249207,53386
209976,63136
209976,63540
166599,59776
203871,54290
203181,54290
253578,54290
59700,59776
161208,59776
211641,54290
206607,54290
206484,54290
206763,54290
61305,53046
207588,53046
203166,53046
222894,53160
229473,63540
229473,63136
210129,57522
210129,55632
211542,57522
211542,55632
153279,63360
208590,57522
208590,55632
220095,59776
203055,54290
210171,63360
244005,52620
237252,59776
251121,57522
251121,55632
155043,52620
183789,52620
207396,59776
188961,53386
161208,63136
161208,63540
182556,53160
201282,52620
251121,59776
251121,54290
206355,52620
206625,52620
204093,53160
247986,63136
247986,63540
204771,53386
228438,53160
233814,63360
208788,57522
208788,55632
161787,52620
162984,53160
211542,54290
210129,54290
226848,53160
188961,59776
172695,52620
67158,63360
153279,52620
203232,63136
203232,63540
179700,63136
179700,63540
253191,55632
253191,57522
204522,52620
201282,54290
206787,53160
212526,52620
226848,63360
203145,53046
206478,54290
69060,54290
67158,63136
67158,63540
208206,52620
244005,53386
210882,53046
208590,53160
251106,63360
166599,55632
166599,57522
203256,54290
207267,52620
207129,52620
250749,52620
206838,52620
206928,52620
204771,54290
173940,59776
128685,53386
204771,59776
205740,48298
203055,53386
155106,59776
233814,63136
233814,63540
251721,55632
251721,57522
208545,57522
208545,55632
201837,55632
201837,57522
188343,53160
220095,53160
139272,54290
180495,52620
253191,53160
158016,53046
212505,53046
203052,53046
205728,53046
63582,53046
203502,53046
250629,53046
206664,52620
228753,53160
209976,53386
158658,63540
158658,63136
240852,53386
212571,52620
211542,48298
210129,48298
227664,53046
212892,53386
231459,59776
201282,55632
201282,57522
174513,53160
203232,63360
201741,53160
249207,53160
205740,61540
207147,53386
231663,63540
231663,63136
208350,53386
247986,36720
233814,53160
201741,53386
231663,53386
220632,63136
220632,63540
206304,53386
204093,54290
179700,59776
203532,59776
224526,54290
228753,52620
251253,53160
187650,53386
72645,59776
208521,52620
165183,63360
158658,53386
247986,53046
223071,53160
153279,53160
208590,53046
161208,63360
229473,59776
69060,63360
128901,53386
182295,53160
181860,63540
181860,63136
203871,59776
203181,59776
201741,52620
164640,63360
206478,63360
188343,63136
188343,63540
154758,53046
173940,53386
161208,53386
201837,48298
251721,48298
208545,48298
196311,53386
207096,53386
69060,53386
249207,52620
251121,53386
218673,59776
179700,53160
196302,53160
210186,63360
231663,63360
220095,63136
220095,63540
228438,53386
244446,53386
228438,52620
204483,59776
209976,53160
157416,59776
188853,53386
208788,53046
72645,52620
192564,53046
253683,54290
251625,54290
188343,59776
205740,57522
205740,55632
203256,53386
65067,53386
192549,53046
223782,63540
223782,63136
65052,53386
207147,53160
223782,53386
211740,63136
211740,63540
212892,59776
204771,52620
203871,52620
203181,52620
249081,63136
249081,63540
164640,63540
164640,63136
203145,52620
182556,63540
182556,63136
207588,53386
61305,53386
203166,53386
253683,59776
56871,53160
223071,52620
156225,59776
205905,54290
249579,54290
61908,54290
210186,63540
210186,63136
182295,63136
182295,63540
128685,63540
128685,63136
211641,53386
206763,53386
206607,53386
206484,53386
67158,59776
210168,59776
139272,53386
209976,52620
174513,52620
231663,53160
253578,52620
203301,59776
246627,59776
229473,53386
244278,53386
207147,52620
203166,54290
61305,54290
207588,54290
226848,63136
226848,63540
244479,52620
206787,52620
220632,53386
207147,63136
207147,63540
206787,63540
206787,63136
220632,54290
203706,59776
139272,52620
207096,52620
196311,52620
247029,59776
56871,59776
67158,53386
208350,63360
210186,53160
210882,52620
188853,63136
188853,63540
203502,55632
63582,55632
63582,57522
205728,55632
203052,57522
205728,57522
250629,57522
212505,57522
250629,55632
203052,55632
158016,57522
158016,55632
203502,57522
212505,55632
203301,54290
246627,54290
247986,53386
251625,57522
251625,55632
165183,53386
207096,63540
207096,63136
196311,63540
196311,63136
196311,53160
139272,53160
207096,53160
207588,52620
61305,52620
210171,53160
229473,63360
56871,63540
56871,63136
153288,52620
206415,53386
203166,52620
203706,54290
247986,52620
158658,53160
166599,53160
204483,52620
250629,48298
205728,48298
63582,48298
203052,48298
158016,48298
212505,48298
203502,48298
155052,52620
158658,52620
59700,53386
208590,48298
242571,59776
208503,59776
165183,63540
165183,63136
244278,53160
210882,54290
251121,52620
173940,52620
208788,52620
211236,52620
207588,59776
61305,59776
212892,54290
212892,52620
203145,54290
211542,53386
210129,53386
218673,54290
222894,52620
196302,52620
164640,59776
206484,63360
206763,63360
206607,63360
211641,63360
196302,63136
196302,63540
203166,59776
211740,53160
203055,63360
211740,52620
206415,63540
206415,63136
226848,36720
206478,53386
183450,52620
164640,53160
61908,53386
205905,53386
249579,53386
249081,53160
210171,52620
203232,53386
223782,53160
203232,54290
208590,59776
223782,52620
204093,53386
206415,53160
59700,53160
203256,52620
251106,59776
212571,54290
188961,52620
253578,53386
206799,52620
156225,52620
224526,53386
128763,53160
207396,52620
220632,59776
237252,52620
206799,53160
240852,63360
203328,48298
204093,59776
128763,52620
240852,53160
206415,52620
253683,53386
205740,63360
203145,53386
240852,36720
249081,52620
226848,59776
246627,53386
203301,53386
247986,59776
251253,59776
182556,52620
251253,54290
210882,53386
203502,59776
250629,59776
203052,59776
212505,59776
158016,59776
205728,59776
63582,59776
161208,52620
208545,54290
201837,54290
251721,54290
203328,59776
203706,53386
218673,53386
206799,63136
206799,63540
251106,63136
251106,63540
161208,53160
229473,52620
220095,52620
188853,53160
165183,52620
247029,52620
229473,53160
208521,54290
203532,54290
181860,53160
182295,52620
210129,59776
211542,59776
203532,52620
188853,52620
165183,53160
205740,53160
67158,53160
155106,52620
61908,52620
249579,52620
205905,52620
253191,54290
59700,52620
181860,54290
188343,52620
181860,59776
240852,63136
240852,63540
206607,52620
211641,52620
206484,52620
206763,52620
157416,52620
208350,52620
206478,52620
231459,52620
206478,63136
206478,63540
166599,54290
203256,59776
128685,53160
244278,52620
248871,54290
236766,54290
217872,54290
194388,54290
206478,53160
251253,53386
218673,52620
201282,53386
204093,52620
69060,52620
211542,52620
210129,52620
203301,52620
246627,52620
208545,59776
201837,59776
251721,59776
208503,54290
242571,54290
206607,53160
206763,53160
206484,53160
211641,53160
205740,36720
155085,52620
253191,52620
203145,59776
203706,52620
56871,52620
205905,59776
61908,59776
249579,59776
128685,52620
251106,54290
212571,53386
208788,54290
210882,59776
251625,53386
203532,53386
203328,54290
236766,52620
217872,52620
248871,52620
194388,52620
203328,52620
206607,63136
211641,63136
211641,63540
206484,63136
206607,63540
206484,63540
206763,63540
206763,63136
201837,53386
251721,53386
208545,53386
164640,52620
208545,52620
201837,52620
251721,52620
208521,53386
203232,52620
251106,53160
179700,52620
251106,53386
166599,52620
231663,59776
67158,52620
250629,52620
205728,52620
203502,52620
203052,52620
63582,52620
158016,52620
212505,52620
158016,54290
212505,54290
205728,54290
63582,54290
250629,54290
203502,54290
203052,54290
203055,52620
205740,63136
205740,63540
253683,52620
226848,52620
253191,53386
181860,53386
69060,59776
208350,59776
251253,52620
208503,53386
242571,53386
240852,59776
220632,52620
203232,59776
205740,53386
166599,53386
242571,52620
208503,52620
217872,53386
236766,53386
248871,53386
194388,53386
205740,54290
203055,59776
208590,52620
203328,53386
208590,54290
205728,53386
212505,53386
250629,53386
158016,53386
203502,53386
203052,53386
63582,53386
231663,52620
205740,59776
208788,53386
181860,52620
205740,52620
251106,52620
208590,53386
240852,52620
