[2025-11-13T13:53:15.214+0000] {processor.py:161} INFO - Started process (PID=164) to work on /opt/airflow/dags/sodai_pipeline.py
[2025-11-13T13:53:15.221+0000] {processor.py:830} INFO - Processing file /opt/airflow/dags/sodai_pipeline.py for tasks to queue
[2025-11-13T13:53:15.223+0000] {logging_mixin.py:188} INFO - [2025-11-13T13:53:15.223+0000] {dagbag.py:545} INFO - Filling up the DagBag from /opt/airflow/dags/sodai_pipeline.py
[2025-11-13T13:53:16.440+0000] {logging_mixin.py:188} INFO - [2025-11-13T13:53:16.429+0000] {dagbag.py:355} ERROR - Failed to import: /opt/airflow/dags/sodai_pipeline.py
Traceback (most recent call last):
  File "/home/airflow/.local/lib/python3.12/site-packages/airflow/models/dagbag.py", line 351, in parse
    loader.exec_module(new_module)
  File "<frozen importlib._bootstrap_external>", line 995, in exec_module
  File "<frozen importlib._bootstrap>", line 488, in _call_with_frames_removed
  File "/opt/airflow/dags/sodai_pipeline.py", line 23, in <module>
    from src.preprocessing import build_weekly_features
  File "/opt/airflow/src/preprocessing.py", line 6, in <module>
    from sklearn.base import BaseEstimator, TransformerMixin
ModuleNotFoundError: No module named 'sklearn'
[2025-11-13T13:53:16.442+0000] {processor.py:842} WARNING - No viable dags retrieved from /opt/airflow/dags/sodai_pipeline.py
[2025-11-13T13:53:16.511+0000] {processor.py:183} INFO - Processing /opt/airflow/dags/sodai_pipeline.py took 1.337 seconds
[2025-11-13T13:53:46.732+0000] {processor.py:161} INFO - Started process (PID=170) to work on /opt/airflow/dags/sodai_pipeline.py
[2025-11-13T13:53:46.733+0000] {processor.py:830} INFO - Processing file /opt/airflow/dags/sodai_pipeline.py for tasks to queue
[2025-11-13T13:53:46.736+0000] {logging_mixin.py:188} INFO - [2025-11-13T13:53:46.735+0000] {dagbag.py:545} INFO - Filling up the DagBag from /opt/airflow/dags/sodai_pipeline.py
[2025-11-13T13:53:47.166+0000] {logging_mixin.py:188} INFO - [2025-11-13T13:53:47.163+0000] {dagbag.py:355} ERROR - Failed to import: /opt/airflow/dags/sodai_pipeline.py
Traceback (most recent call last):
  File "/home/airflow/.local/lib/python3.12/site-packages/airflow/models/dagbag.py", line 351, in parse
    loader.exec_module(new_module)
  File "<frozen importlib._bootstrap_external>", line 995, in exec_module
  File "<frozen importlib._bootstrap>", line 488, in _call_with_frames_removed
  File "/opt/airflow/dags/sodai_pipeline.py", line 23, in <module>
    from src.preprocessing import build_weekly_features
  File "/opt/airflow/src/preprocessing.py", line 6, in <module>
    from sklearn.base import BaseEstimator, TransformerMixin
ModuleNotFoundError: No module named 'sklearn'
[2025-11-13T13:53:47.167+0000] {processor.py:842} WARNING - No viable dags retrieved from /opt/airflow/dags/sodai_pipeline.py
[2025-11-13T13:53:47.196+0000] {processor.py:183} INFO - Processing /opt/airflow/dags/sodai_pipeline.py took 0.494 seconds
[2025-11-13T13:54:17.328+0000] {processor.py:161} INFO - Started process (PID=176) to work on /opt/airflow/dags/sodai_pipeline.py
[2025-11-13T13:54:17.329+0000] {processor.py:830} INFO - Processing file /opt/airflow/dags/sodai_pipeline.py for tasks to queue
[2025-11-13T13:54:17.332+0000] {logging_mixin.py:188} INFO - [2025-11-13T13:54:17.332+0000] {dagbag.py:545} INFO - Filling up the DagBag from /opt/airflow/dags/sodai_pipeline.py
[2025-11-13T13:54:17.759+0000] {logging_mixin.py:188} INFO - [2025-11-13T13:54:17.757+0000] {dagbag.py:355} ERROR - Failed to import: /opt/airflow/dags/sodai_pipeline.py
Traceback (most recent call last):
  File "/home/airflow/.local/lib/python3.12/site-packages/airflow/models/dagbag.py", line 351, in parse
    loader.exec_module(new_module)
  File "<frozen importlib._bootstrap_external>", line 995, in exec_module
  File "<frozen importlib._bootstrap>", line 488, in _call_with_frames_removed
  File "/opt/airflow/dags/sodai_pipeline.py", line 23, in <module>
    from src.preprocessing import build_weekly_features
  File "/opt/airflow/src/preprocessing.py", line 6, in <module>
    from sklearn.base import BaseEstimator, TransformerMixin
ModuleNotFoundError: No module named 'sklearn'
[2025-11-13T13:54:17.760+0000] {processor.py:842} WARNING - No viable dags retrieved from /opt/airflow/dags/sodai_pipeline.py
[2025-11-13T13:54:17.792+0000] {processor.py:183} INFO - Processing /opt/airflow/dags/sodai_pipeline.py took 0.480 seconds
[2025-11-13T13:54:48.295+0000] {processor.py:161} INFO - Started process (PID=182) to work on /opt/airflow/dags/sodai_pipeline.py
[2025-11-13T13:54:48.302+0000] {processor.py:830} INFO - Processing file /opt/airflow/dags/sodai_pipeline.py for tasks to queue
[2025-11-13T13:54:48.312+0000] {logging_mixin.py:188} INFO - [2025-11-13T13:54:48.311+0000] {dagbag.py:545} INFO - Filling up the DagBag from /opt/airflow/dags/sodai_pipeline.py
[2025-11-13T13:54:48.724+0000] {logging_mixin.py:188} INFO - [2025-11-13T13:54:48.720+0000] {dagbag.py:355} ERROR - Failed to import: /opt/airflow/dags/sodai_pipeline.py
Traceback (most recent call last):
  File "/home/airflow/.local/lib/python3.12/site-packages/airflow/models/dagbag.py", line 351, in parse
    loader.exec_module(new_module)
  File "<frozen importlib._bootstrap_external>", line 995, in exec_module
  File "<frozen importlib._bootstrap>", line 488, in _call_with_frames_removed
  File "/opt/airflow/dags/sodai_pipeline.py", line 23, in <module>
    from src.preprocessing import build_weekly_features
  File "/opt/airflow/src/preprocessing.py", line 6, in <module>
    from sklearn.base import BaseEstimator, TransformerMixin
ModuleNotFoundError: No module named 'sklearn'
[2025-11-13T13:54:48.725+0000] {processor.py:842} WARNING - No viable dags retrieved from /opt/airflow/dags/sodai_pipeline.py
[2025-11-13T13:54:48.772+0000] {processor.py:183} INFO - Processing /opt/airflow/dags/sodai_pipeline.py took 0.515 seconds
[2025-11-13T13:55:19.173+0000] {processor.py:161} INFO - Started process (PID=188) to work on /opt/airflow/dags/sodai_pipeline.py
[2025-11-13T13:55:19.175+0000] {processor.py:830} INFO - Processing file /opt/airflow/dags/sodai_pipeline.py for tasks to queue
[2025-11-13T13:55:19.180+0000] {logging_mixin.py:188} INFO - [2025-11-13T13:55:19.180+0000] {dagbag.py:545} INFO - Filling up the DagBag from /opt/airflow/dags/sodai_pipeline.py
[2025-11-13T13:55:19.474+0000] {logging_mixin.py:188} INFO - [2025-11-13T13:55:19.471+0000] {dagbag.py:355} ERROR - Failed to import: /opt/airflow/dags/sodai_pipeline.py
Traceback (most recent call last):
  File "/home/airflow/.local/lib/python3.12/site-packages/airflow/models/dagbag.py", line 351, in parse
    loader.exec_module(new_module)
  File "<frozen importlib._bootstrap_external>", line 995, in exec_module
  File "<frozen importlib._bootstrap>", line 488, in _call_with_frames_removed
  File "/opt/airflow/dags/sodai_pipeline.py", line 23, in <module>
    from src.preprocessing import build_weekly_features
  File "/opt/airflow/src/preprocessing.py", line 6, in <module>
    from sklearn.base import BaseEstimator, TransformerMixin
ModuleNotFoundError: No module named 'sklearn'
[2025-11-13T13:55:19.474+0000] {processor.py:842} WARNING - No viable dags retrieved from /opt/airflow/dags/sodai_pipeline.py
[2025-11-13T13:55:19.499+0000] {processor.py:183} INFO - Processing /opt/airflow/dags/sodai_pipeline.py took 0.339 seconds
[2025-11-13T13:55:49.953+0000] {processor.py:161} INFO - Started process (PID=194) to work on /opt/airflow/dags/sodai_pipeline.py
[2025-11-13T13:55:49.956+0000] {processor.py:830} INFO - Processing file /opt/airflow/dags/sodai_pipeline.py for tasks to queue
[2025-11-13T13:55:49.967+0000] {logging_mixin.py:188} INFO - [2025-11-13T13:55:49.965+0000] {dagbag.py:545} INFO - Filling up the DagBag from /opt/airflow/dags/sodai_pipeline.py
[2025-11-13T13:55:50.530+0000] {logging_mixin.py:188} INFO - [2025-11-13T13:55:50.527+0000] {dagbag.py:355} ERROR - Failed to import: /opt/airflow/dags/sodai_pipeline.py
Traceback (most recent call last):
  File "/home/airflow/.local/lib/python3.12/site-packages/airflow/models/dagbag.py", line 351, in parse
    loader.exec_module(new_module)
  File "<frozen importlib._bootstrap_external>", line 995, in exec_module
  File "<frozen importlib._bootstrap>", line 488, in _call_with_frames_removed
  File "/opt/airflow/dags/sodai_pipeline.py", line 23, in <module>
    from src.preprocessing import build_weekly_features
  File "/opt/airflow/src/preprocessing.py", line 6, in <module>
    from sklearn.base import BaseEstimator, TransformerMixin
ModuleNotFoundError: No module named 'sklearn'
[2025-11-13T13:55:50.531+0000] {processor.py:842} WARNING - No viable dags retrieved from /opt/airflow/dags/sodai_pipeline.py
[2025-11-13T13:55:50.556+0000] {processor.py:183} INFO - Processing /opt/airflow/dags/sodai_pipeline.py took 0.628 seconds
[2025-11-13T13:56:20.826+0000] {processor.py:161} INFO - Started process (PID=200) to work on /opt/airflow/dags/sodai_pipeline.py
[2025-11-13T13:56:20.828+0000] {processor.py:830} INFO - Processing file /opt/airflow/dags/sodai_pipeline.py for tasks to queue
[2025-11-13T13:56:20.830+0000] {logging_mixin.py:188} INFO - [2025-11-13T13:56:20.830+0000] {dagbag.py:545} INFO - Filling up the DagBag from /opt/airflow/dags/sodai_pipeline.py
[2025-11-13T13:56:21.229+0000] {logging_mixin.py:188} INFO - [2025-11-13T13:56:21.226+0000] {dagbag.py:355} ERROR - Failed to import: /opt/airflow/dags/sodai_pipeline.py
Traceback (most recent call last):
  File "/home/airflow/.local/lib/python3.12/site-packages/airflow/models/dagbag.py", line 351, in parse
    loader.exec_module(new_module)
  File "<frozen importlib._bootstrap_external>", line 995, in exec_module
  File "<frozen importlib._bootstrap>", line 488, in _call_with_frames_removed
  File "/opt/airflow/dags/sodai_pipeline.py", line 23, in <module>
    from src.preprocessing import build_weekly_features
  File "/opt/airflow/src/preprocessing.py", line 6, in <module>
    from sklearn.base import BaseEstimator, TransformerMixin
ModuleNotFoundError: No module named 'sklearn'
[2025-11-13T13:56:21.230+0000] {processor.py:842} WARNING - No viable dags retrieved from /opt/airflow/dags/sodai_pipeline.py
[2025-11-13T13:56:21.252+0000] {processor.py:183} INFO - Processing /opt/airflow/dags/sodai_pipeline.py took 0.436 seconds
[2025-11-13T13:56:51.656+0000] {processor.py:161} INFO - Started process (PID=206) to work on /opt/airflow/dags/sodai_pipeline.py
[2025-11-13T13:56:51.658+0000] {processor.py:830} INFO - Processing file /opt/airflow/dags/sodai_pipeline.py for tasks to queue
[2025-11-13T13:56:51.660+0000] {logging_mixin.py:188} INFO - [2025-11-13T13:56:51.660+0000] {dagbag.py:545} INFO - Filling up the DagBag from /opt/airflow/dags/sodai_pipeline.py
[2025-11-13T13:56:51.919+0000] {logging_mixin.py:188} INFO - [2025-11-13T13:56:51.914+0000] {dagbag.py:355} ERROR - Failed to import: /opt/airflow/dags/sodai_pipeline.py
Traceback (most recent call last):
  File "/home/airflow/.local/lib/python3.12/site-packages/airflow/models/dagbag.py", line 351, in parse
    loader.exec_module(new_module)
  File "<frozen importlib._bootstrap_external>", line 995, in exec_module
  File "<frozen importlib._bootstrap>", line 488, in _call_with_frames_removed
  File "/opt/airflow/dags/sodai_pipeline.py", line 23, in <module>
    from src.preprocessing import build_weekly_features
  File "/opt/airflow/src/preprocessing.py", line 6, in <module>
    from sklearn.base import BaseEstimator, TransformerMixin
ModuleNotFoundError: No module named 'sklearn'
[2025-11-13T13:56:51.919+0000] {processor.py:842} WARNING - No viable dags retrieved from /opt/airflow/dags/sodai_pipeline.py
[2025-11-13T13:56:51.935+0000] {processor.py:183} INFO - Processing /opt/airflow/dags/sodai_pipeline.py took 0.289 seconds
[2025-11-13T13:57:22.001+0000] {processor.py:161} INFO - Started process (PID=212) to work on /opt/airflow/dags/sodai_pipeline.py
[2025-11-13T13:57:22.002+0000] {processor.py:830} INFO - Processing file /opt/airflow/dags/sodai_pipeline.py for tasks to queue
[2025-11-13T13:57:22.008+0000] {logging_mixin.py:188} INFO - [2025-11-13T13:57:22.007+0000] {dagbag.py:545} INFO - Filling up the DagBag from /opt/airflow/dags/sodai_pipeline.py
[2025-11-13T13:57:22.236+0000] {logging_mixin.py:188} INFO - [2025-11-13T13:57:22.234+0000] {dagbag.py:355} ERROR - Failed to import: /opt/airflow/dags/sodai_pipeline.py
Traceback (most recent call last):
  File "/home/airflow/.local/lib/python3.12/site-packages/airflow/models/dagbag.py", line 351, in parse
    loader.exec_module(new_module)
  File "<frozen importlib._bootstrap_external>", line 995, in exec_module
  File "<frozen importlib._bootstrap>", line 488, in _call_with_frames_removed
  File "/opt/airflow/dags/sodai_pipeline.py", line 23, in <module>
    from src.preprocessing import build_weekly_features
  File "/opt/airflow/src/preprocessing.py", line 6, in <module>
    from sklearn.base import BaseEstimator, TransformerMixin
ModuleNotFoundError: No module named 'sklearn'
[2025-11-13T13:57:22.236+0000] {processor.py:842} WARNING - No viable dags retrieved from /opt/airflow/dags/sodai_pipeline.py
[2025-11-13T13:57:22.251+0000] {processor.py:183} INFO - Processing /opt/airflow/dags/sodai_pipeline.py took 0.257 seconds
[2025-11-13T13:57:52.590+0000] {processor.py:161} INFO - Started process (PID=218) to work on /opt/airflow/dags/sodai_pipeline.py
[2025-11-13T13:57:52.591+0000] {processor.py:830} INFO - Processing file /opt/airflow/dags/sodai_pipeline.py for tasks to queue
[2025-11-13T13:57:52.594+0000] {logging_mixin.py:188} INFO - [2025-11-13T13:57:52.593+0000] {dagbag.py:545} INFO - Filling up the DagBag from /opt/airflow/dags/sodai_pipeline.py
[2025-11-13T13:57:52.813+0000] {logging_mixin.py:188} INFO - [2025-11-13T13:57:52.810+0000] {dagbag.py:355} ERROR - Failed to import: /opt/airflow/dags/sodai_pipeline.py
Traceback (most recent call last):
  File "/home/airflow/.local/lib/python3.12/site-packages/airflow/models/dagbag.py", line 351, in parse
    loader.exec_module(new_module)
  File "<frozen importlib._bootstrap_external>", line 995, in exec_module
  File "<frozen importlib._bootstrap>", line 488, in _call_with_frames_removed
  File "/opt/airflow/dags/sodai_pipeline.py", line 23, in <module>
    from src.preprocessing import build_weekly_features
  File "/opt/airflow/src/preprocessing.py", line 6, in <module>
    from sklearn.base import BaseEstimator, TransformerMixin
ModuleNotFoundError: No module named 'sklearn'
[2025-11-13T13:57:52.813+0000] {processor.py:842} WARNING - No viable dags retrieved from /opt/airflow/dags/sodai_pipeline.py
[2025-11-13T13:57:52.827+0000] {processor.py:183} INFO - Processing /opt/airflow/dags/sodai_pipeline.py took 0.247 seconds
[2025-11-13T13:58:22.886+0000] {processor.py:161} INFO - Started process (PID=224) to work on /opt/airflow/dags/sodai_pipeline.py
[2025-11-13T13:58:22.888+0000] {processor.py:830} INFO - Processing file /opt/airflow/dags/sodai_pipeline.py for tasks to queue
[2025-11-13T13:58:22.893+0000] {logging_mixin.py:188} INFO - [2025-11-13T13:58:22.892+0000] {dagbag.py:545} INFO - Filling up the DagBag from /opt/airflow/dags/sodai_pipeline.py
[2025-11-13T13:58:23.158+0000] {logging_mixin.py:188} INFO - [2025-11-13T13:58:23.156+0000] {dagbag.py:355} ERROR - Failed to import: /opt/airflow/dags/sodai_pipeline.py
Traceback (most recent call last):
  File "/home/airflow/.local/lib/python3.12/site-packages/airflow/models/dagbag.py", line 351, in parse
    loader.exec_module(new_module)
  File "<frozen importlib._bootstrap_external>", line 995, in exec_module
  File "<frozen importlib._bootstrap>", line 488, in _call_with_frames_removed
  File "/opt/airflow/dags/sodai_pipeline.py", line 23, in <module>
    from src.preprocessing import build_weekly_features
  File "/opt/airflow/src/preprocessing.py", line 6, in <module>
    from sklearn.base import BaseEstimator, TransformerMixin
ModuleNotFoundError: No module named 'sklearn'
[2025-11-13T13:58:23.158+0000] {processor.py:842} WARNING - No viable dags retrieved from /opt/airflow/dags/sodai_pipeline.py
[2025-11-13T13:58:23.172+0000] {processor.py:183} INFO - Processing /opt/airflow/dags/sodai_pipeline.py took 0.294 seconds
[2025-11-13T13:58:53.492+0000] {processor.py:161} INFO - Started process (PID=230) to work on /opt/airflow/dags/sodai_pipeline.py
[2025-11-13T13:58:53.495+0000] {processor.py:830} INFO - Processing file /opt/airflow/dags/sodai_pipeline.py for tasks to queue
[2025-11-13T13:58:53.500+0000] {logging_mixin.py:188} INFO - [2025-11-13T13:58:53.498+0000] {dagbag.py:545} INFO - Filling up the DagBag from /opt/airflow/dags/sodai_pipeline.py
[2025-11-13T13:58:54.184+0000] {logging_mixin.py:188} INFO - [2025-11-13T13:58:54.179+0000] {dagbag.py:355} ERROR - Failed to import: /opt/airflow/dags/sodai_pipeline.py
Traceback (most recent call last):
  File "/home/airflow/.local/lib/python3.12/site-packages/airflow/models/dagbag.py", line 351, in parse
    loader.exec_module(new_module)
  File "<frozen importlib._bootstrap_external>", line 995, in exec_module
  File "<frozen importlib._bootstrap>", line 488, in _call_with_frames_removed
  File "/opt/airflow/dags/sodai_pipeline.py", line 23, in <module>
    from src.preprocessing import build_weekly_features
  File "/opt/airflow/src/preprocessing.py", line 6, in <module>
    from sklearn.base import BaseEstimator, TransformerMixin
ModuleNotFoundError: No module named 'sklearn'
[2025-11-13T13:58:54.191+0000] {processor.py:842} WARNING - No viable dags retrieved from /opt/airflow/dags/sodai_pipeline.py
[2025-11-13T13:58:54.397+0000] {processor.py:183} INFO - Processing /opt/airflow/dags/sodai_pipeline.py took 0.922 seconds
[2025-11-13T13:59:24.987+0000] {processor.py:161} INFO - Started process (PID=236) to work on /opt/airflow/dags/sodai_pipeline.py
[2025-11-13T13:59:24.989+0000] {processor.py:830} INFO - Processing file /opt/airflow/dags/sodai_pipeline.py for tasks to queue
[2025-11-13T13:59:24.993+0000] {logging_mixin.py:188} INFO - [2025-11-13T13:59:24.992+0000] {dagbag.py:545} INFO - Filling up the DagBag from /opt/airflow/dags/sodai_pipeline.py
[2025-11-13T13:59:25.299+0000] {logging_mixin.py:188} INFO - [2025-11-13T13:59:25.296+0000] {dagbag.py:355} ERROR - Failed to import: /opt/airflow/dags/sodai_pipeline.py
Traceback (most recent call last):
  File "/home/airflow/.local/lib/python3.12/site-packages/airflow/models/dagbag.py", line 351, in parse
    loader.exec_module(new_module)
  File "<frozen importlib._bootstrap_external>", line 995, in exec_module
  File "<frozen importlib._bootstrap>", line 488, in _call_with_frames_removed
  File "/opt/airflow/dags/sodai_pipeline.py", line 23, in <module>
    from src.preprocessing import build_weekly_features
  File "/opt/airflow/src/preprocessing.py", line 6, in <module>
    from sklearn.base import BaseEstimator, TransformerMixin
ModuleNotFoundError: No module named 'sklearn'
[2025-11-13T13:59:25.299+0000] {processor.py:842} WARNING - No viable dags retrieved from /opt/airflow/dags/sodai_pipeline.py
[2025-11-13T13:59:25.322+0000] {processor.py:183} INFO - Processing /opt/airflow/dags/sodai_pipeline.py took 0.354 seconds
[2025-11-13T13:59:55.675+0000] {processor.py:161} INFO - Started process (PID=242) to work on /opt/airflow/dags/sodai_pipeline.py
[2025-11-13T13:59:55.677+0000] {processor.py:830} INFO - Processing file /opt/airflow/dags/sodai_pipeline.py for tasks to queue
[2025-11-13T13:59:55.680+0000] {logging_mixin.py:188} INFO - [2025-11-13T13:59:55.679+0000] {dagbag.py:545} INFO - Filling up the DagBag from /opt/airflow/dags/sodai_pipeline.py
[2025-11-13T13:59:55.884+0000] {logging_mixin.py:188} INFO - [2025-11-13T13:59:55.882+0000] {dagbag.py:355} ERROR - Failed to import: /opt/airflow/dags/sodai_pipeline.py
Traceback (most recent call last):
  File "/home/airflow/.local/lib/python3.12/site-packages/airflow/models/dagbag.py", line 351, in parse
    loader.exec_module(new_module)
  File "<frozen importlib._bootstrap_external>", line 995, in exec_module
  File "<frozen importlib._bootstrap>", line 488, in _call_with_frames_removed
  File "/opt/airflow/dags/sodai_pipeline.py", line 23, in <module>
    from src.preprocessing import build_weekly_features
  File "/opt/airflow/src/preprocessing.py", line 6, in <module>
    from sklearn.base import BaseEstimator, TransformerMixin
ModuleNotFoundError: No module named 'sklearn'
[2025-11-13T13:59:55.884+0000] {processor.py:842} WARNING - No viable dags retrieved from /opt/airflow/dags/sodai_pipeline.py
[2025-11-13T13:59:55.900+0000] {processor.py:183} INFO - Processing /opt/airflow/dags/sodai_pipeline.py took 0.235 seconds
[2025-11-13T14:00:26.003+0000] {processor.py:161} INFO - Started process (PID=248) to work on /opt/airflow/dags/sodai_pipeline.py
[2025-11-13T14:00:26.004+0000] {processor.py:830} INFO - Processing file /opt/airflow/dags/sodai_pipeline.py for tasks to queue
[2025-11-13T14:00:26.007+0000] {logging_mixin.py:188} INFO - [2025-11-13T14:00:26.006+0000] {dagbag.py:545} INFO - Filling up the DagBag from /opt/airflow/dags/sodai_pipeline.py
[2025-11-13T14:00:26.222+0000] {logging_mixin.py:188} INFO - [2025-11-13T14:00:26.220+0000] {dagbag.py:355} ERROR - Failed to import: /opt/airflow/dags/sodai_pipeline.py
Traceback (most recent call last):
  File "/home/airflow/.local/lib/python3.12/site-packages/airflow/models/dagbag.py", line 351, in parse
    loader.exec_module(new_module)
  File "<frozen importlib._bootstrap_external>", line 995, in exec_module
  File "<frozen importlib._bootstrap>", line 488, in _call_with_frames_removed
  File "/opt/airflow/dags/sodai_pipeline.py", line 23, in <module>
    from src.preprocessing import build_weekly_features
  File "/opt/airflow/src/preprocessing.py", line 6, in <module>
    from sklearn.base import BaseEstimator, TransformerMixin
ModuleNotFoundError: No module named 'sklearn'
[2025-11-13T14:00:26.223+0000] {processor.py:842} WARNING - No viable dags retrieved from /opt/airflow/dags/sodai_pipeline.py
[2025-11-13T14:00:26.237+0000] {processor.py:183} INFO - Processing /opt/airflow/dags/sodai_pipeline.py took 0.244 seconds
[2025-11-13T14:00:56.396+0000] {processor.py:161} INFO - Started process (PID=254) to work on /opt/airflow/dags/sodai_pipeline.py
[2025-11-13T14:00:56.397+0000] {processor.py:830} INFO - Processing file /opt/airflow/dags/sodai_pipeline.py for tasks to queue
[2025-11-13T14:00:56.401+0000] {logging_mixin.py:188} INFO - [2025-11-13T14:00:56.400+0000] {dagbag.py:545} INFO - Filling up the DagBag from /opt/airflow/dags/sodai_pipeline.py
[2025-11-13T14:00:56.619+0000] {logging_mixin.py:188} INFO - [2025-11-13T14:00:56.616+0000] {dagbag.py:355} ERROR - Failed to import: /opt/airflow/dags/sodai_pipeline.py
Traceback (most recent call last):
  File "/home/airflow/.local/lib/python3.12/site-packages/airflow/models/dagbag.py", line 351, in parse
    loader.exec_module(new_module)
  File "<frozen importlib._bootstrap_external>", line 995, in exec_module
  File "<frozen importlib._bootstrap>", line 488, in _call_with_frames_removed
  File "/opt/airflow/dags/sodai_pipeline.py", line 23, in <module>
    from src.preprocessing import build_weekly_features
  File "/opt/airflow/src/preprocessing.py", line 6, in <module>
    from sklearn.base import BaseEstimator, TransformerMixin
ModuleNotFoundError: No module named 'sklearn'
[2025-11-13T14:00:56.619+0000] {processor.py:842} WARNING - No viable dags retrieved from /opt/airflow/dags/sodai_pipeline.py
[2025-11-13T14:00:56.631+0000] {processor.py:183} INFO - Processing /opt/airflow/dags/sodai_pipeline.py took 0.251 seconds
[2025-11-13T14:01:26.866+0000] {processor.py:161} INFO - Started process (PID=260) to work on /opt/airflow/dags/sodai_pipeline.py
[2025-11-13T14:01:26.868+0000] {processor.py:830} INFO - Processing file /opt/airflow/dags/sodai_pipeline.py for tasks to queue
[2025-11-13T14:01:26.871+0000] {logging_mixin.py:188} INFO - [2025-11-13T14:01:26.870+0000] {dagbag.py:545} INFO - Filling up the DagBag from /opt/airflow/dags/sodai_pipeline.py
[2025-11-13T14:01:27.107+0000] {logging_mixin.py:188} INFO - [2025-11-13T14:01:27.105+0000] {dagbag.py:355} ERROR - Failed to import: /opt/airflow/dags/sodai_pipeline.py
Traceback (most recent call last):
  File "/home/airflow/.local/lib/python3.12/site-packages/airflow/models/dagbag.py", line 351, in parse
    loader.exec_module(new_module)
  File "<frozen importlib._bootstrap_external>", line 995, in exec_module
  File "<frozen importlib._bootstrap>", line 488, in _call_with_frames_removed
  File "/opt/airflow/dags/sodai_pipeline.py", line 23, in <module>
    from src.preprocessing import build_weekly_features
  File "/opt/airflow/src/preprocessing.py", line 6, in <module>
    from sklearn.base import BaseEstimator, TransformerMixin
ModuleNotFoundError: No module named 'sklearn'
[2025-11-13T14:01:27.107+0000] {processor.py:842} WARNING - No viable dags retrieved from /opt/airflow/dags/sodai_pipeline.py
[2025-11-13T14:01:27.123+0000] {processor.py:183} INFO - Processing /opt/airflow/dags/sodai_pipeline.py took 0.265 seconds
[2025-11-13T14:01:57.260+0000] {processor.py:161} INFO - Started process (PID=266) to work on /opt/airflow/dags/sodai_pipeline.py
[2025-11-13T14:01:57.262+0000] {processor.py:830} INFO - Processing file /opt/airflow/dags/sodai_pipeline.py for tasks to queue
[2025-11-13T14:01:57.265+0000] {logging_mixin.py:188} INFO - [2025-11-13T14:01:57.264+0000] {dagbag.py:545} INFO - Filling up the DagBag from /opt/airflow/dags/sodai_pipeline.py
[2025-11-13T14:01:57.465+0000] {logging_mixin.py:188} INFO - [2025-11-13T14:01:57.463+0000] {dagbag.py:355} ERROR - Failed to import: /opt/airflow/dags/sodai_pipeline.py
Traceback (most recent call last):
  File "/home/airflow/.local/lib/python3.12/site-packages/airflow/models/dagbag.py", line 351, in parse
    loader.exec_module(new_module)
  File "<frozen importlib._bootstrap_external>", line 995, in exec_module
  File "<frozen importlib._bootstrap>", line 488, in _call_with_frames_removed
  File "/opt/airflow/dags/sodai_pipeline.py", line 23, in <module>
    from src.preprocessing import build_weekly_features
  File "/opt/airflow/src/preprocessing.py", line 6, in <module>
    from sklearn.base import BaseEstimator, TransformerMixin
ModuleNotFoundError: No module named 'sklearn'
[2025-11-13T14:01:57.465+0000] {processor.py:842} WARNING - No viable dags retrieved from /opt/airflow/dags/sodai_pipeline.py
[2025-11-13T14:01:57.479+0000] {processor.py:183} INFO - Processing /opt/airflow/dags/sodai_pipeline.py took 0.229 seconds
[2025-11-13T14:02:27.713+0000] {processor.py:161} INFO - Started process (PID=272) to work on /opt/airflow/dags/sodai_pipeline.py
[2025-11-13T14:02:27.714+0000] {processor.py:830} INFO - Processing file /opt/airflow/dags/sodai_pipeline.py for tasks to queue
[2025-11-13T14:02:27.716+0000] {logging_mixin.py:188} INFO - [2025-11-13T14:02:27.715+0000] {dagbag.py:545} INFO - Filling up the DagBag from /opt/airflow/dags/sodai_pipeline.py
[2025-11-13T14:02:28.001+0000] {logging_mixin.py:188} INFO - [2025-11-13T14:02:27.999+0000] {dagbag.py:355} ERROR - Failed to import: /opt/airflow/dags/sodai_pipeline.py
Traceback (most recent call last):
  File "/home/airflow/.local/lib/python3.12/site-packages/airflow/models/dagbag.py", line 351, in parse
    loader.exec_module(new_module)
  File "<frozen importlib._bootstrap_external>", line 995, in exec_module
  File "<frozen importlib._bootstrap>", line 488, in _call_with_frames_removed
  File "/opt/airflow/dags/sodai_pipeline.py", line 23, in <module>
    from src.preprocessing import build_weekly_features
  File "/opt/airflow/src/preprocessing.py", line 6, in <module>
    from sklearn.base import BaseEstimator, TransformerMixin
ModuleNotFoundError: No module named 'sklearn'
[2025-11-13T14:02:28.001+0000] {processor.py:842} WARNING - No viable dags retrieved from /opt/airflow/dags/sodai_pipeline.py
[2025-11-13T14:02:28.017+0000] {processor.py:183} INFO - Processing /opt/airflow/dags/sodai_pipeline.py took 0.312 seconds
[2025-11-13T14:02:58.133+0000] {processor.py:161} INFO - Started process (PID=278) to work on /opt/airflow/dags/sodai_pipeline.py
[2025-11-13T14:02:58.135+0000] {processor.py:830} INFO - Processing file /opt/airflow/dags/sodai_pipeline.py for tasks to queue
[2025-11-13T14:02:58.138+0000] {logging_mixin.py:188} INFO - [2025-11-13T14:02:58.137+0000] {dagbag.py:545} INFO - Filling up the DagBag from /opt/airflow/dags/sodai_pipeline.py
[2025-11-13T14:02:58.373+0000] {logging_mixin.py:188} INFO - [2025-11-13T14:02:58.370+0000] {dagbag.py:355} ERROR - Failed to import: /opt/airflow/dags/sodai_pipeline.py
Traceback (most recent call last):
  File "/home/airflow/.local/lib/python3.12/site-packages/airflow/models/dagbag.py", line 351, in parse
    loader.exec_module(new_module)
  File "<frozen importlib._bootstrap_external>", line 995, in exec_module
  File "<frozen importlib._bootstrap>", line 488, in _call_with_frames_removed
  File "/opt/airflow/dags/sodai_pipeline.py", line 23, in <module>
    from src.preprocessing import build_weekly_features
  File "/opt/airflow/src/preprocessing.py", line 6, in <module>
    from sklearn.base import BaseEstimator, TransformerMixin
ModuleNotFoundError: No module named 'sklearn'
[2025-11-13T14:02:58.373+0000] {processor.py:842} WARNING - No viable dags retrieved from /opt/airflow/dags/sodai_pipeline.py
[2025-11-13T14:02:58.395+0000] {processor.py:183} INFO - Processing /opt/airflow/dags/sodai_pipeline.py took 0.271 seconds
[2025-11-13T14:03:28.660+0000] {processor.py:161} INFO - Started process (PID=284) to work on /opt/airflow/dags/sodai_pipeline.py
[2025-11-13T14:03:28.662+0000] {processor.py:830} INFO - Processing file /opt/airflow/dags/sodai_pipeline.py for tasks to queue
[2025-11-13T14:03:28.665+0000] {logging_mixin.py:188} INFO - [2025-11-13T14:03:28.664+0000] {dagbag.py:545} INFO - Filling up the DagBag from /opt/airflow/dags/sodai_pipeline.py
[2025-11-13T14:03:28.886+0000] {logging_mixin.py:188} INFO - [2025-11-13T14:03:28.884+0000] {dagbag.py:355} ERROR - Failed to import: /opt/airflow/dags/sodai_pipeline.py
Traceback (most recent call last):
  File "/home/airflow/.local/lib/python3.12/site-packages/airflow/models/dagbag.py", line 351, in parse
    loader.exec_module(new_module)
  File "<frozen importlib._bootstrap_external>", line 995, in exec_module
  File "<frozen importlib._bootstrap>", line 488, in _call_with_frames_removed
  File "/opt/airflow/dags/sodai_pipeline.py", line 23, in <module>
    from src.preprocessing import build_weekly_features
  File "/opt/airflow/src/preprocessing.py", line 6, in <module>
    from sklearn.base import BaseEstimator, TransformerMixin
ModuleNotFoundError: No module named 'sklearn'
[2025-11-13T14:03:28.886+0000] {processor.py:842} WARNING - No viable dags retrieved from /opt/airflow/dags/sodai_pipeline.py
[2025-11-13T14:03:28.898+0000] {processor.py:183} INFO - Processing /opt/airflow/dags/sodai_pipeline.py took 0.247 seconds
[2025-11-13T14:03:59.197+0000] {processor.py:161} INFO - Started process (PID=290) to work on /opt/airflow/dags/sodai_pipeline.py
[2025-11-13T14:03:59.198+0000] {processor.py:830} INFO - Processing file /opt/airflow/dags/sodai_pipeline.py for tasks to queue
[2025-11-13T14:03:59.202+0000] {logging_mixin.py:188} INFO - [2025-11-13T14:03:59.201+0000] {dagbag.py:545} INFO - Filling up the DagBag from /opt/airflow/dags/sodai_pipeline.py
[2025-11-13T14:03:59.412+0000] {logging_mixin.py:188} INFO - [2025-11-13T14:03:59.410+0000] {dagbag.py:355} ERROR - Failed to import: /opt/airflow/dags/sodai_pipeline.py
Traceback (most recent call last):
  File "/home/airflow/.local/lib/python3.12/site-packages/airflow/models/dagbag.py", line 351, in parse
    loader.exec_module(new_module)
  File "<frozen importlib._bootstrap_external>", line 995, in exec_module
  File "<frozen importlib._bootstrap>", line 488, in _call_with_frames_removed
  File "/opt/airflow/dags/sodai_pipeline.py", line 23, in <module>
    from src.preprocessing import build_weekly_features
  File "/opt/airflow/src/preprocessing.py", line 6, in <module>
    from sklearn.base import BaseEstimator, TransformerMixin
ModuleNotFoundError: No module named 'sklearn'
[2025-11-13T14:03:59.413+0000] {processor.py:842} WARNING - No viable dags retrieved from /opt/airflow/dags/sodai_pipeline.py
[2025-11-13T14:03:59.426+0000] {processor.py:183} INFO - Processing /opt/airflow/dags/sodai_pipeline.py took 0.249 seconds
[2025-11-13T14:04:29.505+0000] {processor.py:161} INFO - Started process (PID=296) to work on /opt/airflow/dags/sodai_pipeline.py
[2025-11-13T14:04:29.507+0000] {processor.py:830} INFO - Processing file /opt/airflow/dags/sodai_pipeline.py for tasks to queue
[2025-11-13T14:04:29.509+0000] {logging_mixin.py:188} INFO - [2025-11-13T14:04:29.509+0000] {dagbag.py:545} INFO - Filling up the DagBag from /opt/airflow/dags/sodai_pipeline.py
[2025-11-13T14:04:29.751+0000] {logging_mixin.py:188} INFO - [2025-11-13T14:04:29.749+0000] {dagbag.py:355} ERROR - Failed to import: /opt/airflow/dags/sodai_pipeline.py
Traceback (most recent call last):
  File "/home/airflow/.local/lib/python3.12/site-packages/airflow/models/dagbag.py", line 351, in parse
    loader.exec_module(new_module)
  File "<frozen importlib._bootstrap_external>", line 995, in exec_module
  File "<frozen importlib._bootstrap>", line 488, in _call_with_frames_removed
  File "/opt/airflow/dags/sodai_pipeline.py", line 23, in <module>
    from src.preprocessing import build_weekly_features
  File "/opt/airflow/src/preprocessing.py", line 6, in <module>
    from sklearn.base import BaseEstimator, TransformerMixin
ModuleNotFoundError: No module named 'sklearn'
[2025-11-13T14:04:29.752+0000] {processor.py:842} WARNING - No viable dags retrieved from /opt/airflow/dags/sodai_pipeline.py
[2025-11-13T14:04:29.768+0000] {processor.py:183} INFO - Processing /opt/airflow/dags/sodai_pipeline.py took 0.276 seconds
[2025-11-13T14:05:00.405+0000] {processor.py:161} INFO - Started process (PID=302) to work on /opt/airflow/dags/sodai_pipeline.py
[2025-11-13T14:05:00.407+0000] {processor.py:830} INFO - Processing file /opt/airflow/dags/sodai_pipeline.py for tasks to queue
[2025-11-13T14:05:00.413+0000] {logging_mixin.py:188} INFO - [2025-11-13T14:05:00.410+0000] {dagbag.py:545} INFO - Filling up the DagBag from /opt/airflow/dags/sodai_pipeline.py
[2025-11-13T14:05:00.631+0000] {logging_mixin.py:188} INFO - [2025-11-13T14:05:00.630+0000] {dagbag.py:355} ERROR - Failed to import: /opt/airflow/dags/sodai_pipeline.py
Traceback (most recent call last):
  File "/home/airflow/.local/lib/python3.12/site-packages/airflow/models/dagbag.py", line 351, in parse
    loader.exec_module(new_module)
  File "<frozen importlib._bootstrap_external>", line 995, in exec_module
  File "<frozen importlib._bootstrap>", line 488, in _call_with_frames_removed
  File "/opt/airflow/dags/sodai_pipeline.py", line 23, in <module>
    from src.preprocessing import build_weekly_features
  File "/opt/airflow/src/preprocessing.py", line 6, in <module>
    from sklearn.base import BaseEstimator, TransformerMixin
ModuleNotFoundError: No module named 'sklearn'
[2025-11-13T14:05:00.632+0000] {processor.py:842} WARNING - No viable dags retrieved from /opt/airflow/dags/sodai_pipeline.py
[2025-11-13T14:05:00.648+0000] {processor.py:183} INFO - Processing /opt/airflow/dags/sodai_pipeline.py took 0.254 seconds
[2025-11-13T14:05:30.761+0000] {processor.py:161} INFO - Started process (PID=308) to work on /opt/airflow/dags/sodai_pipeline.py
[2025-11-13T14:05:30.763+0000] {processor.py:830} INFO - Processing file /opt/airflow/dags/sodai_pipeline.py for tasks to queue
[2025-11-13T14:05:30.767+0000] {logging_mixin.py:188} INFO - [2025-11-13T14:05:30.766+0000] {dagbag.py:545} INFO - Filling up the DagBag from /opt/airflow/dags/sodai_pipeline.py
[2025-11-13T14:05:30.958+0000] {logging_mixin.py:188} INFO - [2025-11-13T14:05:30.956+0000] {dagbag.py:355} ERROR - Failed to import: /opt/airflow/dags/sodai_pipeline.py
Traceback (most recent call last):
  File "/home/airflow/.local/lib/python3.12/site-packages/airflow/models/dagbag.py", line 351, in parse
    loader.exec_module(new_module)
  File "<frozen importlib._bootstrap_external>", line 995, in exec_module
  File "<frozen importlib._bootstrap>", line 488, in _call_with_frames_removed
  File "/opt/airflow/dags/sodai_pipeline.py", line 23, in <module>
    from src.preprocessing import build_weekly_features
  File "/opt/airflow/src/preprocessing.py", line 6, in <module>
    from sklearn.base import BaseEstimator, TransformerMixin
ModuleNotFoundError: No module named 'sklearn'
[2025-11-13T14:05:30.958+0000] {processor.py:842} WARNING - No viable dags retrieved from /opt/airflow/dags/sodai_pipeline.py
[2025-11-13T14:05:30.971+0000] {processor.py:183} INFO - Processing /opt/airflow/dags/sodai_pipeline.py took 0.219 seconds
[2025-11-13T14:06:01.290+0000] {processor.py:161} INFO - Started process (PID=314) to work on /opt/airflow/dags/sodai_pipeline.py
[2025-11-13T14:06:01.292+0000] {processor.py:830} INFO - Processing file /opt/airflow/dags/sodai_pipeline.py for tasks to queue
[2025-11-13T14:06:01.295+0000] {logging_mixin.py:188} INFO - [2025-11-13T14:06:01.294+0000] {dagbag.py:545} INFO - Filling up the DagBag from /opt/airflow/dags/sodai_pipeline.py
[2025-11-13T14:06:01.524+0000] {logging_mixin.py:188} INFO - [2025-11-13T14:06:01.522+0000] {dagbag.py:355} ERROR - Failed to import: /opt/airflow/dags/sodai_pipeline.py
Traceback (most recent call last):
  File "/home/airflow/.local/lib/python3.12/site-packages/airflow/models/dagbag.py", line 351, in parse
    loader.exec_module(new_module)
  File "<frozen importlib._bootstrap_external>", line 995, in exec_module
  File "<frozen importlib._bootstrap>", line 488, in _call_with_frames_removed
  File "/opt/airflow/dags/sodai_pipeline.py", line 23, in <module>
    from src.preprocessing import build_weekly_features
  File "/opt/airflow/src/preprocessing.py", line 6, in <module>
    from sklearn.base import BaseEstimator, TransformerMixin
ModuleNotFoundError: No module named 'sklearn'
[2025-11-13T14:06:01.525+0000] {processor.py:842} WARNING - No viable dags retrieved from /opt/airflow/dags/sodai_pipeline.py
[2025-11-13T14:06:01.547+0000] {processor.py:183} INFO - Processing /opt/airflow/dags/sodai_pipeline.py took 0.265 seconds
[2025-11-13T14:06:31.619+0000] {processor.py:161} INFO - Started process (PID=320) to work on /opt/airflow/dags/sodai_pipeline.py
[2025-11-13T14:06:31.621+0000] {processor.py:830} INFO - Processing file /opt/airflow/dags/sodai_pipeline.py for tasks to queue
[2025-11-13T14:06:31.625+0000] {logging_mixin.py:188} INFO - [2025-11-13T14:06:31.624+0000] {dagbag.py:545} INFO - Filling up the DagBag from /opt/airflow/dags/sodai_pipeline.py
[2025-11-13T14:06:31.835+0000] {logging_mixin.py:188} INFO - [2025-11-13T14:06:31.833+0000] {dagbag.py:355} ERROR - Failed to import: /opt/airflow/dags/sodai_pipeline.py
Traceback (most recent call last):
  File "/home/airflow/.local/lib/python3.12/site-packages/airflow/models/dagbag.py", line 351, in parse
    loader.exec_module(new_module)
  File "<frozen importlib._bootstrap_external>", line 995, in exec_module
  File "<frozen importlib._bootstrap>", line 488, in _call_with_frames_removed
  File "/opt/airflow/dags/sodai_pipeline.py", line 23, in <module>
    from src.preprocessing import build_weekly_features
  File "/opt/airflow/src/preprocessing.py", line 6, in <module>
    from sklearn.base import BaseEstimator, TransformerMixin
ModuleNotFoundError: No module named 'sklearn'
[2025-11-13T14:06:31.835+0000] {processor.py:842} WARNING - No viable dags retrieved from /opt/airflow/dags/sodai_pipeline.py
[2025-11-13T14:06:31.848+0000] {processor.py:183} INFO - Processing /opt/airflow/dags/sodai_pipeline.py took 0.245 seconds
[2025-11-13T14:07:02.139+0000] {processor.py:161} INFO - Started process (PID=326) to work on /opt/airflow/dags/sodai_pipeline.py
[2025-11-13T14:07:02.145+0000] {processor.py:830} INFO - Processing file /opt/airflow/dags/sodai_pipeline.py for tasks to queue
[2025-11-13T14:07:02.151+0000] {logging_mixin.py:188} INFO - [2025-11-13T14:07:02.150+0000] {dagbag.py:545} INFO - Filling up the DagBag from /opt/airflow/dags/sodai_pipeline.py
[2025-11-13T14:07:02.372+0000] {logging_mixin.py:188} INFO - [2025-11-13T14:07:02.369+0000] {dagbag.py:355} ERROR - Failed to import: /opt/airflow/dags/sodai_pipeline.py
Traceback (most recent call last):
  File "/home/airflow/.local/lib/python3.12/site-packages/airflow/models/dagbag.py", line 351, in parse
    loader.exec_module(new_module)
  File "<frozen importlib._bootstrap_external>", line 995, in exec_module
  File "<frozen importlib._bootstrap>", line 488, in _call_with_frames_removed
  File "/opt/airflow/dags/sodai_pipeline.py", line 23, in <module>
    from src.preprocessing import build_weekly_features
  File "/opt/airflow/src/preprocessing.py", line 6, in <module>
    from sklearn.base import BaseEstimator, TransformerMixin
ModuleNotFoundError: No module named 'sklearn'
[2025-11-13T14:07:02.372+0000] {processor.py:842} WARNING - No viable dags retrieved from /opt/airflow/dags/sodai_pipeline.py
[2025-11-13T14:07:02.385+0000] {processor.py:183} INFO - Processing /opt/airflow/dags/sodai_pipeline.py took 0.255 seconds
[2025-11-13T14:07:32.714+0000] {processor.py:161} INFO - Started process (PID=332) to work on /opt/airflow/dags/sodai_pipeline.py
[2025-11-13T14:07:32.715+0000] {processor.py:830} INFO - Processing file /opt/airflow/dags/sodai_pipeline.py for tasks to queue
[2025-11-13T14:07:32.718+0000] {logging_mixin.py:188} INFO - [2025-11-13T14:07:32.717+0000] {dagbag.py:545} INFO - Filling up the DagBag from /opt/airflow/dags/sodai_pipeline.py
[2025-11-13T14:07:32.946+0000] {logging_mixin.py:188} INFO - [2025-11-13T14:07:32.944+0000] {dagbag.py:355} ERROR - Failed to import: /opt/airflow/dags/sodai_pipeline.py
Traceback (most recent call last):
  File "/home/airflow/.local/lib/python3.12/site-packages/airflow/models/dagbag.py", line 351, in parse
    loader.exec_module(new_module)
  File "<frozen importlib._bootstrap_external>", line 995, in exec_module
  File "<frozen importlib._bootstrap>", line 488, in _call_with_frames_removed
  File "/opt/airflow/dags/sodai_pipeline.py", line 23, in <module>
    from src.preprocessing import build_weekly_features
  File "/opt/airflow/src/preprocessing.py", line 6, in <module>
    from sklearn.base import BaseEstimator, TransformerMixin
ModuleNotFoundError: No module named 'sklearn'
[2025-11-13T14:07:32.946+0000] {processor.py:842} WARNING - No viable dags retrieved from /opt/airflow/dags/sodai_pipeline.py
[2025-11-13T14:07:32.963+0000] {processor.py:183} INFO - Processing /opt/airflow/dags/sodai_pipeline.py took 0.257 seconds
[2025-11-13T14:08:03.023+0000] {processor.py:161} INFO - Started process (PID=338) to work on /opt/airflow/dags/sodai_pipeline.py
[2025-11-13T14:08:03.025+0000] {processor.py:830} INFO - Processing file /opt/airflow/dags/sodai_pipeline.py for tasks to queue
[2025-11-13T14:08:03.028+0000] {logging_mixin.py:188} INFO - [2025-11-13T14:08:03.027+0000] {dagbag.py:545} INFO - Filling up the DagBag from /opt/airflow/dags/sodai_pipeline.py
[2025-11-13T14:08:03.237+0000] {logging_mixin.py:188} INFO - [2025-11-13T14:08:03.234+0000] {dagbag.py:355} ERROR - Failed to import: /opt/airflow/dags/sodai_pipeline.py
Traceback (most recent call last):
  File "/home/airflow/.local/lib/python3.12/site-packages/airflow/models/dagbag.py", line 351, in parse
    loader.exec_module(new_module)
  File "<frozen importlib._bootstrap_external>", line 995, in exec_module
  File "<frozen importlib._bootstrap>", line 488, in _call_with_frames_removed
  File "/opt/airflow/dags/sodai_pipeline.py", line 23, in <module>
    from src.preprocessing import build_weekly_features
  File "/opt/airflow/src/preprocessing.py", line 6, in <module>
    from sklearn.base import BaseEstimator, TransformerMixin
ModuleNotFoundError: No module named 'sklearn'
[2025-11-13T14:08:03.237+0000] {processor.py:842} WARNING - No viable dags retrieved from /opt/airflow/dags/sodai_pipeline.py
[2025-11-13T14:08:03.252+0000] {processor.py:183} INFO - Processing /opt/airflow/dags/sodai_pipeline.py took 0.237 seconds
[2025-11-13T14:08:33.567+0000] {processor.py:161} INFO - Started process (PID=344) to work on /opt/airflow/dags/sodai_pipeline.py
[2025-11-13T14:08:33.569+0000] {processor.py:830} INFO - Processing file /opt/airflow/dags/sodai_pipeline.py for tasks to queue
[2025-11-13T14:08:33.573+0000] {logging_mixin.py:188} INFO - [2025-11-13T14:08:33.572+0000] {dagbag.py:545} INFO - Filling up the DagBag from /opt/airflow/dags/sodai_pipeline.py
[2025-11-13T14:08:33.804+0000] {logging_mixin.py:188} INFO - [2025-11-13T14:08:33.802+0000] {dagbag.py:355} ERROR - Failed to import: /opt/airflow/dags/sodai_pipeline.py
Traceback (most recent call last):
  File "/home/airflow/.local/lib/python3.12/site-packages/airflow/models/dagbag.py", line 351, in parse
    loader.exec_module(new_module)
  File "<frozen importlib._bootstrap_external>", line 995, in exec_module
  File "<frozen importlib._bootstrap>", line 488, in _call_with_frames_removed
  File "/opt/airflow/dags/sodai_pipeline.py", line 23, in <module>
    from src.preprocessing import build_weekly_features
  File "/opt/airflow/src/preprocessing.py", line 6, in <module>
    from sklearn.base import BaseEstimator, TransformerMixin
ModuleNotFoundError: No module named 'sklearn'
[2025-11-13T14:08:33.805+0000] {processor.py:842} WARNING - No viable dags retrieved from /opt/airflow/dags/sodai_pipeline.py
[2025-11-13T14:08:33.820+0000] {processor.py:183} INFO - Processing /opt/airflow/dags/sodai_pipeline.py took 0.262 seconds
[2025-11-13T14:09:03.936+0000] {processor.py:161} INFO - Started process (PID=350) to work on /opt/airflow/dags/sodai_pipeline.py
[2025-11-13T14:09:03.938+0000] {processor.py:830} INFO - Processing file /opt/airflow/dags/sodai_pipeline.py for tasks to queue
[2025-11-13T14:09:03.940+0000] {logging_mixin.py:188} INFO - [2025-11-13T14:09:03.940+0000] {dagbag.py:545} INFO - Filling up the DagBag from /opt/airflow/dags/sodai_pipeline.py
[2025-11-13T14:09:04.175+0000] {logging_mixin.py:188} INFO - [2025-11-13T14:09:04.171+0000] {dagbag.py:355} ERROR - Failed to import: /opt/airflow/dags/sodai_pipeline.py
Traceback (most recent call last):
  File "/home/airflow/.local/lib/python3.12/site-packages/airflow/models/dagbag.py", line 351, in parse
    loader.exec_module(new_module)
  File "<frozen importlib._bootstrap_external>", line 995, in exec_module
  File "<frozen importlib._bootstrap>", line 488, in _call_with_frames_removed
  File "/opt/airflow/dags/sodai_pipeline.py", line 23, in <module>
    from src.preprocessing import build_weekly_features
  File "/opt/airflow/src/preprocessing.py", line 6, in <module>
    from sklearn.base import BaseEstimator, TransformerMixin
ModuleNotFoundError: No module named 'sklearn'
[2025-11-13T14:09:04.175+0000] {processor.py:842} WARNING - No viable dags retrieved from /opt/airflow/dags/sodai_pipeline.py
[2025-11-13T14:09:04.191+0000] {processor.py:183} INFO - Processing /opt/airflow/dags/sodai_pipeline.py took 0.263 seconds
[2025-11-13T14:09:34.459+0000] {processor.py:161} INFO - Started process (PID=356) to work on /opt/airflow/dags/sodai_pipeline.py
[2025-11-13T14:09:34.461+0000] {processor.py:830} INFO - Processing file /opt/airflow/dags/sodai_pipeline.py for tasks to queue
[2025-11-13T14:09:34.467+0000] {logging_mixin.py:188} INFO - [2025-11-13T14:09:34.466+0000] {dagbag.py:545} INFO - Filling up the DagBag from /opt/airflow/dags/sodai_pipeline.py
[2025-11-13T14:09:34.728+0000] {logging_mixin.py:188} INFO - [2025-11-13T14:09:34.725+0000] {dagbag.py:355} ERROR - Failed to import: /opt/airflow/dags/sodai_pipeline.py
Traceback (most recent call last):
  File "/home/airflow/.local/lib/python3.12/site-packages/airflow/models/dagbag.py", line 351, in parse
    loader.exec_module(new_module)
  File "<frozen importlib._bootstrap_external>", line 995, in exec_module
  File "<frozen importlib._bootstrap>", line 488, in _call_with_frames_removed
  File "/opt/airflow/dags/sodai_pipeline.py", line 23, in <module>
    from src.preprocessing import build_weekly_features
  File "/opt/airflow/src/preprocessing.py", line 6, in <module>
    from sklearn.base import BaseEstimator, TransformerMixin
ModuleNotFoundError: No module named 'sklearn'
[2025-11-13T14:09:34.728+0000] {processor.py:842} WARNING - No viable dags retrieved from /opt/airflow/dags/sodai_pipeline.py
[2025-11-13T14:09:34.757+0000] {processor.py:183} INFO - Processing /opt/airflow/dags/sodai_pipeline.py took 0.306 seconds
[2025-11-13T14:10:04.828+0000] {processor.py:161} INFO - Started process (PID=362) to work on /opt/airflow/dags/sodai_pipeline.py
[2025-11-13T14:10:04.830+0000] {processor.py:830} INFO - Processing file /opt/airflow/dags/sodai_pipeline.py for tasks to queue
[2025-11-13T14:10:04.832+0000] {logging_mixin.py:188} INFO - [2025-11-13T14:10:04.831+0000] {dagbag.py:545} INFO - Filling up the DagBag from /opt/airflow/dags/sodai_pipeline.py
[2025-11-13T14:10:05.062+0000] {logging_mixin.py:188} INFO - [2025-11-13T14:10:05.058+0000] {dagbag.py:355} ERROR - Failed to import: /opt/airflow/dags/sodai_pipeline.py
Traceback (most recent call last):
  File "/home/airflow/.local/lib/python3.12/site-packages/airflow/models/dagbag.py", line 351, in parse
    loader.exec_module(new_module)
  File "<frozen importlib._bootstrap_external>", line 995, in exec_module
  File "<frozen importlib._bootstrap>", line 488, in _call_with_frames_removed
  File "/opt/airflow/dags/sodai_pipeline.py", line 23, in <module>
    from src.preprocessing import build_weekly_features
  File "/opt/airflow/src/preprocessing.py", line 6, in <module>
    from sklearn.base import BaseEstimator, TransformerMixin
ModuleNotFoundError: No module named 'sklearn'
[2025-11-13T14:10:05.062+0000] {processor.py:842} WARNING - No viable dags retrieved from /opt/airflow/dags/sodai_pipeline.py
[2025-11-13T14:10:05.075+0000] {processor.py:183} INFO - Processing /opt/airflow/dags/sodai_pipeline.py took 0.256 seconds
[2025-11-13T14:10:35.420+0000] {processor.py:161} INFO - Started process (PID=368) to work on /opt/airflow/dags/sodai_pipeline.py
[2025-11-13T14:10:35.421+0000] {processor.py:830} INFO - Processing file /opt/airflow/dags/sodai_pipeline.py for tasks to queue
[2025-11-13T14:10:35.423+0000] {logging_mixin.py:188} INFO - [2025-11-13T14:10:35.423+0000] {dagbag.py:545} INFO - Filling up the DagBag from /opt/airflow/dags/sodai_pipeline.py
[2025-11-13T14:10:35.635+0000] {logging_mixin.py:188} INFO - [2025-11-13T14:10:35.632+0000] {dagbag.py:355} ERROR - Failed to import: /opt/airflow/dags/sodai_pipeline.py
Traceback (most recent call last):
  File "/home/airflow/.local/lib/python3.12/site-packages/airflow/models/dagbag.py", line 351, in parse
    loader.exec_module(new_module)
  File "<frozen importlib._bootstrap_external>", line 995, in exec_module
  File "<frozen importlib._bootstrap>", line 488, in _call_with_frames_removed
  File "/opt/airflow/dags/sodai_pipeline.py", line 23, in <module>
    from src.preprocessing import build_weekly_features
  File "/opt/airflow/src/preprocessing.py", line 6, in <module>
    from sklearn.base import BaseEstimator, TransformerMixin
ModuleNotFoundError: No module named 'sklearn'
[2025-11-13T14:10:35.635+0000] {processor.py:842} WARNING - No viable dags retrieved from /opt/airflow/dags/sodai_pipeline.py
[2025-11-13T14:10:35.646+0000] {processor.py:183} INFO - Processing /opt/airflow/dags/sodai_pipeline.py took 0.236 seconds
[2025-11-13T14:11:05.738+0000] {processor.py:161} INFO - Started process (PID=374) to work on /opt/airflow/dags/sodai_pipeline.py
[2025-11-13T14:11:05.740+0000] {processor.py:830} INFO - Processing file /opt/airflow/dags/sodai_pipeline.py for tasks to queue
[2025-11-13T14:11:05.742+0000] {logging_mixin.py:188} INFO - [2025-11-13T14:11:05.741+0000] {dagbag.py:545} INFO - Filling up the DagBag from /opt/airflow/dags/sodai_pipeline.py
[2025-11-13T14:11:05.980+0000] {logging_mixin.py:188} INFO - [2025-11-13T14:11:05.978+0000] {dagbag.py:355} ERROR - Failed to import: /opt/airflow/dags/sodai_pipeline.py
Traceback (most recent call last):
  File "/home/airflow/.local/lib/python3.12/site-packages/airflow/models/dagbag.py", line 351, in parse
    loader.exec_module(new_module)
  File "<frozen importlib._bootstrap_external>", line 995, in exec_module
  File "<frozen importlib._bootstrap>", line 488, in _call_with_frames_removed
  File "/opt/airflow/dags/sodai_pipeline.py", line 23, in <module>
    from src.preprocessing import build_weekly_features
  File "/opt/airflow/src/preprocessing.py", line 6, in <module>
    from sklearn.base import BaseEstimator, TransformerMixin
ModuleNotFoundError: No module named 'sklearn'
[2025-11-13T14:11:05.980+0000] {processor.py:842} WARNING - No viable dags retrieved from /opt/airflow/dags/sodai_pipeline.py
[2025-11-13T14:11:05.995+0000] {processor.py:183} INFO - Processing /opt/airflow/dags/sodai_pipeline.py took 0.273 seconds
[2025-11-13T14:11:36.306+0000] {processor.py:161} INFO - Started process (PID=380) to work on /opt/airflow/dags/sodai_pipeline.py
[2025-11-13T14:11:36.307+0000] {processor.py:830} INFO - Processing file /opt/airflow/dags/sodai_pipeline.py for tasks to queue
[2025-11-13T14:11:36.310+0000] {logging_mixin.py:188} INFO - [2025-11-13T14:11:36.309+0000] {dagbag.py:545} INFO - Filling up the DagBag from /opt/airflow/dags/sodai_pipeline.py
[2025-11-13T14:11:36.521+0000] {logging_mixin.py:188} INFO - [2025-11-13T14:11:36.519+0000] {dagbag.py:355} ERROR - Failed to import: /opt/airflow/dags/sodai_pipeline.py
Traceback (most recent call last):
  File "/home/airflow/.local/lib/python3.12/site-packages/airflow/models/dagbag.py", line 351, in parse
    loader.exec_module(new_module)
  File "<frozen importlib._bootstrap_external>", line 995, in exec_module
  File "<frozen importlib._bootstrap>", line 488, in _call_with_frames_removed
  File "/opt/airflow/dags/sodai_pipeline.py", line 23, in <module>
    from src.preprocessing import build_weekly_features
  File "/opt/airflow/src/preprocessing.py", line 6, in <module>
    from sklearn.base import BaseEstimator, TransformerMixin
ModuleNotFoundError: No module named 'sklearn'
[2025-11-13T14:11:36.521+0000] {processor.py:842} WARNING - No viable dags retrieved from /opt/airflow/dags/sodai_pipeline.py
[2025-11-13T14:11:36.533+0000] {processor.py:183} INFO - Processing /opt/airflow/dags/sodai_pipeline.py took 0.236 seconds
[2025-11-13T14:12:06.644+0000] {processor.py:161} INFO - Started process (PID=386) to work on /opt/airflow/dags/sodai_pipeline.py
[2025-11-13T14:12:06.646+0000] {processor.py:830} INFO - Processing file /opt/airflow/dags/sodai_pipeline.py for tasks to queue
[2025-11-13T14:12:06.649+0000] {logging_mixin.py:188} INFO - [2025-11-13T14:12:06.648+0000] {dagbag.py:545} INFO - Filling up the DagBag from /opt/airflow/dags/sodai_pipeline.py
[2025-11-13T14:12:06.867+0000] {logging_mixin.py:188} INFO - [2025-11-13T14:12:06.859+0000] {dagbag.py:355} ERROR - Failed to import: /opt/airflow/dags/sodai_pipeline.py
Traceback (most recent call last):
  File "/home/airflow/.local/lib/python3.12/site-packages/airflow/models/dagbag.py", line 351, in parse
    loader.exec_module(new_module)
  File "<frozen importlib._bootstrap_external>", line 995, in exec_module
  File "<frozen importlib._bootstrap>", line 488, in _call_with_frames_removed
  File "/opt/airflow/dags/sodai_pipeline.py", line 23, in <module>
    from src.preprocessing import build_weekly_features
  File "/opt/airflow/src/preprocessing.py", line 6, in <module>
    from sklearn.base import BaseEstimator, TransformerMixin
ModuleNotFoundError: No module named 'sklearn'
[2025-11-13T14:12:06.868+0000] {processor.py:842} WARNING - No viable dags retrieved from /opt/airflow/dags/sodai_pipeline.py
[2025-11-13T14:12:06.886+0000] {processor.py:183} INFO - Processing /opt/airflow/dags/sodai_pipeline.py took 0.251 seconds
[2025-11-13T14:12:37.194+0000] {processor.py:161} INFO - Started process (PID=398) to work on /opt/airflow/dags/sodai_pipeline.py
[2025-11-13T14:12:37.196+0000] {processor.py:830} INFO - Processing file /opt/airflow/dags/sodai_pipeline.py for tasks to queue
[2025-11-13T14:12:37.202+0000] {logging_mixin.py:188} INFO - [2025-11-13T14:12:37.201+0000] {dagbag.py:545} INFO - Filling up the DagBag from /opt/airflow/dags/sodai_pipeline.py
[2025-11-13T14:12:37.432+0000] {logging_mixin.py:188} INFO - [2025-11-13T14:12:37.430+0000] {dagbag.py:355} ERROR - Failed to import: /opt/airflow/dags/sodai_pipeline.py
Traceback (most recent call last):
  File "/home/airflow/.local/lib/python3.12/site-packages/airflow/models/dagbag.py", line 351, in parse
    loader.exec_module(new_module)
  File "<frozen importlib._bootstrap_external>", line 995, in exec_module
  File "<frozen importlib._bootstrap>", line 488, in _call_with_frames_removed
  File "/opt/airflow/dags/sodai_pipeline.py", line 23, in <module>
    from src.preprocessing import build_weekly_features
  File "/opt/airflow/src/preprocessing.py", line 6, in <module>
    from sklearn.base import BaseEstimator, TransformerMixin
ModuleNotFoundError: No module named 'sklearn'
[2025-11-13T14:12:37.433+0000] {processor.py:842} WARNING - No viable dags retrieved from /opt/airflow/dags/sodai_pipeline.py
[2025-11-13T14:12:37.447+0000] {processor.py:183} INFO - Processing /opt/airflow/dags/sodai_pipeline.py took 0.261 seconds
[2025-11-13T14:13:07.576+0000] {processor.py:161} INFO - Started process (PID=404) to work on /opt/airflow/dags/sodai_pipeline.py
[2025-11-13T14:13:07.578+0000] {processor.py:830} INFO - Processing file /opt/airflow/dags/sodai_pipeline.py for tasks to queue
[2025-11-13T14:13:07.583+0000] {logging_mixin.py:188} INFO - [2025-11-13T14:13:07.582+0000] {dagbag.py:545} INFO - Filling up the DagBag from /opt/airflow/dags/sodai_pipeline.py
[2025-11-13T14:13:07.869+0000] {logging_mixin.py:188} INFO - [2025-11-13T14:13:07.864+0000] {dagbag.py:355} ERROR - Failed to import: /opt/airflow/dags/sodai_pipeline.py
Traceback (most recent call last):
  File "/home/airflow/.local/lib/python3.12/site-packages/airflow/models/dagbag.py", line 351, in parse
    loader.exec_module(new_module)
  File "<frozen importlib._bootstrap_external>", line 995, in exec_module
  File "<frozen importlib._bootstrap>", line 488, in _call_with_frames_removed
  File "/opt/airflow/dags/sodai_pipeline.py", line 23, in <module>
    from src.preprocessing import build_weekly_features
  File "/opt/airflow/src/preprocessing.py", line 6, in <module>
    from sklearn.base import BaseEstimator, TransformerMixin
ModuleNotFoundError: No module named 'sklearn'
[2025-11-13T14:13:07.870+0000] {processor.py:842} WARNING - No viable dags retrieved from /opt/airflow/dags/sodai_pipeline.py
[2025-11-13T14:13:07.894+0000] {processor.py:183} INFO - Processing /opt/airflow/dags/sodai_pipeline.py took 0.326 seconds
[2025-11-13T14:13:38.119+0000] {processor.py:161} INFO - Started process (PID=410) to work on /opt/airflow/dags/sodai_pipeline.py
[2025-11-13T14:13:38.121+0000] {processor.py:830} INFO - Processing file /opt/airflow/dags/sodai_pipeline.py for tasks to queue
[2025-11-13T14:13:38.124+0000] {logging_mixin.py:188} INFO - [2025-11-13T14:13:38.123+0000] {dagbag.py:545} INFO - Filling up the DagBag from /opt/airflow/dags/sodai_pipeline.py
[2025-11-13T14:13:38.360+0000] {logging_mixin.py:188} INFO - [2025-11-13T14:13:38.356+0000] {dagbag.py:355} ERROR - Failed to import: /opt/airflow/dags/sodai_pipeline.py
Traceback (most recent call last):
  File "/home/airflow/.local/lib/python3.12/site-packages/airflow/models/dagbag.py", line 351, in parse
    loader.exec_module(new_module)
  File "<frozen importlib._bootstrap_external>", line 995, in exec_module
  File "<frozen importlib._bootstrap>", line 488, in _call_with_frames_removed
  File "/opt/airflow/dags/sodai_pipeline.py", line 23, in <module>
    from src.preprocessing import build_weekly_features
  File "/opt/airflow/src/preprocessing.py", line 6, in <module>
    from sklearn.base import BaseEstimator, TransformerMixin
ModuleNotFoundError: No module named 'sklearn'
[2025-11-13T14:13:38.360+0000] {processor.py:842} WARNING - No viable dags retrieved from /opt/airflow/dags/sodai_pipeline.py
[2025-11-13T14:13:38.380+0000] {processor.py:183} INFO - Processing /opt/airflow/dags/sodai_pipeline.py took 0.270 seconds
[2025-11-13T14:14:08.489+0000] {processor.py:161} INFO - Started process (PID=416) to work on /opt/airflow/dags/sodai_pipeline.py
[2025-11-13T14:14:08.491+0000] {processor.py:830} INFO - Processing file /opt/airflow/dags/sodai_pipeline.py for tasks to queue
[2025-11-13T14:14:08.495+0000] {logging_mixin.py:188} INFO - [2025-11-13T14:14:08.493+0000] {dagbag.py:545} INFO - Filling up the DagBag from /opt/airflow/dags/sodai_pipeline.py
[2025-11-13T14:14:08.704+0000] {logging_mixin.py:188} INFO - [2025-11-13T14:14:08.702+0000] {dagbag.py:355} ERROR - Failed to import: /opt/airflow/dags/sodai_pipeline.py
Traceback (most recent call last):
  File "/home/airflow/.local/lib/python3.12/site-packages/airflow/models/dagbag.py", line 351, in parse
    loader.exec_module(new_module)
  File "<frozen importlib._bootstrap_external>", line 995, in exec_module
  File "<frozen importlib._bootstrap>", line 488, in _call_with_frames_removed
  File "/opt/airflow/dags/sodai_pipeline.py", line 23, in <module>
    from src.preprocessing import build_weekly_features
  File "/opt/airflow/src/preprocessing.py", line 6, in <module>
    from sklearn.base import BaseEstimator, TransformerMixin
ModuleNotFoundError: No module named 'sklearn'
[2025-11-13T14:14:08.705+0000] {processor.py:842} WARNING - No viable dags retrieved from /opt/airflow/dags/sodai_pipeline.py
[2025-11-13T14:14:08.718+0000] {processor.py:183} INFO - Processing /opt/airflow/dags/sodai_pipeline.py took 0.240 seconds
[2025-11-13T14:14:38.996+0000] {processor.py:161} INFO - Started process (PID=422) to work on /opt/airflow/dags/sodai_pipeline.py
[2025-11-13T14:14:38.998+0000] {processor.py:830} INFO - Processing file /opt/airflow/dags/sodai_pipeline.py for tasks to queue
[2025-11-13T14:14:39.002+0000] {logging_mixin.py:188} INFO - [2025-11-13T14:14:39.001+0000] {dagbag.py:545} INFO - Filling up the DagBag from /opt/airflow/dags/sodai_pipeline.py
[2025-11-13T14:14:39.207+0000] {logging_mixin.py:188} INFO - [2025-11-13T14:14:39.205+0000] {dagbag.py:355} ERROR - Failed to import: /opt/airflow/dags/sodai_pipeline.py
Traceback (most recent call last):
  File "/home/airflow/.local/lib/python3.12/site-packages/airflow/models/dagbag.py", line 351, in parse
    loader.exec_module(new_module)
  File "<frozen importlib._bootstrap_external>", line 995, in exec_module
  File "<frozen importlib._bootstrap>", line 488, in _call_with_frames_removed
  File "/opt/airflow/dags/sodai_pipeline.py", line 23, in <module>
    from src.preprocessing import build_weekly_features
  File "/opt/airflow/src/preprocessing.py", line 6, in <module>
    from sklearn.base import BaseEstimator, TransformerMixin
ModuleNotFoundError: No module named 'sklearn'
[2025-11-13T14:14:39.208+0000] {processor.py:842} WARNING - No viable dags retrieved from /opt/airflow/dags/sodai_pipeline.py
[2025-11-13T14:14:39.223+0000] {processor.py:183} INFO - Processing /opt/airflow/dags/sodai_pipeline.py took 0.240 seconds
[2025-11-13T14:15:09.361+0000] {processor.py:161} INFO - Started process (PID=428) to work on /opt/airflow/dags/sodai_pipeline.py
[2025-11-13T14:15:09.362+0000] {processor.py:830} INFO - Processing file /opt/airflow/dags/sodai_pipeline.py for tasks to queue
[2025-11-13T14:15:09.365+0000] {logging_mixin.py:188} INFO - [2025-11-13T14:15:09.364+0000] {dagbag.py:545} INFO - Filling up the DagBag from /opt/airflow/dags/sodai_pipeline.py
[2025-11-13T14:15:09.561+0000] {logging_mixin.py:188} INFO - [2025-11-13T14:15:09.559+0000] {dagbag.py:355} ERROR - Failed to import: /opt/airflow/dags/sodai_pipeline.py
Traceback (most recent call last):
  File "/home/airflow/.local/lib/python3.12/site-packages/airflow/models/dagbag.py", line 351, in parse
    loader.exec_module(new_module)
  File "<frozen importlib._bootstrap_external>", line 995, in exec_module
  File "<frozen importlib._bootstrap>", line 488, in _call_with_frames_removed
  File "/opt/airflow/dags/sodai_pipeline.py", line 23, in <module>
    from src.preprocessing import build_weekly_features
  File "/opt/airflow/src/preprocessing.py", line 6, in <module>
    from sklearn.base import BaseEstimator, TransformerMixin
ModuleNotFoundError: No module named 'sklearn'
[2025-11-13T14:15:09.561+0000] {processor.py:842} WARNING - No viable dags retrieved from /opt/airflow/dags/sodai_pipeline.py
[2025-11-13T14:15:09.572+0000] {processor.py:183} INFO - Processing /opt/airflow/dags/sodai_pipeline.py took 0.220 seconds
[2025-11-13T14:15:39.908+0000] {processor.py:161} INFO - Started process (PID=434) to work on /opt/airflow/dags/sodai_pipeline.py
[2025-11-13T14:15:39.910+0000] {processor.py:830} INFO - Processing file /opt/airflow/dags/sodai_pipeline.py for tasks to queue
[2025-11-13T14:15:39.915+0000] {logging_mixin.py:188} INFO - [2025-11-13T14:15:39.915+0000] {dagbag.py:545} INFO - Filling up the DagBag from /opt/airflow/dags/sodai_pipeline.py
[2025-11-13T14:15:40.125+0000] {logging_mixin.py:188} INFO - [2025-11-13T14:15:40.123+0000] {dagbag.py:355} ERROR - Failed to import: /opt/airflow/dags/sodai_pipeline.py
Traceback (most recent call last):
  File "/home/airflow/.local/lib/python3.12/site-packages/airflow/models/dagbag.py", line 351, in parse
    loader.exec_module(new_module)
  File "<frozen importlib._bootstrap_external>", line 995, in exec_module
  File "<frozen importlib._bootstrap>", line 488, in _call_with_frames_removed
  File "/opt/airflow/dags/sodai_pipeline.py", line 23, in <module>
    from src.preprocessing import build_weekly_features
  File "/opt/airflow/src/preprocessing.py", line 6, in <module>
    from sklearn.base import BaseEstimator, TransformerMixin
ModuleNotFoundError: No module named 'sklearn'
[2025-11-13T14:15:40.125+0000] {processor.py:842} WARNING - No viable dags retrieved from /opt/airflow/dags/sodai_pipeline.py
[2025-11-13T14:15:40.141+0000] {processor.py:183} INFO - Processing /opt/airflow/dags/sodai_pipeline.py took 0.243 seconds
[2025-11-13T14:16:10.276+0000] {processor.py:161} INFO - Started process (PID=440) to work on /opt/airflow/dags/sodai_pipeline.py
[2025-11-13T14:16:10.277+0000] {processor.py:830} INFO - Processing file /opt/airflow/dags/sodai_pipeline.py for tasks to queue
[2025-11-13T14:16:10.280+0000] {logging_mixin.py:188} INFO - [2025-11-13T14:16:10.280+0000] {dagbag.py:545} INFO - Filling up the DagBag from /opt/airflow/dags/sodai_pipeline.py
[2025-11-13T14:16:10.534+0000] {logging_mixin.py:188} INFO - [2025-11-13T14:16:10.529+0000] {dagbag.py:355} ERROR - Failed to import: /opt/airflow/dags/sodai_pipeline.py
Traceback (most recent call last):
  File "/home/airflow/.local/lib/python3.12/site-packages/airflow/models/dagbag.py", line 351, in parse
    loader.exec_module(new_module)
  File "<frozen importlib._bootstrap_external>", line 995, in exec_module
  File "<frozen importlib._bootstrap>", line 488, in _call_with_frames_removed
  File "/opt/airflow/dags/sodai_pipeline.py", line 23, in <module>
    from src.preprocessing import build_weekly_features
  File "/opt/airflow/src/preprocessing.py", line 6, in <module>
    from sklearn.base import BaseEstimator, TransformerMixin
ModuleNotFoundError: No module named 'sklearn'
[2025-11-13T14:16:10.535+0000] {processor.py:842} WARNING - No viable dags retrieved from /opt/airflow/dags/sodai_pipeline.py
[2025-11-13T14:16:10.555+0000] {processor.py:183} INFO - Processing /opt/airflow/dags/sodai_pipeline.py took 0.291 seconds
[2025-11-13T14:16:40.683+0000] {processor.py:161} INFO - Started process (PID=446) to work on /opt/airflow/dags/sodai_pipeline.py
[2025-11-13T14:16:40.685+0000] {processor.py:830} INFO - Processing file /opt/airflow/dags/sodai_pipeline.py for tasks to queue
[2025-11-13T14:16:40.689+0000] {logging_mixin.py:188} INFO - [2025-11-13T14:16:40.688+0000] {dagbag.py:545} INFO - Filling up the DagBag from /opt/airflow/dags/sodai_pipeline.py
[2025-11-13T14:16:40.895+0000] {logging_mixin.py:188} INFO - [2025-11-13T14:16:40.893+0000] {dagbag.py:355} ERROR - Failed to import: /opt/airflow/dags/sodai_pipeline.py
Traceback (most recent call last):
  File "/home/airflow/.local/lib/python3.12/site-packages/airflow/models/dagbag.py", line 351, in parse
    loader.exec_module(new_module)
  File "<frozen importlib._bootstrap_external>", line 995, in exec_module
  File "<frozen importlib._bootstrap>", line 488, in _call_with_frames_removed
  File "/opt/airflow/dags/sodai_pipeline.py", line 23, in <module>
    from src.preprocessing import build_weekly_features
  File "/opt/airflow/src/preprocessing.py", line 6, in <module>
    from sklearn.base import BaseEstimator, TransformerMixin
ModuleNotFoundError: No module named 'sklearn'
[2025-11-13T14:16:40.895+0000] {processor.py:842} WARNING - No viable dags retrieved from /opt/airflow/dags/sodai_pipeline.py
[2025-11-13T14:16:40.907+0000] {processor.py:183} INFO - Processing /opt/airflow/dags/sodai_pipeline.py took 0.236 seconds
[2025-11-13T14:17:11.185+0000] {processor.py:161} INFO - Started process (PID=452) to work on /opt/airflow/dags/sodai_pipeline.py
[2025-11-13T14:17:11.189+0000] {processor.py:830} INFO - Processing file /opt/airflow/dags/sodai_pipeline.py for tasks to queue
[2025-11-13T14:17:11.192+0000] {logging_mixin.py:188} INFO - [2025-11-13T14:17:11.192+0000] {dagbag.py:545} INFO - Filling up the DagBag from /opt/airflow/dags/sodai_pipeline.py
[2025-11-13T14:17:11.406+0000] {logging_mixin.py:188} INFO - [2025-11-13T14:17:11.404+0000] {dagbag.py:355} ERROR - Failed to import: /opt/airflow/dags/sodai_pipeline.py
Traceback (most recent call last):
  File "/home/airflow/.local/lib/python3.12/site-packages/airflow/models/dagbag.py", line 351, in parse
    loader.exec_module(new_module)
  File "<frozen importlib._bootstrap_external>", line 995, in exec_module
  File "<frozen importlib._bootstrap>", line 488, in _call_with_frames_removed
  File "/opt/airflow/dags/sodai_pipeline.py", line 23, in <module>
    from src.preprocessing import build_weekly_features
  File "/opt/airflow/src/preprocessing.py", line 6, in <module>
    from sklearn.base import BaseEstimator, TransformerMixin
ModuleNotFoundError: No module named 'sklearn'
[2025-11-13T14:17:11.407+0000] {processor.py:842} WARNING - No viable dags retrieved from /opt/airflow/dags/sodai_pipeline.py
[2025-11-13T14:17:11.424+0000] {processor.py:183} INFO - Processing /opt/airflow/dags/sodai_pipeline.py took 0.251 seconds
[2025-11-13T14:17:41.551+0000] {processor.py:161} INFO - Started process (PID=458) to work on /opt/airflow/dags/sodai_pipeline.py
[2025-11-13T14:17:41.553+0000] {processor.py:830} INFO - Processing file /opt/airflow/dags/sodai_pipeline.py for tasks to queue
[2025-11-13T14:17:41.555+0000] {logging_mixin.py:188} INFO - [2025-11-13T14:17:41.554+0000] {dagbag.py:545} INFO - Filling up the DagBag from /opt/airflow/dags/sodai_pipeline.py
[2025-11-13T14:17:41.766+0000] {logging_mixin.py:188} INFO - [2025-11-13T14:17:41.763+0000] {dagbag.py:355} ERROR - Failed to import: /opt/airflow/dags/sodai_pipeline.py
Traceback (most recent call last):
  File "/home/airflow/.local/lib/python3.12/site-packages/airflow/models/dagbag.py", line 351, in parse
    loader.exec_module(new_module)
  File "<frozen importlib._bootstrap_external>", line 995, in exec_module
  File "<frozen importlib._bootstrap>", line 488, in _call_with_frames_removed
  File "/opt/airflow/dags/sodai_pipeline.py", line 23, in <module>
    from src.preprocessing import build_weekly_features
  File "/opt/airflow/src/preprocessing.py", line 6, in <module>
    from sklearn.base import BaseEstimator, TransformerMixin
ModuleNotFoundError: No module named 'sklearn'
[2025-11-13T14:17:41.766+0000] {processor.py:842} WARNING - No viable dags retrieved from /opt/airflow/dags/sodai_pipeline.py
[2025-11-13T14:17:41.781+0000] {processor.py:183} INFO - Processing /opt/airflow/dags/sodai_pipeline.py took 0.236 seconds
[2025-11-13T14:18:12.022+0000] {processor.py:161} INFO - Started process (PID=464) to work on /opt/airflow/dags/sodai_pipeline.py
[2025-11-13T14:18:12.023+0000] {processor.py:830} INFO - Processing file /opt/airflow/dags/sodai_pipeline.py for tasks to queue
[2025-11-13T14:18:12.026+0000] {logging_mixin.py:188} INFO - [2025-11-13T14:18:12.025+0000] {dagbag.py:545} INFO - Filling up the DagBag from /opt/airflow/dags/sodai_pipeline.py
[2025-11-13T14:18:12.203+0000] {logging_mixin.py:188} INFO - [2025-11-13T14:18:12.201+0000] {dagbag.py:355} ERROR - Failed to import: /opt/airflow/dags/sodai_pipeline.py
Traceback (most recent call last):
  File "/home/airflow/.local/lib/python3.12/site-packages/airflow/models/dagbag.py", line 351, in parse
    loader.exec_module(new_module)
  File "<frozen importlib._bootstrap_external>", line 995, in exec_module
  File "<frozen importlib._bootstrap>", line 488, in _call_with_frames_removed
  File "/opt/airflow/dags/sodai_pipeline.py", line 23, in <module>
    from src.preprocessing import build_weekly_features
  File "/opt/airflow/src/preprocessing.py", line 6, in <module>
    from sklearn.base import BaseEstimator, TransformerMixin
ModuleNotFoundError: No module named 'sklearn'
[2025-11-13T14:18:12.203+0000] {processor.py:842} WARNING - No viable dags retrieved from /opt/airflow/dags/sodai_pipeline.py
[2025-11-13T14:18:12.213+0000] {processor.py:183} INFO - Processing /opt/airflow/dags/sodai_pipeline.py took 0.200 seconds
[2025-11-13T14:18:42.318+0000] {processor.py:161} INFO - Started process (PID=470) to work on /opt/airflow/dags/sodai_pipeline.py
[2025-11-13T14:18:42.319+0000] {processor.py:830} INFO - Processing file /opt/airflow/dags/sodai_pipeline.py for tasks to queue
[2025-11-13T14:18:42.321+0000] {logging_mixin.py:188} INFO - [2025-11-13T14:18:42.320+0000] {dagbag.py:545} INFO - Filling up the DagBag from /opt/airflow/dags/sodai_pipeline.py
[2025-11-13T14:18:42.459+0000] {logging_mixin.py:188} INFO - [2025-11-13T14:18:42.457+0000] {dagbag.py:355} ERROR - Failed to import: /opt/airflow/dags/sodai_pipeline.py
Traceback (most recent call last):
  File "/home/airflow/.local/lib/python3.12/site-packages/airflow/models/dagbag.py", line 351, in parse
    loader.exec_module(new_module)
  File "<frozen importlib._bootstrap_external>", line 995, in exec_module
  File "<frozen importlib._bootstrap>", line 488, in _call_with_frames_removed
  File "/opt/airflow/dags/sodai_pipeline.py", line 23, in <module>
    from src.preprocessing import build_weekly_features
  File "/opt/airflow/src/preprocessing.py", line 6, in <module>
    from sklearn.base import BaseEstimator, TransformerMixin
ModuleNotFoundError: No module named 'sklearn'
[2025-11-13T14:18:42.459+0000] {processor.py:842} WARNING - No viable dags retrieved from /opt/airflow/dags/sodai_pipeline.py
[2025-11-13T14:18:42.467+0000] {processor.py:183} INFO - Processing /opt/airflow/dags/sodai_pipeline.py took 0.156 seconds
[2025-11-13T14:19:12.837+0000] {processor.py:161} INFO - Started process (PID=476) to work on /opt/airflow/dags/sodai_pipeline.py
[2025-11-13T14:19:12.838+0000] {processor.py:830} INFO - Processing file /opt/airflow/dags/sodai_pipeline.py for tasks to queue
[2025-11-13T14:19:12.844+0000] {logging_mixin.py:188} INFO - [2025-11-13T14:19:12.842+0000] {dagbag.py:545} INFO - Filling up the DagBag from /opt/airflow/dags/sodai_pipeline.py
[2025-11-13T14:19:13.059+0000] {logging_mixin.py:188} INFO - [2025-11-13T14:19:13.057+0000] {dagbag.py:355} ERROR - Failed to import: /opt/airflow/dags/sodai_pipeline.py
Traceback (most recent call last):
  File "/home/airflow/.local/lib/python3.12/site-packages/airflow/models/dagbag.py", line 351, in parse
    loader.exec_module(new_module)
  File "<frozen importlib._bootstrap_external>", line 995, in exec_module
  File "<frozen importlib._bootstrap>", line 488, in _call_with_frames_removed
  File "/opt/airflow/dags/sodai_pipeline.py", line 23, in <module>
    from src.preprocessing import build_weekly_features
  File "/opt/airflow/src/preprocessing.py", line 6, in <module>
    from sklearn.base import BaseEstimator, TransformerMixin
ModuleNotFoundError: No module named 'sklearn'
[2025-11-13T14:19:13.059+0000] {processor.py:842} WARNING - No viable dags retrieved from /opt/airflow/dags/sodai_pipeline.py
[2025-11-13T14:19:13.075+0000] {processor.py:183} INFO - Processing /opt/airflow/dags/sodai_pipeline.py took 0.248 seconds
[2025-11-13T14:19:43.246+0000] {processor.py:161} INFO - Started process (PID=482) to work on /opt/airflow/dags/sodai_pipeline.py
[2025-11-13T14:19:43.247+0000] {processor.py:830} INFO - Processing file /opt/airflow/dags/sodai_pipeline.py for tasks to queue
[2025-11-13T14:19:43.250+0000] {logging_mixin.py:188} INFO - [2025-11-13T14:19:43.249+0000] {dagbag.py:545} INFO - Filling up the DagBag from /opt/airflow/dags/sodai_pipeline.py
[2025-11-13T14:19:43.456+0000] {logging_mixin.py:188} INFO - [2025-11-13T14:19:43.454+0000] {dagbag.py:355} ERROR - Failed to import: /opt/airflow/dags/sodai_pipeline.py
Traceback (most recent call last):
  File "/home/airflow/.local/lib/python3.12/site-packages/airflow/models/dagbag.py", line 351, in parse
    loader.exec_module(new_module)
  File "<frozen importlib._bootstrap_external>", line 995, in exec_module
  File "<frozen importlib._bootstrap>", line 488, in _call_with_frames_removed
  File "/opt/airflow/dags/sodai_pipeline.py", line 23, in <module>
    from src.preprocessing import build_weekly_features
  File "/opt/airflow/src/preprocessing.py", line 6, in <module>
    from sklearn.base import BaseEstimator, TransformerMixin
ModuleNotFoundError: No module named 'sklearn'
[2025-11-13T14:19:43.457+0000] {processor.py:842} WARNING - No viable dags retrieved from /opt/airflow/dags/sodai_pipeline.py
[2025-11-13T14:19:43.468+0000] {processor.py:183} INFO - Processing /opt/airflow/dags/sodai_pipeline.py took 0.240 seconds
[2025-11-13T14:20:13.840+0000] {processor.py:161} INFO - Started process (PID=488) to work on /opt/airflow/dags/sodai_pipeline.py
[2025-11-13T14:20:13.842+0000] {processor.py:830} INFO - Processing file /opt/airflow/dags/sodai_pipeline.py for tasks to queue
[2025-11-13T14:20:13.845+0000] {logging_mixin.py:188} INFO - [2025-11-13T14:20:13.844+0000] {dagbag.py:545} INFO - Filling up the DagBag from /opt/airflow/dags/sodai_pipeline.py
[2025-11-13T14:20:14.063+0000] {logging_mixin.py:188} INFO - [2025-11-13T14:20:14.060+0000] {dagbag.py:355} ERROR - Failed to import: /opt/airflow/dags/sodai_pipeline.py
Traceback (most recent call last):
  File "/home/airflow/.local/lib/python3.12/site-packages/airflow/models/dagbag.py", line 351, in parse
    loader.exec_module(new_module)
  File "<frozen importlib._bootstrap_external>", line 995, in exec_module
  File "<frozen importlib._bootstrap>", line 488, in _call_with_frames_removed
  File "/opt/airflow/dags/sodai_pipeline.py", line 23, in <module>
    from src.preprocessing import build_weekly_features
  File "/opt/airflow/src/preprocessing.py", line 6, in <module>
    from sklearn.base import BaseEstimator, TransformerMixin
ModuleNotFoundError: No module named 'sklearn'
[2025-11-13T14:20:14.063+0000] {processor.py:842} WARNING - No viable dags retrieved from /opt/airflow/dags/sodai_pipeline.py
[2025-11-13T14:20:14.081+0000] {processor.py:183} INFO - Processing /opt/airflow/dags/sodai_pipeline.py took 0.250 seconds
[2025-11-13T14:20:44.235+0000] {processor.py:161} INFO - Started process (PID=494) to work on /opt/airflow/dags/sodai_pipeline.py
[2025-11-13T14:20:44.238+0000] {processor.py:830} INFO - Processing file /opt/airflow/dags/sodai_pipeline.py for tasks to queue
[2025-11-13T14:20:44.241+0000] {logging_mixin.py:188} INFO - [2025-11-13T14:20:44.240+0000] {dagbag.py:545} INFO - Filling up the DagBag from /opt/airflow/dags/sodai_pipeline.py
[2025-11-13T14:20:44.444+0000] {logging_mixin.py:188} INFO - [2025-11-13T14:20:44.441+0000] {dagbag.py:355} ERROR - Failed to import: /opt/airflow/dags/sodai_pipeline.py
Traceback (most recent call last):
  File "/home/airflow/.local/lib/python3.12/site-packages/airflow/models/dagbag.py", line 351, in parse
    loader.exec_module(new_module)
  File "<frozen importlib._bootstrap_external>", line 995, in exec_module
  File "<frozen importlib._bootstrap>", line 488, in _call_with_frames_removed
  File "/opt/airflow/dags/sodai_pipeline.py", line 23, in <module>
    from src.preprocessing import build_weekly_features
  File "/opt/airflow/src/preprocessing.py", line 6, in <module>
    from sklearn.base import BaseEstimator, TransformerMixin
ModuleNotFoundError: No module named 'sklearn'
[2025-11-13T14:20:44.444+0000] {processor.py:842} WARNING - No viable dags retrieved from /opt/airflow/dags/sodai_pipeline.py
[2025-11-13T14:20:44.456+0000] {processor.py:183} INFO - Processing /opt/airflow/dags/sodai_pipeline.py took 0.231 seconds
[2025-11-13T14:21:14.729+0000] {processor.py:161} INFO - Started process (PID=500) to work on /opt/airflow/dags/sodai_pipeline.py
[2025-11-13T14:21:14.732+0000] {processor.py:830} INFO - Processing file /opt/airflow/dags/sodai_pipeline.py for tasks to queue
[2025-11-13T14:21:14.735+0000] {logging_mixin.py:188} INFO - [2025-11-13T14:21:14.734+0000] {dagbag.py:545} INFO - Filling up the DagBag from /opt/airflow/dags/sodai_pipeline.py
[2025-11-13T14:21:14.911+0000] {logging_mixin.py:188} INFO - [2025-11-13T14:21:14.909+0000] {dagbag.py:355} ERROR - Failed to import: /opt/airflow/dags/sodai_pipeline.py
Traceback (most recent call last):
  File "/home/airflow/.local/lib/python3.12/site-packages/airflow/models/dagbag.py", line 351, in parse
    loader.exec_module(new_module)
  File "<frozen importlib._bootstrap_external>", line 995, in exec_module
  File "<frozen importlib._bootstrap>", line 488, in _call_with_frames_removed
  File "/opt/airflow/dags/sodai_pipeline.py", line 23, in <module>
    from src.preprocessing import build_weekly_features
  File "/opt/airflow/src/preprocessing.py", line 6, in <module>
    from sklearn.base import BaseEstimator, TransformerMixin
ModuleNotFoundError: No module named 'sklearn'
[2025-11-13T14:21:14.911+0000] {processor.py:842} WARNING - No viable dags retrieved from /opt/airflow/dags/sodai_pipeline.py
[2025-11-13T14:21:14.921+0000] {processor.py:183} INFO - Processing /opt/airflow/dags/sodai_pipeline.py took 0.203 seconds
[2025-11-13T14:21:45.164+0000] {processor.py:161} INFO - Started process (PID=506) to work on /opt/airflow/dags/sodai_pipeline.py
[2025-11-13T14:21:45.165+0000] {processor.py:830} INFO - Processing file /opt/airflow/dags/sodai_pipeline.py for tasks to queue
[2025-11-13T14:21:45.167+0000] {logging_mixin.py:188} INFO - [2025-11-13T14:21:45.167+0000] {dagbag.py:545} INFO - Filling up the DagBag from /opt/airflow/dags/sodai_pipeline.py
[2025-11-13T14:21:45.345+0000] {logging_mixin.py:188} INFO - [2025-11-13T14:21:45.343+0000] {dagbag.py:355} ERROR - Failed to import: /opt/airflow/dags/sodai_pipeline.py
Traceback (most recent call last):
  File "/home/airflow/.local/lib/python3.12/site-packages/airflow/models/dagbag.py", line 351, in parse
    loader.exec_module(new_module)
  File "<frozen importlib._bootstrap_external>", line 995, in exec_module
  File "<frozen importlib._bootstrap>", line 488, in _call_with_frames_removed
  File "/opt/airflow/dags/sodai_pipeline.py", line 23, in <module>
    from src.preprocessing import build_weekly_features
  File "/opt/airflow/src/preprocessing.py", line 6, in <module>
    from sklearn.base import BaseEstimator, TransformerMixin
ModuleNotFoundError: No module named 'sklearn'
[2025-11-13T14:21:45.345+0000] {processor.py:842} WARNING - No viable dags retrieved from /opt/airflow/dags/sodai_pipeline.py
[2025-11-13T14:21:45.354+0000] {processor.py:183} INFO - Processing /opt/airflow/dags/sodai_pipeline.py took 0.199 seconds
[2025-11-13T14:22:15.660+0000] {processor.py:161} INFO - Started process (PID=512) to work on /opt/airflow/dags/sodai_pipeline.py
[2025-11-13T14:22:15.661+0000] {processor.py:830} INFO - Processing file /opt/airflow/dags/sodai_pipeline.py for tasks to queue
[2025-11-13T14:22:15.662+0000] {logging_mixin.py:188} INFO - [2025-11-13T14:22:15.662+0000] {dagbag.py:545} INFO - Filling up the DagBag from /opt/airflow/dags/sodai_pipeline.py
[2025-11-13T14:22:15.802+0000] {logging_mixin.py:188} INFO - [2025-11-13T14:22:15.799+0000] {dagbag.py:355} ERROR - Failed to import: /opt/airflow/dags/sodai_pipeline.py
Traceback (most recent call last):
  File "/home/airflow/.local/lib/python3.12/site-packages/airflow/models/dagbag.py", line 351, in parse
    loader.exec_module(new_module)
  File "<frozen importlib._bootstrap_external>", line 995, in exec_module
  File "<frozen importlib._bootstrap>", line 488, in _call_with_frames_removed
  File "/opt/airflow/dags/sodai_pipeline.py", line 23, in <module>
    from src.preprocessing import build_weekly_features
  File "/opt/airflow/src/preprocessing.py", line 6, in <module>
    from sklearn.base import BaseEstimator, TransformerMixin
ModuleNotFoundError: No module named 'sklearn'
[2025-11-13T14:22:15.802+0000] {processor.py:842} WARNING - No viable dags retrieved from /opt/airflow/dags/sodai_pipeline.py
[2025-11-13T14:22:15.814+0000] {processor.py:183} INFO - Processing /opt/airflow/dags/sodai_pipeline.py took 0.158 seconds
[2025-11-13T14:22:46.025+0000] {processor.py:161} INFO - Started process (PID=518) to work on /opt/airflow/dags/sodai_pipeline.py
[2025-11-13T14:22:46.026+0000] {processor.py:830} INFO - Processing file /opt/airflow/dags/sodai_pipeline.py for tasks to queue
[2025-11-13T14:22:46.028+0000] {logging_mixin.py:188} INFO - [2025-11-13T14:22:46.028+0000] {dagbag.py:545} INFO - Filling up the DagBag from /opt/airflow/dags/sodai_pipeline.py
[2025-11-13T14:22:46.244+0000] {logging_mixin.py:188} INFO - [2025-11-13T14:22:46.242+0000] {dagbag.py:355} ERROR - Failed to import: /opt/airflow/dags/sodai_pipeline.py
Traceback (most recent call last):
  File "/home/airflow/.local/lib/python3.12/site-packages/airflow/models/dagbag.py", line 351, in parse
    loader.exec_module(new_module)
  File "<frozen importlib._bootstrap_external>", line 995, in exec_module
  File "<frozen importlib._bootstrap>", line 488, in _call_with_frames_removed
  File "/opt/airflow/dags/sodai_pipeline.py", line 23, in <module>
    from src.preprocessing import build_weekly_features
  File "/opt/airflow/src/preprocessing.py", line 6, in <module>
    from sklearn.base import BaseEstimator, TransformerMixin
ModuleNotFoundError: No module named 'sklearn'
[2025-11-13T14:22:46.244+0000] {processor.py:842} WARNING - No viable dags retrieved from /opt/airflow/dags/sodai_pipeline.py
[2025-11-13T14:22:46.252+0000] {processor.py:183} INFO - Processing /opt/airflow/dags/sodai_pipeline.py took 0.234 seconds
[2025-11-13T14:23:16.498+0000] {processor.py:161} INFO - Started process (PID=524) to work on /opt/airflow/dags/sodai_pipeline.py
[2025-11-13T14:23:16.499+0000] {processor.py:830} INFO - Processing file /opt/airflow/dags/sodai_pipeline.py for tasks to queue
[2025-11-13T14:23:16.502+0000] {logging_mixin.py:188} INFO - [2025-11-13T14:23:16.502+0000] {dagbag.py:545} INFO - Filling up the DagBag from /opt/airflow/dags/sodai_pipeline.py
[2025-11-13T14:23:16.685+0000] {logging_mixin.py:188} INFO - [2025-11-13T14:23:16.682+0000] {dagbag.py:355} ERROR - Failed to import: /opt/airflow/dags/sodai_pipeline.py
Traceback (most recent call last):
  File "/home/airflow/.local/lib/python3.12/site-packages/airflow/models/dagbag.py", line 351, in parse
    loader.exec_module(new_module)
  File "<frozen importlib._bootstrap_external>", line 995, in exec_module
  File "<frozen importlib._bootstrap>", line 488, in _call_with_frames_removed
  File "/opt/airflow/dags/sodai_pipeline.py", line 23, in <module>
    from src.preprocessing import build_weekly_features
  File "/opt/airflow/src/preprocessing.py", line 6, in <module>
    from sklearn.base import BaseEstimator, TransformerMixin
ModuleNotFoundError: No module named 'sklearn'
[2025-11-13T14:23:16.685+0000] {processor.py:842} WARNING - No viable dags retrieved from /opt/airflow/dags/sodai_pipeline.py
[2025-11-13T14:23:16.695+0000] {processor.py:183} INFO - Processing /opt/airflow/dags/sodai_pipeline.py took 0.206 seconds
[2025-11-13T14:23:46.945+0000] {processor.py:161} INFO - Started process (PID=530) to work on /opt/airflow/dags/sodai_pipeline.py
[2025-11-13T14:23:46.946+0000] {processor.py:830} INFO - Processing file /opt/airflow/dags/sodai_pipeline.py for tasks to queue
[2025-11-13T14:23:46.950+0000] {logging_mixin.py:188} INFO - [2025-11-13T14:23:46.949+0000] {dagbag.py:545} INFO - Filling up the DagBag from /opt/airflow/dags/sodai_pipeline.py
[2025-11-13T14:23:47.170+0000] {logging_mixin.py:188} INFO - [2025-11-13T14:23:47.167+0000] {dagbag.py:355} ERROR - Failed to import: /opt/airflow/dags/sodai_pipeline.py
Traceback (most recent call last):
  File "/home/airflow/.local/lib/python3.12/site-packages/airflow/models/dagbag.py", line 351, in parse
    loader.exec_module(new_module)
  File "<frozen importlib._bootstrap_external>", line 995, in exec_module
  File "<frozen importlib._bootstrap>", line 488, in _call_with_frames_removed
  File "/opt/airflow/dags/sodai_pipeline.py", line 23, in <module>
    from src.preprocessing import build_weekly_features
  File "/opt/airflow/src/preprocessing.py", line 6, in <module>
    from sklearn.base import BaseEstimator, TransformerMixin
ModuleNotFoundError: No module named 'sklearn'
[2025-11-13T14:23:47.170+0000] {processor.py:842} WARNING - No viable dags retrieved from /opt/airflow/dags/sodai_pipeline.py
[2025-11-13T14:23:47.182+0000] {processor.py:183} INFO - Processing /opt/airflow/dags/sodai_pipeline.py took 0.246 seconds
[2025-11-13T14:24:17.501+0000] {processor.py:161} INFO - Started process (PID=536) to work on /opt/airflow/dags/sodai_pipeline.py
[2025-11-13T14:24:17.503+0000] {processor.py:830} INFO - Processing file /opt/airflow/dags/sodai_pipeline.py for tasks to queue
[2025-11-13T14:24:17.506+0000] {logging_mixin.py:188} INFO - [2025-11-13T14:24:17.506+0000] {dagbag.py:545} INFO - Filling up the DagBag from /opt/airflow/dags/sodai_pipeline.py
[2025-11-13T14:24:17.718+0000] {logging_mixin.py:188} INFO - [2025-11-13T14:24:17.716+0000] {dagbag.py:355} ERROR - Failed to import: /opt/airflow/dags/sodai_pipeline.py
Traceback (most recent call last):
  File "/home/airflow/.local/lib/python3.12/site-packages/airflow/models/dagbag.py", line 351, in parse
    loader.exec_module(new_module)
  File "<frozen importlib._bootstrap_external>", line 995, in exec_module
  File "<frozen importlib._bootstrap>", line 488, in _call_with_frames_removed
  File "/opt/airflow/dags/sodai_pipeline.py", line 23, in <module>
    from src.preprocessing import build_weekly_features
  File "/opt/airflow/src/preprocessing.py", line 6, in <module>
    from sklearn.base import BaseEstimator, TransformerMixin
ModuleNotFoundError: No module named 'sklearn'
[2025-11-13T14:24:17.719+0000] {processor.py:842} WARNING - No viable dags retrieved from /opt/airflow/dags/sodai_pipeline.py
[2025-11-13T14:24:17.730+0000] {processor.py:183} INFO - Processing /opt/airflow/dags/sodai_pipeline.py took 0.238 seconds
[2025-11-13T14:24:47.980+0000] {processor.py:161} INFO - Started process (PID=542) to work on /opt/airflow/dags/sodai_pipeline.py
[2025-11-13T14:24:47.982+0000] {processor.py:830} INFO - Processing file /opt/airflow/dags/sodai_pipeline.py for tasks to queue
[2025-11-13T14:24:47.985+0000] {logging_mixin.py:188} INFO - [2025-11-13T14:24:47.985+0000] {dagbag.py:545} INFO - Filling up the DagBag from /opt/airflow/dags/sodai_pipeline.py
[2025-11-13T14:24:48.168+0000] {logging_mixin.py:188} INFO - [2025-11-13T14:24:48.166+0000] {dagbag.py:355} ERROR - Failed to import: /opt/airflow/dags/sodai_pipeline.py
Traceback (most recent call last):
  File "/home/airflow/.local/lib/python3.12/site-packages/airflow/models/dagbag.py", line 351, in parse
    loader.exec_module(new_module)
  File "<frozen importlib._bootstrap_external>", line 995, in exec_module
  File "<frozen importlib._bootstrap>", line 488, in _call_with_frames_removed
  File "/opt/airflow/dags/sodai_pipeline.py", line 23, in <module>
    from src.preprocessing import build_weekly_features
  File "/opt/airflow/src/preprocessing.py", line 6, in <module>
    from sklearn.base import BaseEstimator, TransformerMixin
ModuleNotFoundError: No module named 'sklearn'
[2025-11-13T14:24:48.168+0000] {processor.py:842} WARNING - No viable dags retrieved from /opt/airflow/dags/sodai_pipeline.py
[2025-11-13T14:24:48.179+0000] {processor.py:183} INFO - Processing /opt/airflow/dags/sodai_pipeline.py took 0.207 seconds
[2025-11-13T14:25:18.377+0000] {processor.py:161} INFO - Started process (PID=548) to work on /opt/airflow/dags/sodai_pipeline.py
[2025-11-13T14:25:18.379+0000] {processor.py:830} INFO - Processing file /opt/airflow/dags/sodai_pipeline.py for tasks to queue
[2025-11-13T14:25:18.382+0000] {logging_mixin.py:188} INFO - [2025-11-13T14:25:18.381+0000] {dagbag.py:545} INFO - Filling up the DagBag from /opt/airflow/dags/sodai_pipeline.py
[2025-11-13T14:25:18.606+0000] {logging_mixin.py:188} INFO - [2025-11-13T14:25:18.603+0000] {dagbag.py:355} ERROR - Failed to import: /opt/airflow/dags/sodai_pipeline.py
Traceback (most recent call last):
  File "/home/airflow/.local/lib/python3.12/site-packages/airflow/models/dagbag.py", line 351, in parse
    loader.exec_module(new_module)
  File "<frozen importlib._bootstrap_external>", line 995, in exec_module
  File "<frozen importlib._bootstrap>", line 488, in _call_with_frames_removed
  File "/opt/airflow/dags/sodai_pipeline.py", line 23, in <module>
    from src.preprocessing import build_weekly_features
  File "/opt/airflow/src/preprocessing.py", line 6, in <module>
    from sklearn.base import BaseEstimator, TransformerMixin
ModuleNotFoundError: No module named 'sklearn'
[2025-11-13T14:25:18.606+0000] {processor.py:842} WARNING - No viable dags retrieved from /opt/airflow/dags/sodai_pipeline.py
[2025-11-13T14:25:18.622+0000] {processor.py:183} INFO - Processing /opt/airflow/dags/sodai_pipeline.py took 0.254 seconds
[2025-11-13T14:25:48.928+0000] {processor.py:161} INFO - Started process (PID=554) to work on /opt/airflow/dags/sodai_pipeline.py
[2025-11-13T14:25:48.929+0000] {processor.py:830} INFO - Processing file /opt/airflow/dags/sodai_pipeline.py for tasks to queue
[2025-11-13T14:25:48.932+0000] {logging_mixin.py:188} INFO - [2025-11-13T14:25:48.932+0000] {dagbag.py:545} INFO - Filling up the DagBag from /opt/airflow/dags/sodai_pipeline.py
[2025-11-13T14:25:49.146+0000] {logging_mixin.py:188} INFO - [2025-11-13T14:25:49.144+0000] {dagbag.py:355} ERROR - Failed to import: /opt/airflow/dags/sodai_pipeline.py
Traceback (most recent call last):
  File "/home/airflow/.local/lib/python3.12/site-packages/airflow/models/dagbag.py", line 351, in parse
    loader.exec_module(new_module)
  File "<frozen importlib._bootstrap_external>", line 995, in exec_module
  File "<frozen importlib._bootstrap>", line 488, in _call_with_frames_removed
  File "/opt/airflow/dags/sodai_pipeline.py", line 23, in <module>
    from src.preprocessing import build_weekly_features
  File "/opt/airflow/src/preprocessing.py", line 6, in <module>
    from sklearn.base import BaseEstimator, TransformerMixin
ModuleNotFoundError: No module named 'sklearn'
[2025-11-13T14:25:49.147+0000] {processor.py:842} WARNING - No viable dags retrieved from /opt/airflow/dags/sodai_pipeline.py
[2025-11-13T14:25:49.159+0000] {processor.py:183} INFO - Processing /opt/airflow/dags/sodai_pipeline.py took 0.256 seconds
[2025-11-13T14:26:19.361+0000] {processor.py:161} INFO - Started process (PID=560) to work on /opt/airflow/dags/sodai_pipeline.py
[2025-11-13T14:26:19.364+0000] {processor.py:830} INFO - Processing file /opt/airflow/dags/sodai_pipeline.py for tasks to queue
[2025-11-13T14:26:19.367+0000] {logging_mixin.py:188} INFO - [2025-11-13T14:26:19.366+0000] {dagbag.py:545} INFO - Filling up the DagBag from /opt/airflow/dags/sodai_pipeline.py
[2025-11-13T14:26:19.546+0000] {logging_mixin.py:188} INFO - [2025-11-13T14:26:19.544+0000] {dagbag.py:355} ERROR - Failed to import: /opt/airflow/dags/sodai_pipeline.py
Traceback (most recent call last):
  File "/home/airflow/.local/lib/python3.12/site-packages/airflow/models/dagbag.py", line 351, in parse
    loader.exec_module(new_module)
  File "<frozen importlib._bootstrap_external>", line 995, in exec_module
  File "<frozen importlib._bootstrap>", line 488, in _call_with_frames_removed
  File "/opt/airflow/dags/sodai_pipeline.py", line 23, in <module>
    from src.preprocessing import build_weekly_features
  File "/opt/airflow/src/preprocessing.py", line 6, in <module>
    from sklearn.base import BaseEstimator, TransformerMixin
ModuleNotFoundError: No module named 'sklearn'
[2025-11-13T14:26:19.546+0000] {processor.py:842} WARNING - No viable dags retrieved from /opt/airflow/dags/sodai_pipeline.py
[2025-11-13T14:26:19.557+0000] {processor.py:183} INFO - Processing /opt/airflow/dags/sodai_pipeline.py took 0.203 seconds
[2025-11-13T14:26:49.933+0000] {processor.py:161} INFO - Started process (PID=566) to work on /opt/airflow/dags/sodai_pipeline.py
[2025-11-13T14:26:49.942+0000] {processor.py:830} INFO - Processing file /opt/airflow/dags/sodai_pipeline.py for tasks to queue
[2025-11-13T14:26:49.946+0000] {logging_mixin.py:188} INFO - [2025-11-13T14:26:49.946+0000] {dagbag.py:545} INFO - Filling up the DagBag from /opt/airflow/dags/sodai_pipeline.py
[2025-11-13T14:26:50.178+0000] {logging_mixin.py:188} INFO - [2025-11-13T14:26:50.176+0000] {dagbag.py:355} ERROR - Failed to import: /opt/airflow/dags/sodai_pipeline.py
Traceback (most recent call last):
  File "/home/airflow/.local/lib/python3.12/site-packages/airflow/models/dagbag.py", line 351, in parse
    loader.exec_module(new_module)
  File "<frozen importlib._bootstrap_external>", line 995, in exec_module
  File "<frozen importlib._bootstrap>", line 488, in _call_with_frames_removed
  File "/opt/airflow/dags/sodai_pipeline.py", line 23, in <module>
    from src.preprocessing import build_weekly_features
  File "/opt/airflow/src/preprocessing.py", line 6, in <module>
    from sklearn.base import BaseEstimator, TransformerMixin
ModuleNotFoundError: No module named 'sklearn'
[2025-11-13T14:26:50.179+0000] {processor.py:842} WARNING - No viable dags retrieved from /opt/airflow/dags/sodai_pipeline.py
[2025-11-13T14:26:50.197+0000] {processor.py:183} INFO - Processing /opt/airflow/dags/sodai_pipeline.py took 0.274 seconds
[2025-11-13T14:27:20.332+0000] {processor.py:161} INFO - Started process (PID=572) to work on /opt/airflow/dags/sodai_pipeline.py
[2025-11-13T14:27:20.333+0000] {processor.py:830} INFO - Processing file /opt/airflow/dags/sodai_pipeline.py for tasks to queue
[2025-11-13T14:27:20.337+0000] {logging_mixin.py:188} INFO - [2025-11-13T14:27:20.336+0000] {dagbag.py:545} INFO - Filling up the DagBag from /opt/airflow/dags/sodai_pipeline.py
[2025-11-13T14:27:20.563+0000] {logging_mixin.py:188} INFO - [2025-11-13T14:27:20.560+0000] {dagbag.py:355} ERROR - Failed to import: /opt/airflow/dags/sodai_pipeline.py
Traceback (most recent call last):
  File "/home/airflow/.local/lib/python3.12/site-packages/airflow/models/dagbag.py", line 351, in parse
    loader.exec_module(new_module)
  File "<frozen importlib._bootstrap_external>", line 995, in exec_module
  File "<frozen importlib._bootstrap>", line 488, in _call_with_frames_removed
  File "/opt/airflow/dags/sodai_pipeline.py", line 23, in <module>
    from src.preprocessing import build_weekly_features
  File "/opt/airflow/src/preprocessing.py", line 6, in <module>
    from sklearn.base import BaseEstimator, TransformerMixin
ModuleNotFoundError: No module named 'sklearn'
[2025-11-13T14:27:20.563+0000] {processor.py:842} WARNING - No viable dags retrieved from /opt/airflow/dags/sodai_pipeline.py
[2025-11-13T14:27:20.580+0000] {processor.py:183} INFO - Processing /opt/airflow/dags/sodai_pipeline.py took 0.264 seconds
[2025-11-13T14:27:50.948+0000] {processor.py:161} INFO - Started process (PID=578) to work on /opt/airflow/dags/sodai_pipeline.py
[2025-11-13T14:27:50.949+0000] {processor.py:830} INFO - Processing file /opt/airflow/dags/sodai_pipeline.py for tasks to queue
[2025-11-13T14:27:50.952+0000] {logging_mixin.py:188} INFO - [2025-11-13T14:27:50.952+0000] {dagbag.py:545} INFO - Filling up the DagBag from /opt/airflow/dags/sodai_pipeline.py
[2025-11-13T14:27:51.187+0000] {logging_mixin.py:188} INFO - [2025-11-13T14:27:51.185+0000] {dagbag.py:355} ERROR - Failed to import: /opt/airflow/dags/sodai_pipeline.py
Traceback (most recent call last):
  File "/home/airflow/.local/lib/python3.12/site-packages/airflow/models/dagbag.py", line 351, in parse
    loader.exec_module(new_module)
  File "<frozen importlib._bootstrap_external>", line 995, in exec_module
  File "<frozen importlib._bootstrap>", line 488, in _call_with_frames_removed
  File "/opt/airflow/dags/sodai_pipeline.py", line 23, in <module>
    from src.preprocessing import build_weekly_features
  File "/opt/airflow/src/preprocessing.py", line 6, in <module>
    from sklearn.base import BaseEstimator, TransformerMixin
ModuleNotFoundError: No module named 'sklearn'
[2025-11-13T14:27:51.188+0000] {processor.py:842} WARNING - No viable dags retrieved from /opt/airflow/dags/sodai_pipeline.py
[2025-11-13T14:27:51.201+0000] {processor.py:183} INFO - Processing /opt/airflow/dags/sodai_pipeline.py took 0.263 seconds
[2025-11-13T14:28:21.331+0000] {processor.py:161} INFO - Started process (PID=584) to work on /opt/airflow/dags/sodai_pipeline.py
[2025-11-13T14:28:21.334+0000] {processor.py:830} INFO - Processing file /opt/airflow/dags/sodai_pipeline.py for tasks to queue
[2025-11-13T14:28:21.338+0000] {logging_mixin.py:188} INFO - [2025-11-13T14:28:21.337+0000] {dagbag.py:545} INFO - Filling up the DagBag from /opt/airflow/dags/sodai_pipeline.py
[2025-11-13T14:28:21.566+0000] {logging_mixin.py:188} INFO - [2025-11-13T14:28:21.564+0000] {dagbag.py:355} ERROR - Failed to import: /opt/airflow/dags/sodai_pipeline.py
Traceback (most recent call last):
  File "/home/airflow/.local/lib/python3.12/site-packages/airflow/models/dagbag.py", line 351, in parse
    loader.exec_module(new_module)
  File "<frozen importlib._bootstrap_external>", line 995, in exec_module
  File "<frozen importlib._bootstrap>", line 488, in _call_with_frames_removed
  File "/opt/airflow/dags/sodai_pipeline.py", line 23, in <module>
    from src.preprocessing import build_weekly_features
  File "/opt/airflow/src/preprocessing.py", line 6, in <module>
    from sklearn.base import BaseEstimator, TransformerMixin
ModuleNotFoundError: No module named 'sklearn'
[2025-11-13T14:28:21.566+0000] {processor.py:842} WARNING - No viable dags retrieved from /opt/airflow/dags/sodai_pipeline.py
[2025-11-13T14:28:21.580+0000] {processor.py:183} INFO - Processing /opt/airflow/dags/sodai_pipeline.py took 0.262 seconds
[2025-11-13T14:28:51.894+0000] {processor.py:161} INFO - Started process (PID=590) to work on /opt/airflow/dags/sodai_pipeline.py
[2025-11-13T14:28:51.895+0000] {processor.py:830} INFO - Processing file /opt/airflow/dags/sodai_pipeline.py for tasks to queue
[2025-11-13T14:28:51.898+0000] {logging_mixin.py:188} INFO - [2025-11-13T14:28:51.898+0000] {dagbag.py:545} INFO - Filling up the DagBag from /opt/airflow/dags/sodai_pipeline.py
[2025-11-13T14:28:52.123+0000] {logging_mixin.py:188} INFO - [2025-11-13T14:28:52.120+0000] {dagbag.py:355} ERROR - Failed to import: /opt/airflow/dags/sodai_pipeline.py
Traceback (most recent call last):
  File "/home/airflow/.local/lib/python3.12/site-packages/airflow/models/dagbag.py", line 351, in parse
    loader.exec_module(new_module)
  File "<frozen importlib._bootstrap_external>", line 995, in exec_module
  File "<frozen importlib._bootstrap>", line 488, in _call_with_frames_removed
  File "/opt/airflow/dags/sodai_pipeline.py", line 23, in <module>
    from src.preprocessing import build_weekly_features
  File "/opt/airflow/src/preprocessing.py", line 6, in <module>
    from sklearn.base import BaseEstimator, TransformerMixin
ModuleNotFoundError: No module named 'sklearn'
[2025-11-13T14:28:52.123+0000] {processor.py:842} WARNING - No viable dags retrieved from /opt/airflow/dags/sodai_pipeline.py
[2025-11-13T14:28:52.135+0000] {processor.py:183} INFO - Processing /opt/airflow/dags/sodai_pipeline.py took 0.252 seconds
[2025-11-13T14:29:22.241+0000] {processor.py:161} INFO - Started process (PID=596) to work on /opt/airflow/dags/sodai_pipeline.py
[2025-11-13T14:29:22.243+0000] {processor.py:830} INFO - Processing file /opt/airflow/dags/sodai_pipeline.py for tasks to queue
[2025-11-13T14:29:22.246+0000] {logging_mixin.py:188} INFO - [2025-11-13T14:29:22.245+0000] {dagbag.py:545} INFO - Filling up the DagBag from /opt/airflow/dags/sodai_pipeline.py
[2025-11-13T14:29:22.422+0000] {logging_mixin.py:188} INFO - [2025-11-13T14:29:22.420+0000] {dagbag.py:355} ERROR - Failed to import: /opt/airflow/dags/sodai_pipeline.py
Traceback (most recent call last):
  File "/home/airflow/.local/lib/python3.12/site-packages/airflow/models/dagbag.py", line 351, in parse
    loader.exec_module(new_module)
  File "<frozen importlib._bootstrap_external>", line 995, in exec_module
  File "<frozen importlib._bootstrap>", line 488, in _call_with_frames_removed
  File "/opt/airflow/dags/sodai_pipeline.py", line 23, in <module>
    from src.preprocessing import build_weekly_features
  File "/opt/airflow/src/preprocessing.py", line 6, in <module>
    from sklearn.base import BaseEstimator, TransformerMixin
ModuleNotFoundError: No module named 'sklearn'
[2025-11-13T14:29:22.422+0000] {processor.py:842} WARNING - No viable dags retrieved from /opt/airflow/dags/sodai_pipeline.py
[2025-11-13T14:29:22.434+0000] {processor.py:183} INFO - Processing /opt/airflow/dags/sodai_pipeline.py took 0.202 seconds
[2025-11-13T14:29:52.638+0000] {processor.py:161} INFO - Started process (PID=602) to work on /opt/airflow/dags/sodai_pipeline.py
[2025-11-13T14:29:52.640+0000] {processor.py:830} INFO - Processing file /opt/airflow/dags/sodai_pipeline.py for tasks to queue
[2025-11-13T14:29:52.642+0000] {logging_mixin.py:188} INFO - [2025-11-13T14:29:52.642+0000] {dagbag.py:545} INFO - Filling up the DagBag from /opt/airflow/dags/sodai_pipeline.py
[2025-11-13T14:29:52.820+0000] {logging_mixin.py:188} INFO - [2025-11-13T14:29:52.817+0000] {dagbag.py:355} ERROR - Failed to import: /opt/airflow/dags/sodai_pipeline.py
Traceback (most recent call last):
  File "/home/airflow/.local/lib/python3.12/site-packages/airflow/models/dagbag.py", line 351, in parse
    loader.exec_module(new_module)
  File "<frozen importlib._bootstrap_external>", line 995, in exec_module
  File "<frozen importlib._bootstrap>", line 488, in _call_with_frames_removed
  File "/opt/airflow/dags/sodai_pipeline.py", line 23, in <module>
    from src.preprocessing import build_weekly_features
  File "/opt/airflow/src/preprocessing.py", line 6, in <module>
    from sklearn.base import BaseEstimator, TransformerMixin
ModuleNotFoundError: No module named 'sklearn'
[2025-11-13T14:29:52.820+0000] {processor.py:842} WARNING - No viable dags retrieved from /opt/airflow/dags/sodai_pipeline.py
[2025-11-13T14:29:52.830+0000] {processor.py:183} INFO - Processing /opt/airflow/dags/sodai_pipeline.py took 0.200 seconds
[2025-11-13T14:30:23.009+0000] {processor.py:161} INFO - Started process (PID=608) to work on /opt/airflow/dags/sodai_pipeline.py
[2025-11-13T14:30:23.011+0000] {processor.py:830} INFO - Processing file /opt/airflow/dags/sodai_pipeline.py for tasks to queue
[2025-11-13T14:30:23.013+0000] {logging_mixin.py:188} INFO - [2025-11-13T14:30:23.013+0000] {dagbag.py:545} INFO - Filling up the DagBag from /opt/airflow/dags/sodai_pipeline.py
[2025-11-13T14:30:23.153+0000] {logging_mixin.py:188} INFO - [2025-11-13T14:30:23.152+0000] {dagbag.py:355} ERROR - Failed to import: /opt/airflow/dags/sodai_pipeline.py
Traceback (most recent call last):
  File "/home/airflow/.local/lib/python3.12/site-packages/airflow/models/dagbag.py", line 351, in parse
    loader.exec_module(new_module)
  File "<frozen importlib._bootstrap_external>", line 995, in exec_module
  File "<frozen importlib._bootstrap>", line 488, in _call_with_frames_removed
  File "/opt/airflow/dags/sodai_pipeline.py", line 23, in <module>
    from src.preprocessing import build_weekly_features
  File "/opt/airflow/src/preprocessing.py", line 6, in <module>
    from sklearn.base import BaseEstimator, TransformerMixin
ModuleNotFoundError: No module named 'sklearn'
[2025-11-13T14:30:23.153+0000] {processor.py:842} WARNING - No viable dags retrieved from /opt/airflow/dags/sodai_pipeline.py
[2025-11-13T14:30:23.161+0000] {processor.py:183} INFO - Processing /opt/airflow/dags/sodai_pipeline.py took 0.158 seconds
[2025-11-13T14:30:53.474+0000] {processor.py:161} INFO - Started process (PID=614) to work on /opt/airflow/dags/sodai_pipeline.py
[2025-11-13T14:30:53.476+0000] {processor.py:830} INFO - Processing file /opt/airflow/dags/sodai_pipeline.py for tasks to queue
[2025-11-13T14:30:53.478+0000] {logging_mixin.py:188} INFO - [2025-11-13T14:30:53.478+0000] {dagbag.py:545} INFO - Filling up the DagBag from /opt/airflow/dags/sodai_pipeline.py
[2025-11-13T14:30:53.622+0000] {logging_mixin.py:188} INFO - [2025-11-13T14:30:53.621+0000] {dagbag.py:355} ERROR - Failed to import: /opt/airflow/dags/sodai_pipeline.py
Traceback (most recent call last):
  File "/home/airflow/.local/lib/python3.12/site-packages/airflow/models/dagbag.py", line 351, in parse
    loader.exec_module(new_module)
  File "<frozen importlib._bootstrap_external>", line 995, in exec_module
  File "<frozen importlib._bootstrap>", line 488, in _call_with_frames_removed
  File "/opt/airflow/dags/sodai_pipeline.py", line 23, in <module>
    from src.preprocessing import build_weekly_features
  File "/opt/airflow/src/preprocessing.py", line 6, in <module>
    from sklearn.base import BaseEstimator, TransformerMixin
ModuleNotFoundError: No module named 'sklearn'
[2025-11-13T14:30:53.623+0000] {processor.py:842} WARNING - No viable dags retrieved from /opt/airflow/dags/sodai_pipeline.py
[2025-11-13T14:30:53.632+0000] {processor.py:183} INFO - Processing /opt/airflow/dags/sodai_pipeline.py took 0.163 seconds
[2025-11-13T14:31:23.848+0000] {processor.py:161} INFO - Started process (PID=620) to work on /opt/airflow/dags/sodai_pipeline.py
[2025-11-13T14:31:23.852+0000] {processor.py:830} INFO - Processing file /opt/airflow/dags/sodai_pipeline.py for tasks to queue
[2025-11-13T14:31:23.854+0000] {logging_mixin.py:188} INFO - [2025-11-13T14:31:23.853+0000] {dagbag.py:545} INFO - Filling up the DagBag from /opt/airflow/dags/sodai_pipeline.py
[2025-11-13T14:31:24.215+0000] {logging_mixin.py:188} INFO - [2025-11-13T14:31:24.212+0000] {dagbag.py:355} ERROR - Failed to import: /opt/airflow/dags/sodai_pipeline.py
Traceback (most recent call last):
  File "/home/airflow/.local/lib/python3.12/site-packages/airflow/models/dagbag.py", line 351, in parse
    loader.exec_module(new_module)
  File "<frozen importlib._bootstrap_external>", line 995, in exec_module
  File "<frozen importlib._bootstrap>", line 488, in _call_with_frames_removed
  File "/opt/airflow/dags/sodai_pipeline.py", line 23, in <module>
    from src.preprocessing import build_weekly_features
  File "/opt/airflow/src/preprocessing.py", line 6, in <module>
    from sklearn.base import BaseEstimator, TransformerMixin
ModuleNotFoundError: No module named 'sklearn'
[2025-11-13T14:31:24.216+0000] {processor.py:842} WARNING - No viable dags retrieved from /opt/airflow/dags/sodai_pipeline.py
[2025-11-13T14:31:24.234+0000] {processor.py:183} INFO - Processing /opt/airflow/dags/sodai_pipeline.py took 0.395 seconds
[2025-11-13T14:31:54.353+0000] {processor.py:161} INFO - Started process (PID=626) to work on /opt/airflow/dags/sodai_pipeline.py
[2025-11-13T14:31:54.354+0000] {processor.py:830} INFO - Processing file /opt/airflow/dags/sodai_pipeline.py for tasks to queue
[2025-11-13T14:31:54.357+0000] {logging_mixin.py:188} INFO - [2025-11-13T14:31:54.356+0000] {dagbag.py:545} INFO - Filling up the DagBag from /opt/airflow/dags/sodai_pipeline.py
[2025-11-13T14:31:54.615+0000] {logging_mixin.py:188} INFO - [2025-11-13T14:31:54.610+0000] {dagbag.py:355} ERROR - Failed to import: /opt/airflow/dags/sodai_pipeline.py
Traceback (most recent call last):
  File "/home/airflow/.local/lib/python3.12/site-packages/airflow/models/dagbag.py", line 351, in parse
    loader.exec_module(new_module)
  File "<frozen importlib._bootstrap_external>", line 995, in exec_module
  File "<frozen importlib._bootstrap>", line 488, in _call_with_frames_removed
  File "/opt/airflow/dags/sodai_pipeline.py", line 23, in <module>
    from src.preprocessing import build_weekly_features
  File "/opt/airflow/src/preprocessing.py", line 6, in <module>
    from sklearn.base import BaseEstimator, TransformerMixin
ModuleNotFoundError: No module named 'sklearn'
[2025-11-13T14:31:54.616+0000] {processor.py:842} WARNING - No viable dags retrieved from /opt/airflow/dags/sodai_pipeline.py
[2025-11-13T14:31:54.633+0000] {processor.py:183} INFO - Processing /opt/airflow/dags/sodai_pipeline.py took 0.296 seconds
[2025-11-13T14:32:25.009+0000] {processor.py:161} INFO - Started process (PID=632) to work on /opt/airflow/dags/sodai_pipeline.py
[2025-11-13T14:32:25.012+0000] {processor.py:830} INFO - Processing file /opt/airflow/dags/sodai_pipeline.py for tasks to queue
[2025-11-13T14:32:25.018+0000] {logging_mixin.py:188} INFO - [2025-11-13T14:32:25.017+0000] {dagbag.py:545} INFO - Filling up the DagBag from /opt/airflow/dags/sodai_pipeline.py
[2025-11-13T14:32:25.229+0000] {logging_mixin.py:188} INFO - [2025-11-13T14:32:25.226+0000] {dagbag.py:355} ERROR - Failed to import: /opt/airflow/dags/sodai_pipeline.py
Traceback (most recent call last):
  File "/home/airflow/.local/lib/python3.12/site-packages/airflow/models/dagbag.py", line 351, in parse
    loader.exec_module(new_module)
  File "<frozen importlib._bootstrap_external>", line 995, in exec_module
  File "<frozen importlib._bootstrap>", line 488, in _call_with_frames_removed
  File "/opt/airflow/dags/sodai_pipeline.py", line 23, in <module>
    from src.preprocessing import build_weekly_features
  File "/opt/airflow/src/preprocessing.py", line 6, in <module>
    from sklearn.base import BaseEstimator, TransformerMixin
ModuleNotFoundError: No module named 'sklearn'
[2025-11-13T14:32:25.229+0000] {processor.py:842} WARNING - No viable dags retrieved from /opt/airflow/dags/sodai_pipeline.py
[2025-11-13T14:32:25.244+0000] {processor.py:183} INFO - Processing /opt/airflow/dags/sodai_pipeline.py took 0.244 seconds
[2025-11-13T14:32:55.415+0000] {processor.py:161} INFO - Started process (PID=638) to work on /opt/airflow/dags/sodai_pipeline.py
[2025-11-13T14:32:55.416+0000] {processor.py:830} INFO - Processing file /opt/airflow/dags/sodai_pipeline.py for tasks to queue
[2025-11-13T14:32:55.419+0000] {logging_mixin.py:188} INFO - [2025-11-13T14:32:55.418+0000] {dagbag.py:545} INFO - Filling up the DagBag from /opt/airflow/dags/sodai_pipeline.py
[2025-11-13T14:32:55.632+0000] {logging_mixin.py:188} INFO - [2025-11-13T14:32:55.631+0000] {dagbag.py:355} ERROR - Failed to import: /opt/airflow/dags/sodai_pipeline.py
Traceback (most recent call last):
  File "/home/airflow/.local/lib/python3.12/site-packages/airflow/models/dagbag.py", line 351, in parse
    loader.exec_module(new_module)
  File "<frozen importlib._bootstrap_external>", line 995, in exec_module
  File "<frozen importlib._bootstrap>", line 488, in _call_with_frames_removed
  File "/opt/airflow/dags/sodai_pipeline.py", line 23, in <module>
    from src.preprocessing import build_weekly_features
  File "/opt/airflow/src/preprocessing.py", line 6, in <module>
    from sklearn.base import BaseEstimator, TransformerMixin
ModuleNotFoundError: No module named 'sklearn'
[2025-11-13T14:32:55.633+0000] {processor.py:842} WARNING - No viable dags retrieved from /opt/airflow/dags/sodai_pipeline.py
[2025-11-13T14:32:55.646+0000] {processor.py:183} INFO - Processing /opt/airflow/dags/sodai_pipeline.py took 0.243 seconds
[2025-11-13T14:33:25.867+0000] {processor.py:161} INFO - Started process (PID=644) to work on /opt/airflow/dags/sodai_pipeline.py
[2025-11-13T14:33:25.868+0000] {processor.py:830} INFO - Processing file /opt/airflow/dags/sodai_pipeline.py for tasks to queue
[2025-11-13T14:33:25.872+0000] {logging_mixin.py:188} INFO - [2025-11-13T14:33:25.871+0000] {dagbag.py:545} INFO - Filling up the DagBag from /opt/airflow/dags/sodai_pipeline.py
[2025-11-13T14:33:26.122+0000] {logging_mixin.py:188} INFO - [2025-11-13T14:33:26.120+0000] {dagbag.py:355} ERROR - Failed to import: /opt/airflow/dags/sodai_pipeline.py
Traceback (most recent call last):
  File "/home/airflow/.local/lib/python3.12/site-packages/airflow/models/dagbag.py", line 351, in parse
    loader.exec_module(new_module)
  File "<frozen importlib._bootstrap_external>", line 995, in exec_module
  File "<frozen importlib._bootstrap>", line 488, in _call_with_frames_removed
  File "/opt/airflow/dags/sodai_pipeline.py", line 23, in <module>
    from src.preprocessing import build_weekly_features
  File "/opt/airflow/src/preprocessing.py", line 6, in <module>
    from sklearn.base import BaseEstimator, TransformerMixin
ModuleNotFoundError: No module named 'sklearn'
[2025-11-13T14:33:26.123+0000] {processor.py:842} WARNING - No viable dags retrieved from /opt/airflow/dags/sodai_pipeline.py
[2025-11-13T14:33:26.135+0000] {processor.py:183} INFO - Processing /opt/airflow/dags/sodai_pipeline.py took 0.278 seconds
[2025-11-13T14:33:56.429+0000] {processor.py:161} INFO - Started process (PID=650) to work on /opt/airflow/dags/sodai_pipeline.py
[2025-11-13T14:33:56.431+0000] {processor.py:830} INFO - Processing file /opt/airflow/dags/sodai_pipeline.py for tasks to queue
[2025-11-13T14:33:56.434+0000] {logging_mixin.py:188} INFO - [2025-11-13T14:33:56.433+0000] {dagbag.py:545} INFO - Filling up the DagBag from /opt/airflow/dags/sodai_pipeline.py
[2025-11-13T14:33:56.625+0000] {logging_mixin.py:188} INFO - [2025-11-13T14:33:56.623+0000] {dagbag.py:355} ERROR - Failed to import: /opt/airflow/dags/sodai_pipeline.py
Traceback (most recent call last):
  File "/home/airflow/.local/lib/python3.12/site-packages/airflow/models/dagbag.py", line 351, in parse
    loader.exec_module(new_module)
  File "<frozen importlib._bootstrap_external>", line 995, in exec_module
  File "<frozen importlib._bootstrap>", line 488, in _call_with_frames_removed
  File "/opt/airflow/dags/sodai_pipeline.py", line 23, in <module>
    from src.preprocessing import build_weekly_features
  File "/opt/airflow/src/preprocessing.py", line 6, in <module>
    from sklearn.base import BaseEstimator, TransformerMixin
ModuleNotFoundError: No module named 'sklearn'
[2025-11-13T14:33:56.625+0000] {processor.py:842} WARNING - No viable dags retrieved from /opt/airflow/dags/sodai_pipeline.py
[2025-11-13T14:33:56.637+0000] {processor.py:183} INFO - Processing /opt/airflow/dags/sodai_pipeline.py took 0.219 seconds
[2025-11-13T14:34:26.870+0000] {processor.py:161} INFO - Started process (PID=656) to work on /opt/airflow/dags/sodai_pipeline.py
[2025-11-13T14:34:26.872+0000] {processor.py:830} INFO - Processing file /opt/airflow/dags/sodai_pipeline.py for tasks to queue
[2025-11-13T14:34:26.874+0000] {logging_mixin.py:188} INFO - [2025-11-13T14:34:26.873+0000] {dagbag.py:545} INFO - Filling up the DagBag from /opt/airflow/dags/sodai_pipeline.py
[2025-11-13T14:34:27.044+0000] {logging_mixin.py:188} INFO - [2025-11-13T14:34:27.042+0000] {dagbag.py:355} ERROR - Failed to import: /opt/airflow/dags/sodai_pipeline.py
Traceback (most recent call last):
  File "/home/airflow/.local/lib/python3.12/site-packages/airflow/models/dagbag.py", line 351, in parse
    loader.exec_module(new_module)
  File "<frozen importlib._bootstrap_external>", line 995, in exec_module
  File "<frozen importlib._bootstrap>", line 488, in _call_with_frames_removed
  File "/opt/airflow/dags/sodai_pipeline.py", line 23, in <module>
    from src.preprocessing import build_weekly_features
  File "/opt/airflow/src/preprocessing.py", line 6, in <module>
    from sklearn.base import BaseEstimator, TransformerMixin
ModuleNotFoundError: No module named 'sklearn'
[2025-11-13T14:34:27.044+0000] {processor.py:842} WARNING - No viable dags retrieved from /opt/airflow/dags/sodai_pipeline.py
[2025-11-13T14:34:27.052+0000] {processor.py:183} INFO - Processing /opt/airflow/dags/sodai_pipeline.py took 0.191 seconds
[2025-11-13T14:34:57.328+0000] {processor.py:161} INFO - Started process (PID=662) to work on /opt/airflow/dags/sodai_pipeline.py
[2025-11-13T14:34:57.329+0000] {processor.py:830} INFO - Processing file /opt/airflow/dags/sodai_pipeline.py for tasks to queue
[2025-11-13T14:34:57.331+0000] {logging_mixin.py:188} INFO - [2025-11-13T14:34:57.331+0000] {dagbag.py:545} INFO - Filling up the DagBag from /opt/airflow/dags/sodai_pipeline.py
[2025-11-13T14:34:57.484+0000] {logging_mixin.py:188} INFO - [2025-11-13T14:34:57.482+0000] {dagbag.py:355} ERROR - Failed to import: /opt/airflow/dags/sodai_pipeline.py
Traceback (most recent call last):
  File "/home/airflow/.local/lib/python3.12/site-packages/airflow/models/dagbag.py", line 351, in parse
    loader.exec_module(new_module)
  File "<frozen importlib._bootstrap_external>", line 995, in exec_module
  File "<frozen importlib._bootstrap>", line 488, in _call_with_frames_removed
  File "/opt/airflow/dags/sodai_pipeline.py", line 23, in <module>
    from src.preprocessing import build_weekly_features
  File "/opt/airflow/src/preprocessing.py", line 6, in <module>
    from sklearn.base import BaseEstimator, TransformerMixin
ModuleNotFoundError: No module named 'sklearn'
[2025-11-13T14:34:57.485+0000] {processor.py:842} WARNING - No viable dags retrieved from /opt/airflow/dags/sodai_pipeline.py
[2025-11-13T14:34:57.495+0000] {processor.py:183} INFO - Processing /opt/airflow/dags/sodai_pipeline.py took 0.173 seconds
[2025-11-13T14:35:27.753+0000] {processor.py:161} INFO - Started process (PID=668) to work on /opt/airflow/dags/sodai_pipeline.py
[2025-11-13T14:35:27.756+0000] {processor.py:830} INFO - Processing file /opt/airflow/dags/sodai_pipeline.py for tasks to queue
[2025-11-13T14:35:27.759+0000] {logging_mixin.py:188} INFO - [2025-11-13T14:35:27.759+0000] {dagbag.py:545} INFO - Filling up the DagBag from /opt/airflow/dags/sodai_pipeline.py
[2025-11-13T14:35:27.941+0000] {logging_mixin.py:188} INFO - [2025-11-13T14:35:27.938+0000] {dagbag.py:355} ERROR - Failed to import: /opt/airflow/dags/sodai_pipeline.py
Traceback (most recent call last):
  File "/home/airflow/.local/lib/python3.12/site-packages/airflow/models/dagbag.py", line 351, in parse
    loader.exec_module(new_module)
  File "<frozen importlib._bootstrap_external>", line 995, in exec_module
  File "<frozen importlib._bootstrap>", line 488, in _call_with_frames_removed
  File "/opt/airflow/dags/sodai_pipeline.py", line 23, in <module>
    from src.preprocessing import build_weekly_features
  File "/opt/airflow/src/preprocessing.py", line 6, in <module>
    from sklearn.base import BaseEstimator, TransformerMixin
ModuleNotFoundError: No module named 'sklearn'
[2025-11-13T14:35:27.941+0000] {processor.py:842} WARNING - No viable dags retrieved from /opt/airflow/dags/sodai_pipeline.py
[2025-11-13T14:35:27.951+0000] {processor.py:183} INFO - Processing /opt/airflow/dags/sodai_pipeline.py took 0.208 seconds
[2025-11-13T14:35:58.130+0000] {processor.py:161} INFO - Started process (PID=674) to work on /opt/airflow/dags/sodai_pipeline.py
[2025-11-13T14:35:58.131+0000] {processor.py:830} INFO - Processing file /opt/airflow/dags/sodai_pipeline.py for tasks to queue
[2025-11-13T14:35:58.132+0000] {logging_mixin.py:188} INFO - [2025-11-13T14:35:58.132+0000] {dagbag.py:545} INFO - Filling up the DagBag from /opt/airflow/dags/sodai_pipeline.py
[2025-11-13T14:35:58.267+0000] {logging_mixin.py:188} INFO - [2025-11-13T14:35:58.265+0000] {dagbag.py:355} ERROR - Failed to import: /opt/airflow/dags/sodai_pipeline.py
Traceback (most recent call last):
  File "/home/airflow/.local/lib/python3.12/site-packages/airflow/models/dagbag.py", line 351, in parse
    loader.exec_module(new_module)
  File "<frozen importlib._bootstrap_external>", line 995, in exec_module
  File "<frozen importlib._bootstrap>", line 488, in _call_with_frames_removed
  File "/opt/airflow/dags/sodai_pipeline.py", line 23, in <module>
    from src.preprocessing import build_weekly_features
  File "/opt/airflow/src/preprocessing.py", line 6, in <module>
    from sklearn.base import BaseEstimator, TransformerMixin
ModuleNotFoundError: No module named 'sklearn'
[2025-11-13T14:35:58.267+0000] {processor.py:842} WARNING - No viable dags retrieved from /opt/airflow/dags/sodai_pipeline.py
[2025-11-13T14:35:58.275+0000] {processor.py:183} INFO - Processing /opt/airflow/dags/sodai_pipeline.py took 0.149 seconds
[2025-11-13T14:36:28.708+0000] {processor.py:161} INFO - Started process (PID=680) to work on /opt/airflow/dags/sodai_pipeline.py
[2025-11-13T14:36:28.711+0000] {processor.py:830} INFO - Processing file /opt/airflow/dags/sodai_pipeline.py for tasks to queue
[2025-11-13T14:36:28.714+0000] {logging_mixin.py:188} INFO - [2025-11-13T14:36:28.713+0000] {dagbag.py:545} INFO - Filling up the DagBag from /opt/airflow/dags/sodai_pipeline.py
[2025-11-13T14:36:28.888+0000] {logging_mixin.py:188} INFO - [2025-11-13T14:36:28.885+0000] {dagbag.py:355} ERROR - Failed to import: /opt/airflow/dags/sodai_pipeline.py
Traceback (most recent call last):
  File "/home/airflow/.local/lib/python3.12/site-packages/airflow/models/dagbag.py", line 351, in parse
    loader.exec_module(new_module)
  File "<frozen importlib._bootstrap_external>", line 995, in exec_module
  File "<frozen importlib._bootstrap>", line 488, in _call_with_frames_removed
  File "/opt/airflow/dags/sodai_pipeline.py", line 23, in <module>
    from src.preprocessing import build_weekly_features
  File "/opt/airflow/src/preprocessing.py", line 6, in <module>
    from sklearn.base import BaseEstimator, TransformerMixin
ModuleNotFoundError: No module named 'sklearn'
[2025-11-13T14:36:28.888+0000] {processor.py:842} WARNING - No viable dags retrieved from /opt/airflow/dags/sodai_pipeline.py
[2025-11-13T14:36:28.898+0000] {processor.py:183} INFO - Processing /opt/airflow/dags/sodai_pipeline.py took 0.200 seconds
[2025-11-13T14:36:59.107+0000] {processor.py:161} INFO - Started process (PID=686) to work on /opt/airflow/dags/sodai_pipeline.py
[2025-11-13T14:36:59.111+0000] {processor.py:830} INFO - Processing file /opt/airflow/dags/sodai_pipeline.py for tasks to queue
[2025-11-13T14:36:59.112+0000] {logging_mixin.py:188} INFO - [2025-11-13T14:36:59.112+0000] {dagbag.py:545} INFO - Filling up the DagBag from /opt/airflow/dags/sodai_pipeline.py
[2025-11-13T14:36:59.251+0000] {logging_mixin.py:188} INFO - [2025-11-13T14:36:59.249+0000] {dagbag.py:355} ERROR - Failed to import: /opt/airflow/dags/sodai_pipeline.py
Traceback (most recent call last):
  File "/home/airflow/.local/lib/python3.12/site-packages/airflow/models/dagbag.py", line 351, in parse
    loader.exec_module(new_module)
  File "<frozen importlib._bootstrap_external>", line 995, in exec_module
  File "<frozen importlib._bootstrap>", line 488, in _call_with_frames_removed
  File "/opt/airflow/dags/sodai_pipeline.py", line 23, in <module>
    from src.preprocessing import build_weekly_features
  File "/opt/airflow/src/preprocessing.py", line 6, in <module>
    from sklearn.base import BaseEstimator, TransformerMixin
ModuleNotFoundError: No module named 'sklearn'
[2025-11-13T14:36:59.252+0000] {processor.py:842} WARNING - No viable dags retrieved from /opt/airflow/dags/sodai_pipeline.py
[2025-11-13T14:36:59.261+0000] {processor.py:183} INFO - Processing /opt/airflow/dags/sodai_pipeline.py took 0.161 seconds
[2025-11-13T14:37:29.611+0000] {processor.py:161} INFO - Started process (PID=692) to work on /opt/airflow/dags/sodai_pipeline.py
[2025-11-13T14:37:29.613+0000] {processor.py:830} INFO - Processing file /opt/airflow/dags/sodai_pipeline.py for tasks to queue
[2025-11-13T14:37:29.617+0000] {logging_mixin.py:188} INFO - [2025-11-13T14:37:29.616+0000] {dagbag.py:545} INFO - Filling up the DagBag from /opt/airflow/dags/sodai_pipeline.py
[2025-11-13T14:37:29.826+0000] {logging_mixin.py:188} INFO - [2025-11-13T14:37:29.823+0000] {dagbag.py:355} ERROR - Failed to import: /opt/airflow/dags/sodai_pipeline.py
Traceback (most recent call last):
  File "/home/airflow/.local/lib/python3.12/site-packages/airflow/models/dagbag.py", line 351, in parse
    loader.exec_module(new_module)
  File "<frozen importlib._bootstrap_external>", line 995, in exec_module
  File "<frozen importlib._bootstrap>", line 488, in _call_with_frames_removed
  File "/opt/airflow/dags/sodai_pipeline.py", line 23, in <module>
    from src.preprocessing import build_weekly_features
  File "/opt/airflow/src/preprocessing.py", line 6, in <module>
    from sklearn.base import BaseEstimator, TransformerMixin
ModuleNotFoundError: No module named 'sklearn'
[2025-11-13T14:37:29.826+0000] {processor.py:842} WARNING - No viable dags retrieved from /opt/airflow/dags/sodai_pipeline.py
[2025-11-13T14:37:29.837+0000] {processor.py:183} INFO - Processing /opt/airflow/dags/sodai_pipeline.py took 0.243 seconds
[2025-11-13T14:38:00.005+0000] {processor.py:161} INFO - Started process (PID=698) to work on /opt/airflow/dags/sodai_pipeline.py
[2025-11-13T14:38:00.007+0000] {processor.py:830} INFO - Processing file /opt/airflow/dags/sodai_pipeline.py for tasks to queue
[2025-11-13T14:38:00.010+0000] {logging_mixin.py:188} INFO - [2025-11-13T14:38:00.010+0000] {dagbag.py:545} INFO - Filling up the DagBag from /opt/airflow/dags/sodai_pipeline.py
[2025-11-13T14:38:00.167+0000] {logging_mixin.py:188} INFO - [2025-11-13T14:38:00.165+0000] {dagbag.py:355} ERROR - Failed to import: /opt/airflow/dags/sodai_pipeline.py
Traceback (most recent call last):
  File "/home/airflow/.local/lib/python3.12/site-packages/airflow/models/dagbag.py", line 351, in parse
    loader.exec_module(new_module)
  File "<frozen importlib._bootstrap_external>", line 995, in exec_module
  File "<frozen importlib._bootstrap>", line 488, in _call_with_frames_removed
  File "/opt/airflow/dags/sodai_pipeline.py", line 23, in <module>
    from src.preprocessing import build_weekly_features
  File "/opt/airflow/src/preprocessing.py", line 6, in <module>
    from sklearn.base import BaseEstimator, TransformerMixin
ModuleNotFoundError: No module named 'sklearn'
[2025-11-13T14:38:00.167+0000] {processor.py:842} WARNING - No viable dags retrieved from /opt/airflow/dags/sodai_pipeline.py
[2025-11-13T14:38:00.177+0000] {processor.py:183} INFO - Processing /opt/airflow/dags/sodai_pipeline.py took 0.182 seconds
[2025-11-13T14:38:30.557+0000] {processor.py:161} INFO - Started process (PID=704) to work on /opt/airflow/dags/sodai_pipeline.py
[2025-11-13T14:38:30.559+0000] {processor.py:830} INFO - Processing file /opt/airflow/dags/sodai_pipeline.py for tasks to queue
[2025-11-13T14:38:30.561+0000] {logging_mixin.py:188} INFO - [2025-11-13T14:38:30.561+0000] {dagbag.py:545} INFO - Filling up the DagBag from /opt/airflow/dags/sodai_pipeline.py
[2025-11-13T14:38:30.738+0000] {logging_mixin.py:188} INFO - [2025-11-13T14:38:30.736+0000] {dagbag.py:355} ERROR - Failed to import: /opt/airflow/dags/sodai_pipeline.py
Traceback (most recent call last):
  File "/home/airflow/.local/lib/python3.12/site-packages/airflow/models/dagbag.py", line 351, in parse
    loader.exec_module(new_module)
  File "<frozen importlib._bootstrap_external>", line 995, in exec_module
  File "<frozen importlib._bootstrap>", line 488, in _call_with_frames_removed
  File "/opt/airflow/dags/sodai_pipeline.py", line 23, in <module>
    from src.preprocessing import build_weekly_features
  File "/opt/airflow/src/preprocessing.py", line 6, in <module>
    from sklearn.base import BaseEstimator, TransformerMixin
ModuleNotFoundError: No module named 'sklearn'
[2025-11-13T14:38:30.738+0000] {processor.py:842} WARNING - No viable dags retrieved from /opt/airflow/dags/sodai_pipeline.py
[2025-11-13T14:38:30.750+0000] {processor.py:183} INFO - Processing /opt/airflow/dags/sodai_pipeline.py took 0.200 seconds
[2025-11-13T14:39:00.920+0000] {processor.py:161} INFO - Started process (PID=710) to work on /opt/airflow/dags/sodai_pipeline.py
[2025-11-13T14:39:00.922+0000] {processor.py:830} INFO - Processing file /opt/airflow/dags/sodai_pipeline.py for tasks to queue
[2025-11-13T14:39:00.926+0000] {logging_mixin.py:188} INFO - [2025-11-13T14:39:00.926+0000] {dagbag.py:545} INFO - Filling up the DagBag from /opt/airflow/dags/sodai_pipeline.py
[2025-11-13T14:39:01.110+0000] {logging_mixin.py:188} INFO - [2025-11-13T14:39:01.108+0000] {dagbag.py:355} ERROR - Failed to import: /opt/airflow/dags/sodai_pipeline.py
Traceback (most recent call last):
  File "/home/airflow/.local/lib/python3.12/site-packages/airflow/models/dagbag.py", line 351, in parse
    loader.exec_module(new_module)
  File "<frozen importlib._bootstrap_external>", line 995, in exec_module
  File "<frozen importlib._bootstrap>", line 488, in _call_with_frames_removed
  File "/opt/airflow/dags/sodai_pipeline.py", line 23, in <module>
    from src.preprocessing import build_weekly_features
  File "/opt/airflow/src/preprocessing.py", line 6, in <module>
    from sklearn.base import BaseEstimator, TransformerMixin
ModuleNotFoundError: No module named 'sklearn'
[2025-11-13T14:39:01.111+0000] {processor.py:842} WARNING - No viable dags retrieved from /opt/airflow/dags/sodai_pipeline.py
[2025-11-13T14:39:01.120+0000] {processor.py:183} INFO - Processing /opt/airflow/dags/sodai_pipeline.py took 0.216 seconds
[2025-11-13T14:39:31.490+0000] {processor.py:161} INFO - Started process (PID=716) to work on /opt/airflow/dags/sodai_pipeline.py
[2025-11-13T14:39:31.492+0000] {processor.py:830} INFO - Processing file /opt/airflow/dags/sodai_pipeline.py for tasks to queue
[2025-11-13T14:39:31.495+0000] {logging_mixin.py:188} INFO - [2025-11-13T14:39:31.494+0000] {dagbag.py:545} INFO - Filling up the DagBag from /opt/airflow/dags/sodai_pipeline.py
[2025-11-13T14:39:31.688+0000] {logging_mixin.py:188} INFO - [2025-11-13T14:39:31.685+0000] {dagbag.py:355} ERROR - Failed to import: /opt/airflow/dags/sodai_pipeline.py
Traceback (most recent call last):
  File "/home/airflow/.local/lib/python3.12/site-packages/airflow/models/dagbag.py", line 351, in parse
    loader.exec_module(new_module)
  File "<frozen importlib._bootstrap_external>", line 995, in exec_module
  File "<frozen importlib._bootstrap>", line 488, in _call_with_frames_removed
  File "/opt/airflow/dags/sodai_pipeline.py", line 23, in <module>
    from src.preprocessing import build_weekly_features
  File "/opt/airflow/src/preprocessing.py", line 6, in <module>
    from sklearn.base import BaseEstimator, TransformerMixin
ModuleNotFoundError: No module named 'sklearn'
[2025-11-13T14:39:31.688+0000] {processor.py:842} WARNING - No viable dags retrieved from /opt/airflow/dags/sodai_pipeline.py
[2025-11-13T14:39:31.705+0000] {processor.py:183} INFO - Processing /opt/airflow/dags/sodai_pipeline.py took 0.223 seconds
[2025-11-13T14:40:01.921+0000] {processor.py:161} INFO - Started process (PID=722) to work on /opt/airflow/dags/sodai_pipeline.py
[2025-11-13T14:40:02.003+0000] {processor.py:830} INFO - Processing file /opt/airflow/dags/sodai_pipeline.py for tasks to queue
[2025-11-13T14:40:02.006+0000] {logging_mixin.py:188} INFO - [2025-11-13T14:40:02.006+0000] {dagbag.py:545} INFO - Filling up the DagBag from /opt/airflow/dags/sodai_pipeline.py
[2025-11-13T14:40:02.258+0000] {logging_mixin.py:188} INFO - [2025-11-13T14:40:02.255+0000] {dagbag.py:355} ERROR - Failed to import: /opt/airflow/dags/sodai_pipeline.py
Traceback (most recent call last):
  File "/home/airflow/.local/lib/python3.12/site-packages/airflow/models/dagbag.py", line 351, in parse
    loader.exec_module(new_module)
  File "<frozen importlib._bootstrap_external>", line 995, in exec_module
  File "<frozen importlib._bootstrap>", line 488, in _call_with_frames_removed
  File "/opt/airflow/dags/sodai_pipeline.py", line 23, in <module>
    from src.preprocessing import build_weekly_features
  File "/opt/airflow/src/preprocessing.py", line 6, in <module>
    from sklearn.base import BaseEstimator, TransformerMixin
ModuleNotFoundError: No module named 'sklearn'
[2025-11-13T14:40:02.258+0000] {processor.py:842} WARNING - No viable dags retrieved from /opt/airflow/dags/sodai_pipeline.py
[2025-11-13T14:40:02.275+0000] {processor.py:183} INFO - Processing /opt/airflow/dags/sodai_pipeline.py took 0.364 seconds
[2025-11-13T14:41:32.008+0000] {processor.py:161} INFO - Started process (PID=728) to work on /opt/airflow/dags/sodai_pipeline.py
[2025-11-13T14:41:32.010+0000] {processor.py:830} INFO - Processing file /opt/airflow/dags/sodai_pipeline.py for tasks to queue
[2025-11-13T14:41:32.015+0000] {logging_mixin.py:188} INFO - [2025-11-13T14:41:32.015+0000] {dagbag.py:545} INFO - Filling up the DagBag from /opt/airflow/dags/sodai_pipeline.py
[2025-11-13T14:41:32.230+0000] {logging_mixin.py:188} INFO - [2025-11-13T14:41:32.228+0000] {dagbag.py:355} ERROR - Failed to import: /opt/airflow/dags/sodai_pipeline.py
Traceback (most recent call last):
  File "/home/airflow/.local/lib/python3.12/site-packages/airflow/models/dagbag.py", line 351, in parse
    loader.exec_module(new_module)
  File "<frozen importlib._bootstrap_external>", line 995, in exec_module
  File "<frozen importlib._bootstrap>", line 488, in _call_with_frames_removed
  File "/opt/airflow/dags/sodai_pipeline.py", line 23, in <module>
    from src.preprocessing import build_weekly_features
  File "/opt/airflow/src/preprocessing.py", line 6, in <module>
    from sklearn.base import BaseEstimator, TransformerMixin
ModuleNotFoundError: No module named 'sklearn'
[2025-11-13T14:41:32.230+0000] {processor.py:842} WARNING - No viable dags retrieved from /opt/airflow/dags/sodai_pipeline.py
[2025-11-13T14:41:32.250+0000] {processor.py:183} INFO - Processing /opt/airflow/dags/sodai_pipeline.py took 0.252 seconds
[2025-11-13T14:42:08.982+0000] {processor.py:161} INFO - Started process (PID=734) to work on /opt/airflow/dags/sodai_pipeline.py
[2025-11-13T14:42:08.984+0000] {processor.py:830} INFO - Processing file /opt/airflow/dags/sodai_pipeline.py for tasks to queue
[2025-11-13T14:42:08.990+0000] {logging_mixin.py:188} INFO - [2025-11-13T14:42:08.989+0000] {dagbag.py:545} INFO - Filling up the DagBag from /opt/airflow/dags/sodai_pipeline.py
[2025-11-13T14:42:09.202+0000] {logging_mixin.py:188} INFO - [2025-11-13T14:42:09.200+0000] {dagbag.py:355} ERROR - Failed to import: /opt/airflow/dags/sodai_pipeline.py
Traceback (most recent call last):
  File "/home/airflow/.local/lib/python3.12/site-packages/airflow/models/dagbag.py", line 351, in parse
    loader.exec_module(new_module)
  File "<frozen importlib._bootstrap_external>", line 995, in exec_module
  File "<frozen importlib._bootstrap>", line 488, in _call_with_frames_removed
  File "/opt/airflow/dags/sodai_pipeline.py", line 23, in <module>
    from src.preprocessing import build_weekly_features
  File "/opt/airflow/src/preprocessing.py", line 6, in <module>
    from sklearn.base import BaseEstimator, TransformerMixin
ModuleNotFoundError: No module named 'sklearn'
[2025-11-13T14:42:09.202+0000] {processor.py:842} WARNING - No viable dags retrieved from /opt/airflow/dags/sodai_pipeline.py
[2025-11-13T14:42:09.219+0000] {processor.py:183} INFO - Processing /opt/airflow/dags/sodai_pipeline.py took 0.251 seconds
[2025-11-13T14:47:48.570+0000] {processor.py:161} INFO - Started process (PID=740) to work on /opt/airflow/dags/sodai_pipeline.py
[2025-11-13T14:47:48.576+0000] {processor.py:830} INFO - Processing file /opt/airflow/dags/sodai_pipeline.py for tasks to queue
[2025-11-13T14:47:48.579+0000] {logging_mixin.py:188} INFO - [2025-11-13T14:47:48.579+0000] {dagbag.py:545} INFO - Filling up the DagBag from /opt/airflow/dags/sodai_pipeline.py
[2025-11-13T14:47:48.821+0000] {logging_mixin.py:188} INFO - [2025-11-13T14:47:48.817+0000] {dagbag.py:355} ERROR - Failed to import: /opt/airflow/dags/sodai_pipeline.py
Traceback (most recent call last):
  File "/home/airflow/.local/lib/python3.12/site-packages/airflow/models/dagbag.py", line 351, in parse
    loader.exec_module(new_module)
  File "<frozen importlib._bootstrap_external>", line 995, in exec_module
  File "<frozen importlib._bootstrap>", line 488, in _call_with_frames_removed
  File "/opt/airflow/dags/sodai_pipeline.py", line 23, in <module>
    from src.preprocessing import build_weekly_features
  File "/opt/airflow/src/preprocessing.py", line 6, in <module>
    from sklearn.base import BaseEstimator, TransformerMixin
ModuleNotFoundError: No module named 'sklearn'
[2025-11-13T14:47:48.821+0000] {processor.py:842} WARNING - No viable dags retrieved from /opt/airflow/dags/sodai_pipeline.py
[2025-11-13T14:47:48.841+0000] {processor.py:183} INFO - Processing /opt/airflow/dags/sodai_pipeline.py took 0.291 seconds
[2025-11-13T14:51:08.360+0000] {processor.py:161} INFO - Started process (PID=746) to work on /opt/airflow/dags/sodai_pipeline.py
[2025-11-13T14:51:08.361+0000] {processor.py:830} INFO - Processing file /opt/airflow/dags/sodai_pipeline.py for tasks to queue
[2025-11-13T14:51:08.364+0000] {logging_mixin.py:188} INFO - [2025-11-13T14:51:08.364+0000] {dagbag.py:545} INFO - Filling up the DagBag from /opt/airflow/dags/sodai_pipeline.py
[2025-11-13T14:51:08.578+0000] {logging_mixin.py:188} INFO - [2025-11-13T14:51:08.576+0000] {dagbag.py:355} ERROR - Failed to import: /opt/airflow/dags/sodai_pipeline.py
Traceback (most recent call last):
  File "/home/airflow/.local/lib/python3.12/site-packages/airflow/models/dagbag.py", line 351, in parse
    loader.exec_module(new_module)
  File "<frozen importlib._bootstrap_external>", line 995, in exec_module
  File "<frozen importlib._bootstrap>", line 488, in _call_with_frames_removed
  File "/opt/airflow/dags/sodai_pipeline.py", line 23, in <module>
    from src.preprocessing import build_weekly_features
  File "/opt/airflow/src/preprocessing.py", line 6, in <module>
    from sklearn.base import BaseEstimator, TransformerMixin
ModuleNotFoundError: No module named 'sklearn'
[2025-11-13T14:51:08.579+0000] {processor.py:842} WARNING - No viable dags retrieved from /opt/airflow/dags/sodai_pipeline.py
[2025-11-13T14:51:08.591+0000] {processor.py:183} INFO - Processing /opt/airflow/dags/sodai_pipeline.py took 0.242 seconds
[2025-11-13T14:58:14.824+0000] {processor.py:161} INFO - Started process (PID=752) to work on /opt/airflow/dags/sodai_pipeline.py
[2025-11-13T14:58:14.828+0000] {processor.py:830} INFO - Processing file /opt/airflow/dags/sodai_pipeline.py for tasks to queue
[2025-11-13T14:58:14.831+0000] {logging_mixin.py:188} INFO - [2025-11-13T14:58:14.830+0000] {dagbag.py:545} INFO - Filling up the DagBag from /opt/airflow/dags/sodai_pipeline.py
[2025-11-13T14:58:15.049+0000] {logging_mixin.py:188} INFO - [2025-11-13T14:58:15.047+0000] {dagbag.py:355} ERROR - Failed to import: /opt/airflow/dags/sodai_pipeline.py
Traceback (most recent call last):
  File "/home/airflow/.local/lib/python3.12/site-packages/airflow/models/dagbag.py", line 351, in parse
    loader.exec_module(new_module)
  File "<frozen importlib._bootstrap_external>", line 995, in exec_module
  File "<frozen importlib._bootstrap>", line 488, in _call_with_frames_removed
  File "/opt/airflow/dags/sodai_pipeline.py", line 23, in <module>
    from src.preprocessing import build_weekly_features
  File "/opt/airflow/src/preprocessing.py", line 6, in <module>
    from sklearn.base import BaseEstimator, TransformerMixin
ModuleNotFoundError: No module named 'sklearn'
[2025-11-13T14:58:15.049+0000] {processor.py:842} WARNING - No viable dags retrieved from /opt/airflow/dags/sodai_pipeline.py
[2025-11-13T14:58:15.061+0000] {processor.py:183} INFO - Processing /opt/airflow/dags/sodai_pipeline.py took 0.251 seconds
[2025-11-13T15:27:15.469+0000] {processor.py:161} INFO - Started process (PID=758) to work on /opt/airflow/dags/sodai_pipeline.py
[2025-11-13T15:27:15.491+0000] {processor.py:830} INFO - Processing file /opt/airflow/dags/sodai_pipeline.py for tasks to queue
[2025-11-13T15:27:15.495+0000] {logging_mixin.py:188} INFO - [2025-11-13T15:27:15.494+0000] {dagbag.py:545} INFO - Filling up the DagBag from /opt/airflow/dags/sodai_pipeline.py
[2025-11-13T15:27:15.721+0000] {logging_mixin.py:188} INFO - [2025-11-13T15:27:15.719+0000] {dagbag.py:355} ERROR - Failed to import: /opt/airflow/dags/sodai_pipeline.py
Traceback (most recent call last):
  File "/home/airflow/.local/lib/python3.12/site-packages/airflow/models/dagbag.py", line 351, in parse
    loader.exec_module(new_module)
  File "<frozen importlib._bootstrap_external>", line 995, in exec_module
  File "<frozen importlib._bootstrap>", line 488, in _call_with_frames_removed
  File "/opt/airflow/dags/sodai_pipeline.py", line 23, in <module>
    from src.preprocessing import build_weekly_features
  File "/opt/airflow/src/preprocessing.py", line 6, in <module>
    from sklearn.base import BaseEstimator, TransformerMixin
ModuleNotFoundError: No module named 'sklearn'
[2025-11-13T15:27:15.721+0000] {processor.py:842} WARNING - No viable dags retrieved from /opt/airflow/dags/sodai_pipeline.py
[2025-11-13T15:27:15.744+0000] {processor.py:183} INFO - Processing /opt/airflow/dags/sodai_pipeline.py took 0.284 seconds
[2025-11-13T15:27:46.058+0000] {processor.py:161} INFO - Started process (PID=764) to work on /opt/airflow/dags/sodai_pipeline.py
[2025-11-13T15:27:46.061+0000] {processor.py:830} INFO - Processing file /opt/airflow/dags/sodai_pipeline.py for tasks to queue
[2025-11-13T15:27:46.064+0000] {logging_mixin.py:188} INFO - [2025-11-13T15:27:46.064+0000] {dagbag.py:545} INFO - Filling up the DagBag from /opt/airflow/dags/sodai_pipeline.py
[2025-11-13T15:27:46.259+0000] {logging_mixin.py:188} INFO - [2025-11-13T15:27:46.255+0000] {dagbag.py:355} ERROR - Failed to import: /opt/airflow/dags/sodai_pipeline.py
Traceback (most recent call last):
  File "/home/airflow/.local/lib/python3.12/site-packages/airflow/models/dagbag.py", line 351, in parse
    loader.exec_module(new_module)
  File "<frozen importlib._bootstrap_external>", line 995, in exec_module
  File "<frozen importlib._bootstrap>", line 488, in _call_with_frames_removed
  File "/opt/airflow/dags/sodai_pipeline.py", line 23, in <module>
    from src.preprocessing import build_weekly_features
  File "/opt/airflow/src/preprocessing.py", line 6, in <module>
    from sklearn.base import BaseEstimator, TransformerMixin
ModuleNotFoundError: No module named 'sklearn'
[2025-11-13T15:27:46.260+0000] {processor.py:842} WARNING - No viable dags retrieved from /opt/airflow/dags/sodai_pipeline.py
[2025-11-13T15:27:46.275+0000] {processor.py:183} INFO - Processing /opt/airflow/dags/sodai_pipeline.py took 0.229 seconds
[2025-11-13T15:28:16.429+0000] {processor.py:161} INFO - Started process (PID=770) to work on /opt/airflow/dags/sodai_pipeline.py
[2025-11-13T15:28:16.431+0000] {processor.py:830} INFO - Processing file /opt/airflow/dags/sodai_pipeline.py for tasks to queue
[2025-11-13T15:28:16.434+0000] {logging_mixin.py:188} INFO - [2025-11-13T15:28:16.433+0000] {dagbag.py:545} INFO - Filling up the DagBag from /opt/airflow/dags/sodai_pipeline.py
[2025-11-13T15:28:16.642+0000] {logging_mixin.py:188} INFO - [2025-11-13T15:28:16.639+0000] {dagbag.py:355} ERROR - Failed to import: /opt/airflow/dags/sodai_pipeline.py
Traceback (most recent call last):
  File "/home/airflow/.local/lib/python3.12/site-packages/airflow/models/dagbag.py", line 351, in parse
    loader.exec_module(new_module)
  File "<frozen importlib._bootstrap_external>", line 995, in exec_module
  File "<frozen importlib._bootstrap>", line 488, in _call_with_frames_removed
  File "/opt/airflow/dags/sodai_pipeline.py", line 23, in <module>
    from src.preprocessing import build_weekly_features
  File "/opt/airflow/src/preprocessing.py", line 6, in <module>
    from sklearn.base import BaseEstimator, TransformerMixin
ModuleNotFoundError: No module named 'sklearn'
[2025-11-13T15:28:16.642+0000] {processor.py:842} WARNING - No viable dags retrieved from /opt/airflow/dags/sodai_pipeline.py
[2025-11-13T15:28:16.659+0000] {processor.py:183} INFO - Processing /opt/airflow/dags/sodai_pipeline.py took 0.241 seconds
[2025-11-13T15:28:46.902+0000] {processor.py:161} INFO - Started process (PID=776) to work on /opt/airflow/dags/sodai_pipeline.py
[2025-11-13T15:28:46.905+0000] {processor.py:830} INFO - Processing file /opt/airflow/dags/sodai_pipeline.py for tasks to queue
[2025-11-13T15:28:46.908+0000] {logging_mixin.py:188} INFO - [2025-11-13T15:28:46.908+0000] {dagbag.py:545} INFO - Filling up the DagBag from /opt/airflow/dags/sodai_pipeline.py
[2025-11-13T15:28:47.232+0000] {logging_mixin.py:188} INFO - [2025-11-13T15:28:47.229+0000] {dagbag.py:355} ERROR - Failed to import: /opt/airflow/dags/sodai_pipeline.py
Traceback (most recent call last):
  File "/home/airflow/.local/lib/python3.12/site-packages/airflow/models/dagbag.py", line 351, in parse
    loader.exec_module(new_module)
  File "<frozen importlib._bootstrap_external>", line 995, in exec_module
  File "<frozen importlib._bootstrap>", line 488, in _call_with_frames_removed
  File "/opt/airflow/dags/sodai_pipeline.py", line 23, in <module>
    from src.preprocessing import build_weekly_features
  File "/opt/airflow/src/preprocessing.py", line 6, in <module>
    from sklearn.base import BaseEstimator, TransformerMixin
ModuleNotFoundError: No module named 'sklearn'
[2025-11-13T15:28:47.232+0000] {processor.py:842} WARNING - No viable dags retrieved from /opt/airflow/dags/sodai_pipeline.py
[2025-11-13T15:28:47.246+0000] {processor.py:183} INFO - Processing /opt/airflow/dags/sodai_pipeline.py took 0.354 seconds
[2025-11-13T15:29:17.349+0000] {processor.py:161} INFO - Started process (PID=782) to work on /opt/airflow/dags/sodai_pipeline.py
[2025-11-13T15:29:17.351+0000] {processor.py:830} INFO - Processing file /opt/airflow/dags/sodai_pipeline.py for tasks to queue
[2025-11-13T15:29:17.359+0000] {logging_mixin.py:188} INFO - [2025-11-13T15:29:17.358+0000] {dagbag.py:545} INFO - Filling up the DagBag from /opt/airflow/dags/sodai_pipeline.py
[2025-11-13T15:29:17.602+0000] {logging_mixin.py:188} INFO - [2025-11-13T15:29:17.599+0000] {dagbag.py:355} ERROR - Failed to import: /opt/airflow/dags/sodai_pipeline.py
Traceback (most recent call last):
  File "/home/airflow/.local/lib/python3.12/site-packages/airflow/models/dagbag.py", line 351, in parse
    loader.exec_module(new_module)
  File "<frozen importlib._bootstrap_external>", line 995, in exec_module
  File "<frozen importlib._bootstrap>", line 488, in _call_with_frames_removed
  File "/opt/airflow/dags/sodai_pipeline.py", line 23, in <module>
    from src.preprocessing import build_weekly_features
  File "/opt/airflow/src/preprocessing.py", line 6, in <module>
    from sklearn.base import BaseEstimator, TransformerMixin
ModuleNotFoundError: No module named 'sklearn'
[2025-11-13T15:29:17.602+0000] {processor.py:842} WARNING - No viable dags retrieved from /opt/airflow/dags/sodai_pipeline.py
[2025-11-13T15:29:17.621+0000] {processor.py:183} INFO - Processing /opt/airflow/dags/sodai_pipeline.py took 0.288 seconds
[2025-11-13T15:29:47.823+0000] {processor.py:161} INFO - Started process (PID=788) to work on /opt/airflow/dags/sodai_pipeline.py
[2025-11-13T15:29:47.825+0000] {processor.py:830} INFO - Processing file /opt/airflow/dags/sodai_pipeline.py for tasks to queue
[2025-11-13T15:29:47.830+0000] {logging_mixin.py:188} INFO - [2025-11-13T15:29:47.829+0000] {dagbag.py:545} INFO - Filling up the DagBag from /opt/airflow/dags/sodai_pipeline.py
[2025-11-13T15:29:48.051+0000] {logging_mixin.py:188} INFO - [2025-11-13T15:29:48.048+0000] {dagbag.py:355} ERROR - Failed to import: /opt/airflow/dags/sodai_pipeline.py
Traceback (most recent call last):
  File "/home/airflow/.local/lib/python3.12/site-packages/airflow/models/dagbag.py", line 351, in parse
    loader.exec_module(new_module)
  File "<frozen importlib._bootstrap_external>", line 995, in exec_module
  File "<frozen importlib._bootstrap>", line 488, in _call_with_frames_removed
  File "/opt/airflow/dags/sodai_pipeline.py", line 23, in <module>
    from src.preprocessing import build_weekly_features
  File "/opt/airflow/src/preprocessing.py", line 6, in <module>
    from sklearn.base import BaseEstimator, TransformerMixin
ModuleNotFoundError: No module named 'sklearn'
[2025-11-13T15:29:48.051+0000] {processor.py:842} WARNING - No viable dags retrieved from /opt/airflow/dags/sodai_pipeline.py
[2025-11-13T15:29:48.066+0000] {processor.py:183} INFO - Processing /opt/airflow/dags/sodai_pipeline.py took 0.258 seconds
[2025-11-13T15:30:18.257+0000] {processor.py:161} INFO - Started process (PID=794) to work on /opt/airflow/dags/sodai_pipeline.py
[2025-11-13T15:30:18.260+0000] {processor.py:830} INFO - Processing file /opt/airflow/dags/sodai_pipeline.py for tasks to queue
[2025-11-13T15:30:18.268+0000] {logging_mixin.py:188} INFO - [2025-11-13T15:30:18.264+0000] {dagbag.py:545} INFO - Filling up the DagBag from /opt/airflow/dags/sodai_pipeline.py
[2025-11-13T15:30:18.525+0000] {logging_mixin.py:188} INFO - [2025-11-13T15:30:18.522+0000] {dagbag.py:355} ERROR - Failed to import: /opt/airflow/dags/sodai_pipeline.py
Traceback (most recent call last):
  File "/home/airflow/.local/lib/python3.12/site-packages/airflow/models/dagbag.py", line 351, in parse
    loader.exec_module(new_module)
  File "<frozen importlib._bootstrap_external>", line 995, in exec_module
  File "<frozen importlib._bootstrap>", line 488, in _call_with_frames_removed
  File "/opt/airflow/dags/sodai_pipeline.py", line 23, in <module>
    from src.preprocessing import build_weekly_features
  File "/opt/airflow/src/preprocessing.py", line 6, in <module>
    from sklearn.base import BaseEstimator, TransformerMixin
ModuleNotFoundError: No module named 'sklearn'
[2025-11-13T15:30:18.525+0000] {processor.py:842} WARNING - No viable dags retrieved from /opt/airflow/dags/sodai_pipeline.py
[2025-11-13T15:30:18.555+0000] {processor.py:183} INFO - Processing /opt/airflow/dags/sodai_pipeline.py took 0.310 seconds
[2025-11-13T15:30:48.654+0000] {processor.py:161} INFO - Started process (PID=800) to work on /opt/airflow/dags/sodai_pipeline.py
[2025-11-13T15:30:48.658+0000] {processor.py:830} INFO - Processing file /opt/airflow/dags/sodai_pipeline.py for tasks to queue
[2025-11-13T15:30:48.662+0000] {logging_mixin.py:188} INFO - [2025-11-13T15:30:48.661+0000] {dagbag.py:545} INFO - Filling up the DagBag from /opt/airflow/dags/sodai_pipeline.py
[2025-11-13T15:30:48.900+0000] {logging_mixin.py:188} INFO - [2025-11-13T15:30:48.898+0000] {dagbag.py:355} ERROR - Failed to import: /opt/airflow/dags/sodai_pipeline.py
Traceback (most recent call last):
  File "/home/airflow/.local/lib/python3.12/site-packages/airflow/models/dagbag.py", line 351, in parse
    loader.exec_module(new_module)
  File "<frozen importlib._bootstrap_external>", line 995, in exec_module
  File "<frozen importlib._bootstrap>", line 488, in _call_with_frames_removed
  File "/opt/airflow/dags/sodai_pipeline.py", line 23, in <module>
    from src.preprocessing import build_weekly_features
  File "/opt/airflow/src/preprocessing.py", line 6, in <module>
    from sklearn.base import BaseEstimator, TransformerMixin
ModuleNotFoundError: No module named 'sklearn'
[2025-11-13T15:30:48.901+0000] {processor.py:842} WARNING - No viable dags retrieved from /opt/airflow/dags/sodai_pipeline.py
[2025-11-13T15:30:48.916+0000] {processor.py:183} INFO - Processing /opt/airflow/dags/sodai_pipeline.py took 0.279 seconds
[2025-11-13T15:31:19.213+0000] {processor.py:161} INFO - Started process (PID=806) to work on /opt/airflow/dags/sodai_pipeline.py
[2025-11-13T15:31:19.217+0000] {processor.py:830} INFO - Processing file /opt/airflow/dags/sodai_pipeline.py for tasks to queue
[2025-11-13T15:31:19.224+0000] {logging_mixin.py:188} INFO - [2025-11-13T15:31:19.222+0000] {dagbag.py:545} INFO - Filling up the DagBag from /opt/airflow/dags/sodai_pipeline.py
[2025-11-13T15:31:19.461+0000] {logging_mixin.py:188} INFO - [2025-11-13T15:31:19.459+0000] {dagbag.py:355} ERROR - Failed to import: /opt/airflow/dags/sodai_pipeline.py
Traceback (most recent call last):
  File "/home/airflow/.local/lib/python3.12/site-packages/airflow/models/dagbag.py", line 351, in parse
    loader.exec_module(new_module)
  File "<frozen importlib._bootstrap_external>", line 995, in exec_module
  File "<frozen importlib._bootstrap>", line 488, in _call_with_frames_removed
  File "/opt/airflow/dags/sodai_pipeline.py", line 23, in <module>
    from src.preprocessing import build_weekly_features
  File "/opt/airflow/src/preprocessing.py", line 6, in <module>
    from sklearn.base import BaseEstimator, TransformerMixin
ModuleNotFoundError: No module named 'sklearn'
[2025-11-13T15:31:19.462+0000] {processor.py:842} WARNING - No viable dags retrieved from /opt/airflow/dags/sodai_pipeline.py
[2025-11-13T15:31:19.483+0000] {processor.py:183} INFO - Processing /opt/airflow/dags/sodai_pipeline.py took 0.280 seconds
[2025-11-13T15:31:49.579+0000] {processor.py:161} INFO - Started process (PID=812) to work on /opt/airflow/dags/sodai_pipeline.py
[2025-11-13T15:31:49.582+0000] {processor.py:830} INFO - Processing file /opt/airflow/dags/sodai_pipeline.py for tasks to queue
[2025-11-13T15:31:49.587+0000] {logging_mixin.py:188} INFO - [2025-11-13T15:31:49.586+0000] {dagbag.py:545} INFO - Filling up the DagBag from /opt/airflow/dags/sodai_pipeline.py
[2025-11-13T15:31:49.811+0000] {logging_mixin.py:188} INFO - [2025-11-13T15:31:49.810+0000] {dagbag.py:355} ERROR - Failed to import: /opt/airflow/dags/sodai_pipeline.py
Traceback (most recent call last):
  File "/home/airflow/.local/lib/python3.12/site-packages/airflow/models/dagbag.py", line 351, in parse
    loader.exec_module(new_module)
  File "<frozen importlib._bootstrap_external>", line 995, in exec_module
  File "<frozen importlib._bootstrap>", line 488, in _call_with_frames_removed
  File "/opt/airflow/dags/sodai_pipeline.py", line 23, in <module>
    from src.preprocessing import build_weekly_features
  File "/opt/airflow/src/preprocessing.py", line 6, in <module>
    from sklearn.base import BaseEstimator, TransformerMixin
ModuleNotFoundError: No module named 'sklearn'
[2025-11-13T15:31:49.812+0000] {processor.py:842} WARNING - No viable dags retrieved from /opt/airflow/dags/sodai_pipeline.py
[2025-11-13T15:31:49.827+0000] {processor.py:183} INFO - Processing /opt/airflow/dags/sodai_pipeline.py took 0.255 seconds
[2025-11-13T15:32:20.074+0000] {processor.py:161} INFO - Started process (PID=818) to work on /opt/airflow/dags/sodai_pipeline.py
[2025-11-13T15:32:20.076+0000] {processor.py:830} INFO - Processing file /opt/airflow/dags/sodai_pipeline.py for tasks to queue
[2025-11-13T15:32:20.082+0000] {logging_mixin.py:188} INFO - [2025-11-13T15:32:20.081+0000] {dagbag.py:545} INFO - Filling up the DagBag from /opt/airflow/dags/sodai_pipeline.py
[2025-11-13T15:32:20.305+0000] {logging_mixin.py:188} INFO - [2025-11-13T15:32:20.302+0000] {dagbag.py:355} ERROR - Failed to import: /opt/airflow/dags/sodai_pipeline.py
Traceback (most recent call last):
  File "/home/airflow/.local/lib/python3.12/site-packages/airflow/models/dagbag.py", line 351, in parse
    loader.exec_module(new_module)
  File "<frozen importlib._bootstrap_external>", line 995, in exec_module
  File "<frozen importlib._bootstrap>", line 488, in _call_with_frames_removed
  File "/opt/airflow/dags/sodai_pipeline.py", line 23, in <module>
    from src.preprocessing import build_weekly_features
  File "/opt/airflow/src/preprocessing.py", line 6, in <module>
    from sklearn.base import BaseEstimator, TransformerMixin
ModuleNotFoundError: No module named 'sklearn'
[2025-11-13T15:32:20.305+0000] {processor.py:842} WARNING - No viable dags retrieved from /opt/airflow/dags/sodai_pipeline.py
[2025-11-13T15:32:20.317+0000] {processor.py:183} INFO - Processing /opt/airflow/dags/sodai_pipeline.py took 0.250 seconds
[2025-11-13T15:32:50.590+0000] {processor.py:161} INFO - Started process (PID=824) to work on /opt/airflow/dags/sodai_pipeline.py
[2025-11-13T15:32:50.593+0000] {processor.py:830} INFO - Processing file /opt/airflow/dags/sodai_pipeline.py for tasks to queue
[2025-11-13T15:32:50.600+0000] {logging_mixin.py:188} INFO - [2025-11-13T15:32:50.597+0000] {dagbag.py:545} INFO - Filling up the DagBag from /opt/airflow/dags/sodai_pipeline.py
[2025-11-13T15:32:50.835+0000] {logging_mixin.py:188} INFO - [2025-11-13T15:32:50.833+0000] {dagbag.py:355} ERROR - Failed to import: /opt/airflow/dags/sodai_pipeline.py
Traceback (most recent call last):
  File "/home/airflow/.local/lib/python3.12/site-packages/airflow/models/dagbag.py", line 351, in parse
    loader.exec_module(new_module)
  File "<frozen importlib._bootstrap_external>", line 995, in exec_module
  File "<frozen importlib._bootstrap>", line 488, in _call_with_frames_removed
  File "/opt/airflow/dags/sodai_pipeline.py", line 23, in <module>
    from src.preprocessing import build_weekly_features
  File "/opt/airflow/src/preprocessing.py", line 6, in <module>
    from sklearn.base import BaseEstimator, TransformerMixin
ModuleNotFoundError: No module named 'sklearn'
[2025-11-13T15:32:50.836+0000] {processor.py:842} WARNING - No viable dags retrieved from /opt/airflow/dags/sodai_pipeline.py
[2025-11-13T15:32:50.861+0000] {processor.py:183} INFO - Processing /opt/airflow/dags/sodai_pipeline.py took 0.294 seconds
[2025-11-13T15:33:21.012+0000] {processor.py:161} INFO - Started process (PID=830) to work on /opt/airflow/dags/sodai_pipeline.py
[2025-11-13T15:33:21.016+0000] {processor.py:830} INFO - Processing file /opt/airflow/dags/sodai_pipeline.py for tasks to queue
[2025-11-13T15:33:21.019+0000] {logging_mixin.py:188} INFO - [2025-11-13T15:33:21.018+0000] {dagbag.py:545} INFO - Filling up the DagBag from /opt/airflow/dags/sodai_pipeline.py
[2025-11-13T15:33:21.231+0000] {logging_mixin.py:188} INFO - [2025-11-13T15:33:21.228+0000] {dagbag.py:355} ERROR - Failed to import: /opt/airflow/dags/sodai_pipeline.py
Traceback (most recent call last):
  File "/home/airflow/.local/lib/python3.12/site-packages/airflow/models/dagbag.py", line 351, in parse
    loader.exec_module(new_module)
  File "<frozen importlib._bootstrap_external>", line 995, in exec_module
  File "<frozen importlib._bootstrap>", line 488, in _call_with_frames_removed
  File "/opt/airflow/dags/sodai_pipeline.py", line 23, in <module>
    from src.preprocessing import build_weekly_features
  File "/opt/airflow/src/preprocessing.py", line 6, in <module>
    from sklearn.base import BaseEstimator, TransformerMixin
ModuleNotFoundError: No module named 'sklearn'
[2025-11-13T15:33:21.231+0000] {processor.py:842} WARNING - No viable dags retrieved from /opt/airflow/dags/sodai_pipeline.py
[2025-11-13T15:33:21.254+0000] {processor.py:183} INFO - Processing /opt/airflow/dags/sodai_pipeline.py took 0.255 seconds
[2025-11-13T15:33:51.545+0000] {processor.py:161} INFO - Started process (PID=836) to work on /opt/airflow/dags/sodai_pipeline.py
[2025-11-13T15:33:51.547+0000] {processor.py:830} INFO - Processing file /opt/airflow/dags/sodai_pipeline.py for tasks to queue
[2025-11-13T15:33:51.550+0000] {logging_mixin.py:188} INFO - [2025-11-13T15:33:51.549+0000] {dagbag.py:545} INFO - Filling up the DagBag from /opt/airflow/dags/sodai_pipeline.py
[2025-11-13T15:33:51.923+0000] {logging_mixin.py:188} INFO - [2025-11-13T15:33:51.919+0000] {dagbag.py:355} ERROR - Failed to import: /opt/airflow/dags/sodai_pipeline.py
Traceback (most recent call last):
  File "/home/airflow/.local/lib/python3.12/site-packages/airflow/models/dagbag.py", line 351, in parse
    loader.exec_module(new_module)
  File "<frozen importlib._bootstrap_external>", line 995, in exec_module
  File "<frozen importlib._bootstrap>", line 488, in _call_with_frames_removed
  File "/opt/airflow/dags/sodai_pipeline.py", line 23, in <module>
    from src.preprocessing import build_weekly_features
  File "/opt/airflow/src/preprocessing.py", line 6, in <module>
    from sklearn.base import BaseEstimator, TransformerMixin
ModuleNotFoundError: No module named 'sklearn'
[2025-11-13T15:33:51.924+0000] {processor.py:842} WARNING - No viable dags retrieved from /opt/airflow/dags/sodai_pipeline.py
[2025-11-13T15:33:51.964+0000] {processor.py:183} INFO - Processing /opt/airflow/dags/sodai_pipeline.py took 0.427 seconds
[2025-11-13T15:34:22.323+0000] {processor.py:161} INFO - Started process (PID=842) to work on /opt/airflow/dags/sodai_pipeline.py
[2025-11-13T15:34:22.325+0000] {processor.py:830} INFO - Processing file /opt/airflow/dags/sodai_pipeline.py for tasks to queue
[2025-11-13T15:34:22.329+0000] {logging_mixin.py:188} INFO - [2025-11-13T15:34:22.328+0000] {dagbag.py:545} INFO - Filling up the DagBag from /opt/airflow/dags/sodai_pipeline.py
[2025-11-13T15:34:22.563+0000] {logging_mixin.py:188} INFO - [2025-11-13T15:34:22.561+0000] {dagbag.py:355} ERROR - Failed to import: /opt/airflow/dags/sodai_pipeline.py
Traceback (most recent call last):
  File "/home/airflow/.local/lib/python3.12/site-packages/airflow/models/dagbag.py", line 351, in parse
    loader.exec_module(new_module)
  File "<frozen importlib._bootstrap_external>", line 995, in exec_module
  File "<frozen importlib._bootstrap>", line 488, in _call_with_frames_removed
  File "/opt/airflow/dags/sodai_pipeline.py", line 23, in <module>
    from src.preprocessing import build_weekly_features
  File "/opt/airflow/src/preprocessing.py", line 6, in <module>
    from sklearn.base import BaseEstimator, TransformerMixin
ModuleNotFoundError: No module named 'sklearn'
[2025-11-13T15:34:22.563+0000] {processor.py:842} WARNING - No viable dags retrieved from /opt/airflow/dags/sodai_pipeline.py
[2025-11-13T15:34:22.583+0000] {processor.py:183} INFO - Processing /opt/airflow/dags/sodai_pipeline.py took 0.275 seconds
[2025-11-13T15:34:52.790+0000] {processor.py:161} INFO - Started process (PID=848) to work on /opt/airflow/dags/sodai_pipeline.py
[2025-11-13T15:34:52.796+0000] {processor.py:830} INFO - Processing file /opt/airflow/dags/sodai_pipeline.py for tasks to queue
[2025-11-13T15:34:52.802+0000] {logging_mixin.py:188} INFO - [2025-11-13T15:34:52.801+0000] {dagbag.py:545} INFO - Filling up the DagBag from /opt/airflow/dags/sodai_pipeline.py
[2025-11-13T15:34:53.326+0000] {logging_mixin.py:188} INFO - [2025-11-13T15:34:53.322+0000] {dagbag.py:355} ERROR - Failed to import: /opt/airflow/dags/sodai_pipeline.py
Traceback (most recent call last):
  File "/home/airflow/.local/lib/python3.12/site-packages/airflow/models/dagbag.py", line 351, in parse
    loader.exec_module(new_module)
  File "<frozen importlib._bootstrap_external>", line 995, in exec_module
  File "<frozen importlib._bootstrap>", line 488, in _call_with_frames_removed
  File "/opt/airflow/dags/sodai_pipeline.py", line 23, in <module>
    from src.preprocessing import build_weekly_features
  File "/opt/airflow/src/preprocessing.py", line 6, in <module>
    from sklearn.base import BaseEstimator, TransformerMixin
ModuleNotFoundError: No module named 'sklearn'
[2025-11-13T15:34:53.326+0000] {processor.py:842} WARNING - No viable dags retrieved from /opt/airflow/dags/sodai_pipeline.py
[2025-11-13T15:34:53.372+0000] {processor.py:183} INFO - Processing /opt/airflow/dags/sodai_pipeline.py took 0.598 seconds
[2025-11-13T15:35:23.688+0000] {processor.py:161} INFO - Started process (PID=908) to work on /opt/airflow/dags/sodai_pipeline.py
[2025-11-13T15:35:23.695+0000] {processor.py:830} INFO - Processing file /opt/airflow/dags/sodai_pipeline.py for tasks to queue
[2025-11-13T15:35:23.708+0000] {logging_mixin.py:188} INFO - [2025-11-13T15:35:23.708+0000] {dagbag.py:545} INFO - Filling up the DagBag from /opt/airflow/dags/sodai_pipeline.py
[2025-11-13T15:35:25.205+0000] {processor.py:840} INFO - DAG(s) 'sodai_pipeline_dag' retrieved from /opt/airflow/dags/sodai_pipeline.py
[2025-11-13T15:35:25.480+0000] {logging_mixin.py:188} INFO - [2025-11-13T15:35:25.479+0000] {override.py:1829} INFO - Created Permission View: can read on DAG:sodai_pipeline_dag
[2025-11-13T15:35:25.484+0000] {logging_mixin.py:188} INFO - [2025-11-13T15:35:25.484+0000] {override.py:1829} INFO - Created Permission View: can edit on DAG:sodai_pipeline_dag
[2025-11-13T15:35:25.486+0000] {logging_mixin.py:188} INFO - [2025-11-13T15:35:25.486+0000] {override.py:1829} INFO - Created Permission View: can delete on DAG:sodai_pipeline_dag
[2025-11-13T15:35:25.487+0000] {logging_mixin.py:188} INFO - [2025-11-13T15:35:25.487+0000] {dag.py:3096} INFO - Sync 1 DAGs
[2025-11-13T15:35:25.494+0000] {logging_mixin.py:188} INFO - [2025-11-13T15:35:25.494+0000] {dag.py:3118} INFO - Creating ORM DAG for sodai_pipeline_dag
[2025-11-13T15:35:25.502+0000] {logging_mixin.py:188} INFO - [2025-11-13T15:35:25.502+0000] {dag.py:3954} INFO - Setting next_dagrun for sodai_pipeline_dag to 2025-11-02 00:00:00+00:00, run_after=2025-11-09 00:00:00+00:00
[2025-11-13T15:35:25.513+0000] {processor.py:183} INFO - Processing /opt/airflow/dags/sodai_pipeline.py took 1.849 seconds
[2025-11-13T15:35:55.927+0000] {processor.py:161} INFO - Started process (PID=921) to work on /opt/airflow/dags/sodai_pipeline.py
[2025-11-13T15:35:55.929+0000] {processor.py:830} INFO - Processing file /opt/airflow/dags/sodai_pipeline.py for tasks to queue
[2025-11-13T15:35:55.931+0000] {logging_mixin.py:188} INFO - [2025-11-13T15:35:55.931+0000] {dagbag.py:545} INFO - Filling up the DagBag from /opt/airflow/dags/sodai_pipeline.py
[2025-11-13T15:35:56.708+0000] {processor.py:840} INFO - DAG(s) 'sodai_pipeline_dag' retrieved from /opt/airflow/dags/sodai_pipeline.py
[2025-11-13T15:35:56.731+0000] {logging_mixin.py:188} INFO - [2025-11-13T15:35:56.731+0000] {dag.py:3096} INFO - Sync 1 DAGs
[2025-11-13T15:35:56.740+0000] {logging_mixin.py:188} INFO - [2025-11-13T15:35:56.739+0000] {dag.py:3954} INFO - Setting next_dagrun for sodai_pipeline_dag to 2025-11-02 00:00:00+00:00, run_after=2025-11-09 00:00:00+00:00
[2025-11-13T15:35:56.746+0000] {processor.py:183} INFO - Processing /opt/airflow/dags/sodai_pipeline.py took 0.839 seconds
[2025-11-13T15:36:24.637+0000] {processor.py:161} INFO - Started process (PID=163) to work on /opt/airflow/dags/sodai_pipeline.py
[2025-11-13T15:36:24.639+0000] {processor.py:830} INFO - Processing file /opt/airflow/dags/sodai_pipeline.py for tasks to queue
[2025-11-13T15:36:24.641+0000] {logging_mixin.py:188} INFO - [2025-11-13T15:36:24.641+0000] {dagbag.py:545} INFO - Filling up the DagBag from /opt/airflow/dags/sodai_pipeline.py
[2025-11-13T15:36:25.599+0000] {logging_mixin.py:188} INFO - [2025-11-13T15:36:25.592+0000] {dagbag.py:355} ERROR - Failed to import: /opt/airflow/dags/sodai_pipeline.py
Traceback (most recent call last):
  File "/home/airflow/.local/lib/python3.12/site-packages/airflow/models/dagbag.py", line 351, in parse
    loader.exec_module(new_module)
  File "<frozen importlib._bootstrap_external>", line 995, in exec_module
  File "<frozen importlib._bootstrap>", line 488, in _call_with_frames_removed
  File "/opt/airflow/dags/sodai_pipeline.py", line 23, in <module>
    from src.preprocessing import build_weekly_features
  File "/opt/airflow/src/preprocessing.py", line 6, in <module>
    from sklearn.base import BaseEstimator, TransformerMixin
ModuleNotFoundError: No module named 'sklearn'
[2025-11-13T15:36:25.601+0000] {processor.py:842} WARNING - No viable dags retrieved from /opt/airflow/dags/sodai_pipeline.py
[2025-11-13T15:36:25.623+0000] {processor.py:183} INFO - Processing /opt/airflow/dags/sodai_pipeline.py took 0.994 seconds
[2025-11-13T15:36:55.969+0000] {processor.py:161} INFO - Started process (PID=170) to work on /opt/airflow/dags/sodai_pipeline.py
[2025-11-13T15:36:55.971+0000] {processor.py:830} INFO - Processing file /opt/airflow/dags/sodai_pipeline.py for tasks to queue
[2025-11-13T15:36:55.974+0000] {logging_mixin.py:188} INFO - [2025-11-13T15:36:55.973+0000] {dagbag.py:545} INFO - Filling up the DagBag from /opt/airflow/dags/sodai_pipeline.py
[2025-11-13T15:36:56.225+0000] {logging_mixin.py:188} INFO - [2025-11-13T15:36:56.223+0000] {dagbag.py:355} ERROR - Failed to import: /opt/airflow/dags/sodai_pipeline.py
Traceback (most recent call last):
  File "/home/airflow/.local/lib/python3.12/site-packages/airflow/models/dagbag.py", line 351, in parse
    loader.exec_module(new_module)
  File "<frozen importlib._bootstrap_external>", line 995, in exec_module
  File "<frozen importlib._bootstrap>", line 488, in _call_with_frames_removed
  File "/opt/airflow/dags/sodai_pipeline.py", line 23, in <module>
    from src.preprocessing import build_weekly_features
  File "/opt/airflow/src/preprocessing.py", line 6, in <module>
    from sklearn.base import BaseEstimator, TransformerMixin
ModuleNotFoundError: No module named 'sklearn'
[2025-11-13T15:36:56.225+0000] {processor.py:842} WARNING - No viable dags retrieved from /opt/airflow/dags/sodai_pipeline.py
[2025-11-13T15:36:56.239+0000] {processor.py:183} INFO - Processing /opt/airflow/dags/sodai_pipeline.py took 0.278 seconds
[2025-11-13T15:37:26.353+0000] {processor.py:161} INFO - Started process (PID=176) to work on /opt/airflow/dags/sodai_pipeline.py
[2025-11-13T15:37:26.356+0000] {processor.py:830} INFO - Processing file /opt/airflow/dags/sodai_pipeline.py for tasks to queue
[2025-11-13T15:37:26.357+0000] {logging_mixin.py:188} INFO - [2025-11-13T15:37:26.357+0000] {dagbag.py:545} INFO - Filling up the DagBag from /opt/airflow/dags/sodai_pipeline.py
[2025-11-13T15:37:26.578+0000] {logging_mixin.py:188} INFO - [2025-11-13T15:37:26.575+0000] {dagbag.py:355} ERROR - Failed to import: /opt/airflow/dags/sodai_pipeline.py
Traceback (most recent call last):
  File "/home/airflow/.local/lib/python3.12/site-packages/airflow/models/dagbag.py", line 351, in parse
    loader.exec_module(new_module)
  File "<frozen importlib._bootstrap_external>", line 995, in exec_module
  File "<frozen importlib._bootstrap>", line 488, in _call_with_frames_removed
  File "/opt/airflow/dags/sodai_pipeline.py", line 23, in <module>
    from src.preprocessing import build_weekly_features
  File "/opt/airflow/src/preprocessing.py", line 6, in <module>
    from sklearn.base import BaseEstimator, TransformerMixin
ModuleNotFoundError: No module named 'sklearn'
[2025-11-13T15:37:26.578+0000] {processor.py:842} WARNING - No viable dags retrieved from /opt/airflow/dags/sodai_pipeline.py
[2025-11-13T15:37:26.596+0000] {processor.py:183} INFO - Processing /opt/airflow/dags/sodai_pipeline.py took 0.254 seconds
[2025-11-13T15:37:56.913+0000] {processor.py:161} INFO - Started process (PID=182) to work on /opt/airflow/dags/sodai_pipeline.py
[2025-11-13T15:37:56.918+0000] {processor.py:830} INFO - Processing file /opt/airflow/dags/sodai_pipeline.py for tasks to queue
[2025-11-13T15:37:56.919+0000] {logging_mixin.py:188} INFO - [2025-11-13T15:37:56.918+0000] {dagbag.py:545} INFO - Filling up the DagBag from /opt/airflow/dags/sodai_pipeline.py
[2025-11-13T15:37:57.232+0000] {logging_mixin.py:188} INFO - [2025-11-13T15:37:57.228+0000] {dagbag.py:355} ERROR - Failed to import: /opt/airflow/dags/sodai_pipeline.py
Traceback (most recent call last):
  File "/home/airflow/.local/lib/python3.12/site-packages/airflow/models/dagbag.py", line 351, in parse
    loader.exec_module(new_module)
  File "<frozen importlib._bootstrap_external>", line 995, in exec_module
  File "<frozen importlib._bootstrap>", line 488, in _call_with_frames_removed
  File "/opt/airflow/dags/sodai_pipeline.py", line 23, in <module>
    from src.preprocessing import build_weekly_features
  File "/opt/airflow/src/preprocessing.py", line 6, in <module>
    from sklearn.base import BaseEstimator, TransformerMixin
ModuleNotFoundError: No module named 'sklearn'
[2025-11-13T15:37:57.232+0000] {processor.py:842} WARNING - No viable dags retrieved from /opt/airflow/dags/sodai_pipeline.py
[2025-11-13T15:37:57.261+0000] {processor.py:183} INFO - Processing /opt/airflow/dags/sodai_pipeline.py took 0.358 seconds
[2025-11-13T15:38:27.646+0000] {processor.py:161} INFO - Started process (PID=188) to work on /opt/airflow/dags/sodai_pipeline.py
[2025-11-13T15:38:27.652+0000] {processor.py:830} INFO - Processing file /opt/airflow/dags/sodai_pipeline.py for tasks to queue
[2025-11-13T15:38:27.656+0000] {logging_mixin.py:188} INFO - [2025-11-13T15:38:27.655+0000] {dagbag.py:545} INFO - Filling up the DagBag from /opt/airflow/dags/sodai_pipeline.py
[2025-11-13T15:38:27.884+0000] {logging_mixin.py:188} INFO - [2025-11-13T15:38:27.882+0000] {dagbag.py:355} ERROR - Failed to import: /opt/airflow/dags/sodai_pipeline.py
Traceback (most recent call last):
  File "/home/airflow/.local/lib/python3.12/site-packages/airflow/models/dagbag.py", line 351, in parse
    loader.exec_module(new_module)
  File "<frozen importlib._bootstrap_external>", line 995, in exec_module
  File "<frozen importlib._bootstrap>", line 488, in _call_with_frames_removed
  File "/opt/airflow/dags/sodai_pipeline.py", line 23, in <module>
    from src.preprocessing import build_weekly_features
  File "/opt/airflow/src/preprocessing.py", line 6, in <module>
    from sklearn.base import BaseEstimator, TransformerMixin
ModuleNotFoundError: No module named 'sklearn'
[2025-11-13T15:38:27.885+0000] {processor.py:842} WARNING - No viable dags retrieved from /opt/airflow/dags/sodai_pipeline.py
[2025-11-13T15:38:27.899+0000] {processor.py:183} INFO - Processing /opt/airflow/dags/sodai_pipeline.py took 0.264 seconds
[2025-11-13T15:38:58.051+0000] {processor.py:161} INFO - Started process (PID=194) to work on /opt/airflow/dags/sodai_pipeline.py
[2025-11-13T15:38:58.053+0000] {processor.py:830} INFO - Processing file /opt/airflow/dags/sodai_pipeline.py for tasks to queue
[2025-11-13T15:38:58.054+0000] {logging_mixin.py:188} INFO - [2025-11-13T15:38:58.053+0000] {dagbag.py:545} INFO - Filling up the DagBag from /opt/airflow/dags/sodai_pipeline.py
[2025-11-13T15:38:58.378+0000] {logging_mixin.py:188} INFO - [2025-11-13T15:38:58.372+0000] {dagbag.py:355} ERROR - Failed to import: /opt/airflow/dags/sodai_pipeline.py
Traceback (most recent call last):
  File "/home/airflow/.local/lib/python3.12/site-packages/airflow/models/dagbag.py", line 351, in parse
    loader.exec_module(new_module)
  File "<frozen importlib._bootstrap_external>", line 995, in exec_module
  File "<frozen importlib._bootstrap>", line 488, in _call_with_frames_removed
  File "/opt/airflow/dags/sodai_pipeline.py", line 23, in <module>
    from src.preprocessing import build_weekly_features
  File "/opt/airflow/src/preprocessing.py", line 6, in <module>
    from sklearn.base import BaseEstimator, TransformerMixin
ModuleNotFoundError: No module named 'sklearn'
[2025-11-13T15:38:58.378+0000] {processor.py:842} WARNING - No viable dags retrieved from /opt/airflow/dags/sodai_pipeline.py
[2025-11-13T15:38:58.400+0000] {processor.py:183} INFO - Processing /opt/airflow/dags/sodai_pipeline.py took 0.363 seconds
[2025-11-13T15:39:28.565+0000] {processor.py:161} INFO - Started process (PID=200) to work on /opt/airflow/dags/sodai_pipeline.py
[2025-11-13T15:39:28.567+0000] {processor.py:830} INFO - Processing file /opt/airflow/dags/sodai_pipeline.py for tasks to queue
[2025-11-13T15:39:28.569+0000] {logging_mixin.py:188} INFO - [2025-11-13T15:39:28.568+0000] {dagbag.py:545} INFO - Filling up the DagBag from /opt/airflow/dags/sodai_pipeline.py
[2025-11-13T15:39:28.797+0000] {logging_mixin.py:188} INFO - [2025-11-13T15:39:28.793+0000] {dagbag.py:355} ERROR - Failed to import: /opt/airflow/dags/sodai_pipeline.py
Traceback (most recent call last):
  File "/home/airflow/.local/lib/python3.12/site-packages/airflow/models/dagbag.py", line 351, in parse
    loader.exec_module(new_module)
  File "<frozen importlib._bootstrap_external>", line 995, in exec_module
  File "<frozen importlib._bootstrap>", line 488, in _call_with_frames_removed
  File "/opt/airflow/dags/sodai_pipeline.py", line 23, in <module>
    from src.preprocessing import build_weekly_features
  File "/opt/airflow/src/preprocessing.py", line 6, in <module>
    from sklearn.base import BaseEstimator, TransformerMixin
ModuleNotFoundError: No module named 'sklearn'
[2025-11-13T15:39:28.798+0000] {processor.py:842} WARNING - No viable dags retrieved from /opt/airflow/dags/sodai_pipeline.py
[2025-11-13T15:39:28.815+0000] {processor.py:183} INFO - Processing /opt/airflow/dags/sodai_pipeline.py took 0.263 seconds
[2025-11-13T15:39:59.034+0000] {processor.py:161} INFO - Started process (PID=206) to work on /opt/airflow/dags/sodai_pipeline.py
[2025-11-13T15:39:59.036+0000] {processor.py:830} INFO - Processing file /opt/airflow/dags/sodai_pipeline.py for tasks to queue
[2025-11-13T15:39:59.037+0000] {logging_mixin.py:188} INFO - [2025-11-13T15:39:59.037+0000] {dagbag.py:545} INFO - Filling up the DagBag from /opt/airflow/dags/sodai_pipeline.py
[2025-11-13T15:39:59.253+0000] {logging_mixin.py:188} INFO - [2025-11-13T15:39:59.250+0000] {dagbag.py:355} ERROR - Failed to import: /opt/airflow/dags/sodai_pipeline.py
Traceback (most recent call last):
  File "/home/airflow/.local/lib/python3.12/site-packages/airflow/models/dagbag.py", line 351, in parse
    loader.exec_module(new_module)
  File "<frozen importlib._bootstrap_external>", line 995, in exec_module
  File "<frozen importlib._bootstrap>", line 488, in _call_with_frames_removed
  File "/opt/airflow/dags/sodai_pipeline.py", line 23, in <module>
    from src.preprocessing import build_weekly_features
  File "/opt/airflow/src/preprocessing.py", line 6, in <module>
    from sklearn.base import BaseEstimator, TransformerMixin
ModuleNotFoundError: No module named 'sklearn'
[2025-11-13T15:39:59.253+0000] {processor.py:842} WARNING - No viable dags retrieved from /opt/airflow/dags/sodai_pipeline.py
[2025-11-13T15:39:59.267+0000] {processor.py:183} INFO - Processing /opt/airflow/dags/sodai_pipeline.py took 0.247 seconds
[2025-11-13T15:40:29.459+0000] {processor.py:161} INFO - Started process (PID=212) to work on /opt/airflow/dags/sodai_pipeline.py
[2025-11-13T15:40:29.463+0000] {processor.py:830} INFO - Processing file /opt/airflow/dags/sodai_pipeline.py for tasks to queue
[2025-11-13T15:40:29.464+0000] {logging_mixin.py:188} INFO - [2025-11-13T15:40:29.463+0000] {dagbag.py:545} INFO - Filling up the DagBag from /opt/airflow/dags/sodai_pipeline.py
[2025-11-13T15:40:29.713+0000] {logging_mixin.py:188} INFO - [2025-11-13T15:40:29.710+0000] {dagbag.py:355} ERROR - Failed to import: /opt/airflow/dags/sodai_pipeline.py
Traceback (most recent call last):
  File "/home/airflow/.local/lib/python3.12/site-packages/airflow/models/dagbag.py", line 351, in parse
    loader.exec_module(new_module)
  File "<frozen importlib._bootstrap_external>", line 995, in exec_module
  File "<frozen importlib._bootstrap>", line 488, in _call_with_frames_removed
  File "/opt/airflow/dags/sodai_pipeline.py", line 23, in <module>
    from src.preprocessing import build_weekly_features
  File "/opt/airflow/src/preprocessing.py", line 6, in <module>
    from sklearn.base import BaseEstimator, TransformerMixin
ModuleNotFoundError: No module named 'sklearn'
[2025-11-13T15:40:29.714+0000] {processor.py:842} WARNING - No viable dags retrieved from /opt/airflow/dags/sodai_pipeline.py
[2025-11-13T15:40:29.727+0000] {processor.py:183} INFO - Processing /opt/airflow/dags/sodai_pipeline.py took 0.277 seconds
[2025-11-13T15:40:59.886+0000] {processor.py:161} INFO - Started process (PID=218) to work on /opt/airflow/dags/sodai_pipeline.py
[2025-11-13T15:40:59.888+0000] {processor.py:830} INFO - Processing file /opt/airflow/dags/sodai_pipeline.py for tasks to queue
[2025-11-13T15:40:59.889+0000] {logging_mixin.py:188} INFO - [2025-11-13T15:40:59.888+0000] {dagbag.py:545} INFO - Filling up the DagBag from /opt/airflow/dags/sodai_pipeline.py
[2025-11-13T15:41:00.116+0000] {logging_mixin.py:188} INFO - [2025-11-13T15:41:00.109+0000] {dagbag.py:355} ERROR - Failed to import: /opt/airflow/dags/sodai_pipeline.py
Traceback (most recent call last):
  File "/home/airflow/.local/lib/python3.12/site-packages/airflow/models/dagbag.py", line 351, in parse
    loader.exec_module(new_module)
  File "<frozen importlib._bootstrap_external>", line 995, in exec_module
  File "<frozen importlib._bootstrap>", line 488, in _call_with_frames_removed
  File "/opt/airflow/dags/sodai_pipeline.py", line 23, in <module>
    from src.preprocessing import build_weekly_features
  File "/opt/airflow/src/preprocessing.py", line 6, in <module>
    from sklearn.base import BaseEstimator, TransformerMixin
ModuleNotFoundError: No module named 'sklearn'
[2025-11-13T15:41:00.116+0000] {processor.py:842} WARNING - No viable dags retrieved from /opt/airflow/dags/sodai_pipeline.py
[2025-11-13T15:41:00.131+0000] {processor.py:183} INFO - Processing /opt/airflow/dags/sodai_pipeline.py took 0.256 seconds
[2025-11-13T15:41:30.329+0000] {processor.py:161} INFO - Started process (PID=224) to work on /opt/airflow/dags/sodai_pipeline.py
[2025-11-13T15:41:30.334+0000] {processor.py:830} INFO - Processing file /opt/airflow/dags/sodai_pipeline.py for tasks to queue
[2025-11-13T15:41:30.338+0000] {logging_mixin.py:188} INFO - [2025-11-13T15:41:30.337+0000] {dagbag.py:545} INFO - Filling up the DagBag from /opt/airflow/dags/sodai_pipeline.py
[2025-11-13T15:41:30.572+0000] {logging_mixin.py:188} INFO - [2025-11-13T15:41:30.570+0000] {dagbag.py:355} ERROR - Failed to import: /opt/airflow/dags/sodai_pipeline.py
Traceback (most recent call last):
  File "/home/airflow/.local/lib/python3.12/site-packages/airflow/models/dagbag.py", line 351, in parse
    loader.exec_module(new_module)
  File "<frozen importlib._bootstrap_external>", line 995, in exec_module
  File "<frozen importlib._bootstrap>", line 488, in _call_with_frames_removed
  File "/opt/airflow/dags/sodai_pipeline.py", line 23, in <module>
    from src.preprocessing import build_weekly_features
  File "/opt/airflow/src/preprocessing.py", line 6, in <module>
    from sklearn.base import BaseEstimator, TransformerMixin
ModuleNotFoundError: No module named 'sklearn'
[2025-11-13T15:41:30.573+0000] {processor.py:842} WARNING - No viable dags retrieved from /opt/airflow/dags/sodai_pipeline.py
[2025-11-13T15:41:30.585+0000] {processor.py:183} INFO - Processing /opt/airflow/dags/sodai_pipeline.py took 0.269 seconds
[2025-11-13T15:42:00.915+0000] {processor.py:161} INFO - Started process (PID=230) to work on /opt/airflow/dags/sodai_pipeline.py
[2025-11-13T15:42:00.917+0000] {processor.py:830} INFO - Processing file /opt/airflow/dags/sodai_pipeline.py for tasks to queue
[2025-11-13T15:42:00.919+0000] {logging_mixin.py:188} INFO - [2025-11-13T15:42:00.918+0000] {dagbag.py:545} INFO - Filling up the DagBag from /opt/airflow/dags/sodai_pipeline.py
[2025-11-13T15:42:01.162+0000] {logging_mixin.py:188} INFO - [2025-11-13T15:42:01.157+0000] {dagbag.py:355} ERROR - Failed to import: /opt/airflow/dags/sodai_pipeline.py
Traceback (most recent call last):
  File "/home/airflow/.local/lib/python3.12/site-packages/airflow/models/dagbag.py", line 351, in parse
    loader.exec_module(new_module)
  File "<frozen importlib._bootstrap_external>", line 995, in exec_module
  File "<frozen importlib._bootstrap>", line 488, in _call_with_frames_removed
  File "/opt/airflow/dags/sodai_pipeline.py", line 23, in <module>
    from src.preprocessing import build_weekly_features
  File "/opt/airflow/src/preprocessing.py", line 6, in <module>
    from sklearn.base import BaseEstimator, TransformerMixin
ModuleNotFoundError: No module named 'sklearn'
[2025-11-13T15:42:01.163+0000] {processor.py:842} WARNING - No viable dags retrieved from /opt/airflow/dags/sodai_pipeline.py
[2025-11-13T15:42:01.181+0000] {processor.py:183} INFO - Processing /opt/airflow/dags/sodai_pipeline.py took 0.279 seconds
[2025-11-13T15:42:31.497+0000] {processor.py:161} INFO - Started process (PID=236) to work on /opt/airflow/dags/sodai_pipeline.py
[2025-11-13T15:42:31.499+0000] {processor.py:830} INFO - Processing file /opt/airflow/dags/sodai_pipeline.py for tasks to queue
[2025-11-13T15:42:31.500+0000] {logging_mixin.py:188} INFO - [2025-11-13T15:42:31.499+0000] {dagbag.py:545} INFO - Filling up the DagBag from /opt/airflow/dags/sodai_pipeline.py
[2025-11-13T15:42:31.729+0000] {logging_mixin.py:188} INFO - [2025-11-13T15:42:31.722+0000] {dagbag.py:355} ERROR - Failed to import: /opt/airflow/dags/sodai_pipeline.py
Traceback (most recent call last):
  File "/home/airflow/.local/lib/python3.12/site-packages/airflow/models/dagbag.py", line 351, in parse
    loader.exec_module(new_module)
  File "<frozen importlib._bootstrap_external>", line 995, in exec_module
  File "<frozen importlib._bootstrap>", line 488, in _call_with_frames_removed
  File "/opt/airflow/dags/sodai_pipeline.py", line 23, in <module>
    from src.preprocessing import build_weekly_features
  File "/opt/airflow/src/preprocessing.py", line 6, in <module>
    from sklearn.base import BaseEstimator, TransformerMixin
ModuleNotFoundError: No module named 'sklearn'
[2025-11-13T15:42:31.729+0000] {processor.py:842} WARNING - No viable dags retrieved from /opt/airflow/dags/sodai_pipeline.py
[2025-11-13T15:42:31.754+0000] {processor.py:183} INFO - Processing /opt/airflow/dags/sodai_pipeline.py took 0.266 seconds
[2025-11-13T15:43:02.048+0000] {processor.py:161} INFO - Started process (PID=270) to work on /opt/airflow/dags/sodai_pipeline.py
[2025-11-13T15:43:02.051+0000] {processor.py:830} INFO - Processing file /opt/airflow/dags/sodai_pipeline.py for tasks to queue
[2025-11-13T15:43:02.052+0000] {logging_mixin.py:188} INFO - [2025-11-13T15:43:02.051+0000] {dagbag.py:545} INFO - Filling up the DagBag from /opt/airflow/dags/sodai_pipeline.py
[2025-11-13T15:43:02.906+0000] {processor.py:840} INFO - DAG(s) 'sodai_pipeline_dag' retrieved from /opt/airflow/dags/sodai_pipeline.py
[2025-11-13T15:43:03.053+0000] {logging_mixin.py:188} INFO - [2025-11-13T15:43:03.053+0000] {dag.py:3096} INFO - Sync 1 DAGs
[2025-11-13T15:43:03.063+0000] {logging_mixin.py:188} INFO - [2025-11-13T15:43:03.063+0000] {dag.py:3954} INFO - Setting next_dagrun for sodai_pipeline_dag to 2025-11-02 00:00:00+00:00, run_after=2025-11-09 00:00:00+00:00
[2025-11-13T15:43:03.074+0000] {processor.py:183} INFO - Processing /opt/airflow/dags/sodai_pipeline.py took 1.044 seconds
[2025-11-13T15:43:18.906+0000] {processor.py:161} INFO - Started process (PID=164) to work on /opt/airflow/dags/sodai_pipeline.py
[2025-11-13T15:43:18.908+0000] {processor.py:830} INFO - Processing file /opt/airflow/dags/sodai_pipeline.py for tasks to queue
[2025-11-13T15:43:18.911+0000] {logging_mixin.py:188} INFO - [2025-11-13T15:43:18.911+0000] {dagbag.py:545} INFO - Filling up the DagBag from /opt/airflow/dags/sodai_pipeline.py
[2025-11-13T15:43:19.689+0000] {logging_mixin.py:188} INFO - [2025-11-13T15:43:19.687+0000] {dagbag.py:355} ERROR - Failed to import: /opt/airflow/dags/sodai_pipeline.py
Traceback (most recent call last):
  File "/home/airflow/.local/lib/python3.12/site-packages/airflow/models/dagbag.py", line 351, in parse
    loader.exec_module(new_module)
  File "<frozen importlib._bootstrap_external>", line 995, in exec_module
  File "<frozen importlib._bootstrap>", line 488, in _call_with_frames_removed
  File "/opt/airflow/dags/sodai_pipeline.py", line 23, in <module>
    from src.preprocessing import build_weekly_features
  File "/opt/airflow/src/preprocessing.py", line 6, in <module>
    from sklearn.base import BaseEstimator, TransformerMixin
ModuleNotFoundError: No module named 'sklearn'
[2025-11-13T15:43:19.689+0000] {processor.py:842} WARNING - No viable dags retrieved from /opt/airflow/dags/sodai_pipeline.py
[2025-11-13T15:43:19.714+0000] {processor.py:183} INFO - Processing /opt/airflow/dags/sodai_pipeline.py took 0.812 seconds
[2025-11-13T15:43:50.071+0000] {processor.py:161} INFO - Started process (PID=170) to work on /opt/airflow/dags/sodai_pipeline.py
[2025-11-13T15:43:50.073+0000] {processor.py:830} INFO - Processing file /opt/airflow/dags/sodai_pipeline.py for tasks to queue
[2025-11-13T15:43:50.076+0000] {logging_mixin.py:188} INFO - [2025-11-13T15:43:50.075+0000] {dagbag.py:545} INFO - Filling up the DagBag from /opt/airflow/dags/sodai_pipeline.py
[2025-11-13T15:43:50.301+0000] {logging_mixin.py:188} INFO - [2025-11-13T15:43:50.298+0000] {dagbag.py:355} ERROR - Failed to import: /opt/airflow/dags/sodai_pipeline.py
Traceback (most recent call last):
  File "/home/airflow/.local/lib/python3.12/site-packages/airflow/models/dagbag.py", line 351, in parse
    loader.exec_module(new_module)
  File "<frozen importlib._bootstrap_external>", line 995, in exec_module
  File "<frozen importlib._bootstrap>", line 488, in _call_with_frames_removed
  File "/opt/airflow/dags/sodai_pipeline.py", line 23, in <module>
    from src.preprocessing import build_weekly_features
  File "/opt/airflow/src/preprocessing.py", line 6, in <module>
    from sklearn.base import BaseEstimator, TransformerMixin
ModuleNotFoundError: No module named 'sklearn'
[2025-11-13T15:43:50.301+0000] {processor.py:842} WARNING - No viable dags retrieved from /opt/airflow/dags/sodai_pipeline.py
[2025-11-13T15:43:50.318+0000] {processor.py:183} INFO - Processing /opt/airflow/dags/sodai_pipeline.py took 0.262 seconds
[2025-11-13T15:44:20.430+0000] {processor.py:161} INFO - Started process (PID=176) to work on /opt/airflow/dags/sodai_pipeline.py
[2025-11-13T15:44:20.433+0000] {processor.py:830} INFO - Processing file /opt/airflow/dags/sodai_pipeline.py for tasks to queue
[2025-11-13T15:44:20.435+0000] {logging_mixin.py:188} INFO - [2025-11-13T15:44:20.435+0000] {dagbag.py:545} INFO - Filling up the DagBag from /opt/airflow/dags/sodai_pipeline.py
[2025-11-13T15:44:20.659+0000] {logging_mixin.py:188} INFO - [2025-11-13T15:44:20.657+0000] {dagbag.py:355} ERROR - Failed to import: /opt/airflow/dags/sodai_pipeline.py
Traceback (most recent call last):
  File "/home/airflow/.local/lib/python3.12/site-packages/airflow/models/dagbag.py", line 351, in parse
    loader.exec_module(new_module)
  File "<frozen importlib._bootstrap_external>", line 995, in exec_module
  File "<frozen importlib._bootstrap>", line 488, in _call_with_frames_removed
  File "/opt/airflow/dags/sodai_pipeline.py", line 23, in <module>
    from src.preprocessing import build_weekly_features
  File "/opt/airflow/src/preprocessing.py", line 6, in <module>
    from sklearn.base import BaseEstimator, TransformerMixin
ModuleNotFoundError: No module named 'sklearn'
[2025-11-13T15:44:20.659+0000] {processor.py:842} WARNING - No viable dags retrieved from /opt/airflow/dags/sodai_pipeline.py
[2025-11-13T15:44:20.682+0000] {processor.py:183} INFO - Processing /opt/airflow/dags/sodai_pipeline.py took 0.265 seconds
[2025-11-13T15:44:50.943+0000] {processor.py:161} INFO - Started process (PID=182) to work on /opt/airflow/dags/sodai_pipeline.py
[2025-11-13T15:44:50.947+0000] {processor.py:830} INFO - Processing file /opt/airflow/dags/sodai_pipeline.py for tasks to queue
[2025-11-13T15:44:50.950+0000] {logging_mixin.py:188} INFO - [2025-11-13T15:44:50.949+0000] {dagbag.py:545} INFO - Filling up the DagBag from /opt/airflow/dags/sodai_pipeline.py
[2025-11-13T15:44:51.175+0000] {logging_mixin.py:188} INFO - [2025-11-13T15:44:51.173+0000] {dagbag.py:355} ERROR - Failed to import: /opt/airflow/dags/sodai_pipeline.py
Traceback (most recent call last):
  File "/home/airflow/.local/lib/python3.12/site-packages/airflow/models/dagbag.py", line 351, in parse
    loader.exec_module(new_module)
  File "<frozen importlib._bootstrap_external>", line 995, in exec_module
  File "<frozen importlib._bootstrap>", line 488, in _call_with_frames_removed
  File "/opt/airflow/dags/sodai_pipeline.py", line 23, in <module>
    from src.preprocessing import build_weekly_features
  File "/opt/airflow/src/preprocessing.py", line 6, in <module>
    from sklearn.base import BaseEstimator, TransformerMixin
ModuleNotFoundError: No module named 'sklearn'
[2025-11-13T15:44:51.176+0000] {processor.py:842} WARNING - No viable dags retrieved from /opt/airflow/dags/sodai_pipeline.py
[2025-11-13T15:44:51.198+0000] {processor.py:183} INFO - Processing /opt/airflow/dags/sodai_pipeline.py took 0.271 seconds
[2025-11-13T15:45:21.321+0000] {processor.py:161} INFO - Started process (PID=188) to work on /opt/airflow/dags/sodai_pipeline.py
[2025-11-13T15:45:21.322+0000] {processor.py:830} INFO - Processing file /opt/airflow/dags/sodai_pipeline.py for tasks to queue
[2025-11-13T15:45:21.323+0000] {logging_mixin.py:188} INFO - [2025-11-13T15:45:21.323+0000] {dagbag.py:545} INFO - Filling up the DagBag from /opt/airflow/dags/sodai_pipeline.py
[2025-11-13T15:45:21.553+0000] {logging_mixin.py:188} INFO - [2025-11-13T15:45:21.551+0000] {dagbag.py:355} ERROR - Failed to import: /opt/airflow/dags/sodai_pipeline.py
Traceback (most recent call last):
  File "/home/airflow/.local/lib/python3.12/site-packages/airflow/models/dagbag.py", line 351, in parse
    loader.exec_module(new_module)
  File "<frozen importlib._bootstrap_external>", line 995, in exec_module
  File "<frozen importlib._bootstrap>", line 488, in _call_with_frames_removed
  File "/opt/airflow/dags/sodai_pipeline.py", line 23, in <module>
    from src.preprocessing import build_weekly_features
  File "/opt/airflow/src/preprocessing.py", line 6, in <module>
    from sklearn.base import BaseEstimator, TransformerMixin
ModuleNotFoundError: No module named 'sklearn'
[2025-11-13T15:45:21.553+0000] {processor.py:842} WARNING - No viable dags retrieved from /opt/airflow/dags/sodai_pipeline.py
[2025-11-13T15:45:21.566+0000] {processor.py:183} INFO - Processing /opt/airflow/dags/sodai_pipeline.py took 0.255 seconds
[2025-11-13T15:45:51.897+0000] {processor.py:161} INFO - Started process (PID=194) to work on /opt/airflow/dags/sodai_pipeline.py
[2025-11-13T15:45:51.899+0000] {processor.py:830} INFO - Processing file /opt/airflow/dags/sodai_pipeline.py for tasks to queue
[2025-11-13T15:45:51.901+0000] {logging_mixin.py:188} INFO - [2025-11-13T15:45:51.900+0000] {dagbag.py:545} INFO - Filling up the DagBag from /opt/airflow/dags/sodai_pipeline.py
[2025-11-13T15:45:52.138+0000] {logging_mixin.py:188} INFO - [2025-11-13T15:45:52.136+0000] {dagbag.py:355} ERROR - Failed to import: /opt/airflow/dags/sodai_pipeline.py
Traceback (most recent call last):
  File "/home/airflow/.local/lib/python3.12/site-packages/airflow/models/dagbag.py", line 351, in parse
    loader.exec_module(new_module)
  File "<frozen importlib._bootstrap_external>", line 995, in exec_module
  File "<frozen importlib._bootstrap>", line 488, in _call_with_frames_removed
  File "/opt/airflow/dags/sodai_pipeline.py", line 23, in <module>
    from src.preprocessing import build_weekly_features
  File "/opt/airflow/src/preprocessing.py", line 6, in <module>
    from sklearn.base import BaseEstimator, TransformerMixin
ModuleNotFoundError: No module named 'sklearn'
[2025-11-13T15:45:52.139+0000] {processor.py:842} WARNING - No viable dags retrieved from /opt/airflow/dags/sodai_pipeline.py
[2025-11-13T15:45:52.158+0000] {processor.py:183} INFO - Processing /opt/airflow/dags/sodai_pipeline.py took 0.275 seconds
[2025-11-13T15:46:22.302+0000] {processor.py:161} INFO - Started process (PID=200) to work on /opt/airflow/dags/sodai_pipeline.py
[2025-11-13T15:46:22.306+0000] {processor.py:830} INFO - Processing file /opt/airflow/dags/sodai_pipeline.py for tasks to queue
[2025-11-13T15:46:22.307+0000] {logging_mixin.py:188} INFO - [2025-11-13T15:46:22.306+0000] {dagbag.py:545} INFO - Filling up the DagBag from /opt/airflow/dags/sodai_pipeline.py
[2025-11-13T15:46:22.531+0000] {logging_mixin.py:188} INFO - [2025-11-13T15:46:22.528+0000] {dagbag.py:355} ERROR - Failed to import: /opt/airflow/dags/sodai_pipeline.py
Traceback (most recent call last):
  File "/home/airflow/.local/lib/python3.12/site-packages/airflow/models/dagbag.py", line 351, in parse
    loader.exec_module(new_module)
  File "<frozen importlib._bootstrap_external>", line 995, in exec_module
  File "<frozen importlib._bootstrap>", line 488, in _call_with_frames_removed
  File "/opt/airflow/dags/sodai_pipeline.py", line 23, in <module>
    from src.preprocessing import build_weekly_features
  File "/opt/airflow/src/preprocessing.py", line 6, in <module>
    from sklearn.base import BaseEstimator, TransformerMixin
ModuleNotFoundError: No module named 'sklearn'
[2025-11-13T15:46:22.532+0000] {processor.py:842} WARNING - No viable dags retrieved from /opt/airflow/dags/sodai_pipeline.py
[2025-11-13T15:46:22.547+0000] {processor.py:183} INFO - Processing /opt/airflow/dags/sodai_pipeline.py took 0.255 seconds
[2025-11-13T15:46:44.075+0000] {processor.py:161} INFO - Started process (PID=164) to work on /opt/airflow/dags/sodai_pipeline.py
[2025-11-13T15:46:44.077+0000] {processor.py:830} INFO - Processing file /opt/airflow/dags/sodai_pipeline.py for tasks to queue
[2025-11-13T15:46:44.079+0000] {logging_mixin.py:188} INFO - [2025-11-13T15:46:44.078+0000] {dagbag.py:545} INFO - Filling up the DagBag from /opt/airflow/dags/sodai_pipeline.py
[2025-11-13T15:46:45.325+0000] {logging_mixin.py:188} INFO - [2025-11-13T15:46:45.320+0000] {dagbag.py:355} ERROR - Failed to import: /opt/airflow/dags/sodai_pipeline.py
Traceback (most recent call last):
  File "/home/airflow/.local/lib/python3.12/site-packages/airflow/models/dagbag.py", line 351, in parse
    loader.exec_module(new_module)
  File "<frozen importlib._bootstrap_external>", line 995, in exec_module
  File "<frozen importlib._bootstrap>", line 488, in _call_with_frames_removed
  File "/opt/airflow/dags/sodai_pipeline.py", line 23, in <module>
    from src.preprocessing import build_weekly_features
  File "/opt/airflow/src/preprocessing.py", line 6, in <module>
    from sklearn.base import BaseEstimator, TransformerMixin
ModuleNotFoundError: No module named 'sklearn'
[2025-11-13T15:46:45.325+0000] {processor.py:842} WARNING - No viable dags retrieved from /opt/airflow/dags/sodai_pipeline.py
[2025-11-13T15:46:45.355+0000] {processor.py:183} INFO - Processing /opt/airflow/dags/sodai_pipeline.py took 1.284 seconds
[2025-11-13T15:47:15.761+0000] {processor.py:161} INFO - Started process (PID=170) to work on /opt/airflow/dags/sodai_pipeline.py
[2025-11-13T15:47:15.762+0000] {processor.py:830} INFO - Processing file /opt/airflow/dags/sodai_pipeline.py for tasks to queue
[2025-11-13T15:47:15.765+0000] {logging_mixin.py:188} INFO - [2025-11-13T15:47:15.764+0000] {dagbag.py:545} INFO - Filling up the DagBag from /opt/airflow/dags/sodai_pipeline.py
[2025-11-13T15:47:16.077+0000] {logging_mixin.py:188} INFO - [2025-11-13T15:47:16.075+0000] {dagbag.py:355} ERROR - Failed to import: /opt/airflow/dags/sodai_pipeline.py
Traceback (most recent call last):
  File "/home/airflow/.local/lib/python3.12/site-packages/airflow/models/dagbag.py", line 351, in parse
    loader.exec_module(new_module)
  File "<frozen importlib._bootstrap_external>", line 995, in exec_module
  File "<frozen importlib._bootstrap>", line 488, in _call_with_frames_removed
  File "/opt/airflow/dags/sodai_pipeline.py", line 23, in <module>
    from src.preprocessing import build_weekly_features
  File "/opt/airflow/src/preprocessing.py", line 6, in <module>
    from sklearn.base import BaseEstimator, TransformerMixin
ModuleNotFoundError: No module named 'sklearn'
[2025-11-13T15:47:16.077+0000] {processor.py:842} WARNING - No viable dags retrieved from /opt/airflow/dags/sodai_pipeline.py
[2025-11-13T15:47:16.095+0000] {processor.py:183} INFO - Processing /opt/airflow/dags/sodai_pipeline.py took 0.346 seconds
[2025-11-13T15:47:46.391+0000] {processor.py:161} INFO - Started process (PID=176) to work on /opt/airflow/dags/sodai_pipeline.py
[2025-11-13T15:47:46.393+0000] {processor.py:830} INFO - Processing file /opt/airflow/dags/sodai_pipeline.py for tasks to queue
[2025-11-13T15:47:46.395+0000] {logging_mixin.py:188} INFO - [2025-11-13T15:47:46.395+0000] {dagbag.py:545} INFO - Filling up the DagBag from /opt/airflow/dags/sodai_pipeline.py
[2025-11-13T15:47:46.620+0000] {logging_mixin.py:188} INFO - [2025-11-13T15:47:46.617+0000] {dagbag.py:355} ERROR - Failed to import: /opt/airflow/dags/sodai_pipeline.py
Traceback (most recent call last):
  File "/home/airflow/.local/lib/python3.12/site-packages/airflow/models/dagbag.py", line 351, in parse
    loader.exec_module(new_module)
  File "<frozen importlib._bootstrap_external>", line 995, in exec_module
  File "<frozen importlib._bootstrap>", line 488, in _call_with_frames_removed
  File "/opt/airflow/dags/sodai_pipeline.py", line 23, in <module>
    from src.preprocessing import build_weekly_features
  File "/opt/airflow/src/preprocessing.py", line 6, in <module>
    from sklearn.base import BaseEstimator, TransformerMixin
ModuleNotFoundError: No module named 'sklearn'
[2025-11-13T15:47:46.620+0000] {processor.py:842} WARNING - No viable dags retrieved from /opt/airflow/dags/sodai_pipeline.py
[2025-11-13T15:47:46.638+0000] {processor.py:183} INFO - Processing /opt/airflow/dags/sodai_pipeline.py took 0.256 seconds
[2025-11-13T15:48:16.791+0000] {processor.py:161} INFO - Started process (PID=182) to work on /opt/airflow/dags/sodai_pipeline.py
[2025-11-13T15:48:16.795+0000] {processor.py:830} INFO - Processing file /opt/airflow/dags/sodai_pipeline.py for tasks to queue
[2025-11-13T15:48:16.797+0000] {logging_mixin.py:188} INFO - [2025-11-13T15:48:16.797+0000] {dagbag.py:545} INFO - Filling up the DagBag from /opt/airflow/dags/sodai_pipeline.py
[2025-11-13T15:48:17.022+0000] {logging_mixin.py:188} INFO - [2025-11-13T15:48:17.020+0000] {dagbag.py:355} ERROR - Failed to import: /opt/airflow/dags/sodai_pipeline.py
Traceback (most recent call last):
  File "/home/airflow/.local/lib/python3.12/site-packages/airflow/models/dagbag.py", line 351, in parse
    loader.exec_module(new_module)
  File "<frozen importlib._bootstrap_external>", line 995, in exec_module
  File "<frozen importlib._bootstrap>", line 488, in _call_with_frames_removed
  File "/opt/airflow/dags/sodai_pipeline.py", line 23, in <module>
    from src.preprocessing import build_weekly_features
  File "/opt/airflow/src/preprocessing.py", line 6, in <module>
    from sklearn.base import BaseEstimator, TransformerMixin
ModuleNotFoundError: No module named 'sklearn'
[2025-11-13T15:48:17.022+0000] {processor.py:842} WARNING - No viable dags retrieved from /opt/airflow/dags/sodai_pipeline.py
[2025-11-13T15:48:17.042+0000] {processor.py:183} INFO - Processing /opt/airflow/dags/sodai_pipeline.py took 0.265 seconds
[2025-11-13T15:48:47.260+0000] {processor.py:161} INFO - Started process (PID=188) to work on /opt/airflow/dags/sodai_pipeline.py
[2025-11-13T15:48:47.263+0000] {processor.py:830} INFO - Processing file /opt/airflow/dags/sodai_pipeline.py for tasks to queue
[2025-11-13T15:48:47.267+0000] {logging_mixin.py:188} INFO - [2025-11-13T15:48:47.266+0000] {dagbag.py:545} INFO - Filling up the DagBag from /opt/airflow/dags/sodai_pipeline.py
[2025-11-13T15:48:47.504+0000] {logging_mixin.py:188} INFO - [2025-11-13T15:48:47.501+0000] {dagbag.py:355} ERROR - Failed to import: /opt/airflow/dags/sodai_pipeline.py
Traceback (most recent call last):
  File "/home/airflow/.local/lib/python3.12/site-packages/airflow/models/dagbag.py", line 351, in parse
    loader.exec_module(new_module)
  File "<frozen importlib._bootstrap_external>", line 995, in exec_module
  File "<frozen importlib._bootstrap>", line 488, in _call_with_frames_removed
  File "/opt/airflow/dags/sodai_pipeline.py", line 23, in <module>
    from src.preprocessing import build_weekly_features
  File "/opt/airflow/src/preprocessing.py", line 6, in <module>
    from sklearn.base import BaseEstimator, TransformerMixin
ModuleNotFoundError: No module named 'sklearn'
[2025-11-13T15:48:47.504+0000] {processor.py:842} WARNING - No viable dags retrieved from /opt/airflow/dags/sodai_pipeline.py
[2025-11-13T15:48:47.520+0000] {processor.py:183} INFO - Processing /opt/airflow/dags/sodai_pipeline.py took 0.277 seconds
[2025-11-13T15:49:17.682+0000] {processor.py:161} INFO - Started process (PID=194) to work on /opt/airflow/dags/sodai_pipeline.py
[2025-11-13T15:49:17.685+0000] {processor.py:830} INFO - Processing file /opt/airflow/dags/sodai_pipeline.py for tasks to queue
[2025-11-13T15:49:17.687+0000] {logging_mixin.py:188} INFO - [2025-11-13T15:49:17.687+0000] {dagbag.py:545} INFO - Filling up the DagBag from /opt/airflow/dags/sodai_pipeline.py
[2025-11-13T15:49:17.922+0000] {logging_mixin.py:188} INFO - [2025-11-13T15:49:17.920+0000] {dagbag.py:355} ERROR - Failed to import: /opt/airflow/dags/sodai_pipeline.py
Traceback (most recent call last):
  File "/home/airflow/.local/lib/python3.12/site-packages/airflow/models/dagbag.py", line 351, in parse
    loader.exec_module(new_module)
  File "<frozen importlib._bootstrap_external>", line 995, in exec_module
  File "<frozen importlib._bootstrap>", line 488, in _call_with_frames_removed
  File "/opt/airflow/dags/sodai_pipeline.py", line 23, in <module>
    from src.preprocessing import build_weekly_features
  File "/opt/airflow/src/preprocessing.py", line 6, in <module>
    from sklearn.base import BaseEstimator, TransformerMixin
ModuleNotFoundError: No module named 'sklearn'
[2025-11-13T15:49:17.922+0000] {processor.py:842} WARNING - No viable dags retrieved from /opt/airflow/dags/sodai_pipeline.py
[2025-11-13T15:49:17.939+0000] {processor.py:183} INFO - Processing /opt/airflow/dags/sodai_pipeline.py took 0.272 seconds
[2025-11-13T15:49:48.069+0000] {processor.py:161} INFO - Started process (PID=228) to work on /opt/airflow/dags/sodai_pipeline.py
[2025-11-13T15:49:48.071+0000] {processor.py:830} INFO - Processing file /opt/airflow/dags/sodai_pipeline.py for tasks to queue
[2025-11-13T15:49:48.073+0000] {logging_mixin.py:188} INFO - [2025-11-13T15:49:48.073+0000] {dagbag.py:545} INFO - Filling up the DagBag from /opt/airflow/dags/sodai_pipeline.py
[2025-11-13T15:49:58.976+0000] {processor.py:161} INFO - Started process (PID=164) to work on /opt/airflow/dags/sodai_pipeline.py
[2025-11-13T15:49:58.982+0000] {processor.py:830} INFO - Processing file /opt/airflow/dags/sodai_pipeline.py for tasks to queue
[2025-11-13T15:49:58.986+0000] {logging_mixin.py:188} INFO - [2025-11-13T15:49:58.985+0000] {dagbag.py:545} INFO - Filling up the DagBag from /opt/airflow/dags/sodai_pipeline.py
[2025-11-13T15:49:59.722+0000] {logging_mixin.py:188} INFO - [2025-11-13T15:49:59.720+0000] {dagbag.py:355} ERROR - Failed to import: /opt/airflow/dags/sodai_pipeline.py
Traceback (most recent call last):
  File "/home/airflow/.local/lib/python3.12/site-packages/airflow/models/dagbag.py", line 351, in parse
    loader.exec_module(new_module)
  File "<frozen importlib._bootstrap_external>", line 995, in exec_module
  File "<frozen importlib._bootstrap>", line 488, in _call_with_frames_removed
  File "/opt/airflow/dags/sodai_pipeline.py", line 23, in <module>
    from src.preprocessing import build_weekly_features
  File "/opt/airflow/src/preprocessing.py", line 6, in <module>
    from sklearn.base import BaseEstimator, TransformerMixin
ModuleNotFoundError: No module named 'sklearn'
[2025-11-13T15:49:59.722+0000] {processor.py:842} WARNING - No viable dags retrieved from /opt/airflow/dags/sodai_pipeline.py
[2025-11-13T15:49:59.733+0000] {processor.py:183} INFO - Processing /opt/airflow/dags/sodai_pipeline.py took 0.769 seconds
[2025-11-13T15:50:30.064+0000] {processor.py:161} INFO - Started process (PID=170) to work on /opt/airflow/dags/sodai_pipeline.py
[2025-11-13T15:50:30.066+0000] {processor.py:830} INFO - Processing file /opt/airflow/dags/sodai_pipeline.py for tasks to queue
[2025-11-13T15:50:30.069+0000] {logging_mixin.py:188} INFO - [2025-11-13T15:50:30.068+0000] {dagbag.py:545} INFO - Filling up the DagBag from /opt/airflow/dags/sodai_pipeline.py
[2025-11-13T15:50:30.283+0000] {logging_mixin.py:188} INFO - [2025-11-13T15:50:30.280+0000] {dagbag.py:355} ERROR - Failed to import: /opt/airflow/dags/sodai_pipeline.py
Traceback (most recent call last):
  File "/home/airflow/.local/lib/python3.12/site-packages/airflow/models/dagbag.py", line 351, in parse
    loader.exec_module(new_module)
  File "<frozen importlib._bootstrap_external>", line 995, in exec_module
  File "<frozen importlib._bootstrap>", line 488, in _call_with_frames_removed
  File "/opt/airflow/dags/sodai_pipeline.py", line 23, in <module>
    from src.preprocessing import build_weekly_features
  File "/opt/airflow/src/preprocessing.py", line 6, in <module>
    from sklearn.base import BaseEstimator, TransformerMixin
ModuleNotFoundError: No module named 'sklearn'
[2025-11-13T15:50:30.283+0000] {processor.py:842} WARNING - No viable dags retrieved from /opt/airflow/dags/sodai_pipeline.py
[2025-11-13T15:50:30.298+0000] {processor.py:183} INFO - Processing /opt/airflow/dags/sodai_pipeline.py took 0.244 seconds
[2025-11-13T15:51:00.646+0000] {processor.py:161} INFO - Started process (PID=176) to work on /opt/airflow/dags/sodai_pipeline.py
[2025-11-13T15:51:00.648+0000] {processor.py:830} INFO - Processing file /opt/airflow/dags/sodai_pipeline.py for tasks to queue
[2025-11-13T15:51:00.651+0000] {logging_mixin.py:188} INFO - [2025-11-13T15:51:00.651+0000] {dagbag.py:545} INFO - Filling up the DagBag from /opt/airflow/dags/sodai_pipeline.py
[2025-11-13T15:51:00.863+0000] {logging_mixin.py:188} INFO - [2025-11-13T15:51:00.861+0000] {dagbag.py:355} ERROR - Failed to import: /opt/airflow/dags/sodai_pipeline.py
Traceback (most recent call last):
  File "/home/airflow/.local/lib/python3.12/site-packages/airflow/models/dagbag.py", line 351, in parse
    loader.exec_module(new_module)
  File "<frozen importlib._bootstrap_external>", line 995, in exec_module
  File "<frozen importlib._bootstrap>", line 488, in _call_with_frames_removed
  File "/opt/airflow/dags/sodai_pipeline.py", line 23, in <module>
    from src.preprocessing import build_weekly_features
  File "/opt/airflow/src/preprocessing.py", line 6, in <module>
    from sklearn.base import BaseEstimator, TransformerMixin
ModuleNotFoundError: No module named 'sklearn'
[2025-11-13T15:51:00.863+0000] {processor.py:842} WARNING - No viable dags retrieved from /opt/airflow/dags/sodai_pipeline.py
[2025-11-13T15:51:00.884+0000] {processor.py:183} INFO - Processing /opt/airflow/dags/sodai_pipeline.py took 0.253 seconds
[2025-11-13T15:51:31.001+0000] {processor.py:161} INFO - Started process (PID=182) to work on /opt/airflow/dags/sodai_pipeline.py
[2025-11-13T15:51:31.005+0000] {processor.py:830} INFO - Processing file /opt/airflow/dags/sodai_pipeline.py for tasks to queue
[2025-11-13T15:51:31.009+0000] {logging_mixin.py:188} INFO - [2025-11-13T15:51:31.009+0000] {dagbag.py:545} INFO - Filling up the DagBag from /opt/airflow/dags/sodai_pipeline.py
[2025-11-13T15:51:31.228+0000] {logging_mixin.py:188} INFO - [2025-11-13T15:51:31.226+0000] {dagbag.py:355} ERROR - Failed to import: /opt/airflow/dags/sodai_pipeline.py
Traceback (most recent call last):
  File "/home/airflow/.local/lib/python3.12/site-packages/airflow/models/dagbag.py", line 351, in parse
    loader.exec_module(new_module)
  File "<frozen importlib._bootstrap_external>", line 995, in exec_module
  File "<frozen importlib._bootstrap>", line 488, in _call_with_frames_removed
  File "/opt/airflow/dags/sodai_pipeline.py", line 23, in <module>
    from src.preprocessing import build_weekly_features
  File "/opt/airflow/src/preprocessing.py", line 6, in <module>
    from sklearn.base import BaseEstimator, TransformerMixin
ModuleNotFoundError: No module named 'sklearn'
[2025-11-13T15:51:31.229+0000] {processor.py:842} WARNING - No viable dags retrieved from /opt/airflow/dags/sodai_pipeline.py
[2025-11-13T15:51:31.245+0000] {processor.py:183} INFO - Processing /opt/airflow/dags/sodai_pipeline.py took 0.257 seconds
[2025-11-13T15:52:01.475+0000] {processor.py:161} INFO - Started process (PID=188) to work on /opt/airflow/dags/sodai_pipeline.py
[2025-11-13T15:52:01.477+0000] {processor.py:830} INFO - Processing file /opt/airflow/dags/sodai_pipeline.py for tasks to queue
[2025-11-13T15:52:01.481+0000] {logging_mixin.py:188} INFO - [2025-11-13T15:52:01.480+0000] {dagbag.py:545} INFO - Filling up the DagBag from /opt/airflow/dags/sodai_pipeline.py
[2025-11-13T15:52:01.715+0000] {logging_mixin.py:188} INFO - [2025-11-13T15:52:01.713+0000] {dagbag.py:355} ERROR - Failed to import: /opt/airflow/dags/sodai_pipeline.py
Traceback (most recent call last):
  File "/home/airflow/.local/lib/python3.12/site-packages/airflow/models/dagbag.py", line 351, in parse
    loader.exec_module(new_module)
  File "<frozen importlib._bootstrap_external>", line 995, in exec_module
  File "<frozen importlib._bootstrap>", line 488, in _call_with_frames_removed
  File "/opt/airflow/dags/sodai_pipeline.py", line 23, in <module>
    from src.preprocessing import build_weekly_features
  File "/opt/airflow/src/preprocessing.py", line 6, in <module>
    from sklearn.base import BaseEstimator, TransformerMixin
ModuleNotFoundError: No module named 'sklearn'
[2025-11-13T15:52:01.716+0000] {processor.py:842} WARNING - No viable dags retrieved from /opt/airflow/dags/sodai_pipeline.py
[2025-11-13T15:52:01.730+0000] {processor.py:183} INFO - Processing /opt/airflow/dags/sodai_pipeline.py took 0.267 seconds
[2025-11-13T15:52:31.896+0000] {processor.py:161} INFO - Started process (PID=194) to work on /opt/airflow/dags/sodai_pipeline.py
[2025-11-13T15:52:31.898+0000] {processor.py:830} INFO - Processing file /opt/airflow/dags/sodai_pipeline.py for tasks to queue
[2025-11-13T15:52:31.902+0000] {logging_mixin.py:188} INFO - [2025-11-13T15:52:31.901+0000] {dagbag.py:545} INFO - Filling up the DagBag from /opt/airflow/dags/sodai_pipeline.py
[2025-11-13T15:52:32.201+0000] {logging_mixin.py:188} INFO - [2025-11-13T15:52:32.199+0000] {dagbag.py:355} ERROR - Failed to import: /opt/airflow/dags/sodai_pipeline.py
Traceback (most recent call last):
  File "/home/airflow/.local/lib/python3.12/site-packages/airflow/models/dagbag.py", line 351, in parse
    loader.exec_module(new_module)
  File "<frozen importlib._bootstrap_external>", line 995, in exec_module
  File "<frozen importlib._bootstrap>", line 488, in _call_with_frames_removed
  File "/opt/airflow/dags/sodai_pipeline.py", line 23, in <module>
    from src.preprocessing import build_weekly_features
  File "/opt/airflow/src/preprocessing.py", line 6, in <module>
    from sklearn.base import BaseEstimator, TransformerMixin
ModuleNotFoundError: No module named 'sklearn'
[2025-11-13T15:52:32.202+0000] {processor.py:842} WARNING - No viable dags retrieved from /opt/airflow/dags/sodai_pipeline.py
[2025-11-13T15:52:32.214+0000] {processor.py:183} INFO - Processing /opt/airflow/dags/sodai_pipeline.py took 0.328 seconds
[2025-11-13T15:53:02.382+0000] {processor.py:161} INFO - Started process (PID=200) to work on /opt/airflow/dags/sodai_pipeline.py
[2025-11-13T15:53:02.385+0000] {processor.py:830} INFO - Processing file /opt/airflow/dags/sodai_pipeline.py for tasks to queue
[2025-11-13T15:53:02.388+0000] {logging_mixin.py:188} INFO - [2025-11-13T15:53:02.388+0000] {dagbag.py:545} INFO - Filling up the DagBag from /opt/airflow/dags/sodai_pipeline.py
[2025-11-13T15:53:02.741+0000] {logging_mixin.py:188} INFO - [2025-11-13T15:53:02.736+0000] {dagbag.py:355} ERROR - Failed to import: /opt/airflow/dags/sodai_pipeline.py
Traceback (most recent call last):
  File "/home/airflow/.local/lib/python3.12/site-packages/airflow/models/dagbag.py", line 351, in parse
    loader.exec_module(new_module)
  File "<frozen importlib._bootstrap_external>", line 995, in exec_module
  File "<frozen importlib._bootstrap>", line 488, in _call_with_frames_removed
  File "/opt/airflow/dags/sodai_pipeline.py", line 23, in <module>
    from src.preprocessing import build_weekly_features
  File "/opt/airflow/src/preprocessing.py", line 6, in <module>
    from sklearn.base import BaseEstimator, TransformerMixin
ModuleNotFoundError: No module named 'sklearn'
[2025-11-13T15:53:02.741+0000] {processor.py:842} WARNING - No viable dags retrieved from /opt/airflow/dags/sodai_pipeline.py
[2025-11-13T15:53:02.757+0000] {processor.py:183} INFO - Processing /opt/airflow/dags/sodai_pipeline.py took 0.391 seconds
[2025-11-13T15:53:33.142+0000] {processor.py:161} INFO - Started process (PID=206) to work on /opt/airflow/dags/sodai_pipeline.py
[2025-11-13T15:53:33.145+0000] {processor.py:830} INFO - Processing file /opt/airflow/dags/sodai_pipeline.py for tasks to queue
[2025-11-13T15:53:33.148+0000] {logging_mixin.py:188} INFO - [2025-11-13T15:53:33.147+0000] {dagbag.py:545} INFO - Filling up the DagBag from /opt/airflow/dags/sodai_pipeline.py
[2025-11-13T15:53:33.353+0000] {logging_mixin.py:188} INFO - [2025-11-13T15:53:33.351+0000] {dagbag.py:355} ERROR - Failed to import: /opt/airflow/dags/sodai_pipeline.py
Traceback (most recent call last):
  File "/home/airflow/.local/lib/python3.12/site-packages/airflow/models/dagbag.py", line 351, in parse
    loader.exec_module(new_module)
  File "<frozen importlib._bootstrap_external>", line 995, in exec_module
  File "<frozen importlib._bootstrap>", line 488, in _call_with_frames_removed
  File "/opt/airflow/dags/sodai_pipeline.py", line 23, in <module>
    from src.preprocessing import build_weekly_features
  File "/opt/airflow/src/preprocessing.py", line 6, in <module>
    from sklearn.base import BaseEstimator, TransformerMixin
ModuleNotFoundError: No module named 'sklearn'
[2025-11-13T15:53:33.353+0000] {processor.py:842} WARNING - No viable dags retrieved from /opt/airflow/dags/sodai_pipeline.py
[2025-11-13T15:53:33.366+0000] {processor.py:183} INFO - Processing /opt/airflow/dags/sodai_pipeline.py took 0.236 seconds
[2025-11-13T15:54:03.479+0000] {processor.py:161} INFO - Started process (PID=212) to work on /opt/airflow/dags/sodai_pipeline.py
[2025-11-13T15:54:03.482+0000] {processor.py:830} INFO - Processing file /opt/airflow/dags/sodai_pipeline.py for tasks to queue
[2025-11-13T15:54:03.485+0000] {logging_mixin.py:188} INFO - [2025-11-13T15:54:03.484+0000] {dagbag.py:545} INFO - Filling up the DagBag from /opt/airflow/dags/sodai_pipeline.py
[2025-11-13T15:54:03.697+0000] {logging_mixin.py:188} INFO - [2025-11-13T15:54:03.695+0000] {dagbag.py:355} ERROR - Failed to import: /opt/airflow/dags/sodai_pipeline.py
Traceback (most recent call last):
  File "/home/airflow/.local/lib/python3.12/site-packages/airflow/models/dagbag.py", line 351, in parse
    loader.exec_module(new_module)
  File "<frozen importlib._bootstrap_external>", line 995, in exec_module
  File "<frozen importlib._bootstrap>", line 488, in _call_with_frames_removed
  File "/opt/airflow/dags/sodai_pipeline.py", line 23, in <module>
    from src.preprocessing import build_weekly_features
  File "/opt/airflow/src/preprocessing.py", line 6, in <module>
    from sklearn.base import BaseEstimator, TransformerMixin
ModuleNotFoundError: No module named 'sklearn'
[2025-11-13T15:54:03.698+0000] {processor.py:842} WARNING - No viable dags retrieved from /opt/airflow/dags/sodai_pipeline.py
[2025-11-13T15:54:03.715+0000] {processor.py:183} INFO - Processing /opt/airflow/dags/sodai_pipeline.py took 0.248 seconds
[2025-11-13T15:54:34.061+0000] {processor.py:161} INFO - Started process (PID=218) to work on /opt/airflow/dags/sodai_pipeline.py
[2025-11-13T15:54:34.063+0000] {processor.py:830} INFO - Processing file /opt/airflow/dags/sodai_pipeline.py for tasks to queue
[2025-11-13T15:54:34.066+0000] {logging_mixin.py:188} INFO - [2025-11-13T15:54:34.065+0000] {dagbag.py:545} INFO - Filling up the DagBag from /opt/airflow/dags/sodai_pipeline.py
[2025-11-13T15:54:34.306+0000] {logging_mixin.py:188} INFO - [2025-11-13T15:54:34.305+0000] {dagbag.py:355} ERROR - Failed to import: /opt/airflow/dags/sodai_pipeline.py
Traceback (most recent call last):
  File "/home/airflow/.local/lib/python3.12/site-packages/airflow/models/dagbag.py", line 351, in parse
    loader.exec_module(new_module)
  File "<frozen importlib._bootstrap_external>", line 995, in exec_module
  File "<frozen importlib._bootstrap>", line 488, in _call_with_frames_removed
  File "/opt/airflow/dags/sodai_pipeline.py", line 23, in <module>
    from src.preprocessing import build_weekly_features
  File "/opt/airflow/src/preprocessing.py", line 6, in <module>
    from sklearn.base import BaseEstimator, TransformerMixin
ModuleNotFoundError: No module named 'sklearn'
[2025-11-13T15:54:34.307+0000] {processor.py:842} WARNING - No viable dags retrieved from /opt/airflow/dags/sodai_pipeline.py
[2025-11-13T15:54:34.321+0000] {processor.py:183} INFO - Processing /opt/airflow/dags/sodai_pipeline.py took 0.270 seconds
[2025-11-13T15:55:04.493+0000] {processor.py:161} INFO - Started process (PID=224) to work on /opt/airflow/dags/sodai_pipeline.py
[2025-11-13T15:55:04.499+0000] {processor.py:830} INFO - Processing file /opt/airflow/dags/sodai_pipeline.py for tasks to queue
[2025-11-13T15:55:04.503+0000] {logging_mixin.py:188} INFO - [2025-11-13T15:55:04.503+0000] {dagbag.py:545} INFO - Filling up the DagBag from /opt/airflow/dags/sodai_pipeline.py
[2025-11-13T15:55:04.751+0000] {logging_mixin.py:188} INFO - [2025-11-13T15:55:04.749+0000] {dagbag.py:355} ERROR - Failed to import: /opt/airflow/dags/sodai_pipeline.py
Traceback (most recent call last):
  File "/home/airflow/.local/lib/python3.12/site-packages/airflow/models/dagbag.py", line 351, in parse
    loader.exec_module(new_module)
  File "<frozen importlib._bootstrap_external>", line 995, in exec_module
  File "<frozen importlib._bootstrap>", line 488, in _call_with_frames_removed
  File "/opt/airflow/dags/sodai_pipeline.py", line 23, in <module>
    from src.preprocessing import build_weekly_features
  File "/opt/airflow/src/preprocessing.py", line 6, in <module>
    from sklearn.base import BaseEstimator, TransformerMixin
ModuleNotFoundError: No module named 'sklearn'
[2025-11-13T15:55:04.751+0000] {processor.py:842} WARNING - No viable dags retrieved from /opt/airflow/dags/sodai_pipeline.py
[2025-11-13T15:55:04.768+0000] {processor.py:183} INFO - Processing /opt/airflow/dags/sodai_pipeline.py took 0.286 seconds
[2025-11-13T15:55:35.041+0000] {processor.py:161} INFO - Started process (PID=230) to work on /opt/airflow/dags/sodai_pipeline.py
[2025-11-13T15:55:35.045+0000] {processor.py:830} INFO - Processing file /opt/airflow/dags/sodai_pipeline.py for tasks to queue
[2025-11-13T15:55:35.052+0000] {logging_mixin.py:188} INFO - [2025-11-13T15:55:35.051+0000] {dagbag.py:545} INFO - Filling up the DagBag from /opt/airflow/dags/sodai_pipeline.py
[2025-11-13T15:55:35.276+0000] {logging_mixin.py:188} INFO - [2025-11-13T15:55:35.273+0000] {dagbag.py:355} ERROR - Failed to import: /opt/airflow/dags/sodai_pipeline.py
Traceback (most recent call last):
  File "/home/airflow/.local/lib/python3.12/site-packages/airflow/models/dagbag.py", line 351, in parse
    loader.exec_module(new_module)
  File "<frozen importlib._bootstrap_external>", line 995, in exec_module
  File "<frozen importlib._bootstrap>", line 488, in _call_with_frames_removed
  File "/opt/airflow/dags/sodai_pipeline.py", line 23, in <module>
    from src.preprocessing import build_weekly_features
  File "/opt/airflow/src/preprocessing.py", line 8, in <module>
    class IQRClipper(BaseEstimator, TransformerMixin):
                     ^^^^^^^^^^^^^
NameError: name 'BaseEstimator' is not defined
[2025-11-13T15:55:35.278+0000] {processor.py:842} WARNING - No viable dags retrieved from /opt/airflow/dags/sodai_pipeline.py
[2025-11-13T15:55:35.290+0000] {processor.py:183} INFO - Processing /opt/airflow/dags/sodai_pipeline.py took 0.262 seconds
[2025-11-13T15:56:05.450+0000] {processor.py:161} INFO - Started process (PID=236) to work on /opt/airflow/dags/sodai_pipeline.py
[2025-11-13T15:56:05.452+0000] {processor.py:830} INFO - Processing file /opt/airflow/dags/sodai_pipeline.py for tasks to queue
[2025-11-13T15:56:05.455+0000] {logging_mixin.py:188} INFO - [2025-11-13T15:56:05.455+0000] {dagbag.py:545} INFO - Filling up the DagBag from /opt/airflow/dags/sodai_pipeline.py
[2025-11-13T15:56:05.704+0000] {logging_mixin.py:188} INFO - [2025-11-13T15:56:05.701+0000] {dagbag.py:355} ERROR - Failed to import: /opt/airflow/dags/sodai_pipeline.py
Traceback (most recent call last):
  File "/home/airflow/.local/lib/python3.12/site-packages/airflow/models/dagbag.py", line 351, in parse
    loader.exec_module(new_module)
  File "<frozen importlib._bootstrap_external>", line 995, in exec_module
  File "<frozen importlib._bootstrap>", line 488, in _call_with_frames_removed
  File "/opt/airflow/dags/sodai_pipeline.py", line 23, in <module>
    from src.preprocessing import build_weekly_features
  File "/opt/airflow/src/preprocessing.py", line 299, in <module>
    def make_preprocessor(df, use_size_bin: bool = True) -> ColumnTransformer:
                                                            ^^^^^^^^^^^^^^^^^
NameError: name 'ColumnTransformer' is not defined
[2025-11-13T15:56:05.706+0000] {processor.py:842} WARNING - No viable dags retrieved from /opt/airflow/dags/sodai_pipeline.py
[2025-11-13T15:56:05.722+0000] {processor.py:183} INFO - Processing /opt/airflow/dags/sodai_pipeline.py took 0.284 seconds
[2025-11-13T15:56:35.933+0000] {processor.py:161} INFO - Started process (PID=242) to work on /opt/airflow/dags/sodai_pipeline.py
[2025-11-13T15:56:35.935+0000] {processor.py:830} INFO - Processing file /opt/airflow/dags/sodai_pipeline.py for tasks to queue
[2025-11-13T15:56:35.942+0000] {logging_mixin.py:188} INFO - [2025-11-13T15:56:35.941+0000] {dagbag.py:545} INFO - Filling up the DagBag from /opt/airflow/dags/sodai_pipeline.py
[2025-11-13T15:56:36.180+0000] {logging_mixin.py:188} INFO - [2025-11-13T15:56:36.176+0000] {dagbag.py:355} ERROR - Failed to import: /opt/airflow/dags/sodai_pipeline.py
Traceback (most recent call last):
  File "/home/airflow/.local/lib/python3.12/site-packages/airflow/models/dagbag.py", line 351, in parse
    loader.exec_module(new_module)
  File "<frozen importlib._bootstrap_external>", line 995, in exec_module
  File "<frozen importlib._bootstrap>", line 488, in _call_with_frames_removed
  File "/opt/airflow/dags/sodai_pipeline.py", line 23, in <module>
    from src.preprocessing import build_weekly_features
  File "/opt/airflow/src/preprocessing.py", line 302, in <module>
    def make_preprocessor(df, use_size_bin: bool = True) -> ColumnTransformer:
                                                            ^^^^^^^^^^^^^^^^^
NameError: name 'ColumnTransformer' is not defined
[2025-11-13T15:56:36.182+0000] {processor.py:842} WARNING - No viable dags retrieved from /opt/airflow/dags/sodai_pipeline.py
[2025-11-13T15:56:36.197+0000] {processor.py:183} INFO - Processing /opt/airflow/dags/sodai_pipeline.py took 0.273 seconds
[2025-11-13T15:57:06.401+0000] {processor.py:161} INFO - Started process (PID=248) to work on /opt/airflow/dags/sodai_pipeline.py
[2025-11-13T15:57:06.404+0000] {processor.py:830} INFO - Processing file /opt/airflow/dags/sodai_pipeline.py for tasks to queue
[2025-11-13T15:57:06.407+0000] {logging_mixin.py:188} INFO - [2025-11-13T15:57:06.406+0000] {dagbag.py:545} INFO - Filling up the DagBag from /opt/airflow/dags/sodai_pipeline.py
[2025-11-13T15:57:06.643+0000] {logging_mixin.py:188} INFO - [2025-11-13T15:57:06.640+0000] {dagbag.py:355} ERROR - Failed to import: /opt/airflow/dags/sodai_pipeline.py
Traceback (most recent call last):
  File "/home/airflow/.local/lib/python3.12/site-packages/airflow/models/dagbag.py", line 351, in parse
    loader.exec_module(new_module)
  File "<frozen importlib._bootstrap_external>", line 995, in exec_module
  File "<frozen importlib._bootstrap>", line 488, in _call_with_frames_removed
  File "/opt/airflow/dags/sodai_pipeline.py", line 23, in <module>
    from src.preprocessing import build_weekly_features
  File "/opt/airflow/src/preprocessing.py", line 302, in <module>
    def make_preprocessor(df, use_size_bin: bool = True) -> ColumnTransformer:
                                                            ^^^^^^^^^^^^^^^^^
NameError: name 'ColumnTransformer' is not defined
[2025-11-13T15:57:06.645+0000] {processor.py:842} WARNING - No viable dags retrieved from /opt/airflow/dags/sodai_pipeline.py
[2025-11-13T15:57:06.661+0000] {processor.py:183} INFO - Processing /opt/airflow/dags/sodai_pipeline.py took 0.278 seconds
[2025-11-13T15:57:36.890+0000] {processor.py:161} INFO - Started process (PID=254) to work on /opt/airflow/dags/sodai_pipeline.py
[2025-11-13T15:57:36.891+0000] {processor.py:830} INFO - Processing file /opt/airflow/dags/sodai_pipeline.py for tasks to queue
[2025-11-13T15:57:36.895+0000] {logging_mixin.py:188} INFO - [2025-11-13T15:57:36.894+0000] {dagbag.py:545} INFO - Filling up the DagBag from /opt/airflow/dags/sodai_pipeline.py
[2025-11-13T15:57:37.131+0000] {logging_mixin.py:188} INFO - [2025-11-13T15:57:37.128+0000] {dagbag.py:355} ERROR - Failed to import: /opt/airflow/dags/sodai_pipeline.py
Traceback (most recent call last):
  File "/home/airflow/.local/lib/python3.12/site-packages/airflow/models/dagbag.py", line 351, in parse
    loader.exec_module(new_module)
  File "<frozen importlib._bootstrap_external>", line 995, in exec_module
  File "<frozen importlib._bootstrap>", line 488, in _call_with_frames_removed
  File "/opt/airflow/dags/sodai_pipeline.py", line 23, in <module>
    from src.preprocessing import build_weekly_features
  File "/opt/airflow/src/preprocessing.py", line 302, in <module>
    def make_preprocessor(df, use_size_bin: bool = True) -> ColumnTransformer:
                                                            ^^^^^^^^^^^^^^^^^
NameError: name 'ColumnTransformer' is not defined
[2025-11-13T15:57:37.133+0000] {processor.py:842} WARNING - No viable dags retrieved from /opt/airflow/dags/sodai_pipeline.py
[2025-11-13T15:57:37.146+0000] {processor.py:183} INFO - Processing /opt/airflow/dags/sodai_pipeline.py took 0.274 seconds
[2025-11-13T15:58:07.309+0000] {processor.py:161} INFO - Started process (PID=260) to work on /opt/airflow/dags/sodai_pipeline.py
[2025-11-13T15:58:07.310+0000] {processor.py:830} INFO - Processing file /opt/airflow/dags/sodai_pipeline.py for tasks to queue
[2025-11-13T15:58:07.314+0000] {logging_mixin.py:188} INFO - [2025-11-13T15:58:07.313+0000] {dagbag.py:545} INFO - Filling up the DagBag from /opt/airflow/dags/sodai_pipeline.py
[2025-11-13T15:58:07.549+0000] {logging_mixin.py:188} INFO - [2025-11-13T15:58:07.545+0000] {dagbag.py:355} ERROR - Failed to import: /opt/airflow/dags/sodai_pipeline.py
Traceback (most recent call last):
  File "/home/airflow/.local/lib/python3.12/site-packages/airflow/models/dagbag.py", line 351, in parse
    loader.exec_module(new_module)
  File "<frozen importlib._bootstrap_external>", line 995, in exec_module
  File "<frozen importlib._bootstrap>", line 488, in _call_with_frames_removed
  File "/opt/airflow/dags/sodai_pipeline.py", line 23, in <module>
    from src.preprocessing import build_weekly_features
  File "/opt/airflow/src/preprocessing.py", line 302, in <module>
    def make_preprocessor(df, use_size_bin: bool = True) -> ColumnTransformer:
                                                            ^^^^^^^^^^^^^^^^^
NameError: name 'ColumnTransformer' is not defined
[2025-11-13T15:58:07.551+0000] {processor.py:842} WARNING - No viable dags retrieved from /opt/airflow/dags/sodai_pipeline.py
[2025-11-13T15:58:07.563+0000] {processor.py:183} INFO - Processing /opt/airflow/dags/sodai_pipeline.py took 0.265 seconds
[2025-11-13T15:58:39.293+0000] {processor.py:161} INFO - Started process (PID=164) to work on /opt/airflow/dags/sodai_pipeline.py
[2025-11-13T15:58:39.295+0000] {processor.py:830} INFO - Processing file /opt/airflow/dags/sodai_pipeline.py for tasks to queue
[2025-11-13T15:58:39.298+0000] {logging_mixin.py:188} INFO - [2025-11-13T15:58:39.297+0000] {dagbag.py:545} INFO - Filling up the DagBag from /opt/airflow/dags/sodai_pipeline.py
[2025-11-13T15:58:40.074+0000] {logging_mixin.py:188} INFO - [2025-11-13T15:58:40.071+0000] {dagbag.py:355} ERROR - Failed to import: /opt/airflow/dags/sodai_pipeline.py
Traceback (most recent call last):
  File "/home/airflow/.local/lib/python3.12/site-packages/airflow/models/dagbag.py", line 351, in parse
    loader.exec_module(new_module)
  File "<frozen importlib._bootstrap_external>", line 995, in exec_module
  File "<frozen importlib._bootstrap>", line 488, in _call_with_frames_removed
  File "/opt/airflow/dags/sodai_pipeline.py", line 23, in <module>
    from src.preprocessing import build_weekly_features
  File "/opt/airflow/src/preprocessing.py", line 6, in <module>
    from sklearn.base import BaseEstimator, TransformerMixin
ModuleNotFoundError: No module named 'sklearn'
[2025-11-13T15:58:40.076+0000] {processor.py:842} WARNING - No viable dags retrieved from /opt/airflow/dags/sodai_pipeline.py
[2025-11-13T15:58:40.090+0000] {processor.py:183} INFO - Processing /opt/airflow/dags/sodai_pipeline.py took 0.801 seconds
[2025-11-13T15:59:10.451+0000] {processor.py:161} INFO - Started process (PID=170) to work on /opt/airflow/dags/sodai_pipeline.py
[2025-11-13T15:59:10.455+0000] {processor.py:830} INFO - Processing file /opt/airflow/dags/sodai_pipeline.py for tasks to queue
[2025-11-13T15:59:10.457+0000] {logging_mixin.py:188} INFO - [2025-11-13T15:59:10.457+0000] {dagbag.py:545} INFO - Filling up the DagBag from /opt/airflow/dags/sodai_pipeline.py
[2025-11-13T15:59:10.654+0000] {logging_mixin.py:188} INFO - [2025-11-13T15:59:10.653+0000] {dagbag.py:355} ERROR - Failed to import: /opt/airflow/dags/sodai_pipeline.py
Traceback (most recent call last):
  File "/home/airflow/.local/lib/python3.12/site-packages/airflow/models/dagbag.py", line 351, in parse
    loader.exec_module(new_module)
  File "<frozen importlib._bootstrap_external>", line 995, in exec_module
  File "<frozen importlib._bootstrap>", line 488, in _call_with_frames_removed
  File "/opt/airflow/dags/sodai_pipeline.py", line 23, in <module>
    from src.preprocessing import build_weekly_features
  File "/opt/airflow/src/preprocessing.py", line 6, in <module>
    from sklearn.base import BaseEstimator, TransformerMixin
ModuleNotFoundError: No module named 'sklearn'
[2025-11-13T15:59:10.655+0000] {processor.py:842} WARNING - No viable dags retrieved from /opt/airflow/dags/sodai_pipeline.py
[2025-11-13T15:59:10.668+0000] {processor.py:183} INFO - Processing /opt/airflow/dags/sodai_pipeline.py took 0.235 seconds
[2025-11-13T15:59:40.816+0000] {processor.py:161} INFO - Started process (PID=176) to work on /opt/airflow/dags/sodai_pipeline.py
[2025-11-13T15:59:40.824+0000] {processor.py:830} INFO - Processing file /opt/airflow/dags/sodai_pipeline.py for tasks to queue
[2025-11-13T15:59:40.834+0000] {logging_mixin.py:188} INFO - [2025-11-13T15:59:40.832+0000] {dagbag.py:545} INFO - Filling up the DagBag from /opt/airflow/dags/sodai_pipeline.py
[2025-11-13T15:59:41.097+0000] {logging_mixin.py:188} INFO - [2025-11-13T15:59:41.095+0000] {dagbag.py:355} ERROR - Failed to import: /opt/airflow/dags/sodai_pipeline.py
Traceback (most recent call last):
  File "/home/airflow/.local/lib/python3.12/site-packages/airflow/models/dagbag.py", line 351, in parse
    loader.exec_module(new_module)
  File "<frozen importlib._bootstrap_external>", line 995, in exec_module
  File "<frozen importlib._bootstrap>", line 488, in _call_with_frames_removed
  File "/opt/airflow/dags/sodai_pipeline.py", line 23, in <module>
    from src.preprocessing import build_weekly_features
  File "/opt/airflow/src/preprocessing.py", line 6, in <module>
    from sklearn.base import BaseEstimator, TransformerMixin
ModuleNotFoundError: No module named 'sklearn'
[2025-11-13T15:59:41.097+0000] {processor.py:842} WARNING - No viable dags retrieved from /opt/airflow/dags/sodai_pipeline.py
[2025-11-13T15:59:41.119+0000] {processor.py:183} INFO - Processing /opt/airflow/dags/sodai_pipeline.py took 0.322 seconds
[2025-11-13T16:00:11.281+0000] {processor.py:161} INFO - Started process (PID=182) to work on /opt/airflow/dags/sodai_pipeline.py
[2025-11-13T16:00:11.284+0000] {processor.py:830} INFO - Processing file /opt/airflow/dags/sodai_pipeline.py for tasks to queue
[2025-11-13T16:00:11.293+0000] {logging_mixin.py:188} INFO - [2025-11-13T16:00:11.292+0000] {dagbag.py:545} INFO - Filling up the DagBag from /opt/airflow/dags/sodai_pipeline.py
[2025-11-13T16:00:11.531+0000] {logging_mixin.py:188} INFO - [2025-11-13T16:00:11.530+0000] {dagbag.py:355} ERROR - Failed to import: /opt/airflow/dags/sodai_pipeline.py
Traceback (most recent call last):
  File "/home/airflow/.local/lib/python3.12/site-packages/airflow/models/dagbag.py", line 351, in parse
    loader.exec_module(new_module)
  File "<frozen importlib._bootstrap_external>", line 995, in exec_module
  File "<frozen importlib._bootstrap>", line 488, in _call_with_frames_removed
  File "/opt/airflow/dags/sodai_pipeline.py", line 23, in <module>
    from src.preprocessing import build_weekly_features
  File "/opt/airflow/src/preprocessing.py", line 6, in <module>
    from sklearn.base import BaseEstimator, TransformerMixin
ModuleNotFoundError: No module named 'sklearn'
[2025-11-13T16:00:11.532+0000] {processor.py:842} WARNING - No viable dags retrieved from /opt/airflow/dags/sodai_pipeline.py
[2025-11-13T16:00:11.545+0000] {processor.py:183} INFO - Processing /opt/airflow/dags/sodai_pipeline.py took 0.275 seconds
[2025-11-13T16:00:41.797+0000] {processor.py:161} INFO - Started process (PID=188) to work on /opt/airflow/dags/sodai_pipeline.py
[2025-11-13T16:00:41.801+0000] {processor.py:830} INFO - Processing file /opt/airflow/dags/sodai_pipeline.py for tasks to queue
[2025-11-13T16:00:41.805+0000] {logging_mixin.py:188} INFO - [2025-11-13T16:00:41.804+0000] {dagbag.py:545} INFO - Filling up the DagBag from /opt/airflow/dags/sodai_pipeline.py
[2025-11-13T16:00:42.071+0000] {logging_mixin.py:188} INFO - [2025-11-13T16:00:42.065+0000] {dagbag.py:355} ERROR - Failed to import: /opt/airflow/dags/sodai_pipeline.py
Traceback (most recent call last):
  File "/home/airflow/.local/lib/python3.12/site-packages/airflow/models/dagbag.py", line 351, in parse
    loader.exec_module(new_module)
  File "<frozen importlib._bootstrap_external>", line 995, in exec_module
  File "<frozen importlib._bootstrap>", line 488, in _call_with_frames_removed
  File "/opt/airflow/dags/sodai_pipeline.py", line 23, in <module>
    from src.preprocessing import build_weekly_features
  File "/opt/airflow/src/preprocessing.py", line 6, in <module>
    from sklearn.base import BaseEstimator, TransformerMixin
ModuleNotFoundError: No module named 'sklearn'
[2025-11-13T16:00:42.072+0000] {processor.py:842} WARNING - No viable dags retrieved from /opt/airflow/dags/sodai_pipeline.py
[2025-11-13T16:00:42.095+0000] {processor.py:183} INFO - Processing /opt/airflow/dags/sodai_pipeline.py took 0.307 seconds
[2025-11-13T16:01:12.285+0000] {processor.py:161} INFO - Started process (PID=194) to work on /opt/airflow/dags/sodai_pipeline.py
[2025-11-13T16:01:12.288+0000] {processor.py:830} INFO - Processing file /opt/airflow/dags/sodai_pipeline.py for tasks to queue
[2025-11-13T16:01:12.291+0000] {logging_mixin.py:188} INFO - [2025-11-13T16:01:12.291+0000] {dagbag.py:545} INFO - Filling up the DagBag from /opt/airflow/dags/sodai_pipeline.py
[2025-11-13T16:01:12.648+0000] {logging_mixin.py:188} INFO - [2025-11-13T16:01:12.646+0000] {dagbag.py:355} ERROR - Failed to import: /opt/airflow/dags/sodai_pipeline.py
Traceback (most recent call last):
  File "/home/airflow/.local/lib/python3.12/site-packages/airflow/models/dagbag.py", line 351, in parse
    loader.exec_module(new_module)
  File "<frozen importlib._bootstrap_external>", line 995, in exec_module
  File "<frozen importlib._bootstrap>", line 488, in _call_with_frames_removed
  File "/opt/airflow/dags/sodai_pipeline.py", line 23, in <module>
    from src.preprocessing import build_weekly_features
  File "/opt/airflow/src/preprocessing.py", line 6, in <module>
    from sklearn.base import BaseEstimator, TransformerMixin
ModuleNotFoundError: No module named 'sklearn'
[2025-11-13T16:01:12.649+0000] {processor.py:842} WARNING - No viable dags retrieved from /opt/airflow/dags/sodai_pipeline.py
[2025-11-13T16:01:12.676+0000] {processor.py:183} INFO - Processing /opt/airflow/dags/sodai_pipeline.py took 0.405 seconds
[2025-11-13T16:01:43.036+0000] {processor.py:161} INFO - Started process (PID=200) to work on /opt/airflow/dags/sodai_pipeline.py
[2025-11-13T16:01:43.041+0000] {processor.py:830} INFO - Processing file /opt/airflow/dags/sodai_pipeline.py for tasks to queue
[2025-11-13T16:01:43.046+0000] {logging_mixin.py:188} INFO - [2025-11-13T16:01:43.045+0000] {dagbag.py:545} INFO - Filling up the DagBag from /opt/airflow/dags/sodai_pipeline.py
[2025-11-13T16:01:43.269+0000] {logging_mixin.py:188} INFO - [2025-11-13T16:01:43.267+0000] {dagbag.py:355} ERROR - Failed to import: /opt/airflow/dags/sodai_pipeline.py
Traceback (most recent call last):
  File "/home/airflow/.local/lib/python3.12/site-packages/airflow/models/dagbag.py", line 351, in parse
    loader.exec_module(new_module)
  File "<frozen importlib._bootstrap_external>", line 995, in exec_module
  File "<frozen importlib._bootstrap>", line 488, in _call_with_frames_removed
  File "/opt/airflow/dags/sodai_pipeline.py", line 23, in <module>
    from src.preprocessing import build_weekly_features
  File "/opt/airflow/src/preprocessing.py", line 6, in <module>
    from sklearn.base import BaseEstimator, TransformerMixin
ModuleNotFoundError: No module named 'sklearn'
[2025-11-13T16:01:43.269+0000] {processor.py:842} WARNING - No viable dags retrieved from /opt/airflow/dags/sodai_pipeline.py
[2025-11-13T16:01:43.285+0000] {processor.py:183} INFO - Processing /opt/airflow/dags/sodai_pipeline.py took 0.273 seconds
[2025-11-13T16:02:13.609+0000] {processor.py:161} INFO - Started process (PID=206) to work on /opt/airflow/dags/sodai_pipeline.py
[2025-11-13T16:02:13.611+0000] {processor.py:830} INFO - Processing file /opt/airflow/dags/sodai_pipeline.py for tasks to queue
[2025-11-13T16:02:13.615+0000] {logging_mixin.py:188} INFO - [2025-11-13T16:02:13.614+0000] {dagbag.py:545} INFO - Filling up the DagBag from /opt/airflow/dags/sodai_pipeline.py
[2025-11-13T16:02:13.831+0000] {logging_mixin.py:188} INFO - [2025-11-13T16:02:13.829+0000] {dagbag.py:355} ERROR - Failed to import: /opt/airflow/dags/sodai_pipeline.py
Traceback (most recent call last):
  File "/home/airflow/.local/lib/python3.12/site-packages/airflow/models/dagbag.py", line 351, in parse
    loader.exec_module(new_module)
  File "<frozen importlib._bootstrap_external>", line 995, in exec_module
  File "<frozen importlib._bootstrap>", line 488, in _call_with_frames_removed
  File "/opt/airflow/dags/sodai_pipeline.py", line 23, in <module>
    from src.preprocessing import build_weekly_features
  File "/opt/airflow/src/preprocessing.py", line 6, in <module>
    from sklearn.base import BaseEstimator, TransformerMixin
ModuleNotFoundError: No module named 'sklearn'
[2025-11-13T16:02:13.831+0000] {processor.py:842} WARNING - No viable dags retrieved from /opt/airflow/dags/sodai_pipeline.py
[2025-11-13T16:02:13.847+0000] {processor.py:183} INFO - Processing /opt/airflow/dags/sodai_pipeline.py took 0.251 seconds
[2025-11-13T16:02:43.935+0000] {processor.py:161} INFO - Started process (PID=212) to work on /opt/airflow/dags/sodai_pipeline.py
[2025-11-13T16:02:43.937+0000] {processor.py:830} INFO - Processing file /opt/airflow/dags/sodai_pipeline.py for tasks to queue
[2025-11-13T16:02:43.940+0000] {logging_mixin.py:188} INFO - [2025-11-13T16:02:43.939+0000] {dagbag.py:545} INFO - Filling up the DagBag from /opt/airflow/dags/sodai_pipeline.py
[2025-11-13T16:02:44.217+0000] {logging_mixin.py:188} INFO - [2025-11-13T16:02:44.215+0000] {dagbag.py:355} ERROR - Failed to import: /opt/airflow/dags/sodai_pipeline.py
Traceback (most recent call last):
  File "/home/airflow/.local/lib/python3.12/site-packages/airflow/models/dagbag.py", line 351, in parse
    loader.exec_module(new_module)
  File "<frozen importlib._bootstrap_external>", line 995, in exec_module
  File "<frozen importlib._bootstrap>", line 488, in _call_with_frames_removed
  File "/opt/airflow/dags/sodai_pipeline.py", line 23, in <module>
    from src.preprocessing import build_weekly_features
  File "/opt/airflow/src/preprocessing.py", line 6, in <module>
    from sklearn.base import BaseEstimator, TransformerMixin
ModuleNotFoundError: No module named 'sklearn'
[2025-11-13T16:02:44.217+0000] {processor.py:842} WARNING - No viable dags retrieved from /opt/airflow/dags/sodai_pipeline.py
[2025-11-13T16:02:44.234+0000] {processor.py:183} INFO - Processing /opt/airflow/dags/sodai_pipeline.py took 0.307 seconds
[2025-11-13T16:03:14.351+0000] {processor.py:161} INFO - Started process (PID=218) to work on /opt/airflow/dags/sodai_pipeline.py
[2025-11-13T16:03:14.355+0000] {processor.py:830} INFO - Processing file /opt/airflow/dags/sodai_pipeline.py for tasks to queue
[2025-11-13T16:03:14.360+0000] {logging_mixin.py:188} INFO - [2025-11-13T16:03:14.360+0000] {dagbag.py:545} INFO - Filling up the DagBag from /opt/airflow/dags/sodai_pipeline.py
[2025-11-13T16:03:14.646+0000] {logging_mixin.py:188} INFO - [2025-11-13T16:03:14.644+0000] {dagbag.py:355} ERROR - Failed to import: /opt/airflow/dags/sodai_pipeline.py
Traceback (most recent call last):
  File "/home/airflow/.local/lib/python3.12/site-packages/airflow/models/dagbag.py", line 351, in parse
    loader.exec_module(new_module)
  File "<frozen importlib._bootstrap_external>", line 995, in exec_module
  File "<frozen importlib._bootstrap>", line 488, in _call_with_frames_removed
  File "/opt/airflow/dags/sodai_pipeline.py", line 23, in <module>
    from src.preprocessing import build_weekly_features
  File "/opt/airflow/src/preprocessing.py", line 6, in <module>
    from sklearn.base import BaseEstimator, TransformerMixin
ModuleNotFoundError: No module named 'sklearn'
[2025-11-13T16:03:14.646+0000] {processor.py:842} WARNING - No viable dags retrieved from /opt/airflow/dags/sodai_pipeline.py
[2025-11-13T16:03:14.673+0000] {processor.py:183} INFO - Processing /opt/airflow/dags/sodai_pipeline.py took 0.340 seconds
[2025-11-13T16:03:44.920+0000] {processor.py:161} INFO - Started process (PID=224) to work on /opt/airflow/dags/sodai_pipeline.py
[2025-11-13T16:03:44.923+0000] {processor.py:830} INFO - Processing file /opt/airflow/dags/sodai_pipeline.py for tasks to queue
[2025-11-13T16:03:44.927+0000] {logging_mixin.py:188} INFO - [2025-11-13T16:03:44.926+0000] {dagbag.py:545} INFO - Filling up the DagBag from /opt/airflow/dags/sodai_pipeline.py
[2025-11-13T16:03:45.161+0000] {logging_mixin.py:188} INFO - [2025-11-13T16:03:45.159+0000] {dagbag.py:355} ERROR - Failed to import: /opt/airflow/dags/sodai_pipeline.py
Traceback (most recent call last):
  File "/home/airflow/.local/lib/python3.12/site-packages/airflow/models/dagbag.py", line 351, in parse
    loader.exec_module(new_module)
  File "<frozen importlib._bootstrap_external>", line 995, in exec_module
  File "<frozen importlib._bootstrap>", line 488, in _call_with_frames_removed
  File "/opt/airflow/dags/sodai_pipeline.py", line 23, in <module>
    from src.preprocessing import build_weekly_features
  File "/opt/airflow/src/preprocessing.py", line 6, in <module>
    from sklearn.base import BaseEstimator, TransformerMixin
ModuleNotFoundError: No module named 'sklearn'
[2025-11-13T16:03:45.162+0000] {processor.py:842} WARNING - No viable dags retrieved from /opt/airflow/dags/sodai_pipeline.py
[2025-11-13T16:03:45.180+0000] {processor.py:183} INFO - Processing /opt/airflow/dags/sodai_pipeline.py took 0.280 seconds
[2025-11-13T16:04:15.300+0000] {processor.py:161} INFO - Started process (PID=230) to work on /opt/airflow/dags/sodai_pipeline.py
[2025-11-13T16:04:15.302+0000] {processor.py:830} INFO - Processing file /opt/airflow/dags/sodai_pipeline.py for tasks to queue
[2025-11-13T16:04:15.305+0000] {logging_mixin.py:188} INFO - [2025-11-13T16:04:15.305+0000] {dagbag.py:545} INFO - Filling up the DagBag from /opt/airflow/dags/sodai_pipeline.py
[2025-11-13T16:04:15.552+0000] {logging_mixin.py:188} INFO - [2025-11-13T16:04:15.550+0000] {dagbag.py:355} ERROR - Failed to import: /opt/airflow/dags/sodai_pipeline.py
Traceback (most recent call last):
  File "/home/airflow/.local/lib/python3.12/site-packages/airflow/models/dagbag.py", line 351, in parse
    loader.exec_module(new_module)
  File "<frozen importlib._bootstrap_external>", line 995, in exec_module
  File "<frozen importlib._bootstrap>", line 488, in _call_with_frames_removed
  File "/opt/airflow/dags/sodai_pipeline.py", line 23, in <module>
    from src.preprocessing import build_weekly_features
  File "/opt/airflow/src/preprocessing.py", line 6, in <module>
    from sklearn.base import BaseEstimator, TransformerMixin
ModuleNotFoundError: No module named 'sklearn'
[2025-11-13T16:04:15.553+0000] {processor.py:842} WARNING - No viable dags retrieved from /opt/airflow/dags/sodai_pipeline.py
[2025-11-13T16:04:15.566+0000] {processor.py:183} INFO - Processing /opt/airflow/dags/sodai_pipeline.py took 0.277 seconds
[2025-11-13T16:04:45.849+0000] {processor.py:161} INFO - Started process (PID=236) to work on /opt/airflow/dags/sodai_pipeline.py
[2025-11-13T16:04:45.852+0000] {processor.py:830} INFO - Processing file /opt/airflow/dags/sodai_pipeline.py for tasks to queue
[2025-11-13T16:04:45.855+0000] {logging_mixin.py:188} INFO - [2025-11-13T16:04:45.855+0000] {dagbag.py:545} INFO - Filling up the DagBag from /opt/airflow/dags/sodai_pipeline.py
[2025-11-13T16:04:46.091+0000] {logging_mixin.py:188} INFO - [2025-11-13T16:04:46.088+0000] {dagbag.py:355} ERROR - Failed to import: /opt/airflow/dags/sodai_pipeline.py
Traceback (most recent call last):
  File "/home/airflow/.local/lib/python3.12/site-packages/airflow/models/dagbag.py", line 351, in parse
    loader.exec_module(new_module)
  File "<frozen importlib._bootstrap_external>", line 995, in exec_module
  File "<frozen importlib._bootstrap>", line 488, in _call_with_frames_removed
  File "/opt/airflow/dags/sodai_pipeline.py", line 23, in <module>
    from src.preprocessing import build_weekly_features
  File "/opt/airflow/src/preprocessing.py", line 6, in <module>
    from sklearn.base import BaseEstimator, TransformerMixin
ModuleNotFoundError: No module named 'sklearn'
[2025-11-13T16:04:46.091+0000] {processor.py:842} WARNING - No viable dags retrieved from /opt/airflow/dags/sodai_pipeline.py
[2025-11-13T16:04:46.106+0000] {processor.py:183} INFO - Processing /opt/airflow/dags/sodai_pipeline.py took 0.267 seconds
[2025-11-13T16:05:16.210+0000] {processor.py:161} INFO - Started process (PID=242) to work on /opt/airflow/dags/sodai_pipeline.py
[2025-11-13T16:05:16.214+0000] {processor.py:830} INFO - Processing file /opt/airflow/dags/sodai_pipeline.py for tasks to queue
[2025-11-13T16:05:16.220+0000] {logging_mixin.py:188} INFO - [2025-11-13T16:05:16.220+0000] {dagbag.py:545} INFO - Filling up the DagBag from /opt/airflow/dags/sodai_pipeline.py
[2025-11-13T16:05:16.448+0000] {logging_mixin.py:188} INFO - [2025-11-13T16:05:16.445+0000] {dagbag.py:355} ERROR - Failed to import: /opt/airflow/dags/sodai_pipeline.py
Traceback (most recent call last):
  File "/home/airflow/.local/lib/python3.12/site-packages/airflow/models/dagbag.py", line 351, in parse
    loader.exec_module(new_module)
  File "<frozen importlib._bootstrap_external>", line 995, in exec_module
  File "<frozen importlib._bootstrap>", line 488, in _call_with_frames_removed
  File "/opt/airflow/dags/sodai_pipeline.py", line 23, in <module>
    from src.preprocessing import build_weekly_features
  File "/opt/airflow/src/preprocessing.py", line 6, in <module>
    from sklearn.base import BaseEstimator, TransformerMixin
ModuleNotFoundError: No module named 'sklearn'
[2025-11-13T16:05:16.448+0000] {processor.py:842} WARNING - No viable dags retrieved from /opt/airflow/dags/sodai_pipeline.py
[2025-11-13T16:05:16.464+0000] {processor.py:183} INFO - Processing /opt/airflow/dags/sodai_pipeline.py took 0.274 seconds
[2025-11-13T16:05:20.435+0000] {processor.py:161} INFO - Started process (PID=248) to work on /opt/airflow/dags/sodai_pipeline.py
[2025-11-13T16:05:20.438+0000] {processor.py:830} INFO - Processing file /opt/airflow/dags/sodai_pipeline.py for tasks to queue
[2025-11-13T16:05:20.441+0000] {logging_mixin.py:188} INFO - [2025-11-13T16:05:20.440+0000] {dagbag.py:545} INFO - Filling up the DagBag from /opt/airflow/dags/sodai_pipeline.py
[2025-11-13T16:05:20.480+0000] {processor.py:840} INFO - DAG(s) 'sodai_pipeline_dag' retrieved from /opt/airflow/dags/sodai_pipeline.py
[2025-11-13T16:05:20.842+0000] {logging_mixin.py:188} INFO - [2025-11-13T16:05:20.841+0000] {dag.py:3096} INFO - Sync 1 DAGs
[2025-11-13T16:05:20.855+0000] {logging_mixin.py:188} INFO - [2025-11-13T16:05:20.855+0000] {dag.py:3954} INFO - Setting next_dagrun for sodai_pipeline_dag to 2025-11-02 00:00:00+00:00, run_after=2025-11-09 00:00:00+00:00
[2025-11-13T16:05:20.871+0000] {processor.py:183} INFO - Processing /opt/airflow/dags/sodai_pipeline.py took 0.450 seconds
[2025-11-13T16:05:51.253+0000] {processor.py:161} INFO - Started process (PID=253) to work on /opt/airflow/dags/sodai_pipeline.py
[2025-11-13T16:05:51.261+0000] {processor.py:830} INFO - Processing file /opt/airflow/dags/sodai_pipeline.py for tasks to queue
[2025-11-13T16:05:51.264+0000] {logging_mixin.py:188} INFO - [2025-11-13T16:05:51.263+0000] {dagbag.py:545} INFO - Filling up the DagBag from /opt/airflow/dags/sodai_pipeline.py
[2025-11-13T16:05:51.282+0000] {processor.py:840} INFO - DAG(s) 'sodai_pipeline_dag' retrieved from /opt/airflow/dags/sodai_pipeline.py
[2025-11-13T16:05:51.311+0000] {logging_mixin.py:188} INFO - [2025-11-13T16:05:51.311+0000] {dag.py:3096} INFO - Sync 1 DAGs
[2025-11-13T16:05:51.328+0000] {logging_mixin.py:188} INFO - [2025-11-13T16:05:51.328+0000] {dag.py:3954} INFO - Setting next_dagrun for sodai_pipeline_dag to 2025-11-02 00:00:00+00:00, run_after=2025-11-09 00:00:00+00:00
[2025-11-13T16:05:51.339+0000] {processor.py:183} INFO - Processing /opt/airflow/dags/sodai_pipeline.py took 0.106 seconds
[2025-11-13T16:06:21.615+0000] {processor.py:161} INFO - Started process (PID=258) to work on /opt/airflow/dags/sodai_pipeline.py
[2025-11-13T16:06:21.617+0000] {processor.py:830} INFO - Processing file /opt/airflow/dags/sodai_pipeline.py for tasks to queue
[2025-11-13T16:06:21.622+0000] {logging_mixin.py:188} INFO - [2025-11-13T16:06:21.621+0000] {dagbag.py:545} INFO - Filling up the DagBag from /opt/airflow/dags/sodai_pipeline.py
[2025-11-13T16:06:21.645+0000] {processor.py:840} INFO - DAG(s) 'sodai_pipeline_dag' retrieved from /opt/airflow/dags/sodai_pipeline.py
[2025-11-13T16:06:21.671+0000] {logging_mixin.py:188} INFO - [2025-11-13T16:06:21.671+0000] {dag.py:3096} INFO - Sync 1 DAGs
[2025-11-13T16:06:21.689+0000] {logging_mixin.py:188} INFO - [2025-11-13T16:06:21.689+0000] {dag.py:3954} INFO - Setting next_dagrun for sodai_pipeline_dag to 2025-11-02 00:00:00+00:00, run_after=2025-11-09 00:00:00+00:00
[2025-11-13T16:06:21.697+0000] {processor.py:183} INFO - Processing /opt/airflow/dags/sodai_pipeline.py took 0.094 seconds
[2025-11-13T16:06:52.114+0000] {processor.py:161} INFO - Started process (PID=263) to work on /opt/airflow/dags/sodai_pipeline.py
[2025-11-13T16:06:52.118+0000] {processor.py:830} INFO - Processing file /opt/airflow/dags/sodai_pipeline.py for tasks to queue
[2025-11-13T16:06:52.124+0000] {logging_mixin.py:188} INFO - [2025-11-13T16:06:52.124+0000] {dagbag.py:545} INFO - Filling up the DagBag from /opt/airflow/dags/sodai_pipeline.py
[2025-11-13T16:06:52.150+0000] {processor.py:840} INFO - DAG(s) 'sodai_pipeline_dag' retrieved from /opt/airflow/dags/sodai_pipeline.py
[2025-11-13T16:06:52.186+0000] {logging_mixin.py:188} INFO - [2025-11-13T16:06:52.186+0000] {dag.py:3096} INFO - Sync 1 DAGs
[2025-11-13T16:06:52.205+0000] {logging_mixin.py:188} INFO - [2025-11-13T16:06:52.205+0000] {dag.py:3954} INFO - Setting next_dagrun for sodai_pipeline_dag to 2025-11-02 00:00:00+00:00, run_after=2025-11-09 00:00:00+00:00
[2025-11-13T16:06:52.215+0000] {processor.py:183} INFO - Processing /opt/airflow/dags/sodai_pipeline.py took 0.117 seconds
[2025-11-13T16:07:22.555+0000] {processor.py:161} INFO - Started process (PID=268) to work on /opt/airflow/dags/sodai_pipeline.py
[2025-11-13T16:07:22.559+0000] {processor.py:830} INFO - Processing file /opt/airflow/dags/sodai_pipeline.py for tasks to queue
[2025-11-13T16:07:22.565+0000] {logging_mixin.py:188} INFO - [2025-11-13T16:07:22.562+0000] {dagbag.py:545} INFO - Filling up the DagBag from /opt/airflow/dags/sodai_pipeline.py
[2025-11-13T16:07:22.586+0000] {processor.py:840} INFO - DAG(s) 'sodai_pipeline_dag' retrieved from /opt/airflow/dags/sodai_pipeline.py
[2025-11-13T16:07:22.621+0000] {logging_mixin.py:188} INFO - [2025-11-13T16:07:22.621+0000] {dag.py:3096} INFO - Sync 1 DAGs
[2025-11-13T16:07:22.639+0000] {logging_mixin.py:188} INFO - [2025-11-13T16:07:22.639+0000] {dag.py:3954} INFO - Setting next_dagrun for sodai_pipeline_dag to 2025-11-02 00:00:00+00:00, run_after=2025-11-09 00:00:00+00:00
[2025-11-13T16:07:22.653+0000] {processor.py:183} INFO - Processing /opt/airflow/dags/sodai_pipeline.py took 0.109 seconds
[2025-11-13T16:07:52.894+0000] {processor.py:161} INFO - Started process (PID=273) to work on /opt/airflow/dags/sodai_pipeline.py
[2025-11-13T16:07:52.896+0000] {processor.py:830} INFO - Processing file /opt/airflow/dags/sodai_pipeline.py for tasks to queue
[2025-11-13T16:07:52.900+0000] {logging_mixin.py:188} INFO - [2025-11-13T16:07:52.900+0000] {dagbag.py:545} INFO - Filling up the DagBag from /opt/airflow/dags/sodai_pipeline.py
[2025-11-13T16:07:52.922+0000] {processor.py:840} INFO - DAG(s) 'sodai_pipeline_dag' retrieved from /opt/airflow/dags/sodai_pipeline.py
[2025-11-13T16:07:52.954+0000] {logging_mixin.py:188} INFO - [2025-11-13T16:07:52.953+0000] {dag.py:3096} INFO - Sync 1 DAGs
[2025-11-13T16:07:52.972+0000] {logging_mixin.py:188} INFO - [2025-11-13T16:07:52.972+0000] {dag.py:3954} INFO - Setting next_dagrun for sodai_pipeline_dag to 2025-11-02 00:00:00+00:00, run_after=2025-11-09 00:00:00+00:00
[2025-11-13T16:07:52.981+0000] {processor.py:183} INFO - Processing /opt/airflow/dags/sodai_pipeline.py took 0.102 seconds
[2025-11-13T16:08:23.392+0000] {processor.py:161} INFO - Started process (PID=278) to work on /opt/airflow/dags/sodai_pipeline.py
[2025-11-13T16:08:23.398+0000] {processor.py:830} INFO - Processing file /opt/airflow/dags/sodai_pipeline.py for tasks to queue
[2025-11-13T16:08:23.402+0000] {logging_mixin.py:188} INFO - [2025-11-13T16:08:23.401+0000] {dagbag.py:545} INFO - Filling up the DagBag from /opt/airflow/dags/sodai_pipeline.py
[2025-11-13T16:08:23.420+0000] {processor.py:840} INFO - DAG(s) 'sodai_pipeline_dag' retrieved from /opt/airflow/dags/sodai_pipeline.py
[2025-11-13T16:08:23.446+0000] {logging_mixin.py:188} INFO - [2025-11-13T16:08:23.446+0000] {dag.py:3096} INFO - Sync 1 DAGs
[2025-11-13T16:08:23.460+0000] {logging_mixin.py:188} INFO - [2025-11-13T16:08:23.460+0000] {dag.py:3954} INFO - Setting next_dagrun for sodai_pipeline_dag to 2025-11-02 00:00:00+00:00, run_after=2025-11-09 00:00:00+00:00
[2025-11-13T16:08:23.474+0000] {processor.py:183} INFO - Processing /opt/airflow/dags/sodai_pipeline.py took 0.098 seconds
[2025-11-13T16:08:53.755+0000] {processor.py:161} INFO - Started process (PID=283) to work on /opt/airflow/dags/sodai_pipeline.py
[2025-11-13T16:08:53.759+0000] {processor.py:830} INFO - Processing file /opt/airflow/dags/sodai_pipeline.py for tasks to queue
[2025-11-13T16:08:53.762+0000] {logging_mixin.py:188} INFO - [2025-11-13T16:08:53.761+0000] {dagbag.py:545} INFO - Filling up the DagBag from /opt/airflow/dags/sodai_pipeline.py
[2025-11-13T16:08:53.782+0000] {processor.py:840} INFO - DAG(s) 'sodai_pipeline_dag' retrieved from /opt/airflow/dags/sodai_pipeline.py
[2025-11-13T16:08:53.815+0000] {logging_mixin.py:188} INFO - [2025-11-13T16:08:53.814+0000] {dag.py:3096} INFO - Sync 1 DAGs
[2025-11-13T16:08:53.828+0000] {logging_mixin.py:188} INFO - [2025-11-13T16:08:53.828+0000] {dag.py:3954} INFO - Setting next_dagrun for sodai_pipeline_dag to 2025-11-02 00:00:00+00:00, run_after=2025-11-09 00:00:00+00:00
[2025-11-13T16:08:53.840+0000] {processor.py:183} INFO - Processing /opt/airflow/dags/sodai_pipeline.py took 0.099 seconds
[2025-11-13T16:09:24.247+0000] {processor.py:161} INFO - Started process (PID=288) to work on /opt/airflow/dags/sodai_pipeline.py
[2025-11-13T16:09:24.250+0000] {processor.py:830} INFO - Processing file /opt/airflow/dags/sodai_pipeline.py for tasks to queue
[2025-11-13T16:09:24.253+0000] {logging_mixin.py:188} INFO - [2025-11-13T16:09:24.253+0000] {dagbag.py:545} INFO - Filling up the DagBag from /opt/airflow/dags/sodai_pipeline.py
[2025-11-13T16:09:24.269+0000] {processor.py:840} INFO - DAG(s) 'sodai_pipeline_dag' retrieved from /opt/airflow/dags/sodai_pipeline.py
[2025-11-13T16:09:24.304+0000] {logging_mixin.py:188} INFO - [2025-11-13T16:09:24.304+0000] {dag.py:3096} INFO - Sync 1 DAGs
[2025-11-13T16:09:24.327+0000] {logging_mixin.py:188} INFO - [2025-11-13T16:09:24.327+0000] {dag.py:3954} INFO - Setting next_dagrun for sodai_pipeline_dag to 2025-11-02 00:00:00+00:00, run_after=2025-11-09 00:00:00+00:00
[2025-11-13T16:09:24.338+0000] {processor.py:183} INFO - Processing /opt/airflow/dags/sodai_pipeline.py took 0.105 seconds
[2025-11-13T16:09:38.519+0000] {processor.py:161} INFO - Started process (PID=164) to work on /opt/airflow/dags/sodai_pipeline.py
[2025-11-13T16:09:38.521+0000] {processor.py:830} INFO - Processing file /opt/airflow/dags/sodai_pipeline.py for tasks to queue
[2025-11-13T16:09:38.523+0000] {logging_mixin.py:188} INFO - [2025-11-13T16:09:38.522+0000] {dagbag.py:545} INFO - Filling up the DagBag from /opt/airflow/dags/sodai_pipeline.py
[2025-11-13T16:09:38.546+0000] {processor.py:840} INFO - DAG(s) 'sodai_pipeline_dag' retrieved from /opt/airflow/dags/sodai_pipeline.py
[2025-11-13T16:09:38.580+0000] {logging_mixin.py:188} INFO - [2025-11-13T16:09:38.580+0000] {dag.py:3096} INFO - Sync 1 DAGs
[2025-11-13T16:09:38.593+0000] {logging_mixin.py:188} INFO - [2025-11-13T16:09:38.593+0000] {dag.py:3954} INFO - Setting next_dagrun for sodai_pipeline_dag to 2025-11-02 00:00:00+00:00, run_after=2025-11-09 00:00:00+00:00
[2025-11-13T16:09:38.601+0000] {processor.py:183} INFO - Processing /opt/airflow/dags/sodai_pipeline.py took 0.086 seconds
[2025-11-13T16:10:09.077+0000] {processor.py:161} INFO - Started process (PID=171) to work on /opt/airflow/dags/sodai_pipeline.py
[2025-11-13T16:10:09.079+0000] {processor.py:830} INFO - Processing file /opt/airflow/dags/sodai_pipeline.py for tasks to queue
[2025-11-13T16:10:09.080+0000] {logging_mixin.py:188} INFO - [2025-11-13T16:10:09.080+0000] {dagbag.py:545} INFO - Filling up the DagBag from /opt/airflow/dags/sodai_pipeline.py
[2025-11-13T16:10:09.089+0000] {processor.py:840} INFO - DAG(s) 'sodai_pipeline_dag' retrieved from /opt/airflow/dags/sodai_pipeline.py
[2025-11-13T16:10:09.107+0000] {logging_mixin.py:188} INFO - [2025-11-13T16:10:09.107+0000] {dag.py:3096} INFO - Sync 1 DAGs
[2025-11-13T16:10:09.123+0000] {processor.py:183} INFO - Processing /opt/airflow/dags/sodai_pipeline.py took 0.051 seconds
[2025-11-13T16:10:39.415+0000] {processor.py:161} INFO - Started process (PID=176) to work on /opt/airflow/dags/sodai_pipeline.py
[2025-11-13T16:10:39.417+0000] {processor.py:830} INFO - Processing file /opt/airflow/dags/sodai_pipeline.py for tasks to queue
[2025-11-13T16:10:39.421+0000] {logging_mixin.py:188} INFO - [2025-11-13T16:10:39.420+0000] {dagbag.py:545} INFO - Filling up the DagBag from /opt/airflow/dags/sodai_pipeline.py
[2025-11-13T16:10:39.437+0000] {processor.py:840} INFO - DAG(s) 'sodai_pipeline_dag' retrieved from /opt/airflow/dags/sodai_pipeline.py
[2025-11-13T16:10:39.460+0000] {logging_mixin.py:188} INFO - [2025-11-13T16:10:39.460+0000] {dag.py:3096} INFO - Sync 1 DAGs
[2025-11-13T16:10:39.487+0000] {processor.py:183} INFO - Processing /opt/airflow/dags/sodai_pipeline.py took 0.078 seconds
[2025-11-13T16:11:09.719+0000] {processor.py:161} INFO - Started process (PID=181) to work on /opt/airflow/dags/sodai_pipeline.py
[2025-11-13T16:11:09.720+0000] {processor.py:830} INFO - Processing file /opt/airflow/dags/sodai_pipeline.py for tasks to queue
[2025-11-13T16:11:09.725+0000] {logging_mixin.py:188} INFO - [2025-11-13T16:11:09.724+0000] {dagbag.py:545} INFO - Filling up the DagBag from /opt/airflow/dags/sodai_pipeline.py
[2025-11-13T16:11:09.740+0000] {processor.py:840} INFO - DAG(s) 'sodai_pipeline_dag' retrieved from /opt/airflow/dags/sodai_pipeline.py
[2025-11-13T16:11:09.768+0000] {logging_mixin.py:188} INFO - [2025-11-13T16:11:09.768+0000] {dag.py:3096} INFO - Sync 1 DAGs
[2025-11-13T16:11:09.798+0000] {processor.py:183} INFO - Processing /opt/airflow/dags/sodai_pipeline.py took 0.086 seconds
[2025-11-13T16:11:40.014+0000] {processor.py:161} INFO - Started process (PID=186) to work on /opt/airflow/dags/sodai_pipeline.py
[2025-11-13T16:11:40.016+0000] {processor.py:830} INFO - Processing file /opt/airflow/dags/sodai_pipeline.py for tasks to queue
[2025-11-13T16:11:40.020+0000] {logging_mixin.py:188} INFO - [2025-11-13T16:11:40.019+0000] {dagbag.py:545} INFO - Filling up the DagBag from /opt/airflow/dags/sodai_pipeline.py
[2025-11-13T16:11:40.040+0000] {processor.py:840} INFO - DAG(s) 'sodai_pipeline_dag' retrieved from /opt/airflow/dags/sodai_pipeline.py
[2025-11-13T16:11:40.066+0000] {logging_mixin.py:188} INFO - [2025-11-13T16:11:40.066+0000] {dag.py:3096} INFO - Sync 1 DAGs
[2025-11-13T16:11:40.091+0000] {processor.py:183} INFO - Processing /opt/airflow/dags/sodai_pipeline.py took 0.084 seconds
[2025-11-13T16:12:10.269+0000] {processor.py:161} INFO - Started process (PID=191) to work on /opt/airflow/dags/sodai_pipeline.py
[2025-11-13T16:12:10.271+0000] {processor.py:830} INFO - Processing file /opt/airflow/dags/sodai_pipeline.py for tasks to queue
[2025-11-13T16:12:10.276+0000] {logging_mixin.py:188} INFO - [2025-11-13T16:12:10.276+0000] {dagbag.py:545} INFO - Filling up the DagBag from /opt/airflow/dags/sodai_pipeline.py
[2025-11-13T16:12:10.294+0000] {processor.py:840} INFO - DAG(s) 'sodai_pipeline_dag' retrieved from /opt/airflow/dags/sodai_pipeline.py
[2025-11-13T16:12:10.328+0000] {logging_mixin.py:188} INFO - [2025-11-13T16:12:10.328+0000] {dag.py:3096} INFO - Sync 1 DAGs
[2025-11-13T16:12:10.354+0000] {processor.py:183} INFO - Processing /opt/airflow/dags/sodai_pipeline.py took 0.094 seconds
[2025-11-13T16:12:40.748+0000] {processor.py:161} INFO - Started process (PID=196) to work on /opt/airflow/dags/sodai_pipeline.py
[2025-11-13T16:12:40.751+0000] {processor.py:830} INFO - Processing file /opt/airflow/dags/sodai_pipeline.py for tasks to queue
[2025-11-13T16:12:40.754+0000] {logging_mixin.py:188} INFO - [2025-11-13T16:12:40.754+0000] {dagbag.py:545} INFO - Filling up the DagBag from /opt/airflow/dags/sodai_pipeline.py
[2025-11-13T16:12:40.775+0000] {processor.py:840} INFO - DAG(s) 'sodai_pipeline_dag' retrieved from /opt/airflow/dags/sodai_pipeline.py
[2025-11-13T16:12:40.806+0000] {logging_mixin.py:188} INFO - [2025-11-13T16:12:40.806+0000] {dag.py:3096} INFO - Sync 1 DAGs
[2025-11-13T16:12:40.837+0000] {processor.py:183} INFO - Processing /opt/airflow/dags/sodai_pipeline.py took 0.101 seconds
[2025-11-13T16:13:11.181+0000] {processor.py:161} INFO - Started process (PID=201) to work on /opt/airflow/dags/sodai_pipeline.py
[2025-11-13T16:13:11.184+0000] {processor.py:830} INFO - Processing file /opt/airflow/dags/sodai_pipeline.py for tasks to queue
[2025-11-13T16:13:11.187+0000] {logging_mixin.py:188} INFO - [2025-11-13T16:13:11.186+0000] {dagbag.py:545} INFO - Filling up the DagBag from /opt/airflow/dags/sodai_pipeline.py
[2025-11-13T16:13:11.205+0000] {processor.py:840} INFO - DAG(s) 'sodai_pipeline_dag' retrieved from /opt/airflow/dags/sodai_pipeline.py
[2025-11-13T16:13:11.232+0000] {logging_mixin.py:188} INFO - [2025-11-13T16:13:11.232+0000] {dag.py:3096} INFO - Sync 1 DAGs
[2025-11-13T16:13:11.263+0000] {processor.py:183} INFO - Processing /opt/airflow/dags/sodai_pipeline.py took 0.095 seconds
[2025-11-13T16:13:41.556+0000] {processor.py:161} INFO - Started process (PID=206) to work on /opt/airflow/dags/sodai_pipeline.py
[2025-11-13T16:13:41.558+0000] {processor.py:830} INFO - Processing file /opt/airflow/dags/sodai_pipeline.py for tasks to queue
[2025-11-13T16:13:41.561+0000] {logging_mixin.py:188} INFO - [2025-11-13T16:13:41.560+0000] {dagbag.py:545} INFO - Filling up the DagBag from /opt/airflow/dags/sodai_pipeline.py
[2025-11-13T16:13:41.582+0000] {processor.py:840} INFO - DAG(s) 'sodai_pipeline_dag' retrieved from /opt/airflow/dags/sodai_pipeline.py
[2025-11-13T16:13:41.611+0000] {logging_mixin.py:188} INFO - [2025-11-13T16:13:41.610+0000] {dag.py:3096} INFO - Sync 1 DAGs
[2025-11-13T16:13:41.636+0000] {processor.py:183} INFO - Processing /opt/airflow/dags/sodai_pipeline.py took 0.090 seconds
[2025-11-13T16:14:11.961+0000] {processor.py:161} INFO - Started process (PID=211) to work on /opt/airflow/dags/sodai_pipeline.py
[2025-11-13T16:14:11.964+0000] {processor.py:830} INFO - Processing file /opt/airflow/dags/sodai_pipeline.py for tasks to queue
[2025-11-13T16:14:11.974+0000] {logging_mixin.py:188} INFO - [2025-11-13T16:14:11.974+0000] {dagbag.py:545} INFO - Filling up the DagBag from /opt/airflow/dags/sodai_pipeline.py
[2025-11-13T16:14:11.995+0000] {processor.py:840} INFO - DAG(s) 'sodai_pipeline_dag' retrieved from /opt/airflow/dags/sodai_pipeline.py
[2025-11-13T16:14:12.020+0000] {logging_mixin.py:188} INFO - [2025-11-13T16:14:12.020+0000] {dag.py:3096} INFO - Sync 1 DAGs
[2025-11-13T16:14:12.043+0000] {processor.py:183} INFO - Processing /opt/airflow/dags/sodai_pipeline.py took 0.093 seconds
[2025-11-13T16:14:42.350+0000] {processor.py:161} INFO - Started process (PID=216) to work on /opt/airflow/dags/sodai_pipeline.py
[2025-11-13T16:14:42.353+0000] {processor.py:830} INFO - Processing file /opt/airflow/dags/sodai_pipeline.py for tasks to queue
[2025-11-13T16:14:42.362+0000] {logging_mixin.py:188} INFO - [2025-11-13T16:14:42.357+0000] {dagbag.py:545} INFO - Filling up the DagBag from /opt/airflow/dags/sodai_pipeline.py
[2025-11-13T16:14:42.383+0000] {processor.py:840} INFO - DAG(s) 'sodai_pipeline_dag' retrieved from /opt/airflow/dags/sodai_pipeline.py
[2025-11-13T16:14:42.413+0000] {logging_mixin.py:188} INFO - [2025-11-13T16:14:42.412+0000] {dag.py:3096} INFO - Sync 1 DAGs
[2025-11-13T16:14:42.434+0000] {processor.py:183} INFO - Processing /opt/airflow/dags/sodai_pipeline.py took 0.093 seconds
[2025-11-13T16:15:12.679+0000] {processor.py:161} INFO - Started process (PID=223) to work on /opt/airflow/dags/sodai_pipeline.py
[2025-11-13T16:15:12.681+0000] {processor.py:830} INFO - Processing file /opt/airflow/dags/sodai_pipeline.py for tasks to queue
[2025-11-13T16:15:12.684+0000] {logging_mixin.py:188} INFO - [2025-11-13T16:15:12.684+0000] {dagbag.py:545} INFO - Filling up the DagBag from /opt/airflow/dags/sodai_pipeline.py
[2025-11-13T16:15:12.706+0000] {processor.py:840} INFO - DAG(s) 'sodai_pipeline_dag' retrieved from /opt/airflow/dags/sodai_pipeline.py
[2025-11-13T16:15:12.725+0000] {logging_mixin.py:188} INFO - [2025-11-13T16:15:12.724+0000] {dag.py:3096} INFO - Sync 1 DAGs
[2025-11-13T16:15:12.744+0000] {processor.py:183} INFO - Processing /opt/airflow/dags/sodai_pipeline.py took 0.075 seconds
[2025-11-13T16:15:43.064+0000] {processor.py:161} INFO - Started process (PID=230) to work on /opt/airflow/dags/sodai_pipeline.py
[2025-11-13T16:15:43.067+0000] {processor.py:830} INFO - Processing file /opt/airflow/dags/sodai_pipeline.py for tasks to queue
[2025-11-13T16:15:43.070+0000] {logging_mixin.py:188} INFO - [2025-11-13T16:15:43.069+0000] {dagbag.py:545} INFO - Filling up the DagBag from /opt/airflow/dags/sodai_pipeline.py
[2025-11-13T16:15:43.083+0000] {processor.py:840} INFO - DAG(s) 'sodai_pipeline_dag' retrieved from /opt/airflow/dags/sodai_pipeline.py
[2025-11-13T16:15:43.101+0000] {logging_mixin.py:188} INFO - [2025-11-13T16:15:43.101+0000] {dag.py:3096} INFO - Sync 1 DAGs
[2025-11-13T16:15:43.119+0000] {processor.py:183} INFO - Processing /opt/airflow/dags/sodai_pipeline.py took 0.062 seconds
[2025-11-13T16:16:13.453+0000] {processor.py:161} INFO - Started process (PID=235) to work on /opt/airflow/dags/sodai_pipeline.py
[2025-11-13T16:16:13.459+0000] {processor.py:830} INFO - Processing file /opt/airflow/dags/sodai_pipeline.py for tasks to queue
[2025-11-13T16:16:13.464+0000] {logging_mixin.py:188} INFO - [2025-11-13T16:16:13.463+0000] {dagbag.py:545} INFO - Filling up the DagBag from /opt/airflow/dags/sodai_pipeline.py
[2025-11-13T16:16:13.480+0000] {processor.py:840} INFO - DAG(s) 'sodai_pipeline_dag' retrieved from /opt/airflow/dags/sodai_pipeline.py
[2025-11-13T16:16:13.508+0000] {logging_mixin.py:188} INFO - [2025-11-13T16:16:13.508+0000] {dag.py:3096} INFO - Sync 1 DAGs
[2025-11-13T16:16:13.530+0000] {processor.py:183} INFO - Processing /opt/airflow/dags/sodai_pipeline.py took 0.087 seconds
[2025-11-13T16:16:43.851+0000] {processor.py:161} INFO - Started process (PID=240) to work on /opt/airflow/dags/sodai_pipeline.py
[2025-11-13T16:16:43.854+0000] {processor.py:830} INFO - Processing file /opt/airflow/dags/sodai_pipeline.py for tasks to queue
[2025-11-13T16:16:43.857+0000] {logging_mixin.py:188} INFO - [2025-11-13T16:16:43.857+0000] {dagbag.py:545} INFO - Filling up the DagBag from /opt/airflow/dags/sodai_pipeline.py
[2025-11-13T16:16:43.879+0000] {processor.py:840} INFO - DAG(s) 'sodai_pipeline_dag' retrieved from /opt/airflow/dags/sodai_pipeline.py
[2025-11-13T16:16:43.907+0000] {logging_mixin.py:188} INFO - [2025-11-13T16:16:43.907+0000] {dag.py:3096} INFO - Sync 1 DAGs
[2025-11-13T16:16:43.928+0000] {processor.py:183} INFO - Processing /opt/airflow/dags/sodai_pipeline.py took 0.086 seconds
[2025-11-13T16:17:14.282+0000] {processor.py:161} INFO - Started process (PID=245) to work on /opt/airflow/dags/sodai_pipeline.py
[2025-11-13T16:17:14.284+0000] {processor.py:830} INFO - Processing file /opt/airflow/dags/sodai_pipeline.py for tasks to queue
[2025-11-13T16:17:14.286+0000] {logging_mixin.py:188} INFO - [2025-11-13T16:17:14.286+0000] {dagbag.py:545} INFO - Filling up the DagBag from /opt/airflow/dags/sodai_pipeline.py
[2025-11-13T16:17:14.308+0000] {processor.py:840} INFO - DAG(s) 'sodai_pipeline_dag' retrieved from /opt/airflow/dags/sodai_pipeline.py
[2025-11-13T16:17:14.340+0000] {logging_mixin.py:188} INFO - [2025-11-13T16:17:14.340+0000] {dag.py:3096} INFO - Sync 1 DAGs
[2025-11-13T16:17:14.364+0000] {processor.py:183} INFO - Processing /opt/airflow/dags/sodai_pipeline.py took 0.093 seconds
[2025-11-13T16:17:44.605+0000] {processor.py:161} INFO - Started process (PID=250) to work on /opt/airflow/dags/sodai_pipeline.py
[2025-11-13T16:17:44.606+0000] {processor.py:830} INFO - Processing file /opt/airflow/dags/sodai_pipeline.py for tasks to queue
[2025-11-13T16:17:44.612+0000] {logging_mixin.py:188} INFO - [2025-11-13T16:17:44.611+0000] {dagbag.py:545} INFO - Filling up the DagBag from /opt/airflow/dags/sodai_pipeline.py
[2025-11-13T16:17:44.633+0000] {processor.py:840} INFO - DAG(s) 'sodai_pipeline_dag' retrieved from /opt/airflow/dags/sodai_pipeline.py
[2025-11-13T16:17:44.665+0000] {logging_mixin.py:188} INFO - [2025-11-13T16:17:44.665+0000] {dag.py:3096} INFO - Sync 1 DAGs
[2025-11-13T16:17:44.688+0000] {processor.py:183} INFO - Processing /opt/airflow/dags/sodai_pipeline.py took 0.094 seconds
[2025-11-13T16:18:14.912+0000] {processor.py:161} INFO - Started process (PID=255) to work on /opt/airflow/dags/sodai_pipeline.py
[2025-11-13T16:18:14.914+0000] {processor.py:830} INFO - Processing file /opt/airflow/dags/sodai_pipeline.py for tasks to queue
[2025-11-13T16:18:14.916+0000] {logging_mixin.py:188} INFO - [2025-11-13T16:18:14.916+0000] {dagbag.py:545} INFO - Filling up the DagBag from /opt/airflow/dags/sodai_pipeline.py
[2025-11-13T16:18:14.934+0000] {processor.py:840} INFO - DAG(s) 'sodai_pipeline_dag' retrieved from /opt/airflow/dags/sodai_pipeline.py
[2025-11-13T16:18:14.961+0000] {logging_mixin.py:188} INFO - [2025-11-13T16:18:14.961+0000] {dag.py:3096} INFO - Sync 1 DAGs
[2025-11-13T16:18:14.981+0000] {processor.py:183} INFO - Processing /opt/airflow/dags/sodai_pipeline.py took 0.077 seconds
[2025-11-13T16:18:45.281+0000] {processor.py:161} INFO - Started process (PID=260) to work on /opt/airflow/dags/sodai_pipeline.py
[2025-11-13T16:18:45.282+0000] {processor.py:830} INFO - Processing file /opt/airflow/dags/sodai_pipeline.py for tasks to queue
[2025-11-13T16:18:45.289+0000] {logging_mixin.py:188} INFO - [2025-11-13T16:18:45.288+0000] {dagbag.py:545} INFO - Filling up the DagBag from /opt/airflow/dags/sodai_pipeline.py
[2025-11-13T16:18:45.307+0000] {processor.py:840} INFO - DAG(s) 'sodai_pipeline_dag' retrieved from /opt/airflow/dags/sodai_pipeline.py
[2025-11-13T16:18:45.334+0000] {logging_mixin.py:188} INFO - [2025-11-13T16:18:45.333+0000] {dag.py:3096} INFO - Sync 1 DAGs
[2025-11-13T16:18:45.355+0000] {processor.py:183} INFO - Processing /opt/airflow/dags/sodai_pipeline.py took 0.085 seconds
[2025-11-13T16:19:15.645+0000] {processor.py:161} INFO - Started process (PID=265) to work on /opt/airflow/dags/sodai_pipeline.py
[2025-11-13T16:19:15.647+0000] {processor.py:830} INFO - Processing file /opt/airflow/dags/sodai_pipeline.py for tasks to queue
[2025-11-13T16:19:15.651+0000] {logging_mixin.py:188} INFO - [2025-11-13T16:19:15.651+0000] {dagbag.py:545} INFO - Filling up the DagBag from /opt/airflow/dags/sodai_pipeline.py
[2025-11-13T16:19:15.673+0000] {processor.py:840} INFO - DAG(s) 'sodai_pipeline_dag' retrieved from /opt/airflow/dags/sodai_pipeline.py
[2025-11-13T16:19:15.703+0000] {logging_mixin.py:188} INFO - [2025-11-13T16:19:15.702+0000] {dag.py:3096} INFO - Sync 1 DAGs
[2025-11-13T16:19:15.728+0000] {processor.py:183} INFO - Processing /opt/airflow/dags/sodai_pipeline.py took 0.098 seconds
[2025-11-13T16:19:46.070+0000] {processor.py:161} INFO - Started process (PID=270) to work on /opt/airflow/dags/sodai_pipeline.py
[2025-11-13T16:19:46.073+0000] {processor.py:830} INFO - Processing file /opt/airflow/dags/sodai_pipeline.py for tasks to queue
[2025-11-13T16:19:46.076+0000] {logging_mixin.py:188} INFO - [2025-11-13T16:19:46.076+0000] {dagbag.py:545} INFO - Filling up the DagBag from /opt/airflow/dags/sodai_pipeline.py
[2025-11-13T16:19:46.095+0000] {processor.py:840} INFO - DAG(s) 'sodai_pipeline_dag' retrieved from /opt/airflow/dags/sodai_pipeline.py
[2025-11-13T16:19:46.128+0000] {logging_mixin.py:188} INFO - [2025-11-13T16:19:46.128+0000] {dag.py:3096} INFO - Sync 1 DAGs
[2025-11-13T16:19:46.155+0000] {processor.py:183} INFO - Processing /opt/airflow/dags/sodai_pipeline.py took 0.093 seconds
[2025-11-13T16:20:16.399+0000] {processor.py:161} INFO - Started process (PID=277) to work on /opt/airflow/dags/sodai_pipeline.py
[2025-11-13T16:20:16.400+0000] {processor.py:830} INFO - Processing file /opt/airflow/dags/sodai_pipeline.py for tasks to queue
[2025-11-13T16:20:16.406+0000] {logging_mixin.py:188} INFO - [2025-11-13T16:20:16.406+0000] {dagbag.py:545} INFO - Filling up the DagBag from /opt/airflow/dags/sodai_pipeline.py
[2025-11-13T16:20:16.413+0000] {processor.py:840} INFO - DAG(s) 'sodai_pipeline_dag' retrieved from /opt/airflow/dags/sodai_pipeline.py
[2025-11-13T16:20:16.426+0000] {logging_mixin.py:188} INFO - [2025-11-13T16:20:16.426+0000] {dag.py:3096} INFO - Sync 1 DAGs
[2025-11-13T16:20:16.442+0000] {processor.py:183} INFO - Processing /opt/airflow/dags/sodai_pipeline.py took 0.047 seconds
[2025-11-13T16:20:46.726+0000] {processor.py:161} INFO - Started process (PID=282) to work on /opt/airflow/dags/sodai_pipeline.py
[2025-11-13T16:20:46.727+0000] {processor.py:830} INFO - Processing file /opt/airflow/dags/sodai_pipeline.py for tasks to queue
[2025-11-13T16:20:46.731+0000] {logging_mixin.py:188} INFO - [2025-11-13T16:20:46.730+0000] {dagbag.py:545} INFO - Filling up the DagBag from /opt/airflow/dags/sodai_pipeline.py
[2025-11-13T16:20:46.752+0000] {processor.py:840} INFO - DAG(s) 'sodai_pipeline_dag' retrieved from /opt/airflow/dags/sodai_pipeline.py
[2025-11-13T16:20:46.775+0000] {logging_mixin.py:188} INFO - [2025-11-13T16:20:46.775+0000] {dag.py:3096} INFO - Sync 1 DAGs
[2025-11-13T16:20:46.792+0000] {logging_mixin.py:188} INFO - [2025-11-13T16:20:46.792+0000] {dag.py:3954} INFO - Setting next_dagrun for sodai_pipeline_dag to 2025-11-09 00:00:00+00:00, run_after=2025-11-16 00:00:00+00:00
[2025-11-13T16:20:46.800+0000] {processor.py:183} INFO - Processing /opt/airflow/dags/sodai_pipeline.py took 0.086 seconds
[2025-11-13T16:21:17.097+0000] {processor.py:161} INFO - Started process (PID=289) to work on /opt/airflow/dags/sodai_pipeline.py
[2025-11-13T16:21:17.098+0000] {processor.py:830} INFO - Processing file /opt/airflow/dags/sodai_pipeline.py for tasks to queue
[2025-11-13T16:21:17.101+0000] {logging_mixin.py:188} INFO - [2025-11-13T16:21:17.100+0000] {dagbag.py:545} INFO - Filling up the DagBag from /opt/airflow/dags/sodai_pipeline.py
[2025-11-13T16:21:17.116+0000] {processor.py:840} INFO - DAG(s) 'sodai_pipeline_dag' retrieved from /opt/airflow/dags/sodai_pipeline.py
[2025-11-13T16:21:17.141+0000] {logging_mixin.py:188} INFO - [2025-11-13T16:21:17.141+0000] {dag.py:3096} INFO - Sync 1 DAGs
[2025-11-13T16:21:17.163+0000] {processor.py:183} INFO - Processing /opt/airflow/dags/sodai_pipeline.py took 0.075 seconds
[2025-11-13T16:21:47.438+0000] {processor.py:161} INFO - Started process (PID=294) to work on /opt/airflow/dags/sodai_pipeline.py
[2025-11-13T16:21:47.440+0000] {processor.py:830} INFO - Processing file /opt/airflow/dags/sodai_pipeline.py for tasks to queue
[2025-11-13T16:21:47.445+0000] {logging_mixin.py:188} INFO - [2025-11-13T16:21:47.444+0000] {dagbag.py:545} INFO - Filling up the DagBag from /opt/airflow/dags/sodai_pipeline.py
[2025-11-13T16:21:47.464+0000] {processor.py:840} INFO - DAG(s) 'sodai_pipeline_dag' retrieved from /opt/airflow/dags/sodai_pipeline.py
[2025-11-13T16:21:47.496+0000] {logging_mixin.py:188} INFO - [2025-11-13T16:21:47.496+0000] {dag.py:3096} INFO - Sync 1 DAGs
[2025-11-13T16:21:47.517+0000] {processor.py:183} INFO - Processing /opt/airflow/dags/sodai_pipeline.py took 0.085 seconds
[2025-11-13T16:22:17.781+0000] {processor.py:161} INFO - Started process (PID=299) to work on /opt/airflow/dags/sodai_pipeline.py
[2025-11-13T16:22:17.783+0000] {processor.py:830} INFO - Processing file /opt/airflow/dags/sodai_pipeline.py for tasks to queue
[2025-11-13T16:22:17.786+0000] {logging_mixin.py:188} INFO - [2025-11-13T16:22:17.785+0000] {dagbag.py:545} INFO - Filling up the DagBag from /opt/airflow/dags/sodai_pipeline.py
[2025-11-13T16:22:17.810+0000] {processor.py:840} INFO - DAG(s) 'sodai_pipeline_dag' retrieved from /opt/airflow/dags/sodai_pipeline.py
[2025-11-13T16:22:17.843+0000] {logging_mixin.py:188} INFO - [2025-11-13T16:22:17.843+0000] {dag.py:3096} INFO - Sync 1 DAGs
[2025-11-13T16:22:17.869+0000] {processor.py:183} INFO - Processing /opt/airflow/dags/sodai_pipeline.py took 0.096 seconds
[2025-11-13T16:22:48.087+0000] {processor.py:161} INFO - Started process (PID=304) to work on /opt/airflow/dags/sodai_pipeline.py
[2025-11-13T16:22:48.089+0000] {processor.py:830} INFO - Processing file /opt/airflow/dags/sodai_pipeline.py for tasks to queue
[2025-11-13T16:22:48.092+0000] {logging_mixin.py:188} INFO - [2025-11-13T16:22:48.091+0000] {dagbag.py:545} INFO - Filling up the DagBag from /opt/airflow/dags/sodai_pipeline.py
[2025-11-13T16:22:48.114+0000] {processor.py:840} INFO - DAG(s) 'sodai_pipeline_dag' retrieved from /opt/airflow/dags/sodai_pipeline.py
[2025-11-13T16:22:48.137+0000] {logging_mixin.py:188} INFO - [2025-11-13T16:22:48.137+0000] {dag.py:3096} INFO - Sync 1 DAGs
[2025-11-13T16:22:48.161+0000] {processor.py:183} INFO - Processing /opt/airflow/dags/sodai_pipeline.py took 0.080 seconds
[2025-11-13T16:23:18.478+0000] {processor.py:161} INFO - Started process (PID=309) to work on /opt/airflow/dags/sodai_pipeline.py
[2025-11-13T16:23:18.480+0000] {processor.py:830} INFO - Processing file /opt/airflow/dags/sodai_pipeline.py for tasks to queue
[2025-11-13T16:23:18.482+0000] {logging_mixin.py:188} INFO - [2025-11-13T16:23:18.482+0000] {dagbag.py:545} INFO - Filling up the DagBag from /opt/airflow/dags/sodai_pipeline.py
[2025-11-13T16:23:18.500+0000] {processor.py:840} INFO - DAG(s) 'sodai_pipeline_dag' retrieved from /opt/airflow/dags/sodai_pipeline.py
[2025-11-13T16:23:18.528+0000] {logging_mixin.py:188} INFO - [2025-11-13T16:23:18.528+0000] {dag.py:3096} INFO - Sync 1 DAGs
[2025-11-13T16:23:18.550+0000] {processor.py:183} INFO - Processing /opt/airflow/dags/sodai_pipeline.py took 0.082 seconds
[2025-11-13T16:23:48.876+0000] {processor.py:161} INFO - Started process (PID=314) to work on /opt/airflow/dags/sodai_pipeline.py
[2025-11-13T16:23:48.877+0000] {processor.py:830} INFO - Processing file /opt/airflow/dags/sodai_pipeline.py for tasks to queue
[2025-11-13T16:23:48.880+0000] {logging_mixin.py:188} INFO - [2025-11-13T16:23:48.880+0000] {dagbag.py:545} INFO - Filling up the DagBag from /opt/airflow/dags/sodai_pipeline.py
[2025-11-13T16:23:48.898+0000] {processor.py:840} INFO - DAG(s) 'sodai_pipeline_dag' retrieved from /opt/airflow/dags/sodai_pipeline.py
[2025-11-13T16:23:48.927+0000] {logging_mixin.py:188} INFO - [2025-11-13T16:23:48.927+0000] {dag.py:3096} INFO - Sync 1 DAGs
[2025-11-13T16:23:48.952+0000] {processor.py:183} INFO - Processing /opt/airflow/dags/sodai_pipeline.py took 0.087 seconds
[2025-11-13T16:24:19.305+0000] {processor.py:161} INFO - Started process (PID=319) to work on /opt/airflow/dags/sodai_pipeline.py
[2025-11-13T16:24:19.308+0000] {processor.py:830} INFO - Processing file /opt/airflow/dags/sodai_pipeline.py for tasks to queue
[2025-11-13T16:24:19.312+0000] {logging_mixin.py:188} INFO - [2025-11-13T16:24:19.311+0000] {dagbag.py:545} INFO - Filling up the DagBag from /opt/airflow/dags/sodai_pipeline.py
[2025-11-13T16:24:19.333+0000] {processor.py:840} INFO - DAG(s) 'sodai_pipeline_dag' retrieved from /opt/airflow/dags/sodai_pipeline.py
[2025-11-13T16:24:19.359+0000] {logging_mixin.py:188} INFO - [2025-11-13T16:24:19.359+0000] {dag.py:3096} INFO - Sync 1 DAGs
[2025-11-13T16:24:19.378+0000] {processor.py:183} INFO - Processing /opt/airflow/dags/sodai_pipeline.py took 0.083 seconds
[2025-11-13T16:24:49.689+0000] {processor.py:161} INFO - Started process (PID=324) to work on /opt/airflow/dags/sodai_pipeline.py
[2025-11-13T16:24:49.691+0000] {processor.py:830} INFO - Processing file /opt/airflow/dags/sodai_pipeline.py for tasks to queue
[2025-11-13T16:24:49.694+0000] {logging_mixin.py:188} INFO - [2025-11-13T16:24:49.693+0000] {dagbag.py:545} INFO - Filling up the DagBag from /opt/airflow/dags/sodai_pipeline.py
[2025-11-13T16:24:49.715+0000] {processor.py:840} INFO - DAG(s) 'sodai_pipeline_dag' retrieved from /opt/airflow/dags/sodai_pipeline.py
[2025-11-13T16:24:49.748+0000] {logging_mixin.py:188} INFO - [2025-11-13T16:24:49.748+0000] {dag.py:3096} INFO - Sync 1 DAGs
[2025-11-13T16:24:49.768+0000] {processor.py:183} INFO - Processing /opt/airflow/dags/sodai_pipeline.py took 0.089 seconds
[2025-11-13T16:25:19.970+0000] {processor.py:161} INFO - Started process (PID=329) to work on /opt/airflow/dags/sodai_pipeline.py
[2025-11-13T16:25:19.971+0000] {processor.py:830} INFO - Processing file /opt/airflow/dags/sodai_pipeline.py for tasks to queue
[2025-11-13T16:25:19.974+0000] {logging_mixin.py:188} INFO - [2025-11-13T16:25:19.974+0000] {dagbag.py:545} INFO - Filling up the DagBag from /opt/airflow/dags/sodai_pipeline.py
[2025-11-13T16:25:19.998+0000] {processor.py:840} INFO - DAG(s) 'sodai_pipeline_dag' retrieved from /opt/airflow/dags/sodai_pipeline.py
[2025-11-13T16:25:20.025+0000] {logging_mixin.py:188} INFO - [2025-11-13T16:25:20.025+0000] {dag.py:3096} INFO - Sync 1 DAGs
[2025-11-13T16:25:20.055+0000] {processor.py:183} INFO - Processing /opt/airflow/dags/sodai_pipeline.py took 0.099 seconds
[2025-11-13T16:25:50.321+0000] {processor.py:161} INFO - Started process (PID=334) to work on /opt/airflow/dags/sodai_pipeline.py
[2025-11-13T16:25:50.322+0000] {processor.py:830} INFO - Processing file /opt/airflow/dags/sodai_pipeline.py for tasks to queue
[2025-11-13T16:25:50.325+0000] {logging_mixin.py:188} INFO - [2025-11-13T16:25:50.325+0000] {dagbag.py:545} INFO - Filling up the DagBag from /opt/airflow/dags/sodai_pipeline.py
[2025-11-13T16:25:50.343+0000] {processor.py:840} INFO - DAG(s) 'sodai_pipeline_dag' retrieved from /opt/airflow/dags/sodai_pipeline.py
[2025-11-13T16:25:50.364+0000] {logging_mixin.py:188} INFO - [2025-11-13T16:25:50.364+0000] {dag.py:3096} INFO - Sync 1 DAGs
[2025-11-13T16:25:50.388+0000] {processor.py:183} INFO - Processing /opt/airflow/dags/sodai_pipeline.py took 0.081 seconds
[2025-11-13T16:26:20.659+0000] {processor.py:161} INFO - Started process (PID=341) to work on /opt/airflow/dags/sodai_pipeline.py
[2025-11-13T16:26:20.664+0000] {processor.py:830} INFO - Processing file /opt/airflow/dags/sodai_pipeline.py for tasks to queue
[2025-11-13T16:26:20.667+0000] {logging_mixin.py:188} INFO - [2025-11-13T16:26:20.667+0000] {dagbag.py:545} INFO - Filling up the DagBag from /opt/airflow/dags/sodai_pipeline.py
[2025-11-13T16:26:20.690+0000] {processor.py:840} INFO - DAG(s) 'sodai_pipeline_dag' retrieved from /opt/airflow/dags/sodai_pipeline.py
[2025-11-13T16:26:20.715+0000] {logging_mixin.py:188} INFO - [2025-11-13T16:26:20.714+0000] {dag.py:3096} INFO - Sync 1 DAGs
[2025-11-13T16:26:20.734+0000] {logging_mixin.py:188} INFO - [2025-11-13T16:26:20.734+0000] {dag.py:3954} INFO - Setting next_dagrun for sodai_pipeline_dag to 2025-11-09 00:00:00+00:00, run_after=2025-11-16 00:00:00+00:00
[2025-11-13T16:26:20.743+0000] {processor.py:183} INFO - Processing /opt/airflow/dags/sodai_pipeline.py took 0.093 seconds
[2025-11-13T16:26:51.052+0000] {processor.py:161} INFO - Started process (PID=346) to work on /opt/airflow/dags/sodai_pipeline.py
[2025-11-13T16:26:51.053+0000] {processor.py:830} INFO - Processing file /opt/airflow/dags/sodai_pipeline.py for tasks to queue
[2025-11-13T16:26:51.056+0000] {logging_mixin.py:188} INFO - [2025-11-13T16:26:51.055+0000] {dagbag.py:545} INFO - Filling up the DagBag from /opt/airflow/dags/sodai_pipeline.py
[2025-11-13T16:26:51.072+0000] {processor.py:840} INFO - DAG(s) 'sodai_pipeline_dag' retrieved from /opt/airflow/dags/sodai_pipeline.py
[2025-11-13T16:26:51.098+0000] {logging_mixin.py:188} INFO - [2025-11-13T16:26:51.098+0000] {dag.py:3096} INFO - Sync 1 DAGs
[2025-11-13T16:26:51.113+0000] {logging_mixin.py:188} INFO - [2025-11-13T16:26:51.113+0000] {dag.py:3954} INFO - Setting next_dagrun for sodai_pipeline_dag to 2025-11-09 00:00:00+00:00, run_after=2025-11-16 00:00:00+00:00
[2025-11-13T16:26:51.125+0000] {processor.py:183} INFO - Processing /opt/airflow/dags/sodai_pipeline.py took 0.079 seconds
[2025-11-13T16:27:21.442+0000] {processor.py:161} INFO - Started process (PID=351) to work on /opt/airflow/dags/sodai_pipeline.py
[2025-11-13T16:27:21.443+0000] {processor.py:830} INFO - Processing file /opt/airflow/dags/sodai_pipeline.py for tasks to queue
[2025-11-13T16:27:21.447+0000] {logging_mixin.py:188} INFO - [2025-11-13T16:27:21.446+0000] {dagbag.py:545} INFO - Filling up the DagBag from /opt/airflow/dags/sodai_pipeline.py
[2025-11-13T16:27:21.473+0000] {processor.py:840} INFO - DAG(s) 'sodai_pipeline_dag' retrieved from /opt/airflow/dags/sodai_pipeline.py
[2025-11-13T16:27:21.507+0000] {logging_mixin.py:188} INFO - [2025-11-13T16:27:21.506+0000] {dag.py:3096} INFO - Sync 1 DAGs
[2025-11-13T16:27:21.519+0000] {logging_mixin.py:188} INFO - [2025-11-13T16:27:21.519+0000] {dag.py:3954} INFO - Setting next_dagrun for sodai_pipeline_dag to 2025-11-09 00:00:00+00:00, run_after=2025-11-16 00:00:00+00:00
[2025-11-13T16:27:21.527+0000] {processor.py:183} INFO - Processing /opt/airflow/dags/sodai_pipeline.py took 0.101 seconds
[2025-11-13T16:27:51.847+0000] {processor.py:161} INFO - Started process (PID=356) to work on /opt/airflow/dags/sodai_pipeline.py
[2025-11-13T16:27:51.849+0000] {processor.py:830} INFO - Processing file /opt/airflow/dags/sodai_pipeline.py for tasks to queue
[2025-11-13T16:27:51.853+0000] {logging_mixin.py:188} INFO - [2025-11-13T16:27:51.852+0000] {dagbag.py:545} INFO - Filling up the DagBag from /opt/airflow/dags/sodai_pipeline.py
[2025-11-13T16:27:51.875+0000] {processor.py:840} INFO - DAG(s) 'sodai_pipeline_dag' retrieved from /opt/airflow/dags/sodai_pipeline.py
[2025-11-13T16:27:51.910+0000] {logging_mixin.py:188} INFO - [2025-11-13T16:27:51.910+0000] {dag.py:3096} INFO - Sync 1 DAGs
[2025-11-13T16:27:51.927+0000] {logging_mixin.py:188} INFO - [2025-11-13T16:27:51.927+0000] {dag.py:3954} INFO - Setting next_dagrun for sodai_pipeline_dag to 2025-11-09 00:00:00+00:00, run_after=2025-11-16 00:00:00+00:00
[2025-11-13T16:27:51.944+0000] {processor.py:183} INFO - Processing /opt/airflow/dags/sodai_pipeline.py took 0.106 seconds
[2025-11-13T16:28:22.193+0000] {processor.py:161} INFO - Started process (PID=361) to work on /opt/airflow/dags/sodai_pipeline.py
[2025-11-13T16:28:22.195+0000] {processor.py:830} INFO - Processing file /opt/airflow/dags/sodai_pipeline.py for tasks to queue
[2025-11-13T16:28:22.201+0000] {logging_mixin.py:188} INFO - [2025-11-13T16:28:22.200+0000] {dagbag.py:545} INFO - Filling up the DagBag from /opt/airflow/dags/sodai_pipeline.py
[2025-11-13T16:28:22.221+0000] {processor.py:840} INFO - DAG(s) 'sodai_pipeline_dag' retrieved from /opt/airflow/dags/sodai_pipeline.py
[2025-11-13T16:28:22.252+0000] {logging_mixin.py:188} INFO - [2025-11-13T16:28:22.252+0000] {dag.py:3096} INFO - Sync 1 DAGs
[2025-11-13T16:28:22.276+0000] {logging_mixin.py:188} INFO - [2025-11-13T16:28:22.276+0000] {dag.py:3954} INFO - Setting next_dagrun for sodai_pipeline_dag to 2025-11-09 00:00:00+00:00, run_after=2025-11-16 00:00:00+00:00
[2025-11-13T16:28:22.286+0000] {processor.py:183} INFO - Processing /opt/airflow/dags/sodai_pipeline.py took 0.101 seconds
[2025-11-13T16:28:52.634+0000] {processor.py:161} INFO - Started process (PID=366) to work on /opt/airflow/dags/sodai_pipeline.py
[2025-11-13T16:28:52.635+0000] {processor.py:830} INFO - Processing file /opt/airflow/dags/sodai_pipeline.py for tasks to queue
[2025-11-13T16:28:52.638+0000] {logging_mixin.py:188} INFO - [2025-11-13T16:28:52.637+0000] {dagbag.py:545} INFO - Filling up the DagBag from /opt/airflow/dags/sodai_pipeline.py
[2025-11-13T16:28:52.655+0000] {processor.py:840} INFO - DAG(s) 'sodai_pipeline_dag' retrieved from /opt/airflow/dags/sodai_pipeline.py
[2025-11-13T16:28:52.682+0000] {logging_mixin.py:188} INFO - [2025-11-13T16:28:52.682+0000] {dag.py:3096} INFO - Sync 1 DAGs
[2025-11-13T16:28:52.699+0000] {logging_mixin.py:188} INFO - [2025-11-13T16:28:52.699+0000] {dag.py:3954} INFO - Setting next_dagrun for sodai_pipeline_dag to 2025-11-09 00:00:00+00:00, run_after=2025-11-16 00:00:00+00:00
[2025-11-13T16:28:52.708+0000] {processor.py:183} INFO - Processing /opt/airflow/dags/sodai_pipeline.py took 0.084 seconds
[2025-11-13T16:29:22.979+0000] {processor.py:161} INFO - Started process (PID=371) to work on /opt/airflow/dags/sodai_pipeline.py
[2025-11-13T16:29:22.981+0000] {processor.py:830} INFO - Processing file /opt/airflow/dags/sodai_pipeline.py for tasks to queue
[2025-11-13T16:29:22.984+0000] {logging_mixin.py:188} INFO - [2025-11-13T16:29:22.984+0000] {dagbag.py:545} INFO - Filling up the DagBag from /opt/airflow/dags/sodai_pipeline.py
[2025-11-13T16:29:23.000+0000] {processor.py:840} INFO - DAG(s) 'sodai_pipeline_dag' retrieved from /opt/airflow/dags/sodai_pipeline.py
[2025-11-13T16:29:23.026+0000] {logging_mixin.py:188} INFO - [2025-11-13T16:29:23.026+0000] {dag.py:3096} INFO - Sync 1 DAGs
[2025-11-13T16:29:23.046+0000] {logging_mixin.py:188} INFO - [2025-11-13T16:29:23.046+0000] {dag.py:3954} INFO - Setting next_dagrun for sodai_pipeline_dag to 2025-11-09 00:00:00+00:00, run_after=2025-11-16 00:00:00+00:00
[2025-11-13T16:29:23.055+0000] {processor.py:183} INFO - Processing /opt/airflow/dags/sodai_pipeline.py took 0.089 seconds
[2025-11-13T16:29:53.296+0000] {processor.py:161} INFO - Started process (PID=376) to work on /opt/airflow/dags/sodai_pipeline.py
[2025-11-13T16:29:53.297+0000] {processor.py:830} INFO - Processing file /opt/airflow/dags/sodai_pipeline.py for tasks to queue
[2025-11-13T16:29:53.300+0000] {logging_mixin.py:188} INFO - [2025-11-13T16:29:53.300+0000] {dagbag.py:545} INFO - Filling up the DagBag from /opt/airflow/dags/sodai_pipeline.py
[2025-11-13T16:29:53.320+0000] {processor.py:840} INFO - DAG(s) 'sodai_pipeline_dag' retrieved from /opt/airflow/dags/sodai_pipeline.py
[2025-11-13T16:29:53.351+0000] {logging_mixin.py:188} INFO - [2025-11-13T16:29:53.350+0000] {dag.py:3096} INFO - Sync 1 DAGs
[2025-11-13T16:29:53.363+0000] {logging_mixin.py:188} INFO - [2025-11-13T16:29:53.363+0000] {dag.py:3954} INFO - Setting next_dagrun for sodai_pipeline_dag to 2025-11-09 00:00:00+00:00, run_after=2025-11-16 00:00:00+00:00
[2025-11-13T16:29:53.375+0000] {processor.py:183} INFO - Processing /opt/airflow/dags/sodai_pipeline.py took 0.091 seconds
[2025-11-13T16:30:23.589+0000] {processor.py:161} INFO - Started process (PID=381) to work on /opt/airflow/dags/sodai_pipeline.py
[2025-11-13T16:30:23.590+0000] {processor.py:830} INFO - Processing file /opt/airflow/dags/sodai_pipeline.py for tasks to queue
[2025-11-13T16:30:23.593+0000] {logging_mixin.py:188} INFO - [2025-11-13T16:30:23.593+0000] {dagbag.py:545} INFO - Filling up the DagBag from /opt/airflow/dags/sodai_pipeline.py
[2025-11-13T16:30:23.610+0000] {processor.py:840} INFO - DAG(s) 'sodai_pipeline_dag' retrieved from /opt/airflow/dags/sodai_pipeline.py
[2025-11-13T16:30:23.637+0000] {logging_mixin.py:188} INFO - [2025-11-13T16:30:23.637+0000] {dag.py:3096} INFO - Sync 1 DAGs
[2025-11-13T16:30:23.653+0000] {logging_mixin.py:188} INFO - [2025-11-13T16:30:23.653+0000] {dag.py:3954} INFO - Setting next_dagrun for sodai_pipeline_dag to 2025-11-09 00:00:00+00:00, run_after=2025-11-16 00:00:00+00:00
[2025-11-13T16:30:23.662+0000] {processor.py:183} INFO - Processing /opt/airflow/dags/sodai_pipeline.py took 0.083 seconds
[2025-11-13T16:30:53.875+0000] {processor.py:161} INFO - Started process (PID=386) to work on /opt/airflow/dags/sodai_pipeline.py
[2025-11-13T16:30:53.876+0000] {processor.py:830} INFO - Processing file /opt/airflow/dags/sodai_pipeline.py for tasks to queue
[2025-11-13T16:30:53.879+0000] {logging_mixin.py:188} INFO - [2025-11-13T16:30:53.879+0000] {dagbag.py:545} INFO - Filling up the DagBag from /opt/airflow/dags/sodai_pipeline.py
[2025-11-13T16:30:53.894+0000] {processor.py:840} INFO - DAG(s) 'sodai_pipeline_dag' retrieved from /opt/airflow/dags/sodai_pipeline.py
[2025-11-13T16:30:53.919+0000] {logging_mixin.py:188} INFO - [2025-11-13T16:30:53.919+0000] {dag.py:3096} INFO - Sync 1 DAGs
[2025-11-13T16:30:53.932+0000] {logging_mixin.py:188} INFO - [2025-11-13T16:30:53.932+0000] {dag.py:3954} INFO - Setting next_dagrun for sodai_pipeline_dag to 2025-11-09 00:00:00+00:00, run_after=2025-11-16 00:00:00+00:00
[2025-11-13T16:30:53.941+0000] {processor.py:183} INFO - Processing /opt/airflow/dags/sodai_pipeline.py took 0.073 seconds
[2025-11-13T16:31:24.237+0000] {processor.py:161} INFO - Started process (PID=391) to work on /opt/airflow/dags/sodai_pipeline.py
[2025-11-13T16:31:24.239+0000] {processor.py:830} INFO - Processing file /opt/airflow/dags/sodai_pipeline.py for tasks to queue
[2025-11-13T16:31:24.241+0000] {logging_mixin.py:188} INFO - [2025-11-13T16:31:24.241+0000] {dagbag.py:545} INFO - Filling up the DagBag from /opt/airflow/dags/sodai_pipeline.py
[2025-11-13T16:31:24.262+0000] {processor.py:840} INFO - DAG(s) 'sodai_pipeline_dag' retrieved from /opt/airflow/dags/sodai_pipeline.py
[2025-11-13T16:31:24.287+0000] {logging_mixin.py:188} INFO - [2025-11-13T16:31:24.287+0000] {dag.py:3096} INFO - Sync 1 DAGs
[2025-11-13T16:31:24.300+0000] {logging_mixin.py:188} INFO - [2025-11-13T16:31:24.300+0000] {dag.py:3954} INFO - Setting next_dagrun for sodai_pipeline_dag to 2025-11-09 00:00:00+00:00, run_after=2025-11-16 00:00:00+00:00
[2025-11-13T16:31:24.313+0000] {processor.py:183} INFO - Processing /opt/airflow/dags/sodai_pipeline.py took 0.083 seconds
[2025-11-13T16:31:54.613+0000] {processor.py:161} INFO - Started process (PID=396) to work on /opt/airflow/dags/sodai_pipeline.py
[2025-11-13T16:31:54.615+0000] {processor.py:830} INFO - Processing file /opt/airflow/dags/sodai_pipeline.py for tasks to queue
[2025-11-13T16:31:54.617+0000] {logging_mixin.py:188} INFO - [2025-11-13T16:31:54.617+0000] {dagbag.py:545} INFO - Filling up the DagBag from /opt/airflow/dags/sodai_pipeline.py
[2025-11-13T16:31:54.638+0000] {processor.py:840} INFO - DAG(s) 'sodai_pipeline_dag' retrieved from /opt/airflow/dags/sodai_pipeline.py
[2025-11-13T16:31:54.665+0000] {logging_mixin.py:188} INFO - [2025-11-13T16:31:54.665+0000] {dag.py:3096} INFO - Sync 1 DAGs
[2025-11-13T16:31:54.678+0000] {logging_mixin.py:188} INFO - [2025-11-13T16:31:54.678+0000] {dag.py:3954} INFO - Setting next_dagrun for sodai_pipeline_dag to 2025-11-09 00:00:00+00:00, run_after=2025-11-16 00:00:00+00:00
[2025-11-13T16:31:54.686+0000] {processor.py:183} INFO - Processing /opt/airflow/dags/sodai_pipeline.py took 0.083 seconds
[2025-11-13T16:32:24.995+0000] {processor.py:161} INFO - Started process (PID=401) to work on /opt/airflow/dags/sodai_pipeline.py
[2025-11-13T16:32:24.998+0000] {processor.py:830} INFO - Processing file /opt/airflow/dags/sodai_pipeline.py for tasks to queue
[2025-11-13T16:32:25.010+0000] {logging_mixin.py:188} INFO - [2025-11-13T16:32:25.009+0000] {dagbag.py:545} INFO - Filling up the DagBag from /opt/airflow/dags/sodai_pipeline.py
[2025-11-13T16:32:25.037+0000] {processor.py:840} INFO - DAG(s) 'sodai_pipeline_dag' retrieved from /opt/airflow/dags/sodai_pipeline.py
[2025-11-13T16:32:25.062+0000] {logging_mixin.py:188} INFO - [2025-11-13T16:32:25.062+0000] {dag.py:3096} INFO - Sync 1 DAGs
[2025-11-13T16:32:25.081+0000] {logging_mixin.py:188} INFO - [2025-11-13T16:32:25.081+0000] {dag.py:3954} INFO - Setting next_dagrun for sodai_pipeline_dag to 2025-11-09 00:00:00+00:00, run_after=2025-11-16 00:00:00+00:00
[2025-11-13T16:32:25.089+0000] {processor.py:183} INFO - Processing /opt/airflow/dags/sodai_pipeline.py took 0.105 seconds
[2025-11-13T16:32:55.443+0000] {processor.py:161} INFO - Started process (PID=406) to work on /opt/airflow/dags/sodai_pipeline.py
[2025-11-13T16:32:55.445+0000] {processor.py:830} INFO - Processing file /opt/airflow/dags/sodai_pipeline.py for tasks to queue
[2025-11-13T16:32:55.448+0000] {logging_mixin.py:188} INFO - [2025-11-13T16:32:55.448+0000] {dagbag.py:545} INFO - Filling up the DagBag from /opt/airflow/dags/sodai_pipeline.py
[2025-11-13T16:32:55.465+0000] {processor.py:840} INFO - DAG(s) 'sodai_pipeline_dag' retrieved from /opt/airflow/dags/sodai_pipeline.py
[2025-11-13T16:32:55.490+0000] {logging_mixin.py:188} INFO - [2025-11-13T16:32:55.490+0000] {dag.py:3096} INFO - Sync 1 DAGs
[2025-11-13T16:32:55.505+0000] {logging_mixin.py:188} INFO - [2025-11-13T16:32:55.505+0000] {dag.py:3954} INFO - Setting next_dagrun for sodai_pipeline_dag to 2025-11-09 00:00:00+00:00, run_after=2025-11-16 00:00:00+00:00
[2025-11-13T16:32:55.513+0000] {processor.py:183} INFO - Processing /opt/airflow/dags/sodai_pipeline.py took 0.077 seconds
[2025-11-13T16:33:25.880+0000] {processor.py:161} INFO - Started process (PID=411) to work on /opt/airflow/dags/sodai_pipeline.py
[2025-11-13T16:33:25.883+0000] {processor.py:830} INFO - Processing file /opt/airflow/dags/sodai_pipeline.py for tasks to queue
[2025-11-13T16:33:25.887+0000] {logging_mixin.py:188} INFO - [2025-11-13T16:33:25.887+0000] {dagbag.py:545} INFO - Filling up the DagBag from /opt/airflow/dags/sodai_pipeline.py
[2025-11-13T16:33:25.908+0000] {processor.py:840} INFO - DAG(s) 'sodai_pipeline_dag' retrieved from /opt/airflow/dags/sodai_pipeline.py
[2025-11-13T16:33:25.933+0000] {logging_mixin.py:188} INFO - [2025-11-13T16:33:25.933+0000] {dag.py:3096} INFO - Sync 1 DAGs
[2025-11-13T16:33:25.948+0000] {logging_mixin.py:188} INFO - [2025-11-13T16:33:25.948+0000] {dag.py:3954} INFO - Setting next_dagrun for sodai_pipeline_dag to 2025-11-09 00:00:00+00:00, run_after=2025-11-16 00:00:00+00:00
[2025-11-13T16:33:25.957+0000] {processor.py:183} INFO - Processing /opt/airflow/dags/sodai_pipeline.py took 0.094 seconds
[2025-11-13T16:33:56.294+0000] {processor.py:161} INFO - Started process (PID=416) to work on /opt/airflow/dags/sodai_pipeline.py
[2025-11-13T16:33:56.295+0000] {processor.py:830} INFO - Processing file /opt/airflow/dags/sodai_pipeline.py for tasks to queue
[2025-11-13T16:33:56.300+0000] {logging_mixin.py:188} INFO - [2025-11-13T16:33:56.299+0000] {dagbag.py:545} INFO - Filling up the DagBag from /opt/airflow/dags/sodai_pipeline.py
[2025-11-13T16:33:56.326+0000] {processor.py:840} INFO - DAG(s) 'sodai_pipeline_dag' retrieved from /opt/airflow/dags/sodai_pipeline.py
[2025-11-13T16:33:56.355+0000] {logging_mixin.py:188} INFO - [2025-11-13T16:33:56.355+0000] {dag.py:3096} INFO - Sync 1 DAGs
[2025-11-13T16:33:56.368+0000] {logging_mixin.py:188} INFO - [2025-11-13T16:33:56.368+0000] {dag.py:3954} INFO - Setting next_dagrun for sodai_pipeline_dag to 2025-11-09 00:00:00+00:00, run_after=2025-11-16 00:00:00+00:00
[2025-11-13T16:33:56.379+0000] {processor.py:183} INFO - Processing /opt/airflow/dags/sodai_pipeline.py took 0.099 seconds
[2025-11-13T16:34:26.704+0000] {processor.py:161} INFO - Started process (PID=421) to work on /opt/airflow/dags/sodai_pipeline.py
[2025-11-13T16:34:26.707+0000] {processor.py:830} INFO - Processing file /opt/airflow/dags/sodai_pipeline.py for tasks to queue
[2025-11-13T16:34:26.714+0000] {logging_mixin.py:188} INFO - [2025-11-13T16:34:26.713+0000] {dagbag.py:545} INFO - Filling up the DagBag from /opt/airflow/dags/sodai_pipeline.py
[2025-11-13T16:34:26.734+0000] {processor.py:840} INFO - DAG(s) 'sodai_pipeline_dag' retrieved from /opt/airflow/dags/sodai_pipeline.py
[2025-11-13T16:34:26.760+0000] {logging_mixin.py:188} INFO - [2025-11-13T16:34:26.760+0000] {dag.py:3096} INFO - Sync 1 DAGs
[2025-11-13T16:34:26.773+0000] {logging_mixin.py:188} INFO - [2025-11-13T16:34:26.772+0000] {dag.py:3954} INFO - Setting next_dagrun for sodai_pipeline_dag to 2025-11-09 00:00:00+00:00, run_after=2025-11-16 00:00:00+00:00
[2025-11-13T16:34:26.783+0000] {processor.py:183} INFO - Processing /opt/airflow/dags/sodai_pipeline.py took 0.086 seconds
[2025-11-13T16:34:57.136+0000] {processor.py:161} INFO - Started process (PID=426) to work on /opt/airflow/dags/sodai_pipeline.py
[2025-11-13T16:34:57.138+0000] {processor.py:830} INFO - Processing file /opt/airflow/dags/sodai_pipeline.py for tasks to queue
[2025-11-13T16:34:57.141+0000] {logging_mixin.py:188} INFO - [2025-11-13T16:34:57.140+0000] {dagbag.py:545} INFO - Filling up the DagBag from /opt/airflow/dags/sodai_pipeline.py
[2025-11-13T16:34:57.161+0000] {processor.py:840} INFO - DAG(s) 'sodai_pipeline_dag' retrieved from /opt/airflow/dags/sodai_pipeline.py
[2025-11-13T16:34:57.189+0000] {logging_mixin.py:188} INFO - [2025-11-13T16:34:57.189+0000] {dag.py:3096} INFO - Sync 1 DAGs
[2025-11-13T16:34:57.204+0000] {logging_mixin.py:188} INFO - [2025-11-13T16:34:57.204+0000] {dag.py:3954} INFO - Setting next_dagrun for sodai_pipeline_dag to 2025-11-09 00:00:00+00:00, run_after=2025-11-16 00:00:00+00:00
[2025-11-13T16:34:57.213+0000] {processor.py:183} INFO - Processing /opt/airflow/dags/sodai_pipeline.py took 0.087 seconds
[2025-11-13T16:35:27.510+0000] {processor.py:161} INFO - Started process (PID=431) to work on /opt/airflow/dags/sodai_pipeline.py
[2025-11-13T16:35:27.513+0000] {processor.py:830} INFO - Processing file /opt/airflow/dags/sodai_pipeline.py for tasks to queue
[2025-11-13T16:35:27.519+0000] {logging_mixin.py:188} INFO - [2025-11-13T16:35:27.518+0000] {dagbag.py:545} INFO - Filling up the DagBag from /opt/airflow/dags/sodai_pipeline.py
[2025-11-13T16:35:27.543+0000] {processor.py:840} INFO - DAG(s) 'sodai_pipeline_dag' retrieved from /opt/airflow/dags/sodai_pipeline.py
[2025-11-13T16:35:27.569+0000] {logging_mixin.py:188} INFO - [2025-11-13T16:35:27.569+0000] {dag.py:3096} INFO - Sync 1 DAGs
[2025-11-13T16:35:27.584+0000] {logging_mixin.py:188} INFO - [2025-11-13T16:35:27.584+0000] {dag.py:3954} INFO - Setting next_dagrun for sodai_pipeline_dag to 2025-11-09 00:00:00+00:00, run_after=2025-11-16 00:00:00+00:00
[2025-11-13T16:35:27.593+0000] {processor.py:183} INFO - Processing /opt/airflow/dags/sodai_pipeline.py took 0.094 seconds
[2025-11-13T16:35:57.999+0000] {processor.py:161} INFO - Started process (PID=436) to work on /opt/airflow/dags/sodai_pipeline.py
[2025-11-13T16:35:58.001+0000] {processor.py:830} INFO - Processing file /opt/airflow/dags/sodai_pipeline.py for tasks to queue
[2025-11-13T16:35:58.004+0000] {logging_mixin.py:188} INFO - [2025-11-13T16:35:58.004+0000] {dagbag.py:545} INFO - Filling up the DagBag from /opt/airflow/dags/sodai_pipeline.py
[2025-11-13T16:35:58.027+0000] {processor.py:840} INFO - DAG(s) 'sodai_pipeline_dag' retrieved from /opt/airflow/dags/sodai_pipeline.py
[2025-11-13T16:35:58.054+0000] {logging_mixin.py:188} INFO - [2025-11-13T16:35:58.054+0000] {dag.py:3096} INFO - Sync 1 DAGs
[2025-11-13T16:35:58.067+0000] {logging_mixin.py:188} INFO - [2025-11-13T16:35:58.067+0000] {dag.py:3954} INFO - Setting next_dagrun for sodai_pipeline_dag to 2025-11-09 00:00:00+00:00, run_after=2025-11-16 00:00:00+00:00
[2025-11-13T16:35:58.076+0000] {processor.py:183} INFO - Processing /opt/airflow/dags/sodai_pipeline.py took 0.094 seconds
[2025-11-13T16:36:28.451+0000] {processor.py:161} INFO - Started process (PID=441) to work on /opt/airflow/dags/sodai_pipeline.py
[2025-11-13T16:36:28.453+0000] {processor.py:830} INFO - Processing file /opt/airflow/dags/sodai_pipeline.py for tasks to queue
[2025-11-13T16:36:28.456+0000] {logging_mixin.py:188} INFO - [2025-11-13T16:36:28.455+0000] {dagbag.py:545} INFO - Filling up the DagBag from /opt/airflow/dags/sodai_pipeline.py
[2025-11-13T16:36:28.477+0000] {processor.py:840} INFO - DAG(s) 'sodai_pipeline_dag' retrieved from /opt/airflow/dags/sodai_pipeline.py
[2025-11-13T16:36:28.502+0000] {logging_mixin.py:188} INFO - [2025-11-13T16:36:28.501+0000] {dag.py:3096} INFO - Sync 1 DAGs
[2025-11-13T16:36:28.519+0000] {logging_mixin.py:188} INFO - [2025-11-13T16:36:28.519+0000] {dag.py:3954} INFO - Setting next_dagrun for sodai_pipeline_dag to 2025-11-09 00:00:00+00:00, run_after=2025-11-16 00:00:00+00:00
[2025-11-13T16:36:28.528+0000] {processor.py:183} INFO - Processing /opt/airflow/dags/sodai_pipeline.py took 0.093 seconds
[2025-11-13T16:36:58.861+0000] {processor.py:161} INFO - Started process (PID=446) to work on /opt/airflow/dags/sodai_pipeline.py
[2025-11-13T16:36:58.863+0000] {processor.py:830} INFO - Processing file /opt/airflow/dags/sodai_pipeline.py for tasks to queue
[2025-11-13T16:36:58.866+0000] {logging_mixin.py:188} INFO - [2025-11-13T16:36:58.866+0000] {dagbag.py:545} INFO - Filling up the DagBag from /opt/airflow/dags/sodai_pipeline.py
[2025-11-13T16:36:58.887+0000] {processor.py:840} INFO - DAG(s) 'sodai_pipeline_dag' retrieved from /opt/airflow/dags/sodai_pipeline.py
[2025-11-13T16:36:58.917+0000] {logging_mixin.py:188} INFO - [2025-11-13T16:36:58.917+0000] {dag.py:3096} INFO - Sync 1 DAGs
[2025-11-13T16:36:58.931+0000] {logging_mixin.py:188} INFO - [2025-11-13T16:36:58.931+0000] {dag.py:3954} INFO - Setting next_dagrun for sodai_pipeline_dag to 2025-11-09 00:00:00+00:00, run_after=2025-11-16 00:00:00+00:00
[2025-11-13T16:36:58.940+0000] {processor.py:183} INFO - Processing /opt/airflow/dags/sodai_pipeline.py took 0.092 seconds
[2025-11-13T16:37:29.260+0000] {processor.py:161} INFO - Started process (PID=451) to work on /opt/airflow/dags/sodai_pipeline.py
[2025-11-13T16:37:29.261+0000] {processor.py:830} INFO - Processing file /opt/airflow/dags/sodai_pipeline.py for tasks to queue
[2025-11-13T16:37:29.264+0000] {logging_mixin.py:188} INFO - [2025-11-13T16:37:29.263+0000] {dagbag.py:545} INFO - Filling up the DagBag from /opt/airflow/dags/sodai_pipeline.py
[2025-11-13T16:37:29.279+0000] {processor.py:840} INFO - DAG(s) 'sodai_pipeline_dag' retrieved from /opt/airflow/dags/sodai_pipeline.py
[2025-11-13T16:37:29.305+0000] {logging_mixin.py:188} INFO - [2025-11-13T16:37:29.305+0000] {dag.py:3096} INFO - Sync 1 DAGs
[2025-11-13T16:37:29.321+0000] {logging_mixin.py:188} INFO - [2025-11-13T16:37:29.321+0000] {dag.py:3954} INFO - Setting next_dagrun for sodai_pipeline_dag to 2025-11-09 00:00:00+00:00, run_after=2025-11-16 00:00:00+00:00
[2025-11-13T16:37:29.330+0000] {processor.py:183} INFO - Processing /opt/airflow/dags/sodai_pipeline.py took 0.076 seconds
[2025-11-13T16:37:59.655+0000] {processor.py:161} INFO - Started process (PID=456) to work on /opt/airflow/dags/sodai_pipeline.py
[2025-11-13T16:37:59.657+0000] {processor.py:830} INFO - Processing file /opt/airflow/dags/sodai_pipeline.py for tasks to queue
[2025-11-13T16:37:59.662+0000] {logging_mixin.py:188} INFO - [2025-11-13T16:37:59.661+0000] {dagbag.py:545} INFO - Filling up the DagBag from /opt/airflow/dags/sodai_pipeline.py
[2025-11-13T16:37:59.684+0000] {processor.py:840} INFO - DAG(s) 'sodai_pipeline_dag' retrieved from /opt/airflow/dags/sodai_pipeline.py
[2025-11-13T16:37:59.708+0000] {logging_mixin.py:188} INFO - [2025-11-13T16:37:59.708+0000] {dag.py:3096} INFO - Sync 1 DAGs
[2025-11-13T16:37:59.724+0000] {logging_mixin.py:188} INFO - [2025-11-13T16:37:59.724+0000] {dag.py:3954} INFO - Setting next_dagrun for sodai_pipeline_dag to 2025-11-09 00:00:00+00:00, run_after=2025-11-16 00:00:00+00:00
[2025-11-13T16:37:59.733+0000] {processor.py:183} INFO - Processing /opt/airflow/dags/sodai_pipeline.py took 0.087 seconds
[2025-11-13T16:38:30.044+0000] {processor.py:161} INFO - Started process (PID=461) to work on /opt/airflow/dags/sodai_pipeline.py
[2025-11-13T16:38:30.045+0000] {processor.py:830} INFO - Processing file /opt/airflow/dags/sodai_pipeline.py for tasks to queue
[2025-11-13T16:38:30.047+0000] {logging_mixin.py:188} INFO - [2025-11-13T16:38:30.047+0000] {dagbag.py:545} INFO - Filling up the DagBag from /opt/airflow/dags/sodai_pipeline.py
[2025-11-13T16:38:30.070+0000] {processor.py:840} INFO - DAG(s) 'sodai_pipeline_dag' retrieved from /opt/airflow/dags/sodai_pipeline.py
[2025-11-13T16:38:30.100+0000] {logging_mixin.py:188} INFO - [2025-11-13T16:38:30.100+0000] {dag.py:3096} INFO - Sync 1 DAGs
[2025-11-13T16:38:30.114+0000] {logging_mixin.py:188} INFO - [2025-11-13T16:38:30.114+0000] {dag.py:3954} INFO - Setting next_dagrun for sodai_pipeline_dag to 2025-11-09 00:00:00+00:00, run_after=2025-11-16 00:00:00+00:00
[2025-11-13T16:38:30.123+0000] {processor.py:183} INFO - Processing /opt/airflow/dags/sodai_pipeline.py took 0.087 seconds
[2025-11-13T16:39:00.411+0000] {processor.py:161} INFO - Started process (PID=466) to work on /opt/airflow/dags/sodai_pipeline.py
[2025-11-13T16:39:00.413+0000] {processor.py:830} INFO - Processing file /opt/airflow/dags/sodai_pipeline.py for tasks to queue
[2025-11-13T16:39:00.415+0000] {logging_mixin.py:188} INFO - [2025-11-13T16:39:00.415+0000] {dagbag.py:545} INFO - Filling up the DagBag from /opt/airflow/dags/sodai_pipeline.py
[2025-11-13T16:39:00.435+0000] {processor.py:840} INFO - DAG(s) 'sodai_pipeline_dag' retrieved from /opt/airflow/dags/sodai_pipeline.py
[2025-11-13T16:39:00.463+0000] {logging_mixin.py:188} INFO - [2025-11-13T16:39:00.463+0000] {dag.py:3096} INFO - Sync 1 DAGs
[2025-11-13T16:39:00.477+0000] {logging_mixin.py:188} INFO - [2025-11-13T16:39:00.477+0000] {dag.py:3954} INFO - Setting next_dagrun for sodai_pipeline_dag to 2025-11-09 00:00:00+00:00, run_after=2025-11-16 00:00:00+00:00
[2025-11-13T16:39:00.486+0000] {processor.py:183} INFO - Processing /opt/airflow/dags/sodai_pipeline.py took 0.082 seconds
[2025-11-13T16:39:30.788+0000] {processor.py:161} INFO - Started process (PID=471) to work on /opt/airflow/dags/sodai_pipeline.py
[2025-11-13T16:39:30.791+0000] {processor.py:830} INFO - Processing file /opt/airflow/dags/sodai_pipeline.py for tasks to queue
[2025-11-13T16:39:30.794+0000] {logging_mixin.py:188} INFO - [2025-11-13T16:39:30.794+0000] {dagbag.py:545} INFO - Filling up the DagBag from /opt/airflow/dags/sodai_pipeline.py
[2025-11-13T16:39:30.832+0000] {processor.py:840} INFO - DAG(s) 'sodai_pipeline_dag' retrieved from /opt/airflow/dags/sodai_pipeline.py
[2025-11-13T16:39:30.878+0000] {logging_mixin.py:188} INFO - [2025-11-13T16:39:30.878+0000] {dag.py:3096} INFO - Sync 1 DAGs
[2025-11-13T16:39:30.899+0000] {logging_mixin.py:188} INFO - [2025-11-13T16:39:30.899+0000] {dag.py:3954} INFO - Setting next_dagrun for sodai_pipeline_dag to 2025-11-09 00:00:00+00:00, run_after=2025-11-16 00:00:00+00:00
[2025-11-13T16:39:30.911+0000] {processor.py:183} INFO - Processing /opt/airflow/dags/sodai_pipeline.py took 0.139 seconds
[2025-11-13T16:40:01.311+0000] {processor.py:161} INFO - Started process (PID=476) to work on /opt/airflow/dags/sodai_pipeline.py
[2025-11-13T16:40:01.313+0000] {processor.py:830} INFO - Processing file /opt/airflow/dags/sodai_pipeline.py for tasks to queue
[2025-11-13T16:40:01.316+0000] {logging_mixin.py:188} INFO - [2025-11-13T16:40:01.315+0000] {dagbag.py:545} INFO - Filling up the DagBag from /opt/airflow/dags/sodai_pipeline.py
[2025-11-13T16:40:01.347+0000] {processor.py:840} INFO - DAG(s) 'sodai_pipeline_dag' retrieved from /opt/airflow/dags/sodai_pipeline.py
[2025-11-13T16:40:01.374+0000] {logging_mixin.py:188} INFO - [2025-11-13T16:40:01.374+0000] {dag.py:3096} INFO - Sync 1 DAGs
[2025-11-13T16:40:01.393+0000] {logging_mixin.py:188} INFO - [2025-11-13T16:40:01.393+0000] {dag.py:3954} INFO - Setting next_dagrun for sodai_pipeline_dag to 2025-11-09 00:00:00+00:00, run_after=2025-11-16 00:00:00+00:00
[2025-11-13T16:40:01.401+0000] {processor.py:183} INFO - Processing /opt/airflow/dags/sodai_pipeline.py took 0.105 seconds
[2025-11-13T16:40:31.721+0000] {processor.py:161} INFO - Started process (PID=481) to work on /opt/airflow/dags/sodai_pipeline.py
[2025-11-13T16:40:31.725+0000] {processor.py:830} INFO - Processing file /opt/airflow/dags/sodai_pipeline.py for tasks to queue
[2025-11-13T16:40:31.728+0000] {logging_mixin.py:188} INFO - [2025-11-13T16:40:31.728+0000] {dagbag.py:545} INFO - Filling up the DagBag from /opt/airflow/dags/sodai_pipeline.py
[2025-11-13T16:40:31.748+0000] {processor.py:840} INFO - DAG(s) 'sodai_pipeline_dag' retrieved from /opt/airflow/dags/sodai_pipeline.py
[2025-11-13T16:40:31.770+0000] {logging_mixin.py:188} INFO - [2025-11-13T16:40:31.769+0000] {dag.py:3096} INFO - Sync 1 DAGs
[2025-11-13T16:40:31.783+0000] {logging_mixin.py:188} INFO - [2025-11-13T16:40:31.783+0000] {dag.py:3954} INFO - Setting next_dagrun for sodai_pipeline_dag to 2025-11-09 00:00:00+00:00, run_after=2025-11-16 00:00:00+00:00
[2025-11-13T16:40:31.792+0000] {processor.py:183} INFO - Processing /opt/airflow/dags/sodai_pipeline.py took 0.082 seconds
[2025-11-13T16:41:02.098+0000] {processor.py:161} INFO - Started process (PID=486) to work on /opt/airflow/dags/sodai_pipeline.py
[2025-11-13T16:41:02.100+0000] {processor.py:830} INFO - Processing file /opt/airflow/dags/sodai_pipeline.py for tasks to queue
[2025-11-13T16:41:02.104+0000] {logging_mixin.py:188} INFO - [2025-11-13T16:41:02.104+0000] {dagbag.py:545} INFO - Filling up the DagBag from /opt/airflow/dags/sodai_pipeline.py
[2025-11-13T16:41:02.123+0000] {processor.py:840} INFO - DAG(s) 'sodai_pipeline_dag' retrieved from /opt/airflow/dags/sodai_pipeline.py
[2025-11-13T16:41:02.144+0000] {logging_mixin.py:188} INFO - [2025-11-13T16:41:02.144+0000] {dag.py:3096} INFO - Sync 1 DAGs
[2025-11-13T16:41:02.157+0000] {logging_mixin.py:188} INFO - [2025-11-13T16:41:02.157+0000] {dag.py:3954} INFO - Setting next_dagrun for sodai_pipeline_dag to 2025-11-09 00:00:00+00:00, run_after=2025-11-16 00:00:00+00:00
[2025-11-13T16:41:02.165+0000] {processor.py:183} INFO - Processing /opt/airflow/dags/sodai_pipeline.py took 0.078 seconds
[2025-11-13T16:41:32.563+0000] {processor.py:161} INFO - Started process (PID=491) to work on /opt/airflow/dags/sodai_pipeline.py
[2025-11-13T16:41:32.567+0000] {processor.py:830} INFO - Processing file /opt/airflow/dags/sodai_pipeline.py for tasks to queue
[2025-11-13T16:41:32.572+0000] {logging_mixin.py:188} INFO - [2025-11-13T16:41:32.571+0000] {dagbag.py:545} INFO - Filling up the DagBag from /opt/airflow/dags/sodai_pipeline.py
[2025-11-13T16:41:32.592+0000] {processor.py:840} INFO - DAG(s) 'sodai_pipeline_dag' retrieved from /opt/airflow/dags/sodai_pipeline.py
[2025-11-13T16:41:32.616+0000] {logging_mixin.py:188} INFO - [2025-11-13T16:41:32.616+0000] {dag.py:3096} INFO - Sync 1 DAGs
[2025-11-13T16:41:32.630+0000] {logging_mixin.py:188} INFO - [2025-11-13T16:41:32.630+0000] {dag.py:3954} INFO - Setting next_dagrun for sodai_pipeline_dag to 2025-11-09 00:00:00+00:00, run_after=2025-11-16 00:00:00+00:00
[2025-11-13T16:41:32.638+0000] {processor.py:183} INFO - Processing /opt/airflow/dags/sodai_pipeline.py took 0.086 seconds
[2025-11-13T16:42:03.016+0000] {processor.py:161} INFO - Started process (PID=496) to work on /opt/airflow/dags/sodai_pipeline.py
[2025-11-13T16:42:03.018+0000] {processor.py:830} INFO - Processing file /opt/airflow/dags/sodai_pipeline.py for tasks to queue
[2025-11-13T16:42:03.020+0000] {logging_mixin.py:188} INFO - [2025-11-13T16:42:03.020+0000] {dagbag.py:545} INFO - Filling up the DagBag from /opt/airflow/dags/sodai_pipeline.py
[2025-11-13T16:42:03.037+0000] {processor.py:840} INFO - DAG(s) 'sodai_pipeline_dag' retrieved from /opt/airflow/dags/sodai_pipeline.py
[2025-11-13T16:42:03.061+0000] {logging_mixin.py:188} INFO - [2025-11-13T16:42:03.060+0000] {dag.py:3096} INFO - Sync 1 DAGs
[2025-11-13T16:42:03.077+0000] {logging_mixin.py:188} INFO - [2025-11-13T16:42:03.077+0000] {dag.py:3954} INFO - Setting next_dagrun for sodai_pipeline_dag to 2025-11-09 00:00:00+00:00, run_after=2025-11-16 00:00:00+00:00
[2025-11-13T16:42:03.085+0000] {processor.py:183} INFO - Processing /opt/airflow/dags/sodai_pipeline.py took 0.078 seconds
[2025-11-13T16:42:33.382+0000] {processor.py:161} INFO - Started process (PID=501) to work on /opt/airflow/dags/sodai_pipeline.py
[2025-11-13T16:42:33.385+0000] {processor.py:830} INFO - Processing file /opt/airflow/dags/sodai_pipeline.py for tasks to queue
[2025-11-13T16:42:33.391+0000] {logging_mixin.py:188} INFO - [2025-11-13T16:42:33.391+0000] {dagbag.py:545} INFO - Filling up the DagBag from /opt/airflow/dags/sodai_pipeline.py
[2025-11-13T16:42:33.410+0000] {processor.py:840} INFO - DAG(s) 'sodai_pipeline_dag' retrieved from /opt/airflow/dags/sodai_pipeline.py
[2025-11-13T16:42:33.431+0000] {logging_mixin.py:188} INFO - [2025-11-13T16:42:33.431+0000] {dag.py:3096} INFO - Sync 1 DAGs
[2025-11-13T16:42:33.445+0000] {logging_mixin.py:188} INFO - [2025-11-13T16:42:33.445+0000] {dag.py:3954} INFO - Setting next_dagrun for sodai_pipeline_dag to 2025-11-09 00:00:00+00:00, run_after=2025-11-16 00:00:00+00:00
[2025-11-13T16:42:33.455+0000] {processor.py:183} INFO - Processing /opt/airflow/dags/sodai_pipeline.py took 0.084 seconds
[2025-11-13T16:43:03.789+0000] {processor.py:161} INFO - Started process (PID=506) to work on /opt/airflow/dags/sodai_pipeline.py
[2025-11-13T16:43:03.790+0000] {processor.py:830} INFO - Processing file /opt/airflow/dags/sodai_pipeline.py for tasks to queue
[2025-11-13T16:43:03.792+0000] {logging_mixin.py:188} INFO - [2025-11-13T16:43:03.792+0000] {dagbag.py:545} INFO - Filling up the DagBag from /opt/airflow/dags/sodai_pipeline.py
[2025-11-13T16:43:03.809+0000] {processor.py:840} INFO - DAG(s) 'sodai_pipeline_dag' retrieved from /opt/airflow/dags/sodai_pipeline.py
[2025-11-13T16:43:03.833+0000] {logging_mixin.py:188} INFO - [2025-11-13T16:43:03.833+0000] {dag.py:3096} INFO - Sync 1 DAGs
[2025-11-13T16:43:03.847+0000] {logging_mixin.py:188} INFO - [2025-11-13T16:43:03.847+0000] {dag.py:3954} INFO - Setting next_dagrun for sodai_pipeline_dag to 2025-11-09 00:00:00+00:00, run_after=2025-11-16 00:00:00+00:00
[2025-11-13T16:43:03.856+0000] {processor.py:183} INFO - Processing /opt/airflow/dags/sodai_pipeline.py took 0.075 seconds
[2025-11-13T16:43:34.218+0000] {processor.py:161} INFO - Started process (PID=511) to work on /opt/airflow/dags/sodai_pipeline.py
[2025-11-13T16:43:34.220+0000] {processor.py:830} INFO - Processing file /opt/airflow/dags/sodai_pipeline.py for tasks to queue
[2025-11-13T16:43:34.223+0000] {logging_mixin.py:188} INFO - [2025-11-13T16:43:34.222+0000] {dagbag.py:545} INFO - Filling up the DagBag from /opt/airflow/dags/sodai_pipeline.py
[2025-11-13T16:43:34.241+0000] {processor.py:840} INFO - DAG(s) 'sodai_pipeline_dag' retrieved from /opt/airflow/dags/sodai_pipeline.py
[2025-11-13T16:43:34.273+0000] {logging_mixin.py:188} INFO - [2025-11-13T16:43:34.273+0000] {dag.py:3096} INFO - Sync 1 DAGs
[2025-11-13T16:43:34.291+0000] {logging_mixin.py:188} INFO - [2025-11-13T16:43:34.291+0000] {dag.py:3954} INFO - Setting next_dagrun for sodai_pipeline_dag to 2025-11-09 00:00:00+00:00, run_after=2025-11-16 00:00:00+00:00
[2025-11-13T16:43:34.303+0000] {processor.py:183} INFO - Processing /opt/airflow/dags/sodai_pipeline.py took 0.098 seconds
[2025-11-13T16:44:04.656+0000] {processor.py:161} INFO - Started process (PID=516) to work on /opt/airflow/dags/sodai_pipeline.py
[2025-11-13T16:44:04.658+0000] {processor.py:830} INFO - Processing file /opt/airflow/dags/sodai_pipeline.py for tasks to queue
[2025-11-13T16:44:04.660+0000] {logging_mixin.py:188} INFO - [2025-11-13T16:44:04.660+0000] {dagbag.py:545} INFO - Filling up the DagBag from /opt/airflow/dags/sodai_pipeline.py
[2025-11-13T16:44:04.678+0000] {processor.py:840} INFO - DAG(s) 'sodai_pipeline_dag' retrieved from /opt/airflow/dags/sodai_pipeline.py
[2025-11-13T16:44:04.706+0000] {logging_mixin.py:188} INFO - [2025-11-13T16:44:04.706+0000] {dag.py:3096} INFO - Sync 1 DAGs
[2025-11-13T16:44:04.722+0000] {logging_mixin.py:188} INFO - [2025-11-13T16:44:04.722+0000] {dag.py:3954} INFO - Setting next_dagrun for sodai_pipeline_dag to 2025-11-09 00:00:00+00:00, run_after=2025-11-16 00:00:00+00:00
[2025-11-13T16:44:04.731+0000] {processor.py:183} INFO - Processing /opt/airflow/dags/sodai_pipeline.py took 0.084 seconds
[2025-11-13T16:44:35.081+0000] {processor.py:161} INFO - Started process (PID=521) to work on /opt/airflow/dags/sodai_pipeline.py
[2025-11-13T16:44:35.083+0000] {processor.py:830} INFO - Processing file /opt/airflow/dags/sodai_pipeline.py for tasks to queue
[2025-11-13T16:44:35.087+0000] {logging_mixin.py:188} INFO - [2025-11-13T16:44:35.087+0000] {dagbag.py:545} INFO - Filling up the DagBag from /opt/airflow/dags/sodai_pipeline.py
[2025-11-13T16:44:35.104+0000] {processor.py:840} INFO - DAG(s) 'sodai_pipeline_dag' retrieved from /opt/airflow/dags/sodai_pipeline.py
[2025-11-13T16:44:35.132+0000] {logging_mixin.py:188} INFO - [2025-11-13T16:44:35.132+0000] {dag.py:3096} INFO - Sync 1 DAGs
[2025-11-13T16:44:35.145+0000] {logging_mixin.py:188} INFO - [2025-11-13T16:44:35.145+0000] {dag.py:3954} INFO - Setting next_dagrun for sodai_pipeline_dag to 2025-11-09 00:00:00+00:00, run_after=2025-11-16 00:00:00+00:00
[2025-11-13T16:44:35.154+0000] {processor.py:183} INFO - Processing /opt/airflow/dags/sodai_pipeline.py took 0.085 seconds
[2025-11-13T16:45:05.535+0000] {processor.py:161} INFO - Started process (PID=526) to work on /opt/airflow/dags/sodai_pipeline.py
[2025-11-13T16:45:05.537+0000] {processor.py:830} INFO - Processing file /opt/airflow/dags/sodai_pipeline.py for tasks to queue
[2025-11-13T16:45:05.539+0000] {logging_mixin.py:188} INFO - [2025-11-13T16:45:05.539+0000] {dagbag.py:545} INFO - Filling up the DagBag from /opt/airflow/dags/sodai_pipeline.py
[2025-11-13T16:45:05.562+0000] {processor.py:840} INFO - DAG(s) 'sodai_pipeline_dag' retrieved from /opt/airflow/dags/sodai_pipeline.py
[2025-11-13T16:45:05.586+0000] {logging_mixin.py:188} INFO - [2025-11-13T16:45:05.586+0000] {dag.py:3096} INFO - Sync 1 DAGs
[2025-11-13T16:45:05.603+0000] {logging_mixin.py:188} INFO - [2025-11-13T16:45:05.602+0000] {dag.py:3954} INFO - Setting next_dagrun for sodai_pipeline_dag to 2025-11-09 00:00:00+00:00, run_after=2025-11-16 00:00:00+00:00
[2025-11-13T16:45:05.611+0000] {processor.py:183} INFO - Processing /opt/airflow/dags/sodai_pipeline.py took 0.084 seconds
[2025-11-13T16:45:35.882+0000] {processor.py:161} INFO - Started process (PID=531) to work on /opt/airflow/dags/sodai_pipeline.py
[2025-11-13T16:45:35.883+0000] {processor.py:830} INFO - Processing file /opt/airflow/dags/sodai_pipeline.py for tasks to queue
[2025-11-13T16:45:35.886+0000] {logging_mixin.py:188} INFO - [2025-11-13T16:45:35.885+0000] {dagbag.py:545} INFO - Filling up the DagBag from /opt/airflow/dags/sodai_pipeline.py
[2025-11-13T16:45:35.901+0000] {processor.py:840} INFO - DAG(s) 'sodai_pipeline_dag' retrieved from /opt/airflow/dags/sodai_pipeline.py
[2025-11-13T16:45:35.924+0000] {logging_mixin.py:188} INFO - [2025-11-13T16:45:35.924+0000] {dag.py:3096} INFO - Sync 1 DAGs
[2025-11-13T16:45:35.943+0000] {logging_mixin.py:188} INFO - [2025-11-13T16:45:35.943+0000] {dag.py:3954} INFO - Setting next_dagrun for sodai_pipeline_dag to 2025-11-09 00:00:00+00:00, run_after=2025-11-16 00:00:00+00:00
[2025-11-13T16:45:35.951+0000] {processor.py:183} INFO - Processing /opt/airflow/dags/sodai_pipeline.py took 0.077 seconds
[2025-11-13T16:46:06.322+0000] {processor.py:161} INFO - Started process (PID=536) to work on /opt/airflow/dags/sodai_pipeline.py
[2025-11-13T16:46:06.324+0000] {processor.py:830} INFO - Processing file /opt/airflow/dags/sodai_pipeline.py for tasks to queue
[2025-11-13T16:46:06.328+0000] {logging_mixin.py:188} INFO - [2025-11-13T16:46:06.328+0000] {dagbag.py:545} INFO - Filling up the DagBag from /opt/airflow/dags/sodai_pipeline.py
[2025-11-13T16:46:06.351+0000] {processor.py:840} INFO - DAG(s) 'sodai_pipeline_dag' retrieved from /opt/airflow/dags/sodai_pipeline.py
[2025-11-13T16:46:06.377+0000] {logging_mixin.py:188} INFO - [2025-11-13T16:46:06.377+0000] {dag.py:3096} INFO - Sync 1 DAGs
[2025-11-13T16:46:06.396+0000] {logging_mixin.py:188} INFO - [2025-11-13T16:46:06.396+0000] {dag.py:3954} INFO - Setting next_dagrun for sodai_pipeline_dag to 2025-11-09 00:00:00+00:00, run_after=2025-11-16 00:00:00+00:00
[2025-11-13T16:46:06.404+0000] {processor.py:183} INFO - Processing /opt/airflow/dags/sodai_pipeline.py took 0.094 seconds
[2025-11-13T16:46:36.703+0000] {processor.py:161} INFO - Started process (PID=541) to work on /opt/airflow/dags/sodai_pipeline.py
[2025-11-13T16:46:36.706+0000] {processor.py:830} INFO - Processing file /opt/airflow/dags/sodai_pipeline.py for tasks to queue
[2025-11-13T16:46:36.710+0000] {logging_mixin.py:188} INFO - [2025-11-13T16:46:36.709+0000] {dagbag.py:545} INFO - Filling up the DagBag from /opt/airflow/dags/sodai_pipeline.py
[2025-11-13T16:46:36.734+0000] {processor.py:840} INFO - DAG(s) 'sodai_pipeline_dag' retrieved from /opt/airflow/dags/sodai_pipeline.py
[2025-11-13T16:46:36.757+0000] {logging_mixin.py:188} INFO - [2025-11-13T16:46:36.757+0000] {dag.py:3096} INFO - Sync 1 DAGs
[2025-11-13T16:46:36.770+0000] {logging_mixin.py:188} INFO - [2025-11-13T16:46:36.770+0000] {dag.py:3954} INFO - Setting next_dagrun for sodai_pipeline_dag to 2025-11-09 00:00:00+00:00, run_after=2025-11-16 00:00:00+00:00
[2025-11-13T16:46:36.777+0000] {processor.py:183} INFO - Processing /opt/airflow/dags/sodai_pipeline.py took 0.089 seconds
[2025-11-13T16:47:07.117+0000] {processor.py:161} INFO - Started process (PID=546) to work on /opt/airflow/dags/sodai_pipeline.py
[2025-11-13T16:47:07.119+0000] {processor.py:830} INFO - Processing file /opt/airflow/dags/sodai_pipeline.py for tasks to queue
[2025-11-13T16:47:07.122+0000] {logging_mixin.py:188} INFO - [2025-11-13T16:47:07.122+0000] {dagbag.py:545} INFO - Filling up the DagBag from /opt/airflow/dags/sodai_pipeline.py
[2025-11-13T16:47:07.146+0000] {processor.py:840} INFO - DAG(s) 'sodai_pipeline_dag' retrieved from /opt/airflow/dags/sodai_pipeline.py
[2025-11-13T16:47:07.180+0000] {logging_mixin.py:188} INFO - [2025-11-13T16:47:07.180+0000] {dag.py:3096} INFO - Sync 1 DAGs
[2025-11-13T16:47:07.197+0000] {logging_mixin.py:188} INFO - [2025-11-13T16:47:07.196+0000] {dag.py:3954} INFO - Setting next_dagrun for sodai_pipeline_dag to 2025-11-09 00:00:00+00:00, run_after=2025-11-16 00:00:00+00:00
[2025-11-13T16:47:07.208+0000] {processor.py:183} INFO - Processing /opt/airflow/dags/sodai_pipeline.py took 0.106 seconds
[2025-11-13T16:47:37.543+0000] {processor.py:161} INFO - Started process (PID=551) to work on /opt/airflow/dags/sodai_pipeline.py
[2025-11-13T16:47:37.547+0000] {processor.py:830} INFO - Processing file /opt/airflow/dags/sodai_pipeline.py for tasks to queue
[2025-11-13T16:47:37.551+0000] {logging_mixin.py:188} INFO - [2025-11-13T16:47:37.550+0000] {dagbag.py:545} INFO - Filling up the DagBag from /opt/airflow/dags/sodai_pipeline.py
[2025-11-13T16:47:37.571+0000] {processor.py:840} INFO - DAG(s) 'sodai_pipeline_dag' retrieved from /opt/airflow/dags/sodai_pipeline.py
[2025-11-13T16:47:37.595+0000] {logging_mixin.py:188} INFO - [2025-11-13T16:47:37.595+0000] {dag.py:3096} INFO - Sync 1 DAGs
[2025-11-13T16:47:37.611+0000] {logging_mixin.py:188} INFO - [2025-11-13T16:47:37.611+0000] {dag.py:3954} INFO - Setting next_dagrun for sodai_pipeline_dag to 2025-11-09 00:00:00+00:00, run_after=2025-11-16 00:00:00+00:00
[2025-11-13T16:47:37.620+0000] {processor.py:183} INFO - Processing /opt/airflow/dags/sodai_pipeline.py took 0.087 seconds
[2025-11-13T16:48:07.977+0000] {processor.py:161} INFO - Started process (PID=556) to work on /opt/airflow/dags/sodai_pipeline.py
[2025-11-13T16:48:07.979+0000] {processor.py:830} INFO - Processing file /opt/airflow/dags/sodai_pipeline.py for tasks to queue
[2025-11-13T16:48:07.982+0000] {logging_mixin.py:188} INFO - [2025-11-13T16:48:07.981+0000] {dagbag.py:545} INFO - Filling up the DagBag from /opt/airflow/dags/sodai_pipeline.py
[2025-11-13T16:48:08.003+0000] {processor.py:840} INFO - DAG(s) 'sodai_pipeline_dag' retrieved from /opt/airflow/dags/sodai_pipeline.py
[2025-11-13T16:48:08.027+0000] {logging_mixin.py:188} INFO - [2025-11-13T16:48:08.027+0000] {dag.py:3096} INFO - Sync 1 DAGs
[2025-11-13T16:48:08.040+0000] {logging_mixin.py:188} INFO - [2025-11-13T16:48:08.040+0000] {dag.py:3954} INFO - Setting next_dagrun for sodai_pipeline_dag to 2025-11-09 00:00:00+00:00, run_after=2025-11-16 00:00:00+00:00
[2025-11-13T16:48:08.050+0000] {processor.py:183} INFO - Processing /opt/airflow/dags/sodai_pipeline.py took 0.089 seconds
[2025-11-13T16:48:38.456+0000] {processor.py:161} INFO - Started process (PID=561) to work on /opt/airflow/dags/sodai_pipeline.py
[2025-11-13T16:48:38.459+0000] {processor.py:830} INFO - Processing file /opt/airflow/dags/sodai_pipeline.py for tasks to queue
[2025-11-13T16:48:38.462+0000] {logging_mixin.py:188} INFO - [2025-11-13T16:48:38.461+0000] {dagbag.py:545} INFO - Filling up the DagBag from /opt/airflow/dags/sodai_pipeline.py
[2025-11-13T16:48:38.483+0000] {processor.py:840} INFO - DAG(s) 'sodai_pipeline_dag' retrieved from /opt/airflow/dags/sodai_pipeline.py
[2025-11-13T16:48:38.515+0000] {logging_mixin.py:188} INFO - [2025-11-13T16:48:38.515+0000] {dag.py:3096} INFO - Sync 1 DAGs
[2025-11-13T16:48:38.529+0000] {logging_mixin.py:188} INFO - [2025-11-13T16:48:38.529+0000] {dag.py:3954} INFO - Setting next_dagrun for sodai_pipeline_dag to 2025-11-09 00:00:00+00:00, run_after=2025-11-16 00:00:00+00:00
[2025-11-13T16:48:38.537+0000] {processor.py:183} INFO - Processing /opt/airflow/dags/sodai_pipeline.py took 0.095 seconds
[2025-11-13T16:49:08.874+0000] {processor.py:161} INFO - Started process (PID=566) to work on /opt/airflow/dags/sodai_pipeline.py
[2025-11-13T16:49:08.876+0000] {processor.py:830} INFO - Processing file /opt/airflow/dags/sodai_pipeline.py for tasks to queue
[2025-11-13T16:49:08.879+0000] {logging_mixin.py:188} INFO - [2025-11-13T16:49:08.879+0000] {dagbag.py:545} INFO - Filling up the DagBag from /opt/airflow/dags/sodai_pipeline.py
[2025-11-13T16:49:08.906+0000] {processor.py:840} INFO - DAG(s) 'sodai_pipeline_dag' retrieved from /opt/airflow/dags/sodai_pipeline.py
[2025-11-13T16:49:08.936+0000] {logging_mixin.py:188} INFO - [2025-11-13T16:49:08.936+0000] {dag.py:3096} INFO - Sync 1 DAGs
[2025-11-13T16:49:08.950+0000] {logging_mixin.py:188} INFO - [2025-11-13T16:49:08.950+0000] {dag.py:3954} INFO - Setting next_dagrun for sodai_pipeline_dag to 2025-11-09 00:00:00+00:00, run_after=2025-11-16 00:00:00+00:00
[2025-11-13T16:49:08.965+0000] {processor.py:183} INFO - Processing /opt/airflow/dags/sodai_pipeline.py took 0.101 seconds
[2025-11-13T16:49:39.253+0000] {processor.py:161} INFO - Started process (PID=571) to work on /opt/airflow/dags/sodai_pipeline.py
[2025-11-13T16:49:39.256+0000] {processor.py:830} INFO - Processing file /opt/airflow/dags/sodai_pipeline.py for tasks to queue
[2025-11-13T16:49:39.259+0000] {logging_mixin.py:188} INFO - [2025-11-13T16:49:39.258+0000] {dagbag.py:545} INFO - Filling up the DagBag from /opt/airflow/dags/sodai_pipeline.py
[2025-11-13T16:49:39.275+0000] {processor.py:840} INFO - DAG(s) 'sodai_pipeline_dag' retrieved from /opt/airflow/dags/sodai_pipeline.py
[2025-11-13T16:49:39.303+0000] {logging_mixin.py:188} INFO - [2025-11-13T16:49:39.302+0000] {dag.py:3096} INFO - Sync 1 DAGs
[2025-11-13T16:49:39.316+0000] {logging_mixin.py:188} INFO - [2025-11-13T16:49:39.316+0000] {dag.py:3954} INFO - Setting next_dagrun for sodai_pipeline_dag to 2025-11-09 00:00:00+00:00, run_after=2025-11-16 00:00:00+00:00
[2025-11-13T16:49:39.324+0000] {processor.py:183} INFO - Processing /opt/airflow/dags/sodai_pipeline.py took 0.080 seconds
[2025-11-13T16:50:09.665+0000] {processor.py:161} INFO - Started process (PID=576) to work on /opt/airflow/dags/sodai_pipeline.py
[2025-11-13T16:50:09.667+0000] {processor.py:830} INFO - Processing file /opt/airflow/dags/sodai_pipeline.py for tasks to queue
[2025-11-13T16:50:09.669+0000] {logging_mixin.py:188} INFO - [2025-11-13T16:50:09.669+0000] {dagbag.py:545} INFO - Filling up the DagBag from /opt/airflow/dags/sodai_pipeline.py
[2025-11-13T16:50:09.689+0000] {processor.py:840} INFO - DAG(s) 'sodai_pipeline_dag' retrieved from /opt/airflow/dags/sodai_pipeline.py
[2025-11-13T16:50:09.711+0000] {logging_mixin.py:188} INFO - [2025-11-13T16:50:09.711+0000] {dag.py:3096} INFO - Sync 1 DAGs
[2025-11-13T16:50:09.725+0000] {logging_mixin.py:188} INFO - [2025-11-13T16:50:09.725+0000] {dag.py:3954} INFO - Setting next_dagrun for sodai_pipeline_dag to 2025-11-09 00:00:00+00:00, run_after=2025-11-16 00:00:00+00:00
[2025-11-13T16:50:09.735+0000] {processor.py:183} INFO - Processing /opt/airflow/dags/sodai_pipeline.py took 0.080 seconds
[2025-11-13T16:50:40.091+0000] {processor.py:161} INFO - Started process (PID=581) to work on /opt/airflow/dags/sodai_pipeline.py
[2025-11-13T16:50:40.093+0000] {processor.py:830} INFO - Processing file /opt/airflow/dags/sodai_pipeline.py for tasks to queue
[2025-11-13T16:50:40.098+0000] {logging_mixin.py:188} INFO - [2025-11-13T16:50:40.098+0000] {dagbag.py:545} INFO - Filling up the DagBag from /opt/airflow/dags/sodai_pipeline.py
[2025-11-13T16:50:40.116+0000] {processor.py:840} INFO - DAG(s) 'sodai_pipeline_dag' retrieved from /opt/airflow/dags/sodai_pipeline.py
[2025-11-13T16:50:40.137+0000] {logging_mixin.py:188} INFO - [2025-11-13T16:50:40.137+0000] {dag.py:3096} INFO - Sync 1 DAGs
[2025-11-13T16:50:40.150+0000] {logging_mixin.py:188} INFO - [2025-11-13T16:50:40.150+0000] {dag.py:3954} INFO - Setting next_dagrun for sodai_pipeline_dag to 2025-11-09 00:00:00+00:00, run_after=2025-11-16 00:00:00+00:00
[2025-11-13T16:50:40.158+0000] {processor.py:183} INFO - Processing /opt/airflow/dags/sodai_pipeline.py took 0.075 seconds
[2025-11-13T16:51:10.514+0000] {processor.py:161} INFO - Started process (PID=586) to work on /opt/airflow/dags/sodai_pipeline.py
[2025-11-13T16:51:10.516+0000] {processor.py:830} INFO - Processing file /opt/airflow/dags/sodai_pipeline.py for tasks to queue
[2025-11-13T16:51:10.523+0000] {logging_mixin.py:188} INFO - [2025-11-13T16:51:10.522+0000] {dagbag.py:545} INFO - Filling up the DagBag from /opt/airflow/dags/sodai_pipeline.py
[2025-11-13T16:51:10.542+0000] {processor.py:840} INFO - DAG(s) 'sodai_pipeline_dag' retrieved from /opt/airflow/dags/sodai_pipeline.py
[2025-11-13T16:51:10.573+0000] {logging_mixin.py:188} INFO - [2025-11-13T16:51:10.573+0000] {dag.py:3096} INFO - Sync 1 DAGs
[2025-11-13T16:51:10.592+0000] {logging_mixin.py:188} INFO - [2025-11-13T16:51:10.591+0000] {dag.py:3954} INFO - Setting next_dagrun for sodai_pipeline_dag to 2025-11-09 00:00:00+00:00, run_after=2025-11-16 00:00:00+00:00
[2025-11-13T16:51:10.600+0000] {processor.py:183} INFO - Processing /opt/airflow/dags/sodai_pipeline.py took 0.095 seconds
[2025-11-13T16:51:40.834+0000] {processor.py:161} INFO - Started process (PID=591) to work on /opt/airflow/dags/sodai_pipeline.py
[2025-11-13T16:51:40.836+0000] {processor.py:830} INFO - Processing file /opt/airflow/dags/sodai_pipeline.py for tasks to queue
[2025-11-13T16:51:40.839+0000] {logging_mixin.py:188} INFO - [2025-11-13T16:51:40.839+0000] {dagbag.py:545} INFO - Filling up the DagBag from /opt/airflow/dags/sodai_pipeline.py
[2025-11-13T16:51:40.857+0000] {processor.py:840} INFO - DAG(s) 'sodai_pipeline_dag' retrieved from /opt/airflow/dags/sodai_pipeline.py
[2025-11-13T16:51:40.881+0000] {logging_mixin.py:188} INFO - [2025-11-13T16:51:40.881+0000] {dag.py:3096} INFO - Sync 1 DAGs
[2025-11-13T16:51:40.894+0000] {logging_mixin.py:188} INFO - [2025-11-13T16:51:40.894+0000] {dag.py:3954} INFO - Setting next_dagrun for sodai_pipeline_dag to 2025-11-09 00:00:00+00:00, run_after=2025-11-16 00:00:00+00:00
[2025-11-13T16:51:40.902+0000] {processor.py:183} INFO - Processing /opt/airflow/dags/sodai_pipeline.py took 0.080 seconds
[2025-11-13T16:52:11.278+0000] {processor.py:161} INFO - Started process (PID=596) to work on /opt/airflow/dags/sodai_pipeline.py
[2025-11-13T16:52:11.280+0000] {processor.py:830} INFO - Processing file /opt/airflow/dags/sodai_pipeline.py for tasks to queue
[2025-11-13T16:52:11.283+0000] {logging_mixin.py:188} INFO - [2025-11-13T16:52:11.283+0000] {dagbag.py:545} INFO - Filling up the DagBag from /opt/airflow/dags/sodai_pipeline.py
[2025-11-13T16:52:11.302+0000] {processor.py:840} INFO - DAG(s) 'sodai_pipeline_dag' retrieved from /opt/airflow/dags/sodai_pipeline.py
[2025-11-13T16:52:11.325+0000] {logging_mixin.py:188} INFO - [2025-11-13T16:52:11.325+0000] {dag.py:3096} INFO - Sync 1 DAGs
[2025-11-13T16:52:11.337+0000] {logging_mixin.py:188} INFO - [2025-11-13T16:52:11.337+0000] {dag.py:3954} INFO - Setting next_dagrun for sodai_pipeline_dag to 2025-11-09 00:00:00+00:00, run_after=2025-11-16 00:00:00+00:00
[2025-11-13T16:52:11.346+0000] {processor.py:183} INFO - Processing /opt/airflow/dags/sodai_pipeline.py took 0.085 seconds
[2025-11-13T16:52:41.685+0000] {processor.py:161} INFO - Started process (PID=601) to work on /opt/airflow/dags/sodai_pipeline.py
[2025-11-13T16:52:41.687+0000] {processor.py:830} INFO - Processing file /opt/airflow/dags/sodai_pipeline.py for tasks to queue
[2025-11-13T16:52:41.689+0000] {logging_mixin.py:188} INFO - [2025-11-13T16:52:41.689+0000] {dagbag.py:545} INFO - Filling up the DagBag from /opt/airflow/dags/sodai_pipeline.py
[2025-11-13T16:52:41.708+0000] {processor.py:840} INFO - DAG(s) 'sodai_pipeline_dag' retrieved from /opt/airflow/dags/sodai_pipeline.py
[2025-11-13T16:52:41.736+0000] {logging_mixin.py:188} INFO - [2025-11-13T16:52:41.736+0000] {dag.py:3096} INFO - Sync 1 DAGs
[2025-11-13T16:52:41.750+0000] {logging_mixin.py:188} INFO - [2025-11-13T16:52:41.750+0000] {dag.py:3954} INFO - Setting next_dagrun for sodai_pipeline_dag to 2025-11-09 00:00:00+00:00, run_after=2025-11-16 00:00:00+00:00
[2025-11-13T16:52:41.759+0000] {processor.py:183} INFO - Processing /opt/airflow/dags/sodai_pipeline.py took 0.085 seconds
[2025-11-13T16:53:12.122+0000] {processor.py:161} INFO - Started process (PID=606) to work on /opt/airflow/dags/sodai_pipeline.py
[2025-11-13T16:53:12.124+0000] {processor.py:830} INFO - Processing file /opt/airflow/dags/sodai_pipeline.py for tasks to queue
[2025-11-13T16:53:12.126+0000] {logging_mixin.py:188} INFO - [2025-11-13T16:53:12.126+0000] {dagbag.py:545} INFO - Filling up the DagBag from /opt/airflow/dags/sodai_pipeline.py
[2025-11-13T16:53:12.149+0000] {processor.py:840} INFO - DAG(s) 'sodai_pipeline_dag' retrieved from /opt/airflow/dags/sodai_pipeline.py
[2025-11-13T16:53:12.171+0000] {logging_mixin.py:188} INFO - [2025-11-13T16:53:12.171+0000] {dag.py:3096} INFO - Sync 1 DAGs
[2025-11-13T16:53:12.184+0000] {logging_mixin.py:188} INFO - [2025-11-13T16:53:12.184+0000] {dag.py:3954} INFO - Setting next_dagrun for sodai_pipeline_dag to 2025-11-09 00:00:00+00:00, run_after=2025-11-16 00:00:00+00:00
[2025-11-13T16:53:12.193+0000] {processor.py:183} INFO - Processing /opt/airflow/dags/sodai_pipeline.py took 0.078 seconds
[2025-11-13T16:53:42.546+0000] {processor.py:161} INFO - Started process (PID=611) to work on /opt/airflow/dags/sodai_pipeline.py
[2025-11-13T16:53:42.549+0000] {processor.py:830} INFO - Processing file /opt/airflow/dags/sodai_pipeline.py for tasks to queue
[2025-11-13T16:53:42.553+0000] {logging_mixin.py:188} INFO - [2025-11-13T16:53:42.552+0000] {dagbag.py:545} INFO - Filling up the DagBag from /opt/airflow/dags/sodai_pipeline.py
[2025-11-13T16:53:42.580+0000] {processor.py:840} INFO - DAG(s) 'sodai_pipeline_dag' retrieved from /opt/airflow/dags/sodai_pipeline.py
[2025-11-13T16:53:42.609+0000] {logging_mixin.py:188} INFO - [2025-11-13T16:53:42.609+0000] {dag.py:3096} INFO - Sync 1 DAGs
[2025-11-13T16:53:42.628+0000] {logging_mixin.py:188} INFO - [2025-11-13T16:53:42.628+0000] {dag.py:3954} INFO - Setting next_dagrun for sodai_pipeline_dag to 2025-11-09 00:00:00+00:00, run_after=2025-11-16 00:00:00+00:00
[2025-11-13T16:53:42.636+0000] {processor.py:183} INFO - Processing /opt/airflow/dags/sodai_pipeline.py took 0.111 seconds
[2025-11-13T16:54:13.015+0000] {processor.py:161} INFO - Started process (PID=616) to work on /opt/airflow/dags/sodai_pipeline.py
[2025-11-13T16:54:13.017+0000] {processor.py:830} INFO - Processing file /opt/airflow/dags/sodai_pipeline.py for tasks to queue
[2025-11-13T16:54:13.020+0000] {logging_mixin.py:188} INFO - [2025-11-13T16:54:13.020+0000] {dagbag.py:545} INFO - Filling up the DagBag from /opt/airflow/dags/sodai_pipeline.py
[2025-11-13T16:54:13.036+0000] {processor.py:840} INFO - DAG(s) 'sodai_pipeline_dag' retrieved from /opt/airflow/dags/sodai_pipeline.py
[2025-11-13T16:54:13.063+0000] {logging_mixin.py:188} INFO - [2025-11-13T16:54:13.063+0000] {dag.py:3096} INFO - Sync 1 DAGs
[2025-11-13T16:54:13.077+0000] {logging_mixin.py:188} INFO - [2025-11-13T16:54:13.077+0000] {dag.py:3954} INFO - Setting next_dagrun for sodai_pipeline_dag to 2025-11-09 00:00:00+00:00, run_after=2025-11-16 00:00:00+00:00
[2025-11-13T16:54:13.086+0000] {processor.py:183} INFO - Processing /opt/airflow/dags/sodai_pipeline.py took 0.086 seconds
[2025-11-13T16:54:43.429+0000] {processor.py:161} INFO - Started process (PID=621) to work on /opt/airflow/dags/sodai_pipeline.py
[2025-11-13T16:54:43.432+0000] {processor.py:830} INFO - Processing file /opt/airflow/dags/sodai_pipeline.py for tasks to queue
[2025-11-13T16:54:43.435+0000] {logging_mixin.py:188} INFO - [2025-11-13T16:54:43.435+0000] {dagbag.py:545} INFO - Filling up the DagBag from /opt/airflow/dags/sodai_pipeline.py
[2025-11-13T16:54:43.457+0000] {processor.py:840} INFO - DAG(s) 'sodai_pipeline_dag' retrieved from /opt/airflow/dags/sodai_pipeline.py
[2025-11-13T16:54:43.489+0000] {logging_mixin.py:188} INFO - [2025-11-13T16:54:43.489+0000] {dag.py:3096} INFO - Sync 1 DAGs
[2025-11-13T16:54:43.506+0000] {logging_mixin.py:188} INFO - [2025-11-13T16:54:43.505+0000] {dag.py:3954} INFO - Setting next_dagrun for sodai_pipeline_dag to 2025-11-09 00:00:00+00:00, run_after=2025-11-16 00:00:00+00:00
[2025-11-13T16:54:43.516+0000] {processor.py:183} INFO - Processing /opt/airflow/dags/sodai_pipeline.py took 0.097 seconds
[2025-11-13T16:55:13.827+0000] {processor.py:161} INFO - Started process (PID=626) to work on /opt/airflow/dags/sodai_pipeline.py
[2025-11-13T16:55:13.829+0000] {processor.py:830} INFO - Processing file /opt/airflow/dags/sodai_pipeline.py for tasks to queue
[2025-11-13T16:55:13.833+0000] {logging_mixin.py:188} INFO - [2025-11-13T16:55:13.832+0000] {dagbag.py:545} INFO - Filling up the DagBag from /opt/airflow/dags/sodai_pipeline.py
[2025-11-13T16:55:13.863+0000] {processor.py:840} INFO - DAG(s) 'sodai_pipeline_dag' retrieved from /opt/airflow/dags/sodai_pipeline.py
[2025-11-13T16:55:13.892+0000] {logging_mixin.py:188} INFO - [2025-11-13T16:55:13.892+0000] {dag.py:3096} INFO - Sync 1 DAGs
[2025-11-13T16:55:13.906+0000] {logging_mixin.py:188} INFO - [2025-11-13T16:55:13.906+0000] {dag.py:3954} INFO - Setting next_dagrun for sodai_pipeline_dag to 2025-11-09 00:00:00+00:00, run_after=2025-11-16 00:00:00+00:00
[2025-11-13T16:55:13.914+0000] {processor.py:183} INFO - Processing /opt/airflow/dags/sodai_pipeline.py took 0.097 seconds
[2025-11-13T16:55:44.246+0000] {processor.py:161} INFO - Started process (PID=631) to work on /opt/airflow/dags/sodai_pipeline.py
[2025-11-13T16:55:44.248+0000] {processor.py:830} INFO - Processing file /opt/airflow/dags/sodai_pipeline.py for tasks to queue
[2025-11-13T16:55:44.251+0000] {logging_mixin.py:188} INFO - [2025-11-13T16:55:44.250+0000] {dagbag.py:545} INFO - Filling up the DagBag from /opt/airflow/dags/sodai_pipeline.py
[2025-11-13T16:55:44.269+0000] {processor.py:840} INFO - DAG(s) 'sodai_pipeline_dag' retrieved from /opt/airflow/dags/sodai_pipeline.py
[2025-11-13T16:55:44.292+0000] {logging_mixin.py:188} INFO - [2025-11-13T16:55:44.292+0000] {dag.py:3096} INFO - Sync 1 DAGs
[2025-11-13T16:55:44.306+0000] {logging_mixin.py:188} INFO - [2025-11-13T16:55:44.306+0000] {dag.py:3954} INFO - Setting next_dagrun for sodai_pipeline_dag to 2025-11-09 00:00:00+00:00, run_after=2025-11-16 00:00:00+00:00
[2025-11-13T16:55:44.315+0000] {processor.py:183} INFO - Processing /opt/airflow/dags/sodai_pipeline.py took 0.079 seconds
[2025-11-13T16:56:14.710+0000] {processor.py:161} INFO - Started process (PID=636) to work on /opt/airflow/dags/sodai_pipeline.py
[2025-11-13T16:56:14.713+0000] {processor.py:830} INFO - Processing file /opt/airflow/dags/sodai_pipeline.py for tasks to queue
[2025-11-13T16:56:14.715+0000] {logging_mixin.py:188} INFO - [2025-11-13T16:56:14.715+0000] {dagbag.py:545} INFO - Filling up the DagBag from /opt/airflow/dags/sodai_pipeline.py
[2025-11-13T16:56:14.737+0000] {processor.py:840} INFO - DAG(s) 'sodai_pipeline_dag' retrieved from /opt/airflow/dags/sodai_pipeline.py
[2025-11-13T16:56:14.763+0000] {logging_mixin.py:188} INFO - [2025-11-13T16:56:14.763+0000] {dag.py:3096} INFO - Sync 1 DAGs
[2025-11-13T16:56:14.780+0000] {logging_mixin.py:188} INFO - [2025-11-13T16:56:14.780+0000] {dag.py:3954} INFO - Setting next_dagrun for sodai_pipeline_dag to 2025-11-09 00:00:00+00:00, run_after=2025-11-16 00:00:00+00:00
[2025-11-13T16:56:14.789+0000] {processor.py:183} INFO - Processing /opt/airflow/dags/sodai_pipeline.py took 0.092 seconds
[2025-11-13T16:56:45.136+0000] {processor.py:161} INFO - Started process (PID=641) to work on /opt/airflow/dags/sodai_pipeline.py
[2025-11-13T16:56:45.139+0000] {processor.py:830} INFO - Processing file /opt/airflow/dags/sodai_pipeline.py for tasks to queue
[2025-11-13T16:56:45.142+0000] {logging_mixin.py:188} INFO - [2025-11-13T16:56:45.141+0000] {dagbag.py:545} INFO - Filling up the DagBag from /opt/airflow/dags/sodai_pipeline.py
[2025-11-13T16:56:45.157+0000] {processor.py:840} INFO - DAG(s) 'sodai_pipeline_dag' retrieved from /opt/airflow/dags/sodai_pipeline.py
[2025-11-13T16:56:45.183+0000] {logging_mixin.py:188} INFO - [2025-11-13T16:56:45.183+0000] {dag.py:3096} INFO - Sync 1 DAGs
[2025-11-13T16:56:45.197+0000] {logging_mixin.py:188} INFO - [2025-11-13T16:56:45.197+0000] {dag.py:3954} INFO - Setting next_dagrun for sodai_pipeline_dag to 2025-11-09 00:00:00+00:00, run_after=2025-11-16 00:00:00+00:00
[2025-11-13T16:56:45.205+0000] {processor.py:183} INFO - Processing /opt/airflow/dags/sodai_pipeline.py took 0.080 seconds
[2025-11-13T16:57:15.590+0000] {processor.py:161} INFO - Started process (PID=646) to work on /opt/airflow/dags/sodai_pipeline.py
[2025-11-13T16:57:15.592+0000] {processor.py:830} INFO - Processing file /opt/airflow/dags/sodai_pipeline.py for tasks to queue
[2025-11-13T16:57:15.596+0000] {logging_mixin.py:188} INFO - [2025-11-13T16:57:15.595+0000] {dagbag.py:545} INFO - Filling up the DagBag from /opt/airflow/dags/sodai_pipeline.py
[2025-11-13T16:57:15.616+0000] {processor.py:840} INFO - DAG(s) 'sodai_pipeline_dag' retrieved from /opt/airflow/dags/sodai_pipeline.py
[2025-11-13T16:57:15.642+0000] {logging_mixin.py:188} INFO - [2025-11-13T16:57:15.642+0000] {dag.py:3096} INFO - Sync 1 DAGs
[2025-11-13T16:57:15.658+0000] {logging_mixin.py:188} INFO - [2025-11-13T16:57:15.658+0000] {dag.py:3954} INFO - Setting next_dagrun for sodai_pipeline_dag to 2025-11-09 00:00:00+00:00, run_after=2025-11-16 00:00:00+00:00
[2025-11-13T16:57:15.667+0000] {processor.py:183} INFO - Processing /opt/airflow/dags/sodai_pipeline.py took 0.092 seconds
[2025-11-13T16:57:46.044+0000] {processor.py:161} INFO - Started process (PID=651) to work on /opt/airflow/dags/sodai_pipeline.py
[2025-11-13T16:57:46.045+0000] {processor.py:830} INFO - Processing file /opt/airflow/dags/sodai_pipeline.py for tasks to queue
[2025-11-13T16:57:46.048+0000] {logging_mixin.py:188} INFO - [2025-11-13T16:57:46.048+0000] {dagbag.py:545} INFO - Filling up the DagBag from /opt/airflow/dags/sodai_pipeline.py
[2025-11-13T16:57:46.074+0000] {processor.py:840} INFO - DAG(s) 'sodai_pipeline_dag' retrieved from /opt/airflow/dags/sodai_pipeline.py
[2025-11-13T16:57:46.108+0000] {logging_mixin.py:188} INFO - [2025-11-13T16:57:46.108+0000] {dag.py:3096} INFO - Sync 1 DAGs
[2025-11-13T16:57:46.123+0000] {logging_mixin.py:188} INFO - [2025-11-13T16:57:46.123+0000] {dag.py:3954} INFO - Setting next_dagrun for sodai_pipeline_dag to 2025-11-09 00:00:00+00:00, run_after=2025-11-16 00:00:00+00:00
[2025-11-13T16:57:46.133+0000] {processor.py:183} INFO - Processing /opt/airflow/dags/sodai_pipeline.py took 0.097 seconds
[2025-11-13T16:58:16.430+0000] {processor.py:161} INFO - Started process (PID=656) to work on /opt/airflow/dags/sodai_pipeline.py
[2025-11-13T16:58:16.431+0000] {processor.py:830} INFO - Processing file /opt/airflow/dags/sodai_pipeline.py for tasks to queue
[2025-11-13T16:58:16.434+0000] {logging_mixin.py:188} INFO - [2025-11-13T16:58:16.434+0000] {dagbag.py:545} INFO - Filling up the DagBag from /opt/airflow/dags/sodai_pipeline.py
[2025-11-13T16:58:16.454+0000] {processor.py:840} INFO - DAG(s) 'sodai_pipeline_dag' retrieved from /opt/airflow/dags/sodai_pipeline.py
[2025-11-13T16:58:16.476+0000] {logging_mixin.py:188} INFO - [2025-11-13T16:58:16.476+0000] {dag.py:3096} INFO - Sync 1 DAGs
[2025-11-13T16:58:16.495+0000] {logging_mixin.py:188} INFO - [2025-11-13T16:58:16.495+0000] {dag.py:3954} INFO - Setting next_dagrun for sodai_pipeline_dag to 2025-11-09 00:00:00+00:00, run_after=2025-11-16 00:00:00+00:00
[2025-11-13T16:58:16.503+0000] {processor.py:183} INFO - Processing /opt/airflow/dags/sodai_pipeline.py took 0.088 seconds
[2025-11-13T16:58:46.829+0000] {processor.py:161} INFO - Started process (PID=661) to work on /opt/airflow/dags/sodai_pipeline.py
[2025-11-13T16:58:46.832+0000] {processor.py:830} INFO - Processing file /opt/airflow/dags/sodai_pipeline.py for tasks to queue
[2025-11-13T16:58:46.836+0000] {logging_mixin.py:188} INFO - [2025-11-13T16:58:46.835+0000] {dagbag.py:545} INFO - Filling up the DagBag from /opt/airflow/dags/sodai_pipeline.py
[2025-11-13T16:58:46.860+0000] {processor.py:840} INFO - DAG(s) 'sodai_pipeline_dag' retrieved from /opt/airflow/dags/sodai_pipeline.py
[2025-11-13T16:58:46.892+0000] {logging_mixin.py:188} INFO - [2025-11-13T16:58:46.892+0000] {dag.py:3096} INFO - Sync 1 DAGs
[2025-11-13T16:58:46.910+0000] {logging_mixin.py:188} INFO - [2025-11-13T16:58:46.909+0000] {dag.py:3954} INFO - Setting next_dagrun for sodai_pipeline_dag to 2025-11-09 00:00:00+00:00, run_after=2025-11-16 00:00:00+00:00
[2025-11-13T16:58:46.918+0000] {processor.py:183} INFO - Processing /opt/airflow/dags/sodai_pipeline.py took 0.111 seconds
[2025-11-13T16:59:17.268+0000] {processor.py:161} INFO - Started process (PID=666) to work on /opt/airflow/dags/sodai_pipeline.py
[2025-11-13T16:59:17.270+0000] {processor.py:830} INFO - Processing file /opt/airflow/dags/sodai_pipeline.py for tasks to queue
[2025-11-13T16:59:17.274+0000] {logging_mixin.py:188} INFO - [2025-11-13T16:59:17.273+0000] {dagbag.py:545} INFO - Filling up the DagBag from /opt/airflow/dags/sodai_pipeline.py
[2025-11-13T16:59:17.296+0000] {processor.py:840} INFO - DAG(s) 'sodai_pipeline_dag' retrieved from /opt/airflow/dags/sodai_pipeline.py
[2025-11-13T16:59:17.321+0000] {logging_mixin.py:188} INFO - [2025-11-13T16:59:17.321+0000] {dag.py:3096} INFO - Sync 1 DAGs
[2025-11-13T16:59:17.339+0000] {logging_mixin.py:188} INFO - [2025-11-13T16:59:17.339+0000] {dag.py:3954} INFO - Setting next_dagrun for sodai_pipeline_dag to 2025-11-09 00:00:00+00:00, run_after=2025-11-16 00:00:00+00:00
[2025-11-13T16:59:17.349+0000] {processor.py:183} INFO - Processing /opt/airflow/dags/sodai_pipeline.py took 0.101 seconds
[2025-11-13T16:59:47.652+0000] {processor.py:161} INFO - Started process (PID=671) to work on /opt/airflow/dags/sodai_pipeline.py
[2025-11-13T16:59:47.653+0000] {processor.py:830} INFO - Processing file /opt/airflow/dags/sodai_pipeline.py for tasks to queue
[2025-11-13T16:59:47.658+0000] {logging_mixin.py:188} INFO - [2025-11-13T16:59:47.656+0000] {dagbag.py:545} INFO - Filling up the DagBag from /opt/airflow/dags/sodai_pipeline.py
[2025-11-13T16:59:47.678+0000] {processor.py:840} INFO - DAG(s) 'sodai_pipeline_dag' retrieved from /opt/airflow/dags/sodai_pipeline.py
[2025-11-13T16:59:47.707+0000] {logging_mixin.py:188} INFO - [2025-11-13T16:59:47.707+0000] {dag.py:3096} INFO - Sync 1 DAGs
[2025-11-13T16:59:47.724+0000] {logging_mixin.py:188} INFO - [2025-11-13T16:59:47.724+0000] {dag.py:3954} INFO - Setting next_dagrun for sodai_pipeline_dag to 2025-11-09 00:00:00+00:00, run_after=2025-11-16 00:00:00+00:00
[2025-11-13T16:59:47.733+0000] {processor.py:183} INFO - Processing /opt/airflow/dags/sodai_pipeline.py took 0.098 seconds
[2025-11-13T17:00:18.122+0000] {processor.py:161} INFO - Started process (PID=676) to work on /opt/airflow/dags/sodai_pipeline.py
[2025-11-13T17:00:18.124+0000] {processor.py:830} INFO - Processing file /opt/airflow/dags/sodai_pipeline.py for tasks to queue
[2025-11-13T17:00:18.132+0000] {logging_mixin.py:188} INFO - [2025-11-13T17:00:18.132+0000] {dagbag.py:545} INFO - Filling up the DagBag from /opt/airflow/dags/sodai_pipeline.py
[2025-11-13T17:00:18.159+0000] {processor.py:840} INFO - DAG(s) 'sodai_pipeline_dag' retrieved from /opt/airflow/dags/sodai_pipeline.py
[2025-11-13T17:00:18.188+0000] {logging_mixin.py:188} INFO - [2025-11-13T17:00:18.187+0000] {dag.py:3096} INFO - Sync 1 DAGs
[2025-11-13T17:00:18.202+0000] {logging_mixin.py:188} INFO - [2025-11-13T17:00:18.202+0000] {dag.py:3954} INFO - Setting next_dagrun for sodai_pipeline_dag to 2025-11-09 00:00:00+00:00, run_after=2025-11-16 00:00:00+00:00
[2025-11-13T17:00:18.211+0000] {processor.py:183} INFO - Processing /opt/airflow/dags/sodai_pipeline.py took 0.099 seconds
[2025-11-13T17:00:48.542+0000] {processor.py:161} INFO - Started process (PID=681) to work on /opt/airflow/dags/sodai_pipeline.py
[2025-11-13T17:00:48.544+0000] {processor.py:830} INFO - Processing file /opt/airflow/dags/sodai_pipeline.py for tasks to queue
[2025-11-13T17:00:48.547+0000] {logging_mixin.py:188} INFO - [2025-11-13T17:00:48.547+0000] {dagbag.py:545} INFO - Filling up the DagBag from /opt/airflow/dags/sodai_pipeline.py
[2025-11-13T17:00:48.567+0000] {processor.py:840} INFO - DAG(s) 'sodai_pipeline_dag' retrieved from /opt/airflow/dags/sodai_pipeline.py
[2025-11-13T17:00:48.591+0000] {logging_mixin.py:188} INFO - [2025-11-13T17:00:48.591+0000] {dag.py:3096} INFO - Sync 1 DAGs
[2025-11-13T17:00:48.604+0000] {logging_mixin.py:188} INFO - [2025-11-13T17:00:48.604+0000] {dag.py:3954} INFO - Setting next_dagrun for sodai_pipeline_dag to 2025-11-09 00:00:00+00:00, run_after=2025-11-16 00:00:00+00:00
[2025-11-13T17:00:48.613+0000] {processor.py:183} INFO - Processing /opt/airflow/dags/sodai_pipeline.py took 0.082 seconds
[2025-11-13T17:01:19.006+0000] {processor.py:161} INFO - Started process (PID=686) to work on /opt/airflow/dags/sodai_pipeline.py
[2025-11-13T17:01:19.008+0000] {processor.py:830} INFO - Processing file /opt/airflow/dags/sodai_pipeline.py for tasks to queue
[2025-11-13T17:01:19.011+0000] {logging_mixin.py:188} INFO - [2025-11-13T17:01:19.011+0000] {dagbag.py:545} INFO - Filling up the DagBag from /opt/airflow/dags/sodai_pipeline.py
[2025-11-13T17:01:19.037+0000] {processor.py:840} INFO - DAG(s) 'sodai_pipeline_dag' retrieved from /opt/airflow/dags/sodai_pipeline.py
[2025-11-13T17:01:19.063+0000] {logging_mixin.py:188} INFO - [2025-11-13T17:01:19.063+0000] {dag.py:3096} INFO - Sync 1 DAGs
[2025-11-13T17:01:19.081+0000] {logging_mixin.py:188} INFO - [2025-11-13T17:01:19.081+0000] {dag.py:3954} INFO - Setting next_dagrun for sodai_pipeline_dag to 2025-11-09 00:00:00+00:00, run_after=2025-11-16 00:00:00+00:00
[2025-11-13T17:01:19.090+0000] {processor.py:183} INFO - Processing /opt/airflow/dags/sodai_pipeline.py took 0.094 seconds
[2025-11-13T17:01:49.430+0000] {processor.py:161} INFO - Started process (PID=691) to work on /opt/airflow/dags/sodai_pipeline.py
[2025-11-13T17:01:49.431+0000] {processor.py:830} INFO - Processing file /opt/airflow/dags/sodai_pipeline.py for tasks to queue
[2025-11-13T17:01:49.442+0000] {logging_mixin.py:188} INFO - [2025-11-13T17:01:49.439+0000] {dagbag.py:545} INFO - Filling up the DagBag from /opt/airflow/dags/sodai_pipeline.py
[2025-11-13T17:01:49.467+0000] {processor.py:840} INFO - DAG(s) 'sodai_pipeline_dag' retrieved from /opt/airflow/dags/sodai_pipeline.py
[2025-11-13T17:01:49.496+0000] {logging_mixin.py:188} INFO - [2025-11-13T17:01:49.496+0000] {dag.py:3096} INFO - Sync 1 DAGs
[2025-11-13T17:01:49.510+0000] {logging_mixin.py:188} INFO - [2025-11-13T17:01:49.510+0000] {dag.py:3954} INFO - Setting next_dagrun for sodai_pipeline_dag to 2025-11-09 00:00:00+00:00, run_after=2025-11-16 00:00:00+00:00
[2025-11-13T17:01:49.520+0000] {processor.py:183} INFO - Processing /opt/airflow/dags/sodai_pipeline.py took 0.101 seconds
[2025-11-13T17:02:19.775+0000] {processor.py:161} INFO - Started process (PID=696) to work on /opt/airflow/dags/sodai_pipeline.py
[2025-11-13T17:02:19.777+0000] {processor.py:830} INFO - Processing file /opt/airflow/dags/sodai_pipeline.py for tasks to queue
[2025-11-13T17:02:19.780+0000] {logging_mixin.py:188} INFO - [2025-11-13T17:02:19.779+0000] {dagbag.py:545} INFO - Filling up the DagBag from /opt/airflow/dags/sodai_pipeline.py
[2025-11-13T17:02:19.803+0000] {processor.py:840} INFO - DAG(s) 'sodai_pipeline_dag' retrieved from /opt/airflow/dags/sodai_pipeline.py
[2025-11-13T17:02:19.834+0000] {logging_mixin.py:188} INFO - [2025-11-13T17:02:19.833+0000] {dag.py:3096} INFO - Sync 1 DAGs
[2025-11-13T17:02:19.855+0000] {logging_mixin.py:188} INFO - [2025-11-13T17:02:19.855+0000] {dag.py:3954} INFO - Setting next_dagrun for sodai_pipeline_dag to 2025-11-09 00:00:00+00:00, run_after=2025-11-16 00:00:00+00:00
[2025-11-13T17:02:19.865+0000] {processor.py:183} INFO - Processing /opt/airflow/dags/sodai_pipeline.py took 0.103 seconds
[2025-11-13T17:02:50.124+0000] {processor.py:161} INFO - Started process (PID=701) to work on /opt/airflow/dags/sodai_pipeline.py
[2025-11-13T17:02:50.126+0000] {processor.py:830} INFO - Processing file /opt/airflow/dags/sodai_pipeline.py for tasks to queue
[2025-11-13T17:02:50.129+0000] {logging_mixin.py:188} INFO - [2025-11-13T17:02:50.129+0000] {dagbag.py:545} INFO - Filling up the DagBag from /opt/airflow/dags/sodai_pipeline.py
[2025-11-13T17:02:50.152+0000] {processor.py:840} INFO - DAG(s) 'sodai_pipeline_dag' retrieved from /opt/airflow/dags/sodai_pipeline.py
[2025-11-13T17:02:50.181+0000] {logging_mixin.py:188} INFO - [2025-11-13T17:02:50.180+0000] {dag.py:3096} INFO - Sync 1 DAGs
[2025-11-13T17:02:50.194+0000] {logging_mixin.py:188} INFO - [2025-11-13T17:02:50.194+0000] {dag.py:3954} INFO - Setting next_dagrun for sodai_pipeline_dag to 2025-11-09 00:00:00+00:00, run_after=2025-11-16 00:00:00+00:00
[2025-11-13T17:02:50.205+0000] {processor.py:183} INFO - Processing /opt/airflow/dags/sodai_pipeline.py took 0.088 seconds
[2025-11-13T17:03:20.451+0000] {processor.py:161} INFO - Started process (PID=706) to work on /opt/airflow/dags/sodai_pipeline.py
[2025-11-13T17:03:20.452+0000] {processor.py:830} INFO - Processing file /opt/airflow/dags/sodai_pipeline.py for tasks to queue
[2025-11-13T17:03:20.455+0000] {logging_mixin.py:188} INFO - [2025-11-13T17:03:20.454+0000] {dagbag.py:545} INFO - Filling up the DagBag from /opt/airflow/dags/sodai_pipeline.py
[2025-11-13T17:03:20.467+0000] {processor.py:840} INFO - DAG(s) 'sodai_pipeline_dag' retrieved from /opt/airflow/dags/sodai_pipeline.py
[2025-11-13T17:03:20.490+0000] {logging_mixin.py:188} INFO - [2025-11-13T17:03:20.490+0000] {dag.py:3096} INFO - Sync 1 DAGs
[2025-11-13T17:03:20.507+0000] {logging_mixin.py:188} INFO - [2025-11-13T17:03:20.507+0000] {dag.py:3954} INFO - Setting next_dagrun for sodai_pipeline_dag to 2025-11-09 00:00:00+00:00, run_after=2025-11-16 00:00:00+00:00
[2025-11-13T17:03:20.515+0000] {processor.py:183} INFO - Processing /opt/airflow/dags/sodai_pipeline.py took 0.076 seconds
[2025-11-13T17:03:50.872+0000] {processor.py:161} INFO - Started process (PID=711) to work on /opt/airflow/dags/sodai_pipeline.py
[2025-11-13T17:03:50.874+0000] {processor.py:830} INFO - Processing file /opt/airflow/dags/sodai_pipeline.py for tasks to queue
[2025-11-13T17:03:50.882+0000] {logging_mixin.py:188} INFO - [2025-11-13T17:03:50.880+0000] {dagbag.py:545} INFO - Filling up the DagBag from /opt/airflow/dags/sodai_pipeline.py
[2025-11-13T17:03:50.906+0000] {processor.py:840} INFO - DAG(s) 'sodai_pipeline_dag' retrieved from /opt/airflow/dags/sodai_pipeline.py
[2025-11-13T17:03:50.933+0000] {logging_mixin.py:188} INFO - [2025-11-13T17:03:50.933+0000] {dag.py:3096} INFO - Sync 1 DAGs
[2025-11-13T17:03:50.949+0000] {logging_mixin.py:188} INFO - [2025-11-13T17:03:50.949+0000] {dag.py:3954} INFO - Setting next_dagrun for sodai_pipeline_dag to 2025-11-09 00:00:00+00:00, run_after=2025-11-16 00:00:00+00:00
[2025-11-13T17:03:50.961+0000] {processor.py:183} INFO - Processing /opt/airflow/dags/sodai_pipeline.py took 0.099 seconds
[2025-11-13T17:04:21.245+0000] {processor.py:161} INFO - Started process (PID=716) to work on /opt/airflow/dags/sodai_pipeline.py
[2025-11-13T17:04:21.248+0000] {processor.py:830} INFO - Processing file /opt/airflow/dags/sodai_pipeline.py for tasks to queue
[2025-11-13T17:04:21.257+0000] {logging_mixin.py:188} INFO - [2025-11-13T17:04:21.256+0000] {dagbag.py:545} INFO - Filling up the DagBag from /opt/airflow/dags/sodai_pipeline.py
[2025-11-13T17:04:21.277+0000] {processor.py:840} INFO - DAG(s) 'sodai_pipeline_dag' retrieved from /opt/airflow/dags/sodai_pipeline.py
[2025-11-13T17:04:21.301+0000] {logging_mixin.py:188} INFO - [2025-11-13T17:04:21.301+0000] {dag.py:3096} INFO - Sync 1 DAGs
[2025-11-13T17:04:21.316+0000] {logging_mixin.py:188} INFO - [2025-11-13T17:04:21.316+0000] {dag.py:3954} INFO - Setting next_dagrun for sodai_pipeline_dag to 2025-11-09 00:00:00+00:00, run_after=2025-11-16 00:00:00+00:00
[2025-11-13T17:04:21.324+0000] {processor.py:183} INFO - Processing /opt/airflow/dags/sodai_pipeline.py took 0.098 seconds
[2025-11-13T17:04:51.744+0000] {processor.py:161} INFO - Started process (PID=721) to work on /opt/airflow/dags/sodai_pipeline.py
[2025-11-13T17:04:51.747+0000] {processor.py:830} INFO - Processing file /opt/airflow/dags/sodai_pipeline.py for tasks to queue
[2025-11-13T17:04:51.749+0000] {logging_mixin.py:188} INFO - [2025-11-13T17:04:51.749+0000] {dagbag.py:545} INFO - Filling up the DagBag from /opt/airflow/dags/sodai_pipeline.py
[2025-11-13T17:04:51.765+0000] {processor.py:840} INFO - DAG(s) 'sodai_pipeline_dag' retrieved from /opt/airflow/dags/sodai_pipeline.py
[2025-11-13T17:04:51.788+0000] {logging_mixin.py:188} INFO - [2025-11-13T17:04:51.788+0000] {dag.py:3096} INFO - Sync 1 DAGs
[2025-11-13T17:04:51.802+0000] {logging_mixin.py:188} INFO - [2025-11-13T17:04:51.801+0000] {dag.py:3954} INFO - Setting next_dagrun for sodai_pipeline_dag to 2025-11-09 00:00:00+00:00, run_after=2025-11-16 00:00:00+00:00
[2025-11-13T17:04:51.809+0000] {processor.py:183} INFO - Processing /opt/airflow/dags/sodai_pipeline.py took 0.072 seconds
[2025-11-13T17:05:22.189+0000] {processor.py:161} INFO - Started process (PID=726) to work on /opt/airflow/dags/sodai_pipeline.py
[2025-11-13T17:05:22.191+0000] {processor.py:830} INFO - Processing file /opt/airflow/dags/sodai_pipeline.py for tasks to queue
[2025-11-13T17:05:22.194+0000] {logging_mixin.py:188} INFO - [2025-11-13T17:05:22.193+0000] {dagbag.py:545} INFO - Filling up the DagBag from /opt/airflow/dags/sodai_pipeline.py
[2025-11-13T17:05:22.214+0000] {processor.py:840} INFO - DAG(s) 'sodai_pipeline_dag' retrieved from /opt/airflow/dags/sodai_pipeline.py
[2025-11-13T17:05:22.244+0000] {logging_mixin.py:188} INFO - [2025-11-13T17:05:22.244+0000] {dag.py:3096} INFO - Sync 1 DAGs
[2025-11-13T17:05:22.259+0000] {logging_mixin.py:188} INFO - [2025-11-13T17:05:22.258+0000] {dag.py:3954} INFO - Setting next_dagrun for sodai_pipeline_dag to 2025-11-09 00:00:00+00:00, run_after=2025-11-16 00:00:00+00:00
[2025-11-13T17:05:22.267+0000] {processor.py:183} INFO - Processing /opt/airflow/dags/sodai_pipeline.py took 0.089 seconds
[2025-11-13T17:05:52.595+0000] {processor.py:161} INFO - Started process (PID=731) to work on /opt/airflow/dags/sodai_pipeline.py
[2025-11-13T17:05:52.597+0000] {processor.py:830} INFO - Processing file /opt/airflow/dags/sodai_pipeline.py for tasks to queue
[2025-11-13T17:05:52.600+0000] {logging_mixin.py:188} INFO - [2025-11-13T17:05:52.599+0000] {dagbag.py:545} INFO - Filling up the DagBag from /opt/airflow/dags/sodai_pipeline.py
[2025-11-13T17:05:52.619+0000] {processor.py:840} INFO - DAG(s) 'sodai_pipeline_dag' retrieved from /opt/airflow/dags/sodai_pipeline.py
[2025-11-13T17:05:52.643+0000] {logging_mixin.py:188} INFO - [2025-11-13T17:05:52.643+0000] {dag.py:3096} INFO - Sync 1 DAGs
[2025-11-13T17:05:52.657+0000] {logging_mixin.py:188} INFO - [2025-11-13T17:05:52.657+0000] {dag.py:3954} INFO - Setting next_dagrun for sodai_pipeline_dag to 2025-11-09 00:00:00+00:00, run_after=2025-11-16 00:00:00+00:00
[2025-11-13T17:05:52.665+0000] {processor.py:183} INFO - Processing /opt/airflow/dags/sodai_pipeline.py took 0.080 seconds
[2025-11-13T17:06:23.088+0000] {processor.py:161} INFO - Started process (PID=736) to work on /opt/airflow/dags/sodai_pipeline.py
[2025-11-13T17:06:23.091+0000] {processor.py:830} INFO - Processing file /opt/airflow/dags/sodai_pipeline.py for tasks to queue
[2025-11-13T17:06:23.094+0000] {logging_mixin.py:188} INFO - [2025-11-13T17:06:23.093+0000] {dagbag.py:545} INFO - Filling up the DagBag from /opt/airflow/dags/sodai_pipeline.py
[2025-11-13T17:06:23.113+0000] {processor.py:840} INFO - DAG(s) 'sodai_pipeline_dag' retrieved from /opt/airflow/dags/sodai_pipeline.py
[2025-11-13T17:06:23.138+0000] {logging_mixin.py:188} INFO - [2025-11-13T17:06:23.138+0000] {dag.py:3096} INFO - Sync 1 DAGs
[2025-11-13T17:06:23.153+0000] {logging_mixin.py:188} INFO - [2025-11-13T17:06:23.153+0000] {dag.py:3954} INFO - Setting next_dagrun for sodai_pipeline_dag to 2025-11-09 00:00:00+00:00, run_after=2025-11-16 00:00:00+00:00
[2025-11-13T17:06:23.161+0000] {processor.py:183} INFO - Processing /opt/airflow/dags/sodai_pipeline.py took 0.081 seconds
[2025-11-13T17:06:53.485+0000] {processor.py:161} INFO - Started process (PID=741) to work on /opt/airflow/dags/sodai_pipeline.py
[2025-11-13T17:06:53.487+0000] {processor.py:830} INFO - Processing file /opt/airflow/dags/sodai_pipeline.py for tasks to queue
[2025-11-13T17:06:53.490+0000] {logging_mixin.py:188} INFO - [2025-11-13T17:06:53.489+0000] {dagbag.py:545} INFO - Filling up the DagBag from /opt/airflow/dags/sodai_pipeline.py
[2025-11-13T17:06:53.510+0000] {processor.py:840} INFO - DAG(s) 'sodai_pipeline_dag' retrieved from /opt/airflow/dags/sodai_pipeline.py
[2025-11-13T17:06:53.536+0000] {logging_mixin.py:188} INFO - [2025-11-13T17:06:53.536+0000] {dag.py:3096} INFO - Sync 1 DAGs
[2025-11-13T17:06:53.554+0000] {logging_mixin.py:188} INFO - [2025-11-13T17:06:53.554+0000] {dag.py:3954} INFO - Setting next_dagrun for sodai_pipeline_dag to 2025-11-09 00:00:00+00:00, run_after=2025-11-16 00:00:00+00:00
[2025-11-13T17:06:53.563+0000] {processor.py:183} INFO - Processing /opt/airflow/dags/sodai_pipeline.py took 0.087 seconds
[2025-11-13T17:07:23.818+0000] {processor.py:161} INFO - Started process (PID=746) to work on /opt/airflow/dags/sodai_pipeline.py
[2025-11-13T17:07:23.821+0000] {processor.py:830} INFO - Processing file /opt/airflow/dags/sodai_pipeline.py for tasks to queue
[2025-11-13T17:07:23.825+0000] {logging_mixin.py:188} INFO - [2025-11-13T17:07:23.824+0000] {dagbag.py:545} INFO - Filling up the DagBag from /opt/airflow/dags/sodai_pipeline.py
[2025-11-13T17:07:23.854+0000] {processor.py:840} INFO - DAG(s) 'sodai_pipeline_dag' retrieved from /opt/airflow/dags/sodai_pipeline.py
[2025-11-13T17:07:23.875+0000] {logging_mixin.py:188} INFO - [2025-11-13T17:07:23.875+0000] {dag.py:3096} INFO - Sync 1 DAGs
[2025-11-13T17:07:23.892+0000] {logging_mixin.py:188} INFO - [2025-11-13T17:07:23.892+0000] {dag.py:3954} INFO - Setting next_dagrun for sodai_pipeline_dag to 2025-11-09 00:00:00+00:00, run_after=2025-11-16 00:00:00+00:00
[2025-11-13T17:07:23.901+0000] {processor.py:183} INFO - Processing /opt/airflow/dags/sodai_pipeline.py took 0.092 seconds
[2025-11-13T17:07:54.319+0000] {processor.py:161} INFO - Started process (PID=751) to work on /opt/airflow/dags/sodai_pipeline.py
[2025-11-13T17:07:54.321+0000] {processor.py:830} INFO - Processing file /opt/airflow/dags/sodai_pipeline.py for tasks to queue
[2025-11-13T17:07:54.324+0000] {logging_mixin.py:188} INFO - [2025-11-13T17:07:54.323+0000] {dagbag.py:545} INFO - Filling up the DagBag from /opt/airflow/dags/sodai_pipeline.py
[2025-11-13T17:07:54.344+0000] {processor.py:840} INFO - DAG(s) 'sodai_pipeline_dag' retrieved from /opt/airflow/dags/sodai_pipeline.py
[2025-11-13T17:07:54.369+0000] {logging_mixin.py:188} INFO - [2025-11-13T17:07:54.369+0000] {dag.py:3096} INFO - Sync 1 DAGs
[2025-11-13T17:07:54.386+0000] {logging_mixin.py:188} INFO - [2025-11-13T17:07:54.386+0000] {dag.py:3954} INFO - Setting next_dagrun for sodai_pipeline_dag to 2025-11-09 00:00:00+00:00, run_after=2025-11-16 00:00:00+00:00
[2025-11-13T17:07:54.395+0000] {processor.py:183} INFO - Processing /opt/airflow/dags/sodai_pipeline.py took 0.086 seconds
[2025-11-13T17:08:24.763+0000] {processor.py:161} INFO - Started process (PID=756) to work on /opt/airflow/dags/sodai_pipeline.py
[2025-11-13T17:08:24.766+0000] {processor.py:830} INFO - Processing file /opt/airflow/dags/sodai_pipeline.py for tasks to queue
[2025-11-13T17:08:24.770+0000] {logging_mixin.py:188} INFO - [2025-11-13T17:08:24.769+0000] {dagbag.py:545} INFO - Filling up the DagBag from /opt/airflow/dags/sodai_pipeline.py
[2025-11-13T17:08:24.794+0000] {processor.py:840} INFO - DAG(s) 'sodai_pipeline_dag' retrieved from /opt/airflow/dags/sodai_pipeline.py
[2025-11-13T17:08:24.827+0000] {logging_mixin.py:188} INFO - [2025-11-13T17:08:24.827+0000] {dag.py:3096} INFO - Sync 1 DAGs
[2025-11-13T17:08:24.847+0000] {logging_mixin.py:188} INFO - [2025-11-13T17:08:24.847+0000] {dag.py:3954} INFO - Setting next_dagrun for sodai_pipeline_dag to 2025-11-09 00:00:00+00:00, run_after=2025-11-16 00:00:00+00:00
[2025-11-13T17:08:24.855+0000] {processor.py:183} INFO - Processing /opt/airflow/dags/sodai_pipeline.py took 0.105 seconds
[2025-11-13T17:08:55.205+0000] {processor.py:161} INFO - Started process (PID=761) to work on /opt/airflow/dags/sodai_pipeline.py
[2025-11-13T17:08:55.207+0000] {processor.py:830} INFO - Processing file /opt/airflow/dags/sodai_pipeline.py for tasks to queue
[2025-11-13T17:08:55.211+0000] {logging_mixin.py:188} INFO - [2025-11-13T17:08:55.210+0000] {dagbag.py:545} INFO - Filling up the DagBag from /opt/airflow/dags/sodai_pipeline.py
[2025-11-13T17:08:55.238+0000] {processor.py:840} INFO - DAG(s) 'sodai_pipeline_dag' retrieved from /opt/airflow/dags/sodai_pipeline.py
[2025-11-13T17:08:55.262+0000] {logging_mixin.py:188} INFO - [2025-11-13T17:08:55.262+0000] {dag.py:3096} INFO - Sync 1 DAGs
[2025-11-13T17:08:55.279+0000] {logging_mixin.py:188} INFO - [2025-11-13T17:08:55.279+0000] {dag.py:3954} INFO - Setting next_dagrun for sodai_pipeline_dag to 2025-11-09 00:00:00+00:00, run_after=2025-11-16 00:00:00+00:00
[2025-11-13T17:08:55.288+0000] {processor.py:183} INFO - Processing /opt/airflow/dags/sodai_pipeline.py took 0.098 seconds
[2025-11-13T17:09:25.592+0000] {processor.py:161} INFO - Started process (PID=766) to work on /opt/airflow/dags/sodai_pipeline.py
[2025-11-13T17:09:25.595+0000] {processor.py:830} INFO - Processing file /opt/airflow/dags/sodai_pipeline.py for tasks to queue
[2025-11-13T17:09:25.598+0000] {logging_mixin.py:188} INFO - [2025-11-13T17:09:25.598+0000] {dagbag.py:545} INFO - Filling up the DagBag from /opt/airflow/dags/sodai_pipeline.py
[2025-11-13T17:09:25.630+0000] {processor.py:840} INFO - DAG(s) 'sodai_pipeline_dag' retrieved from /opt/airflow/dags/sodai_pipeline.py
[2025-11-13T17:09:25.663+0000] {logging_mixin.py:188} INFO - [2025-11-13T17:09:25.663+0000] {dag.py:3096} INFO - Sync 1 DAGs
[2025-11-13T17:09:25.682+0000] {logging_mixin.py:188} INFO - [2025-11-13T17:09:25.682+0000] {dag.py:3954} INFO - Setting next_dagrun for sodai_pipeline_dag to 2025-11-09 00:00:00+00:00, run_after=2025-11-16 00:00:00+00:00
[2025-11-13T17:09:25.691+0000] {processor.py:183} INFO - Processing /opt/airflow/dags/sodai_pipeline.py took 0.110 seconds
[2025-11-13T17:09:56.030+0000] {processor.py:161} INFO - Started process (PID=771) to work on /opt/airflow/dags/sodai_pipeline.py
[2025-11-13T17:09:56.032+0000] {processor.py:830} INFO - Processing file /opt/airflow/dags/sodai_pipeline.py for tasks to queue
[2025-11-13T17:09:56.035+0000] {logging_mixin.py:188} INFO - [2025-11-13T17:09:56.035+0000] {dagbag.py:545} INFO - Filling up the DagBag from /opt/airflow/dags/sodai_pipeline.py
[2025-11-13T17:09:56.062+0000] {processor.py:840} INFO - DAG(s) 'sodai_pipeline_dag' retrieved from /opt/airflow/dags/sodai_pipeline.py
[2025-11-13T17:09:56.089+0000] {logging_mixin.py:188} INFO - [2025-11-13T17:09:56.088+0000] {dag.py:3096} INFO - Sync 1 DAGs
[2025-11-13T17:09:56.103+0000] {logging_mixin.py:188} INFO - [2025-11-13T17:09:56.103+0000] {dag.py:3954} INFO - Setting next_dagrun for sodai_pipeline_dag to 2025-11-09 00:00:00+00:00, run_after=2025-11-16 00:00:00+00:00
[2025-11-13T17:09:56.111+0000] {processor.py:183} INFO - Processing /opt/airflow/dags/sodai_pipeline.py took 0.095 seconds
[2025-11-13T17:10:26.499+0000] {processor.py:161} INFO - Started process (PID=776) to work on /opt/airflow/dags/sodai_pipeline.py
[2025-11-13T17:10:26.501+0000] {processor.py:830} INFO - Processing file /opt/airflow/dags/sodai_pipeline.py for tasks to queue
[2025-11-13T17:10:26.505+0000] {logging_mixin.py:188} INFO - [2025-11-13T17:10:26.505+0000] {dagbag.py:545} INFO - Filling up the DagBag from /opt/airflow/dags/sodai_pipeline.py
[2025-11-13T17:10:26.526+0000] {processor.py:840} INFO - DAG(s) 'sodai_pipeline_dag' retrieved from /opt/airflow/dags/sodai_pipeline.py
[2025-11-13T17:10:26.558+0000] {logging_mixin.py:188} INFO - [2025-11-13T17:10:26.558+0000] {dag.py:3096} INFO - Sync 1 DAGs
[2025-11-13T17:10:26.573+0000] {logging_mixin.py:188} INFO - [2025-11-13T17:10:26.573+0000] {dag.py:3954} INFO - Setting next_dagrun for sodai_pipeline_dag to 2025-11-09 00:00:00+00:00, run_after=2025-11-16 00:00:00+00:00
[2025-11-13T17:10:26.584+0000] {processor.py:183} INFO - Processing /opt/airflow/dags/sodai_pipeline.py took 0.104 seconds
[2025-11-13T17:10:56.812+0000] {processor.py:161} INFO - Started process (PID=781) to work on /opt/airflow/dags/sodai_pipeline.py
[2025-11-13T17:10:56.815+0000] {processor.py:830} INFO - Processing file /opt/airflow/dags/sodai_pipeline.py for tasks to queue
[2025-11-13T17:10:56.818+0000] {logging_mixin.py:188} INFO - [2025-11-13T17:10:56.818+0000] {dagbag.py:545} INFO - Filling up the DagBag from /opt/airflow/dags/sodai_pipeline.py
[2025-11-13T17:10:56.839+0000] {processor.py:840} INFO - DAG(s) 'sodai_pipeline_dag' retrieved from /opt/airflow/dags/sodai_pipeline.py
[2025-11-13T17:10:56.864+0000] {logging_mixin.py:188} INFO - [2025-11-13T17:10:56.864+0000] {dag.py:3096} INFO - Sync 1 DAGs
[2025-11-13T17:10:56.880+0000] {logging_mixin.py:188} INFO - [2025-11-13T17:10:56.880+0000] {dag.py:3954} INFO - Setting next_dagrun for sodai_pipeline_dag to 2025-11-09 00:00:00+00:00, run_after=2025-11-16 00:00:00+00:00
[2025-11-13T17:10:56.894+0000] {processor.py:183} INFO - Processing /opt/airflow/dags/sodai_pipeline.py took 0.099 seconds
[2025-11-13T17:11:27.323+0000] {processor.py:161} INFO - Started process (PID=786) to work on /opt/airflow/dags/sodai_pipeline.py
[2025-11-13T17:11:27.325+0000] {processor.py:830} INFO - Processing file /opt/airflow/dags/sodai_pipeline.py for tasks to queue
[2025-11-13T17:11:27.328+0000] {logging_mixin.py:188} INFO - [2025-11-13T17:11:27.328+0000] {dagbag.py:545} INFO - Filling up the DagBag from /opt/airflow/dags/sodai_pipeline.py
[2025-11-13T17:11:27.352+0000] {processor.py:840} INFO - DAG(s) 'sodai_pipeline_dag' retrieved from /opt/airflow/dags/sodai_pipeline.py
[2025-11-13T17:11:27.377+0000] {logging_mixin.py:188} INFO - [2025-11-13T17:11:27.377+0000] {dag.py:3096} INFO - Sync 1 DAGs
[2025-11-13T17:11:27.392+0000] {logging_mixin.py:188} INFO - [2025-11-13T17:11:27.392+0000] {dag.py:3954} INFO - Setting next_dagrun for sodai_pipeline_dag to 2025-11-09 00:00:00+00:00, run_after=2025-11-16 00:00:00+00:00
[2025-11-13T17:11:27.403+0000] {processor.py:183} INFO - Processing /opt/airflow/dags/sodai_pipeline.py took 0.095 seconds
[2025-11-13T17:11:57.726+0000] {processor.py:161} INFO - Started process (PID=791) to work on /opt/airflow/dags/sodai_pipeline.py
[2025-11-13T17:11:57.728+0000] {processor.py:830} INFO - Processing file /opt/airflow/dags/sodai_pipeline.py for tasks to queue
[2025-11-13T17:11:57.731+0000] {logging_mixin.py:188} INFO - [2025-11-13T17:11:57.731+0000] {dagbag.py:545} INFO - Filling up the DagBag from /opt/airflow/dags/sodai_pipeline.py
[2025-11-13T17:11:57.746+0000] {processor.py:840} INFO - DAG(s) 'sodai_pipeline_dag' retrieved from /opt/airflow/dags/sodai_pipeline.py
[2025-11-13T17:11:57.771+0000] {logging_mixin.py:188} INFO - [2025-11-13T17:11:57.771+0000] {dag.py:3096} INFO - Sync 1 DAGs
[2025-11-13T17:11:57.788+0000] {logging_mixin.py:188} INFO - [2025-11-13T17:11:57.788+0000] {dag.py:3954} INFO - Setting next_dagrun for sodai_pipeline_dag to 2025-11-09 00:00:00+00:00, run_after=2025-11-16 00:00:00+00:00
[2025-11-13T17:11:57.796+0000] {processor.py:183} INFO - Processing /opt/airflow/dags/sodai_pipeline.py took 0.078 seconds
[2025-11-13T17:12:28.126+0000] {processor.py:161} INFO - Started process (PID=796) to work on /opt/airflow/dags/sodai_pipeline.py
[2025-11-13T17:12:28.127+0000] {processor.py:830} INFO - Processing file /opt/airflow/dags/sodai_pipeline.py for tasks to queue
[2025-11-13T17:12:28.130+0000] {logging_mixin.py:188} INFO - [2025-11-13T17:12:28.129+0000] {dagbag.py:545} INFO - Filling up the DagBag from /opt/airflow/dags/sodai_pipeline.py
[2025-11-13T17:12:28.149+0000] {processor.py:840} INFO - DAG(s) 'sodai_pipeline_dag' retrieved from /opt/airflow/dags/sodai_pipeline.py
[2025-11-13T17:12:28.178+0000] {logging_mixin.py:188} INFO - [2025-11-13T17:12:28.178+0000] {dag.py:3096} INFO - Sync 1 DAGs
[2025-11-13T17:12:28.194+0000] {logging_mixin.py:188} INFO - [2025-11-13T17:12:28.194+0000] {dag.py:3954} INFO - Setting next_dagrun for sodai_pipeline_dag to 2025-11-09 00:00:00+00:00, run_after=2025-11-16 00:00:00+00:00
[2025-11-13T17:12:28.204+0000] {processor.py:183} INFO - Processing /opt/airflow/dags/sodai_pipeline.py took 0.085 seconds
[2025-11-13T17:12:58.565+0000] {processor.py:161} INFO - Started process (PID=801) to work on /opt/airflow/dags/sodai_pipeline.py
[2025-11-13T17:12:58.568+0000] {processor.py:830} INFO - Processing file /opt/airflow/dags/sodai_pipeline.py for tasks to queue
[2025-11-13T17:12:58.573+0000] {logging_mixin.py:188} INFO - [2025-11-13T17:12:58.572+0000] {dagbag.py:545} INFO - Filling up the DagBag from /opt/airflow/dags/sodai_pipeline.py
[2025-11-13T17:12:58.593+0000] {processor.py:840} INFO - DAG(s) 'sodai_pipeline_dag' retrieved from /opt/airflow/dags/sodai_pipeline.py
[2025-11-13T17:12:58.625+0000] {logging_mixin.py:188} INFO - [2025-11-13T17:12:58.625+0000] {dag.py:3096} INFO - Sync 1 DAGs
[2025-11-13T17:12:58.640+0000] {logging_mixin.py:188} INFO - [2025-11-13T17:12:58.640+0000] {dag.py:3954} INFO - Setting next_dagrun for sodai_pipeline_dag to 2025-11-09 00:00:00+00:00, run_after=2025-11-16 00:00:00+00:00
[2025-11-13T17:12:58.648+0000] {processor.py:183} INFO - Processing /opt/airflow/dags/sodai_pipeline.py took 0.097 seconds
[2025-11-13T17:13:29.002+0000] {processor.py:161} INFO - Started process (PID=806) to work on /opt/airflow/dags/sodai_pipeline.py
[2025-11-13T17:13:29.004+0000] {processor.py:830} INFO - Processing file /opt/airflow/dags/sodai_pipeline.py for tasks to queue
[2025-11-13T17:13:29.009+0000] {logging_mixin.py:188} INFO - [2025-11-13T17:13:29.007+0000] {dagbag.py:545} INFO - Filling up the DagBag from /opt/airflow/dags/sodai_pipeline.py
[2025-11-13T17:13:29.030+0000] {processor.py:840} INFO - DAG(s) 'sodai_pipeline_dag' retrieved from /opt/airflow/dags/sodai_pipeline.py
[2025-11-13T17:13:29.053+0000] {logging_mixin.py:188} INFO - [2025-11-13T17:13:29.053+0000] {dag.py:3096} INFO - Sync 1 DAGs
[2025-11-13T17:13:29.069+0000] {logging_mixin.py:188} INFO - [2025-11-13T17:13:29.069+0000] {dag.py:3954} INFO - Setting next_dagrun for sodai_pipeline_dag to 2025-11-09 00:00:00+00:00, run_after=2025-11-16 00:00:00+00:00
[2025-11-13T17:13:29.077+0000] {processor.py:183} INFO - Processing /opt/airflow/dags/sodai_pipeline.py took 0.087 seconds
[2025-11-13T17:13:59.411+0000] {processor.py:161} INFO - Started process (PID=811) to work on /opt/airflow/dags/sodai_pipeline.py
[2025-11-13T17:13:59.413+0000] {processor.py:830} INFO - Processing file /opt/airflow/dags/sodai_pipeline.py for tasks to queue
[2025-11-13T17:13:59.415+0000] {logging_mixin.py:188} INFO - [2025-11-13T17:13:59.414+0000] {dagbag.py:545} INFO - Filling up the DagBag from /opt/airflow/dags/sodai_pipeline.py
[2025-11-13T17:13:59.431+0000] {processor.py:840} INFO - DAG(s) 'sodai_pipeline_dag' retrieved from /opt/airflow/dags/sodai_pipeline.py
[2025-11-13T17:13:59.460+0000] {logging_mixin.py:188} INFO - [2025-11-13T17:13:59.460+0000] {dag.py:3096} INFO - Sync 1 DAGs
[2025-11-13T17:13:59.479+0000] {logging_mixin.py:188} INFO - [2025-11-13T17:13:59.478+0000] {dag.py:3954} INFO - Setting next_dagrun for sodai_pipeline_dag to 2025-11-09 00:00:00+00:00, run_after=2025-11-16 00:00:00+00:00
[2025-11-13T17:13:59.489+0000] {processor.py:183} INFO - Processing /opt/airflow/dags/sodai_pipeline.py took 0.090 seconds
[2025-11-13T17:14:29.768+0000] {processor.py:161} INFO - Started process (PID=816) to work on /opt/airflow/dags/sodai_pipeline.py
[2025-11-13T17:14:29.770+0000] {processor.py:830} INFO - Processing file /opt/airflow/dags/sodai_pipeline.py for tasks to queue
[2025-11-13T17:14:29.772+0000] {logging_mixin.py:188} INFO - [2025-11-13T17:14:29.772+0000] {dagbag.py:545} INFO - Filling up the DagBag from /opt/airflow/dags/sodai_pipeline.py
[2025-11-13T17:14:29.793+0000] {processor.py:840} INFO - DAG(s) 'sodai_pipeline_dag' retrieved from /opt/airflow/dags/sodai_pipeline.py
[2025-11-13T17:14:29.829+0000] {logging_mixin.py:188} INFO - [2025-11-13T17:14:29.828+0000] {dag.py:3096} INFO - Sync 1 DAGs
[2025-11-13T17:14:29.843+0000] {logging_mixin.py:188} INFO - [2025-11-13T17:14:29.843+0000] {dag.py:3954} INFO - Setting next_dagrun for sodai_pipeline_dag to 2025-11-09 00:00:00+00:00, run_after=2025-11-16 00:00:00+00:00
[2025-11-13T17:14:29.853+0000] {processor.py:183} INFO - Processing /opt/airflow/dags/sodai_pipeline.py took 0.096 seconds
[2025-11-13T17:15:00.083+0000] {processor.py:161} INFO - Started process (PID=821) to work on /opt/airflow/dags/sodai_pipeline.py
[2025-11-13T17:15:00.084+0000] {processor.py:830} INFO - Processing file /opt/airflow/dags/sodai_pipeline.py for tasks to queue
[2025-11-13T17:15:00.087+0000] {logging_mixin.py:188} INFO - [2025-11-13T17:15:00.087+0000] {dagbag.py:545} INFO - Filling up the DagBag from /opt/airflow/dags/sodai_pipeline.py
[2025-11-13T17:15:00.110+0000] {processor.py:840} INFO - DAG(s) 'sodai_pipeline_dag' retrieved from /opt/airflow/dags/sodai_pipeline.py
[2025-11-13T17:15:00.136+0000] {logging_mixin.py:188} INFO - [2025-11-13T17:15:00.136+0000] {dag.py:3096} INFO - Sync 1 DAGs
[2025-11-13T17:15:00.157+0000] {logging_mixin.py:188} INFO - [2025-11-13T17:15:00.156+0000] {dag.py:3954} INFO - Setting next_dagrun for sodai_pipeline_dag to 2025-11-09 00:00:00+00:00, run_after=2025-11-16 00:00:00+00:00
[2025-11-13T17:15:00.165+0000] {processor.py:183} INFO - Processing /opt/airflow/dags/sodai_pipeline.py took 0.090 seconds
[2025-11-13T17:15:30.428+0000] {processor.py:161} INFO - Started process (PID=826) to work on /opt/airflow/dags/sodai_pipeline.py
[2025-11-13T17:15:30.430+0000] {processor.py:830} INFO - Processing file /opt/airflow/dags/sodai_pipeline.py for tasks to queue
[2025-11-13T17:15:30.436+0000] {logging_mixin.py:188} INFO - [2025-11-13T17:15:30.436+0000] {dagbag.py:545} INFO - Filling up the DagBag from /opt/airflow/dags/sodai_pipeline.py
[2025-11-13T17:15:30.454+0000] {processor.py:840} INFO - DAG(s) 'sodai_pipeline_dag' retrieved from /opt/airflow/dags/sodai_pipeline.py
[2025-11-13T17:15:30.491+0000] {logging_mixin.py:188} INFO - [2025-11-13T17:15:30.491+0000] {dag.py:3096} INFO - Sync 1 DAGs
[2025-11-13T17:15:30.506+0000] {logging_mixin.py:188} INFO - [2025-11-13T17:15:30.505+0000] {dag.py:3954} INFO - Setting next_dagrun for sodai_pipeline_dag to 2025-11-09 00:00:00+00:00, run_after=2025-11-16 00:00:00+00:00
[2025-11-13T17:15:30.514+0000] {processor.py:183} INFO - Processing /opt/airflow/dags/sodai_pipeline.py took 0.095 seconds
[2025-11-13T17:16:00.744+0000] {processor.py:161} INFO - Started process (PID=831) to work on /opt/airflow/dags/sodai_pipeline.py
[2025-11-13T17:16:00.745+0000] {processor.py:830} INFO - Processing file /opt/airflow/dags/sodai_pipeline.py for tasks to queue
[2025-11-13T17:16:00.748+0000] {logging_mixin.py:188} INFO - [2025-11-13T17:16:00.747+0000] {dagbag.py:545} INFO - Filling up the DagBag from /opt/airflow/dags/sodai_pipeline.py
[2025-11-13T17:16:00.768+0000] {processor.py:840} INFO - DAG(s) 'sodai_pipeline_dag' retrieved from /opt/airflow/dags/sodai_pipeline.py
[2025-11-13T17:16:00.797+0000] {logging_mixin.py:188} INFO - [2025-11-13T17:16:00.796+0000] {dag.py:3096} INFO - Sync 1 DAGs
[2025-11-13T17:16:00.815+0000] {logging_mixin.py:188} INFO - [2025-11-13T17:16:00.815+0000] {dag.py:3954} INFO - Setting next_dagrun for sodai_pipeline_dag to 2025-11-09 00:00:00+00:00, run_after=2025-11-16 00:00:00+00:00
[2025-11-13T17:16:00.824+0000] {processor.py:183} INFO - Processing /opt/airflow/dags/sodai_pipeline.py took 0.094 seconds
[2025-11-13T17:20:18.525+0000] {processor.py:161} INFO - Started process (PID=836) to work on /opt/airflow/dags/sodai_pipeline.py
[2025-11-13T17:20:18.527+0000] {processor.py:830} INFO - Processing file /opt/airflow/dags/sodai_pipeline.py for tasks to queue
[2025-11-13T17:20:18.536+0000] {logging_mixin.py:188} INFO - [2025-11-13T17:20:18.535+0000] {dagbag.py:545} INFO - Filling up the DagBag from /opt/airflow/dags/sodai_pipeline.py
[2025-11-13T17:20:18.550+0000] {processor.py:840} INFO - DAG(s) 'sodai_pipeline_dag' retrieved from /opt/airflow/dags/sodai_pipeline.py
[2025-11-13T17:20:18.573+0000] {logging_mixin.py:188} INFO - [2025-11-13T17:20:18.573+0000] {dag.py:3096} INFO - Sync 1 DAGs
[2025-11-13T17:20:18.591+0000] {logging_mixin.py:188} INFO - [2025-11-13T17:20:18.591+0000] {dag.py:3954} INFO - Setting next_dagrun for sodai_pipeline_dag to 2025-11-09 00:00:00+00:00, run_after=2025-11-16 00:00:00+00:00
[2025-11-13T17:20:18.602+0000] {processor.py:183} INFO - Processing /opt/airflow/dags/sodai_pipeline.py took 0.085 seconds
[2025-11-13T17:22:15.332+0000] {processor.py:161} INFO - Started process (PID=841) to work on /opt/airflow/dags/sodai_pipeline.py
[2025-11-13T17:22:15.333+0000] {processor.py:830} INFO - Processing file /opt/airflow/dags/sodai_pipeline.py for tasks to queue
[2025-11-13T17:22:15.336+0000] {logging_mixin.py:188} INFO - [2025-11-13T17:22:15.335+0000] {dagbag.py:545} INFO - Filling up the DagBag from /opt/airflow/dags/sodai_pipeline.py
[2025-11-13T17:22:15.361+0000] {processor.py:840} INFO - DAG(s) 'sodai_pipeline_dag' retrieved from /opt/airflow/dags/sodai_pipeline.py
[2025-11-13T17:22:15.393+0000] {logging_mixin.py:188} INFO - [2025-11-13T17:22:15.393+0000] {dag.py:3096} INFO - Sync 1 DAGs
[2025-11-13T17:22:15.409+0000] {logging_mixin.py:188} INFO - [2025-11-13T17:22:15.409+0000] {dag.py:3954} INFO - Setting next_dagrun for sodai_pipeline_dag to 2025-11-09 00:00:00+00:00, run_after=2025-11-16 00:00:00+00:00
[2025-11-13T17:22:15.420+0000] {processor.py:183} INFO - Processing /opt/airflow/dags/sodai_pipeline.py took 0.097 seconds
[2025-11-13T17:26:04.847+0000] {processor.py:161} INFO - Started process (PID=846) to work on /opt/airflow/dags/sodai_pipeline.py
[2025-11-13T17:26:04.850+0000] {processor.py:830} INFO - Processing file /opt/airflow/dags/sodai_pipeline.py for tasks to queue
[2025-11-13T17:26:04.853+0000] {logging_mixin.py:188} INFO - [2025-11-13T17:26:04.852+0000] {dagbag.py:545} INFO - Filling up the DagBag from /opt/airflow/dags/sodai_pipeline.py
[2025-11-13T17:26:04.876+0000] {processor.py:840} INFO - DAG(s) 'sodai_pipeline_dag' retrieved from /opt/airflow/dags/sodai_pipeline.py
[2025-11-13T17:26:04.903+0000] {logging_mixin.py:188} INFO - [2025-11-13T17:26:04.903+0000] {dag.py:3096} INFO - Sync 1 DAGs
[2025-11-13T17:26:04.919+0000] {logging_mixin.py:188} INFO - [2025-11-13T17:26:04.919+0000] {dag.py:3954} INFO - Setting next_dagrun for sodai_pipeline_dag to 2025-11-09 00:00:00+00:00, run_after=2025-11-16 00:00:00+00:00
[2025-11-13T17:26:04.927+0000] {processor.py:183} INFO - Processing /opt/airflow/dags/sodai_pipeline.py took 0.088 seconds
[2025-11-13T17:31:10.527+0000] {processor.py:161} INFO - Started process (PID=851) to work on /opt/airflow/dags/sodai_pipeline.py
[2025-11-13T17:31:10.530+0000] {processor.py:830} INFO - Processing file /opt/airflow/dags/sodai_pipeline.py for tasks to queue
[2025-11-13T17:31:10.535+0000] {logging_mixin.py:188} INFO - [2025-11-13T17:31:10.534+0000] {dagbag.py:545} INFO - Filling up the DagBag from /opt/airflow/dags/sodai_pipeline.py
[2025-11-13T17:31:10.549+0000] {processor.py:840} INFO - DAG(s) 'sodai_pipeline_dag' retrieved from /opt/airflow/dags/sodai_pipeline.py
[2025-11-13T17:31:10.580+0000] {logging_mixin.py:188} INFO - [2025-11-13T17:31:10.580+0000] {dag.py:3096} INFO - Sync 1 DAGs
[2025-11-13T17:31:10.595+0000] {logging_mixin.py:188} INFO - [2025-11-13T17:31:10.595+0000] {dag.py:3954} INFO - Setting next_dagrun for sodai_pipeline_dag to 2025-11-09 00:00:00+00:00, run_after=2025-11-16 00:00:00+00:00
[2025-11-13T17:31:10.604+0000] {processor.py:183} INFO - Processing /opt/airflow/dags/sodai_pipeline.py took 0.090 seconds
[2025-11-13T17:35:16.434+0000] {processor.py:161} INFO - Started process (PID=856) to work on /opt/airflow/dags/sodai_pipeline.py
[2025-11-13T17:35:16.436+0000] {processor.py:830} INFO - Processing file /opt/airflow/dags/sodai_pipeline.py for tasks to queue
[2025-11-13T17:35:16.442+0000] {logging_mixin.py:188} INFO - [2025-11-13T17:35:16.441+0000] {dagbag.py:545} INFO - Filling up the DagBag from /opt/airflow/dags/sodai_pipeline.py
[2025-11-13T17:35:16.457+0000] {processor.py:840} INFO - DAG(s) 'sodai_pipeline_dag' retrieved from /opt/airflow/dags/sodai_pipeline.py
[2025-11-13T17:35:16.484+0000] {logging_mixin.py:188} INFO - [2025-11-13T17:35:16.484+0000] {dag.py:3096} INFO - Sync 1 DAGs
[2025-11-13T17:35:16.496+0000] {logging_mixin.py:188} INFO - [2025-11-13T17:35:16.496+0000] {dag.py:3954} INFO - Setting next_dagrun for sodai_pipeline_dag to 2025-11-09 00:00:00+00:00, run_after=2025-11-16 00:00:00+00:00
[2025-11-13T17:35:16.506+0000] {processor.py:183} INFO - Processing /opt/airflow/dags/sodai_pipeline.py took 0.084 seconds
[2025-11-13T17:40:28.875+0000] {processor.py:161} INFO - Started process (PID=861) to work on /opt/airflow/dags/sodai_pipeline.py
[2025-11-13T17:40:28.878+0000] {processor.py:830} INFO - Processing file /opt/airflow/dags/sodai_pipeline.py for tasks to queue
[2025-11-13T17:40:28.880+0000] {logging_mixin.py:188} INFO - [2025-11-13T17:40:28.880+0000] {dagbag.py:545} INFO - Filling up the DagBag from /opt/airflow/dags/sodai_pipeline.py
[2025-11-13T17:40:28.900+0000] {processor.py:840} INFO - DAG(s) 'sodai_pipeline_dag' retrieved from /opt/airflow/dags/sodai_pipeline.py
[2025-11-13T17:40:28.921+0000] {logging_mixin.py:188} INFO - [2025-11-13T17:40:28.921+0000] {dag.py:3096} INFO - Sync 1 DAGs
[2025-11-13T17:40:28.934+0000] {logging_mixin.py:188} INFO - [2025-11-13T17:40:28.934+0000] {dag.py:3954} INFO - Setting next_dagrun for sodai_pipeline_dag to 2025-11-09 00:00:00+00:00, run_after=2025-11-16 00:00:00+00:00
[2025-11-13T17:40:28.942+0000] {processor.py:183} INFO - Processing /opt/airflow/dags/sodai_pipeline.py took 0.072 seconds
[2025-11-13T17:45:37.023+0000] {processor.py:161} INFO - Started process (PID=866) to work on /opt/airflow/dags/sodai_pipeline.py
[2025-11-13T17:45:37.044+0000] {processor.py:830} INFO - Processing file /opt/airflow/dags/sodai_pipeline.py for tasks to queue
[2025-11-13T17:45:37.047+0000] {logging_mixin.py:188} INFO - [2025-11-13T17:45:37.047+0000] {dagbag.py:545} INFO - Filling up the DagBag from /opt/airflow/dags/sodai_pipeline.py
[2025-11-13T17:45:37.069+0000] {processor.py:840} INFO - DAG(s) 'sodai_pipeline_dag' retrieved from /opt/airflow/dags/sodai_pipeline.py
[2025-11-13T17:45:37.094+0000] {logging_mixin.py:188} INFO - [2025-11-13T17:45:37.094+0000] {dag.py:3096} INFO - Sync 1 DAGs
[2025-11-13T17:45:37.109+0000] {logging_mixin.py:188} INFO - [2025-11-13T17:45:37.109+0000] {dag.py:3954} INFO - Setting next_dagrun for sodai_pipeline_dag to 2025-11-09 00:00:00+00:00, run_after=2025-11-16 00:00:00+00:00
[2025-11-13T17:45:37.118+0000] {processor.py:183} INFO - Processing /opt/airflow/dags/sodai_pipeline.py took 0.107 seconds
[2025-11-13T18:03:09.631+0000] {processor.py:161} INFO - Started process (PID=871) to work on /opt/airflow/dags/sodai_pipeline.py
[2025-11-13T18:03:09.633+0000] {processor.py:830} INFO - Processing file /opt/airflow/dags/sodai_pipeline.py for tasks to queue
[2025-11-13T18:03:09.636+0000] {logging_mixin.py:188} INFO - [2025-11-13T18:03:09.635+0000] {dagbag.py:545} INFO - Filling up the DagBag from /opt/airflow/dags/sodai_pipeline.py
[2025-11-13T18:03:09.654+0000] {processor.py:840} INFO - DAG(s) 'sodai_pipeline_dag' retrieved from /opt/airflow/dags/sodai_pipeline.py
[2025-11-13T18:03:09.683+0000] {logging_mixin.py:188} INFO - [2025-11-13T18:03:09.683+0000] {dag.py:3096} INFO - Sync 1 DAGs
[2025-11-13T18:03:09.705+0000] {logging_mixin.py:188} INFO - [2025-11-13T18:03:09.704+0000] {dag.py:3954} INFO - Setting next_dagrun for sodai_pipeline_dag to 2025-11-09 00:00:00+00:00, run_after=2025-11-16 00:00:00+00:00
[2025-11-13T18:03:09.713+0000] {processor.py:183} INFO - Processing /opt/airflow/dags/sodai_pipeline.py took 0.094 seconds
[2025-11-13T18:04:18.060+0000] {processor.py:161} INFO - Started process (PID=876) to work on /opt/airflow/dags/sodai_pipeline.py
[2025-11-13T18:04:18.063+0000] {processor.py:830} INFO - Processing file /opt/airflow/dags/sodai_pipeline.py for tasks to queue
[2025-11-13T18:04:18.067+0000] {logging_mixin.py:188} INFO - [2025-11-13T18:04:18.067+0000] {dagbag.py:545} INFO - Filling up the DagBag from /opt/airflow/dags/sodai_pipeline.py
[2025-11-13T18:04:18.092+0000] {processor.py:840} INFO - DAG(s) 'sodai_pipeline_dag' retrieved from /opt/airflow/dags/sodai_pipeline.py
[2025-11-13T18:04:18.132+0000] {logging_mixin.py:188} INFO - [2025-11-13T18:04:18.132+0000] {dag.py:3096} INFO - Sync 1 DAGs
[2025-11-13T18:04:18.155+0000] {logging_mixin.py:188} INFO - [2025-11-13T18:04:18.155+0000] {dag.py:3954} INFO - Setting next_dagrun for sodai_pipeline_dag to 2025-11-09 00:00:00+00:00, run_after=2025-11-16 00:00:00+00:00
[2025-11-13T18:04:18.164+0000] {processor.py:183} INFO - Processing /opt/airflow/dags/sodai_pipeline.py took 0.114 seconds
[2025-11-13T18:06:46.375+0000] {processor.py:161} INFO - Started process (PID=881) to work on /opt/airflow/dags/sodai_pipeline.py
[2025-11-13T18:06:46.379+0000] {processor.py:830} INFO - Processing file /opt/airflow/dags/sodai_pipeline.py for tasks to queue
[2025-11-13T18:06:46.384+0000] {logging_mixin.py:188} INFO - [2025-11-13T18:06:46.383+0000] {dagbag.py:545} INFO - Filling up the DagBag from /opt/airflow/dags/sodai_pipeline.py
[2025-11-13T18:06:46.413+0000] {processor.py:840} INFO - DAG(s) 'sodai_pipeline_dag' retrieved from /opt/airflow/dags/sodai_pipeline.py
[2025-11-13T18:06:46.451+0000] {logging_mixin.py:188} INFO - [2025-11-13T18:06:46.450+0000] {dag.py:3096} INFO - Sync 1 DAGs
[2025-11-13T18:06:46.473+0000] {logging_mixin.py:188} INFO - [2025-11-13T18:06:46.473+0000] {dag.py:3954} INFO - Setting next_dagrun for sodai_pipeline_dag to 2025-11-09 00:00:00+00:00, run_after=2025-11-16 00:00:00+00:00
[2025-11-13T18:06:46.482+0000] {processor.py:183} INFO - Processing /opt/airflow/dags/sodai_pipeline.py took 0.123 seconds
[2025-11-13T18:14:01.951+0000] {processor.py:161} INFO - Started process (PID=886) to work on /opt/airflow/dags/sodai_pipeline.py
[2025-11-13T18:14:01.955+0000] {processor.py:830} INFO - Processing file /opt/airflow/dags/sodai_pipeline.py for tasks to queue
[2025-11-13T18:14:01.961+0000] {logging_mixin.py:188} INFO - [2025-11-13T18:14:01.961+0000] {dagbag.py:545} INFO - Filling up the DagBag from /opt/airflow/dags/sodai_pipeline.py
[2025-11-13T18:14:01.986+0000] {processor.py:840} INFO - DAG(s) 'sodai_pipeline_dag' retrieved from /opt/airflow/dags/sodai_pipeline.py
[2025-11-13T18:14:02.014+0000] {logging_mixin.py:188} INFO - [2025-11-13T18:14:02.014+0000] {dag.py:3096} INFO - Sync 1 DAGs
[2025-11-13T18:14:02.031+0000] {logging_mixin.py:188} INFO - [2025-11-13T18:14:02.031+0000] {dag.py:3954} INFO - Setting next_dagrun for sodai_pipeline_dag to 2025-11-09 00:00:00+00:00, run_after=2025-11-16 00:00:00+00:00
[2025-11-13T18:14:02.039+0000] {processor.py:183} INFO - Processing /opt/airflow/dags/sodai_pipeline.py took 0.095 seconds
[2025-11-13T18:34:45.705+0000] {processor.py:161} INFO - Started process (PID=891) to work on /opt/airflow/dags/sodai_pipeline.py
[2025-11-13T18:34:45.707+0000] {processor.py:830} INFO - Processing file /opt/airflow/dags/sodai_pipeline.py for tasks to queue
[2025-11-13T18:34:45.710+0000] {logging_mixin.py:188} INFO - [2025-11-13T18:34:45.710+0000] {dagbag.py:545} INFO - Filling up the DagBag from /opt/airflow/dags/sodai_pipeline.py
[2025-11-13T18:34:45.728+0000] {processor.py:840} INFO - DAG(s) 'sodai_pipeline_dag' retrieved from /opt/airflow/dags/sodai_pipeline.py
[2025-11-13T18:34:45.752+0000] {logging_mixin.py:188} INFO - [2025-11-13T18:34:45.752+0000] {dag.py:3096} INFO - Sync 1 DAGs
[2025-11-13T18:34:45.766+0000] {logging_mixin.py:188} INFO - [2025-11-13T18:34:45.765+0000] {dag.py:3954} INFO - Setting next_dagrun for sodai_pipeline_dag to 2025-11-09 00:00:00+00:00, run_after=2025-11-16 00:00:00+00:00
[2025-11-13T18:34:45.774+0000] {processor.py:183} INFO - Processing /opt/airflow/dags/sodai_pipeline.py took 0.082 seconds
[2025-11-13T18:37:15.875+0000] {processor.py:161} INFO - Started process (PID=896) to work on /opt/airflow/dags/sodai_pipeline.py
[2025-11-13T18:37:15.878+0000] {processor.py:830} INFO - Processing file /opt/airflow/dags/sodai_pipeline.py for tasks to queue
[2025-11-13T18:37:15.885+0000] {logging_mixin.py:188} INFO - [2025-11-13T18:37:15.884+0000] {dagbag.py:545} INFO - Filling up the DagBag from /opt/airflow/dags/sodai_pipeline.py
[2025-11-13T18:37:15.907+0000] {processor.py:840} INFO - DAG(s) 'sodai_pipeline_dag' retrieved from /opt/airflow/dags/sodai_pipeline.py
[2025-11-13T18:37:15.935+0000] {logging_mixin.py:188} INFO - [2025-11-13T18:37:15.935+0000] {dag.py:3096} INFO - Sync 1 DAGs
[2025-11-13T18:37:15.952+0000] {logging_mixin.py:188} INFO - [2025-11-13T18:37:15.952+0000] {dag.py:3954} INFO - Setting next_dagrun for sodai_pipeline_dag to 2025-11-09 00:00:00+00:00, run_after=2025-11-16 00:00:00+00:00
[2025-11-13T18:37:15.962+0000] {processor.py:183} INFO - Processing /opt/airflow/dags/sodai_pipeline.py took 0.100 seconds
[2025-11-13T18:41:44.270+0000] {processor.py:161} INFO - Started process (PID=901) to work on /opt/airflow/dags/sodai_pipeline.py
[2025-11-13T18:41:44.273+0000] {processor.py:830} INFO - Processing file /opt/airflow/dags/sodai_pipeline.py for tasks to queue
[2025-11-13T18:41:44.275+0000] {logging_mixin.py:188} INFO - [2025-11-13T18:41:44.274+0000] {dagbag.py:545} INFO - Filling up the DagBag from /opt/airflow/dags/sodai_pipeline.py
[2025-11-13T18:41:44.296+0000] {processor.py:840} INFO - DAG(s) 'sodai_pipeline_dag' retrieved from /opt/airflow/dags/sodai_pipeline.py
[2025-11-13T18:41:44.325+0000] {logging_mixin.py:188} INFO - [2025-11-13T18:41:44.325+0000] {dag.py:3096} INFO - Sync 1 DAGs
[2025-11-13T18:41:44.341+0000] {logging_mixin.py:188} INFO - [2025-11-13T18:41:44.341+0000] {dag.py:3954} INFO - Setting next_dagrun for sodai_pipeline_dag to 2025-11-09 00:00:00+00:00, run_after=2025-11-16 00:00:00+00:00
[2025-11-13T18:41:44.350+0000] {processor.py:183} INFO - Processing /opt/airflow/dags/sodai_pipeline.py took 0.089 seconds
[2025-11-13T18:51:18.213+0000] {processor.py:161} INFO - Started process (PID=906) to work on /opt/airflow/dags/sodai_pipeline.py
[2025-11-13T18:51:18.215+0000] {processor.py:830} INFO - Processing file /opt/airflow/dags/sodai_pipeline.py for tasks to queue
[2025-11-13T18:51:18.217+0000] {logging_mixin.py:188} INFO - [2025-11-13T18:51:18.217+0000] {dagbag.py:545} INFO - Filling up the DagBag from /opt/airflow/dags/sodai_pipeline.py
[2025-11-13T18:51:18.233+0000] {processor.py:840} INFO - DAG(s) 'sodai_pipeline_dag' retrieved from /opt/airflow/dags/sodai_pipeline.py
[2025-11-13T18:51:18.257+0000] {logging_mixin.py:188} INFO - [2025-11-13T18:51:18.257+0000] {dag.py:3096} INFO - Sync 1 DAGs
[2025-11-13T18:51:18.271+0000] {logging_mixin.py:188} INFO - [2025-11-13T18:51:18.271+0000] {dag.py:3954} INFO - Setting next_dagrun for sodai_pipeline_dag to 2025-11-09 00:00:00+00:00, run_after=2025-11-16 00:00:00+00:00
[2025-11-13T18:51:18.280+0000] {processor.py:183} INFO - Processing /opt/airflow/dags/sodai_pipeline.py took 0.075 seconds
[2025-11-13T19:08:58.345+0000] {processor.py:161} INFO - Started process (PID=911) to work on /opt/airflow/dags/sodai_pipeline.py
[2025-11-13T19:08:58.347+0000] {processor.py:830} INFO - Processing file /opt/airflow/dags/sodai_pipeline.py for tasks to queue
[2025-11-13T19:08:58.350+0000] {logging_mixin.py:188} INFO - [2025-11-13T19:08:58.350+0000] {dagbag.py:545} INFO - Filling up the DagBag from /opt/airflow/dags/sodai_pipeline.py
[2025-11-13T19:08:58.366+0000] {processor.py:840} INFO - DAG(s) 'sodai_pipeline_dag' retrieved from /opt/airflow/dags/sodai_pipeline.py
[2025-11-13T19:08:58.390+0000] {logging_mixin.py:188} INFO - [2025-11-13T19:08:58.390+0000] {dag.py:3096} INFO - Sync 1 DAGs
[2025-11-13T19:08:58.406+0000] {logging_mixin.py:188} INFO - [2025-11-13T19:08:58.406+0000] {dag.py:3954} INFO - Setting next_dagrun for sodai_pipeline_dag to 2025-11-09 00:00:00+00:00, run_after=2025-11-16 00:00:00+00:00
[2025-11-13T19:08:58.414+0000] {processor.py:183} INFO - Processing /opt/airflow/dags/sodai_pipeline.py took 0.078 seconds
[2025-11-13T19:51:12.192+0000] {processor.py:161} INFO - Started process (PID=916) to work on /opt/airflow/dags/sodai_pipeline.py
[2025-11-13T19:51:12.195+0000] {processor.py:830} INFO - Processing file /opt/airflow/dags/sodai_pipeline.py for tasks to queue
[2025-11-13T19:51:12.197+0000] {logging_mixin.py:188} INFO - [2025-11-13T19:51:12.197+0000] {dagbag.py:545} INFO - Filling up the DagBag from /opt/airflow/dags/sodai_pipeline.py
[2025-11-13T19:51:12.214+0000] {processor.py:840} INFO - DAG(s) 'sodai_pipeline_dag' retrieved from /opt/airflow/dags/sodai_pipeline.py
[2025-11-13T19:51:12.235+0000] {logging_mixin.py:188} INFO - [2025-11-13T19:51:12.235+0000] {dag.py:3096} INFO - Sync 1 DAGs
[2025-11-13T19:51:12.246+0000] {logging_mixin.py:188} INFO - [2025-11-13T19:51:12.246+0000] {dag.py:3954} INFO - Setting next_dagrun for sodai_pipeline_dag to 2025-11-09 00:00:00+00:00, run_after=2025-11-16 00:00:00+00:00
[2025-11-13T19:51:12.255+0000] {processor.py:183} INFO - Processing /opt/airflow/dags/sodai_pipeline.py took 0.072 seconds
[2025-11-13T20:10:20.690+0000] {processor.py:161} INFO - Started process (PID=921) to work on /opt/airflow/dags/sodai_pipeline.py
[2025-11-13T20:10:20.692+0000] {processor.py:830} INFO - Processing file /opt/airflow/dags/sodai_pipeline.py for tasks to queue
[2025-11-13T20:10:20.695+0000] {logging_mixin.py:188} INFO - [2025-11-13T20:10:20.694+0000] {dagbag.py:545} INFO - Filling up the DagBag from /opt/airflow/dags/sodai_pipeline.py
[2025-11-13T20:10:20.717+0000] {processor.py:840} INFO - DAG(s) 'sodai_pipeline_dag' retrieved from /opt/airflow/dags/sodai_pipeline.py
[2025-11-13T20:10:20.741+0000] {logging_mixin.py:188} INFO - [2025-11-13T20:10:20.741+0000] {dag.py:3096} INFO - Sync 1 DAGs
[2025-11-13T20:10:20.755+0000] {logging_mixin.py:188} INFO - [2025-11-13T20:10:20.755+0000] {dag.py:3954} INFO - Setting next_dagrun for sodai_pipeline_dag to 2025-11-09 00:00:00+00:00, run_after=2025-11-16 00:00:00+00:00
[2025-11-13T20:10:20.763+0000] {processor.py:183} INFO - Processing /opt/airflow/dags/sodai_pipeline.py took 0.082 seconds
[2025-11-13T20:24:21.938+0000] {processor.py:161} INFO - Started process (PID=926) to work on /opt/airflow/dags/sodai_pipeline.py
[2025-11-13T20:24:21.940+0000] {processor.py:830} INFO - Processing file /opt/airflow/dags/sodai_pipeline.py for tasks to queue
[2025-11-13T20:24:21.942+0000] {logging_mixin.py:188} INFO - [2025-11-13T20:24:21.942+0000] {dagbag.py:545} INFO - Filling up the DagBag from /opt/airflow/dags/sodai_pipeline.py
[2025-11-13T20:24:21.958+0000] {processor.py:840} INFO - DAG(s) 'sodai_pipeline_dag' retrieved from /opt/airflow/dags/sodai_pipeline.py
[2025-11-13T20:24:21.978+0000] {logging_mixin.py:188} INFO - [2025-11-13T20:24:21.978+0000] {dag.py:3096} INFO - Sync 1 DAGs
[2025-11-13T20:24:21.993+0000] {logging_mixin.py:188} INFO - [2025-11-13T20:24:21.993+0000] {dag.py:3954} INFO - Setting next_dagrun for sodai_pipeline_dag to 2025-11-09 00:00:00+00:00, run_after=2025-11-16 00:00:00+00:00
[2025-11-13T20:24:22.001+0000] {processor.py:183} INFO - Processing /opt/airflow/dags/sodai_pipeline.py took 0.071 seconds
[2025-11-13T20:31:11.868+0000] {processor.py:161} INFO - Started process (PID=931) to work on /opt/airflow/dags/sodai_pipeline.py
[2025-11-13T20:31:11.870+0000] {processor.py:830} INFO - Processing file /opt/airflow/dags/sodai_pipeline.py for tasks to queue
[2025-11-13T20:31:11.872+0000] {logging_mixin.py:188} INFO - [2025-11-13T20:31:11.872+0000] {dagbag.py:545} INFO - Filling up the DagBag from /opt/airflow/dags/sodai_pipeline.py
[2025-11-13T20:31:11.885+0000] {processor.py:840} INFO - DAG(s) 'sodai_pipeline_dag' retrieved from /opt/airflow/dags/sodai_pipeline.py
[2025-11-13T20:31:11.913+0000] {logging_mixin.py:188} INFO - [2025-11-13T20:31:11.913+0000] {dag.py:3096} INFO - Sync 1 DAGs
[2025-11-13T20:31:11.931+0000] {logging_mixin.py:188} INFO - [2025-11-13T20:31:11.931+0000] {dag.py:3954} INFO - Setting next_dagrun for sodai_pipeline_dag to 2025-11-09 00:00:00+00:00, run_after=2025-11-16 00:00:00+00:00
[2025-11-13T20:31:11.940+0000] {processor.py:183} INFO - Processing /opt/airflow/dags/sodai_pipeline.py took 0.084 seconds
[2025-11-13T20:47:42.235+0000] {processor.py:161} INFO - Started process (PID=936) to work on /opt/airflow/dags/sodai_pipeline.py
[2025-11-13T20:47:42.238+0000] {processor.py:830} INFO - Processing file /opt/airflow/dags/sodai_pipeline.py for tasks to queue
[2025-11-13T20:47:42.241+0000] {logging_mixin.py:188} INFO - [2025-11-13T20:47:42.241+0000] {dagbag.py:545} INFO - Filling up the DagBag from /opt/airflow/dags/sodai_pipeline.py
[2025-11-13T20:47:42.258+0000] {processor.py:840} INFO - DAG(s) 'sodai_pipeline_dag' retrieved from /opt/airflow/dags/sodai_pipeline.py
[2025-11-13T20:47:42.284+0000] {logging_mixin.py:188} INFO - [2025-11-13T20:47:42.283+0000] {dag.py:3096} INFO - Sync 1 DAGs
[2025-11-13T20:47:42.298+0000] {logging_mixin.py:188} INFO - [2025-11-13T20:47:42.298+0000] {dag.py:3954} INFO - Setting next_dagrun for sodai_pipeline_dag to 2025-11-09 00:00:00+00:00, run_after=2025-11-16 00:00:00+00:00
[2025-11-13T20:47:42.307+0000] {processor.py:183} INFO - Processing /opt/airflow/dags/sodai_pipeline.py took 0.084 seconds
[2025-11-13T21:04:29.934+0000] {processor.py:161} INFO - Started process (PID=941) to work on /opt/airflow/dags/sodai_pipeline.py
[2025-11-13T21:04:29.937+0000] {processor.py:830} INFO - Processing file /opt/airflow/dags/sodai_pipeline.py for tasks to queue
[2025-11-13T21:04:29.941+0000] {logging_mixin.py:188} INFO - [2025-11-13T21:04:29.940+0000] {dagbag.py:545} INFO - Filling up the DagBag from /opt/airflow/dags/sodai_pipeline.py
[2025-11-13T21:04:29.956+0000] {processor.py:840} INFO - DAG(s) 'sodai_pipeline_dag' retrieved from /opt/airflow/dags/sodai_pipeline.py
[2025-11-13T21:04:29.977+0000] {logging_mixin.py:188} INFO - [2025-11-13T21:04:29.977+0000] {dag.py:3096} INFO - Sync 1 DAGs
[2025-11-13T21:04:29.992+0000] {logging_mixin.py:188} INFO - [2025-11-13T21:04:29.992+0000] {dag.py:3954} INFO - Setting next_dagrun for sodai_pipeline_dag to 2025-11-09 00:00:00+00:00, run_after=2025-11-16 00:00:00+00:00
[2025-11-13T21:04:30.000+0000] {processor.py:183} INFO - Processing /opt/airflow/dags/sodai_pipeline.py took 0.072 seconds
[2025-11-13T21:16:25.111+0000] {processor.py:161} INFO - Started process (PID=946) to work on /opt/airflow/dags/sodai_pipeline.py
[2025-11-13T21:16:25.114+0000] {processor.py:830} INFO - Processing file /opt/airflow/dags/sodai_pipeline.py for tasks to queue
[2025-11-13T21:16:25.117+0000] {logging_mixin.py:188} INFO - [2025-11-13T21:16:25.116+0000] {dagbag.py:545} INFO - Filling up the DagBag from /opt/airflow/dags/sodai_pipeline.py
[2025-11-13T21:16:25.132+0000] {processor.py:840} INFO - DAG(s) 'sodai_pipeline_dag' retrieved from /opt/airflow/dags/sodai_pipeline.py
[2025-11-13T21:16:25.160+0000] {logging_mixin.py:188} INFO - [2025-11-13T21:16:25.160+0000] {dag.py:3096} INFO - Sync 1 DAGs
[2025-11-13T21:16:25.175+0000] {logging_mixin.py:188} INFO - [2025-11-13T21:16:25.175+0000] {dag.py:3954} INFO - Setting next_dagrun for sodai_pipeline_dag to 2025-11-09 00:00:00+00:00, run_after=2025-11-16 00:00:00+00:00
[2025-11-13T21:16:25.183+0000] {processor.py:183} INFO - Processing /opt/airflow/dags/sodai_pipeline.py took 0.079 seconds
[2025-11-13T21:22:38.859+0000] {processor.py:161} INFO - Started process (PID=951) to work on /opt/airflow/dags/sodai_pipeline.py
[2025-11-13T21:22:38.860+0000] {processor.py:830} INFO - Processing file /opt/airflow/dags/sodai_pipeline.py for tasks to queue
[2025-11-13T21:22:38.863+0000] {logging_mixin.py:188} INFO - [2025-11-13T21:22:38.862+0000] {dagbag.py:545} INFO - Filling up the DagBag from /opt/airflow/dags/sodai_pipeline.py
[2025-11-13T21:22:38.878+0000] {processor.py:840} INFO - DAG(s) 'sodai_pipeline_dag' retrieved from /opt/airflow/dags/sodai_pipeline.py
[2025-11-13T21:22:38.906+0000] {logging_mixin.py:188} INFO - [2025-11-13T21:22:38.906+0000] {dag.py:3096} INFO - Sync 1 DAGs
[2025-11-13T21:22:38.919+0000] {logging_mixin.py:188} INFO - [2025-11-13T21:22:38.918+0000] {dag.py:3954} INFO - Setting next_dagrun for sodai_pipeline_dag to 2025-11-09 00:00:00+00:00, run_after=2025-11-16 00:00:00+00:00
[2025-11-13T21:22:38.927+0000] {processor.py:183} INFO - Processing /opt/airflow/dags/sodai_pipeline.py took 0.084 seconds
[2025-11-13T21:47:46.062+0000] {processor.py:161} INFO - Started process (PID=956) to work on /opt/airflow/dags/sodai_pipeline.py
[2025-11-13T21:47:46.064+0000] {processor.py:830} INFO - Processing file /opt/airflow/dags/sodai_pipeline.py for tasks to queue
[2025-11-13T21:47:46.068+0000] {logging_mixin.py:188} INFO - [2025-11-13T21:47:46.067+0000] {dagbag.py:545} INFO - Filling up the DagBag from /opt/airflow/dags/sodai_pipeline.py
[2025-11-13T21:47:46.082+0000] {processor.py:840} INFO - DAG(s) 'sodai_pipeline_dag' retrieved from /opt/airflow/dags/sodai_pipeline.py
[2025-11-13T21:47:46.102+0000] {logging_mixin.py:188} INFO - [2025-11-13T21:47:46.102+0000] {dag.py:3096} INFO - Sync 1 DAGs
[2025-11-13T21:47:46.116+0000] {logging_mixin.py:188} INFO - [2025-11-13T21:47:46.116+0000] {dag.py:3954} INFO - Setting next_dagrun for sodai_pipeline_dag to 2025-11-09 00:00:00+00:00, run_after=2025-11-16 00:00:00+00:00
[2025-11-13T21:47:46.127+0000] {processor.py:183} INFO - Processing /opt/airflow/dags/sodai_pipeline.py took 0.072 seconds
[2025-11-13T22:19:03.664+0000] {processor.py:161} INFO - Started process (PID=961) to work on /opt/airflow/dags/sodai_pipeline.py
[2025-11-13T22:19:03.667+0000] {processor.py:830} INFO - Processing file /opt/airflow/dags/sodai_pipeline.py for tasks to queue
[2025-11-13T22:19:03.685+0000] {logging_mixin.py:188} INFO - [2025-11-13T22:19:03.682+0000] {dagbag.py:545} INFO - Filling up the DagBag from /opt/airflow/dags/sodai_pipeline.py
[2025-11-13T22:19:03.754+0000] {processor.py:840} INFO - DAG(s) 'sodai_pipeline_dag' retrieved from /opt/airflow/dags/sodai_pipeline.py
[2025-11-13T22:19:03.786+0000] {logging_mixin.py:188} INFO - [2025-11-13T22:19:03.786+0000] {dag.py:3096} INFO - Sync 1 DAGs
[2025-11-13T22:19:03.808+0000] {logging_mixin.py:188} INFO - [2025-11-13T22:19:03.808+0000] {dag.py:3954} INFO - Setting next_dagrun for sodai_pipeline_dag to 2025-11-09 00:00:00+00:00, run_after=2025-11-16 00:00:00+00:00
[2025-11-13T22:19:03.820+0000] {processor.py:183} INFO - Processing /opt/airflow/dags/sodai_pipeline.py took 0.162 seconds
[2025-11-13T22:27:41.287+0000] {processor.py:161} INFO - Started process (PID=966) to work on /opt/airflow/dags/sodai_pipeline.py
[2025-11-13T22:27:41.289+0000] {processor.py:830} INFO - Processing file /opt/airflow/dags/sodai_pipeline.py for tasks to queue
[2025-11-13T22:27:41.292+0000] {logging_mixin.py:188} INFO - [2025-11-13T22:27:41.291+0000] {dagbag.py:545} INFO - Filling up the DagBag from /opt/airflow/dags/sodai_pipeline.py
[2025-11-13T22:27:41.307+0000] {processor.py:840} INFO - DAG(s) 'sodai_pipeline_dag' retrieved from /opt/airflow/dags/sodai_pipeline.py
[2025-11-13T22:27:41.330+0000] {logging_mixin.py:188} INFO - [2025-11-13T22:27:41.330+0000] {dag.py:3096} INFO - Sync 1 DAGs
[2025-11-13T22:27:41.344+0000] {logging_mixin.py:188} INFO - [2025-11-13T22:27:41.344+0000] {dag.py:3954} INFO - Setting next_dagrun for sodai_pipeline_dag to 2025-11-09 00:00:00+00:00, run_after=2025-11-16 00:00:00+00:00
[2025-11-13T22:27:41.352+0000] {processor.py:183} INFO - Processing /opt/airflow/dags/sodai_pipeline.py took 0.076 seconds
[2025-11-13T22:41:22.329+0000] {processor.py:161} INFO - Started process (PID=971) to work on /opt/airflow/dags/sodai_pipeline.py
[2025-11-13T22:41:22.331+0000] {processor.py:830} INFO - Processing file /opt/airflow/dags/sodai_pipeline.py for tasks to queue
[2025-11-13T22:41:22.333+0000] {logging_mixin.py:188} INFO - [2025-11-13T22:41:22.333+0000] {dagbag.py:545} INFO - Filling up the DagBag from /opt/airflow/dags/sodai_pipeline.py
[2025-11-13T22:41:22.352+0000] {processor.py:840} INFO - DAG(s) 'sodai_pipeline_dag' retrieved from /opt/airflow/dags/sodai_pipeline.py
[2025-11-13T22:41:22.376+0000] {logging_mixin.py:188} INFO - [2025-11-13T22:41:22.376+0000] {dag.py:3096} INFO - Sync 1 DAGs
[2025-11-13T22:41:22.388+0000] {logging_mixin.py:188} INFO - [2025-11-13T22:41:22.388+0000] {dag.py:3954} INFO - Setting next_dagrun for sodai_pipeline_dag to 2025-11-09 00:00:00+00:00, run_after=2025-11-16 00:00:00+00:00
[2025-11-13T22:41:22.398+0000] {processor.py:183} INFO - Processing /opt/airflow/dags/sodai_pipeline.py took 0.082 seconds
[2025-11-13T22:55:26.908+0000] {processor.py:161} INFO - Started process (PID=976) to work on /opt/airflow/dags/sodai_pipeline.py
[2025-11-13T22:55:26.910+0000] {processor.py:830} INFO - Processing file /opt/airflow/dags/sodai_pipeline.py for tasks to queue
[2025-11-13T22:55:26.913+0000] {logging_mixin.py:188} INFO - [2025-11-13T22:55:26.912+0000] {dagbag.py:545} INFO - Filling up the DagBag from /opt/airflow/dags/sodai_pipeline.py
[2025-11-13T22:55:26.931+0000] {processor.py:840} INFO - DAG(s) 'sodai_pipeline_dag' retrieved from /opt/airflow/dags/sodai_pipeline.py
[2025-11-13T22:55:26.949+0000] {logging_mixin.py:188} INFO - [2025-11-13T22:55:26.949+0000] {dag.py:3096} INFO - Sync 1 DAGs
[2025-11-13T22:55:26.963+0000] {logging_mixin.py:188} INFO - [2025-11-13T22:55:26.963+0000] {dag.py:3954} INFO - Setting next_dagrun for sodai_pipeline_dag to 2025-11-09 00:00:00+00:00, run_after=2025-11-16 00:00:00+00:00
[2025-11-13T22:55:26.971+0000] {processor.py:183} INFO - Processing /opt/airflow/dags/sodai_pipeline.py took 0.077 seconds
[2025-11-13T23:43:19.291+0000] {processor.py:161} INFO - Started process (PID=981) to work on /opt/airflow/dags/sodai_pipeline.py
[2025-11-13T23:43:19.293+0000] {processor.py:830} INFO - Processing file /opt/airflow/dags/sodai_pipeline.py for tasks to queue
[2025-11-13T23:43:19.297+0000] {logging_mixin.py:188} INFO - [2025-11-13T23:43:19.296+0000] {dagbag.py:545} INFO - Filling up the DagBag from /opt/airflow/dags/sodai_pipeline.py
[2025-11-13T23:43:19.314+0000] {processor.py:840} INFO - DAG(s) 'sodai_pipeline_dag' retrieved from /opt/airflow/dags/sodai_pipeline.py
[2025-11-13T23:43:19.337+0000] {logging_mixin.py:188} INFO - [2025-11-13T23:43:19.337+0000] {dag.py:3096} INFO - Sync 1 DAGs
[2025-11-13T23:43:19.353+0000] {logging_mixin.py:188} INFO - [2025-11-13T23:43:19.353+0000] {dag.py:3954} INFO - Setting next_dagrun for sodai_pipeline_dag to 2025-11-09 00:00:00+00:00, run_after=2025-11-16 00:00:00+00:00
[2025-11-13T23:43:19.362+0000] {processor.py:183} INFO - Processing /opt/airflow/dags/sodai_pipeline.py took 0.079 seconds
